id,Player,#,Nation,Pos,Age,Min,Performance,Performance,Performance,Performance,Performance,Performance,Performance,Performance,Performance,Performance,Performance,Performance,Expected,Expected,Expected,SCA,SCA,Passes,Passes,Passes,Passes,Carries,Carries,Take-Ons,Take-Ons,team,game,league,season,game_id
,,,,,,,Gls,Ast,PK,PKatt,Sh,SoT,CrdY,CrdR,Touches,Tkl,Int,Blocks,xG,npxG,xAG,SCA,GCA,Cmp,Att,Cmp%,PrgP,Carries,PrgC,Att,Succ,,,,,
a6154613,Luis Suárez,9,URU,FW,30-228,90,1,0,0,0,7,3,0,0,49,1,0,0,1.7,1.7,0.7,4,1,24,33,72.7,2,23,0,2,1,Barcelona,2017-09-09 Barcelona-Espanyol,ESP-LALIGA,17-18,0a7a9c6c
d70ce98e,Lionel Messi,10,ARG,FW,30-077,90,3,0,0,0,8,3,0,0,74,1,1,0,2.0,2.0,0.9,12,2,48,60,80.0,9,46,5,8,7,Barcelona,2017-09-09 Barcelona-Espanyol,ESP-LALIGA,17-18,0a7a9c6c
cfd65a29,Andrés Iniesta,8,ESP,LM,33-121,76,0,0,0,0,0,0,0,0,50,1,0,1,0.0,0.0,0.0,1,0,39,45,86.7,4,31,1,2,1,Barcelona,2017-09-09 Barcelona-Espanyol,ESP-LALIGA,17-18,0a7a9c6c
1961b2aa,André Gomes,21,POR,LM,24-041,14,0,0,0,0,0,0,0,0,9,1,0,0,0.0,0.0,0.0,1,1,10,10,100.0,3,6,3,0,0,Barcelona,2017-09-09 Barcelona-Espanyol,ESP-LALIGA,17-18,0a7a9c6c
5ab0ea87,Sergio Busquets,5,ESP,CM,29-055,72,0,0,0,0,0,0,1,0,65,1,2,1,0.0,0.0,0.0,0,0,49,58,84.5,4,30,0,1,1,Barcelona,2017-09-09 Barcelona-Espanyol,ESP-LALIGA,17-18,0a7a9c6c
bb7337cc,Paulinho,15,BRA,CM,29-046,18,0,0,0,0,1,0,0,0,20,0,0,1,0.7,0.7,0.0,0,0,14,16,87.5,0,8,0,0,0,Barcelona,2017-09-09 Barcelona-Espanyol,ESP-LALIGA,17-18,0a7a9c6c
89f951b5,Ivan Rakitić,4,CRO,CM,29-183,90,0,2,0,0,3,2,0,0,95,3,1,3,0.4,0.4,0.9,5,2,79,85,92.9,13,52,0,0,0,Barcelona,2017-09-09 Barcelona-Espanyol,ESP-LALIGA,17-18,0a7a9c6c
39583cfd,Gerard Deulofeu,16,ESP,RM,23-180,67,0,0,0,0,0,0,0,0,49,0,2,0,0.0,0.0,0.2,4,0,34,43,79.1,1,28,1,3,1,Barcelona,2017-09-09 Barcelona-Espanyol,ESP-LALIGA,17-18,0a7a9c6c
b19db005,Ousmane Dembélé,11,FRA,RM,20-117,23,0,1,0,0,0,0,0,0,9,0,0,0,0.0,0.0,0.3,1,1,5,8,62.5,1,7,0,0,0,Barcelona,2017-09-09 Barcelona-Espanyol,ESP-LALIGA,17-18,0a7a9c6c
4601e194,Jordi Alba,18,ESP,LB,28-172,90,0,2,0,0,0,0,0,0,105,1,0,1,0.0,0.0,1.9,4,2,89,96,92.7,5,43,1,4,2,Barcelona,2017-09-09 Barcelona-Espanyol,ESP-LALIGA,17-18,0a7a9c6c
3eed9821,Samuel Umtiti,23,FRA,CB,23-299,90,0,0,0,0,0,0,0,0,108,1,0,2,0.0,0.0,0.0,0,0,93,99,93.9,0,60,0,1,0,Barcelona,2017-09-09 Barcelona-Espanyol,ESP-LALIGA,17-18,0a7a9c6c
adfc9123,Gerard Piqué,3,ESP,CB,30-219,90,1,0,0,0,1,1,0,0,96,2,0,1,0.3,0.3,0.0,0,0,79,85,92.9,2,60,0,0,0,Barcelona,2017-09-09 Barcelona-Espanyol,ESP-LALIGA,17-18,0a7a9c6c
d04b94db,Nélson Semedo,2,POR,RB,23-297,90,0,0,0,0,0,0,0,0,101,1,0,2,0.0,0.0,0.0,2,0,85,91,93.4,5,55,8,3,1,Barcelona,2017-09-09 Barcelona-Espanyol,ESP-LALIGA,17-18,0a7a9c6c
6f51e382,Marc-André ter Stegen,1,GER,GK,25-132,90,0,0,0,0,0,0,0,0,39,0,0,0,0.0,0.0,0.0,0,0,34,38,89.5,0,26,0,0,0,Barcelona,2017-09-09 Barcelona-Espanyol,ESP-LALIGA,17-18,0a7a9c6c
81f0781e,Gerard Moreno,7,ESP,FW,25-155,90,0,0,0,0,1,0,0,0,30,1,1,0,0.0,0.0,0.0,2,0,11,18,61.1,2,19,1,3,1,Espanyol,2017-09-09 Barcelona-Espanyol,ESP-LALIGA,17-18,0a7a9c6c
35f6db55,Léo Baptistão,11,BRA,FW,25-014,90,0,0,0,0,3,0,0,0,24,2,1,0,0.2,0.2,0.0,1,0,6,11,54.5,0,9,0,3,1,Espanyol,2017-09-09 Barcelona-Espanyol,ESP-LALIGA,17-18,0a7a9c6c
070a3904,Sergi Darder,25,ESP,LM,23-261,74,0,0,0,0,0,0,1,0,19,3,1,0,0.0,0.0,0.0,2,0,7,13,53.8,3,10,0,0,0,Espanyol,2017-09-09 Barcelona-Espanyol,ESP-LALIGA,17-18,0a7a9c6c
bad38a94,Dídac Vilà,12,ESP,LM,28-092,16,0,0,0,0,2,1,0,0,9,1,0,1,0.0,0.0,0.1,2,0,4,5,80.0,0,6,0,0,0,Espanyol,2017-09-09 Barcelona-Espanyol,ESP-LALIGA,17-18,0a7a9c6c
2e8fc160,Javi Fuego,18,ESP,CM,33-248,90,0,0,0,0,1,0,0,0,34,1,1,3,0.1,0.1,0.0,0,0,19,24,79.2,1,6,0,0,0,Espanyol,2017-09-09 Barcelona-Espanyol,ESP-LALIGA,17-18,0a7a9c6c
7329018e,Papakouli Diop,20,SEN,CM,31-174,90,0,0,0,0,0,0,1,0,23,2,1,1,0.0,0.0,0.0,3,0,15,17,88.2,1,15,0,0,0,Espanyol,2017-09-09 Barcelona-Espanyol,ESP-LALIGA,17-18,0a7a9c6c
48e89655,Pablo Piatti,19,ARG,RM,28-162,56,0,0,0,0,2,0,0,0,30,2,1,2,0.4,0.4,0.0,0,0,11,21,52.4,2,19,0,1,0,Espanyol,2017-09-09 Barcelona-Espanyol,ESP-LALIGA,17-18,0a7a9c6c
2bee98fd,Sergio García,9,ESP,RM,34-092,34,0,0,0,0,0,0,0,0,9,2,0,1,0.0,0.0,0.0,0,0,3,6,50.0,0,3,1,0,0,Espanyol,2017-09-09 Barcelona-Espanyol,ESP-LALIGA,17-18,0a7a9c6c
2f3e911a,Aarón Martín,3,ESP,LB,20-140,90,0,0,0,0,0,0,1,0,35,3,1,0,0.0,0.0,0.1,1,0,15,27,55.6,1,7,0,1,0,Espanyol,2017-09-09 Barcelona-Espanyol,ESP-LALIGA,17-18,0a7a9c6c
555f3a0b,Mario Hermoso,22,ESP,CB,22-083,90,0,0,0,0,0,0,0,0,28,1,1,2,0.0,0.0,0.0,0,0,12,20,60.0,1,13,0,0,0,Espanyol,2017-09-09 Barcelona-Espanyol,ESP-LALIGA,17-18,0a7a9c6c
f03f284b,David López,15,ESP,CB,27-335,90,0,0,0,0,0,0,1,0,31,5,1,1,0.0,0.0,0.0,2,0,16,21,76.2,1,8,0,0,0,Espanyol,2017-09-09 Barcelona-Espanyol,ESP-LALIGA,17-18,0a7a9c6c
ad4d0985,Víctor Sánchez,4,ESP,RB,30-001,67,0,0,0,0,0,0,1,0,40,1,0,2,0.0,0.0,0.0,2,0,21,33,63.6,0,16,0,0,0,Espanyol,2017-09-09 Barcelona-Espanyol,ESP-LALIGA,17-18,0a7a9c6c
c2846353,Marc Navarro,2,ESP,RB,22-069,23,0,0,0,0,0,0,0,0,6,0,0,0,0.0,0.0,0.0,0,0,4,5,80.0,0,4,0,0,0,Espanyol,2017-09-09 Barcelona-Espanyol,ESP-LALIGA,17-18,0a7a9c6c
20b9f052,Pau López,1,ESP,GK,22-270,90,0,0,0,0,0,0,0,0,25,0,1,0,0.0,0.0,0.0,0,0,9,24,37.5,0,8,0,0,0,Espanyol,2017-09-09 Barcelona-Espanyol,ESP-LALIGA,17-18,0a7a9c6c
