id,Player,#,Nation,Pos,Age,Min,Performance,Performance,Performance,Performance,Performance,Performance,Performance,Performance,Performance,Performance,Performance,Performance,Expected,Expected,Expected,SCA,SCA,Passes,Passes,Passes,Passes,Carries,Carries,Take-Ons,Take-Ons,team,game,league,season,game_id
,,,,,,,Gls,Ast,PK,PKatt,Sh,SoT,CrdY,CrdR,Touches,Tkl,Int,Blocks,xG,npxG,xAG,SCA,GCA,Cmp,Att,Cmp%,PrgP,Carries,PrgC,Att,Succ,,,,,
8e92be30,Alexander Isak,19,SWE,FW,20-274,78,0,0,0,0,2,1,0,0,26,0,0,1,0.1,0.1,0.0,1,0,13,16,81.3,1,13,2,3,2,Real Sociedad,2020-06-21 Real Sociedad-Real Madrid,ESP-LALIGA,19-20,a9391385
d87e2cae,Willian José,9,BRA,FW,28-211,12,0,0,0,0,1,0,0,0,11,0,0,0,0.1,0.1,0.0,0,0,7,10,70.0,1,9,0,0,0,Real Sociedad,2020-06-21 Real Sociedad-Real Madrid,ESP-LALIGA,19-20,a9391385
8c3c640c,Mikel Oyarzabal,10,ESP,LW,23-061,59,0,0,0,0,0,0,0,0,32,2,0,2,0.0,0.0,0.1,2,0,23,24,95.8,1,15,1,0,0,Real Sociedad,2020-06-21 Real Sociedad-Real Madrid,ESP-LALIGA,19-20,a9391385
4737cebe,Adnan Januzaj,11,BEL,"LW,RW",25-137,31,0,0,0,0,1,0,0,0,33,0,0,1,0.0,0.0,0.1,2,0,21,29,72.4,3,25,2,2,1,Real Sociedad,2020-06-21 Real Sociedad-Real Madrid,ESP-LALIGA,19-20,a9391385
1bda5842,Portu,7,ESP,"AM,RW,LW",28-031,90,0,0,0,0,0,0,0,0,30,0,2,0,0.0,0.0,0.0,3,0,14,21,66.7,2,18,4,2,0,Real Sociedad,2020-06-21 Real Sociedad-Real Madrid,ESP-LALIGA,19-20,a9391385
79300479,Martin Ødegaard,21,NOR,AM,21-187,78,0,0,0,0,1,0,0,0,56,0,0,0,0.0,0.0,0.0,1,0,41,52,78.8,2,36,2,1,0,Real Sociedad,2020-06-21 Real Sociedad-Real Madrid,ESP-LALIGA,19-20,a9391385
2a8c9f98,Roberto López,28,ESP,"RW,AM",20-058,12,0,1,0,0,0,0,0,0,16,1,0,0,0.0,0.0,0.1,2,1,9,13,69.2,1,10,0,1,0,Real Sociedad,2020-06-21 Real Sociedad-Real Madrid,ESP-LALIGA,19-20,a9391385
d080ed5e,Mikel Merino,8,ESP,DM,23-365,90,1,0,0,0,2,1,1,0,83,2,0,2,0.1,0.1,0.1,3,0,55,74,74.3,8,37,2,0,0,Real Sociedad,2020-06-21 Real Sociedad-Real Madrid,ESP-LALIGA,19-20,a9391385
5c7845f6,Igor Zubeldia,5,ESP,DM,23-083,79,0,0,0,0,0,0,1,0,59,0,2,0,0.0,0.0,0.0,1,0,51,53,96.2,7,31,1,2,1,Real Sociedad,2020-06-21 Real Sociedad-Real Madrid,ESP-LALIGA,19-20,a9391385
3ee0dd59,Martín Zubimendi,36,ESP,DM,21-140,11,0,0,0,0,0,0,0,0,21,1,0,0,0.0,0.0,0.0,0,0,20,21,95.2,5,16,1,0,0,Real Sociedad,2020-06-21 Real Sociedad-Real Madrid,ESP-LALIGA,19-20,a9391385
d4cb83cc,Nacho Monreal,20,ESP,LB,34-116,90,0,0,0,0,1,0,0,0,82,1,0,2,0.0,0.0,0.0,1,0,66,73,90.4,5,31,0,1,0,Real Sociedad,2020-06-21 Real Sociedad-Real Madrid,ESP-LALIGA,19-20,a9391385
9a64e67e,Robin Le Normand,24,ESP,CB,23-223,90,0,0,0,0,1,0,0,0,82,2,2,1,0.0,0.0,0.0,0,0,64,70,91.4,2,54,0,1,1,Real Sociedad,2020-06-21 Real Sociedad-Real Madrid,ESP-LALIGA,19-20,a9391385
bba30585,Diego Llorente,3,ESP,CB,26-310,90,0,0,0,0,0,0,1,0,64,2,1,0,0.0,0.0,0.0,1,0,50,57,87.7,2,32,1,1,1,Real Sociedad,2020-06-21 Real Sociedad-Real Madrid,ESP-LALIGA,19-20,a9391385
6f5f82c0,Andoni Gorosabel,18,ESP,RB,23-322,59,0,0,0,0,0,0,1,0,33,2,1,0,0.0,0.0,0.0,0,0,22,28,78.6,2,11,0,0,0,Real Sociedad,2020-06-21 Real Sociedad-Real Madrid,ESP-LALIGA,19-20,a9391385
f7dc2ae5,Aritz Elustondo,6,ESP,RB,26-085,31,0,0,0,0,1,0,0,0,26,0,0,1,0.0,0.0,0.1,2,1,20,24,83.3,1,8,1,1,1,Real Sociedad,2020-06-21 Real Sociedad-Real Madrid,ESP-LALIGA,19-20,a9391385
374ee424,Álex Remiro,1,ESP,GK,25-089,90,0,0,0,0,0,0,0,0,34,0,0,0,0.0,0.0,0.0,0,0,26,31,83.9,0,14,0,0,0,Real Sociedad,2020-06-21 Real Sociedad-Real Madrid,ESP-LALIGA,19-20,a9391385
70d74ece,Karim Benzema,9,FRA,FW,32-185,77,1,0,0,0,2,2,0,0,27,0,0,0,0.1,0.1,0.0,0,0,23,24,95.8,3,19,1,0,0,Real Madrid,2020-06-21 Real Sociedad-Real Madrid,ESP-LALIGA,19-20,a9391385
5c4dc0ff,Mariano,24,DOM,FW,26-325,13,0,0,0,0,1,0,0,0,6,0,0,0,0.1,0.1,0.0,0,0,4,5,80.0,1,3,1,0,0,Real Madrid,2020-06-21 Real Sociedad-Real Madrid,ESP-LALIGA,19-20,a9391385
7111d552,Vinicius Júnior,25,BRA,LW,19-345,90,0,0,0,0,2,1,0,0,48,2,0,1,0.2,0.2,0.0,6,2,25,34,73.5,1,37,11,10,5,Real Madrid,2020-06-21 Real Sociedad-Real Madrid,ESP-LALIGA,19-20,a9391385
715bf047,James Rodríguez,16,COL,RW,28-345,77,0,0,0,0,0,0,0,0,51,5,0,2,0.0,0.0,0.0,1,0,33,44,75.0,1,38,1,0,0,Real Madrid,2020-06-21 Real Sociedad-Real Madrid,ESP-LALIGA,19-20,a9391385
45af8a54,Marco Asensio,20,ESP,RW,24-152,13,0,0,0,0,0,0,0,0,5,0,0,0,0.0,0.0,0.0,0,0,3,5,60.0,0,4,0,0,0,Real Madrid,2020-06-21 Real Sociedad-Real Madrid,ESP-LALIGA,19-20,a9391385
6ce1f46f,Toni Kroos,8,GER,LM,30-169,90,0,0,0,0,2,1,0,0,79,3,1,3,0.0,0.0,0.0,1,0,60,66,90.9,5,40,0,1,1,Real Madrid,2020-06-21 Real Sociedad-Real Madrid,ESP-LALIGA,19-20,a9391385
4d224fe8,Casemiro,14,BRA,CM,28-119,90,0,0,0,0,1,1,1,0,71,2,1,3,0.0,0.0,0.0,1,0,48,57,84.2,3,53,0,0,0,Real Madrid,2020-06-21 Real Sociedad-Real Madrid,ESP-LALIGA,19-20,a9391385
0959c2a2,Federico Valverde,15,URU,RM,21-335,88,0,1,0,0,0,0,0,0,48,2,1,2,0.0,0.0,0.3,5,1,33,41,80.5,4,27,3,0,0,Real Madrid,2020-06-21 Real Sociedad-Real Madrid,ESP-LALIGA,19-20,a9391385
6025fab1,Luka Modrić,10,CRO,RM,34-286,2,0,0,0,0,0,0,1,0,5,0,0,0,0.0,0.0,0.0,0,0,4,4,100.0,0,4,0,1,0,Real Madrid,2020-06-21 Real Sociedad-Real Madrid,ESP-LALIGA,19-20,a9391385
603116a7,Marcelo,12,BRA,LB,32-040,88,0,0,0,0,1,0,0,0,78,2,0,2,0.0,0.0,0.0,2,0,58,72,80.6,6,46,1,1,1,Real Madrid,2020-06-21 Real Sociedad-Real Madrid,ESP-LALIGA,19-20,a9391385
3cefcaef,Ferland Mendy,23,FRA,LB,25-013,2,0,0,0,0,0,0,0,0,3,0,0,1,0.0,0.0,0.0,0,0,1,1,100.0,0,2,0,0,0,Real Madrid,2020-06-21 Real Sociedad-Real Madrid,ESP-LALIGA,19-20,a9391385
08511d65,Sergio Ramos,4,ESP,CB,34-083,59,1,0,1,1,0,0,0,0,56,1,1,0,0.8,0.0,0.0,0,0,50,54,92.6,0,42,0,0,0,Real Madrid,2020-06-21 Real Sociedad-Real Madrid,ESP-LALIGA,19-20,a9391385
2784f898,Éder Militão,3,BRA,CB,22-155,31,0,0,0,0,0,0,0,0,12,0,0,2,0.0,0.0,0.0,0,0,6,9,66.7,0,6,0,0,0,Real Madrid,2020-06-21 Real Sociedad-Real Madrid,ESP-LALIGA,19-20,a9391385
9f8e9423,Raphaël Varane,5,FRA,CB,27-057,90,0,0,0,0,0,0,0,0,56,0,1,4,0.0,0.0,0.1,1,0,41,47,87.2,1,32,0,1,1,Real Madrid,2020-06-21 Real Sociedad-Real Madrid,ESP-LALIGA,19-20,a9391385
4958bfb2,Dani Carvajal,2,ESP,RB,28-162,90,0,0,0,0,0,0,0,0,74,2,1,2,0.0,0.0,0.0,1,1,46,62,74.2,1,48,2,1,1,Real Madrid,2020-06-21 Real Sociedad-Real Madrid,ESP-LALIGA,19-20,a9391385
1840e36d,Thibaut Courtois,13,BEL,GK,28-041,90,0,0,0,0,0,0,0,0,44,0,0,0,0.0,0.0,0.0,0,0,34,43,79.1,0,28,0,0,0,Real Madrid,2020-06-21 Real Sociedad-Real Madrid,ESP-LALIGA,19-20,a9391385
