id,Player,#,Nation,Pos,Age,Min,Performance,Performance,Performance,Performance,Performance,Performance,Performance,Performance,Performance,Performance,Performance,Performance,Expected,Expected,Expected,SCA,SCA,Passes,Passes,Passes,Passes,Carries,Carries,Take-Ons,Take-Ons,team,game,league,season,game_id
,,,,,,,Gls,Ast,PK,PKatt,Sh,SoT,CrdY,CrdR,Touches,Tkl,Int,Blocks,xG,npxG,xAG,SCA,GCA,Cmp,Att,Cmp%,PrgP,Carries,PrgC,Att,Succ,,,,,
6f8cd6d0,Marcus Thuram,10,FRA,FW,24-218,88,0,0,0,0,4,1,1,0,39,0,0,0,0.3,0.3,0.4,8,1,17,22,77.3,1,26,8,10,7,Mönchengladbach,2022-03-12 Gladbach-Hertha BSC,GER-BL1,21-22,b927ea34
7cd6badb,Lars Stindl,13,GER,FW,33-198,2,0,0,0,0,0,0,0,0,6,0,0,2,0.0,0.0,0.0,0,0,2,4,50.0,0,0,0,0,0,Mönchengladbach,2022-03-12 Gladbach-Hertha BSC,GER-BL1,21-22,b927ea34
0b4f388a,Breel Embolo,36,SUI,"AM,FW",25-026,90,0,0,0,0,2,1,0,0,54,4,0,1,0.2,0.2,0.2,5,1,29,35,82.9,6,26,4,4,2,Mönchengladbach,2022-03-12 Gladbach-Hertha BSC,GER-BL1,21-22,b927ea34
bc6bd723,Alassane Pléa,14,FRA,AM,29-002,64,1,0,1,1,2,0,0,0,38,0,0,0,0.9,0.1,0.2,5,0,25,33,75.8,15,21,2,2,0,Mönchengladbach,2022-03-12 Gladbach-Hertha BSC,GER-BL1,21-22,b927ea34
496aeede,Christoph Kramer,6,GER,"CM,AM",31-021,26,0,0,0,0,0,0,0,0,31,1,2,2,0.0,0.0,0.0,0,0,19,21,90.5,2,13,0,0,0,Mönchengladbach,2022-03-12 Gladbach-Hertha BSC,GER-BL1,21-22,b927ea34
86574238,Manu Koné,17,FRA,CM,20-299,90,0,0,0,0,0,0,0,0,71,3,2,2,0.0,0.0,0.0,1,0,48,55,87.3,4,39,4,1,1,Mönchengladbach,2022-03-12 Gladbach-Hertha BSC,GER-BL1,21-22,b927ea34
36a59ba4,Florian Neuhaus,32,GER,CM,24-361,90,0,0,0,0,1,0,0,0,79,0,1,2,0.1,0.1,0.0,2,0,58,70,82.9,4,42,2,1,1,Mönchengladbach,2022-03-12 Gladbach-Hertha BSC,GER-BL1,21-22,b927ea34
e79269bd,Luca Netz,20,GER,WB,18-301,77,0,1,0,0,0,0,0,0,40,1,0,2,0.0,0.0,0.1,3,1,22,31,71.0,1,11,1,0,0,Mönchengladbach,2022-03-12 Gladbach-Hertha BSC,GER-BL1,21-22,b927ea34
4aea5077,Stefan Lainer,18,AUT,WB,29-197,13,0,0,0,0,0,0,0,0,7,0,0,0,0.0,0.0,0.0,0,0,4,5,80.0,0,1,0,0,0,Mönchengladbach,2022-03-12 Gladbach-Hertha BSC,GER-BL1,21-22,b927ea34
236f02cd,Joe Scally,29,USA,WB,19-071,90,0,0,0,0,2,1,1,0,56,4,0,1,0.3,0.3,0.0,2,1,32,36,88.9,1,16,1,0,0,Mönchengladbach,2022-03-12 Gladbach-Hertha BSC,GER-BL1,21-22,b927ea34
9af1f9ff,Jordan Beyer,15,GER,CB,21-297,90,0,0,0,0,0,0,0,0,66,5,1,1,0.0,0.0,0.0,0,0,48,52,92.3,3,31,1,1,0,Mönchengladbach,2022-03-12 Gladbach-Hertha BSC,GER-BL1,21-22,b927ea34
48035304,Nico Elvedi,30,SUI,CB,25-163,90,0,0,0,0,0,0,0,0,52,2,1,1,0.0,0.0,0.0,0,0,36,41,87.8,1,24,0,0,0,Mönchengladbach,2022-03-12 Gladbach-Hertha BSC,GER-BL1,21-22,b927ea34
f521b80a,Matthias Ginter,28,GER,CB,28-052,90,1,0,0,0,1,1,1,0,56,1,1,1,0.1,0.1,0.0,0,0,38,48,79.2,2,32,1,0,0,Mönchengladbach,2022-03-12 Gladbach-Hertha BSC,GER-BL1,21-22,b927ea34
420c18a1,Yann Sommer,1,SUI,GK,33-085,90,0,0,0,0,0,0,0,0,49,0,0,0,0.0,0.0,0.0,0,0,23,45,51.1,0,26,0,0,0,Mönchengladbach,2022-03-12 Gladbach-Hertha BSC,GER-BL1,21-22,b927ea34
ff182fdc,Ishak Belfodil,14,ALG,FW,30-059,90,0,0,0,0,1,1,0,0,33,1,0,1,0.0,0.0,0.0,1,0,17,24,70.8,1,18,1,3,1,Hertha BSC,2022-03-12 Gladbach-Hertha BSC,GER-BL1,21-22,b927ea34
1238a3f9,Davie Selke,7,GER,FW,27-051,74,0,0,0,0,2,0,0,0,23,0,0,0,0.2,0.2,0.0,0,0,6,15,40.0,2,11,0,1,0,Hertha BSC,2022-03-12 Gladbach-Hertha BSC,GER-BL1,21-22,b927ea34
73d6a176,Jurgen Ekkelenkamp,10,NED,FW,21-341,16,0,0,0,0,1,0,0,0,13,0,0,0,0.0,0.0,0.0,0,0,5,9,55.6,1,7,1,0,0,Hertha BSC,2022-03-12 Gladbach-Hertha BSC,GER-BL1,21-22,b927ea34
f7aa75bd,Marvin Plattenhardt,21,GER,LW,30-045,90,0,0,0,0,0,0,0,0,49,1,1,0,0.0,0.0,0.2,3,0,29,44,65.9,1,22,1,0,0,Hertha BSC,2022-03-12 Gladbach-Hertha BSC,GER-BL1,21-22,b927ea34
c18d22f5,Peter Pekarík,2,SVK,RW,35-133,59,0,0,0,0,1,0,0,0,35,1,0,0,0.0,0.0,0.0,0,0,22,32,68.8,1,17,1,0,0,Hertha BSC,2022-03-12 Gladbach-Hertha BSC,GER-BL1,21-22,b927ea34
6d7598d5,Anton Kade,46,GER,RW,18-054,31,0,0,0,0,0,0,0,0,30,2,3,0,0.0,0.0,0.0,1,0,16,21,76.2,0,10,1,4,1,Hertha BSC,2022-03-12 Gladbach-Hertha BSC,GER-BL1,21-22,b927ea34
3eb0f2df,Vladimír Darida,6,CZE,CM,31-216,74,0,0,0,0,1,0,0,0,57,2,0,3,0.0,0.0,0.0,3,0,31,45,68.9,3,30,1,2,1,Hertha BSC,2022-03-12 Gladbach-Hertha BSC,GER-BL1,21-22,b927ea34
f972644c,Marco Richter,23,GER,CM,24-108,16,0,0,0,0,1,0,0,0,7,0,1,0,0.0,0.0,0.0,0,0,2,3,66.7,0,7,1,0,0,Hertha BSC,2022-03-12 Gladbach-Hertha BSC,GER-BL1,21-22,b927ea34
71ec39ef,Lucas Tousart,29,FRA,CM,24-317,90,0,0,0,0,1,1,0,0,54,2,1,1,0.0,0.0,0.0,3,0,31,43,72.1,8,38,5,4,2,Hertha BSC,2022-03-12 Gladbach-Hertha BSC,GER-BL1,21-22,b927ea34
e26fcca3,Santiago Ascacíbar,18,ARG,DM,25-015,45,0,0,0,0,0,0,0,0,34,4,0,0,0.0,0.0,0.0,0,0,22,29,75.9,3,18,0,1,1,Hertha BSC,2022-03-12 Gladbach-Hertha BSC,GER-BL1,21-22,b927ea34
b3325a30,Suat Serdar,8,GER,DM,24-335,45,0,0,0,0,1,0,0,0,30,1,0,1,0.0,0.0,0.1,3,0,20,22,90.9,4,19,5,1,1,Hertha BSC,2022-03-12 Gladbach-Hertha BSC,GER-BL1,21-22,b927ea34
815c314f,Marc-Oliver Kempf,20,GER,CB,27-043,90,0,0,0,0,1,1,0,0,51,1,3,1,0.1,0.1,0.0,2,0,28,42,66.7,3,28,3,2,2,Hertha BSC,2022-03-12 Gladbach-Hertha BSC,GER-BL1,21-22,b927ea34
aad48be9,Niklas Stark,5,GER,CB,26-332,90,0,0,0,0,1,0,0,0,57,0,0,1,0.1,0.1,0.0,2,0,42,50,84.0,7,37,3,1,1,Hertha BSC,2022-03-12 Gladbach-Hertha BSC,GER-BL1,21-22,b927ea34
ad2b068c,Linus Gechter,44,GER,CB,18-013,90,0,0,0,0,1,0,0,0,46,2,0,0,0.0,0.0,0.0,1,0,32,40,80.0,2,31,2,0,0,Hertha BSC,2022-03-12 Gladbach-Hertha BSC,GER-BL1,21-22,b927ea34
5584552e,Marcel Lotka,37,POL,GK,20-291,90,0,0,0,0,0,0,0,0,30,0,0,0,0.0,0.0,0.0,0,0,24,28,85.7,0,15,0,0,0,Hertha BSC,2022-03-12 Gladbach-Hertha BSC,GER-BL1,21-22,b927ea34
