id,Player,#,Nation,Pos,Age,Min,Performance,Performance,Performance,Performance,Performance,Performance,Performance,Performance,Performance,Performance,Performance,Performance,Expected,Expected,Expected,SCA,SCA,Passes,Passes,Passes,Passes,Carries,Carries,Take-Ons,Take-Ons,team,game,league,season,game_id
,,,,,,,Gls,Ast,PK,PKatt,Sh,SoT,CrdY,CrdR,Touches,Tkl,Int,Blocks,xG,npxG,xAG,SCA,GCA,Cmp,Att,Cmp%,PrgP,Carries,PrgC,Att,Succ,,,,,
75645f0e,Borja Iglesias,9,ESP,FW,29-346,65,0,0,0,0,0,0,0,0,18,0,0,0,0.0,0.0,0.0,0,0,6,11,54.5,0,13,0,1,0,Real Betis,2022-12-29 Betis-Athletic Club,ESP-LALIGA,22-23,348f39ff
d87e2cae,Willian José,12,BRA,FW,31-036,25,0,0,0,0,1,1,0,0,9,1,0,0,0.1,0.1,0.0,0,0,5,6,83.3,1,4,0,0,0,Real Betis,2022-12-29 Betis-Athletic Club,ESP-LALIGA,22-23,348f39ff
a6de370d,Sergio Canales,10,ESP,LW,31-316,76,0,0,0,0,1,0,0,0,40,1,0,0,0.0,0.0,0.0,1,0,23,35,65.7,3,33,2,0,0,Real Betis,2022-12-29 Betis-Athletic Club,ESP-LALIGA,22-23,348f39ff
84399660,Juanmi,7,ESP,LW,29-223,14,0,0,0,0,0,0,0,0,5,1,0,0,0.0,0.0,0.0,1,0,3,3,100.0,1,2,0,0,0,Real Betis,2022-12-29 Betis-Athletic Club,ESP-LALIGA,22-23,348f39ff
8059806f,Luiz Henrique,11,BRA,RW,21-361,84,0,0,0,0,3,3,0,0,42,5,1,2,0.2,0.2,0.0,3,0,18,23,78.3,1,28,4,7,2,Real Betis,2022-12-29 Betis-Athletic Club,ESP-LALIGA,22-23,348f39ff
4c5b14d2,Joaquín,17,ESP,RW,41-161,6,0,0,0,0,0,0,1,0,4,0,0,0,0.0,0.0,0.0,0,0,1,4,25.0,0,3,2,0,0,Real Betis,2022-12-29 Betis-Athletic Club,ESP-LALIGA,22-23,348f39ff
bece776f,Nabil Fekir,8,FRA,"AM,DM",29-164,90,0,0,0,0,3,1,0,0,52,0,0,1,0.1,0.1,0.1,4,0,34,41,82.9,6,39,5,3,0,Real Betis,2022-12-29 Betis-Athletic Club,ESP-LALIGA,22-23,348f39ff
ef322658,Andrés Guardado,18,MEX,DM,36-092,90,0,0,0,0,0,0,0,0,72,1,2,1,0.0,0.0,0.0,1,0,53,64,82.8,5,43,0,0,0,Real Betis,2022-12-29 Betis-Athletic Club,ESP-LALIGA,22-23,348f39ff
dee86451,William Carvalho,14,POR,"DM,CB",30-266,90,0,0,0,0,0,0,0,0,68,1,2,4,0.0,0.0,0.0,1,0,47,57,82.5,4,49,3,2,0,Real Betis,2022-12-29 Betis-Athletic Club,ESP-LALIGA,22-23,348f39ff
16e9d0ea,Álex Moreno,15,ESP,LB,29-204,90,0,0,0,0,1,0,0,0,69,3,1,2,0.0,0.0,0.0,0,0,35,50,70.0,5,35,3,5,4,Real Betis,2022-12-29 Betis-Athletic Club,ESP-LALIGA,22-23,348f39ff
9a26fa06,Felix Garreta,35,ESP,CB,18-252,90,0,0,0,0,0,0,0,0,47,1,1,1,0.0,0.0,0.0,0,0,34,40,85.0,2,30,0,0,0,Real Betis,2022-12-29 Betis-Athletic Club,ESP-LALIGA,22-23,348f39ff
15d0c248,Luiz Felipe,19,ITA,CB,25-282,89,0,0,0,0,0,0,0,1,78,3,0,4,0.0,0.0,0.0,1,0,44,57,77.2,3,47,0,1,0,Real Betis,2022-12-29 Betis-Athletic Club,ESP-LALIGA,22-23,348f39ff
fbbb9269,Youssouf Sabaly,23,SEN,RB,29-299,83,0,0,0,0,0,0,0,0,61,1,0,3,0.0,0.0,0.0,2,0,47,56,83.9,3,35,0,1,1,Real Betis,2022-12-29 Betis-Athletic Club,ESP-LALIGA,22-23,348f39ff
a55d8df5,Aitor Ruibal,24,ESP,RB,26-282,7,0,0,0,0,0,0,0,0,12,1,0,0,0.0,0.0,0.0,0,0,7,9,77.8,0,5,1,3,1,Real Betis,2022-12-29 Betis-Athletic Club,ESP-LALIGA,22-23,348f39ff
ea83bfa6,Rui Silva,13,POR,GK,28-325,90,0,0,0,0,0,0,0,0,55,0,0,0,0.0,0.0,0.0,0,0,39,55,70.9,0,32,0,0,0,Real Betis,2022-12-29 Betis-Athletic Club,ESP-LALIGA,22-23,348f39ff
6b5ea2f4,Gorka Guruzeta,12,ESP,FW,26-108,71,0,0,0,0,1,0,0,0,19,0,1,1,0.0,0.0,0.0,2,0,9,13,69.2,2,10,0,0,0,Athletic Club,2022-12-29 Betis-Athletic Club,ESP-LALIGA,22-23,348f39ff
b418dbd4,Raúl García,22,ESP,FW,36-171,19,0,0,0,0,2,0,0,0,10,0,0,0,0.1,0.1,0.0,0,0,5,8,62.5,0,8,0,0,0,Athletic Club,2022-12-29 Betis-Athletic Club,ESP-LALIGA,22-23,348f39ff
afdc14d7,Nico Williams,11,ESP,LW,20-170,90,0,0,0,0,1,0,0,0,56,1,1,3,0.1,0.1,0.0,4,0,27,41,65.9,3,33,9,7,2,Athletic Club,2022-12-29 Betis-Athletic Club,ESP-LALIGA,22-23,348f39ff
6a99e0b1,Iñaki Williams,9,GHA,RW,28-197,71,0,0,0,0,0,0,0,0,28,1,0,2,0.0,0.0,0.0,0,0,16,24,66.7,2,22,5,1,1,Athletic Club,2022-12-29 Betis-Athletic Club,ESP-LALIGA,22-23,348f39ff
dc1c2fce,Álex Berenguer,7,ESP,RW,27-178,19,0,0,0,0,0,0,0,0,16,2,0,1,0.0,0.0,0.0,0,0,7,11,63.6,4,10,1,2,1,Athletic Club,2022-12-29 Betis-Athletic Club,ESP-LALIGA,22-23,348f39ff
bdb624a3,Oihan Sancet,8,ESP,AM,22-248,66,0,0,0,0,2,0,0,0,38,0,0,1,0.1,0.1,0.0,2,0,23,28,82.1,5,24,5,2,2,Athletic Club,2022-12-29 Betis-Athletic Club,ESP-LALIGA,22-23,348f39ff
c05dfb74,Iker Muniain,10,ESP,AM,30-010,24,0,0,0,0,0,0,0,0,22,1,0,0,0.0,0.0,0.1,4,0,13,19,68.4,5,20,1,1,0,Athletic Club,2022-12-29 Betis-Athletic Club,ESP-LALIGA,22-23,348f39ff
b0fce72c,Mikel Vesga,6,ESP,DM,29-222,90,0,0,0,0,0,0,1,0,48,1,2,1,0.0,0.0,0.0,1,0,32,40,80.0,8,18,0,0,0,Athletic Club,2022-12-29 Betis-Athletic Club,ESP-LALIGA,22-23,348f39ff
240d3a0b,Dani García,14,ESP,DM,32-219,76,0,0,0,0,1,0,0,0,57,5,1,1,0.0,0.0,0.0,0,0,31,42,73.8,4,29,1,0,0,Athletic Club,2022-12-29 Betis-Athletic Club,ESP-LALIGA,22-23,348f39ff
968a1c2f,Oier Zarraga,19,ESP,DM,23-359,14,0,0,0,0,0,0,1,0,9,0,0,0,0.0,0.0,0.0,1,0,7,9,77.8,0,4,0,0,0,Athletic Club,2022-12-29 Betis-Athletic Club,ESP-LALIGA,22-23,348f39ff
b6e50615,Yuri Berchiche,17,ESP,LB,32-322,90,0,0,0,0,3,0,1,0,75,5,5,0,0.1,0.1,0.0,1,0,44,58,75.9,12,36,0,0,0,Athletic Club,2022-12-29 Betis-Athletic Club,ESP-LALIGA,22-23,348f39ff
3ecc11d8,Yeray Álvarez,5,ESP,CB,27-339,90,0,0,0,0,0,0,0,0,50,2,2,0,0.0,0.0,0.0,1,0,35,41,85.4,3,21,0,0,0,Athletic Club,2022-12-29 Betis-Athletic Club,ESP-LALIGA,22-23,348f39ff
ab7bf91d,Daniel Vivian,3,ESP,CB,23-167,90,0,0,0,0,0,0,1,0,54,2,2,2,0.0,0.0,0.0,0,0,28,43,65.1,4,27,1,0,0,Athletic Club,2022-12-29 Betis-Athletic Club,ESP-LALIGA,22-23,348f39ff
9f323c71,Óscar de Marcos,18,ESP,RB,33-259,90,0,0,0,0,0,0,0,0,58,4,1,4,0.0,0.0,0.1,3,0,37,49,75.5,4,22,3,0,0,Athletic Club,2022-12-29 Betis-Athletic Club,ESP-LALIGA,22-23,348f39ff
5dcf3e90,Unai Simón,1,ESP,GK,25-201,90,0,0,0,0,0,0,0,0,25,0,0,0,0.0,0.0,0.0,0,0,16,22,72.7,0,15,0,0,0,Athletic Club,2022-12-29 Betis-Athletic Club,ESP-LALIGA,22-23,348f39ff
