id,Player,#,Nation,Pos,Age,Min,Performance,Performance,Performance,Performance,Performance,Performance,Performance,Performance,Performance,Performance,Performance,Performance,Expected,Expected,Expected,SCA,SCA,Passes,Passes,Passes,Passes,Carries,Carries,Take-Ons,Take-Ons,team,game,league,season,game_id
,,,,,,,Gls,Ast,PK,PKatt,Sh,SoT,CrdY,CrdR,Touches,Tkl,Int,Blocks,xG,npxG,xAG,SCA,GCA,Cmp,Att,Cmp%,PrgP,Carries,PrgC,Att,Succ,,,,,
028e70b9,Joshua Zirkzee,9,NED,FW,22-292,78,0,0,0,0,5,1,1,0,40,2,0,1,0.3,0.3,0.0,5,0,21,26,80.8,2,22,3,2,1,Bologna,2024-03-09 Bologna-Inter,ITA-SERIA_A,23-24,de22618d
ee5565ae,Santiago Castro,18,ARG,FW,19-162,12,0,0,0,0,1,0,0,0,2,0,0,0,0.0,0.0,0.0,0,0,1,1,100.0,0,2,0,0,0,Bologna,2024-03-09 Bologna-Inter,ITA-SERIA_A,23-24,de22618d
ee251371,Alexis Saelemaekers,56,BEL,LM,24-256,73,0,0,0,0,1,0,0,0,45,1,0,0,0.0,0.0,0.1,3,0,27,36,75.0,3,34,0,4,2,Bologna,2024-03-09 Bologna-Inter,ITA-SERIA_A,23-24,de22618d
8e697a8f,Dan Ndoye,11,SUI,LM,23-136,17,0,0,0,0,1,0,0,0,16,2,0,0,0.0,0.0,0.0,2,0,8,12,66.7,1,12,2,2,2,Bologna,2024-03-09 Bologna-Inter,ITA-SERIA_A,23-24,de22618d
ee64a822,Lewis Ferguson,19,SCO,CM,24-198,90,0,0,0,0,2,1,0,0,96,0,2,1,0.0,0.0,0.1,3,0,77,83,92.8,1,58,4,1,0,Bologna,2024-03-09 Bologna-Inter,ITA-SERIA_A,23-24,de22618d
f9c927de,Michel Aebischer,20,SUI,CM,27-063,68,0,0,0,0,1,0,0,0,46,0,0,1,0.0,0.0,0.0,1,0,39,42,92.9,3,37,0,0,0,Bologna,2024-03-09 Bologna-Inter,ITA-SERIA_A,23-24,de22618d
ff579c7e,Nikola Moro,6,CRO,CM,25-363,22,0,0,0,0,0,0,0,0,19,1,0,0,0.0,0.0,0.0,1,0,12,17,70.6,2,10,0,0,0,Bologna,2024-03-09 Bologna-Inter,ITA-SERIA_A,23-24,de22618d
75374ee7,Jens Odgaard,21,DEN,RM,24-344,78,0,0,0,0,1,0,0,0,45,2,1,5,0.0,0.0,0.0,4,0,26,33,78.8,2,33,2,4,1,Bologna,2024-03-09 Bologna-Inter,ITA-SERIA_A,23-24,de22618d
e14ec482,Riccardo Orsolini,7,ITA,RM,27-045,12,0,0,0,0,0,0,0,0,13,1,0,0,0.0,0.0,0.0,1,0,6,11,54.5,0,7,0,1,1,Bologna,2024-03-09 Bologna-Inter,ITA-SERIA_A,23-24,de22618d
98d2c2c4,Remo Freuler,8,SUI,DM,31-329,90,0,0,0,0,1,0,1,0,101,1,0,1,0.0,0.0,0.1,3,0,80,90,88.9,7,65,1,0,0,Bologna,2024-03-09 Bologna-Inter,ITA-SERIA_A,23-24,de22618d
505486d6,Victor Bernth Kristiansen,15,DEN,LB,21-084,90,0,0,0,0,2,1,0,0,93,0,1,3,0.1,0.1,0.0,2,0,77,85,90.6,10,69,3,2,1,Bologna,2024-03-09 Bologna-Inter,ITA-SERIA_A,23-24,de22618d
80490d7f,Jhon Lucumí,26,COL,CB,25-257,90,0,0,0,0,0,0,0,0,82,0,2,0,0.0,0.0,0.0,1,0,72,77,93.5,3,62,2,1,1,Bologna,2024-03-09 Bologna-Inter,ITA-SERIA_A,23-24,de22618d
de13cee5,Sam Beukema,31,NED,CB,25-113,90,0,0,0,0,0,0,0,0,86,0,0,2,0.0,0.0,0.0,0,0,72,77,93.5,3,59,1,1,1,Bologna,2024-03-09 Bologna-Inter,ITA-SERIA_A,23-24,de22618d
7f609bfc,Stefan Posch,3,AUT,RB,26-300,90,0,0,0,0,3,0,0,0,99,1,0,0,0.0,0.0,0.0,3,0,69,89,77.5,7,70,4,1,1,Bologna,2024-03-09 Bologna-Inter,ITA-SERIA_A,23-24,de22618d
ab4449d6,Łukasz Skorupski,28,POL,GK,32-309,90,0,0,0,0,0,0,0,0,21,0,0,0,0.0,0.0,0.0,0,0,15,19,78.9,0,15,0,0,0,Bologna,2024-03-09 Bologna-Inter,ITA-SERIA_A,23-24,de22618d
2c0f8e9e,Alexis Sánchez,70,CHI,FW,35-081,90,0,0,0,0,1,1,0,0,25,0,0,0,0.0,0.0,0.0,0,0,17,21,81.0,3,16,0,2,1,Internazionale,2024-03-09 Bologna-Inter,ITA-SERIA_A,23-24,de22618d
6f8cd6d0,Marcus Thuram,9,FRA,FW,26-216,65,0,0,0,0,0,0,0,0,30,1,0,1,0.0,0.0,0.6,2,0,13,24,54.2,0,11,0,0,0,Internazionale,2024-03-09 Bologna-Inter,ITA-SERIA_A,23-24,de22618d
00459419,Marko Arnautović,8,AUT,FW,34-325,25,0,0,0,0,0,0,0,0,14,1,1,0,0.0,0.0,0.0,0,0,6,11,54.5,0,6,2,0,0,Internazionale,2024-03-09 Bologna-Inter,ITA-SERIA_A,23-24,de22618d
dd0daf32,Henrikh Mkhitaryan,22,ARM,CM,35-048,60,0,0,0,0,0,0,0,0,41,0,1,2,0.0,0.0,0.0,1,0,30,35,85.7,0,18,1,1,1,Internazionale,2024-03-09 Bologna-Inter,ITA-SERIA_A,23-24,de22618d
2a7d27c1,Davide Frattesi,16,ITA,CM,24-139,30,0,0,0,0,0,0,0,0,10,0,1,0,0.0,0.0,0.0,0,0,0,5,0.0,0,4,0,0,0,Internazionale,2024-03-09 Bologna-Inter,ITA-SERIA_A,23-24,de22618d
cd0fa27b,Hakan Çalhanoğlu,20,TUR,CM,30-030,60,0,0,0,0,0,0,0,0,60,3,1,2,0.0,0.0,0.0,2,0,45,50,90.0,4,32,1,1,0,Internazionale,2024-03-09 Bologna-Inter,ITA-SERIA_A,23-24,de22618d
0fdcef0e,Kristjan Asllani,21,ALB,CM,22-000,30,0,0,0,0,0,0,0,0,17,0,0,1,0.0,0.0,0.0,0,0,10,15,66.7,0,10,0,0,0,Internazionale,2024-03-09 Bologna-Inter,ITA-SERIA_A,23-24,de22618d
6928979a,Nicolò Barella,23,ITA,CM,27-031,79,0,0,0,0,1,1,0,0,39,0,1,1,0.6,0.6,0.0,1,0,24,30,80.0,1,24,0,0,0,Internazionale,2024-03-09 Bologna-Inter,ITA-SERIA_A,23-24,de22618d
15fd5593,Davy Klaassen,14,NED,CM,31-017,11,0,0,0,0,0,0,1,0,9,0,0,1,0.0,0.0,0.0,0,0,1,3,33.3,0,3,0,1,1,Internazionale,2024-03-09 Bologna-Inter,ITA-SERIA_A,23-24,de22618d
8d3cd59d,Carlos Augusto,30,BRA,WB,25-062,45,0,0,0,0,1,1,0,0,24,1,2,2,0.0,0.0,0.0,1,1,9,13,69.2,0,6,1,0,0,Internazionale,2024-03-09 Bologna-Inter,ITA-SERIA_A,23-24,de22618d
481c9ece,Denzel Dumfries,2,NED,WB,27-326,45,0,0,0,0,0,0,0,0,23,0,0,0,0.0,0.0,0.0,0,0,13,21,61.9,1,5,0,0,0,Internazionale,2024-03-09 Bologna-Inter,ITA-SERIA_A,23-24,de22618d
96e0490d,Matteo Darmian,36,ITA,WB,34-098,90,0,0,0,0,1,0,0,0,36,2,0,3,0.0,0.0,0.0,0,0,21,26,80.8,2,12,0,0,0,Internazionale,2024-03-09 Bologna-Inter,ITA-SERIA_A,23-24,de22618d
75b86fb3,Alessandro Bastoni,95,ITA,CB,24-331,90,0,1,0,0,0,0,0,0,87,2,0,2,0.0,0.0,0.2,2,1,69,80,86.3,7,48,0,1,0,Internazionale,2024-03-09 Bologna-Inter,ITA-SERIA_A,23-24,de22618d
b96b595c,Francesco Acerbi,15,ITA,CB,36-028,90,0,0,0,0,0,0,0,0,71,1,4,1,0.0,0.0,0.0,0,0,53,59,89.8,1,37,1,0,0,Internazionale,2024-03-09 Bologna-Inter,ITA-SERIA_A,23-24,de22618d
3963c25b,Yann Aurel Bisseck,31,GER,CB,23-101,90,1,0,0,0,1,1,0,0,48,3,1,3,0.2,0.2,0.0,0,0,28,33,84.8,0,23,1,2,0,Internazionale,2024-03-09 Bologna-Inter,ITA-SERIA_A,23-24,de22618d
420c18a1,Yann Sommer,1,SUI,GK,35-083,90,0,0,0,0,0,0,0,0,51,0,0,0,0.0,0.0,0.0,0,0,43,49,87.8,0,21,0,0,0,Internazionale,2024-03-09 Bologna-Inter,ITA-SERIA_A,23-24,de22618d
