id,Player,#,Nation,Pos,Age,Min,Performance,Performance,Performance,Performance,Performance,Performance,Performance,Performance,Performance,Performance,Performance,Performance,Expected,Expected,Expected,SCA,SCA,Passes,Passes,Passes,Passes,Carries,Carries,Take-Ons,Take-Ons,team,game,league,season,game_id
,,,,,,,Gls,Ast,PK,PKatt,Sh,SoT,CrdY,CrdR,Touches,Tkl,Int,Blocks,xG,npxG,xAG,SCA,GCA,Cmp,Att,Cmp%,PrgP,Carries,PrgC,Att,Succ,,,,,
02319ad7,Jaime Mata,7,ESP,FW,35-215,90,0,0,0,0,2,1,0,0,34,1,0,0,0.3,0.3,0.0,5,0,20,22,90.9,0,20,1,1,0,Getafe,2024-05-26 Getafe-Mallorca,ESP-LALIGA,23-24,452075d1
19709006,Óscar Rodríguez Arnaiz,9,ESP,LM,25-333,66,0,1,0,0,3,1,0,0,45,1,0,1,0.1,0.1,0.1,7,2,28,35,80.0,6,24,3,4,2,Getafe,2024-05-26 Getafe-Mallorca,ESP-LALIGA,23-24,452075d1
6c811eb7,Carles Aleñá,11,ESP,"CM,LM",26-142,24,0,0,0,0,0,0,0,0,10,0,0,0,0.0,0.0,0.0,0,0,4,5,80.0,0,6,0,1,0,Getafe,2024-05-26 Getafe-Mallorca,ESP-LALIGA,23-24,452075d1
00b28772,Nemanja Maksimović,20,SRB,CM,29-121,90,0,0,0,0,0,0,0,0,44,3,1,2,0.0,0.0,0.1,3,0,36,38,94.7,6,16,2,1,1,Getafe,2024-05-26 Getafe-Mallorca,ESP-LALIGA,23-24,452075d1
36286814,Alberto Risco,37,ESP,CM,18-270,70,0,0,0,0,2,1,0,0,36,0,0,0,0.1,0.1,0.3,5,0,23,25,92.0,3,23,2,1,0,Getafe,2024-05-26 Getafe-Mallorca,ESP-LALIGA,23-24,452075d1
5556d20b,Jordi,32,ESP,LM,23-142,20,0,0,0,0,0,0,0,0,7,0,0,1,0.0,0.0,0.0,0,0,5,7,71.4,1,4,0,0,0,Getafe,2024-05-26 Getafe-Mallorca,ESP-LALIGA,23-24,452075d1
58eee997,Mason Greenwood,12,ENG,RM,22-238,90,0,0,0,0,7,2,0,0,48,1,0,0,0.4,0.4,0.0,3,0,32,36,88.9,5,31,0,3,1,Getafe,2024-05-26 Getafe-Mallorca,ESP-LALIGA,23-24,452075d1
19c36442,Luis Milla,5,ESP,DM,29-232,66,0,0,0,0,1,0,0,0,58,2,0,2,0.0,0.0,0.2,4,0,48,52,92.3,10,32,1,1,0,Getafe,2024-05-26 Getafe-Mallorca,ESP-LALIGA,23-24,452075d1
bc49fd34,Jesús Santiago,25,ESP,DM,20-001,24,0,0,0,0,0,0,0,0,13,0,0,1,0.0,0.0,0.0,0,0,9,11,81.8,0,5,0,0,0,Getafe,2024-05-26 Getafe-Mallorca,ESP-LALIGA,23-24,452075d1
852ddfb8,Gastón Álvarez,4,URU,LB,24-063,90,1,0,0,0,1,1,0,0,49,3,0,1,0.1,0.1,0.0,2,0,34,42,81.0,2,18,0,0,0,Getafe,2024-05-26 Getafe-Mallorca,ESP-LALIGA,23-24,452075d1
bb08bce9,Omar Alderete,15,PAR,CB,27-152,90,0,0,0,0,0,0,0,0,57,2,1,1,0.0,0.0,0.0,1,0,36,48,75.0,6,28,2,0,0,Getafe,2024-05-26 Getafe-Mallorca,ESP-LALIGA,23-24,452075d1
cadfa7d1,Nabil Aberdin,30,FRA,CB,21-277,90,0,0,0,0,0,0,0,0,37,0,0,0,0.0,0.0,0.0,0,0,32,35,91.4,3,25,0,0,0,Getafe,2024-05-26 Getafe-Mallorca,ESP-LALIGA,23-24,452075d1
a4971d84,Djené,2,TOG,RB,32-147,70,0,0,0,0,0,0,0,0,38,1,0,0,0.0,0.0,0.0,0,0,27,35,77.1,1,18,0,0,0,Getafe,2024-05-26 Getafe-Mallorca,ESP-LALIGA,23-24,452075d1
2dce876a,Carmona,18,ESP,RB,22-118,20,0,0,0,0,0,0,0,0,23,3,0,0,0.0,0.0,0.0,0,0,7,18,38.9,1,8,1,0,0,Getafe,2024-05-26 Getafe-Mallorca,ESP-LALIGA,23-24,452075d1
8f8c6934,David Soria,13,ESP,GK,31-052,83,0,0,0,0,0,0,0,0,27,0,0,0,0.0,0.0,0.0,0,0,14,24,58.3,0,7,0,0,0,Getafe,2024-05-26 Getafe-Mallorca,ESP-LALIGA,23-24,452075d1
82328faf,Daniel Fuzato,1,BRA,GK,26-327,7,0,0,0,0,0,0,0,0,11,0,0,0,0.0,0.0,0.0,0,0,5,10,50.0,0,4,0,0,0,Getafe,2024-05-26 Getafe-Mallorca,ESP-LALIGA,23-24,452075d1
d1b060e2,Abdón Prats,9,ESP,FW,31-171,56,0,0,0,0,1,1,0,0,9,0,0,1,0.0,0.0,0.0,0,0,2,4,50.0,0,4,1,1,0,Mallorca,2024-05-26 Getafe-Mallorca,ESP-LALIGA,23-24,452075d1
0cadc46d,Vedat Muriqi,7,KVX,FW,30-032,34,1,0,0,0,1,1,0,0,12,0,0,0,0.9,0.9,0.0,0,0,8,10,80.0,0,7,0,0,0,Mallorca,2024-05-26 Getafe-Mallorca,ESP-LALIGA,23-24,452075d1
0630eb63,Nemanja Radonjić,23,SRB,LM,28-101,56,0,0,0,0,0,0,0,0,17,1,0,0,0.0,0.0,0.1,2,0,11,12,91.7,1,9,0,4,3,Mallorca,2024-05-26 Getafe-Mallorca,ESP-LALIGA,23-24,452075d1
e7af9060,Cyle Larin,17,CAN,FW,29-039,34,0,0,0,0,0,0,0,0,6,0,0,0,0.0,0.0,0.0,1,1,2,4,50.0,0,6,0,0,0,Mallorca,2024-05-26 Getafe-Mallorca,ESP-LALIGA,23-24,452075d1
070a3904,Sergi Darder,10,ESP,CM,30-156,69,0,0,0,0,0,0,0,0,32,0,0,0,0.0,0.0,0.0,1,0,23,31,74.2,5,18,0,2,2,Mallorca,2024-05-26 Getafe-Mallorca,ESP-LALIGA,23-24,452075d1
11fd2b75,Omar Mascarell,5,EQG,CM,31-114,21,0,0,0,0,0,0,0,0,17,0,0,0,0.0,0.0,0.0,0,0,13,17,76.5,1,7,0,1,1,Mallorca,2024-05-26 Getafe-Mallorca,ESP-LALIGA,23-24,452075d1
a254bbe0,Antonio Sánchez,18,ESP,CM,27-146,56,0,0,0,0,0,0,0,0,27,0,0,0,0.0,0.0,0.0,0,0,21,26,80.8,2,15,1,0,0,Mallorca,2024-05-26 Getafe-Mallorca,ESP-LALIGA,23-24,452075d1
70f8e0bd,Dani Rodríguez,14,ESP,LM,35-355,34,0,0,0,0,0,0,1,0,18,0,0,0,0.0,0.0,0.0,2,0,14,18,77.8,4,11,1,0,0,Mallorca,2024-05-26 Getafe-Mallorca,ESP-LALIGA,23-24,452075d1
38b0cf42,Javier Llabrés,19,ESP,RM,21-258,69,0,0,0,0,2,1,0,0,36,1,2,0,0.1,0.1,0.0,0,0,17,27,63.0,4,17,4,2,1,Mallorca,2024-05-26 Getafe-Mallorca,ESP-LALIGA,23-24,452075d1
5db04597,Pablo Maffeo,15,ESP,RM,26-319,21,1,0,0,0,2,1,0,0,19,0,0,0,0.2,0.2,0.2,3,0,12,17,70.6,1,8,3,1,1,Mallorca,2024-05-26 Getafe-Mallorca,ESP-LALIGA,23-24,452075d1
a0255c67,Manu Morlanes,8,ESP,"DM,CM",25-135,90,0,1,0,0,0,0,0,0,65,6,2,0,0.0,0.0,0.2,3,1,48,55,87.3,3,27,3,1,1,Mallorca,2024-05-26 Getafe-Mallorca,ESP-LALIGA,23-24,452075d1
808d48f3,Jaume Costa,11,ESP,LB,36-069,90,0,0,0,0,1,0,0,0,51,1,1,0,0.1,0.1,0.0,1,0,33,42,78.6,0,20,1,0,0,Mallorca,2024-05-26 Getafe-Mallorca,ESP-LALIGA,23-24,452075d1
b857bd29,Antonio Raillo,21,ESP,CB,32-231,90,0,1,0,0,1,0,0,0,64,2,2,2,0.1,0.1,0.9,2,1,50,56,89.3,4,28,1,0,0,Mallorca,2024-05-26 Getafe-Mallorca,ESP-LALIGA,23-24,452075d1
f2c6ac01,Martin Valjent,24,SVK,CB,28-167,90,0,0,0,0,0,0,0,0,47,1,1,0,0.0,0.0,0.0,0,0,27,37,73.0,1,11,0,0,0,Mallorca,2024-05-26 Getafe-Mallorca,ESP-LALIGA,23-24,452075d1
3a9c4b7b,Nacho Vidal,22,ESP,RB,29-123,90,0,0,0,0,1,0,1,0,58,1,0,1,0.1,0.1,0.0,1,0,36,48,75.0,4,20,2,6,1,Mallorca,2024-05-26 Getafe-Mallorca,ESP-LALIGA,23-24,452075d1
75751c99,Iván Cuéllar,25,ESP,GK,39-365,90,0,0,0,0,0,0,0,0,36,0,0,0,0.0,0.0,0.0,0,0,24,35,68.6,0,27,0,0,0,Mallorca,2024-05-26 Getafe-Mallorca,ESP-LALIGA,23-24,452075d1
