id,Player,#,Nation,Pos,Age,Min,Performance,Performance,Performance,Performance,Performance,Performance,Performance,Performance,Performance,Performance,Performance,Performance,Expected,Expected,Expected,SCA,SCA,Passes,Passes,Passes,Passes,Carries,Carries,Take-Ons,Take-Ons,team,game,league,season,game_id
,,,,,,,Gls,Ast,PK,PKatt,Sh,SoT,CrdY,CrdR,Touches,Tkl,Int,Blocks,xG,npxG,xAG,SCA,GCA,Cmp,Att,Cmp%,PrgP,Carries,PrgC,Att,Succ,,,,,
0b0cbe5b,Denis Bouanga,20,GAB,FW,25-034,80,0,0,0,0,5,1,0,0,39,2,0,0,0.6,0.6,0.0,5,0,13,20,65.0,2,28,3,7,2,Saint-Étienne,2019-12-15 Saint-Étienne-Paris S-G,FRA-L1,19-20,96382964
bc50c437,Edmilson Correia,33,GNB,FW,19-192,10,0,0,0,0,0,0,0,0,3,0,0,0,0.0,0.0,0.0,1,0,1,2,50.0,1,2,0,0,0,Saint-Étienne,2019-12-15 Saint-Étienne-Paris S-G,FRA-L1,19-20,96382964
7b9a9e25,Arnaud Nordin,18,FRA,"AM,FW",21-181,57,0,0,0,0,1,0,0,0,22,0,1,1,0.1,0.1,0.3,3,0,9,12,75.0,1,14,3,3,2,Saint-Étienne,2019-12-15 Saint-Étienne-Paris S-G,FRA-L1,19-20,96382964
1001ae82,Ryad Boudebouz,7,ALG,AM,29-299,33,0,0,0,0,2,0,0,0,36,1,0,0,0.1,0.1,0.4,3,0,22,27,81.5,1,20,2,4,1,Saint-Étienne,2019-12-15 Saint-Étienne-Paris S-G,FRA-L1,19-20,96382964
48b28bfd,Jean-Eudes Aholou,17,CIV,CM,25-270,24,0,0,0,0,1,1,0,1,10,0,1,0,0.0,0.0,0.1,1,0,3,6,50.0,0,4,0,0,0,Saint-Étienne,2019-12-15 Saint-Étienne-Paris S-G,FRA-L1,19-20,96382964
d4133fa1,Yann M'Vila,6,FRA,"DM,CM",29-169,90,0,0,0,0,0,0,0,0,67,3,3,1,0.0,0.0,0.0,1,0,52,60,86.7,4,23,1,1,1,Saint-Étienne,2019-12-15 Saint-Étienne-Paris S-G,FRA-L1,19-20,96382964
8577e60a,Mahdi Camara,8,FRA,"RM,CM",21-168,90,0,0,0,0,0,0,0,0,37,7,3,1,0.0,0.0,0.1,1,0,21,25,84.0,3,16,0,1,0,Saint-Étienne,2019-12-15 Saint-Étienne-Paris S-G,FRA-L1,19-20,96382964
e4b72e34,Miguel Trauco,13,PER,"LB,LM",27-112,90,0,0,0,0,0,0,1,0,53,1,0,0,0.0,0.0,0.1,1,0,35,47,74.5,1,21,1,5,4,Saint-Étienne,2019-12-15 Saint-Étienne-Paris S-G,FRA-L1,19-20,96382964
132a82f1,Wesley Fofana,32,FRA,CB,18-363,90,0,0,0,0,0,0,0,0,38,1,3,0,0.0,0.0,0.0,0,0,22,24,91.7,0,18,0,1,1,Saint-Étienne,2019-12-15 Saint-Étienne-Paris S-G,FRA-L1,19-20,96382964
6b200d45,Loïc Perrin,24,FRA,CB,34-130,90,0,0,0,0,1,0,0,0,38,2,3,3,0.2,0.2,0.0,0,0,20,26,76.9,0,17,0,1,1,Saint-Étienne,2019-12-15 Saint-Étienne-Paris S-G,FRA-L1,19-20,96382964
92232aad,Mathieu Debuchy,26,FRA,"RB,CB",34-140,90,0,0,0,0,1,0,0,0,65,4,1,1,0.1,0.1,0.0,1,0,32,51,62.7,2,18,5,1,0,Saint-Étienne,2019-12-15 Saint-Étienne-Paris S-G,FRA-L1,19-20,96382964
4914ed4a,Gabriel Silva,11,BRA,"RB,LB",28-216,45,0,0,0,0,0,0,0,0,19,2,0,0,0.0,0.0,0.0,1,0,10,14,71.4,0,8,0,0,0,Saint-Étienne,2019-12-15 Saint-Étienne-Paris S-G,FRA-L1,19-20,96382964
e2f9bb5f,Zaydou Youssouf,28,FRA,LM,20-157,45,0,0,0,0,0,0,0,0,24,1,0,0,0.0,0.0,0.0,1,0,19,21,90.5,3,17,5,4,4,Saint-Étienne,2019-12-15 Saint-Étienne-Paris S-G,FRA-L1,19-20,96382964
cac76a72,Stéphane Ruffier,16,FRA,GK,33-079,90,0,0,0,0,0,0,0,0,36,0,0,0,0.0,0.0,0.0,0,0,15,30,50.0,0,10,0,0,0,Saint-Étienne,2019-12-15 Saint-Étienne-Paris S-G,FRA-L1,19-20,96382964
42fd9c7f,Kylian Mbappé,7,FRA,FW,20-360,90,2,0,0,0,3,2,0,0,49,1,0,0,0.7,0.7,0.0,2,0,25,37,67.6,4,33,6,5,2,Paris Saint-Germain,2019-12-15 Saint-Étienne-Paris S-G,FRA-L1,19-20,96382964
43b78598,Mauro Icardi,18,ARG,FW,26-299,90,1,0,0,0,2,2,0,0,18,0,0,2,1.0,1.0,0.3,4,0,11,11,100.0,2,9,0,1,0,Paris Saint-Germain,2019-12-15 Saint-Étienne-Paris S-G,FRA-L1,19-20,96382964
69384e5d,Neymar,10,BRA,AM,27-313,90,1,2,0,1,8,5,0,0,98,2,0,2,2.2,1.4,0.6,12,3,60,78,76.9,11,56,10,8,7,Paris Saint-Germain,2019-12-15 Saint-Étienne-Paris S-G,FRA-L1,19-20,96382964
19cda00b,Ángel Di María,11,ARG,AM,31-304,90,0,0,0,0,3,1,0,0,67,1,0,0,0.2,0.2,0.4,6,0,43,56,76.8,8,35,4,5,3,Paris Saint-Germain,2019-12-15 Saint-Étienne-Paris S-G,FRA-L1,19-20,96382964
dff153a4,Leandro Paredes,8,ARG,DM,25-169,90,0,0,0,0,2,0,0,0,116,3,2,0,0.1,0.1,0.2,2,1,100,107,93.5,9,76,0,3,3,Paris Saint-Germain,2019-12-15 Saint-Étienne-Paris S-G,FRA-L1,19-20,96382964
d5f2f82b,Marquinhos,5,BRA,"DM,CB",25-215,90,0,0,0,0,0,0,0,0,93,7,2,3,0.0,0.0,0.0,2,1,70,77,90.9,9,45,0,0,0,Paris Saint-Germain,2019-12-15 Saint-Étienne-Paris S-G,FRA-L1,19-20,96382964
433dc9a2,Juan Bernat,14,ESP,LB,26-289,63,0,0,0,0,2,0,0,0,62,0,1,1,0.1,0.1,0.0,2,0,44,49,89.8,3,38,3,3,0,Paris Saint-Germain,2019-12-15 Saint-Étienne-Paris S-G,FRA-L1,19-20,96382964
41e7ef1c,Layvin Kurzawa,20,FRA,LB,27-102,27,0,0,0,0,0,0,0,0,31,1,0,0,0.0,0.0,0.0,1,1,21,25,84.0,1,14,1,2,1,Paris Saint-Germain,2019-12-15 Saint-Étienne-Paris S-G,FRA-L1,19-20,96382964
fc62f087,Abdou Diallo,22,SEN,CB,23-225,90,0,0,0,0,0,0,1,0,73,1,2,0,0.0,0.0,0.0,0,0,70,71,98.6,5,48,0,0,0,Paris Saint-Germain,2019-12-15 Saint-Étienne-Paris S-G,FRA-L1,19-20,96382964
86e7deaf,Thiago Silva,2,BRA,CB,35-084,63,0,0,0,0,0,0,0,0,68,3,0,1,0.0,0.0,0.0,0,0,57,61,93.4,1,31,1,0,0,Paris Saint-Germain,2019-12-15 Saint-Étienne-Paris S-G,FRA-L1,19-20,96382964
1467af0d,Marco Verratti,6,ITA,DM,27-040,27,0,0,0,0,0,0,0,0,26,2,0,0,0.0,0.0,0.0,2,1,21,24,87.5,5,17,0,1,1,Paris Saint-Germain,2019-12-15 Saint-Étienne-Paris S-G,FRA-L1,19-20,96382964
e162b013,Thomas Meunier,12,BEL,RB,28-094,77,0,0,0,0,1,1,0,0,74,2,0,1,0.0,0.0,0.3,5,0,59,67,88.1,4,37,6,3,2,Paris Saint-Germain,2019-12-15 Saint-Étienne-Paris S-G,FRA-L1,19-20,96382964
51dbeea9,Thilo Kehrer,4,GER,RB,23-085,13,0,0,0,0,0,0,0,0,9,0,0,0,0.0,0.0,0.0,0,0,8,9,88.9,0,5,1,0,0,Paris Saint-Germain,2019-12-15 Saint-Étienne-Paris S-G,FRA-L1,19-20,96382964
ecada4fc,Keylor Navas,1,CRC,GK,33-000,90,0,0,0,0,0,0,0,0,25,0,0,0,0.0,0.0,0.0,0,0,20,24,83.3,0,12,0,0,0,Paris Saint-Germain,2019-12-15 Saint-Étienne-Paris S-G,FRA-L1,19-20,96382964
