id,Player,#,Nation,Pos,Age,Min,Performance,Performance,Performance,Performance,Performance,Performance,Performance,Performance,Performance,Performance,Performance,Performance,Expected,Expected,Expected,SCA,SCA,Passes,Passes,Passes,Passes,Carries,Carries,Take-Ons,Take-Ons,team,game,league,season,game_id
,,,,,,,Gls,Ast,PK,PKatt,Sh,SoT,CrdY,CrdR,Touches,Tkl,Int,Blocks,xG,npxG,xAG,SCA,GCA,Cmp,Att,Cmp%,PrgP,Carries,PrgC,Att,Succ,,,,,
e7af9060,Cyle Larin,25,CAN,FW,28-048,90,0,0,0,0,4,0,0,0,17,0,0,1,0.4,0.4,0.0,1,0,6,8,75.0,1,13,0,1,1,Valladolid,2023-06-04 Valladolid-Getafe,ESP-LALIGA,22-23,05060e6f
ed6ea4d9,Darwin Machís,22,VEN,LW,30-117,71,0,0,0,0,2,0,0,0,40,0,0,0,0.0,0.0,0.2,5,0,19,29,65.5,2,35,5,5,0,Valladolid,2023-06-04 Valladolid-Getafe,ESP-LALIGA,22-23,05060e6f
5eebbfdf,Kenedy,19,BRA,LB,27-116,19,0,0,0,0,0,0,0,0,20,0,0,2,0.0,0.0,0.2,1,0,13,17,76.5,1,11,0,0,0,Valladolid,2023-06-04 Valladolid-Getafe,ESP-LALIGA,22-23,05060e6f
54bcdeb0,Gonzalo Plata,11,ECU,RW,22-215,90,0,0,0,0,2,0,0,0,56,2,0,1,0.1,0.1,0.1,6,0,26,37,70.3,6,32,7,14,8,Valladolid,2023-06-04 Valladolid-Getafe,ESP-LALIGA,22-23,05060e6f
014aa7bd,Álvaro Aguado,6,ESP,LM,27-034,90,0,0,0,0,3,0,1,0,92,1,1,0,0.1,0.1,0.1,4,0,72,84,85.7,11,62,3,2,0,Valladolid,2023-06-04 Valladolid-Getafe,ESP-LALIGA,22-23,05060e6f
7c4243d4,Roque Mesa,17,ESP,CM,33-362,90,0,0,0,0,1,0,0,0,102,0,0,0,0.0,0.0,0.0,2,0,78,98,79.6,3,78,1,2,1,Valladolid,2023-06-04 Valladolid-Getafe,ESP-LALIGA,22-23,05060e6f
237a3851,Kike Pérez,4,ESP,RM,26-110,61,0,0,0,0,0,0,0,0,39,1,0,0,0.0,0.0,0.0,2,0,29,37,78.4,4,29,2,2,1,Valladolid,2023-06-04 Valladolid-Getafe,ESP-LALIGA,22-23,05060e6f
5132b92c,Lucas Oliveira Rosa,39,BRA,RM,23-062,29,0,0,0,0,0,0,0,0,26,0,0,0,0.0,0.0,0.0,2,0,17,23,73.9,1,11,1,1,0,Valladolid,2023-06-04 Valladolid-Getafe,ESP-LALIGA,22-23,05060e6f
4cee5954,Lucas Olaza,12,URU,LB,28-318,70,0,0,0,0,0,0,0,0,56,0,1,0,0.0,0.0,0.0,1,0,44,50,88.0,9,20,0,0,0,Valladolid,2023-06-04 Valladolid-Getafe,ESP-LALIGA,22-23,05060e6f
b0616e3d,Sergio Escudero,18,ESP,LW,33-275,20,0,0,0,0,0,0,0,0,17,0,0,0,0.0,0.0,0.0,1,0,12,17,70.6,1,7,0,0,0,Valladolid,2023-06-04 Valladolid-Getafe,ESP-LALIGA,22-23,05060e6f
f6f6b6e8,Jawad El Yamiq,15,MAR,CB,31-095,90,0,0,0,0,2,0,0,0,119,1,0,0,0.1,0.1,0.1,2,0,94,109,86.2,13,73,2,0,0,Valladolid,2023-06-04 Valladolid-Getafe,ESP-LALIGA,22-23,05060e6f
60359288,Javi Sánchez,5,ESP,CB,26-082,16,0,0,0,0,0,0,0,0,11,0,0,0,0.0,0.0,0.0,0,0,8,10,80.0,1,5,0,0,0,Valladolid,2023-06-04 Valladolid-Getafe,ESP-LALIGA,22-23,05060e6f
381dbcfc,David Torres,32,ESP,CB,20-091,74,0,0,0,0,0,0,0,0,84,0,0,0,0.0,0.0,0.0,2,0,71,83,85.5,3,55,0,0,0,Valladolid,2023-06-04 Valladolid-Getafe,ESP-LALIGA,22-23,05060e6f
b7c04927,Luis Pérez,2,ESP,RB,28-120,61,0,0,0,0,0,0,0,0,36,0,0,0,0.0,0.0,0.0,1,0,22,30,73.3,3,15,1,0,0,Valladolid,2023-06-04 Valladolid-Getafe,ESP-LALIGA,22-23,05060e6f
0a0cc13c,Sergio León,7,ESP,RB,34-149,29,0,0,0,0,1,0,0,0,8,0,0,0,0.1,0.1,0.1,0,0,1,2,50.0,0,5,1,1,0,Valladolid,2023-06-04 Valladolid-Getafe,ESP-LALIGA,22-23,05060e6f
8fae77ea,Jordi Masip,1,ESP,GK,34-152,90,0,0,0,0,0,0,0,0,22,0,0,0,0.0,0.0,0.0,0,0,18,21,85.7,0,12,0,0,0,Valladolid,2023-06-04 Valladolid-Getafe,ESP-LALIGA,22-23,05060e6f
2bea832e,Juanmi Latasa,14,ESP,FW,22-073,90,0,0,0,0,1,0,1,0,40,1,0,0,0.2,0.2,0.2,1,0,11,30,36.7,1,17,0,0,0,Getafe,2023-06-04 Valladolid-Getafe,ESP-LALIGA,22-23,05060e6f
6c811eb7,Carles Aleñá,11,ESP,FW,25-150,77,0,0,0,0,0,0,0,0,16,0,0,0,0.0,0.0,0.0,0,0,3,6,50.0,1,7,1,1,0,Getafe,2023-06-04 Valladolid-Getafe,ESP-LALIGA,22-23,05060e6f
acc1aefa,Ángel Algobia,16,ESP,FW,23-346,13,0,0,0,0,0,0,0,0,2,0,0,0,0.0,0.0,0.0,0,0,1,1,100.0,1,0,0,0,0,Getafe,2023-06-04 Valladolid-Getafe,ESP-LALIGA,22-23,05060e6f
02319ad7,Jaime Mata,7,ESP,LM,34-223,89,0,0,0,0,2,1,0,0,22,2,1,2,0.3,0.3,0.0,1,0,1,7,14.3,0,14,0,1,0,Getafe,2023-06-04 Valladolid-Getafe,ESP-LALIGA,22-23,05060e6f
fdd26d71,Fabrizio Angileri,3,ARG,LM,29-081,1,0,0,0,0,0,0,0,0,2,1,0,0,0.0,0.0,0.0,0,0,0,0,,0,0,0,0,0,Getafe,2023-06-04 Valladolid-Getafe,ESP-LALIGA,22-23,05060e6f
00b28772,Nemanja Maksimović,20,SRB,CM,28-129,90,0,0,0,0,0,0,0,0,21,2,0,0,0.0,0.0,0.0,0,0,7,10,70.0,1,3,0,1,1,Getafe,2023-06-04 Valladolid-Getafe,ESP-LALIGA,22-23,05060e6f
58afe001,Mauro Arambarri,18,URU,CM,27-247,65,0,0,0,0,0,0,0,0,7,0,0,0,0.0,0.0,0.0,0,0,3,4,75.0,0,1,0,0,0,Getafe,2023-06-04 Valladolid-Getafe,ESP-LALIGA,22-23,05060e6f
19c36442,Luis Milla,5,ESP,CM,28-240,25,0,0,0,0,0,0,0,0,8,1,1,0,0.0,0.0,0.0,0,0,1,5,20.0,0,3,0,0,0,Getafe,2023-06-04 Valladolid-Getafe,ESP-LALIGA,22-23,05060e6f
ba5004e1,Damián Suárez,22,URU,RM,35-038,90,0,0,0,0,0,0,0,0,21,2,0,1,0.0,0.0,0.0,1,0,4,13,30.8,0,4,0,0,0,Getafe,2023-06-04 Valladolid-Getafe,ESP-LALIGA,22-23,05060e6f
852ddfb8,Gastón Álvarez,4,URU,LB,23-072,90,0,0,0,0,0,0,0,0,38,3,1,0,0.0,0.0,0.0,0,0,11,27,40.7,0,8,0,1,0,Getafe,2023-06-04 Valladolid-Getafe,ESP-LALIGA,22-23,05060e6f
bb08bce9,Omar Alderete,15,PAR,CB,26-160,77,0,0,0,0,0,0,0,0,27,2,1,2,0.0,0.0,0.0,0,0,4,15,26.7,1,6,0,0,0,Getafe,2023-06-04 Valladolid-Getafe,ESP-LALIGA,22-23,05060e6f
93090f69,Domingos Duarte,6,POR,CB,28-086,13,0,0,0,0,0,0,0,0,4,0,0,0,0.0,0.0,0.0,0,0,0,1,0.0,0,0,0,0,0,Getafe,2023-06-04 Valladolid-Getafe,ESP-LALIGA,22-23,05060e6f
e6777e6b,Stefan Mitrović,23,SRB,CB,33-013,90,0,0,0,0,0,0,1,0,16,2,0,0,0.0,0.0,0.0,0,0,3,6,50.0,0,4,0,0,0,Getafe,2023-06-04 Valladolid-Getafe,ESP-LALIGA,22-23,05060e6f
974322dc,Iglesias,21,ESP,RB,24-336,90,0,0,0,0,1,0,1,0,37,2,1,3,0.0,0.0,0.0,1,0,6,22,27.3,1,8,1,0,0,Getafe,2023-06-04 Valladolid-Getafe,ESP-LALIGA,22-23,05060e6f
8f8c6934,David Soria,13,ESP,GK,30-061,90,0,0,0,0,0,0,0,0,39,0,0,0,0.0,0.0,0.0,0,0,20,38,52.6,0,9,0,0,0,Getafe,2023-06-04 Valladolid-Getafe,ESP-LALIGA,22-23,05060e6f
