id,Player,#,Nation,Pos,Age,Min,Performance,Performance,Performance,Performance,Performance,Performance,Performance,Performance,Performance,Performance,Performance,Performance,Expected,Expected,Expected,SCA,SCA,Passes,Passes,Passes,Passes,Carries,Carries,Take-Ons,Take-Ons,team,game,league,season,game_id
,,,,,,,Gls,Ast,PK,PKatt,Sh,SoT,CrdY,CrdR,Touches,Tkl,Int,Blocks,xG,npxG,xAG,SCA,GCA,Cmp,Att,Cmp%,PrgP,Carries,PrgC,Att,Succ,,,,,
5bd72174,Francesco Caputo,10,ITA,FW,35-035,77,0,0,0,0,0,0,0,0,17,0,0,0,0.0,0.0,0.0,3,1,12,15,80.0,0,6,1,1,0,Sampdoria,2022-09-10 Sampdoria-Milan,ITA-SERIA_A,22-23,4faaa6ec
ee4f2f3b,Fabio Quagliarella,27,ITA,FW,39-222,13,0,0,0,0,0,0,1,0,8,0,0,0,0.0,0.0,0.0,1,0,4,5,80.0,1,3,0,0,0,Sampdoria,2022-09-10 Sampdoria-Milan,ITA-SERIA_A,22-23,4faaa6ec
eccbe56a,Filip Đuričić,7,SRB,LM,30-223,77,1,0,0,0,2,1,0,0,37,1,0,0,0.3,0.3,0.0,0,0,18,26,69.2,2,25,1,3,1,Sampdoria,2022-09-10 Sampdoria-Milan,ITA-SERIA_A,22-23,4faaa6ec
33ecf462,Valerio Verre,5,ITA,LM,28-242,13,0,0,0,0,1,0,0,0,16,0,0,0,0.1,0.1,0.0,1,0,9,12,75.0,1,7,2,3,1,Sampdoria,2022-09-10 Sampdoria-Milan,ITA-SERIA_A,22-23,4faaa6ec
4830e0af,Abdelhamid Sabiri,11,MAR,CM,25-286,90,0,0,0,0,0,0,0,0,69,1,0,1,0.0,0.0,0.0,1,0,44,56,78.6,2,35,0,4,1,Sampdoria,2022-09-10 Sampdoria-Milan,ITA-SERIA_A,22-23,4faaa6ec
f1cfc209,Tomás Rincón,8,VEN,CM,34-240,90,0,0,0,0,2,0,0,0,66,2,0,0,0.1,0.1,0.0,0,0,51,59,86.4,5,35,1,1,0,Sampdoria,2022-09-10 Sampdoria-Milan,ITA-SERIA_A,22-23,4faaa6ec
7d3cbc67,Mehdi Léris,37,ALG,"RM,RB",24-110,90,0,0,0,0,1,0,1,0,58,4,0,3,0.1,0.1,0.0,2,0,35,47,74.5,3,30,4,0,0,Sampdoria,2022-09-10 Sampdoria-Milan,ITA-SERIA_A,22-23,4faaa6ec
bdc74a8f,Gonzalo Villar,4,ESP,DM,24-171,85,0,0,0,0,0,0,1,0,50,3,0,2,0.0,0.0,0.0,0,0,40,42,95.2,6,22,1,2,2,Sampdoria,2022-09-10 Sampdoria-Milan,ITA-SERIA_A,22-23,4faaa6ec
75e60d75,Ronaldo Vieira,14,ENG,DM,24-053,5,0,0,0,0,0,0,0,0,17,0,0,0,0.0,0.0,0.0,1,0,16,17,94.1,1,14,1,0,0,Sampdoria,2022-09-10 Sampdoria-Milan,ITA-SERIA_A,22-23,4faaa6ec
3cd3b384,Tommaso Augello,3,ITA,LB,28-011,90,0,1,0,0,0,0,1,0,62,0,1,1,0.0,0.0,0.3,4,1,52,59,88.1,2,30,2,2,1,Sampdoria,2022-09-10 Sampdoria-Milan,ITA-SERIA_A,22-23,4faaa6ec
b233e8e4,Jeison Murillo,21,COL,CB,30-106,90,0,0,0,0,0,0,0,0,60,2,1,1,0.0,0.0,0.0,0,0,47,50,94.0,4,32,1,0,0,Sampdoria,2022-09-10 Sampdoria-Milan,ITA-SERIA_A,22-23,4faaa6ec
d0dbca9f,Alex Ferrari,25,ITA,CB,28-071,90,0,0,0,0,0,0,1,0,68,1,1,4,0.0,0.0,0.1,1,0,54,58,93.1,4,35,0,0,0,Sampdoria,2022-09-10 Sampdoria-Milan,ITA-SERIA_A,22-23,4faaa6ec
61b3978f,Bartosz Bereszyński,24,POL,RB,30-060,58,0,0,0,0,0,0,0,0,36,0,0,1,0.0,0.0,0.0,0,0,27,30,90.0,5,15,2,2,1,Sampdoria,2022-09-10 Sampdoria-Milan,ITA-SERIA_A,22-23,4faaa6ec
8f866fe8,Manolo Gabbiadini,23,ITA,RM,30-288,32,0,0,0,0,4,3,0,0,20,0,0,1,0.3,0.3,0.0,1,0,11,15,73.3,2,11,0,0,0,Sampdoria,2022-09-10 Sampdoria-Milan,ITA-SERIA_A,22-23,4faaa6ec
649b01d8,Emil Audero,1,ITA,GK,25-235,90,0,0,0,0,0,0,0,0,36,0,0,0,0.0,0.0,0.0,0,0,23,32,71.9,0,16,0,0,0,Sampdoria,2022-09-10 Sampdoria-Milan,ITA-SERIA_A,22-23,4faaa6ec
16ceb862,Olivier Giroud,9,FRA,FW,35-345,90,1,0,1,1,6,1,0,0,28,0,0,0,1.3,0.7,0.0,4,1,10,18,55.6,2,10,1,0,0,Milan,2022-09-10 Sampdoria-Milan,ITA-SERIA_A,22-23,4faaa6ec
20730eae,Rafael Leão,17,POR,LW,23-092,46,0,1,0,0,2,0,2,1,16,0,0,0,0.1,0.1,0.2,3,0,10,12,83.3,2,13,4,3,3,Milan,2022-09-10 Sampdoria-Milan,ITA-SERIA_A,22-23,4faaa6ec
f49c4ae9,Junior Messias,30,BRA,RW,31-120,58,1,0,0,0,2,1,0,0,27,0,0,1,0.1,0.1,0.1,2,0,14,19,73.7,2,15,4,2,0,Milan,2022-09-10 Sampdoria-Milan,ITA-SERIA_A,22-23,4faaa6ec
7edfbb8a,Fikayo Tomori,23,ENG,CB,24-265,32,0,0,0,0,0,0,0,0,19,2,0,0,0.0,0.0,0.0,0,0,13,16,81.3,0,6,0,0,0,Milan,2022-09-10 Sampdoria-Milan,ITA-SERIA_A,22-23,4faaa6ec
2ef7c612,Charles De Ketelaere,90,BEL,"AM,CM,LW",21-184,70,0,0,0,0,1,0,0,0,23,1,0,2,0.0,0.0,0.1,4,0,12,13,92.3,3,13,2,4,4,Milan,2022-09-10 Sampdoria-Milan,ITA-SERIA_A,22-23,4faaa6ec
db092d3b,Ismaël Bennacer,4,ALG,CM,24-283,20,0,0,0,0,0,0,0,0,9,0,0,0,0.0,0.0,0.0,0,0,7,7,100.0,2,7,0,1,0,Milan,2022-09-10 Sampdoria-Milan,ITA-SERIA_A,22-23,4faaa6ec
0db169ae,Sandro Tonali,8,ITA,"DM,CM",22-125,90,0,0,0,0,0,0,0,0,38,3,0,0,0.0,0.0,0.2,1,0,23,35,65.7,3,20,0,1,0,Milan,2022-09-10 Sampdoria-Milan,ITA-SERIA_A,22-23,4faaa6ec
55a1cac2,Tommaso Pobega,32,ITA,"DM,CM",23-057,77,0,0,0,0,1,0,0,0,47,3,1,1,0.0,0.0,0.1,4,0,35,41,85.4,4,15,1,0,0,Milan,2022-09-10 Sampdoria-Milan,ITA-SERIA_A,22-23,4faaa6ec
f86cd5df,Aster Vranckx,40,BEL,CM,19-341,13,0,0,0,0,0,0,0,0,7,0,0,1,0.0,0.0,0.0,0,0,2,5,40.0,0,4,0,0,0,Milan,2022-09-10 Sampdoria-Milan,ITA-SERIA_A,22-23,4faaa6ec
d4c9725f,Theo Hernández,19,FRA,LB,24-339,90,0,0,0,0,2,1,0,0,57,2,1,1,0.1,0.1,0.2,5,0,36,45,80.0,2,29,6,7,3,Milan,2022-09-10 Sampdoria-Milan,ITA-SERIA_A,22-23,4faaa6ec
8b8a56ce,Simon Kjær,24,DEN,CB,33-168,90,0,0,0,0,0,0,0,0,53,1,4,0,0.0,0.0,0.0,1,0,38,45,84.4,4,26,0,0,0,Milan,2022-09-10 Sampdoria-Milan,ITA-SERIA_A,22-23,4faaa6ec
85f7d1be,Pierre Kalulu,20,FRA,CB,22-097,90,0,0,0,0,0,0,0,0,65,1,2,1,0.0,0.0,0.0,2,0,48,56,85.7,2,39,1,0,0,Milan,2022-09-10 Sampdoria-Milan,ITA-SERIA_A,22-23,4faaa6ec
2146785a,Davide Calabria,2,ITA,RB,25-278,90,0,0,0,0,0,0,0,0,61,6,4,0,0.0,0.0,0.0,1,0,36,48,75.0,1,27,1,2,0,Milan,2022-09-10 Sampdoria-Milan,ITA-SERIA_A,22-23,4faaa6ec
fcb38f57,Mike Maignan,16,FRA,GK,27-069,90,0,0,0,0,0,0,0,0,36,0,0,0,0.0,0.0,0.0,0,0,26,34,76.5,0,24,0,0,0,Milan,2022-09-10 Sampdoria-Milan,ITA-SERIA_A,22-23,4faaa6ec
