id,Player,#,Nation,Pos,Age,Min,Performance,Performance,Performance,Performance,Performance,Performance,Performance,Performance,Performance,Performance,Performance,Performance,Expected,Expected,Expected,SCA,SCA,Passes,Passes,Passes,Passes,Carries,Carries,Take-Ons,Take-Ons,team,game,league,season,game_id
,,,,,,,Gls,Ast,PK,PKatt,Sh,SoT,CrdY,CrdR,Touches,Tkl,Int,Blocks,xG,npxG,xAG,SCA,GCA,Cmp,Att,Cmp%,PrgP,Carries,PrgC,Att,Succ,,,,,
efc9e31f,Dany Mota,47,POR,FW,25-001,85,0,0,0,0,2,1,0,0,34,1,0,0,0.2,0.2,0.1,2,0,17,27,63.0,2,20,3,3,2,Monza,2023-05-03 Monza-Roma,ITA-SERIA_A,22-23,caeb207e
9250bcff,Christian Gytkjær,9,DEN,FW,32-362,5,0,0,0,0,0,0,0,0,1,0,0,0,0.0,0.0,0.0,0,0,1,1,100.0,0,1,0,0,0,Monza,2023-05-03 Monza-Roma,ITA-SERIA_A,22-23,caeb207e
54e53b7e,Gianluca Caprari,17,ITA,AM,29-277,65,0,0,0,0,1,0,0,0,28,0,0,0,0.0,0.0,0.0,3,0,17,24,70.8,3,16,3,1,1,Monza,2023-05-03 Monza-Roma,ITA-SERIA_A,22-23,caeb207e
c414df9d,Mattia Valoti,10,ITA,AM,29-239,25,0,0,0,0,0,0,0,0,10,0,0,0,0.0,0.0,0.0,0,0,3,6,50.0,1,8,1,1,0,Monza,2023-05-03 Monza-Roma,ITA-SERIA_A,22-23,caeb207e
6499048c,Andrea Colpani,28,ITA,AM,23-357,45,0,0,0,0,0,0,0,0,27,0,0,0,0.0,0.0,0.1,2,1,12,22,54.5,2,23,1,4,3,Monza,2023-05-03 Monza-Roma,ITA-SERIA_A,22-23,caeb207e
204ac005,Samuele Birindelli,19,ITA,WB,23-288,45,0,0,0,0,0,0,0,0,31,1,0,0,0.0,0.0,0.0,0,0,21,29,72.4,1,20,0,2,2,Monza,2023-05-03 Monza-Roma,ITA-SERIA_A,22-23,caeb207e
e58cbfd5,Nicolò Rovella,6,ITA,CM,21-150,64,0,1,0,0,0,0,0,0,46,1,2,0,0.0,0.0,0.1,1,1,41,43,95.3,2,24,2,0,0,Monza,2023-05-03 Monza-Roma,ITA-SERIA_A,22-23,caeb207e
7afb1573,Pepín,7,EQG,CM,26-262,26,0,0,0,0,0,0,0,0,20,2,2,1,0.0,0.0,0.0,0,0,10,14,71.4,2,9,1,1,0,Monza,2023-05-03 Monza-Roma,ITA-SERIA_A,22-23,caeb207e
780e3631,Matteo Pessina,32,ITA,CM,26-012,90,0,0,0,0,0,0,1,0,83,2,1,0,0.0,0.0,0.1,2,0,64,78,82.1,4,49,1,1,1,Monza,2023-05-03 Monza-Roma,ITA-SERIA_A,22-23,caeb207e
8d3cd59d,Carlos Augusto,30,BRA,WB,24-116,90,0,0,0,0,4,2,0,0,57,3,1,0,0.6,0.6,0.0,0,0,39,44,88.6,0,32,1,5,4,Monza,2023-05-03 Monza-Roma,ITA-SERIA_A,22-23,caeb207e
5de3866c,Patrick Ciurria,84,ITA,"AM,WB",28-083,90,0,0,0,0,0,0,1,0,44,0,0,0,0.0,0.0,0.0,1,0,34,40,85.0,5,23,3,4,4,Monza,2023-05-03 Monza-Roma,ITA-SERIA_A,22-23,caeb207e
226008f1,Luca Caldirola,5,ITA,CB,32-091,85,1,0,0,0,1,1,0,0,63,1,1,3,0.1,0.1,0.0,0,0,49,54,90.7,2,39,1,1,1,Monza,2023-05-03 Monza-Roma,ITA-SERIA_A,22-23,caeb207e
cdf65d12,Marlon,4,BRA,CB,27-238,5,0,0,0,0,0,0,0,0,5,0,0,0,0.0,0.0,0.0,0,0,3,4,75.0,0,3,0,0,0,Monza,2023-05-03 Monza-Roma,ITA-SERIA_A,22-23,caeb207e
aa54ec6f,Pablo Marí,3,ESP,CB,29-245,90,0,0,0,0,0,0,0,0,62,3,2,1,0.0,0.0,0.3,1,0,40,48,83.3,1,33,0,0,0,Monza,2023-05-03 Monza-Roma,ITA-SERIA_A,22-23,caeb207e
89976232,Armando Izzo,55,ITA,CB,31-062,90,0,0,0,0,0,0,1,0,68,2,1,1,0.0,0.0,0.0,0,0,53,63,84.1,3,28,1,1,1,Monza,2023-05-03 Monza-Roma,ITA-SERIA_A,22-23,caeb207e
4e0c8d66,Michele Di Gregorio,16,ITA,GK,25-280,90,0,0,0,0,0,0,0,0,48,0,0,0,0.0,0.0,0.0,0,0,32,44,72.7,0,30,0,0,0,Monza,2023-05-03 Monza-Roma,ITA-SERIA_A,22-23,caeb207e
f586779e,Tammy Abraham,9,ENG,FW,25-213,90,0,0,0,0,1,1,0,0,34,3,0,0,0.0,0.0,0.4,3,0,17,22,77.3,2,13,2,3,2,Roma,2023-05-03 Monza-Roma,ITA-SERIA_A,22-23,caeb207e
d3aaad90,Stephan El Shaarawy,92,ITA,AM,30-188,68,1,0,0,0,4,1,0,0,24,1,0,0,0.6,0.6,0.0,5,1,8,14,57.1,0,15,2,5,3,Roma,2023-05-03 Monza-Roma,ITA-SERIA_A,22-23,caeb207e
72f87f25,Cristian Volpato,62,ITA,AM,19-169,22,0,0,0,0,0,0,0,0,15,0,0,0,0.0,0.0,0.0,0,0,10,11,90.9,1,12,1,1,1,Roma,2023-05-03 Monza-Roma,ITA-SERIA_A,22-23,caeb207e
78f13530,Ola Solbakken,18,NOR,AM,24-238,60,0,0,0,0,2,0,0,0,25,0,0,0,0.1,0.1,0.1,2,0,11,16,68.8,2,11,0,2,0,Roma,2023-05-03 Monza-Roma,ITA-SERIA_A,22-23,caeb207e
13ea2544,Mohamed Camara,20,GUI,AM,26-064,30,0,0,0,0,0,0,0,0,22,0,1,1,0.0,0.0,0.0,1,0,16,19,84.2,2,11,1,1,0,Roma,2023-05-03 Monza-Roma,ITA-SERIA_A,22-23,caeb207e
4a5a45c7,Lorenzo Pellegrini,7,ITA,CM,26-318,90,0,0,0,0,1,0,1,0,36,1,1,0,0.0,0.0,0.2,5,0,21,29,72.4,3,16,1,3,1,Roma,2023-05-03 Monza-Roma,ITA-SERIA_A,22-23,caeb207e
ae94a6c5,Edoardo Bove,52,ITA,CM,20-352,83,0,0,0,0,0,0,0,0,49,2,3,1,0.0,0.0,0.0,1,0,29,41,70.7,5,14,1,0,0,Roma,2023-05-03 Monza-Roma,ITA-SERIA_A,22-23,caeb207e
eb3022c3,Benjamin Tahirovic,68,BIH,CM,20-061,7,0,0,0,0,0,0,0,0,5,1,0,0,0.0,0.0,0.1,1,0,3,4,75.0,1,1,0,0,0,Roma,2023-05-03 Monza-Roma,ITA-SERIA_A,22-23,caeb207e
45191c29,Nicola Zalewski,59,POL,WB,21-100,60,0,0,0,0,1,1,0,0,30,1,0,1,0.0,0.0,0.0,2,0,17,21,81.0,4,16,4,2,0,Roma,2023-05-03 Monza-Roma,ITA-SERIA_A,22-23,caeb207e
3626daea,Leonardo Spinazzola,37,ITA,WB,30-039,30,0,0,0,0,0,0,0,0,27,0,0,0,0.0,0.0,0.2,1,0,16,24,66.7,3,16,4,0,0,Roma,2023-05-03 Monza-Roma,ITA-SERIA_A,22-23,caeb207e
31a62dc7,Zeki Çelik,19,TUR,WB,26-075,89,0,0,0,0,0,0,2,1,70,0,0,3,0.0,0.0,0.0,0,0,45,59,76.3,7,32,3,4,2,Roma,2023-05-03 Monza-Roma,ITA-SERIA_A,22-23,caeb207e
82efe6fa,Roger Ibanez,3,BRA,CB,24-161,90,0,0,0,0,3,3,0,0,52,0,1,3,0.2,0.2,0.0,1,0,35,40,87.5,5,21,1,2,1,Roma,2023-05-03 Monza-Roma,ITA-SERIA_A,22-23,caeb207e
16657b95,Bryan Cristante,4,ITA,CB,28-061,90,0,0,0,0,1,1,1,0,43,4,4,1,0.0,0.0,0.0,0,0,26,31,83.9,1,18,0,0,0,Roma,2023-05-03 Monza-Roma,ITA-SERIA_A,22-23,caeb207e
5aa53281,Gianluca Mancini,23,ITA,CB,27-016,90,0,0,0,0,1,0,0,0,53,0,3,0,0.0,0.0,0.0,1,0,31,46,67.4,5,23,0,0,0,Roma,2023-05-03 Monza-Roma,ITA-SERIA_A,22-23,caeb207e
79b0d6a0,Rui Patrício,1,POR,GK,35-077,90,0,0,0,0,0,0,0,0,16,0,0,0,0.0,0.0,0.0,0,0,10,14,71.4,0,7,0,0,0,Roma,2023-05-03 Monza-Roma,ITA-SERIA_A,22-23,caeb207e
