id,Player,#,Nation,Pos,Age,Min,Performance,Performance,Performance,Performance,Performance,Performance,Performance,Performance,Performance,Performance,Performance,Performance,Expected,Expected,Expected,SCA,SCA,Passes,Passes,Passes,Passes,Carries,Carries,Take-Ons,Take-Ons,team,game,league,season,game_id
,,,,,,,Gls,Ast,PK,PKatt,Sh,SoT,CrdY,CrdR,Touches,Tkl,Int,Blocks,xG,npxG,xAG,SCA,GCA,Cmp,Att,Cmp%,PrgP,Carries,PrgC,Att,Succ,,,,,
6605d143,Habib Diallo,20,SEN,FW,24-235,90,0,0,0,0,2,0,0,0,34,0,0,0,0.0,0.0,0.0,1,0,12,17,70.6,1,19,2,1,1,Metz,2020-02-08 Metz-Bordeaux,FRA-L1,19-20,27c16c8e
46faabfa,Ibrahima Niane,7,SEN,LW,20-334,73,1,0,0,0,1,1,0,0,28,1,3,0,0.0,0.0,0.1,4,0,15,18,83.3,2,19,0,1,1,Metz,2020-02-08 Metz-Bordeaux,FRA-L1,19-20,27c16c8e
8332db56,Thomas Delaine,17,FRA,"LW,LB",27-321,17,0,0,0,0,0,0,0,0,4,0,1,0,0.0,0.0,0.1,1,0,2,2,100.0,0,2,0,0,0,Metz,2020-02-08 Metz-Bordeaux,FRA-L1,19-20,27c16c8e
75a63397,Opa Nguette,11,SEN,RW,25-215,62,0,0,0,0,1,0,0,0,27,2,0,0,0.0,0.0,0.0,1,0,13,18,72.2,1,17,2,5,3,Metz,2020-02-08 Metz-Bordeaux,FRA-L1,19-20,27c16c8e
a0791826,Farid Boulaya,27,ALG,RW,26-348,28,0,0,0,0,0,0,0,0,17,0,2,0,0.0,0.0,0.1,1,0,9,15,60.0,2,9,1,2,1,Metz,2020-02-08 Metz-Bordeaux,FRA-L1,19-20,27c16c8e
f86ca403,Vincent Pajot,14,FRA,LM,29-173,7,0,1,0,0,1,0,0,1,4,0,0,0,0.0,0.0,0.1,2,1,3,3,100.0,1,1,1,0,0,Metz,2020-02-08 Metz-Bordeaux,FRA-L1,19-20,27c16c8e
e50623a0,Kévin N'Doram,4,FRA,"LM,CM",24-017,90,0,0,0,0,1,1,0,0,37,1,1,2,0.0,0.0,0.0,3,0,19,25,76.0,4,15,0,0,0,Metz,2020-02-08 Metz-Bordeaux,FRA-L1,19-20,27c16c8e
e768de1f,Habib Maïga,19,CIV,RM,24-038,90,0,0,0,0,2,0,1,0,44,2,2,1,0.1,0.1,0.0,3,0,24,29,82.8,2,24,3,1,1,Metz,2020-02-08 Metz-Bordeaux,FRA-L1,19-20,27c16c8e
cc41f558,Matthieu Udol,3,FRA,LB,23-325,87,0,0,0,0,0,0,0,0,36,4,1,1,0.0,0.0,0.0,0,0,16,24,66.7,0,16,1,2,1,Metz,2020-02-08 Metz-Bordeaux,FRA-L1,19-20,27c16c8e
2945f4b7,Thierry Ambrose,9,GLP,LW,22-317,3,0,0,0,0,1,1,0,0,4,1,0,0,0.1,0.1,0.0,1,0,1,1,100.0,1,1,0,0,0,Metz,2020-02-08 Metz-Bordeaux,FRA-L1,19-20,27c16c8e
861227d2,John Boye,21,GHA,CB,32-291,90,0,0,0,0,0,0,0,0,41,1,3,2,0.0,0.0,0.0,0,0,17,19,89.5,0,10,0,0,0,Metz,2020-02-08 Metz-Bordeaux,FRA-L1,19-20,27c16c8e
edd81e2a,Dylan Bronn,2,TUN,CB,24-234,90,0,0,0,0,0,0,0,0,28,1,0,0,0.0,0.0,0.0,1,0,19,24,79.2,0,16,0,0,0,Metz,2020-02-08 Metz-Bordeaux,FRA-L1,19-20,27c16c8e
3c6bbbab,Fabien Centonze,18,FRA,RB,24-023,90,0,0,0,0,2,1,0,0,43,1,0,0,0.3,0.3,0.0,1,0,25,32,78.1,0,22,7,2,1,Metz,2020-02-08 Metz-Bordeaux,FRA-L1,19-20,27c16c8e
ae7d0ecd,Alexandre Oukidja,16,ALG,GK,31-204,90,0,0,0,0,0,0,1,0,48,0,0,1,0.0,0.0,0.0,1,0,17,45,37.8,0,22,0,0,0,Metz,2020-02-08 Metz-Bordeaux,FRA-L1,19-20,27c16c8e
f83c8d6c,Jimmy Briand,7,FRA,FW,34-190,90,0,0,0,0,3,0,0,0,25,0,0,1,0.5,0.5,0.0,2,0,13,18,72.2,0,11,1,0,0,Bordeaux,2020-02-08 Metz-Bordeaux,FRA-L1,19-20,27c16c8e
a2d873dd,Hwang Ui-jo,18,KOR,LW,27-164,53,0,0,0,0,1,0,1,0,21,1,0,0,0.8,0.8,0.0,1,0,16,16,100.0,0,15,1,4,1,Bordeaux,2020-02-08 Metz-Bordeaux,FRA-L1,19-20,27c16c8e
fbbb9269,Youssouf Sabaly,20,SEN,RM,26-340,37,0,0,0,0,0,0,0,0,45,0,1,0,0.0,0.0,0.1,3,0,27,37,73.0,4,23,1,2,0,Bordeaux,2020-02-08 Metz-Bordeaux,FRA-L1,19-20,27c16c8e
b0547a87,Nicolas de Préville,12,FRA,"RW,LW",29-031,90,0,0,0,0,2,2,1,0,60,1,0,0,0.1,0.1,0.0,3,0,35,50,70.0,5,31,5,1,0,Bordeaux,2020-02-08 Metz-Bordeaux,FRA-L1,19-20,27c16c8e
26777636,Yacine Adli,19,FRA,"LM,AM",19-194,70,0,0,0,0,1,0,0,0,47,3,0,0,0.0,0.0,0.4,3,0,33,40,82.5,3,29,1,1,0,Bordeaux,2020-02-08 Metz-Bordeaux,FRA-L1,19-20,27c16c8e
2306bfde,Rubén Pardo,8,ESP,CM,27-109,20,0,0,0,0,0,0,0,0,19,1,0,0,0.0,0.0,0.0,1,0,15,17,88.2,2,12,1,0,0,Bordeaux,2020-02-08 Metz-Bordeaux,FRA-L1,19-20,27c16c8e
243f4a0b,Otávio,5,BRA,"CM,CB,DM",25-280,90,0,1,0,0,1,0,0,0,85,1,1,0,0.0,0.0,0.5,3,1,77,81,95.1,10,54,3,0,0,Bordeaux,2020-02-08 Metz-Bordeaux,FRA-L1,19-20,27c16c8e
80556f08,Toma Bašić,26,CRO,"CM,DM",23-075,90,1,0,0,0,3,1,0,0,105,1,1,0,0.1,0.1,0.2,4,0,84,98,85.7,18,70,4,0,0,Bordeaux,2020-02-08 Metz-Bordeaux,FRA-L1,19-20,27c16c8e
f5b6fb78,Loris Benito,23,SUI,"CB,LM,LB",28-032,90,0,0,0,0,0,0,0,0,95,1,1,0,0.0,0.0,0.1,4,1,79,88,89.8,16,52,3,1,0,Bordeaux,2020-02-08 Metz-Bordeaux,FRA-L1,19-20,27c16c8e
29d8ad3f,Pablo,3,BRA,CB,28-232,90,0,0,0,0,2,1,0,0,95,3,0,2,0.1,0.1,0.0,0,0,74,82,90.2,4,48,0,0,0,Bordeaux,2020-02-08 Metz-Bordeaux,FRA-L1,19-20,27c16c8e
f5efb153,Laurent Koscielny,6,FRA,CB,34-151,90,0,0,0,0,1,0,0,0,79,0,1,0,0.2,0.2,0.0,0,0,72,75,96.0,7,51,0,0,0,Bordeaux,2020-02-08 Metz-Bordeaux,FRA-L1,19-20,27c16c8e
4bf69118,Enock Kwateng,25,FRA,RB,22-305,19,0,0,0,0,0,0,0,0,17,0,0,0,0.0,0.0,0.0,0,0,11,16,68.8,1,8,0,0,0,Bordeaux,2020-02-08 Metz-Bordeaux,FRA-L1,19-20,27c16c8e
ea02beaf,Remi Oudin,28,FRA,"RW,RM",23-082,71,1,0,0,0,1,1,0,0,63,1,0,1,0.4,0.4,0.0,1,0,33,54,61.1,8,35,4,3,2,Bordeaux,2020-02-08 Metz-Bordeaux,FRA-L1,19-20,27c16c8e
2434f24a,Benoît Costil,1,FRA,GK,32-220,90,0,0,0,0,0,0,0,0,25,0,0,0,0.0,0.0,0.0,0,0,21,24,87.5,0,14,0,0,0,Bordeaux,2020-02-08 Metz-Bordeaux,FRA-L1,19-20,27c16c8e
