id,Player,#,Nation,Pos,Age,Min,Performance,Performance,Performance,Performance,Performance,Performance,Performance,Performance,Performance,Performance,Performance,Performance,Expected,Expected,Expected,SCA,SCA,Passes,Passes,Passes,Passes,Carries,Carries,Take-Ons,Take-Ons,team,game,league,season,game_id
,,,,,,,Gls,Ast,PK,PKatt,Sh,SoT,CrdY,CrdR,Touches,Tkl,Int,Blocks,xG,npxG,xAG,SCA,GCA,Cmp,Att,Cmp%,PrgP,Carries,PrgC,Att,Succ,,,,,
766f48dd,Thiago Galhardo,7,BRA,FW,32-256,59,0,0,0,0,2,1,1,0,14,1,0,1,0.6,0.6,0.0,0,0,7,9,77.8,0,6,0,0,0,Celta Vigo,2022-04-02 Celta Vigo-Real Madrid,ESP-LALIGA,21-22,339866a0
5e1028e5,Franco Cervi,11,ARG,"FW,RM",27-311,31,0,0,0,0,0,0,0,0,28,4,0,1,0.0,0.0,0.0,1,0,14,21,66.7,1,11,1,1,1,Celta Vigo,2022-04-02 Celta Vigo-Real Madrid,ESP-LALIGA,21-22,339866a0
7dcf86f6,Iago Aspas,10,ESP,FW,34-244,90,0,0,0,0,3,1,0,0,57,0,1,0,0.2,0.2,0.1,4,1,39,54,72.2,3,36,5,1,1,Celta Vigo,2022-04-02 Celta Vigo-Real Madrid,ESP-LALIGA,21-22,339866a0
b2d0ec1b,Nolito,9,ESP,LM,35-169,71,1,0,0,0,1,1,0,0,35,3,1,0,0.6,0.6,0.2,2,0,20,25,80.0,7,18,1,0,0,Celta Vigo,2022-04-02 Celta Vigo-Real Madrid,ESP-LALIGA,21-22,339866a0
0b90bb97,Santi Mina,22,ESP,"LM,FW",26-116,19,0,0,0,0,0,0,0,0,3,0,0,0,0.0,0.0,0.0,0,0,1,2,50.0,0,3,0,0,0,Celta Vigo,2022-04-02 Celta Vigo-Real Madrid,ESP-LALIGA,21-22,339866a0
12c50af5,Denis Suárez,6,ESP,CM,28-086,90,0,0,0,0,1,1,0,0,97,3,0,2,0.0,0.0,0.2,6,0,73,88,83.0,14,64,4,2,0,Celta Vigo,2022-04-02 Celta Vigo-Real Madrid,ESP-LALIGA,21-22,339866a0
c9e39d91,Brais Méndez,23,ESP,RM,25-085,80,0,0,0,0,1,0,0,0,55,2,1,2,0.1,0.1,0.0,2,0,36,46,78.3,8,36,2,1,1,Celta Vigo,2022-04-02 Celta Vigo-Real Madrid,ESP-LALIGA,21-22,339866a0
411fabd7,Orbelín Pineda,18,MEX,"RM,LM",26-009,10,0,0,0,0,0,0,0,0,13,1,0,0,0.0,0.0,0.0,0,0,11,13,84.6,1,6,0,0,0,Celta Vigo,2022-04-02 Celta Vigo-Real Madrid,ESP-LALIGA,21-22,339866a0
ed5c5fa3,Fran Beltrán,8,ESP,DM,23-058,71,0,0,0,0,1,1,0,0,58,0,0,0,0.0,0.0,0.0,0,0,54,55,98.2,3,44,0,0,0,Celta Vigo,2022-04-02 Celta Vigo-Real Madrid,ESP-LALIGA,21-22,339866a0
34269bdf,Renato Tapia,14,PER,DM,26-248,19,0,0,0,0,0,0,0,0,21,1,1,0,0.0,0.0,0.0,0,0,16,20,80.0,2,17,0,1,1,Celta Vigo,2022-04-02 Celta Vigo-Real Madrid,ESP-LALIGA,21-22,339866a0
a4b00319,Javi Galán,17,ESP,LB,27-134,90,0,1,0,0,0,0,1,0,92,3,0,0,0.0,0.0,0.9,2,1,67,81,82.7,3,57,7,2,1,Celta Vigo,2022-04-02 Celta Vigo-Real Madrid,ESP-LALIGA,21-22,339866a0
b233e8e4,Jeison Murillo,24,COL,CB,29-310,90,0,0,0,0,1,0,1,0,48,1,0,2,0.0,0.0,0.0,0,0,40,43,93.0,2,28,0,0,0,Celta Vigo,2022-04-02 Celta Vigo-Real Madrid,ESP-LALIGA,21-22,339866a0
18abe173,Joseph Aidoo,15,GHA,CB,26-185,90,0,0,0,0,1,0,0,0,50,2,0,1,0.1,0.1,0.0,0,0,38,45,84.4,5,30,0,0,0,Celta Vigo,2022-04-02 Celta Vigo-Real Madrid,ESP-LALIGA,21-22,339866a0
ee923664,Kevin Vázquez,20,ESP,RB,29-010,90,0,0,0,0,0,0,0,0,66,3,0,0,0.0,0.0,0.0,3,0,54,61,88.5,3,32,4,1,1,Celta Vigo,2022-04-02 Celta Vigo-Real Madrid,ESP-LALIGA,21-22,339866a0
b6160ad0,Matías Dituro,1,ARG,GK,34-329,90,0,0,0,0,0,0,0,0,37,0,0,0,0.0,0.0,0.0,0,0,20,31,64.5,0,13,0,0,0,Celta Vigo,2022-04-02 Celta Vigo-Real Madrid,ESP-LALIGA,21-22,339866a0
70d74ece,Karim Benzema,9,FRA,FW,34-104,90,2,0,2,3,2,1,0,0,45,0,0,0,2.6,0.3,0.1,2,0,31,34,91.2,5,27,3,4,1,Real Madrid,2022-04-02 Celta Vigo-Real Madrid,ESP-LALIGA,21-22,339866a0
7111d552,Vinicius Júnior,20,BRA,LW,21-264,90,0,0,0,0,1,1,0,0,42,1,0,1,0.1,0.1,0.0,3,1,25,30,83.3,2,29,2,4,1,Real Madrid,2022-04-02 Celta Vigo-Real Madrid,ESP-LALIGA,21-22,339866a0
45af8a54,Marco Asensio,11,ESP,RW,26-071,60,0,0,0,0,1,0,0,0,35,1,0,0,0.0,0.0,0.0,2,0,21,27,77.8,1,18,1,4,3,Real Madrid,2022-04-02 Celta Vigo-Real Madrid,ESP-LALIGA,21-22,339866a0
8f5e92a6,Rodrygo,21,BRA,RW,21-083,30,0,0,0,0,1,0,0,0,14,0,1,0,0.0,0.0,0.0,2,0,8,11,72.7,0,7,2,0,0,Real Madrid,2022-04-02 Celta Vigo-Real Madrid,ESP-LALIGA,21-22,339866a0
6ce1f46f,Toni Kroos,8,GER,LM,32-088,84,0,0,0,0,1,0,0,0,73,1,1,0,0.0,0.0,0.0,1,0,66,70,94.3,9,39,0,2,2,Real Madrid,2022-04-02 Celta Vigo-Real Madrid,ESP-LALIGA,21-22,339866a0
c0617e2b,Dani Ceballos,19,ESP,LM,25-238,6,0,0,0,0,1,0,0,0,4,0,1,0,0.1,0.1,0.0,0,0,0,2,0.0,0,0,0,0,0,Real Madrid,2022-04-02 Celta Vigo-Real Madrid,ESP-LALIGA,21-22,339866a0
4d224fe8,Casemiro,14,BRA,CM,30-038,90,0,0,0,0,0,0,0,0,79,1,1,3,0.0,0.0,0.1,3,1,53,64,82.8,3,43,0,2,1,Real Madrid,2022-04-02 Celta Vigo-Real Madrid,ESP-LALIGA,21-22,339866a0
6025fab1,Luka Modrić,10,CRO,RM,36-205,73,0,0,0,0,1,1,0,0,51,0,0,0,0.0,0.0,0.0,2,0,46,49,93.9,4,39,2,0,0,Real Madrid,2022-04-02 Celta Vigo-Real Madrid,ESP-LALIGA,21-22,339866a0
0959c2a2,Federico Valverde,15,URU,RM,23-254,17,0,0,0,0,0,0,0,0,10,0,0,1,0.0,0.0,0.0,1,0,3,5,60.0,0,5,0,2,0,Real Madrid,2022-04-02 Celta Vigo-Real Madrid,ESP-LALIGA,21-22,339866a0
3cefcaef,Ferland Mendy,23,FRA,LB,26-298,90,0,0,0,0,0,0,0,0,55,2,1,0,0.0,0.0,0.0,2,1,36,41,87.8,4,30,1,2,1,Real Madrid,2022-04-02 Celta Vigo-Real Madrid,ESP-LALIGA,21-22,339866a0
05439de2,David Alaba,4,AUT,CB,29-282,90,0,0,0,0,0,0,0,0,42,0,1,1,0.0,0.0,0.0,1,0,30,35,85.7,3,25,0,0,0,Real Madrid,2022-04-02 Celta Vigo-Real Madrid,ESP-LALIGA,21-22,339866a0
2784f898,Éder Militão,3,BRA,CB,24-074,84,0,0,0,0,1,0,0,0,52,1,2,1,0.0,0.0,0.0,1,1,33,39,84.6,1,30,1,2,1,Real Madrid,2022-04-02 Celta Vigo-Real Madrid,ESP-LALIGA,21-22,339866a0
2946f9a1,Nacho,6,ESP,CB,32-074,6,0,0,0,0,0,0,0,0,4,0,2,0,0.0,0.0,0.0,0,0,1,3,33.3,0,1,0,0,0,Real Madrid,2022-04-02 Celta Vigo-Real Madrid,ESP-LALIGA,21-22,339866a0
fd51b456,Lucas Vázquez,17,ESP,RB,30-275,60,0,0,0,0,0,0,0,0,52,1,0,0,0.0,0.0,0.3,4,0,40,45,88.9,1,33,1,1,1,Real Madrid,2022-04-02 Celta Vigo-Real Madrid,ESP-LALIGA,21-22,339866a0
4958bfb2,Dani Carvajal,2,ESP,RB,30-081,30,0,0,0,0,0,0,0,0,21,0,1,0,0.0,0.0,0.0,0,0,14,17,82.4,1,8,0,0,0,Real Madrid,2022-04-02 Celta Vigo-Real Madrid,ESP-LALIGA,21-22,339866a0
1840e36d,Thibaut Courtois,1,BEL,GK,29-326,90,0,0,0,0,0,0,0,0,26,0,0,0,0.0,0.0,0.0,0,0,20,22,90.9,0,12,0,0,0,Real Madrid,2022-04-02 Celta Vigo-Real Madrid,ESP-LALIGA,21-22,339866a0
