id,Player,#,Nation,Pos,Age,Min,Performance,Performance,Performance,Performance,Performance,Performance,Performance,Performance,Performance,Performance,Performance,Performance,Expected,Expected,Expected,SCA,SCA,Passes,Passes,Passes,Passes,Carries,Carries,Take-Ons,Take-Ons,team,game,league,season,game_id
,,,,,,,Gls,Ast,PK,PKatt,Sh,SoT,CrdY,CrdR,Touches,Tkl,Int,Blocks,xG,npxG,xAG,SCA,GCA,Cmp,Att,Cmp%,PrgP,Carries,PrgC,Att,Succ,,,,,
bef0a7ac,Darío Benedetto,9,ARG,FW,29-127,90,0,0,0,0,1,1,0,0,29,0,0,1,0.1,0.1,0.1,1,0,15,23,65.2,1,16,0,1,0,Marseille,2019-09-21 Marseille-Montpellier,FRA-L1,19-20,e8bd7cc9
58ae47b2,Dimitri Payet,10,FRA,"LW,LM",32-176,89,0,0,0,0,7,1,2,1,96,0,0,0,0.4,0.4,0.1,15,2,56,85,65.9,12,59,10,4,3,Marseille,2019-09-21 Marseille-Montpellier,FRA-L1,19-20,e8bd7cc9
ea0ff634,Valère Germain,28,FRA,RW,29-157,90,1,0,0,0,5,2,0,0,42,0,0,1,0.4,0.4,0.0,3,0,26,35,74.3,2,16,0,1,1,Marseille,2019-09-21 Marseille-Montpellier,FRA-L1,19-20,e8bd7cc9
6e7f1353,Morgan Sanson,8,FRA,LM,25-034,66,0,0,0,0,3,0,0,0,40,3,0,2,0.1,0.1,0.2,7,0,22,27,81.5,4,32,5,3,3,Marseille,2019-09-21 Marseille-Montpellier,FRA-L1,19-20,e8bd7cc9
0630eb63,Nemanja Radonjić,7,SRB,LW,23-218,24,0,0,0,0,0,0,0,0,20,0,0,0,0.0,0.0,0.0,0,0,13,17,76.5,0,16,3,0,0,Marseille,2019-09-21 Marseille-Montpellier,FRA-L1,19-20,e8bd7cc9
ef2e5e1a,Kevin Strootman,12,NED,CM,29-220,76,0,0,0,0,0,0,1,0,64,1,1,1,0.0,0.0,0.1,1,0,52,59,88.1,12,34,2,1,1,Marseille,2019-09-21 Marseille-Montpellier,FRA-L1,19-20,e8bd7cc9
ed45c4a5,Valentin Rongier,21,FRA,CM,24-288,14,0,0,0,0,1,0,0,0,24,1,0,0,0.0,0.0,0.0,0,0,17,20,85.0,1,14,0,0,0,Marseille,2019-09-21 Marseille-Montpellier,FRA-L1,19-20,e8bd7cc9
20094685,Maxime Lopez,27,FRA,RM,21-291,90,0,0,0,0,2,1,0,0,121,2,0,0,0.1,0.1,0.1,8,0,97,109,89.0,19,88,5,9,7,Marseille,2019-09-21 Marseille-Montpellier,FRA-L1,19-20,e8bd7cc9
22721b88,Jordan Amavi,18,FRA,LB,25-196,90,0,0,0,0,1,0,1,0,72,4,1,5,0.0,0.0,0.0,1,0,43,55,78.2,6,32,11,5,4,Marseille,2019-09-21 Marseille-Montpellier,FRA-L1,19-20,e8bd7cc9
42dcf26d,Álvaro González,3,ESP,CB,29-256,7,0,0,0,0,0,0,0,0,5,0,0,0,0.0,0.0,0.0,0,0,3,3,100.0,0,2,0,0,0,Marseille,2019-09-21 Marseille-Montpellier,FRA-L1,19-20,e8bd7cc9
94f8d10c,Duje Ćaleta-Car,15,CRO,CB,23-004,83,0,0,0,0,1,0,0,0,48,0,0,1,0.1,0.1,0.0,1,0,38,40,95.0,5,20,0,0,0,Marseille,2019-09-21 Marseille-Montpellier,FRA-L1,19-20,e8bd7cc9
cc77354e,Boubacar Kamara,4,FRA,CB,19-302,89,0,0,0,0,1,0,0,1,72,6,0,0,0.0,0.0,0.1,1,0,57,61,93.4,6,39,0,0,0,Marseille,2019-09-21 Marseille-Montpellier,FRA-L1,19-20,e8bd7cc9
1a4b9094,Bouna Sarr,17,SEN,RB,27-233,90,0,0,0,0,2,0,0,0,97,2,2,0,0.1,0.1,0.0,2,0,65,84,77.4,5,54,6,5,3,Marseille,2019-09-21 Marseille-Montpellier,FRA-L1,19-20,e8bd7cc9
1d2d5cc8,Steve Mandanda,30,FRA,GK,34-177,90,0,0,0,0,0,0,0,0,21,0,0,0,0.0,0.0,0.0,0,0,19,20,95.0,0,17,0,0,0,Marseille,2019-09-21 Marseille-Montpellier,FRA-L1,19-20,e8bd7cc9
d33c706e,Andy Delort,9,ALG,FW,27-347,84,0,0,0,0,2,1,0,0,38,1,0,1,0.1,0.1,0.0,1,0,21,28,75.0,6,20,1,3,2,Montpellier,2019-09-21 Marseille-Montpellier,FRA-L1,19-20,e8bd7cc9
d9a66c60,Petar Škuletić,32,SRB,FW,29-084,6,0,0,0,0,0,0,0,0,9,2,0,0,0.0,0.0,0.0,0,0,2,2,100.0,0,4,0,2,0,Montpellier,2019-09-21 Marseille-Montpellier,FRA-L1,19-20,e8bd7cc9
7cdda3bf,Gaëtan Laborde,10,FRA,FW,25-141,71,0,0,0,0,0,0,0,0,30,0,1,1,0.0,0.0,0.0,1,0,5,13,38.5,1,11,2,4,1,Montpellier,2019-09-21 Marseille-Montpellier,FRA-L1,19-20,e8bd7cc9
ea0aa7e0,Mihailo Ristić,26,SRB,"LM,DM",23-325,19,0,0,0,0,0,0,0,0,5,0,0,0,0.0,0.0,0.0,0,0,2,4,50.0,0,3,0,0,0,Montpellier,2019-09-21 Marseille-Montpellier,FRA-L1,19-20,e8bd7cc9
7e82a78f,Florent Mollet,25,FRA,"AM,FW",27-306,79,0,0,0,0,0,0,0,0,30,1,0,1,0.0,0.0,0.0,0,0,16,25,64.0,2,19,0,0,0,Montpellier,2019-09-21 Marseille-Montpellier,FRA-L1,19-20,e8bd7cc9
24eb7ed6,Junior Sambia,6,FRA,RM,23-014,11,0,0,0,0,0,0,0,0,5,0,0,0,0.0,0.0,0.0,0,0,1,1,100.0,0,2,1,3,0,Montpellier,2019-09-21 Marseille-Montpellier,FRA-L1,19-20,e8bd7cc9
8f4d116f,Damien Le Tallec,14,FRA,"CM,DM",29-155,90,0,0,0,0,0,0,0,0,42,3,2,2,0.0,0.0,0.0,0,0,19,25,76.0,2,12,0,0,0,Montpellier,2019-09-21 Marseille-Montpellier,FRA-L1,19-20,e8bd7cc9
375622c5,Jordan Ferri,12,FRA,"CM,DM",27-193,89,0,0,0,0,0,0,0,1,45,1,2,0,0.0,0.0,0.0,0,0,20,33,60.6,3,18,0,0,0,Montpellier,2019-09-21 Marseille-Montpellier,FRA-L1,19-20,e8bd7cc9
e3e05edf,Ambroise Oyongo,8,CMR,"WB,LB",28-091,90,0,0,0,0,0,0,1,0,52,0,3,2,0.0,0.0,0.0,1,0,28,41,68.3,4,23,0,1,0,Montpellier,2019-09-21 Marseille-Montpellier,FRA-L1,19-20,e8bd7cc9
4e0afc5d,Arnaud Souquet,2,FRA,"WB,RB",27-221,90,0,0,0,0,0,0,1,0,52,5,0,1,0.0,0.0,0.0,0,0,29,40,72.5,2,16,1,4,3,Montpellier,2019-09-21 Marseille-Montpellier,FRA-L1,19-20,e8bd7cc9
8f325097,Nicolas Cozza,31,FRA,CB,20-256,90,0,0,0,0,0,0,0,0,47,0,3,5,0.0,0.0,0.0,0,0,22,30,73.3,0,19,0,0,0,Montpellier,2019-09-21 Marseille-Montpellier,FRA-L1,19-20,e8bd7cc9
c4bbea9f,Vitorino Hilton,4,BRA,CB,42-008,90,0,0,0,0,0,0,0,0,55,2,0,2,0.0,0.0,0.1,1,0,32,38,84.2,1,26,0,0,0,Montpellier,2019-09-21 Marseille-Montpellier,FRA-L1,19-20,e8bd7cc9
6690ef25,Pedro Mendes,5,POR,CB,28-355,90,0,0,0,0,0,0,1,0,46,0,2,1,0.0,0.0,0.0,0,0,22,29,75.9,3,15,1,2,2,Montpellier,2019-09-21 Marseille-Montpellier,FRA-L1,19-20,e8bd7cc9
625c144a,Gerónimo Rulli,1,ARG,GK,27-124,90,0,0,0,0,0,0,0,0,44,0,0,0,0.0,0.0,0.0,0,0,30,39,76.9,0,20,0,0,0,Montpellier,2019-09-21 Marseille-Montpellier,FRA-L1,19-20,e8bd7cc9
