id,Player,#,Nation,Pos,Age,Min,Performance,Performance,Performance,Performance,Performance,Performance,Performance,Performance,Performance,Performance,Performance,Performance,Expected,Expected,Expected,SCA,SCA,Passes,Passes,Passes,Passes,Carries,Carries,Take-Ons,Take-Ons,team,game,league,season,game_id
,,,,,,,Gls,Ast,PK,PKatt,Sh,SoT,CrdY,CrdR,Touches,Tkl,Int,Blocks,xG,npxG,xAG,SCA,GCA,Cmp,Att,Cmp%,PrgP,Carries,PrgC,Att,Succ,,,,,
06983922,Víctor Campuzano,31,ESP,FW,22-184,90,0,0,0,0,1,1,0,0,25,2,0,1,0.0,0.0,0.0,3,0,14,18,77.8,0,11,2,2,2,Espanyol,2019-12-01 Espanyol-Osasuna,ESP-LALIGA,19-20,c4fb798c
e3fabb0a,Wu Lei,7,CHN,"FW,RM",28-012,90,0,0,0,0,2,0,0,0,20,0,1,2,0.1,0.1,0.3,4,1,6,11,54.5,0,12,2,4,3,Espanyol,2019-12-01 Espanyol-Osasuna,ESP-LALIGA,19-20,c4fb798c
112521d1,Adrià Pedrosa,3,ESP,LW,21-202,67,0,0,0,0,1,0,0,0,41,2,0,1,0.3,0.3,0.0,1,0,19,30,63.3,1,16,1,1,1,Espanyol,2019-12-01 Espanyol-Osasuna,ESP-LALIGA,19-20,c4fb798c
48e89655,Pablo Piatti,19,ARG,LB,30-245,23,0,0,0,0,1,0,0,0,15,0,0,0,0.0,0.0,0.0,0,0,6,9,66.7,0,8,1,1,1,Espanyol,2019-12-01 Espanyol-Osasuna,ESP-LALIGA,19-20,c4fb798c
10f1cd17,Pipa,2,ESP,"RW,RB",21-309,90,0,0,0,0,0,0,0,0,60,2,1,2,0.0,0.0,0.0,0,0,30,44,68.2,0,23,2,2,1,Espanyol,2019-12-01 Espanyol-Osasuna,ESP-LALIGA,19-20,c4fb798c
070a3904,Sergi Darder,10,ESP,CM,25-344,90,0,0,0,0,3,1,0,0,59,0,1,1,0.1,0.1,0.1,5,1,35,51,68.6,5,43,2,3,1,Espanyol,2019-12-01 Espanyol-Osasuna,ESP-LALIGA,19-20,c4fb798c
ad4d0985,Víctor Sánchez,4,ESP,CM,32-084,53,0,0,0,0,0,0,1,0,31,6,0,1,0.0,0.0,0.1,4,0,11,17,64.7,1,14,2,2,2,Espanyol,2019-12-01 Espanyol-Osasuna,ESP-LALIGA,19-20,c4fb798c
6922f806,Jonathan Calleri,12,ARG,"FW,CM",26-069,37,1,0,0,0,2,2,0,0,2,0,0,0,0.2,0.2,0.0,1,0,0,0,,0,1,0,0,0,Espanyol,2019-12-01 Espanyol-Osasuna,ESP-LALIGA,19-20,c4fb798c
da27e268,Marc Roca,21,ESP,"DM,CM",23-005,90,1,0,1,1,0,0,0,0,86,2,1,0,0.8,0.0,0.0,3,0,61,81,75.3,19,50,4,1,1,Espanyol,2019-12-01 Espanyol-Osasuna,ESP-LALIGA,19-20,c4fb798c
41b3069f,Fernando Calero,24,ESP,CB,24-078,62,0,0,0,0,0,0,0,0,28,0,2,1,0.0,0.0,0.0,0,0,20,22,90.9,1,13,0,0,0,Espanyol,2019-12-01 Espanyol-Osasuna,ESP-LALIGA,19-20,c4fb798c
379652be,Óscar Melendo,14,ESP,"LM,CB",22-100,28,0,0,0,0,0,0,0,0,15,1,0,0,0.0,0.0,0.0,0,0,7,13,53.8,0,9,0,0,0,Espanyol,2019-12-01 Espanyol-Osasuna,ESP-LALIGA,19-20,c4fb798c
4242011c,Bernardo Espinosa,20,COL,CB,30-143,90,0,0,0,0,1,0,0,0,66,0,0,2,0.1,0.1,0.0,0,0,48,63,76.2,3,37,0,0,0,Espanyol,2019-12-01 Espanyol-Osasuna,ESP-LALIGA,19-20,c4fb798c
f03f284b,David López,15,ESP,CB,30-053,90,0,1,0,0,0,0,0,0,83,2,2,2,0.0,0.0,0.2,2,1,62,79,78.5,3,55,4,0,0,Espanyol,2019-12-01 Espanyol-Osasuna,ESP-LALIGA,19-20,c4fb798c
73683fa9,Diego López,13,ESP,GK,38-028,90,0,0,0,0,0,0,0,0,29,0,0,0,0.0,0.0,0.0,0,0,11,25,44.0,0,16,0,0,0,Espanyol,2019-12-01 Espanyol-Osasuna,ESP-LALIGA,19-20,c4fb798c
88a359d4,Adrián López,22,ESP,FW,31-327,54,0,0,0,0,0,0,0,0,29,0,0,0,0.0,0.0,0.0,1,0,19,27,70.4,1,19,1,2,2,Osasuna,2019-12-01 Espanyol-Osasuna,ESP-LALIGA,19-20,c4fb798c
ad178594,Raúl Navas,3,ESP,CB,31-204,36,0,0,0,0,0,0,0,0,7,0,0,0,0.0,0.0,0.0,0,0,1,4,25.0,0,0,0,0,0,Osasuna,2019-12-01 Espanyol-Osasuna,ESP-LALIGA,19-20,c4fb798c
253a06b9,Ezequiel Ávila,9,ARG,FW,25-298,90,1,0,0,0,6,2,0,0,36,0,0,1,1.2,1.2,0.0,4,2,13,21,61.9,4,19,1,0,0,Osasuna,2019-12-01 Espanyol-Osasuna,ESP-LALIGA,19-20,c4fb798c
5c96b017,Rubén García,14,ESP,LM,26-140,90,1,0,0,0,2,1,1,0,50,1,0,2,0.5,0.5,0.0,5,0,21,38,55.3,3,30,1,2,1,Osasuna,2019-12-01 Espanyol-Osasuna,ESP-LALIGA,19-20,c4fb798c
466824fb,Oier Sanjurjo,6,ESP,CM,33-190,90,0,0,0,0,0,0,0,0,44,2,0,1,0.0,0.0,0.1,1,0,24,35,68.6,1,18,1,0,0,Osasuna,2019-12-01 Espanyol-Osasuna,ESP-LALIGA,19-20,c4fb798c
4accb7e0,Darko Brašanac,20,SRB,CM,27-292,90,0,0,0,0,0,0,0,0,47,4,0,2,0.0,0.0,0.0,3,0,34,37,91.9,2,26,2,1,0,Osasuna,2019-12-01 Espanyol-Osasuna,ESP-LALIGA,19-20,c4fb798c
d733aa38,Roberto Torres,10,ESP,RM,30-269,90,1,0,1,1,4,3,0,0,45,2,1,0,0.9,0.1,0.0,0,0,24,33,72.7,3,25,0,0,0,Osasuna,2019-12-01 Espanyol-Osasuna,ESP-LALIGA,19-20,c4fb798c
d38fdf53,Pervis Estupiñán,30,ECU,LB,21-314,90,0,1,0,0,0,0,0,0,67,1,4,2,0.0,0.0,0.6,7,1,44,54,81.5,2,32,4,5,3,Osasuna,2019-12-01 Espanyol-Osasuna,ESP-LALIGA,19-20,c4fb798c
51e3954c,Facundo Roncaglia,12,ARG,CB,32-294,51,0,0,0,0,0,0,2,1,39,0,1,1,0.0,0.0,0.0,1,0,33,37,89.2,3,24,0,2,2,Osasuna,2019-12-01 Espanyol-Osasuna,ESP-LALIGA,19-20,c4fb798c
3e42f707,David García,5,ESP,CB,25-290,90,0,0,0,0,0,0,0,0,41,0,1,0,0.0,0.0,0.0,0,0,20,33,60.6,1,18,0,0,0,Osasuna,2019-12-01 Espanyol-Osasuna,ESP-LALIGA,19-20,c4fb798c
3a9c4b7b,Nacho Vidal,2,ESP,RB,24-311,59,0,0,0,0,0,0,0,0,45,0,1,0,0.0,0.0,0.0,0,0,28,41,68.3,8,28,0,1,1,Osasuna,2019-12-01 Espanyol-Osasuna,ESP-LALIGA,19-20,c4fb798c
9939e168,Jon Moncayola,27,ESP,RB,21-202,31,1,0,0,0,1,1,1,0,14,1,1,0,0.1,0.1,0.0,0,0,6,9,66.7,0,5,1,2,2,Osasuna,2019-12-01 Espanyol-Osasuna,ESP-LALIGA,19-20,c4fb798c
8f29e08b,Juan Pérez,26,ESP,GK,23-139,90,0,0,0,0,0,0,0,0,44,0,0,0,0.0,0.0,0.0,0,0,17,42,40.5,0,18,0,0,0,Osasuna,2019-12-01 Espanyol-Osasuna,ESP-LALIGA,19-20,c4fb798c
