id,Player,#,Nation,Pos,Age,Min,Performance,Performance,Performance,Performance,Performance,Performance,Performance,Performance,Performance,Performance,Performance,Performance,Expected,Expected,Expected,SCA,SCA,Passes,Passes,Passes,Passes,Carries,Carries,Take-Ons,Take-Ons,team,game,league,season,game_id
,,,,,,,Gls,Ast,PK,PKatt,Sh,SoT,CrdY,CrdR,Touches,Tkl,Int,Blocks,xG,npxG,xAG,SCA,GCA,Cmp,Att,Cmp%,PrgP,Carries,PrgC,Att,Succ,,,,,
6190474d,Jeong Woo-yeong,29,KOR,FW,21-356,71,0,0,0,0,2,2,0,0,20,0,0,0,0.2,0.2,0.0,1,0,9,13,69.2,2,12,2,1,0,Freiburg,2021-09-11 Freiburg-Köln,GER-BL1,21-22,09be4ced
52afb588,Kevin Schade,20,GER,FW,19-288,19,0,0,0,0,1,0,1,0,13,1,0,0,0.1,0.1,0.0,0,0,4,7,57.1,0,8,0,3,2,Freiburg,2021-09-11 Freiburg-Köln,GER-BL1,21-22,09be4ced
ca618d23,Lucas Höler,9,GER,FW,27-063,81,0,0,0,0,0,0,0,0,21,0,0,0,0.0,0.0,0.2,1,0,10,15,66.7,0,7,1,0,0,Freiburg,2021-09-11 Freiburg-Köln,GER-BL1,21-22,09be4ced
ed79b7d3,Ermedin Demirović,11,BIH,FW,23-170,9,0,0,0,0,0,0,0,0,0,0,0,0,0.0,0.0,0.0,0,0,0,0,,0,1,0,0,0,Freiburg,2021-09-11 Freiburg-Köln,GER-BL1,21-22,09be4ced
54e4866f,Vincenzo Grifo,32,ITA,LM,28-157,90,0,0,0,0,1,0,0,0,53,1,0,0,0.2,0.2,0.0,1,0,31,43,72.1,6,36,3,1,0,Freiburg,2021-09-11 Freiburg-Köln,GER-BL1,21-22,09be4ced
beb882a8,Maximilian Eggestein,8,GER,CM,24-277,45,0,0,0,0,0,0,0,0,27,2,1,1,0.0,0.0,0.0,1,0,17,21,81.0,1,16,0,0,0,Freiburg,2021-09-11 Freiburg-Köln,GER-BL1,21-22,09be4ced
70dcf94d,Janik Haberer,19,GER,CM,27-162,45,0,0,0,0,0,0,0,0,22,1,0,1,0.0,0.0,0.0,0,0,15,19,78.9,1,14,0,0,0,Freiburg,2021-09-11 Freiburg-Köln,GER-BL1,21-22,09be4ced
d2c580ce,Yannik Keitel,14,GER,CM,21-208,90,0,0,0,0,2,1,0,0,53,3,0,0,0.3,0.3,0.0,2,0,30,42,71.4,6,31,0,2,2,Freiburg,2021-09-11 Freiburg-Köln,GER-BL1,21-22,09be4ced
bf075f6b,Roland Sallai,22,HUN,RM,24-112,71,0,0,0,0,1,0,0,0,28,1,1,0,0.0,0.0,0.1,2,0,14,22,63.6,3,21,2,1,1,Freiburg,2021-09-11 Freiburg-Köln,GER-BL1,21-22,09be4ced
f93e6e94,Nils Petersen,18,GER,RM,32-279,19,0,0,0,0,0,0,0,0,6,0,0,0,0.0,0.0,0.0,0,0,1,4,25.0,0,2,0,0,0,Freiburg,2021-09-11 Freiburg-Köln,GER-BL1,21-22,09be4ced
8593f88c,Christian Günter,30,GER,LB,28-195,90,0,0,0,0,2,0,0,0,67,1,1,0,0.0,0.0,0.2,3,0,38,60,63.3,6,41,4,0,0,Freiburg,2021-09-11 Freiburg-Köln,GER-BL1,21-22,09be4ced
34e12499,Nico Schlotterbeck,4,GER,CB,21-284,90,0,0,0,0,0,0,0,0,66,3,3,2,0.0,0.0,0.2,5,0,39,48,81.3,9,42,2,1,0,Freiburg,2021-09-11 Freiburg-Köln,GER-BL1,21-22,09be4ced
302527b2,Philipp Lienhart,3,AUT,CB,25-062,90,0,0,0,0,0,0,0,0,74,1,1,2,0.0,0.0,0.0,0,0,58,62,93.5,2,51,0,0,0,Freiburg,2021-09-11 Freiburg-Köln,GER-BL1,21-22,09be4ced
2a29eb9b,Lukas Kübler,17,GER,RB,29-012,86,0,0,0,0,0,0,0,0,73,1,1,1,0.0,0.0,0.0,0,0,44,62,71.0,3,42,2,2,2,Freiburg,2021-09-11 Freiburg-Köln,GER-BL1,21-22,09be4ced
dd676a97,Noah Weißhaupt,33,GER,RB,19-356,4,0,0,0,0,0,0,0,0,5,0,0,0,0.0,0.0,0.0,0,0,3,4,75.0,1,3,2,1,1,Freiburg,2021-09-11 Freiburg-Köln,GER-BL1,21-22,09be4ced
a92ab7be,Mark Flekken,26,NED,GK,28-090,90,0,0,0,0,0,0,0,0,58,0,0,0,0.0,0.0,0.0,1,0,49,56,87.5,1,42,0,0,0,Freiburg,2021-09-11 Freiburg-Köln,GER-BL1,21-22,09be4ced
34e4343c,Anthony Modeste,27,FRA,FW,33-150,68,1,0,0,0,5,1,1,0,25,0,0,0,0.2,0.2,0.4,3,0,10,16,62.5,2,16,0,0,0,Köln,2021-09-11 Freiburg-Köln,GER-BL1,21-22,09be4ced
79ca3e23,Ondrej Duda,18,SVK,"CM,FW",26-280,22,0,0,0,0,0,0,0,0,12,0,0,0,0.0,0.0,0.0,0,0,9,10,90.0,2,10,0,1,0,Köln,2021-09-11 Freiburg-Köln,GER-BL1,21-22,09be4ced
b4cf5806,Sebastian Andersson,9,SWE,FW,30-058,81,0,0,0,0,4,1,0,0,31,0,0,0,0.4,0.4,0.0,1,0,15,17,88.2,1,21,0,1,1,Köln,2021-09-11 Freiburg-Köln,GER-BL1,21-22,09be4ced
b50ec54b,Louis Schaub,21,AUT,FW,26-256,9,0,0,0,0,0,0,0,0,5,1,1,0,0.0,0.0,0.0,0,0,1,2,50.0,0,4,1,1,1,Köln,2021-09-11 Freiburg-Köln,GER-BL1,21-22,09be4ced
94c18565,Florian Kainz,11,AUT,LM,28-322,73,0,0,0,0,2,0,2,1,45,0,0,2,0.2,0.2,0.3,4,0,20,34,58.8,7,31,5,0,0,Köln,2021-09-11 Freiburg-Köln,GER-BL1,21-22,09be4ced
a3ddb1b9,Mark Uth,13,GER,CM,30-018,61,0,0,0,0,3,2,0,0,27,1,0,2,0.3,0.3,0.1,3,0,14,17,82.4,2,19,3,1,0,Köln,2021-09-11 Freiburg-Köln,GER-BL1,21-22,09be4ced
c2211709,Ellyes Skhiri,28,TUN,"DM,CM",26-124,29,0,0,0,0,0,0,0,0,17,1,1,0,0.0,0.0,0.0,0,0,12,13,92.3,3,9,0,0,0,Köln,2021-09-11 Freiburg-Köln,GER-BL1,21-22,09be4ced
15413fa5,Salih Özcan,6,TUR,RM,23-243,68,0,0,0,0,0,0,0,0,26,0,0,1,0.0,0.0,0.0,3,1,12,18,66.7,4,18,4,2,1,Köln,2021-09-11 Freiburg-Köln,GER-BL1,21-22,09be4ced
792ffa71,Tim Lemperle,25,GER,"LM,RM",19-218,22,0,0,0,0,0,0,0,0,15,0,0,1,0.0,0.0,0.0,0,0,7,12,58.3,1,11,1,1,1,Köln,2021-09-11 Freiburg-Köln,GER-BL1,21-22,09be4ced
c455a2b2,Dejan Ljubicic,7,AUT,"DM,RM",23-338,81,0,0,0,0,0,0,0,0,38,1,2,0,0.0,0.0,0.0,2,0,24,27,88.9,4,20,1,2,0,Köln,2021-09-11 Freiburg-Köln,GER-BL1,21-22,09be4ced
3ba95f20,Tomáš Ostrák,31,CZE,RM,21-218,9,0,0,0,0,0,0,0,0,4,1,0,0,0.0,0.0,0.0,0,0,3,3,100.0,1,3,0,1,1,Köln,2021-09-11 Freiburg-Köln,GER-BL1,21-22,09be4ced
c2009df3,Jonas Hector,14,GER,LB,31-107,90,0,0,0,0,0,0,0,0,50,2,4,0,0.0,0.0,0.0,2,0,30,38,78.9,4,24,2,0,0,Köln,2021-09-11 Freiburg-Köln,GER-BL1,21-22,09be4ced
b0a0698b,Rafael Czichos,5,GER,CB,31-120,90,0,0,0,0,0,0,0,0,60,0,1,0,0.0,0.0,0.0,1,0,41,52,78.8,5,39,1,0,0,Köln,2021-09-11 Freiburg-Köln,GER-BL1,21-22,09be4ced
9f979eb2,Jorge Meré,22,ESP,CB,24-147,90,0,0,0,0,0,0,0,0,60,1,1,0,0.0,0.0,0.0,0,0,40,50,80.0,4,34,0,0,0,Köln,2021-09-11 Freiburg-Köln,GER-BL1,21-22,09be4ced
ad00b1a8,Benno Schmitz,2,GER,RB,26-298,90,0,1,0,0,1,0,0,0,67,2,1,3,0.0,0.0,0.2,5,1,38,58,65.5,2,33,3,0,0,Köln,2021-09-11 Freiburg-Köln,GER-BL1,21-22,09be4ced
3cd9e95a,Timo Horn,1,GER,GK,28-122,90,0,0,0,0,0,0,0,0,44,0,0,0,0.0,0.0,0.0,1,0,31,43,72.1,0,29,0,1,1,Köln,2021-09-11 Freiburg-Köln,GER-BL1,21-22,09be4ced
