id,Player,#,Nation,Pos,Age,Min,Performance,Performance,Performance,Performance,Performance,Performance,Performance,Performance,Performance,Performance,Performance,Performance,Expected,Expected,Expected,SCA,SCA,Passes,Passes,Passes,Passes,Carries,Carries,Take-Ons,Take-Ons,team,game,league,season,game_id
,,,,,,,Gls,Ast,PK,PKatt,Sh,SoT,CrdY,CrdR,Touches,Tkl,Int,Blocks,xG,npxG,xAG,SCA,GCA,Cmp,Att,Cmp%,PrgP,Carries,PrgC,Att,Succ,,,,,
9e1035f8,Ferrán Torres,21,ESP,"FW,RW,LW",20-248,90,1,0,0,0,5,1,0,0,28,1,0,0,0.6,0.6,0.3,5,1,18,20,90.0,1,17,1,0,0,Manchester City,2020-11-03 Manchester City-Olympiacos,UCL,20-21,427a63f0
b400bde0,Raheem Sterling,7,ENG,LW,25-331,81,0,0,0,0,1,1,0,0,39,1,0,0,0.0,0.0,0.1,2,0,27,34,79.4,3,23,4,2,2,Manchester City,2020-11-03 Manchester City-Olympiacos,UCL,20-21,427a63f0
3eb22ec9,Bernardo Silva,20,POR,"RW,LW",26-085,9,0,0,0,0,0,0,0,0,12,0,0,0,0.0,0.0,0.0,0,0,10,12,83.3,2,7,2,1,1,Manchester City,2020-11-03 Manchester City-Olympiacos,UCL,20-21,427a63f0
892d5bb1,Riyad Mahrez,26,ALG,RW,29-256,68,0,0,0,0,2,0,0,0,51,0,1,1,0.1,0.1,0.6,11,0,33,43,76.7,5,32,7,3,2,Manchester City,2020-11-03 Manchester City-Olympiacos,UCL,20-21,427a63f0
b66315ae,Gabriel Jesus,9,BRA,FW,23-214,22,1,0,0,0,2,1,0,0,14,0,0,0,0.1,0.1,0.0,0,0,10,11,90.9,0,9,1,0,0,Manchester City,2020-11-03 Manchester City-Olympiacos,UCL,20-21,427a63f0
ed1e53f3,Phil Foden,47,ENG,LM,20-159,68,0,0,0,0,2,1,0,0,54,0,0,1,0.1,0.1,0.0,3,0,39,50,78.0,5,34,6,0,0,Manchester City,2020-11-03 Manchester City-Olympiacos,UCL,20-21,427a63f0
6434f10d,Rodri,16,ESP,"CM,DM",24-134,22,0,0,0,0,0,0,0,0,30,1,0,0,0.0,0.0,0.0,0,0,26,28,92.9,2,16,1,0,0,Manchester City,2020-11-03 Manchester City-Olympiacos,UCL,20-21,427a63f0
819b3158,İlkay Gündoğan,8,GER,"CM,LM,DM",30-010,90,0,0,0,0,3,0,0,0,102,0,2,0,0.1,0.1,0.0,2,0,88,96,91.7,9,60,2,0,0,Manchester City,2020-11-03 Manchester City-Olympiacos,UCL,20-21,427a63f0
e46012d4,Kevin De Bruyne,17,BEL,RM,29-128,84,0,2,0,0,3,2,0,0,77,3,1,4,0.5,0.5,0.6,6,2,54,64,84.4,7,44,2,1,0,Manchester City,2020-11-03 Manchester City-Olympiacos,UCL,20-21,427a63f0
091c86e2,Felix Nmecha,61,GER,AM,20-024,6,0,1,0,0,0,0,0,0,4,0,0,1,0.0,0.0,0.0,1,1,3,3,100.0,0,3,0,0,0,Manchester City,2020-11-03 Manchester City-Olympiacos,UCL,20-21,427a63f0
51cf8561,Oleksandr Zinchenko,11,UKR,LB,23-324,90,0,0,0,0,0,0,0,0,116,0,0,0,0.0,0.0,0.0,1,0,95,112,84.8,9,66,6,1,1,Manchester City,2020-11-03 Manchester City-Olympiacos,UCL,20-21,427a63f0
eaeca114,Nathan Aké,6,NED,CB,25-259,90,0,0,0,0,0,0,0,0,84,0,0,1,0.0,0.0,0.0,0,0,78,80,97.5,4,63,0,0,0,Manchester City,2020-11-03 Manchester City-Olympiacos,UCL,20-21,427a63f0
5eecec3d,John Stones,5,ENG,CB,26-159,90,0,0,0,0,0,0,0,0,91,1,0,1,0.0,0.0,0.0,1,0,80,85,94.1,3,58,1,0,0,Manchester City,2020-11-03 Manchester City-Olympiacos,UCL,20-21,427a63f0
86dd77d1,Kyle Walker,2,ENG,RB,30-159,81,0,0,0,0,0,0,0,0,64,6,0,0,0.0,0.0,0.0,2,1,53,59,89.8,3,32,4,0,0,Manchester City,2020-11-03 Manchester City-Olympiacos,UCL,20-21,427a63f0
bd6351cd,João Cancelo,27,POR,RB,26-160,9,1,0,0,0,2,1,0,0,19,1,0,0,0.1,0.1,0.0,1,1,14,15,93.3,2,11,2,0,0,Manchester City,2020-11-03 Manchester City-Olympiacos,UCL,20-21,427a63f0
3bb7b8b4,Ederson,31,BRA,GK,27-078,90,0,0,0,0,0,0,0,0,31,0,0,0,0.0,0.0,0.0,0,0,27,31,87.1,0,22,0,0,0,Manchester City,2020-11-03 Manchester City-Olympiacos,UCL,20-21,427a63f0
c63f6e46,Youssef El-Arabi,11,MAR,FW,33-274,75,0,0,0,0,1,1,0,0,23,0,0,1,0.1,0.1,0.0,1,0,16,18,88.9,2,16,2,1,1,Olympiacos,2020-11-03 Manchester City-Olympiacos,UCL,20-21,427a63f0
9fc2531b,Koka,9,EGY,FW,27-243,15,0,0,0,0,0,0,0,0,3,0,0,0,0.0,0.0,0.0,0,0,2,3,66.7,0,1,0,0,0,Olympiacos,2020-11-03 Manchester City-Olympiacos,UCL,20-21,427a63f0
7a4cea18,Mathieu Valbuena,28,FRA,LW,36-036,84,0,0,0,0,1,0,0,0,66,1,1,1,0.3,0.3,0.1,2,0,47,56,83.9,3,50,4,2,1,Olympiacos,2020-11-03 Manchester City-Olympiacos,UCL,20-21,427a63f0
7a435eb3,Hillel Soudani,2,ALG,FW,32-344,6,0,0,0,0,0,0,0,0,2,0,0,0,0.0,0.0,0.0,0,0,0,0,,0,2,0,0,0,Olympiacos,2020-11-03 Manchester City-Olympiacos,UCL,20-21,427a63f0
1dbfae2d,Lazar Ranđelović,97,SRB,RW,23-090,45,0,0,0,0,0,0,0,0,16,1,1,0,0.0,0.0,0.0,0,0,8,11,72.7,1,9,1,1,1,Olympiacos,2020-11-03 Manchester City-Olympiacos,UCL,20-21,427a63f0
5caa62a7,Bruma,27,POR,"RW,RM",26-010,45,0,0,0,0,1,0,0,0,34,0,0,0,0.1,0.1,0.0,1,0,24,30,80.0,0,26,3,1,1,Olympiacos,2020-11-03 Manchester City-Olympiacos,UCL,20-21,427a63f0
1c07b06e,Andreas Bouchalakis,5,GRE,LM,27-212,45,0,0,0,0,0,0,0,0,29,4,2,0,0.0,0.0,0.0,0,0,21,23,91.3,2,19,0,1,1,Olympiacos,2020-11-03 Manchester City-Olympiacos,UCL,20-21,427a63f0
20df3aaf,Pedro Rodrigues,10,POR,CM,23-167,45,0,0,0,0,0,0,0,0,38,0,0,1,0.0,0.0,0.1,1,0,33,36,91.7,2,33,0,0,0,Olympiacos,2020-11-03 Manchester City-Olympiacos,UCL,20-21,427a63f0
d4133fa1,Yann M'Vila,6,FRA,"CM,LM",30-127,90,0,0,0,0,0,0,0,0,77,0,4,3,0.0,0.0,0.0,0,0,60,67,89.6,3,50,0,0,0,Olympiacos,2020-11-03 Manchester City-Olympiacos,UCL,20-21,427a63f0
13ea2544,Mohamed Camara,4,GUI,RM,23-249,72,0,0,0,0,2,0,1,0,48,1,0,0,0.1,0.1,0.0,0,0,33,43,76.7,1,38,2,1,1,Olympiacos,2020-11-03 Manchester City-Olympiacos,UCL,20-21,427a63f0
9d689a5b,Giorgos Masouras,19,GRE,"RM,LM,FW",26-307,18,0,0,0,0,0,0,0,0,13,2,0,0,0.0,0.0,0.1,2,0,8,10,80.0,0,10,0,0,0,Olympiacos,2020-11-03 Manchester City-Olympiacos,UCL,20-21,427a63f0
12aa7661,José Holebas,25,GRE,LB,36-129,90,0,0,0,0,1,0,0,0,51,1,1,3,0.1,0.1,0.0,2,0,33,36,91.7,2,31,4,6,4,Olympiacos,2020-11-03 Manchester City-Olympiacos,UCL,20-21,427a63f0
8bc373ea,Pape Abou Cissé,66,SEN,CB,25-050,90,0,0,0,0,0,0,0,0,56,0,2,4,0.0,0.0,0.0,0,0,33,45,73.3,0,43,0,0,0,Olympiacos,2020-11-03 Manchester City-Olympiacos,UCL,20-21,427a63f0
c904f3d5,Rúben Semedo,3,POR,CB,26-213,90,0,0,0,0,0,0,0,0,62,1,3,2,0.0,0.0,0.0,0,0,50,52,96.2,1,50,0,0,0,Olympiacos,2020-11-03 Manchester City-Olympiacos,UCL,20-21,427a63f0
d003e213,Rafinha,13,BRA,RB,35-057,90,0,0,0,0,0,0,0,0,64,1,1,0,0.0,0.0,0.0,1,0,57,57,100.0,2,41,1,0,0,Olympiacos,2020-11-03 Manchester City-Olympiacos,UCL,20-21,427a63f0
903b6e8b,José Sá,1,POR,GK,27-291,90,0,0,0,0,0,0,0,0,49,0,2,0,0.0,0.0,0.0,0,0,30,45,66.7,0,32,0,0,0,Olympiacos,2020-11-03 Manchester City-Olympiacos,UCL,20-21,427a63f0
