id,Player,#,Nation,Pos,Age,Min,Performance,Performance,Performance,Performance,Performance,Performance,Performance,Performance,Performance,Performance,Performance,Performance,Expected,Expected,Expected,SCA,SCA,Passes,Passes,Passes,Passes,Carries,Carries,Take-Ons,Take-Ons,team,game,league,season,game_id
,,,,,,,Gls,Ast,PK,PKatt,Sh,SoT,CrdY,CrdR,Touches,Tkl,Int,Blocks,xG,npxG,xAG,SCA,GCA,Cmp,Att,Cmp%,PrgP,Carries,PrgC,Att,Succ,,,,,
b35db3f6,Miguel Ángel Guerrero,9,ESP,FW,30-000,61,0,0,0,0,0,0,0,0,19,0,1,0,0.0,0.0,0.0,3,0,9,13,69.2,1,8,0,0,0,Leganés,2020-07-12 Leganés-Valencia,ESP-LALIGA,19-20,17171222
7c4243d4,Roque Mesa,6,ESP,"FW,LM",31-035,29,0,0,0,0,0,0,1,0,10,0,0,0,0.0,0.0,0.1,2,0,7,8,87.5,1,5,0,0,0,Leganés,2020-07-12 Leganés-Valencia,ESP-LALIGA,19-20,17171222
f1bed920,Kévin Rodrigues,24,POR,LM,26-129,21,0,0,0,0,0,0,0,0,8,0,0,1,0.0,0.0,0.0,1,0,4,6,66.7,0,5,1,0,0,Leganés,2020-07-12 Leganés-Valencia,ESP-LALIGA,19-20,17171222
7b5ab7f2,Bryan Gil,26,ESP,LM,19-152,64,0,0,0,0,2,0,0,0,21,1,0,0,0.1,0.1,0.1,3,0,10,14,71.4,1,15,5,1,1,Leganés,2020-07-12 Leganés-Valencia,ESP-LALIGA,19-20,17171222
53ddba36,Javier Avilés,33,ESP,RM,22-330,5,0,0,0,0,0,0,0,0,1,0,0,0,0.0,0.0,0.0,0,0,0,1,0.0,0,1,1,0,0,Leganés,2020-07-12 Leganés-Valencia,ESP-LALIGA,19-20,17171222
3c7bc9bd,Rubén Pérez,21,ESP,CM,31-077,85,1,0,1,1,1,0,0,0,36,1,0,0,0.8,0.0,0.0,2,0,26,32,81.3,1,18,0,1,1,Leganés,2020-07-12 Leganés-Valencia,ESP-LALIGA,19-20,17171222
54073b28,Recio,8,ESP,CM,29-183,5,0,0,0,0,0,0,1,0,7,1,1,0,0.0,0.0,0.0,0,0,3,4,75.0,0,3,0,0,0,Leganés,2020-07-12 Leganés-Valencia,ESP-LALIGA,19-20,17171222
9260926b,Ibrahim Amadou,23,FRA,CM,27-097,90,0,0,0,0,1,0,0,0,20,2,0,0,0.1,0.1,0.0,0,0,12,15,80.0,0,11,0,1,1,Leganés,2020-07-12 Leganés-Valencia,ESP-LALIGA,19-20,17171222
a55d8df5,Aitor Ruibal,19,ESP,"RM,RB",24-112,90,0,0,0,0,1,0,1,0,35,0,1,0,0.0,0.0,0.0,1,0,14,22,63.6,1,26,3,6,5,Leganés,2020-07-12 Leganés-Valencia,ESP-LALIGA,19-20,17171222
f2308b33,Jonathan Silva,5,ARG,LB,26-013,53,0,0,0,0,0,0,0,1,24,0,0,0,0.0,0.0,0.0,3,1,16,22,72.7,3,13,1,0,0,Leganés,2020-07-12 Leganés-Valencia,ESP-LALIGA,19-20,17171222
92d38e6c,Dimitris Siovas,22,GRE,CB,31-300,90,0,0,0,0,0,0,0,0,34,1,6,1,0.0,0.0,0.0,1,0,13,24,54.2,3,12,1,1,0,Leganés,2020-07-12 Leganés-Valencia,ESP-LALIGA,19-20,17171222
a03c82b2,Rodrigo Tarín,15,ESP,CB,24-007,90,0,0,0,0,0,0,0,0,24,1,0,2,0.0,0.0,0.0,0,0,13,15,86.7,1,8,0,0,0,Leganés,2020-07-12 Leganés-Valencia,ESP-LALIGA,19-20,17171222
70d8e84c,Chidozie Awaziem,12,NGA,CB,23-193,90,0,0,0,0,0,0,1,0,29,1,0,0,0.0,0.0,0.0,1,0,15,22,68.2,1,6,0,0,0,Leganés,2020-07-12 Leganés-Valencia,ESP-LALIGA,19-20,17171222
81069528,Roberto Rosales,16,VEN,"RB,LB",31-235,90,0,0,0,0,4,0,0,0,39,0,1,1,0.1,0.1,0.0,0,0,20,30,66.7,4,16,3,0,0,Leganés,2020-07-12 Leganés-Valencia,ESP-LALIGA,19-20,17171222
75751c99,Iván Cuéllar,1,ESP,GK,36-046,90,0,0,0,0,0,0,0,0,39,0,0,0,0.0,0.0,0.0,0,0,11,34,32.4,0,15,0,0,0,Leganés,2020-07-12 Leganés-Valencia,ESP-LALIGA,19-20,17171222
4c2e9442,Maxi Gómez,22,URU,FW,23-333,90,0,0,0,0,0,0,0,0,22,0,0,0,0.0,0.0,0.0,0,0,11,19,57.9,0,10,0,0,0,Valencia,2020-07-12 Leganés-Valencia,ESP-LALIGA,19-20,17171222
42276181,Kévin Gameiro,9,FRA,FW,33-064,85,0,0,0,0,0,0,0,0,20,0,0,2,0.0,0.0,0.0,1,0,13,16,81.3,0,12,0,0,0,Valencia,2020-07-12 Leganés-Valencia,ESP-LALIGA,19-20,17171222
19b776e9,Rubén Sobrino,23,ESP,FW,28-041,5,0,0,0,0,1,0,0,0,1,0,0,0,0.2,0.2,0.0,0,0,0,0,,0,1,0,0,0,Valencia,2020-07-12 Leganés-Valencia,ESP-LALIGA,19-20,17171222
e6bc67d7,Gonçalo Guedes,7,POR,LM,23-226,90,0,0,0,0,3,0,0,0,48,0,0,1,0.1,0.1,0.0,6,0,31,38,81.6,7,43,5,3,1,Valencia,2020-07-12 Leganés-Valencia,ESP-LALIGA,19-20,17171222
cce181df,Geoffrey Kondogbia,6,CTA,CM,27-148,45,0,0,0,0,1,0,0,0,45,3,2,0,0.1,0.1,0.0,0,0,32,38,84.2,6,27,0,0,0,Valencia,2020-07-12 Leganés-Valencia,ESP-LALIGA,19-20,17171222
9e1035f8,Ferrán Torres,20,ESP,RM,20-134,45,0,0,0,0,1,0,0,0,33,0,1,0,0.0,0.0,0.0,1,0,19,30,63.3,5,19,4,2,2,Valencia,2020-07-12 Leganés-Valencia,ESP-LALIGA,19-20,17171222
7460ca0d,Daniel Parejo,10,ESP,CM,31-087,90,0,0,0,1,1,1,0,0,98,4,1,0,0.8,0.0,0.2,9,0,77,92,83.7,18,63,2,2,2,Valencia,2020-07-12 Leganés-Valencia,ESP-LALIGA,19-20,17171222
a6951bf8,Francis Coquelin,17,FRA,"RM,CM,CB",29-060,90,0,0,0,0,0,0,0,0,47,1,1,1,0.0,0.0,0.1,4,0,40,43,93.0,4,28,0,0,0,Valencia,2020-07-12 Leganés-Valencia,ESP-LALIGA,19-20,17171222
808d48f3,Jaume Costa,3,ESP,LB,32-116,63,0,0,0,0,1,1,0,0,43,0,0,0,0.1,0.1,0.0,1,0,33,38,86.8,2,19,1,0,0,Valencia,2020-07-12 Leganés-Valencia,ESP-LALIGA,19-20,17171222
0ac94a23,Denis Cheryshev,11,RUS,LB,29-199,27,0,0,0,0,2,0,0,0,30,0,0,1,0.1,0.1,0.0,4,0,16,23,69.6,2,16,3,3,3,Valencia,2020-07-12 Leganés-Valencia,ESP-LALIGA,19-20,17171222
d2110326,Mouctar Diakhaby,12,GUI,CB,23-206,90,0,0,0,0,1,1,0,0,55,0,0,0,0.1,0.1,0.0,1,0,44,51,86.3,2,36,0,0,0,Valencia,2020-07-12 Leganés-Valencia,ESP-LALIGA,19-20,17171222
b7ca5c51,Gabriel Paulista,5,BRA,CB,29-229,73,0,0,0,0,1,0,0,0,58,0,0,0,0.1,0.1,0.0,0,0,51,55,92.7,1,36,1,0,0,Valencia,2020-07-12 Leganés-Valencia,ESP-LALIGA,19-20,17171222
8455ad90,Lee Kang-in,16,KOR,CM,19-144,17,0,0,0,0,2,1,0,0,21,0,0,0,0.1,0.1,0.0,1,0,13,19,68.4,3,13,0,0,0,Valencia,2020-07-12 Leganés-Valencia,ESP-LALIGA,19-20,17171222
d83bbc54,Daniel Wass,18,DEN,RB,31-042,63,0,0,0,0,0,0,1,0,49,0,0,1,0.0,0.0,0.0,0,0,35,46,76.1,1,23,1,0,0,Valencia,2020-07-12 Leganés-Valencia,ESP-LALIGA,19-20,17171222
e288d4b3,Alessandro Florenzi,25,ITA,RB,29-123,27,0,0,0,0,1,0,0,0,28,0,0,0,0.0,0.0,0.2,2,0,20,26,76.9,1,18,3,0,0,Valencia,2020-07-12 Leganés-Valencia,ESP-LALIGA,19-20,17171222
c9cb972b,Jaume Doménech,1,ESP,GK,29-250,90,0,0,0,0,0,0,0,0,27,0,0,0,0.0,0.0,0.0,0,0,18,26,69.2,0,10,0,0,0,Valencia,2020-07-12 Leganés-Valencia,ESP-LALIGA,19-20,17171222
