id,Player,#,Nation,Pos,Age,Min,Performance,Performance,Performance,Performance,Performance,Performance,Performance,Performance,Performance,Performance,Performance,Performance,Expected,Expected,Expected,SCA,SCA,Passes,Passes,Passes,Passes,Carries,Carries,Take-Ons,Take-Ons,team,game,league,season,game_id
,,,,,,,Gls,Ast,PK,PKatt,Sh,SoT,CrdY,CrdR,Touches,Tkl,Int,Blocks,xG,npxG,xAG,SCA,GCA,Cmp,Att,Cmp%,PrgP,Carries,PrgC,Att,Succ,,,,,
83c06f3a,Lorenzo Lucca,17,ITA,FW,23-111,86,1,0,0,0,3,1,0,0,17,1,0,1,0.4,0.4,0.0,0,0,3,5,60.0,0,5,0,1,0,Udinese,2023-12-30 Udinese-Bologna,ITA-SERIA_A,23-24,9577ee17
f573a8bf,Isaac Success,7,NGA,FW,27-357,4,0,0,0,0,0,0,1,0,3,0,0,0,0.0,0.0,0.0,0,0,1,1,100.0,0,2,0,2,1,Udinese,2023-12-30 Udinese-Bologna,ITA-SERIA_A,23-24,9577ee17
75f2c59f,Roberto Pereyra,37,ARG,FW,32-357,79,1,0,0,0,2,1,1,0,35,1,0,2,0.2,0.2,0.1,4,1,13,19,68.4,6,17,4,2,0,Udinese,2023-12-30 Udinese-Bologna,ITA-SERIA_A,23-24,9577ee17
2b9fdeea,Florian Thauvin,26,FRA,FW,30-338,11,0,0,0,0,0,0,0,0,7,0,0,0,0.0,0.0,0.0,0,0,4,5,80.0,0,6,2,3,2,Udinese,2023-12-30 Udinese-Bologna,ITA-SERIA_A,23-24,9577ee17
bdbff2b5,Martín Payero,32,ARG,DM,25-110,90,1,0,0,0,5,3,0,0,40,4,1,0,0.2,0.2,0.0,4,1,15,18,83.3,7,20,4,6,3,Udinese,2023-12-30 Udinese-Bologna,ITA-SERIA_A,23-24,9577ee17
26db8853,Walace,11,BRA,DM,28-270,79,0,0,0,0,0,0,0,0,29,0,4,0,0.0,0.0,0.0,2,0,18,22,81.8,0,8,0,0,0,Udinese,2023-12-30 Udinese-Bologna,ITA-SERIA_A,23-24,9577ee17
217c93a1,Lazar Samardzic,24,SRB,DM,21-309,11,0,0,0,0,0,0,0,0,2,0,0,0,0.0,0.0,0.0,0,0,2,2,100.0,0,1,0,0,0,Udinese,2023-12-30 Udinese-Bologna,ITA-SERIA_A,23-24,9577ee17
966eea58,Sandi Lovrić,4,SVN,DM,25-277,90,0,1,0,0,2,0,0,0,36,1,1,0,0.1,0.1,0.4,3,1,16,27,59.3,2,15,0,1,0,Udinese,2023-12-30 Udinese-Bologna,ITA-SERIA_A,23-24,9577ee17
19a12bed,Hassane Kamara,12,CIV,WB,29-300,86,0,0,0,0,1,1,0,0,32,0,0,0,0.2,0.2,0.0,4,0,21,27,77.8,3,10,1,3,1,Udinese,2023-12-30 Udinese-Bologna,ITA-SERIA_A,23-24,9577ee17
de0f152c,Adam Masina,3,MAR,WB,29-362,4,0,0,0,0,0,0,0,0,5,0,0,1,0.0,0.0,0.0,0,0,0,2,0.0,0,1,0,0,0,Udinese,2023-12-30 Udinese-Bologna,ITA-SERIA_A,23-24,9577ee17
dbfa4f16,Festy Ebosele,2,IRL,WB,21-150,69,0,0,0,0,1,1,0,0,18,1,0,0,0.0,0.0,0.0,3,0,5,7,71.4,0,14,5,9,2,Udinese,2023-12-30 Udinese-Bologna,ITA-SERIA_A,23-24,9577ee17
968a1c2f,Oier Zarraga,6,ESP,WB,24-360,21,0,0,0,0,0,0,0,0,7,0,1,1,0.0,0.0,0.0,0,0,3,3,100.0,0,2,0,0,0,Udinese,2023-12-30 Udinese-Bologna,ITA-SERIA_A,23-24,9577ee17
fadf9a05,Thomas Kristensen,31,DEN,CB,21-347,90,0,0,0,0,1,0,0,0,27,2,1,0,0.1,0.1,0.0,2,1,10,19,52.6,1,10,0,0,0,Udinese,2023-12-30 Udinese-Bologna,ITA-SERIA_A,23-24,9577ee17
f7c491f1,Nehuén Pérez,18,ARG,CB,23-189,90,0,0,0,0,0,0,0,0,31,1,3,1,0.0,0.0,0.0,1,0,16,19,84.2,2,10,0,0,0,Udinese,2023-12-30 Udinese-Bologna,ITA-SERIA_A,23-24,9577ee17
fb37a645,João Ferreira,13,POR,CB,22-283,90,0,0,0,0,0,0,0,0,45,5,3,1,0.0,0.0,0.0,0,0,25,32,78.1,1,15,0,1,1,Udinese,2023-12-30 Udinese-Bologna,ITA-SERIA_A,23-24,9577ee17
ab5c36dd,Maduka Okoye,40,NGA,GK,24-124,90,0,0,0,0,0,0,0,0,19,0,0,0,0.0,0.0,0.0,0,0,4,18,22.2,0,12,0,0,0,Udinese,2023-12-30 Udinese-Bologna,ITA-SERIA_A,23-24,9577ee17
028e70b9,Joshua Zirkzee,9,NED,FW,22-222,90,0,0,0,0,2,1,1,0,43,2,0,0,0.2,0.2,0.0,1,0,18,23,78.3,1,29,2,9,3,Bologna,2023-12-30 Udinese-Bologna,ITA-SERIA_A,23-24,9577ee17
2d9d9e42,Kacper Urbanski,82,POL,LW,19-114,73,0,0,0,0,1,1,1,0,35,2,0,2,0.0,0.0,0.0,1,0,21,27,77.8,2,19,3,4,2,Bologna,2023-12-30 Udinese-Bologna,ITA-SERIA_A,23-24,9577ee17
5b418e15,Sydney van Hooijdonk,77,NED,LW,23-327,17,0,0,0,0,1,1,0,0,2,0,0,0,0.1,0.1,0.0,0,0,0,1,0.0,0,1,0,0,0,Bologna,2023-12-30 Udinese-Bologna,ITA-SERIA_A,23-24,9577ee17
ee251371,Alexis Saelemaekers,56,BEL,RW,24-186,55,0,0,0,0,0,0,0,0,32,0,0,0,0.0,0.0,0.0,2,0,15,23,65.2,3,20,0,2,1,Bologna,2023-12-30 Udinese-Bologna,ITA-SERIA_A,23-24,9577ee17
e14ec482,Riccardo Orsolini,7,ITA,RW,26-340,35,0,0,0,0,1,0,0,0,15,0,0,0,0.0,0.0,0.2,2,0,9,14,64.3,4,10,3,1,1,Bologna,2023-12-30 Udinese-Bologna,ITA-SERIA_A,23-24,9577ee17
ee64a822,Lewis Ferguson,19,SCO,"AM,DM",24-128,90,0,0,0,0,1,0,1,0,56,2,0,1,0.0,0.0,0.1,5,0,45,51,88.2,3,42,0,0,0,Bologna,2023-12-30 Udinese-Bologna,ITA-SERIA_A,23-24,9577ee17
ff579c7e,Nikola Moro,6,CRO,DM,25-293,54,0,0,0,0,2,0,0,0,23,0,0,0,0.1,0.1,0.0,0,0,13,17,76.5,1,11,1,1,1,Bologna,2023-12-30 Udinese-Bologna,ITA-SERIA_A,23-24,9577ee17
f9c927de,Michel Aebischer,20,SUI,"RB,DM",26-358,36,0,0,0,0,1,0,0,0,34,0,0,0,0.1,0.1,0.0,3,0,26,30,86.7,0,18,0,0,0,Bologna,2023-12-30 Udinese-Bologna,ITA-SERIA_A,23-24,9577ee17
98d2c2c4,Remo Freuler,8,SUI,DM,31-259,90,0,0,0,0,0,0,1,0,68,2,0,1,0.0,0.0,0.0,1,0,57,63,90.5,8,46,0,0,0,Bologna,2023-12-30 Udinese-Bologna,ITA-SERIA_A,23-24,9577ee17
505486d6,Victor Bernth Kristiansen,15,DEN,LB,21-014,55,0,0,0,0,0,0,0,0,56,2,0,0,0.0,0.0,0.0,0,0,50,52,96.2,5,36,0,1,0,Bologna,2023-12-30 Udinese-Bologna,ITA-SERIA_A,23-24,9577ee17
f97f9188,Giovanni Fabbian,80,ITA,"AM,LB",20-350,35,0,0,0,0,3,2,1,0,11,0,0,0,0.3,0.3,0.2,2,0,4,5,80.0,0,5,0,0,0,Bologna,2023-12-30 Udinese-Bologna,ITA-SERIA_A,23-24,9577ee17
aded8e6f,Riccardo Calafiori,33,ITA,"CB,LB",21-225,90,0,0,0,0,2,0,0,0,87,2,1,1,0.1,0.1,0.0,0,0,68,75,90.7,6,52,1,0,0,Bologna,2023-12-30 Udinese-Bologna,ITA-SERIA_A,23-24,9577ee17
de13cee5,Sam Beukema,31,NED,CB,25-043,90,0,0,0,0,0,0,0,0,105,3,1,2,0.0,0.0,0.1,3,0,79,94,84.0,9,73,2,0,0,Bologna,2023-12-30 Udinese-Bologna,ITA-SERIA_A,23-24,9577ee17
7f609bfc,Stefan Posch,3,AUT,RB,26-230,54,0,0,0,0,0,0,0,0,69,4,0,1,0.0,0.0,0.1,1,0,54,64,84.4,3,46,2,0,0,Bologna,2023-12-30 Udinese-Bologna,ITA-SERIA_A,23-24,9577ee17
80490d7f,Jhon Lucumí,26,COL,"CB,RB",25-187,36,0,0,0,0,0,0,0,0,44,2,0,0,0.0,0.0,0.0,0,0,38,41,92.7,6,32,2,0,0,Bologna,2023-12-30 Udinese-Bologna,ITA-SERIA_A,23-24,9577ee17
ab4449d6,Łukasz Skorupski,28,POL,GK,32-239,90,0,0,0,0,0,0,0,0,22,0,0,0,0.0,0.0,0.0,0,0,17,18,94.4,0,6,0,0,0,Bologna,2023-12-30 Udinese-Bologna,ITA-SERIA_A,23-24,9577ee17
