id,Player,#,Nation,Pos,Age,Min,Performance,Performance,Performance,Performance,Performance,Performance,Performance,Performance,Performance,Performance,Performance,Performance,Expected,Expected,Expected,SCA,SCA,Passes,Passes,Passes,Passes,Carries,Carries,Take-Ons,Take-Ons,team,game,league,season,game_id
,,,,,,,Gls,Ast,PK,PKatt,Sh,SoT,CrdY,CrdR,Touches,Tkl,Int,Blocks,xG,npxG,xAG,SCA,GCA,Cmp,Att,Cmp%,PrgP,Carries,PrgC,Att,Succ,,,,,
b39a793e,Facundo Ferreyra,19,ARG,FW,26-267,88,0,0,0,0,2,1,0,0,18,1,0,0,0.5,0.5,0.0,1,0,12,13,92.3,1,10,2,0,0,Shakhtar Donetsk,2017-12-06 Shakhtar-Manchester City,UCL,17-18,78553112
862fa9fb,Davit Khocholava,5,GEO,CB,24-301,2,0,0,0,0,0,0,0,0,1,0,0,1,0.0,0.0,0.0,0,0,0,0,,0,0,0,0,0,Shakhtar Donetsk,2017-12-06 Shakhtar-Manchester City,UCL,17-18,78553112
ab4b3e35,Bernard,10,BRA,"LW,RM,RW",25-089,90,1,0,0,0,2,2,0,0,53,2,4,3,0.3,0.3,0.1,2,0,25,35,71.4,2,35,6,2,2,Shakhtar Donetsk,2017-12-06 Shakhtar-Manchester City,UCL,17-18,78553112
9139bb12,Marlos,11,UKR,RW,29-182,81,0,2,0,0,1,1,0,0,46,1,1,0,0.0,0.0,0.5,3,3,28,30,93.3,3,33,6,10,4,Shakhtar Donetsk,2017-12-06 Shakhtar-Manchester City,UCL,17-18,78553112
9d60028d,Viktor Kovalenko,74,UKR,"FW,AM,RW",21-295,9,0,0,0,0,0,0,0,0,5,0,0,1,0.0,0.0,0.0,0,0,3,3,100.0,0,3,0,0,0,Shakhtar Donetsk,2017-12-06 Shakhtar-Manchester City,UCL,17-18,78553112
7272a72a,Taison,7,BRA,"AM,LM,LW",29-327,90,0,0,0,0,4,0,0,0,47,1,0,1,0.2,0.2,0.7,8,0,31,37,83.8,8,31,11,5,4,Shakhtar Donetsk,2017-12-06 Shakhtar-Manchester City,UCL,17-18,78553112
ee3519f5,Taras Stepanenko,6,UKR,"DM,CM",28-120,90,0,0,0,0,0,0,0,0,43,4,2,1,0.0,0.0,0.2,2,0,32,35,91.4,0,16,0,1,1,Shakhtar Donetsk,2017-12-06 Shakhtar-Manchester City,UCL,17-18,78553112
b853e0ad,Fred,8,BRA,"DM,CM",24-276,90,0,0,0,0,2,0,0,0,58,3,0,2,0.1,0.1,0.1,3,0,39,46,84.8,3,36,2,4,4,Shakhtar Donetsk,2017-12-06 Shakhtar-Manchester City,UCL,17-18,78553112
cf182add,Ismaily,31,BRA,LB,27-329,63,1,0,0,0,1,1,0,0,33,1,3,0,0.4,0.4,0.1,3,1,18,26,69.2,0,12,4,5,4,Shakhtar Donetsk,2017-12-06 Shakhtar-Manchester City,UCL,17-18,78553112
53fc526b,Márcio Azevedo,66,BRA,LB,31-304,27,0,0,0,0,0,0,0,0,7,0,0,0,0.0,0.0,0.0,0,0,6,7,85.7,1,4,1,0,0,Shakhtar Donetsk,2017-12-06 Shakhtar-Manchester City,UCL,17-18,78553112
47fd5136,Yaroslav Rakitskiy,44,UKR,CB,28-125,90,0,0,0,0,1,1,1,0,36,1,1,1,0.1,0.1,0.0,0,0,22,27,81.5,1,12,0,0,0,Shakhtar Donetsk,2017-12-06 Shakhtar-Manchester City,UCL,17-18,78553112
86c75897,Ivan Ordets,18,UKR,CB,25-151,90,0,0,0,0,0,0,0,0,42,2,2,2,0.0,0.0,0.0,1,0,33,34,97.1,1,18,0,0,0,Shakhtar Donetsk,2017-12-06 Shakhtar-Manchester City,UCL,17-18,78553112
8a7a5ad7,Bohdan Butko,2,UKR,RB,26-327,90,0,0,0,0,0,0,0,0,58,3,2,1,0.0,0.0,0.0,0,0,33,41,80.5,2,15,1,0,0,Shakhtar Donetsk,2017-12-06 Shakhtar-Manchester City,UCL,17-18,78553112
34c3b935,Andriy Pyatov,30,UKR,GK,33-161,90,0,0,0,0,0,0,0,0,44,1,0,0,0.0,0.0,0.0,0,0,22,42,52.4,0,17,0,0,0,Shakhtar Donetsk,2017-12-06 Shakhtar-Manchester City,UCL,17-18,78553112
b66315ae,Gabriel Jesus,33,BRA,FW,20-247,90,0,0,0,0,2,0,0,0,36,1,1,3,0.4,0.4,0.1,3,1,23,27,85.2,0,26,1,2,0,Manchester City,2017-12-06 Shakhtar-Manchester City,UCL,17-18,78553112
2b114be3,Leroy Sané,19,GER,AM,21-329,61,0,0,0,0,1,1,0,0,37,0,0,0,0.1,0.1,0.1,3,0,23,29,79.3,1,30,1,5,2,Manchester City,2017-12-06 Shakhtar-Manchester City,UCL,17-18,78553112
407feb71,Brahim Díaz,55,MAR,"LM,AM",18-125,29,0,0,0,0,0,0,0,0,30,0,0,0,0.0,0.0,0.2,2,0,18,21,85.7,0,26,4,9,8,Manchester City,2017-12-06 Shakhtar-Manchester City,UCL,17-18,78553112
3eb22ec9,Bernardo Silva,20,POR,"AM,RM",23-118,90,0,0,0,0,0,0,0,0,45,1,0,0,0.0,0.0,0.5,4,0,31,39,79.5,3,42,6,6,5,Manchester City,2017-12-06 Shakhtar-Manchester City,UCL,17-18,78553112
819b3158,İlkay Gündoğan,8,GER,CM,27-043,90,0,0,0,0,1,0,1,0,119,2,1,0,0.0,0.0,0.0,0,0,105,113,92.9,12,84,4,7,6,Manchester City,2017-12-06 Shakhtar-Manchester City,UCL,17-18,78553112
c204f844,Yaya Touré,42,CIV,CM,34-207,90,0,0,0,0,1,0,0,0,80,3,0,0,0.0,0.0,0.0,2,0,66,74,89.2,7,66,2,2,2,Manchester City,2017-12-06 Shakhtar-Manchester City,UCL,17-18,78553112
ed1e53f3,Phil Foden,47,ENG,"WB,LB",17-192,90,0,0,0,0,1,0,0,0,86,2,0,0,0.1,0.1,0.0,0,0,64,78,82.1,2,65,3,2,1,Manchester City,2017-12-06 Shakhtar-Manchester City,UCL,17-18,78553112
94b2001f,Danilo,3,BRA,"WB,RB",26-144,90,0,0,0,0,0,0,1,0,80,4,0,2,0.0,0.0,0.0,2,0,60,71,84.5,7,55,3,1,1,Manchester City,2017-12-06 Shakhtar-Manchester City,UCL,17-18,78553112
f520049f,Eliaquim Mangala,15,FRA,CB,26-296,90,0,0,0,0,1,0,0,0,104,2,2,2,0.1,0.1,0.0,1,0,88,93,94.6,13,82,2,0,0,Manchester City,2017-12-06 Shakhtar-Manchester City,UCL,17-18,78553112
101da2b5,Fernandinho,25,BRA,CB,32-216,69,0,0,0,0,1,0,0,0,110,2,0,0,0.3,0.3,0.0,0,0,95,102,93.1,6,93,0,0,0,Manchester City,2017-12-06 Shakhtar-Manchester City,UCL,17-18,78553112
4d034881,Sergio Agüero,10,ARG,FW,29-187,21,1,0,1,1,1,0,0,0,11,0,0,1,0.8,0.1,0.0,2,1,6,6,100.0,2,9,0,1,0,Manchester City,2017-12-06 Shakhtar-Manchester City,UCL,17-18,78553112
c81d773d,Tosin Adarabioyo,24,ENG,CB,20-073,90,0,0,0,0,0,0,0,0,94,0,2,0,0.0,0.0,0.0,0,0,87,92,94.6,7,83,0,0,0,Manchester City,2017-12-06 Shakhtar-Manchester City,UCL,17-18,78553112
3bb7b8b4,Ederson,31,BRA,GK,24-111,90,0,0,0,0,0,0,0,0,24,0,0,0,0.0,0.0,0.0,0,0,22,23,95.7,0,17,0,0,0,Manchester City,2017-12-06 Shakhtar-Manchester City,UCL,17-18,78553112
