id,Player,#,Nation,Pos,Age,Min,Performance,Performance,Performance,Performance,Performance,Performance,Performance,Performance,Performance,Performance,Performance,Performance,Expected,Expected,Expected,SCA,SCA,Passes,Passes,Passes,Passes,Carries,Carries,Take-Ons,Take-Ons,team,game,league,season,game_id
,,,,,,,Gls,Ast,PK,PKatt,Sh,SoT,CrdY,CrdR,Touches,Tkl,Int,Blocks,xG,npxG,xAG,SCA,GCA,Cmp,Att,Cmp%,PrgP,Carries,PrgC,Att,Succ,,,,,
0a0cc13c,Sergio León,7,ESP,FW,34-023,75,0,0,0,0,2,0,0,0,20,0,0,0,0.1,0.1,0.0,3,0,8,9,88.9,0,13,1,2,0,Valladolid,2023-01-29 Valladolid-Valencia,ESP-LALIGA,22-23,7ca28cbe
e7af9060,Cyle Larin,25,CAN,FW,27-287,15,1,0,0,0,1,1,0,0,6,0,0,1,0.4,0.4,0.0,1,1,3,3,100.0,1,7,1,0,0,Valladolid,2023-01-29 Valladolid-Valencia,ESP-LALIGA,22-23,7ca28cbe
ed6ea4d9,Darwin Machís,22,VEN,LW,29-356,90,0,1,0,0,2,1,0,0,45,1,1,1,0.1,0.1,1.2,3,1,20,32,62.5,3,32,5,5,4,Valladolid,2023-01-29 Valladolid-Valencia,ESP-LALIGA,22-23,7ca28cbe
7c388b20,Óscar Plano,10,ESP,"RW,RM",31-352,90,0,0,0,0,2,1,0,0,38,3,0,1,0.5,0.5,0.0,3,0,14,23,60.9,2,21,3,4,2,Valladolid,2023-01-29 Valladolid-Valencia,ESP-LALIGA,22-23,7ca28cbe
014aa7bd,Álvaro Aguado,6,ESP,LM,26-273,59,0,0,0,0,0,0,1,0,22,0,0,1,0.0,0.0,0.0,1,0,16,19,84.2,1,17,0,0,0,Valladolid,2023-01-29 Valladolid-Valencia,ESP-LALIGA,22-23,7ca28cbe
54bcdeb0,Gonzalo Plata,11,ECU,RW,22-089,31,0,0,0,0,3,2,0,0,24,4,0,2,0.4,0.4,0.0,2,0,10,11,90.9,0,15,1,7,2,Valladolid,2023-01-29 Valladolid-Valencia,ESP-LALIGA,22-23,7ca28cbe
7c4243d4,Roque Mesa,17,ESP,CM,33-236,75,0,0,0,0,1,1,1,0,64,1,0,0,0.0,0.0,0.0,0,0,43,56,76.8,3,50,1,1,0,Valladolid,2023-01-29 Valladolid-Valencia,ESP-LALIGA,22-23,7ca28cbe
8ac501f5,Monchu,8,ESP,CM,23-138,15,0,0,0,0,0,0,0,0,9,0,0,0,0.0,0.0,0.0,0,0,5,9,55.6,0,6,0,0,0,Valladolid,2023-01-29 Valladolid-Valencia,ESP-LALIGA,22-23,7ca28cbe
237a3851,Kike Pérez,4,ESP,"RM,LM",25-349,90,0,0,0,0,1,0,0,0,60,3,1,1,0.0,0.0,0.0,2,0,37,46,80.4,6,34,0,0,0,Valladolid,2023-01-29 Valladolid-Valencia,ESP-LALIGA,22-23,7ca28cbe
4cee5954,Lucas Olaza,12,URU,LB,28-192,79,0,0,0,0,0,0,0,0,49,2,1,1,0.0,0.0,0.0,3,0,31,42,73.8,2,24,1,1,1,Valladolid,2023-01-29 Valladolid-Valencia,ESP-LALIGA,22-23,7ca28cbe
381dbcfc,David Torres,32,ESP,LB,19-330,11,0,0,0,0,0,0,0,0,8,0,1,0,0.0,0.0,0.0,0,0,6,7,85.7,1,5,0,0,0,Valladolid,2023-01-29 Valladolid-Valencia,ESP-LALIGA,22-23,7ca28cbe
60359288,Javi Sánchez,5,ESP,CB,25-321,90,0,0,0,0,0,0,1,0,73,3,0,1,0.0,0.0,0.0,1,0,51,62,82.3,3,46,1,0,0,Valladolid,2023-01-29 Valladolid-Valencia,ESP-LALIGA,22-23,7ca28cbe
b86a64b2,Joaquín Fernández,24,ESP,CB,26-243,90,0,0,0,0,0,0,0,0,67,0,1,2,0.0,0.0,0.0,0,0,44,55,80.0,3,45,0,0,0,Valladolid,2023-01-29 Valladolid-Valencia,ESP-LALIGA,22-23,7ca28cbe
5132b92c,Lucas Oliveira Rosa,39,BRA,RB,22-301,45,0,0,0,0,0,0,0,0,31,3,1,1,0.0,0.0,0.0,0,0,16,22,72.7,1,13,1,1,0,Valladolid,2023-01-29 Valladolid-Valencia,ESP-LALIGA,22-23,7ca28cbe
b7c04927,Luis Pérez,2,ESP,RB,27-359,45,0,0,0,0,1,0,0,0,35,1,0,1,0.0,0.0,0.0,1,0,24,27,88.9,2,22,1,3,0,Valladolid,2023-01-29 Valladolid-Valencia,ESP-LALIGA,22-23,7ca28cbe
8fae77ea,Jordi Masip,1,ESP,GK,34-026,90,0,0,0,0,0,0,0,0,30,0,0,0,0.0,0.0,0.0,0,0,27,28,96.4,0,17,0,0,0,Valladolid,2023-01-29 Valladolid-Valencia,ESP-LALIGA,22-23,7ca28cbe
527f063d,Edinson Cavani,7,URU,FW,35-349,81,0,0,0,0,2,1,0,0,31,0,0,0,0.1,0.1,0.1,3,0,19,27,70.4,0,18,0,0,0,Valencia,2023-01-29 Valladolid-Valencia,ESP-LALIGA,22-23,7ca28cbe
ae86d473,Marcos André,22,BRA,FW,26-101,9,0,0,0,0,1,0,0,0,4,0,0,0,0.0,0.0,0.0,1,0,2,3,66.7,0,3,0,0,0,Valencia,2023-01-29 Valladolid-Valencia,ESP-LALIGA,22-23,7ca28cbe
2a295d33,Samuel Lino,16,BRA,"LW,FW",23-037,81,0,0,0,0,3,0,0,0,42,1,0,1,0.3,0.3,0.0,4,0,19,26,73.1,5,30,3,1,0,Valencia,2023-01-29 Valladolid-Valencia,ESP-LALIGA,22-23,7ca28cbe
4c3a6744,Justin Kluivert,9,NED,FW,23-269,9,0,0,0,0,1,0,0,0,5,0,0,0,0.1,0.1,0.0,2,0,3,3,100.0,1,5,1,3,2,Valencia,2023-01-29 Valladolid-Valencia,ESP-LALIGA,22-23,7ca28cbe
130a7a3f,Samu Castillejo,11,ESP,RW,28-011,75,0,0,0,0,2,0,0,0,45,0,1,3,0.1,0.1,0.4,4,0,22,32,68.8,2,24,2,1,0,Valencia,2023-01-29 Valladolid-Valencia,ESP-LALIGA,22-23,7ca28cbe
106c142c,Jesus Vazquez,21,ESP,WB,20-027,15,0,0,0,0,0,0,0,0,6,0,0,0,0.0,0.0,0.1,2,0,5,6,83.3,1,3,1,1,1,Valencia,2023-01-29 Valladolid-Valencia,ESP-LALIGA,22-23,7ca28cbe
8e088e04,Toni Lato,3,ESP,LM,25-069,69,0,0,0,0,0,0,0,0,22,1,1,1,0.0,0.0,0.0,0,0,12,13,92.3,1,8,0,1,1,Valencia,2023-01-29 Valladolid-Valencia,ESP-LALIGA,22-23,7ca28cbe
f4c69aa6,Ilaix Moriba,8,GUI,"CM,LM",20-010,21,0,0,0,0,1,0,0,0,17,2,0,0,0.1,0.1,0.0,0,0,8,11,72.7,1,10,0,1,0,Valencia,2023-01-29 Valladolid-Valencia,ESP-LALIGA,22-23,7ca28cbe
b51b1b9c,Yunus Musah,4,USA,CM,20-061,90,0,0,0,0,1,1,0,0,43,0,1,1,0.3,0.3,0.2,5,0,23,30,76.7,4,26,3,3,1,Valencia,2023-01-29 Valladolid-Valencia,ESP-LALIGA,22-23,7ca28cbe
e6697917,Domingos André Ribeiro Almeida,18,POR,"RM,CM",22-244,90,0,0,0,0,0,0,1,0,71,4,2,2,0.0,0.0,0.1,2,0,45,58,77.6,7,43,2,5,3,Valencia,2023-01-29 Valladolid-Valencia,ESP-LALIGA,22-23,7ca28cbe
b05e2dbd,José Luis Gayà,14,ESP,"LB,WB",27-249,81,0,0,0,0,1,0,0,0,58,0,0,1,0.0,0.0,0.1,4,0,39,49,79.6,2,24,3,2,2,Valencia,2023-01-29 Valladolid-Valencia,ESP-LALIGA,22-23,7ca28cbe
45e17712,Dimitri Foulquier,20,FRA,WB,29-312,9,0,0,0,0,0,0,0,0,2,0,0,0,0.0,0.0,0.0,0,0,0,1,0.0,0,1,0,0,0,Valencia,2023-01-29 Valladolid-Valencia,ESP-LALIGA,22-23,7ca28cbe
9a93efc9,Cenk Özkacar,15,TUR,CB,22-115,90,0,0,0,0,2,0,0,0,46,3,2,0,0.1,0.1,0.0,1,0,27,36,75.0,2,25,2,1,1,Valencia,2023-01-29 Valladolid-Valencia,ESP-LALIGA,22-23,7ca28cbe
15937e17,Eray Cömert,24,SUI,CB,24-359,90,0,0,0,0,0,0,0,0,50,3,1,1,0.0,0.0,0.0,1,0,30,38,78.9,2,24,0,0,0,Valencia,2023-01-29 Valladolid-Valencia,ESP-LALIGA,22-23,7ca28cbe
dc1ce4f5,Cristhian Mosquera,33,ESP,"RB,CB",18-216,90,0,0,0,0,1,0,0,0,58,3,0,1,0.1,0.1,0.0,1,0,37,48,77.1,1,25,0,0,0,Valencia,2023-01-29 Valladolid-Valencia,ESP-LALIGA,22-23,7ca28cbe
d4b73232,Giorgi Mamardashvili,25,GEO,GK,22-122,90,0,0,0,0,0,0,0,0,33,0,0,0,0.0,0.0,0.0,0,0,18,30,60.0,1,15,0,0,0,Valencia,2023-01-29 Valladolid-Valencia,ESP-LALIGA,22-23,7ca28cbe
