id,Player,#,Nation,Pos,Age,Min,Performance,Performance,Performance,Performance,Performance,Performance,Performance,Performance,Performance,Performance,Performance,Performance,Expected,Expected,Expected,SCA,SCA,Passes,Passes,Passes,Passes,Carries,Carries,Take-Ons,Take-Ons,team,game,league,season,game_id
,,,,,,,Gls,Ast,PK,PKatt,Sh,SoT,CrdY,CrdR,Touches,Tkl,Int,Blocks,xG,npxG,xAG,SCA,GCA,Cmp,Att,Cmp%,PrgP,Carries,PrgC,Att,Succ,,,,,
75645f0e,Borja Iglesias,7,ESP,FW,25-325,90,0,0,0,0,3,0,0,0,43,2,1,0,0.4,0.4,0.1,4,0,23,30,76.7,1,28,0,0,0,Espanyol,2018-12-08 Espanyol-Barcelona,ESP-LALIGA,18-19,6e08f11b
379652be,Óscar Melendo,14,ESP,FW,21-107,62,0,0,0,0,0,0,0,0,28,1,1,0,0.0,0.0,0.0,2,0,21,23,91.3,4,19,3,2,1,Espanyol,2018-12-08 Espanyol-Barcelona,ESP-LALIGA,18-19,6e08f11b
2bee98fd,Sergio García,9,ESP,FW,35-182,28,0,0,0,0,0,0,0,0,18,0,1,0,0.0,0.0,0.0,3,0,10,13,76.9,3,10,0,1,0,Espanyol,2018-12-08 Espanyol-Barcelona,ESP-LALIGA,18-19,6e08f11b
ad4d0985,Víctor Sánchez,4,ESP,LM,31-091,90,0,0,0,0,2,0,0,0,64,2,4,2,0.1,0.1,0.4,8,0,41,52,78.8,11,36,0,1,0,Espanyol,2018-12-08 Espanyol-Barcelona,ESP-LALIGA,18-19,6e08f11b
da27e268,Marc Roca,21,ESP,CM,22-012,90,0,0,0,0,1,1,0,0,81,1,1,0,0.0,0.0,0.0,0,0,67,77,87.0,8,63,3,1,1,Espanyol,2018-12-08 Espanyol-Barcelona,ESP-LALIGA,18-19,6e08f11b
070a3904,Sergi Darder,10,ESP,CM,24-351,73,0,0,0,0,2,0,0,0,45,2,0,0,0.1,0.1,0.0,3,0,36,41,87.8,5,31,1,0,0,Espanyol,2018-12-08 Espanyol-Barcelona,ESP-LALIGA,18-19,6e08f11b
1b17ed86,Esteban Granero,23,ESP,CM,31-159,17,0,0,0,0,0,0,0,0,22,1,0,0,0.0,0.0,0.0,2,0,17,20,85.0,2,13,1,1,1,Espanyol,2018-12-08 Espanyol-Barcelona,ESP-LALIGA,18-19,6e08f11b
e1cea3f7,Hernán Pérez,17,PAR,RM,29-286,58,0,0,0,0,3,1,0,0,28,1,0,0,0.2,0.2,0.1,1,0,10,20,50.0,3,21,3,2,0,Espanyol,2018-12-08 Espanyol-Barcelona,ESP-LALIGA,18-19,6e08f11b
35f6db55,Léo Baptistão,11,BRA,RM,26-104,32,0,0,0,0,1,0,0,0,14,0,0,0,0.0,0.0,0.0,1,0,9,13,69.2,1,10,0,0,0,Espanyol,2018-12-08 Espanyol-Barcelona,ESP-LALIGA,18-19,6e08f11b
bad38a94,Dídac Vilà,12,ESP,LB,29-182,90,0,0,0,0,1,0,1,0,68,1,4,4,0.1,0.1,0.2,2,0,46,58,79.3,6,45,2,1,0,Espanyol,2018-12-08 Espanyol-Barcelona,ESP-LALIGA,18-19,6e08f11b
aa0ac32d,Óscar Duarte,6,CRC,CB,29-188,90,0,0,0,0,1,1,0,0,43,6,2,2,0.1,0.1,0.0,0,0,27,29,93.1,0,18,0,0,0,Espanyol,2018-12-08 Espanyol-Barcelona,ESP-LALIGA,18-19,6e08f11b
f03f284b,David López,15,ESP,CB,29-060,90,0,0,0,0,1,0,0,0,53,1,3,3,0.2,0.2,0.0,0,0,37,44,84.1,2,29,1,0,0,Espanyol,2018-12-08 Espanyol-Barcelona,ESP-LALIGA,18-19,6e08f11b
ffad706e,Javi López,16,ESP,RB,32-321,90,0,0,0,0,0,0,0,0,63,2,4,1,0.0,0.0,0.1,2,0,45,55,81.8,3,35,3,0,0,Espanyol,2018-12-08 Espanyol-Barcelona,ESP-LALIGA,18-19,6e08f11b
73683fa9,Diego López,13,ESP,GK,37-035,90,0,0,0,0,0,0,0,0,28,0,0,0,0.0,0.0,0.0,0,0,19,24,79.2,0,9,0,0,0,Espanyol,2018-12-08 Espanyol-Barcelona,ESP-LALIGA,18-19,6e08f11b
a6154613,Luis Suárez,9,URU,FW,31-318,78,1,0,0,0,4,2,0,0,31,0,0,0,0.9,0.9,0.0,7,2,19,21,90.5,3,16,1,2,1,Barcelona,2018-12-08 Espanyol-Barcelona,ESP-LALIGA,18-19,6e08f11b
8696bc90,Munir El Haddadi,19,MAR,FW,23-098,12,0,0,0,0,1,0,0,0,8,1,0,0,0.1,0.1,0.0,0,0,2,5,40.0,0,5,1,0,0,Barcelona,2018-12-08 Espanyol-Barcelona,ESP-LALIGA,18-19,6e08f11b
b19db005,Ousmane Dembélé,11,FRA,LW,21-207,67,1,1,0,0,2,1,0,0,43,3,1,0,0.2,0.2,1.1,4,2,28,35,80.0,2,29,4,4,2,Barcelona,2018-12-08 Espanyol-Barcelona,ESP-LALIGA,18-19,6e08f11b
0ef89a37,Philippe Coutinho,7,BRA,LW,26-179,23,0,0,0,0,1,1,0,0,19,1,0,1,0.0,0.0,0.0,2,0,13,14,92.9,1,14,1,3,1,Barcelona,2018-12-08 Espanyol-Barcelona,ESP-LALIGA,18-19,6e08f11b
d70ce98e,Lionel Messi,10,ARG,RW,31-167,90,2,1,0,0,5,4,0,0,60,1,0,0,1.4,1.4,0.9,9,2,36,49,73.5,10,41,6,10,8,Barcelona,2018-12-08 Espanyol-Barcelona,ESP-LALIGA,18-19,6e08f11b
67cdbc0e,Arturo Vidal,22,CHI,LM,31-200,90,0,0,0,0,1,0,0,0,72,6,4,0,0.3,0.3,0.0,2,0,52,58,89.7,2,37,0,0,0,Barcelona,2018-12-08 Espanyol-Barcelona,ESP-LALIGA,18-19,6e08f11b
5ab0ea87,Sergio Busquets,5,ESP,CM,30-145,90,0,0,0,0,0,0,0,0,56,1,3,0,0.0,0.0,0.0,3,1,45,50,90.0,3,26,1,1,0,Barcelona,2018-12-08 Espanyol-Barcelona,ESP-LALIGA,18-19,6e08f11b
89f951b5,Ivan Rakitić,4,CRO,RM,30-273,81,0,0,0,0,2,1,0,0,81,2,7,0,0.5,0.5,0.0,1,0,65,72,90.3,5,49,0,0,0,Barcelona,2018-12-08 Espanyol-Barcelona,ESP-LALIGA,18-19,6e08f11b
12c50af5,Denis Suárez,6,ESP,RM,24-336,9,0,0,0,0,0,0,0,0,11,0,0,0,0.0,0.0,0.1,2,0,7,11,63.6,1,9,1,3,3,Barcelona,2018-12-08 Espanyol-Barcelona,ESP-LALIGA,18-19,6e08f11b
4601e194,Jordi Alba,18,ESP,LB,29-262,90,0,0,0,0,1,0,0,0,94,2,3,0,0.0,0.0,0.0,1,0,65,80,81.3,4,54,1,0,0,Barcelona,2018-12-08 Espanyol-Barcelona,ESP-LALIGA,18-19,6e08f11b
4f28a6ff,Clément Lenglet,15,FRA,CB,23-174,90,0,0,0,0,0,0,0,0,61,0,0,2,0.0,0.0,0.0,0,0,51,58,87.9,1,44,0,0,0,Barcelona,2018-12-08 Espanyol-Barcelona,ESP-LALIGA,18-19,6e08f11b
adfc9123,Gerard Piqué,3,ESP,CB,31-309,90,0,0,0,0,0,0,0,0,63,1,0,0,0.0,0.0,0.0,0,0,53,60,88.3,2,43,0,1,1,Barcelona,2018-12-08 Espanyol-Barcelona,ESP-LALIGA,18-19,6e08f11b
d04b94db,Nélson Semedo,2,POR,RB,25-022,90,0,0,0,0,0,0,0,0,80,6,4,3,0.0,0.0,0.0,0,0,57,63,90.5,4,47,3,0,0,Barcelona,2018-12-08 Espanyol-Barcelona,ESP-LALIGA,18-19,6e08f11b
6f51e382,Marc-André ter Stegen,1,GER,GK,26-222,90,0,0,0,0,0,0,0,0,35,0,0,0,0.0,0.0,0.0,0,0,28,35,80.0,0,16,0,0,0,Barcelona,2018-12-08 Espanyol-Barcelona,ESP-LALIGA,18-19,6e08f11b
