id,Player,#,Nation,Pos,Age,Min,Performance,Performance,Performance,Performance,Performance,Performance,Performance,Performance,Performance,Performance,Performance,Performance,Expected,Expected,Expected,SCA,SCA,Passes,Passes,Passes,Passes,Carries,Carries,Take-Ons,Take-Ons,team,game,league,season,game_id
,,,,,,,Gls,Ast,PK,PKatt,Sh,SoT,CrdY,CrdR,Touches,Tkl,Int,Blocks,xG,npxG,xAG,SCA,GCA,Cmp,Att,Cmp%,PrgP,Carries,PrgC,Att,Succ,,,,,
0e0102eb,Omar Marmoush,17,EGY,FW,22-292,81,0,0,0,0,1,1,0,0,28,0,1,0,0.0,0.0,0.1,4,1,10,17,58.8,2,16,1,4,3,Stuttgart,2021-11-26 Stuttgart-Mainz 05,GER-BL1,21-22,d8bb03fe
99f7e9aa,Pascal Stenzel,15,GER,WB,25-251,9,0,0,0,0,0,0,0,0,4,0,1,2,0.0,0.0,0.0,0,0,0,1,0.0,0,0,0,0,0,Stuttgart,2021-11-26 Stuttgart-Mainz 05,GER-BL1,21-22,d8bb03fe
a572e291,Orel Mangala,23,BEL,AM,23-253,62,0,2,0,0,0,0,1,0,31,1,0,1,0.0,0.0,0.1,2,2,17,21,81.0,2,21,1,2,1,Stuttgart,2021-11-26 Stuttgart-Mainz 05,GER-BL1,21-22,d8bb03fe
2b7c56b4,Mateo Klimowicz,31,GER,AM,21-143,28,0,0,0,0,0,0,0,0,15,2,1,1,0.0,0.0,0.0,0,0,6,10,60.0,1,7,0,1,1,Stuttgart,2021-11-26 Stuttgart-Mainz 05,GER-BL1,21-22,d8bb03fe
76fa965f,Philipp Förster,20,GER,AM,26-295,62,0,0,0,0,1,0,0,0,30,0,0,0,0.1,0.1,0.0,1,0,19,23,82.6,2,17,1,2,2,Stuttgart,2021-11-26 Stuttgart-Mainz 05,GER-BL1,21-22,d8bb03fe
30261ba1,Nikolas Nartey,28,DEN,AM,21-277,28,0,0,0,0,0,0,0,0,12,0,1,0,0.0,0.0,0.0,0,0,6,8,75.0,1,4,0,1,0,Stuttgart,2021-11-26 Stuttgart-Mainz 05,GER-BL1,21-22,d8bb03fe
5762be5c,Atakan Karazor,16,GER,CM,25-044,90,0,0,0,0,1,0,0,0,62,3,1,2,0.0,0.0,0.0,1,0,34,50,68.0,7,23,0,1,1,Stuttgart,2021-11-26 Stuttgart-Mainz 05,GER-BL1,21-22,d8bb03fe
c149016b,Wataru Endo,3,JPN,CM,28-290,90,0,0,0,0,0,0,0,0,60,2,3,2,0.0,0.0,0.0,2,0,42,50,84.0,5,37,2,0,0,Stuttgart,2021-11-26 Stuttgart-Mainz 05,GER-BL1,21-22,d8bb03fe
af0d79a9,Borna Sosa,24,CRO,WB,23-309,90,1,0,0,0,1,1,1,0,71,1,2,2,0.1,0.1,0.0,2,1,39,59,66.1,3,36,1,2,1,Stuttgart,2021-11-26 Stuttgart-Mainz 05,GER-BL1,21-22,d8bb03fe
fc62fdf4,Roberto Massimo,30,GER,"WB,FW",21-045,84,0,0,0,0,1,0,0,0,26,0,0,0,0.0,0.0,0.0,0,0,9,13,69.2,0,10,2,2,1,Stuttgart,2021-11-26 Stuttgart-Mainz 05,GER-BL1,21-22,d8bb03fe
de4cac2d,Silas Katompa,14,COD,FW,23-051,6,0,0,0,0,0,0,0,0,8,0,0,1,0.0,0.0,0.0,0,0,0,0,,0,4,0,1,0,Stuttgart,2021-11-26 Stuttgart-Mainz 05,GER-BL1,21-22,d8bb03fe
204dded0,Hiroki Ito,37,JPN,CB,22-198,90,1,0,0,0,2,1,0,0,72,1,1,2,0.1,0.1,0.0,0,0,47,62,75.8,4,49,1,0,0,Stuttgart,2021-11-26 Stuttgart-Mainz 05,GER-BL1,21-22,d8bb03fe
5e66fa06,Waldemar Anton,2,GER,CB,25-129,90,0,0,0,0,0,0,0,0,68,0,3,3,0.0,0.0,0.0,0,0,44,51,86.3,0,43,1,1,1,Stuttgart,2021-11-26 Stuttgart-Mainz 05,GER-BL1,21-22,d8bb03fe
00963611,Konstantinos Mavropanos,5,GRE,CB,23-350,90,0,0,0,0,0,0,0,0,92,1,4,4,0.0,0.0,0.0,0,0,50,70,71.4,2,47,3,1,0,Stuttgart,2021-11-26 Stuttgart-Mainz 05,GER-BL1,21-22,d8bb03fe
cbac6ec9,Florian Müller,1,GER,GK,24-013,90,0,0,0,0,0,0,0,0,48,0,0,0,0.0,0.0,0.0,0,0,37,45,82.2,0,28,0,0,0,Stuttgart,2021-11-26 Stuttgart-Mainz 05,GER-BL1,21-22,d8bb03fe
05f99a4a,Jonathan Burkardt,29,GER,FW,21-138,74,0,0,0,0,1,0,0,0,32,0,0,0,0.0,0.0,0.1,2,0,12,23,52.2,3,21,2,1,0,Mainz 05,2021-11-26 Stuttgart-Mainz 05,GER-BL1,21-22,d8bb03fe
53e07d0b,Ádám Szalai,28,HUN,FW,33-352,16,0,0,0,0,1,0,0,0,5,1,0,0,0.1,0.1,0.0,0,0,0,3,0.0,0,4,0,0,0,Mainz 05,2021-11-26 Stuttgart-Mainz 05,GER-BL1,21-22,d8bb03fe
f26834c7,Karim Onisiwo,9,AUT,FW,29-254,74,0,0,0,0,6,1,0,0,38,2,0,1,0.3,0.3,0.0,1,0,12,22,54.5,0,20,5,2,0,Mainz 05,2021-11-26 Stuttgart-Mainz 05,GER-BL1,21-22,d8bb03fe
271b8617,Marcus Ingvartsen,11,DEN,FW,25-326,16,0,0,0,0,0,0,0,0,13,0,0,0,0.0,0.0,0.1,1,0,9,11,81.8,1,7,0,1,1,Mainz 05,2021-11-26 Stuttgart-Mainz 05,GER-BL1,21-22,d8bb03fe
635f2732,Jean-Paul Boëtius,5,NED,CM,27-249,90,0,1,0,0,2,0,1,0,78,0,1,1,0.0,0.0,0.4,6,1,55,69,79.7,7,52,1,2,1,Mainz 05,2021-11-26 Stuttgart-Mainz 05,GER-BL1,21-22,d8bb03fe
00242b75,Leandro Barreiro Martins,8,LUX,CM,21-327,74,0,0,0,0,1,0,0,0,45,1,4,1,0.0,0.0,0.0,2,0,32,34,94.1,3,34,0,1,0,Mainz 05,2021-11-26 Stuttgart-Mainz 05,GER-BL1,21-22,d8bb03fe
e5649a78,Kevin Stöger,22,AUT,CM,28-091,16,0,0,0,0,2,1,0,0,23,0,0,0,0.1,0.1,0.1,5,0,15,20,75.0,2,12,0,1,1,Mainz 05,2021-11-26 Stuttgart-Mainz 05,GER-BL1,21-22,d8bb03fe
34b0387f,Lee Jae-sung,7,KOR,CM,29-108,90,0,0,0,0,1,1,0,0,81,5,3,5,0.0,0.0,0.0,6,0,51,66,77.3,5,48,1,1,0,Mainz 05,2021-11-26 Stuttgart-Mainz 05,GER-BL1,21-22,d8bb03fe
2f3e911a,Aarón Martín,3,ESP,WB,24-218,90,0,0,0,0,2,0,1,0,70,2,1,1,0.0,0.0,0.0,1,0,40,62,64.5,6,37,3,0,0,Mainz 05,2021-11-26 Stuttgart-Mainz 05,GER-BL1,21-22,d8bb03fe
f68b64fc,Silvan Widmer,30,SUI,WB,28-266,90,0,0,0,0,0,0,0,0,65,4,1,1,0.0,0.0,0.1,3,0,45,57,78.9,9,29,1,0,0,Mainz 05,2021-11-26 Stuttgart-Mainz 05,GER-BL1,21-22,d8bb03fe
00242715,Moussa Niakhate,19,SEN,CB,25-263,90,0,0,0,0,0,0,0,0,90,1,3,2,0.0,0.0,0.0,2,0,53,77,68.8,5,48,1,0,0,Mainz 05,2021-11-26 Stuttgart-Mainz 05,GER-BL1,21-22,d8bb03fe
a5ec3ede,Alexander Hack,42,GER,CB,28-079,90,1,0,0,0,2,2,0,0,66,2,2,0,0.2,0.2,0.0,1,1,40,51,78.4,3,34,0,0,0,Mainz 05,2021-11-26 Stuttgart-Mainz 05,GER-BL1,21-22,d8bb03fe
da76715c,David Nemeth,34,AUT,CB,20-253,74,0,0,0,0,0,0,0,0,46,0,1,0,0.0,0.0,0.0,1,0,36,43,83.7,1,26,0,0,0,Mainz 05,2021-11-26 Stuttgart-Mainz 05,GER-BL1,21-22,d8bb03fe
0f59a7bf,Anton Stach,6,GER,CB,23-011,16,0,0,0,0,0,0,0,0,8,0,0,0,0.0,0.0,0.0,0,0,6,7,85.7,1,5,1,0,0,Mainz 05,2021-11-26 Stuttgart-Mainz 05,GER-BL1,21-22,d8bb03fe
5c4bf6ba,Robin Zentner,27,GER,GK,27-029,90,0,0,0,0,0,0,0,0,38,0,0,0,0.0,0.0,0.0,0,0,28,37,75.7,0,23,0,0,0,Mainz 05,2021-11-26 Stuttgart-Mainz 05,GER-BL1,21-22,d8bb03fe
