id,Player,#,Nation,Pos,Age,Min,Performance,Performance,Performance,Performance,Performance,Performance,Performance,Performance,Performance,Performance,Performance,Performance,Expected,Expected,Expected,SCA,SCA,Passes,Passes,Passes,Passes,Carries,Carries,Take-Ons,Take-Ons,team,game,league,season,game_id
,,,,,,,Gls,Ast,PK,PKatt,Sh,SoT,CrdY,CrdR,Touches,Tkl,Int,Blocks,xG,npxG,xAG,SCA,GCA,Cmp,Att,Cmp%,PrgP,Carries,PrgC,Att,Succ,,,,,
4d8cd038,Luka Jović,7,SRB,FW,25-058,68,0,0,0,0,3,0,0,0,16,0,0,2,0.2,0.2,0.0,2,0,6,9,66.7,0,6,0,1,0,Fiorentina,2023-02-19 Fiorentina-Empoli,ITA-SERIA_A,22-23,32c3a2f8
a820e429,Arthur Cabral,9,BRA,FW,24-300,22,1,0,0,0,2,2,0,0,8,0,0,0,0.5,0.5,0.0,0,0,2,5,40.0,0,4,0,1,0,Fiorentina,2023-02-19 Fiorentina-Empoli,ITA-SERIA_A,22-23,32c3a2f8
3bb7af3b,Riccardo Saponara,8,ITA,LW,31-060,45,0,0,0,0,1,0,0,0,17,1,0,1,0.0,0.0,0.1,3,0,7,13,53.8,2,10,1,0,0,Fiorentina,2023-02-19 Fiorentina-Empoli,ITA-SERIA_A,22-23,32c3a2f8
42eaa028,Jonathan Ikone,11,FRA,RW,24-293,45,0,0,0,0,2,0,0,0,33,0,0,0,0.1,0.1,0.2,4,0,22,25,88.0,2,21,3,2,0,Fiorentina,2023-02-19 Fiorentina-Empoli,ITA-SERIA_A,22-23,32c3a2f8
2374aaca,Nicolás González,22,ARG,"LW,RW",24-319,90,0,0,0,0,3,0,0,0,56,1,1,2,0.2,0.2,0.4,7,0,30,43,69.8,4,29,2,1,0,Fiorentina,2023-02-19 Fiorentina-Empoli,ITA-SERIA_A,22-23,32c3a2f8
c7259b83,Rolando Mandragora,38,ITA,LM,25-235,90,0,0,0,0,4,0,0,0,55,1,0,1,0.2,0.2,0.3,12,1,35,45,77.8,6,18,0,1,0,Fiorentina,2023-02-19 Fiorentina-Empoli,ITA-SERIA_A,22-23,32c3a2f8
5a2cb25d,Sofyan Amrabat,34,MAR,CM,26-182,69,0,0,0,0,1,0,0,0,42,0,0,0,0.1,0.1,0.1,2,0,29,38,76.3,3,26,2,1,1,Fiorentina,2023-02-19 Fiorentina-Empoli,ITA-SERIA_A,22-23,32c3a2f8
d995ed27,Giacomo Bonaventura,5,ITA,CM,33-181,21,0,0,0,0,2,0,0,0,17,0,0,0,0.2,0.2,0.0,2,1,12,14,85.7,0,7,2,0,0,Fiorentina,2023-02-19 Fiorentina-Empoli,ITA-SERIA_A,22-23,32c3a2f8
01efac19,Antonín Barák,72,CZE,RM,28-078,90,0,0,0,0,4,0,0,0,55,2,0,2,0.2,0.2,0.3,6,0,36,40,90.0,7,34,4,1,0,Fiorentina,2023-02-19 Fiorentina-Empoli,ITA-SERIA_A,22-23,32c3a2f8
3ef0a2d7,Aleksa Terzić,15,SRB,LB,23-186,90,0,0,0,0,0,0,0,0,91,1,0,2,0.0,0.0,0.2,5,0,61,80,76.3,5,47,7,2,0,Fiorentina,2023-02-19 Fiorentina-Empoli,ITA-SERIA_A,22-23,32c3a2f8
3ec3c1c9,Lucas Martínez Quarta,28,ARG,CB,26-285,90,0,0,0,0,4,1,1,0,66,5,2,1,0.4,0.4,0.0,2,0,39,48,81.3,3,30,0,2,2,Fiorentina,2023-02-19 Fiorentina-Empoli,ITA-SERIA_A,22-23,32c3a2f8
bee704fc,Nikola Milenković,4,SRB,CB,25-130,39,0,0,0,0,0,0,0,0,16,0,0,0,0.0,0.0,0.0,1,0,13,16,81.3,3,7,0,0,0,Fiorentina,2023-02-19 Fiorentina-Empoli,ITA-SERIA_A,22-23,32c3a2f8
a4e85758,Igor,98,BRA,CB,25-012,51,0,0,0,0,0,0,0,0,38,1,0,0,0.0,0.0,0.0,0,0,31,37,83.8,3,21,0,1,1,Fiorentina,2023-02-19 Fiorentina-Empoli,ITA-SERIA_A,22-23,32c3a2f8
983ff2c7,Lorenzo Venuti,23,ITA,RB,27-313,45,0,0,0,0,1,0,0,0,38,0,0,0,0.1,0.1,0.0,2,0,27,34,79.4,3,21,2,0,0,Fiorentina,2023-02-19 Fiorentina-Empoli,ITA-SERIA_A,22-23,32c3a2f8
b5f7d10b,Dodô,2,BRA,RB,24-094,45,0,0,0,0,0,0,0,0,35,0,0,0,0.0,0.0,0.0,3,0,28,33,84.8,7,22,3,2,2,Fiorentina,2023-02-19 Fiorentina-Empoli,ITA-SERIA_A,22-23,32c3a2f8
e1b0a70d,Pietro Terracciano,1,ITA,GK,32-348,90,0,0,0,0,0,0,0,0,33,0,0,0,0.0,0.0,0.0,1,0,30,30,100.0,0,19,0,0,0,Fiorentina,2023-02-19 Fiorentina-Empoli,ITA-SERIA_A,22-23,32c3a2f8
5bd72174,Francesco Caputo,19,ITA,FW,35-197,83,0,1,0,0,1,1,0,0,18,1,0,0,0.3,0.3,0.2,2,1,11,14,78.6,1,19,2,0,0,Empoli,2023-02-19 Fiorentina-Empoli,ITA-SERIA_A,22-23,32c3a2f8
1cadaf34,Roberto Piccoli,91,ITA,FW,22-023,7,0,0,0,0,0,0,0,0,8,0,0,0,0.0,0.0,0.0,0,0,4,7,57.1,0,4,1,3,2,Empoli,2023-02-19 Fiorentina-Empoli,ITA-SERIA_A,22-23,32c3a2f8
91ff775f,Nicolò Cambiaghi,28,ITA,FW,22-053,58,1,0,0,0,1,1,0,0,12,0,0,0,0.2,0.2,0.0,0,0,6,9,66.7,3,10,3,0,0,Empoli,2023-02-19 Fiorentina-Empoli,ITA-SERIA_A,22-23,32c3a2f8
86383d0e,Martin Satriano,9,URU,FW,21-364,32,0,0,0,0,1,0,0,0,17,0,0,0,0.1,0.1,0.0,0,0,8,13,61.5,1,13,0,1,1,Empoli,2023-02-19 Fiorentina-Empoli,ITA-SERIA_A,22-23,32c3a2f8
102e2599,Tommaso Baldanzi,35,ITA,AM,19-333,72,0,0,0,0,0,0,1,0,21,1,0,0,0.0,0.0,0.0,1,1,13,16,81.3,2,13,1,1,0,Empoli,2023-02-19 Fiorentina-Empoli,ITA-SERIA_A,22-23,32c3a2f8
fa449bba,Nicolas Haas,32,SUI,AM,27-027,18,0,0,0,0,0,0,0,0,8,0,1,0,0.0,0.0,0.0,0,0,2,4,50.0,1,4,0,0,0,Empoli,2023-02-19 Fiorentina-Empoli,ITA-SERIA_A,22-23,32c3a2f8
d44360be,Filippo Bandinelli,25,ITA,LM,27-327,83,0,0,0,0,1,0,1,0,37,6,1,1,0.0,0.0,0.0,1,0,18,24,75.0,3,20,0,0,0,Empoli,2023-02-19 Fiorentina-Empoli,ITA-SERIA_A,22-23,32c3a2f8
6cc97b6a,Alberto Grassi,5,ITA,LM,27-349,7,0,0,0,0,0,0,0,0,4,0,0,0,0.0,0.0,0.0,0,0,1,2,50.0,1,1,0,0,0,Empoli,2023-02-19 Fiorentina-Empoli,ITA-SERIA_A,22-23,32c3a2f8
7fac99d4,Răzvan Marin,18,ROU,CM,26-272,90,0,0,0,0,0,0,0,0,49,1,0,4,0.0,0.0,0.0,2,0,30,41,73.2,0,28,1,0,0,Empoli,2023-02-19 Fiorentina-Empoli,ITA-SERIA_A,22-23,32c3a2f8
fdf4b948,Jean-Daniel Akpa-Akpro,11,CIV,RM,30-131,72,0,0,0,0,0,0,1,0,21,4,1,1,0.0,0.0,0.3,1,0,9,12,75.0,1,12,0,3,2,Empoli,2023-02-19 Fiorentina-Empoli,ITA-SERIA_A,22-23,32c3a2f8
d7918b13,Liam Henderson,8,SCO,RM,26-300,18,0,0,0,0,0,0,0,0,10,0,1,1,0.0,0.0,0.3,2,0,6,8,75.0,0,6,0,0,0,Empoli,2023-02-19 Fiorentina-Empoli,ITA-SERIA_A,22-23,32c3a2f8
dd86e8e4,Liberato Cacace,3,NZL,LB,22-145,90,0,0,0,0,0,0,1,0,49,3,0,3,0.0,0.0,0.0,0,0,25,33,75.8,2,24,0,4,1,Empoli,2023-02-19 Fiorentina-Empoli,ITA-SERIA_A,22-23,32c3a2f8
997fff07,Sebastiano Luperto,33,ITA,CB,26-166,90,0,0,0,0,0,0,0,0,63,0,1,6,0.0,0.0,0.0,0,0,35,45,77.8,2,30,0,0,0,Empoli,2023-02-19 Fiorentina-Empoli,ITA-SERIA_A,22-23,32c3a2f8
6b635f5c,Ardian Ismajli,34,ALB,CB,26-142,90,0,0,0,0,0,0,1,0,36,1,1,0,0.0,0.0,0.0,0,0,18,25,72.0,2,16,0,0,0,Empoli,2023-02-19 Fiorentina-Empoli,ITA-SERIA_A,22-23,32c3a2f8
6af30900,Tyronne Ebuehi,24,NGA,RB,27-065,90,0,0,0,0,1,1,0,0,35,1,2,0,0.1,0.1,0.0,0,0,15,24,62.5,0,14,0,4,2,Empoli,2023-02-19 Fiorentina-Empoli,ITA-SERIA_A,22-23,32c3a2f8
77d6fd4d,Guglielmo Vicario,13,ITA,GK,26-135,90,0,0,0,0,0,0,0,0,47,0,0,0,0.0,0.0,0.0,0,0,29,45,64.4,0,24,0,0,0,Empoli,2023-02-19 Fiorentina-Empoli,ITA-SERIA_A,22-23,32c3a2f8
