id,Player,#,Nation,Pos,Age,Min,Performance,Performance,Performance,Performance,Performance,Performance,Performance,Performance,Performance,Performance,Performance,Performance,Expected,Expected,Expected,SCA,SCA,Passes,Passes,Passes,Passes,Carries,Carries,Take-Ons,Take-Ons,team,game,league,season,game_id
,,,,,,,Gls,Ast,PK,PKatt,Sh,SoT,CrdY,CrdR,Touches,Tkl,Int,Blocks,xG,npxG,xAG,SCA,GCA,Cmp,Att,Cmp%,PrgP,Carries,PrgC,Att,Succ,,,,,
1079c685,Alberto Cerri,17,ITA,FW,27-308,45,0,0,0,0,0,0,0,0,11,0,1,0,0.0,0.0,0.0,0,0,4,8,50.0,0,4,0,0,0,Empoli,2024-02-18 Empoli-Fiorentina,ITA-SERIA_A,23-24,802e40b2
b6a1cdf9,Matteo Cancellieri,20,ITA,RW,22-006,45,0,0,0,0,1,1,0,0,18,1,0,0,0.2,0.2,0.0,3,2,5,9,55.6,1,10,1,6,2,Empoli,2024-02-18 Empoli-Fiorentina,ITA-SERIA_A,23-24,802e40b2
91ff775f,Nicolò Cambiaghi,28,ITA,"LW,AM",23-052,90,0,0,0,0,1,1,0,0,26,4,1,2,0.0,0.0,0.2,1,0,11,15,73.3,1,18,3,3,2,Empoli,2024-02-18 Empoli-Fiorentina,ITA-SERIA_A,23-24,802e40b2
4e1d5e59,Szymon Żurkowski,27,POL,"RM,AM",26-146,90,0,0,0,0,1,0,1,0,30,2,2,0,0.0,0.0,0.0,2,0,15,18,83.3,3,22,3,1,0,Empoli,2024-02-18 Empoli-Fiorentina,ITA-SERIA_A,23-24,802e40b2
4c8845f7,Youssef Maleh,29,MAR,"CM,LM",25-180,79,0,0,0,0,0,0,0,0,38,1,0,0,0.0,0.0,0.0,1,0,28,33,84.8,3,17,0,1,0,Empoli,2024-02-18 Empoli-Fiorentina,ITA-SERIA_A,23-24,802e40b2
06b08c45,Jacopo Fazzini,21,ITA,LM,20-339,11,0,0,0,0,0,0,0,0,5,1,0,0,0.0,0.0,0.0,0,0,2,4,50.0,2,2,0,0,0,Empoli,2024-02-18 Empoli-Fiorentina,ITA-SERIA_A,23-24,802e40b2
6cc97b6a,Alberto Grassi,5,ITA,CM,28-348,29,0,0,0,0,0,0,0,0,10,0,0,0,0.0,0.0,0.0,0,0,8,10,80.0,2,3,0,0,0,Empoli,2024-02-18 Empoli-Fiorentina,ITA-SERIA_A,23-24,802e40b2
7fac99d4,Răzvan Marin,18,ROU,CM,27-271,61,0,0,0,0,1,1,0,0,28,1,0,1,0.0,0.0,0.0,1,0,15,20,75.0,0,10,0,0,0,Empoli,2024-02-18 Empoli-Fiorentina,ITA-SERIA_A,23-24,802e40b2
dd86e8e4,Liberato Cacace,13,NZL,"WB,LB",23-144,86,0,0,0,0,0,0,0,0,53,2,2,1,0.0,0.0,0.0,1,0,28,44,63.6,1,24,1,2,1,Empoli,2024-02-18 Empoli-Fiorentina,ITA-SERIA_A,23-24,802e40b2
149c5f5d,Giuseppe Pezzella,3,ITA,LB,26-081,4,0,0,0,0,0,0,0,0,7,0,0,0,0.0,0.0,0.0,0,0,3,6,50.0,0,1,0,0,0,Empoli,2024-02-18 Empoli-Fiorentina,ITA-SERIA_A,23-24,802e40b2
f9758dae,Emmanuel Gyasi,11,GHA,WB,30-038,45,0,0,0,0,0,0,1,0,14,0,0,0,0.0,0.0,0.0,0,0,7,12,58.3,1,8,0,0,0,Empoli,2024-02-18 Empoli-Fiorentina,ITA-SERIA_A,23-24,802e40b2
2054d037,M'Baye Niang,10,SEN,FW,29-061,45,1,0,1,1,0,0,0,0,15,0,0,0,0.8,0.0,0.0,0,0,8,9,88.9,1,10,0,1,0,Empoli,2024-02-18 Empoli-Fiorentina,ITA-SERIA_A,23-24,802e40b2
997fff07,Sebastiano Luperto,33,ITA,CB,27-165,90,0,0,0,0,0,0,1,0,53,0,0,0,0.0,0.0,0.0,0,0,36,50,72.0,0,30,1,1,1,Empoli,2024-02-18 Empoli-Fiorentina,ITA-SERIA_A,23-24,802e40b2
217875a4,Sebastian Walukiewicz,4,POL,CB,23-319,90,0,0,0,0,0,0,0,0,54,1,1,2,0.0,0.0,0.0,0,0,35,42,83.3,1,25,0,0,0,Empoli,2024-02-18 Empoli-Fiorentina,ITA-SERIA_A,23-24,802e40b2
6b635f5c,Ardian Ismajli,34,ALB,"RB,CB",27-141,90,0,0,0,0,0,0,0,0,42,2,0,2,0.0,0.0,0.0,0,0,24,30,80.0,2,14,0,0,0,Empoli,2024-02-18 Empoli-Fiorentina,ITA-SERIA_A,23-24,802e40b2
97d7afbd,Elia Caprile,25,ITA,GK,22-177,90,0,0,0,0,0,0,0,0,59,0,0,0,0.0,0.0,0.0,0,0,41,55,74.5,0,31,0,0,0,Empoli,2024-02-18 Empoli-Fiorentina,ITA-SERIA_A,23-24,802e40b2
d705ba44,Andrea Belotti,20,ITA,FW,30-060,71,0,0,0,0,0,0,0,0,11,0,0,1,0.0,0.0,0.0,0,0,9,9,100.0,1,4,1,0,0,Fiorentina,2024-02-18 Empoli-Fiorentina,ITA-SERIA_A,23-24,802e40b2
d995ed27,Giacomo Bonaventura,5,ITA,FW,34-180,19,0,0,0,0,2,0,0,0,14,0,0,0,0.3,0.3,0.0,1,0,11,11,100.0,2,5,1,0,0,Fiorentina,2024-02-18 Empoli-Fiorentina,ITA-SERIA_A,23-24,802e40b2
94816803,Riccardo Sottil,7,ITA,LW,24-260,71,0,0,0,0,1,1,0,0,23,0,0,0,0.0,0.0,0.0,1,0,13,17,76.5,1,19,3,3,1,Fiorentina,2024-02-18 Empoli-Fiorentina,ITA-SERIA_A,23-24,802e40b2
42eaa028,Jonathan Ikone,11,FRA,LW,25-292,19,0,0,0,0,1,0,0,0,5,0,0,0,0.0,0.0,0.0,0,0,3,3,100.0,2,2,1,0,0,Fiorentina,2024-02-18 Empoli-Fiorentina,ITA-SERIA_A,23-24,802e40b2
2374aaca,Nicolás González,10,ARG,RW,25-318,90,0,0,0,0,0,0,0,0,40,1,0,1,0.0,0.0,0.0,2,0,23,34,67.6,4,19,1,1,0,Fiorentina,2024-02-18 Empoli-Fiorentina,ITA-SERIA_A,23-24,802e40b2
482d2bc3,Lucas Beltrán,9,ARG,AM,22-326,90,1,0,0,0,1,1,1,0,38,6,0,0,0.1,0.1,0.0,1,0,19,27,70.4,3,22,0,1,0,Fiorentina,2024-02-18 Empoli-Fiorentina,ITA-SERIA_A,23-24,802e40b2
c7259b83,Rolando Mandragora,38,ITA,DM,26-234,90,0,1,0,0,1,0,0,0,55,1,0,1,0.0,0.0,0.1,4,1,43,49,87.8,7,33,1,2,1,Fiorentina,2024-02-18 Empoli-Fiorentina,ITA-SERIA_A,23-24,802e40b2
528492ea,Alfred Duncan,32,GHA,DM,30-345,61,0,0,0,0,1,0,0,0,43,3,1,0,0.0,0.0,0.0,0,0,28,35,80.0,1,30,3,3,2,Fiorentina,2024-02-18 Empoli-Fiorentina,ITA-SERIA_A,23-24,802e40b2
48b3dd60,Arthur Melo,6,BRA,DM,27-190,29,0,0,0,0,0,0,0,0,36,0,0,1,0.0,0.0,0.0,2,0,31,34,91.2,1,20,0,0,0,Fiorentina,2024-02-18 Empoli-Fiorentina,ITA-SERIA_A,23-24,802e40b2
9e1577aa,Cristiano Biraghi,3,ITA,LB,31-170,74,0,0,0,0,0,0,1,0,69,0,0,1,0.0,0.0,0.2,1,0,50,66,75.8,2,33,2,1,0,Fiorentina,2024-02-18 Empoli-Fiorentina,ITA-SERIA_A,23-24,802e40b2
0967845b,Fabiano Parisi,65,ITA,LB,23-101,16,0,0,0,0,0,0,0,0,7,0,0,0,0.0,0.0,0.3,1,0,6,6,100.0,0,4,0,1,0,Fiorentina,2024-02-18 Empoli-Fiorentina,ITA-SERIA_A,23-24,802e40b2
bee704fc,Nikola Milenković,4,SRB,CB,26-129,90,0,0,0,0,0,0,0,0,88,1,1,0,0.0,0.0,0.0,0,0,71,82,86.6,3,47,1,0,0,Fiorentina,2024-02-18 Empoli-Fiorentina,ITA-SERIA_A,23-24,802e40b2
3ec3c1c9,Lucas Martínez Quarta,28,ARG,CB,27-284,90,0,0,0,0,1,0,0,0,101,3,1,2,0.2,0.2,0.0,2,1,74,91,81.3,13,59,1,1,1,Fiorentina,2024-02-18 Empoli-Fiorentina,ITA-SERIA_A,23-24,802e40b2
aae9d04a,Davide Faraoni,22,ITA,RB,32-116,61,0,0,0,0,1,1,0,0,43,1,2,0,0.0,0.0,0.0,2,0,27,30,90.0,2,16,0,4,1,Fiorentina,2024-02-18 Empoli-Fiorentina,ITA-SERIA_A,23-24,802e40b2
e19660a8,Michael Kayode,33,ITA,RB,19-223,29,0,0,0,0,0,0,0,0,24,2,0,0,0.0,0.0,0.0,0,0,6,18,33.3,0,4,0,1,0,Fiorentina,2024-02-18 Empoli-Fiorentina,ITA-SERIA_A,23-24,802e40b2
e1b0a70d,Pietro Terracciano,1,ITA,GK,33-347,90,0,0,0,0,0,0,0,0,40,0,0,0,0.0,0.0,0.0,0,0,32,38,84.2,0,23,0,0,0,Fiorentina,2024-02-18 Empoli-Fiorentina,ITA-SERIA_A,23-24,802e40b2
