id,Player,#,Nation,Pos,Age,Min,Performance,Performance,Performance,Performance,Performance,Performance,Performance,Performance,Performance,Performance,Performance,Performance,Expected,Expected,Expected,SCA,SCA,Passes,Passes,Passes,Passes,Carries,Carries,Take-Ons,Take-Ons,team,game,league,season,game_id
,,,,,,,Gls,Ast,PK,PKatt,Sh,SoT,CrdY,CrdR,Touches,Tkl,Int,Blocks,xG,npxG,xAG,SCA,GCA,Cmp,Att,Cmp%,PrgP,Carries,PrgC,Att,Succ,,,,,
05f99a4a,Jonathan Burkardt,29,GER,FW,21-146,75,1,0,0,0,4,2,0,0,32,2,0,3,0.8,0.8,0.0,1,0,10,14,71.4,1,21,2,0,0,Mainz 05,2021-12-04 Mainz 05-Wolfsburg,GER-BL1,21-22,a3324197
271b8617,Marcus Ingvartsen,11,DEN,FW,25-334,15,0,0,0,0,0,0,0,0,4,0,0,0,0.0,0.0,0.0,0,0,1,1,100.0,0,3,0,1,0,Mainz 05,2021-12-04 Mainz 05-Wolfsburg,GER-BL1,21-22,a3324197
f26834c7,Karim Onisiwo,9,AUT,FW,29-262,82,0,0,0,0,1,0,0,0,32,0,0,1,0.0,0.0,0.2,3,0,3,12,25.0,0,22,3,6,4,Mainz 05,2021-12-04 Mainz 05-Wolfsburg,GER-BL1,21-22,a3324197
53e07d0b,Ádám Szalai,28,HUN,FW,33-360,8,0,0,0,0,0,0,0,0,1,0,0,0,0.0,0.0,0.0,0,0,0,0,,0,1,0,0,0,Mainz 05,2021-12-04 Mainz 05-Wolfsburg,GER-BL1,21-22,a3324197
34b0387f,Lee Jae-sung,7,KOR,CM,29-116,82,0,1,0,0,2,0,0,0,47,2,4,0,0.2,0.2,0.1,6,2,22,34,64.7,3,25,0,2,1,Mainz 05,2021-12-04 Mainz 05-Wolfsburg,GER-BL1,21-22,a3324197
635f2732,Jean-Paul Boëtius,5,NED,CM,27-257,8,0,0,0,0,0,0,0,0,5,0,0,0,0.0,0.0,0.0,0,0,3,5,60.0,0,0,0,0,0,Mainz 05,2021-12-04 Mainz 05-Wolfsburg,GER-BL1,21-22,a3324197
0f59a7bf,Anton Stach,6,GER,CM,23-019,90,1,0,0,0,2,1,0,0,51,2,3,0,0.1,0.1,0.0,1,0,23,36,63.9,3,17,3,2,2,Mainz 05,2021-12-04 Mainz 05-Wolfsburg,GER-BL1,21-22,a3324197
00242b75,Leandro Barreiro Martins,8,LUX,CM,21-335,90,0,1,0,0,0,0,1,0,33,2,0,1,0.0,0.0,0.4,1,1,11,19,57.9,1,12,0,0,0,Mainz 05,2021-12-04 Mainz 05-Wolfsburg,GER-BL1,21-22,a3324197
2f3e911a,Aarón Martín,3,ESP,WB,24-226,90,0,0,0,0,0,0,0,0,52,5,2,0,0.0,0.0,0.1,5,1,23,41,56.1,1,26,0,1,1,Mainz 05,2021-12-04 Mainz 05-Wolfsburg,GER-BL1,21-22,a3324197
f68b64fc,Silvan Widmer,30,SUI,WB,28-274,90,0,0,0,0,1,0,0,0,55,3,2,0,0.1,0.1,0.0,1,0,30,36,83.3,4,19,1,1,0,Mainz 05,2021-12-04 Mainz 05-Wolfsburg,GER-BL1,21-22,a3324197
00242715,Moussa Niakhate,19,SEN,CB,25-271,90,0,0,0,0,0,0,0,0,45,2,0,3,0.0,0.0,0.0,1,0,23,37,62.2,2,17,0,0,0,Mainz 05,2021-12-04 Mainz 05-Wolfsburg,GER-BL1,21-22,a3324197
a5ec3ede,Alexander Hack,42,GER,CB,28-087,85,0,0,0,0,0,0,0,0,35,0,4,1,0.0,0.0,0.0,0,0,18,26,69.2,0,14,0,0,0,Mainz 05,2021-12-04 Mainz 05-Wolfsburg,GER-BL1,21-22,a3324197
da76715c,David Nemeth,34,AUT,CB,20-261,5,0,0,0,0,0,0,0,0,0,0,0,0,0.0,0.0,0.0,0,0,0,0,,0,0,0,0,0,Mainz 05,2021-12-04 Mainz 05-Wolfsburg,GER-BL1,21-22,a3324197
857a5abe,Stefan Bell,16,GER,CB,30-102,90,0,0,0,0,2,1,0,0,37,1,2,1,0.0,0.0,0.0,1,0,16,29,55.2,3,21,0,0,0,Mainz 05,2021-12-04 Mainz 05-Wolfsburg,GER-BL1,21-22,a3324197
5c4bf6ba,Robin Zentner,27,GER,GK,27-037,90,0,0,0,0,0,0,0,0,34,0,0,0,0.0,0.0,0.0,0,0,20,33,60.6,0,14,0,0,0,Mainz 05,2021-12-04 Mainz 05-Wolfsburg,GER-BL1,21-22,a3324197
c4e87b8b,Wout Weghorst,9,NED,FW,29-119,90,0,0,0,0,0,0,0,0,20,1,0,0,0.0,0.0,0.2,3,0,10,17,58.8,1,16,0,0,0,Wolfsburg,2021-12-04 Mainz 05-Wolfsburg,GER-BL1,21-22,a3324197
0cc5f4a5,Lukas Nmecha,10,GER,LW,22-355,90,0,0,0,0,4,0,0,0,33,0,1,0,0.3,0.3,0.0,3,0,18,22,81.8,2,23,3,3,2,Wolfsburg,2021-12-04 Mainz 05-Wolfsburg,GER-BL1,21-22,a3324197
0c61c77c,Dodi Lukebakio,28,BEL,RW,24-071,56,0,0,0,0,0,0,0,0,19,1,1,0,0.0,0.0,0.0,1,0,9,13,69.2,2,13,1,0,0,Wolfsburg,2021-12-04 Mainz 05-Wolfsburg,GER-BL1,21-22,a3324197
e5a35ae9,Luca Waldschmidt,7,GER,RW,25-199,34,0,0,0,0,0,0,0,0,10,0,0,0,0.0,0.0,0.0,0,0,7,8,87.5,0,8,1,0,0,Wolfsburg,2021-12-04 Mainz 05-Wolfsburg,GER-BL1,21-22,a3324197
1cbe4984,Paulo Otávio,6,BRA,LM,27-011,90,0,0,0,0,2,0,0,0,58,4,0,1,0.0,0.0,0.0,1,0,32,45,71.1,7,35,6,3,2,Wolfsburg,2021-12-04 Mainz 05-Wolfsburg,GER-BL1,21-22,a3324197
f86cd5df,Aster Vranckx,8,BEL,CM,19-061,80,0,0,0,0,3,0,0,0,44,1,0,2,0.1,0.1,0.0,1,0,20,27,74.1,3,22,1,2,0,Wolfsburg,2021-12-04 Mainz 05-Wolfsburg,GER-BL1,21-22,a3324197
061e8e23,Maximilian Philipp,17,GER,CM,27-278,10,0,0,0,0,1,0,0,0,7,0,0,0,0.0,0.0,0.0,1,0,4,6,66.7,0,3,0,0,0,Wolfsburg,2021-12-04 Mainz 05-Wolfsburg,GER-BL1,21-22,a3324197
86e119e0,Maximilian Arnold,27,GER,CM,27-191,45,0,0,0,0,1,0,0,0,25,0,1,1,0.1,0.1,0.0,2,0,13,18,72.2,2,13,0,0,0,Wolfsburg,2021-12-04 Mainz 05-Wolfsburg,GER-BL1,21-22,a3324197
62ab9184,Yannick Gerhardt,31,GER,CM,27-266,45,0,0,0,0,0,0,0,0,25,0,0,0,0.0,0.0,0.0,1,0,11,20,55.0,2,19,0,1,1,Wolfsburg,2021-12-04 Mainz 05-Wolfsburg,GER-BL1,21-22,a3324197
442b56fa,Ridle Baku,20,GER,RM,23-240,45,0,0,0,0,0,0,0,0,28,0,0,0,0.0,0.0,0.0,1,0,18,22,81.8,0,12,0,0,0,Wolfsburg,2021-12-04 Mainz 05-Wolfsburg,GER-BL1,21-22,a3324197
493924a7,Kevin Mbabu,19,SUI,RM,26-229,45,0,0,0,0,2,0,1,0,41,0,0,1,0.1,0.1,0.0,2,0,14,31,45.2,6,21,2,7,3,Wolfsburg,2021-12-04 Mainz 05-Wolfsburg,GER-BL1,21-22,a3324197
e27da244,John Brooks,25,USA,CB,28-310,45,0,0,0,0,0,0,0,0,31,0,0,0,0.0,0.0,0.0,1,0,25,31,80.6,5,24,2,0,0,Wolfsburg,2021-12-04 Mainz 05-Wolfsburg,GER-BL1,21-22,a3324197
01834aa0,Sebastiaan Bornauw,3,BEL,CB,22-257,45,0,0,0,0,0,0,0,0,34,0,2,1,0.0,0.0,0.0,0,0,17,26,65.4,0,20,0,1,1,Wolfsburg,2021-12-04 Mainz 05-Wolfsburg,GER-BL1,21-22,a3324197
e6c43eec,Josuha Guilavogui,23,FRA,CB,31-076,90,0,0,0,0,0,0,0,0,72,2,4,1,0.0,0.0,0.0,4,0,50,56,89.3,1,46,1,0,0,Wolfsburg,2021-12-04 Mainz 05-Wolfsburg,GER-BL1,21-22,a3324197
277c49ed,Maxence Lacroix,4,FRA,CB,21-242,90,0,0,0,0,2,0,0,0,89,3,5,1,0.1,0.1,0.0,0,0,40,67,59.7,3,41,1,1,0,Wolfsburg,2021-12-04 Mainz 05-Wolfsburg,GER-BL1,21-22,a3324197
c89e8aae,Pavao Pervan,12,AUT,GK,34-021,90,0,0,0,0,0,0,0,0,36,0,0,0,0.0,0.0,0.0,0,0,24,32,75.0,0,23,0,0,0,Wolfsburg,2021-12-04 Mainz 05-Wolfsburg,GER-BL1,21-22,a3324197
