id,Player,#,Nation,Pos,Age,Min,Performance,Performance,Performance,Performance,Performance,Performance,Performance,Performance,Performance,Performance,Performance,Performance,Expected,Expected,Expected,SCA,SCA,Passes,Passes,Passes,Passes,Carries,Carries,Take-Ons,Take-Ons,team,game,league,season,game_id
,,,,,,,Gls,Ast,PK,PKatt,Sh,SoT,CrdY,CrdR,Touches,Tkl,Int,Blocks,xG,npxG,xAG,SCA,GCA,Cmp,Att,Cmp%,PrgP,Carries,PrgC,Att,Succ,,,,,
595e6f3e,Mostafa Mohamed,31,EGY,FW,24-319,90,0,0,0,0,3,1,0,0,30,0,0,0,0.3,0.3,0.3,3,0,11,17,64.7,1,23,1,2,0,Nantes,2022-10-13 Nantes-Freiburg,UEL,22-23,32f3d8a1
5f3eaaf5,Moses Simon,27,NGA,LW,27-093,72,0,0,0,0,0,0,0,0,26,0,0,0,0.0,0.0,0.1,1,0,13,22,59.1,2,19,4,1,0,Nantes,2022-10-13 Nantes-Freiburg,UEL,22-23,32f3d8a1
32f3d97e,Abdoul Kader Bamba,55,FRA,LW,28-141,18,0,0,0,0,0,0,0,0,10,1,0,1,0.0,0.0,0.0,1,0,5,7,71.4,2,9,1,0,0,Nantes,2022-10-13 Nantes-Freiburg,UEL,22-23,32f3d8a1
b73f17f8,Evann Guessand,7,CIV,"RW,AM",21-104,90,0,0,0,0,1,0,0,0,30,1,2,0,0.1,0.1,0.0,3,0,13,20,65.0,1,18,2,3,2,Nantes,2022-10-13 Nantes-Freiburg,UEL,22-23,32f3d8a1
6191093d,Ludovic Blas,10,FRA,"AM,DM",24-286,90,0,0,0,0,3,2,0,0,36,0,1,0,0.1,0.1,0.0,4,0,19,23,82.6,5,31,4,7,3,Nantes,2022-10-13 Nantes-Freiburg,UEL,22-23,32f3d8a1
68a26d51,Pedro Chirivella,5,ESP,DM,25-143,79,0,0,0,0,0,0,0,0,43,0,0,0,0.0,0.0,0.0,0,0,35,41,85.4,4,32,0,0,0,Nantes,2022-10-13 Nantes-Freiburg,UEL,22-23,32f3d8a1
af0c835b,Samuel Moutoussamy,8,COD,DM,26-062,11,0,0,0,0,0,0,0,0,8,0,0,1,0.0,0.0,0.2,1,0,7,7,100.0,0,5,1,0,0,Nantes,2022-10-13 Nantes-Freiburg,UEL,22-23,32f3d8a1
2acd49b9,Moussa Sissoko,17,FRA,DM,33-058,72,0,0,0,0,1,0,0,0,28,1,1,1,0.2,0.2,0.0,0,0,14,22,63.6,1,17,1,1,0,Nantes,2022-10-13 Nantes-Freiburg,UEL,22-23,32f3d8a1
3010aefb,Marcus Coco,11,FRA,RW,26-111,18,0,0,0,0,0,0,0,0,7,0,0,1,0.0,0.0,0.0,0,0,6,6,100.0,2,6,2,1,1,Nantes,2022-10-13 Nantes-Freiburg,UEL,22-23,32f3d8a1
0bfca6a1,Quentin Merlin,29,FRA,LB,20-150,90,0,0,0,0,1,0,0,0,69,0,1,0,0.0,0.0,0.2,1,0,51,66,77.3,4,36,0,0,0,Nantes,2022-10-13 Nantes-Freiburg,UEL,22-23,32f3d8a1
779847d6,Nicolas Pallois,4,FRA,CB,35-024,79,0,0,0,0,0,0,0,0,47,3,3,2,0.0,0.0,0.0,0,0,32,38,84.2,2,29,0,0,0,Nantes,2022-10-13 Nantes-Freiburg,UEL,22-23,32f3d8a1
e0f3a1f6,Jean-Charles Castelletto,21,CMR,CB,27-260,11,0,0,0,0,1,0,0,0,8,1,0,0,0.2,0.2,0.0,0,0,3,3,100.0,0,4,0,0,0,Nantes,2022-10-13 Nantes-Freiburg,UEL,22-23,32f3d8a1
3befc2b6,Andrei Girotto,3,BRA,CB,30-238,87,0,0,0,0,0,0,0,0,67,1,1,3,0.0,0.0,0.0,0,0,44,55,80.0,4,41,1,0,0,Nantes,2022-10-13 Nantes-Freiburg,UEL,22-23,32f3d8a1
feb5d3ab,Dennis Appiah,12,FRA,CB,30-126,3,0,0,0,0,0,0,0,0,3,0,0,0,0.0,0.0,0.0,0,0,1,3,33.3,0,2,0,0,0,Nantes,2022-10-13 Nantes-Freiburg,UEL,22-23,32f3d8a1
0e7ccfc4,Sébastien Corchia,24,FRA,RB,31-346,90,0,0,0,0,1,0,0,0,52,0,1,0,0.1,0.1,0.1,4,0,26,44,59.1,1,28,0,0,0,Nantes,2022-10-13 Nantes-Freiburg,UEL,22-23,32f3d8a1
4e7db402,Alban Lafont,1,FRA,GK,23-263,90,0,0,0,0,0,0,0,0,44,0,0,0,0.0,0.0,0.0,0,0,29,39,74.4,0,25,0,0,0,Nantes,2022-10-13 Nantes-Freiburg,UEL,22-23,32f3d8a1
f93e6e94,Nils Petersen,18,GER,FW,33-311,64,0,0,0,0,1,1,0,0,26,0,0,0,0.1,0.1,0.0,3,0,11,18,61.1,2,17,1,2,0,Freiburg,2022-10-13 Nantes-Freiburg,UEL,22-23,32f3d8a1
8e235926,Michael Gregoritsch,38,AUT,FW,28-178,26,1,1,0,0,2,2,0,0,11,0,0,2,0.2,0.2,0.0,1,1,5,7,71.4,0,6,1,0,0,Freiburg,2022-10-13 Nantes-Freiburg,UEL,22-23,32f3d8a1
54e4866f,Vincenzo Grifo,32,ITA,LW,29-189,64,0,0,0,0,3,1,0,0,56,1,0,0,0.1,0.1,0.4,7,1,41,50,82.0,4,43,1,3,2,Freiburg,2022-10-13 Nantes-Freiburg,UEL,22-23,32f3d8a1
52afb588,Kevin Schade,20,GER,LW,20-320,26,1,0,0,0,1,1,0,0,17,1,0,0,0.0,0.0,0.0,2,1,8,12,66.7,1,15,4,3,1,Freiburg,2022-10-13 Nantes-Freiburg,UEL,22-23,32f3d8a1
d01bbb6f,Ritsu Doan,42,JPN,RW,24-119,74,0,0,0,0,3,1,0,0,38,3,1,2,0.4,0.4,0.0,1,0,18,24,75.0,4,30,0,3,1,Freiburg,2022-10-13 Nantes-Freiburg,UEL,22-23,32f3d8a1
beb882a8,Maximilian Eggestein,8,GER,DM,25-309,16,0,0,0,0,0,0,0,0,10,0,1,0,0.0,0.0,0.0,0,0,7,9,77.8,1,5,0,0,0,Freiburg,2022-10-13 Nantes-Freiburg,UEL,22-23,32f3d8a1
6190474d,Jeong Woo-yeong,29,KOR,AM,23-023,90,1,1,0,0,1,1,0,0,47,2,1,0,0.6,0.6,0.3,4,1,33,40,82.5,5,36,2,1,1,Freiburg,2022-10-13 Nantes-Freiburg,UEL,22-23,32f3d8a1
5d8e331f,Nicolas Höfler,27,GER,DM,32-218,86,0,0,0,0,2,0,1,0,78,1,4,1,0.1,0.1,0.1,2,0,54,63,85.7,6,46,0,0,0,Freiburg,2022-10-13 Nantes-Freiburg,UEL,22-23,32f3d8a1
f6bdc830,Keven Schlotterbeck,31,GER,DM,25-168,4,0,0,0,0,0,0,0,0,4,3,0,0,0.0,0.0,0.0,0,0,1,1,100.0,1,0,0,0,0,Freiburg,2022-10-13 Nantes-Freiburg,UEL,22-23,32f3d8a1
d2c580ce,Yannik Keitel,14,GER,DM,22-240,74,0,0,0,0,0,0,0,0,30,2,0,0,0.0,0.0,0.0,0,0,20,24,83.3,3,23,0,0,0,Freiburg,2022-10-13 Nantes-Freiburg,UEL,22-23,32f3d8a1
dd676a97,Noah Weißhaupt,33,GER,RW,21-023,16,0,0,0,0,0,0,0,0,7,0,0,0,0.0,0.0,0.0,0,0,2,4,50.0,0,6,1,1,0,Freiburg,2022-10-13 Nantes-Freiburg,UEL,22-23,32f3d8a1
8593f88c,Christian Günter,30,GER,LB,29-227,90,0,0,0,0,1,0,0,0,63,2,2,0,0.1,0.1,0.3,7,2,43,57,75.4,4,41,7,0,0,Freiburg,2022-10-13 Nantes-Freiburg,UEL,22-23,32f3d8a1
302527b2,Philipp Lienhart,3,AUT,CB,26-094,90,0,0,0,0,1,0,0,0,78,2,1,1,0.0,0.0,0.0,0,0,66,69,95.7,3,62,0,0,0,Freiburg,2022-10-13 Nantes-Freiburg,UEL,22-23,32f3d8a1
f521b80a,Matthias Ginter,28,GER,CB,28-267,90,0,0,0,0,0,0,0,0,74,2,2,0,0.0,0.0,0.0,0,0,56,64,87.5,10,46,0,0,0,Freiburg,2022-10-13 Nantes-Freiburg,UEL,22-23,32f3d8a1
2a29eb9b,Lukas Kübler,17,GER,RB,30-044,90,1,0,0,0,1,1,0,0,65,0,0,1,0.1,0.1,0.0,0,0,46,59,78.0,5,40,1,0,0,Freiburg,2022-10-13 Nantes-Freiburg,UEL,22-23,32f3d8a1
a92ab7be,Mark Flekken,26,NED,GK,29-122,90,0,0,0,0,0,0,0,0,53,0,0,0,0.0,0.0,0.0,1,0,40,51,78.4,0,39,0,0,0,Freiburg,2022-10-13 Nantes-Freiburg,UEL,22-23,32f3d8a1
