id,Player,#,Nation,Pos,Age,Min,Performance,Performance,Performance,Performance,Performance,Performance,Performance,Performance,Performance,Performance,Performance,Performance,Expected,Expected,Expected,SCA,SCA,Passes,Passes,Passes,Passes,Carries,Carries,Take-Ons,Take-Ons,team,game,league,season,game_id
,,,,,,,Gls,Ast,PK,PKatt,Sh,SoT,CrdY,CrdR,Touches,Tkl,Int,Blocks,xG,npxG,xAG,SCA,GCA,Cmp,Att,Cmp%,PrgP,Carries,PrgC,Att,Succ,,,,,
1fb1c435,Rodrigo,19,ESP,FW,28-248,51,0,0,0,0,2,0,0,0,20,0,0,0,0.1,0.1,0.0,0,0,13,14,92.9,3,17,3,0,0,Valencia,2019-11-09 Valencia-Granada,ESP-LALIGA,19-20,5bb493d6
42276181,Kévin Gameiro,9,FRA,FW,32-184,39,0,0,0,0,1,0,0,0,27,1,0,0,0.1,0.1,0.0,1,0,17,22,77.3,2,19,2,2,2,Valencia,2019-11-09 Valencia-Granada,ESP-LALIGA,19-20,5bb493d6
4c2e9442,Maxi Gómez,22,URU,FW,23-087,90,0,0,0,0,1,1,0,0,22,1,0,0,0.0,0.0,0.0,2,0,6,15,40.0,2,11,3,0,0,Valencia,2019-11-09 Valencia-Granada,ESP-LALIGA,19-20,5bb493d6
0bc4e720,Manu Vallejo,15,ESP,LM,22-268,86,0,0,0,0,2,0,0,0,28,4,1,1,0.1,0.1,0.2,4,0,14,15,93.3,3,17,4,1,1,Valencia,2019-11-09 Valencia-Granada,ESP-LALIGA,19-20,5bb493d6
8455ad90,Lee Kang-in,16,KOR,LM,18-263,4,0,0,0,0,0,0,0,0,2,1,0,0,0.0,0.0,0.0,0,0,0,1,0.0,0,0,0,0,0,Valencia,2019-11-09 Valencia-Granada,ESP-LALIGA,19-20,5bb493d6
cce181df,Geoffrey Kondogbia,6,CTA,CM,26-267,35,0,0,0,0,0,0,0,0,31,1,2,1,0.0,0.0,0.0,2,0,17,25,68.0,2,17,0,0,0,Valencia,2019-11-09 Valencia-Granada,ESP-LALIGA,19-20,5bb493d6
808d48f3,Jaume Costa,3,ESP,RB,31-236,55,0,0,0,0,0,0,0,0,34,1,1,0,0.0,0.0,0.0,0,0,26,30,86.7,2,22,0,0,0,Valencia,2019-11-09 Valencia-Granada,ESP-LALIGA,19-20,5bb493d6
7460ca0d,Daniel Parejo,10,ESP,CM,30-207,90,0,0,0,0,2,1,0,0,82,2,0,1,0.1,0.1,0.1,5,0,51,73,69.9,10,42,2,0,0,Valencia,2019-11-09 Valencia-Granada,ESP-LALIGA,19-20,5bb493d6
9e1035f8,Ferrán Torres,20,ESP,RM,19-253,90,1,0,0,0,1,1,0,0,48,0,2,2,0.0,0.0,0.0,0,0,23,34,67.6,4,26,4,5,1,Valencia,2019-11-09 Valencia-Granada,ESP-LALIGA,19-20,5bb493d6
b05e2dbd,José Luis Gayà,14,ESP,LB,24-168,90,0,0,0,0,0,0,0,0,44,1,2,1,0.0,0.0,0.0,0,0,24,34,70.6,0,24,0,0,0,Valencia,2019-11-09 Valencia-Granada,ESP-LALIGA,19-20,5bb493d6
b7ca5c51,Gabriel Paulista,5,BRA,CB,28-348,90,0,0,0,0,1,0,0,0,46,0,2,2,0.1,0.1,0.0,0,0,31,35,88.6,2,21,1,0,0,Valencia,2019-11-09 Valencia-Granada,ESP-LALIGA,19-20,5bb493d6
ac3fb1be,Ezequiel Garay,24,ARG,CB,33-030,90,0,0,0,0,1,0,0,0,55,0,1,1,0.1,0.1,0.0,0,0,45,52,86.5,1,38,0,0,0,Valencia,2019-11-09 Valencia-Granada,ESP-LALIGA,19-20,5bb493d6
d83bbc54,Daniel Wass,18,DEN,"CM,RB",30-162,90,1,0,0,0,1,1,0,0,58,0,1,1,0.1,0.1,0.0,1,0,40,50,80.0,6,27,0,0,0,Valencia,2019-11-09 Valencia-Granada,ESP-LALIGA,19-20,5bb493d6
04ac8285,Jasper Cillessen,13,NED,GK,30-201,90,0,1,0,0,0,0,0,0,31,0,1,0,0.0,0.0,0.0,1,1,20,31,64.5,0,18,0,0,0,Valencia,2019-11-09 Valencia-Granada,ESP-LALIGA,19-20,5bb493d6
9d66fbe3,Roberto Soldado,9,ESP,FW,34-166,90,0,0,0,0,1,0,0,0,40,0,2,0,0.0,0.0,0.1,3,0,26,32,81.3,3,24,1,1,1,Granada,2019-11-09 Valencia-Granada,ESP-LALIGA,19-20,5bb493d6
61b62b33,Álvaro Vadillo,7,ESP,"LW,RW",25-058,90,0,0,0,0,0,0,0,0,51,2,0,0,0.0,0.0,0.1,6,0,32,45,71.1,3,42,4,5,3,Granada,2019-11-09 Valencia-Granada,ESP-LALIGA,19-20,5bb493d6
c77a8043,Antonio Puertas,10,ESP,"RW,RB,AM",27-261,90,0,0,0,0,3,1,0,0,60,0,0,1,0.1,0.1,0.0,2,0,41,49,83.7,2,45,2,4,3,Granada,2019-11-09 Valencia-Granada,ESP-LALIGA,19-20,5bb493d6
0cc474e7,Ramon Azeez,12,NGA,AM,26-332,74,0,0,0,0,2,0,1,0,26,1,1,0,0.1,0.1,0.0,1,0,16,19,84.2,1,19,1,0,0,Granada,2019-11-09 Valencia-Granada,ESP-LALIGA,19-20,5bb493d6
ed6ea4d9,Darwin Machís,23,VEN,LW,26-275,16,0,0,0,0,1,0,0,0,10,0,2,0,0.0,0.0,0.1,3,0,4,7,57.1,0,7,3,2,2,Granada,2019-11-09 Valencia-Granada,ESP-LALIGA,19-20,5bb493d6
b8c1de25,Maxime Gonalons,4,FRA,DM,30-244,62,0,0,0,0,0,0,1,0,39,1,0,0,0.0,0.0,0.0,1,0,27,33,81.8,1,31,0,1,1,Granada,2019-11-09 Valencia-Granada,ESP-LALIGA,19-20,5bb493d6
719384c1,Ángel Montoro,19,ESP,DM,31-137,28,0,0,0,0,3,0,1,0,21,0,0,0,0.1,0.1,0.0,2,0,12,16,75.0,0,16,1,1,0,Granada,2019-11-09 Valencia-Granada,ESP-LALIGA,19-20,5bb493d6
5083a734,Yangel Herrera,21,VEN,DM,21-299,90,0,0,0,0,2,0,1,0,64,3,0,4,0.1,0.1,0.0,0,0,39,50,78.0,5,45,2,1,0,Granada,2019-11-09 Valencia-Granada,ESP-LALIGA,19-20,5bb493d6
8d47bb39,Carlos Neva,15,ESP,LB,23-150,80,0,0,0,0,0,0,0,0,50,2,1,0,0.0,0.0,0.0,1,0,33,45,73.3,1,36,3,1,1,Granada,2019-11-09 Valencia-Granada,ESP-LALIGA,19-20,5bb493d6
e08647d6,Carlos Fernández,24,ESP,AM,23-171,10,0,0,0,0,0,0,0,0,3,0,0,0,0.0,0.0,0.0,0,0,3,3,100.0,2,3,0,0,0,Granada,2019-11-09 Valencia-Granada,ESP-LALIGA,19-20,5bb493d6
ea9b2ef9,Germán Sánchez,6,ESP,CB,32-332,90,0,0,0,0,0,0,0,0,46,0,3,3,0.0,0.0,0.0,0,0,22,32,68.8,2,24,0,0,0,Granada,2019-11-09 Valencia-Granada,ESP-LALIGA,19-20,5bb493d6
93090f69,Domingos Duarte,22,POR,CB,24-244,90,0,0,0,0,1,0,0,0,38,0,1,0,0.1,0.1,0.0,0,0,24,30,80.0,1,21,0,0,0,Granada,2019-11-09 Valencia-Granada,ESP-LALIGA,19-20,5bb493d6
7a538238,Quini,17,ESP,"RB,LB",30-046,90,0,0,0,0,0,0,1,0,58,1,2,0,0.0,0.0,0.0,4,0,39,47,83.0,1,35,2,4,1,Granada,2019-11-09 Valencia-Granada,ESP-LALIGA,19-20,5bb493d6
ea83bfa6,Rui Silva,1,POR,GK,25-275,90,0,0,0,0,0,0,0,0,42,0,0,0,0.0,0.0,0.0,0,0,23,40,57.5,0,21,0,0,0,Granada,2019-11-09 Valencia-Granada,ESP-LALIGA,19-20,5bb493d6
