id,Player,#,Nation,Pos,Age,Min,Performance,Performance,Performance,Performance,Performance,Performance,Performance,Performance,Performance,Performance,Performance,Performance,Expected,Expected,Expected,SCA,SCA,Passes,Passes,Passes,Passes,Carries,Carries,Take-Ons,Take-Ons,team,game,league,season,game_id
,,,,,,,Gls,Ast,PK,PKatt,Sh,SoT,CrdY,CrdR,Touches,Tkl,Int,Blocks,xG,npxG,xAG,SCA,GCA,Cmp,Att,Cmp%,PrgP,Carries,PrgC,Att,Succ,,,,,
bdedd861,Rachid Alioui,7,MAR,FW,27-179,66,0,0,0,0,2,1,0,0,22,0,0,0,0.1,0.1,0.0,3,0,12,15,80.0,3,16,1,1,1,Angers,2019-12-14 Angers-Monaco,FRA-L1,19-20,1eae8125
5046b7d4,Stéphane Bahoken,19,CMR,FW,27-200,24,0,0,0,0,1,1,1,0,11,0,1,0,0.4,0.4,0.0,1,0,5,7,71.4,1,8,3,0,0,Angers,2019-12-14 Angers-Monaco,FRA-L1,19-20,1eae8125
79b2399c,Pierrick Capelle,15,FRA,"LM,CM",32-243,90,0,0,0,0,0,0,1,0,39,2,1,2,0.0,0.0,0.2,2,0,24,31,77.4,4,23,3,0,0,Angers,2019-12-14 Angers-Monaco,FRA-L1,19-20,1eae8125
c801616a,Thomas Mangani,5,FRA,CM,32-229,67,0,0,0,0,1,0,0,0,40,1,0,1,0.0,0.0,0.0,0,0,23,32,71.9,2,21,0,2,0,Angers,2019-12-14 Angers-Monaco,FRA-L1,19-20,1eae8125
8846a40f,Mathias Pereira Lage,27,POR,RM,23-014,23,0,0,0,0,0,0,0,0,10,1,0,0,0.0,0.0,0.0,1,0,6,6,100.0,1,4,1,0,0,Angers,2019-12-14 Angers-Monaco,FRA-L1,19-20,1eae8125
4b96c347,Angelo Fulgini,10,FRA,CM,23-116,90,0,0,0,0,2,1,0,0,58,3,4,0,0.2,0.2,0.2,3,0,33,45,73.3,3,41,5,3,2,Angers,2019-12-14 Angers-Monaco,FRA-L1,19-20,1eae8125
f4bc42b1,Sada Thioub,20,SEN,"RM,LM",24-196,90,0,0,0,0,2,1,0,0,48,1,0,1,0.2,0.2,0.1,1,0,28,34,82.4,5,36,4,4,2,Angers,2019-12-14 Angers-Monaco,FRA-L1,19-20,1eae8125
5e22e2a4,Baptiste Santamaria,18,FRA,DM,24-280,90,0,0,0,0,1,0,0,0,63,0,1,2,0.2,0.2,0.5,3,0,36,47,76.6,4,36,2,2,2,Angers,2019-12-14 Angers-Monaco,FRA-L1,19-20,1eae8125
9b398aea,Rayan Aït-Nouri,2,ALG,LB,18-191,80,0,0,0,0,0,0,1,0,45,3,1,1,0.0,0.0,0.1,3,0,27,35,77.1,1,24,3,0,0,Angers,2019-12-14 Angers-Monaco,FRA-L1,19-20,1eae8125
97fb4608,Théo Pellenard,26,FRA,LB,25-285,10,0,0,0,0,0,0,0,0,6,0,0,0,0.0,0.0,0.0,1,0,5,6,83.3,0,4,0,0,0,Angers,2019-12-14 Angers-Monaco,FRA-L1,19-20,1eae8125
275e2c51,Romain Thomas,24,FRA,CB,31-185,90,0,0,0,0,0,0,0,0,45,1,3,1,0.0,0.0,0.0,0,0,28,32,87.5,0,17,0,0,0,Angers,2019-12-14 Angers-Monaco,FRA-L1,19-20,1eae8125
b666421b,Ismaël Traoré,8,CIV,CB,33-118,90,0,0,0,0,0,0,1,0,39,0,4,1,0.0,0.0,0.0,1,0,21,27,77.8,0,15,0,0,0,Angers,2019-12-14 Angers-Monaco,FRA-L1,19-20,1eae8125
c26a3918,Vincent Manceau,29,FRA,RB,30-157,90,0,0,0,0,1,1,0,0,52,0,1,2,0.1,0.1,0.0,1,0,30,42,71.4,2,27,1,0,0,Angers,2019-12-14 Angers-Monaco,FRA-L1,19-20,1eae8125
26975a92,Ludovic Butelle,16,FRA,GK,36-255,90,0,0,0,0,0,0,0,0,25,0,0,0,0.0,0.0,0.0,0,0,13,25,52.0,0,10,0,0,0,Angers,2019-12-14 Angers-Monaco,FRA-L1,19-20,1eae8125
942b4f90,Wissam Ben Yedder,9,FRA,FW,29-124,90,0,0,0,0,1,1,0,0,59,0,0,0,0.1,0.1,0.0,1,0,40,55,72.7,5,43,2,2,2,Monaco,2019-12-14 Angers-Monaco,FRA-L1,19-20,1eae8125
ffec9769,Islam Slimani,20,ALG,"LW,FW",31-179,90,0,0,0,0,2,0,0,0,54,1,0,0,0.2,0.2,0.0,1,0,23,43,53.5,1,28,1,0,0,Monaco,2019-12-14 Angers-Monaco,FRA-L1,19-20,1eae8125
3ef0fa48,Gelson Martins,11,POR,"RW,RM",24-217,90,0,0,0,0,0,0,0,0,50,1,3,0,0.0,0.0,0.0,1,0,31,40,77.5,3,42,4,3,3,Monaco,2019-12-14 Angers-Monaco,FRA-L1,19-20,1eae8125
3708e9fa,Aleksandr Golovin,17,RUS,LM,23-198,78,0,0,0,0,2,0,0,0,66,1,0,2,0.1,0.1,0.1,4,0,42,55,76.4,4,48,1,3,3,Monaco,2019-12-14 Angers-Monaco,FRA-L1,19-20,1eae8125
509a4ccb,Keita Baldé,14,SEN,LM,24-281,12,0,0,0,0,1,1,0,0,7,0,0,0,0.1,0.1,0.0,0,0,4,5,80.0,0,5,1,0,0,Monaco,2019-12-14 Angers-Monaco,FRA-L1,19-20,1eae8125
d6f88a1d,Adrien Silva,8,POR,CM,30-274,64,0,0,0,0,0,0,1,0,73,1,0,0,0.0,0.0,0.1,1,0,61,70,87.1,5,41,2,3,2,Monaco,2019-12-14 Angers-Monaco,FRA-L1,19-20,1eae8125
33508c78,Cesc Fàbregas,4,ESP,CM,32-224,26,0,0,0,0,0,0,0,0,44,1,0,0,0.0,0.0,0.0,0,0,34,42,81.0,7,25,1,0,0,Monaco,2019-12-14 Angers-Monaco,FRA-L1,19-20,1eae8125
59bf127b,Tiemoué Bakayoko,6,FRA,"RM,CM",25-119,90,0,0,0,0,0,0,0,0,99,0,2,0,0.0,0.0,0.0,2,0,85,89,95.5,12,67,1,3,3,Monaco,2019-12-14 Angers-Monaco,FRA-L1,19-20,1eae8125
e61bdd69,Gil Bastião Dias,31,POR,LB,23-077,90,0,0,0,0,0,0,1,0,78,0,0,2,0.0,0.0,0.0,0,0,70,74,94.6,6,52,2,2,2,Monaco,2019-12-14 Angers-Monaco,FRA-L1,19-20,1eae8125
d9764034,Guillermo Maripán,3,CHI,CB,25-222,90,0,0,0,0,1,0,0,0,97,3,0,1,0.0,0.0,0.0,0,0,83,92,90.2,10,69,0,0,0,Monaco,2019-12-14 Angers-Monaco,FRA-L1,19-20,1eae8125
c6056d58,Kamil Glik,25,POL,CB,31-314,90,0,0,0,0,0,0,0,0,79,0,0,1,0.0,0.0,0.0,1,0,69,75,92.0,3,48,2,0,0,Monaco,2019-12-14 Angers-Monaco,FRA-L1,19-20,1eae8125
7cab69b5,Jemerson,5,BRA,RB,27-112,57,0,0,0,0,0,0,1,0,63,2,0,0,0.0,0.0,0.0,0,0,50,59,84.7,5,37,1,0,0,Monaco,2019-12-14 Angers-Monaco,FRA-L1,19-20,1eae8125
3dd738a1,Ruben Aguilar,12,FRA,RB,26-232,33,0,0,0,0,0,0,0,0,33,1,1,0,0.0,0.0,0.1,1,0,28,29,96.6,2,22,2,2,2,Monaco,2019-12-14 Angers-Monaco,FRA-L1,19-20,1eae8125
2fa2a875,Benjamin Lecomte,40,FRA,GK,28-232,90,0,0,0,0,0,0,0,0,27,0,0,0,0.0,0.0,0.0,0,0,22,23,95.7,0,14,0,0,0,Monaco,2019-12-14 Angers-Monaco,FRA-L1,19-20,1eae8125
