id,Player,#,Nation,Pos,Age,Min,Performance,Performance,Performance,Performance,Performance,Performance,Performance,Performance,Performance,Performance,Performance,Performance,Expected,Expected,Expected,SCA,SCA,Passes,Passes,Passes,Passes,Carries,Carries,Take-Ons,Take-Ons,team,game,league,season,game_id
,,,,,,,Gls,Ast,PK,PKatt,Sh,SoT,CrdY,CrdR,Touches,Tkl,Int,Blocks,xG,npxG,xAG,SCA,GCA,Cmp,Att,Cmp%,PrgP,Carries,PrgC,Att,Succ,,,,,
d1491e00,Diego Rolán,24,URU,"FW,RM",25-008,90,0,0,0,0,2,0,0,0,41,0,0,1,0.1,0.1,0.1,5,2,25,32,78.1,3,27,6,5,3,Málaga,2018-04-01 Málaga-Villarreal,ESP-LALIGA,17-18,a54aeb3c
04e17fd5,Youssef En-Nesyri,26,MAR,FW,20-304,90,0,0,0,0,7,2,0,0,45,2,0,2,0.5,0.5,0.0,2,0,10,18,55.6,1,24,2,2,1,Málaga,2018-04-01 Málaga-Villarreal,ESP-LALIGA,17-18,a54aeb3c
8cc3d96e,Chory Castro,11,URU,"LM,RM",33-199,74,1,0,1,1,1,0,0,0,45,3,1,1,0.9,0.1,0.1,4,0,21,36,58.3,7,21,4,1,1,Málaga,2018-04-01 Málaga-Villarreal,ESP-LALIGA,17-18,a54aeb3c
ac290817,Maxime Lestienne,22,BEL,"LM,RM",25-288,16,0,0,0,0,1,0,0,0,7,0,0,1,0.0,0.0,0.0,0,0,3,4,75.0,0,3,1,0,0,Málaga,2018-04-01 Málaga-Villarreal,ESP-LALIGA,17-18,a54aeb3c
a3a306f6,Mehdi Lacen,25,ALG,CM,34-017,78,0,0,0,0,1,0,1,0,52,4,4,0,0.1,0.1,0.0,3,0,31,37,83.8,3,20,0,2,1,Málaga,2018-04-01 Málaga-Villarreal,ESP-LALIGA,17-18,a54aeb3c
57ebd662,Adrián González,8,ESP,CM,29-311,12,0,0,0,0,0,0,0,0,11,2,0,0,0.0,0.0,0.0,0,0,6,8,75.0,0,3,0,0,0,Málaga,2018-04-01 Málaga-Villarreal,ESP-LALIGA,17-18,a54aeb3c
000b3da6,Manuel Iturra,7,CHI,CM,33-282,90,0,0,0,0,0,0,0,0,38,3,0,1,0.0,0.0,0.1,2,0,24,30,80.0,2,17,0,2,1,Málaga,2018-04-01 Málaga-Villarreal,ESP-LALIGA,17-18,a54aeb3c
f573a8bf,Isaac Success,17,NGA,RM,22-084,65,0,0,0,0,1,0,0,0,24,0,0,0,0.0,0.0,0.1,3,0,13,20,65.0,2,18,4,2,2,Málaga,2018-04-01 Málaga-Villarreal,ESP-LALIGA,17-18,a54aeb3c
9b878773,Alberto Bueno,19,ESP,"LM,FW",30-012,25,0,0,0,0,0,0,0,0,17,0,0,1,0.0,0.0,0.0,1,0,11,15,73.3,1,8,0,0,0,Málaga,2018-04-01 Málaga-Villarreal,ESP-LALIGA,17-18,a54aeb3c
44b61913,Miguel Torres,23,ESP,LB,32-063,90,0,0,0,0,0,0,1,0,60,3,2,3,0.0,0.0,0.0,2,0,40,47,85.1,2,16,0,0,0,Málaga,2018-04-01 Málaga-Villarreal,ESP-LALIGA,17-18,a54aeb3c
174f09a6,Ignasi Miquel,2,ESP,CB,25-185,90,0,0,0,0,0,0,0,0,52,2,2,0,0.0,0.0,0.0,0,0,28,38,73.7,1,18,0,0,0,Málaga,2018-04-01 Málaga-Villarreal,ESP-LALIGA,17-18,a54aeb3c
02d2c436,Luis Hernández,4,ESP,CB,28-352,90,0,0,0,0,0,0,0,0,50,1,6,2,0.0,0.0,0.0,0,0,31,37,83.8,1,24,0,0,0,Málaga,2018-04-01 Málaga-Villarreal,ESP-LALIGA,17-18,a54aeb3c
81069528,Roberto Rosales,18,VEN,RB,29-132,90,0,0,0,0,0,0,0,0,61,2,5,2,0.0,0.0,0.4,5,0,43,53,81.1,5,27,1,0,0,Málaga,2018-04-01 Málaga-Villarreal,ESP-LALIGA,17-18,a54aeb3c
ba3ca78f,Roberto,1,ESP,GK,32-050,90,0,0,0,0,0,0,0,0,35,0,0,0,0.0,0.0,0.0,0,0,17,35,48.6,0,17,0,0,0,Málaga,2018-04-01 Málaga-Villarreal,ESP-LALIGA,17-18,a54aeb3c
09a9e921,Carlos Bacca,9,COL,FW,31-205,52,0,0,0,0,1,0,0,0,19,0,1,0,0.1,0.1,0.0,0,0,10,15,66.7,1,8,0,1,1,Villarreal,2018-04-01 Málaga-Villarreal,ESP-LALIGA,17-18,a54aeb3c
f8eca1b6,Enes Ünal,15,TUR,FW,20-326,38,0,0,0,0,1,0,0,0,17,0,0,0,0.1,0.1,0.0,1,0,5,9,55.6,0,9,0,2,0,Villarreal,2018-04-01 Málaga-Villarreal,ESP-LALIGA,17-18,a54aeb3c
7eb97a8e,Nicola Sansone,18,ITA,FW,26-203,71,0,0,0,0,1,0,0,0,31,0,0,0,0.1,0.1,0.1,2,0,17,23,73.9,0,23,1,2,1,Villarreal,2018-04-01 Málaga-Villarreal,ESP-LALIGA,17-18,a54aeb3c
6f0d613a,Roger Martínez,24,COL,FW,23-282,19,0,0,0,0,1,1,0,0,9,0,0,0,0.0,0.0,0.0,0,0,5,7,71.4,0,5,0,0,0,Villarreal,2018-04-01 Málaga-Villarreal,ESP-LALIGA,17-18,a54aeb3c
9d4c45d6,Roberto Soriano,20,ITA,LM,27-052,90,0,0,0,0,0,0,1,0,60,3,1,1,0.0,0.0,0.1,3,0,41,50,82.0,10,32,3,2,1,Villarreal,2018-04-01 Málaga-Villarreal,ESP-LALIGA,17-18,a54aeb3c
82927de4,Pablo Fornals,8,ESP,CM,22-038,90,0,0,0,0,2,0,0,0,64,4,0,0,0.1,0.1,0.0,2,0,49,56,87.5,15,36,2,2,1,Villarreal,2018-04-01 Málaga-Villarreal,ESP-LALIGA,17-18,a54aeb3c
130a7a3f,Samu Castillejo,10,ESP,RM,23-073,60,0,0,0,0,1,0,0,0,35,2,0,1,0.0,0.0,0.0,3,0,16,22,72.7,1,20,0,4,0,Villarreal,2018-04-01 Málaga-Villarreal,ESP-LALIGA,17-18,a54aeb3c
ea6a7ab4,Dani Raba,28,ESP,RM,22-154,30,0,0,0,0,1,0,0,0,21,0,0,1,0.0,0.0,0.0,0,0,12,18,66.7,0,15,3,1,1,Villarreal,2018-04-01 Málaga-Villarreal,ESP-LALIGA,17-18,a54aeb3c
6434f10d,Rodri,16,ESP,DM,21-283,90,0,0,0,0,2,0,0,0,104,7,1,1,0.1,0.1,0.0,1,0,82,94,87.2,8,45,0,2,2,Villarreal,2018-04-01 Málaga-Villarreal,ESP-LALIGA,17-18,a54aeb3c
808d48f3,Jaume Costa,11,ESP,LB,30-014,90,0,0,0,0,1,0,1,0,86,2,1,3,0.0,0.0,0.0,4,0,58,78,74.4,9,28,1,3,2,Villarreal,2018-04-01 Málaga-Villarreal,ESP-LALIGA,17-18,a54aeb3c
42dcf26d,Álvaro González,3,ESP,CB,28-083,90,0,0,0,0,0,0,0,0,66,1,1,1,0.0,0.0,0.0,2,0,49,58,84.5,4,26,0,0,0,Villarreal,2018-04-01 Málaga-Villarreal,ESP-LALIGA,17-18,a54aeb3c
13b0c150,Daniele Bonera,23,ITA,CB,36-305,90,0,0,0,0,0,0,0,0,70,0,2,4,0.0,0.0,0.0,1,0,50,57,87.7,8,28,3,0,0,Villarreal,2018-04-01 Málaga-Villarreal,ESP-LALIGA,17-18,a54aeb3c
fb5d47b3,Mario Gaspar,2,ESP,RB,27-128,90,0,0,0,0,0,0,0,0,65,2,1,2,0.0,0.0,0.0,0,0,41,57,71.9,2,19,2,0,0,Villarreal,2018-04-01 Málaga-Villarreal,ESP-LALIGA,17-18,a54aeb3c
9f0ea33f,Sergio Asenjo,1,ESP,GK,28-277,90,0,0,0,0,0,0,1,0,31,0,0,0,0.0,0.0,0.0,0,0,16,27,59.3,0,12,0,0,0,Villarreal,2018-04-01 Málaga-Villarreal,ESP-LALIGA,17-18,a54aeb3c
