id,Player,#,Nation,Pos,Age,Min,Performance,Performance,Performance,Performance,Performance,Performance,Performance,Performance,Performance,Performance,Performance,Performance,Expected,Expected,Expected,SCA,SCA,Passes,Passes,Passes,Passes,Carries,Carries,Take-Ons,Take-Ons,team,game,league,season,game_id
,,,,,,,Gls,Ast,PK,PKatt,Sh,SoT,CrdY,CrdR,Touches,Tkl,Int,Blocks,xG,npxG,xAG,SCA,GCA,Cmp,Att,Cmp%,PrgP,Carries,PrgC,Att,Succ,,,,,
03f946ed,Andrea Petagna,37,ITA,FW,27-233,58,0,0,0,0,2,2,0,0,21,0,0,2,0.1,0.1,0.0,0,0,9,12,75.0,1,9,1,1,1,Monza,2023-02-18 Monza-Milan,ITA-SERIA_A,22-23,e80da77d
7afb1573,Pepín,7,EQG,"CM,AM",26-188,32,0,0,0,0,1,1,1,0,28,0,2,1,0.0,0.0,0.0,1,0,22,25,88.0,3,22,3,1,1,Monza,2023-02-18 Monza-Milan,ITA-SERIA_A,22-23,e80da77d
efc9e31f,Dany Mota,47,POR,"AM,FW",24-292,82,0,0,0,0,0,0,0,0,28,0,0,0,0.0,0.0,0.2,2,0,17,25,68.0,4,20,2,2,1,Monza,2023-02-18 Monza-Milan,ITA-SERIA_A,22-23,e80da77d
c414df9d,Mattia Valoti,10,ITA,AM,29-165,8,0,0,0,0,0,0,0,0,7,0,0,0,0.0,0.0,0.0,0,0,6,7,85.7,2,6,0,0,0,Monza,2023-02-18 Monza-Milan,ITA-SERIA_A,22-23,e80da77d
54e53b7e,Gianluca Caprari,17,ITA,AM,29-203,90,0,0,0,0,0,0,0,0,52,3,1,0,0.0,0.0,0.0,2,0,28,38,73.7,6,32,1,6,2,Monza,2023-02-18 Monza-Milan,ITA-SERIA_A,22-23,e80da77d
780e3631,Matteo Pessina,32,ITA,"CM,CB",25-303,90,0,0,0,0,0,0,0,0,90,6,0,2,0.0,0.0,0.0,1,0,62,73,84.9,7,57,4,4,3,Monza,2023-02-18 Monza-Milan,ITA-SERIA_A,22-23,e80da77d
e58cbfd5,Nicolò Rovella,6,ITA,CM,21-076,69,0,0,0,0,2,1,1,0,72,4,3,0,0.1,0.1,0.0,2,0,56,63,88.9,5,43,1,2,1,Monza,2023-02-18 Monza-Milan,ITA-SERIA_A,22-23,e80da77d
b70bde8f,Stefano Sensi,12,ITA,CM,27-197,21,0,0,0,0,0,0,0,0,33,1,0,0,0.0,0.0,0.0,7,0,27,33,81.8,5,17,1,0,0,Monza,2023-02-18 Monza-Milan,ITA-SERIA_A,22-23,e80da77d
5de3866c,Patrick Ciurria,84,ITA,WB,28-009,90,0,0,0,0,3,1,0,0,65,2,0,0,0.1,0.1,0.0,2,0,40,57,70.2,3,35,0,2,0,Monza,2023-02-18 Monza-Milan,ITA-SERIA_A,22-23,e80da77d
204ac005,Samuele Birindelli,19,ITA,WB,23-214,58,0,0,0,0,0,0,1,0,42,0,0,1,0.0,0.0,0.0,1,0,23,35,65.7,0,24,2,1,1,Monza,2023-02-18 Monza-Milan,ITA-SERIA_A,22-23,e80da77d
b033f803,Franco Carboni,11,ITA,WB,19-320,32,0,0,0,0,0,0,0,0,32,0,1,2,0.0,0.0,0.0,1,0,18,27,66.7,1,16,2,4,1,Monza,2023-02-18 Monza-Milan,ITA-SERIA_A,22-23,e80da77d
89976232,Armando Izzo,55,ITA,CB,30-353,90,0,0,0,0,1,0,0,0,63,3,2,0,0.1,0.1,0.0,1,0,42,52,80.8,6,34,0,0,0,Monza,2023-02-18 Monza-Milan,ITA-SERIA_A,22-23,e80da77d
aa54ec6f,Pablo Marí,3,ESP,CB,29-171,90,0,0,0,0,2,0,0,0,81,2,2,1,0.1,0.1,0.0,0,0,64,72,88.9,2,49,1,0,0,Monza,2023-02-18 Monza-Milan,ITA-SERIA_A,22-23,e80da77d
cdf65d12,Marlon,4,BRA,CB,27-164,70,0,0,0,0,0,0,1,0,50,1,3,0,0.0,0.0,0.0,0,0,37,41,90.2,3,30,1,2,1,Monza,2023-02-18 Monza-Milan,ITA-SERIA_A,22-23,e80da77d
9250bcff,Christian Gytkjær,9,DEN,FW,32-288,20,0,0,0,0,0,0,0,0,8,0,0,0,0.0,0.0,0.0,0,0,3,4,75.0,0,5,0,1,0,Monza,2023-02-18 Monza-Milan,ITA-SERIA_A,22-23,e80da77d
4e0c8d66,Michele Di Gregorio,16,ITA,GK,25-206,90,0,0,0,0,0,0,0,0,39,0,0,0,0.0,0.0,0.0,0,0,23,33,69.7,0,25,0,0,0,Monza,2023-02-18 Monza-Milan,ITA-SERIA_A,22-23,e80da77d
43a166b4,Divock Origi,27,BEL,FW,27-306,63,0,0,0,0,1,0,0,0,18,1,0,1,0.1,0.1,0.4,1,0,1,7,14.3,0,11,1,3,1,Milan,2023-02-18 Monza-Milan,ITA-SERIA_A,22-23,e80da77d
16ceb862,Olivier Giroud,9,FRA,FW,36-141,27,0,0,0,0,0,0,0,0,14,0,0,0,0.0,0.0,0.1,1,0,5,12,41.7,1,5,0,0,0,Milan,2023-02-18 Monza-Milan,ITA-SERIA_A,22-23,e80da77d
20730eae,Rafael Leão,17,POR,AM,23-253,78,0,0,0,0,3,2,0,0,31,1,2,0,0.2,0.2,0.3,3,0,6,10,60.0,1,18,3,8,3,Milan,2023-02-18 Monza-Milan,ITA-SERIA_A,22-23,e80da77d
536cebe5,Ante Rebić,12,CRO,AM,29-150,12,0,0,0,0,0,0,0,0,4,0,0,0,0.0,0.0,0.0,0,0,1,2,50.0,0,2,0,1,0,Milan,2023-02-18 Monza-Milan,ITA-SERIA_A,22-23,e80da77d
407feb71,Brahim Díaz,10,MAR,AM,23-199,63,0,0,0,0,2,2,0,0,26,0,0,0,0.6,0.6,0.0,5,1,11,16,68.8,3,17,3,6,4,Milan,2023-02-18 Monza-Milan,ITA-SERIA_A,22-23,e80da77d
2ef7c612,Charles De Ketelaere,90,BEL,AM,21-345,27,0,0,0,0,2,0,0,0,21,1,0,2,0.5,0.5,0.0,0,0,8,11,72.7,3,10,1,4,3,Milan,2023-02-18 Monza-Milan,ITA-SERIA_A,22-23,e80da77d
0db169ae,Sandro Tonali,8,ITA,CM,22-286,90,0,0,0,0,1,1,0,0,64,2,1,0,0.1,0.1,0.0,3,0,43,54,79.6,2,31,1,1,0,Milan,2023-02-18 Monza-Milan,ITA-SERIA_A,22-23,e80da77d
817c6964,Rade Krunić,33,BIH,CM,29-134,82,0,0,0,0,0,0,1,0,61,1,1,2,0.0,0.0,0.1,3,0,46,54,85.2,5,33,2,1,1,Milan,2023-02-18 Monza-Milan,ITA-SERIA_A,22-23,e80da77d
59bf127b,Tiemoué Bakayoko,14,FRA,CM,28-185,8,0,0,0,0,0,0,0,0,6,1,0,0,0.0,0.0,0.0,0,0,2,3,66.7,1,3,0,1,0,Milan,2023-02-18 Monza-Milan,ITA-SERIA_A,22-23,e80da77d
d4c9725f,Theo Hernández,19,FRA,WB,25-135,90,0,0,0,0,1,0,0,0,60,1,0,0,0.3,0.3,0.4,6,0,43,53,81.1,6,28,2,1,1,Milan,2023-02-18 Monza-Milan,ITA-SERIA_A,22-23,e80da77d
f49c4ae9,Junior Messias,30,BRA,WB,31-281,63,1,0,0,0,2,1,0,0,40,3,0,1,0.1,0.1,0.1,2,0,27,31,87.1,1,15,2,3,2,Milan,2023-02-18 Monza-Milan,ITA-SERIA_A,22-23,e80da77d
ee251371,Alexis Saelemaekers,56,BEL,WB,23-236,27,0,0,0,0,0,0,0,0,17,4,0,1,0.0,0.0,0.5,2,0,6,8,75.0,0,4,0,4,2,Milan,2023-02-18 Monza-Milan,ITA-SERIA_A,22-23,e80da77d
7edfbb8a,Fikayo Tomori,23,ENG,CB,25-061,90,0,0,0,0,1,1,0,0,68,2,0,3,0.1,0.1,0.0,0,0,44,58,75.9,5,32,0,0,0,Milan,2023-02-18 Monza-Milan,ITA-SERIA_A,22-23,e80da77d
ff5ea0bf,Malick Thiaw,28,GER,CB,21-194,90,0,0,0,0,1,0,1,0,37,2,1,0,0.4,0.4,0.1,0,0,18,25,72.0,1,12,0,0,0,Milan,2023-02-18 Monza-Milan,ITA-SERIA_A,22-23,e80da77d
85f7d1be,Pierre Kalulu,20,FRA,CB,22-258,90,0,0,0,0,0,0,0,0,54,3,2,2,0.0,0.0,0.0,1,1,34,39,87.2,4,19,1,0,0,Milan,2023-02-18 Monza-Milan,ITA-SERIA_A,22-23,e80da77d
b056e3da,Ciprian Tătărușanu,1,ROU,GK,37-009,90,0,0,0,0,0,0,0,0,39,0,0,0,0.0,0.0,0.0,0,0,24,36,66.7,0,14,0,0,0,Milan,2023-02-18 Monza-Milan,ITA-SERIA_A,22-23,e80da77d
