id,Player,#,Nation,Pos,Age,Min,Performance,Performance,Performance,Performance,Performance,Performance,Performance,Performance,Performance,Performance,Performance,Performance,Expected,Expected,Expected,SCA,SCA,Passes,Passes,Passes,Passes,Carries,Carries,Take-Ons,Take-Ons,team,game,league,season,game_id
,,,,,,,Gls,Ast,PK,PKatt,Sh,SoT,CrdY,CrdR,Touches,Tkl,Int,Blocks,xG,npxG,xAG,SCA,GCA,Cmp,Att,Cmp%,PrgP,Carries,PrgC,Att,Succ,,,,,
4c2e9442,Maxi Gómez,9,URU,FW,22-089,90,0,0,0,0,2,0,0,0,23,0,0,0,0.2,0.2,0.1,5,0,16,18,88.9,3,15,4,1,1,Celta Vigo,2018-11-11 Celta Vigo-Real Madrid,ESP-LALIGA,18-19,349e2112
7dcf86f6,Iago Aspas,10,ESP,FW,31-102,90,0,1,0,0,3,1,0,0,50,0,1,0,0.1,0.1,0.2,6,2,35,41,85.4,3,40,4,3,2,Celta Vigo,2018-11-11 Celta Vigo-Real Madrid,ESP-LALIGA,18-19,349e2112
b0c71810,Sofiane Boufal,19,MAR,LM,25-055,62,0,0,0,0,1,0,0,0,28,1,0,1,0.0,0.0,0.2,3,0,11,18,61.1,1,20,3,2,2,Celta Vigo,2018-11-11 Celta Vigo-Real Madrid,ESP-LALIGA,18-19,349e2112
2ef16f06,Andrew Hjulsager,16,DEN,LM,23-300,28,0,0,0,0,0,0,0,0,11,0,0,0,0.0,0.0,0.0,0,0,6,9,66.7,0,9,1,2,1,Celta Vigo,2018-11-11 Celta Vigo-Real Madrid,ESP-LALIGA,18-19,349e2112
ed5c5fa3,Fran Beltrán,8,ESP,CM,19-281,62,0,0,0,0,2,0,0,0,50,0,1,1,0.1,0.1,0.0,0,0,40,44,90.9,3,34,0,0,0,Celta Vigo,2018-11-11 Celta Vigo-Real Madrid,ESP-LALIGA,18-19,349e2112
0c3f7197,Emre Mor,7,TUR,RM,21-110,28,0,0,0,0,1,0,0,0,10,0,1,0,0.1,0.1,0.0,0,0,6,8,75.0,0,10,1,0,0,Celta Vigo,2018-11-11 Celta Vigo-Real Madrid,ESP-LALIGA,18-19,349e2112
e49ce451,Okay Yokuşlu,5,TUR,CM,24-247,90,0,0,0,0,1,0,0,0,74,1,0,0,0.1,0.1,0.0,3,0,60,70,85.7,8,56,4,5,4,Celta Vigo,2018-11-11 Celta Vigo-Real Madrid,ESP-LALIGA,18-19,349e2112
c9e39d91,Brais Méndez,23,ESP,"RM,CM",21-308,90,1,1,0,0,3,2,0,0,78,4,1,3,0.1,0.1,0.3,6,1,54,64,84.4,7,50,3,1,1,Celta Vigo,2018-11-11 Celta Vigo-Real Madrid,ESP-LALIGA,18-19,349e2112
de7d40d6,David Juncà,17,ESP,LB,24-360,90,0,0,0,0,0,0,1,0,67,2,5,1,0.0,0.0,0.0,0,0,47,55,85.5,3,38,4,0,0,Celta Vigo,2018-11-11 Celta Vigo-Real Madrid,ESP-LALIGA,18-19,349e2112
51e3954c,Facundo Roncaglia,24,ARG,CB,31-274,90,0,0,0,0,0,0,0,0,65,4,4,0,0.0,0.0,0.0,1,0,44,53,83.0,1,35,0,0,0,Celta Vigo,2018-11-11 Celta Vigo-Real Madrid,ESP-LALIGA,18-19,349e2112
92b4a127,Gustavo Cabral,22,ARG,CB,33-028,86,0,0,0,0,1,0,2,1,52,1,0,0,0.1,0.1,0.0,2,0,40,48,83.3,2,31,0,0,0,Celta Vigo,2018-11-11 Celta Vigo-Real Madrid,ESP-LALIGA,18-19,349e2112
cb574619,Hugo Mallo,2,ESP,RB,27-142,90,1,0,0,0,2,1,1,0,64,4,2,1,0.1,0.1,0.0,1,0,39,51,76.5,4,35,2,1,0,Celta Vigo,2018-11-11 Celta Vigo-Real Madrid,ESP-LALIGA,18-19,349e2112
8875b8c9,Sergio Álvarez,1,ESP,GK,32-100,90,0,0,0,0,0,0,0,0,31,0,0,0,0.0,0.0,0.0,0,0,24,28,85.7,0,9,0,0,0,Celta Vigo,2018-11-11 Celta Vigo-Real Madrid,ESP-LALIGA,18-19,349e2112
70d74ece,Karim Benzema,9,FRA,FW,30-327,90,1,0,0,0,7,3,0,0,48,0,2,1,1.3,1.3,0.0,2,0,22,30,73.3,3,35,4,4,3,Real Madrid,2018-11-11 Celta Vigo-Real Madrid,ESP-LALIGA,18-19,349e2112
a58bb1e1,Gareth Bale,11,WAL,LW,29-118,90,0,0,0,0,2,0,0,0,43,3,1,0,0.1,0.1,0.4,2,0,27,32,84.4,1,28,1,2,0,Real Madrid,2018-11-11 Celta Vigo-Real Madrid,ESP-LALIGA,18-19,349e2112
fd51b456,Lucas Vázquez,17,ESP,"RW,LB",27-133,90,0,0,0,0,0,0,0,0,57,0,2,0,0.0,0.0,0.1,4,1,35,45,77.8,3,45,2,4,2,Real Madrid,2018-11-11 Celta Vigo-Real Madrid,ESP-LALIGA,18-19,349e2112
6ce1f46f,Toni Kroos,8,GER,LM,28-311,90,0,0,0,0,2,0,0,0,70,0,0,2,0.3,0.3,0.0,3,0,58,66,87.9,5,51,1,0,0,Real Madrid,2018-11-11 Celta Vigo-Real Madrid,ESP-LALIGA,18-19,349e2112
4d224fe8,Casemiro,14,BRA,CM,26-261,18,0,0,0,0,0,0,0,0,11,0,0,0,0.0,0.0,0.0,1,0,10,11,90.9,1,8,0,0,0,Real Madrid,2018-11-11 Celta Vigo-Real Madrid,ESP-LALIGA,18-19,349e2112
c0617e2b,Dani Ceballos,24,ESP,CM,22-096,72,1,0,0,0,2,1,0,0,49,1,1,1,0.1,0.1,0.0,0,0,37,41,90.2,6,40,1,1,1,Real Madrid,2018-11-11 Celta Vigo-Real Madrid,ESP-LALIGA,18-19,349e2112
6025fab1,Luka Modrić,10,CRO,RM,33-063,90,0,1,0,0,0,0,0,0,72,2,0,1,0.0,0.0,0.4,3,2,60,68,88.2,15,56,2,0,0,Real Madrid,2018-11-11 Celta Vigo-Real Madrid,ESP-LALIGA,18-19,349e2112
3353737a,Sergio Reguilón,23,ESP,LB,21-330,44,0,0,0,0,0,0,1,0,28,0,1,1,0.0,0.0,0.5,1,0,19,23,82.6,4,19,2,0,0,Real Madrid,2018-11-11 Celta Vigo-Real Madrid,ESP-LALIGA,18-19,349e2112
60359288,Javi Sánchez,31,ESP,CB,21-242,46,0,0,0,0,0,0,1,0,13,1,0,0,0.0,0.0,0.0,0,0,7,8,87.5,0,2,0,0,0,Real Madrid,2018-11-11 Celta Vigo-Real Madrid,ESP-LALIGA,18-19,349e2112
08511d65,Sergio Ramos,4,ESP,CB,32-226,90,1,1,1,1,0,0,0,0,48,2,2,5,0.8,0.0,0.0,2,2,29,32,90.6,1,26,0,0,0,Real Madrid,2018-11-11 Celta Vigo-Real Madrid,ESP-LALIGA,18-19,349e2112
2946f9a1,Nacho,6,ESP,"CB,LB",28-297,70,0,0,0,0,0,0,0,0,34,0,1,1,0.0,0.0,0.0,0,0,27,30,90.0,3,24,1,0,0,Real Madrid,2018-11-11 Celta Vigo-Real Madrid,ESP-LALIGA,18-19,349e2112
45af8a54,Marco Asensio,20,ESP,RW,22-294,20,0,0,0,0,0,0,0,0,15,1,0,0,0.0,0.0,0.0,0,0,9,11,81.8,2,8,4,2,0,Real Madrid,2018-11-11 Celta Vigo-Real Madrid,ESP-LALIGA,18-19,349e2112
1d1691ad,Álvaro Odriozola,19,ESP,RB,22-332,90,0,0,0,0,0,0,0,0,55,2,0,0,0.0,0.0,0.3,7,1,41,49,83.7,3,30,6,1,1,Real Madrid,2018-11-11 Celta Vigo-Real Madrid,ESP-LALIGA,18-19,349e2112
1840e36d,Thibaut Courtois,25,BEL,GK,26-184,90,0,0,0,0,0,0,0,0,31,0,0,0,0.0,0.0,0.0,0,0,14,28,50.0,0,12,0,0,0,Real Madrid,2018-11-11 Celta Vigo-Real Madrid,ESP-LALIGA,18-19,349e2112
