id,Player,#,Nation,Pos,Age,Min,Performance,Performance,Performance,Performance,Performance,Performance,Performance,Performance,Performance,Performance,Performance,Performance,Expected,Expected,Expected,SCA,SCA,Passes,Passes,Passes,Passes,Carries,Carries,Take-Ons,Take-Ons,team,game,league,season,game_id
,,,,,,,Gls,Ast,PK,PKatt,Sh,SoT,CrdY,CrdR,Touches,Tkl,Int,Blocks,xG,npxG,xAG,SCA,GCA,Cmp,Att,Cmp%,PrgP,Carries,PrgC,Att,Succ,,,,,
64e8ed6d,Borja Mayoral,21,ESP,FW,22-169,90,0,0,0,0,3,1,0,0,36,0,0,0,0.2,0.2,0.0,3,0,20,27,74.1,5,24,1,1,0,Levante,2019-09-21 Levante-Eibar,ESP-LALIGA,19-20,cf40de31
0ae4e09a,Roger Martí,9,ESP,FW,28-261,60,0,0,0,0,0,0,0,0,12,0,0,0,0.0,0.0,0.0,0,0,3,9,33.3,0,6,0,0,0,Levante,2019-09-21 Levante-Eibar,ESP-LALIGA,19-20,cf40de31
0a0cc13c,Sergio León,7,ESP,FW,30-258,30,0,0,0,0,1,0,0,0,5,0,0,0,0.0,0.0,0.0,1,0,1,2,50.0,0,4,1,0,0,Levante,2019-09-21 Levante-Eibar,ESP-LALIGA,19-20,cf40de31
4a478107,José Luis Morales,11,ESP,LM,32-060,85,0,0,0,0,3,1,0,0,47,1,0,0,0.4,0.4,0.3,4,0,25,37,67.6,4,30,1,2,2,Levante,2019-09-21 Levante-Eibar,ESP-LALIGA,19-20,cf40de31
2327c29e,Hernâni Fortes,8,POR,LM,28-032,5,0,0,0,0,0,0,0,0,3,0,0,0,0.0,0.0,0.0,0,0,1,1,100.0,0,3,1,1,0,Levante,2019-09-21 Levante-Eibar,ESP-LALIGA,19-20,cf40de31
3902e91b,Gonzalo Melero,22,ESP,CM,25-262,70,0,0,0,0,1,1,0,0,44,1,0,1,0.0,0.0,0.0,0,0,30,38,78.9,3,24,0,0,0,Levante,2019-09-21 Levante-Eibar,ESP-LALIGA,19-20,cf40de31
b5dd3469,Nemanja Radoja,5,SRB,CM,26-227,20,0,0,0,0,0,0,0,0,14,1,0,0,0.0,0.0,0.0,0,0,11,13,84.6,3,9,0,0,0,Levante,2019-09-21 Levante-Eibar,ESP-LALIGA,19-20,cf40de31
61220da2,José Campaña,24,ESP,CM,26-113,90,0,0,0,0,1,0,0,0,85,1,1,1,0.3,0.3,0.6,6,0,62,73,84.9,8,52,3,3,3,Levante,2019-09-21 Levante-Eibar,ESP-LALIGA,19-20,cf40de31
ecd8c01e,Rubén Rochina,16,ESP,RM,28-182,90,0,0,0,0,3,1,0,0,57,3,0,1,0.1,0.1,0.3,4,0,26,46,56.5,9,33,2,3,1,Levante,2019-09-21 Levante-Eibar,ESP-LALIGA,19-20,cf40de31
33a61a52,Carlos Clerc,19,ESP,LB,27-212,90,0,0,0,0,0,0,0,0,62,3,0,0,0.0,0.0,0.0,0,0,36,50,72.0,6,26,1,4,2,Levante,2019-09-21 Levante-Eibar,ESP-LALIGA,19-20,cf40de31
e7ab4179,Erick Cabaco,18,URU,CB,24-155,90,0,0,0,0,0,0,0,0,50,1,0,0,0.0,0.0,0.0,0,0,37,44,84.1,0,32,0,0,0,Levante,2019-09-21 Levante-Eibar,ESP-LALIGA,19-20,cf40de31
c67cd65c,Rúben Vezo,14,POR,CB,25-149,90,0,0,0,0,1,0,0,0,64,0,1,1,0.4,0.4,0.0,0,0,37,54,68.5,3,32,0,0,0,Levante,2019-09-21 Levante-Eibar,ESP-LALIGA,19-20,cf40de31
7f4c7c9f,Jorge Miramón,20,ESP,RB,30-111,90,0,0,0,0,0,0,0,0,52,2,1,2,0.0,0.0,0.1,2,0,35,46,76.1,2,27,3,0,0,Levante,2019-09-21 Levante-Eibar,ESP-LALIGA,19-20,cf40de31
a01c3d54,Aitor Fernández,13,ESP,GK,28-141,90,0,0,0,0,0,0,0,0,42,0,0,0,0.0,0.0,0.0,0,0,34,38,89.5,0,13,0,0,0,Levante,2019-09-21 Levante-Eibar,ESP-LALIGA,19-20,cf40de31
c966fce1,Quique,7,ESP,FW,29-128,90,0,0,0,0,2,1,0,0,27,1,0,1,0.2,0.2,0.0,2,0,14,20,70.0,1,13,2,1,1,Eibar,2019-09-21 Levante-Eibar,ESP-LALIGA,19-20,cf40de31
61bd33d0,Takashi Inui,22,JPN,LW,31-111,90,0,0,0,0,4,2,0,0,37,1,1,0,0.3,0.3,0.1,2,0,19,28,67.9,2,30,1,1,0,Eibar,2019-09-21 Levante-Eibar,ESP-LALIGA,19-20,cf40de31
d66b9872,Pedro León,21,ESP,RW,32-301,69,0,0,0,0,3,0,1,0,35,0,0,1,0.1,0.1,0.2,4,0,13,24,54.2,0,13,3,0,0,Eibar,2019-09-21 Levante-Eibar,ESP-LALIGA,19-20,cf40de31
3f79a1c8,Gonzalo Escalante,5,ARG,DM,26-178,21,0,0,0,0,1,0,0,0,12,0,1,0,0.1,0.1,0.0,0,0,6,10,60.0,0,6,1,0,0,Eibar,2019-09-21 Levante-Eibar,ESP-LALIGA,19-20,cf40de31
c90977db,Fabián Orellana,14,CHI,"AM,RW",33-237,85,0,0,0,0,3,0,0,0,43,1,2,0,0.4,0.4,0.0,6,0,23,31,74.2,4,38,2,5,2,Eibar,2019-09-21 Levante-Eibar,ESP-LALIGA,19-20,cf40de31
c4b8bcf4,Charles,19,BRA,RW,35-170,5,0,0,0,0,0,0,0,0,2,0,0,0,0.0,0.0,0.0,0,0,2,2,100.0,0,2,1,0,0,Eibar,2019-09-21 Levante-Eibar,ESP-LALIGA,19-20,cf40de31
7329018e,Papakouli Diop,8,SEN,DM,33-186,90,0,0,0,0,1,1,0,0,41,3,2,1,0.0,0.0,0.0,1,0,22,32,68.8,5,18,0,1,1,Eibar,2019-09-21 Levante-Eibar,ESP-LALIGA,19-20,cf40de31
283c7121,Edu Expósito,10,ESP,"DM,AM",23-051,90,0,0,0,0,1,0,0,0,27,2,0,0,0.0,0.0,0.1,4,0,19,21,90.5,2,15,0,0,0,Eibar,2019-09-21 Levante-Eibar,ESP-LALIGA,19-20,cf40de31
3024e383,José Ángel,15,ESP,LB,30-016,90,0,0,0,0,1,0,0,0,58,0,2,2,0.0,0.0,0.3,5,0,29,52,55.8,5,30,2,0,0,Eibar,2019-09-21 Levante-Eibar,ESP-LALIGA,19-20,cf40de31
d2be40f2,Iván Ramis,4,ESP,CB,34-331,63,0,0,0,0,1,0,0,0,27,1,1,1,0.1,0.1,0.0,0,0,15,21,71.4,2,14,0,1,1,Eibar,2019-09-21 Levante-Eibar,ESP-LALIGA,19-20,cf40de31
a8fbae1d,Paulo Oliveira,12,POR,CB,27-256,27,0,0,0,0,0,0,0,0,4,0,0,0,0.0,0.0,0.0,0,0,3,4,75.0,1,1,0,0,0,Eibar,2019-09-21 Levante-Eibar,ESP-LALIGA,19-20,cf40de31
850c0a0d,Anaitz Arbilla,23,ESP,CB,32-129,90,0,0,0,0,1,0,0,0,32,2,0,4,0.1,0.1,0.0,0,0,21,24,87.5,2,15,0,0,0,Eibar,2019-09-21 Levante-Eibar,ESP-LALIGA,19-20,cf40de31
868ce848,Álvaro Tejero,24,ESP,RB,23-063,90,0,0,0,0,0,0,0,0,61,4,1,3,0.0,0.0,0.2,3,0,35,47,74.5,10,22,2,1,0,Eibar,2019-09-21 Levante-Eibar,ESP-LALIGA,19-20,cf40de31
ac295d9e,Marko Dmitrović,1,SRB,GK,27-240,90,0,0,0,0,0,0,1,0,37,0,0,0,0.0,0.0,0.0,1,0,11,31,35.5,0,14,0,0,0,Eibar,2019-09-21 Levante-Eibar,ESP-LALIGA,19-20,cf40de31
