id,Unnamed: 0_level_0,Unnamed: 1_level_0,Unnamed: 2_level_0,Unnamed: 3_level_0,Unnamed: 4_level_0,Unnamed: 5_level_0,Unnamed: 6_level_0,Unnamed: 7_level_0,Standard,Standard,Standard,Standard,Standard,Standard,Standard,Standard,Standard,Standard,Standard,Standard,Expected,Expected,Expected,Expected,Expected,Unnamed: 25_level_0,Unnamed: league,Unnamed: season
,Rk,Player,Nation,Pos,Squad,Age,Born,90s,Gls,Sh,SoT,SoT%,Sh/90,SoT/90,G/Sh,G/SoT,Dist,FK,PK,PKatt,xG,npxG,npxG/Sh,G-xG,np:G-xG,Matches,league,season
7310786d,1,Keyliane Abdallah,FRA,FW,Marseille,17,2006,0.0,0,0,0,,0.0,0.0,,,,0,0,0,0.0,0.0,,0.0,0.0,Matches,FRA-L1,23-24
32c2d95f,2,Yunis Abdelhamid,MAR,DF,Reims,35,1987,30.9,4,21,7,33.3,0.68,0.23,0.14,0.43,15.0,0,1,1,3.4,2.6,0.13,0.6,0.4,Matches,FRA-L1,23-24
82464ce3,3,Salis Abdul Samed,GHA,MF,Lens,23,2000,16.9,0,5,0,0.0,0.3,0.0,0.0,,21.6,0,0,0,0.8,0.8,0.17,-0.8,-0.8,Matches,FRA-L1,23-24
31626657,4,Laurent Abergel,FRA,MF,Lorient,30,1993,31.8,2,26,11,42.3,0.82,0.35,0.08,0.18,26.5,0,0,0,1.1,1.1,0.04,0.9,0.9,Matches,FRA-L1,23-24
0e46fa2f,5,Matthis Abline,FRA,FW,Nantes,20,2003,11.6,5,42,19,45.2,3.62,1.64,0.12,0.26,17.4,0,0,0,3.8,3.8,0.09,1.2,1.2,Matches,FRA-L1,23-24
c2a6033c,6,Zakaria Aboukhlal,MAR,"MF,FW",Toulouse,23,2000,8.4,3,27,7,25.9,3.22,0.84,0.07,0.29,18.7,0,1,1,2.8,2.0,0.07,0.2,0.0,Matches,FRA-L1,23-24
77816c91,7,Bénie Adama Traore,CIV,"FW,MF",Nantes,20,2002,5.6,0,7,4,57.1,1.25,0.71,0.0,0.0,18.7,1,0,0,0.7,0.7,0.1,-0.7,-0.7,Matches,FRA-L1,23-24
2ccd39ed,8,Akor Adams,NGA,FW,Montpellier,23,2000,25.0,8,79,32,40.5,3.16,1.28,0.1,0.25,14.5,0,0,0,12.4,12.4,0.16,-4.4,-4.4,Matches,FRA-L1,23-24
c55de1f5,9,Nathaniel Adjei,GHA,DF,Lorient,20,2002,13.8,0,4,0,0.0,0.29,0.0,0.0,,8.3,0,0,0,0.4,0.4,0.09,-0.4,-0.4,Matches,FRA-L1,23-24
e980e78d,10,Adryelson,BRA,"DF,FW",Lyon,25,1998,0.1,0,0,0,,0.0,0.0,,,,0,0,0,0.0,0.0,,0.0,0.0,Matches,FRA-L1,23-24
eda38706,11,Adson,BRA,"MF,FW",Nantes,22,2000,2.6,0,5,0,0.0,1.89,0.0,0.0,,17.9,0,0,0,0.2,0.2,0.05,-0.2,-0.2,Matches,FRA-L1,23-24
75f1ed80,12,Emmanuel Agbadou,CIV,DF,Reims,26,1997,28.8,1,32,5,15.6,1.11,0.17,0.03,0.2,15.1,0,0,0,2.4,2.4,0.07,-1.4,-1.4,Matches,FRA-L1,23-24
3dd738a1,13,Ruben Aguilar,FRA,DF,Lens,30,1993,21.4,1,12,4,33.3,0.56,0.19,0.08,0.25,16.1,0,0,0,1.4,1.4,0.12,-0.4,-0.4,Matches,FRA-L1,23-24
9c4f39b3,14,Tosin Aiyegun,BEN,"MF,FW",Lorient,25,1998,10.0,2,11,3,27.3,1.1,0.3,0.18,0.67,22.7,0,0,0,1.8,1.8,0.17,0.2,0.2,Matches,FRA-L1,23-24
06efa9dc,15,Sergio Akieme,ESP,DF,Reims,25,1997,9.1,2,11,2,18.2,1.21,0.22,0.18,1.0,18.3,0,0,0,1.4,1.4,0.13,0.6,0.6,Matches,FRA-L1,23-24
b625b241,16,Maghnes Akliouche,FRA,"MF,FW",Monaco,21,2002,17.9,7,36,22,61.1,2.01,1.23,0.19,0.32,15.7,1,0,0,5.4,5.4,0.15,1.6,1.6,Matches,FRA-L1,23-24
31f5b89b,17,Paul Akouokou,CIV,MF,Lyon,25,1997,3.4,0,2,0,0.0,0.59,0.0,0.0,,15.7,0,0,0,0.1,0.1,0.03,-0.1,-0.1,Matches,FRA-L1,23-24
133d2aa5,18,Aboubacar Ali,FRA,"MF,FW",Strasbourg,17,2006,1.4,0,4,2,50.0,2.77,1.38,0.0,0.0,19.4,0,0,0,0.2,0.2,0.06,-0.2,-0.2,Matches,FRA-L1,23-24
f8405304,19,Mohamed Ali Cho,FRA,FW,Nice,19,2004,9.6,1,18,6,33.3,1.88,0.63,0.06,0.17,21.1,0,0,0,1.1,1.1,0.06,-0.1,-0.1,Matches,FRA-L1,23-24
b386310a,20,Nabil Alioui,FRA,"MF,FW",Le Havre,24,1999,11.2,4,28,9,32.1,2.5,0.8,0.14,0.44,19.0,1,0,0,2.4,2.4,0.09,1.6,1.6,Matches,FRA-L1,23-24
1956b948,21,Jim Allevinah,GAB,"MF,DF",Clermont Foot,28,1995,20.7,2,37,11,29.7,1.79,0.53,0.05,0.18,14.8,0,0,0,2.6,2.6,0.07,-0.6,-0.6,Matches,FRA-L1,23-24
add37c13,22,Skelly Alvero,FRA,MF,Lyon,21,2002,4.7,1,9,3,33.3,1.9,0.63,0.11,0.33,22.9,0,0,0,0.4,0.4,0.05,0.6,0.6,Matches,FRA-L1,23-24
d638ab17,23,Papa Amadou Diallo,SEN,FW,Metz,19,2004,9.9,2,13,5,38.5,1.32,0.51,0.15,0.4,14.7,0,0,0,2.6,2.6,0.2,-0.6,-0.6,Matches,FRA-L1,23-24
22721b88,24,Jordan Amavi,FRA,DF,Brest,29,1994,1.0,1,1,1,100.0,0.99,0.99,1.0,1.0,26.9,1,0,0,0.1,0.1,0.1,0.9,0.9,Matches,FRA-L1,23-24
bcc81786,25,Kelvin Amian,FRA,DF,Nantes,25,1998,8.9,0,1,0,0.0,0.11,0.0,0.0,,22.8,0,0,0,0.1,0.1,0.05,-0.1,-0.1,Matches,FRA-L1,23-24
349cae8f,26,Michael Amir Murillo,PAN,DF,Marseille,27,1996,11.1,3,6,4,66.7,0.54,0.36,0.5,0.75,16.8,0,0,0,0.8,0.8,0.14,2.2,2.2,Matches,FRA-L1,23-24
ef9c1c95,27,Benjamin André,FRA,MF,Lille,32,1990,28.6,4,23,9,39.1,0.81,0.32,0.17,0.44,17.0,0,0,0,2.6,2.6,0.11,1.4,1.4,Matches,FRA-L1,23-24
af3ddb2e,28,Komnen Andrić,SRB,FW,Clermont Foot,28,1995,1.9,0,2,0,0.0,1.07,0.0,0.0,,19.1,0,0,0,0.1,0.1,0.03,-0.1,-0.1,Matches,FRA-L1,23-24
42f0113f,29,Stredair Appuah,FRA,"FW,MF",Nantes,19,2004,0.9,0,4,0,0.0,4.29,0.0,0.0,,23.3,0,0,0,0.4,0.4,0.11,-0.4,-0.4,Matches,FRA-L1,23-24
9dd5da03,30,Yoël Armougom,FRA,"DF,MF",Clermont Foot,25,1998,2.6,0,2,0,0.0,0.77,0.0,0.0,,28.1,0,0,0,0.0,0.0,0.02,0.0,0.0,Matches,FRA-L1,23-24
e2ae54db,31,Hákon Arnar Haraldsson,ISL,"FW,MF",Lille,20,2003,14.3,2,12,6,50.0,0.84,0.42,0.17,0.33,18.2,0,0,0,0.8,0.8,0.06,1.2,1.2,Matches,FRA-L1,23-24
508a9011,32,Mohamed El Arouch,FRA,FW,Lyon,19,2004,0.0,0,0,0,,0.0,0.0,,,,0,0,0,0.0,0.0,,0.0,0.0,Matches,FRA-L1,23-24
45af8a54,33,Marco Asensio,ESP,"MF,FW",Paris S-G,27,1996,12.4,4,27,10,37.0,2.18,0.81,0.15,0.4,19.2,1,0,0,3.2,3.2,0.12,0.8,0.8,Matches,FRA-L1,23-24
13e827f8,34,Joel Asoro,SWE,"FW,MF",Metz,24,1999,9.4,2,6,3,50.0,0.64,0.32,0.33,0.67,15.4,0,0,0,0.6,0.6,0.1,1.4,1.4,Matches,FRA-L1,23-24
b026bbf6,35,Lorenz Assignon,TOG,DF,Rennes,23,2000,11.2,1,11,4,36.4,0.98,0.36,0.09,0.25,22.9,0,0,0,0.4,0.4,0.04,0.6,0.6,Matches,FRA-L1,23-24
6a827d8e,36,Youcef Atal,ALG,DF,Nice,27,1996,4.0,1,4,1,25.0,1.0,0.25,0.25,1.0,22.6,0,0,0,0.1,0.1,0.03,0.9,0.9,Matches,FRA-L1,23-24
6b5edd5d,37,Valentin Atangana Edoa,FRA,MF,Reims,17,2005,6.2,0,9,2,22.2,1.46,0.32,0.0,0.0,19.9,0,0,0,0.5,0.5,0.05,-0.5,-0.5,Matches,FRA-L1,23-24
d3ddf88b,38,Arthur Atta,FRA,"MF,FW",Metz,20,2003,10.3,1,9,4,44.4,0.88,0.39,0.11,0.25,16.2,0,0,0,0.6,0.6,0.06,0.4,0.4,Matches,FRA-L1,23-24
d5dd5f1f,39,Pierre-Emerick Aubameyang,GAB,FW,Marseille,34,1989,29.1,17,112,47,42.0,3.84,1.61,0.12,0.28,15.8,5,4,4,20.5,17.3,0.16,-3.5,-4.3,Matches,FRA-L1,23-24
5dbefa9d,40,André Ayew,GHA,FW,Le Havre,33,1989,12.3,5,32,12,37.5,2.61,0.98,0.16,0.42,15.1,1,0,0,3.1,3.1,0.1,1.9,1.9,Matches,FRA-L1,23-24
17e1261b,41,Neil El Aynaoui,FRA,MF,Lens,22,2001,17.4,1,22,8,36.4,1.26,0.46,0.05,0.13,16.0,0,0,0,2.4,2.4,0.11,-1.4,-1.4,Matches,FRA-L1,23-24
972183e0,42,Abdellah Baallal,MAR,MF,Clermont Foot,18,2004,0.0,0,0,0,,0.0,0.0,,,,0,0,0,0.0,0.0,,0.0,0.0,Matches,FRA-L1,23-24
c6f0d5d4,43,Shavy Babicka,GAB,"FW,MF",Toulouse,23,2000,4.1,1,8,4,50.0,1.93,0.97,0.13,0.25,18.7,0,0,0,0.6,0.6,0.07,0.4,0.4,Matches,FRA-L1,23-24
59bf127b,44,Tiemoué Bakayoko,FRA,MF,Lorient,28,1994,14.6,2,12,7,58.3,0.82,0.48,0.17,0.29,15.8,0,0,0,1.7,1.7,0.15,0.3,0.3,Matches,FRA-L1,23-24
2b5a35e5,45,Dilane Bakwa,FRA,"FW,MF",Strasbourg,20,2002,24.2,3,44,12,27.3,1.82,0.5,0.07,0.25,19.6,4,0,0,3.2,3.2,0.07,-0.2,-0.2,Matches,FRA-L1,23-24
7362a6f2,46,Aliou Baldé,GUI,"FW,DF",Nice,20,2002,0.8,0,3,2,66.7,3.91,2.61,0.0,0.0,19.3,0,0,0,0.1,0.1,0.05,-0.1,-0.1,Matches,FRA-L1,23-24
a1390d2f,47,Carlos Baleba,CMR,MF,Lille,19,2004,0.7,0,2,1,50.0,2.95,1.48,0.0,0.0,30.4,0,0,0,0.0,0.0,0.02,0.0,0.0,Matches,FRA-L1,23-24
7c3ed041,48,Leonardo Balerdi,ARG,DF,Marseille,24,1999,25.2,2,14,4,28.6,0.55,0.16,0.14,0.5,17.4,0,0,0,0.9,0.9,0.06,1.1,1.1,Matches,FRA-L1,23-24
31822f8c,49,Folarin Balogun,USA,FW,Monaco,22,2001,18.8,7,63,26,41.3,3.35,1.38,0.11,0.27,14.0,0,0,3,11.0,8.5,0.14,-4.0,-1.5,Matches,FRA-L1,23-24
d469252b,50,Mohamed Bamba,CIV,FW,Lorient,21,2001,12.6,8,37,17,45.9,2.93,1.34,0.19,0.41,12.1,0,1,1,6.4,5.6,0.16,1.6,1.4,Matches,FRA-L1,23-24
69e930e4,51,Mamady Bangré,BFA,"FW,MF",Toulouse,22,2001,1.1,0,3,0,0.0,2.67,0.0,0.0,,16.1,0,0,0,0.1,0.1,0.04,-0.1,-0.1,Matches,FRA-L1,23-24
a0d55a09,52,Bradley Barcola,FRA,FW,Lyon,20,2002,3.0,0,2,0,0.0,0.67,0.0,0.0,,18.1,0,0,0,0.1,0.1,0.04,-0.1,-0.1,Matches,FRA-L1,23-24
a0d55a09,53,Bradley Barcola,FRA,"FW,MF",Paris S-G,20,2002,15.2,4,31,11,35.5,2.04,0.72,0.13,0.36,13.8,0,0,0,4.5,4.5,0.15,-0.5,-0.5,Matches,FRA-L1,23-24
1ddbc7ca,54,Melvin Bard,FRA,DF,Nice,22,2000,29.5,1,15,5,33.3,0.51,0.17,0.07,0.2,24.6,2,0,0,0.5,0.5,0.04,0.5,0.5,Matches,FRA-L1,23-24
a329a732,55,Steven Baseya,FRA,DF,Strasbourg,18,2005,0.1,0,0,0,,0.0,0.0,,,,0,0,0,0.0,0.0,,0.0,0.0,Matches,FRA-L1,23-24
548756f2,56,Mohamed Bechikh,FRA,"FW,MF",Strasbourg,18,2005,0.2,0,0,0,,0.0,0.0,,,,0,0,0,0.0,0.0,,0.0,0.0,Matches,FRA-L1,23-24
5e6355f8,57,Yanis Begraoui,MAR,"FW,MF",Toulouse,22,2001,3.3,0,8,4,50.0,2.4,1.2,0.0,0.0,17.2,0,0,0,0.4,0.4,0.05,-0.4,-0.4,Matches,FRA-L1,23-24
5680bf3f,58,Jérémie Bela,ANG,"MF,FW",Clermont Foot,30,1993,2.3,0,6,2,33.3,2.66,0.89,0.0,0.0,22.6,1,0,0,0.2,0.2,0.04,-0.2,-0.2,Matches,FRA-L1,23-24
705a1642,59,Reda Belahyane,FRA,MF,Nice,19,2004,0.3,0,0,0,,0.0,0.0,,,,0,0,0,0.0,0.0,,0.0,0.0,Matches,FRA-L1,23-24
0595569d,60,Alaa Bellaarouch,MAR,GK,Strasbourg,21,2002,15.0,0,0,0,,0.0,0.0,,,,0,0,0,0.0,0.0,,0.0,0.0,Matches,FRA-L1,23-24
10f0fdd3,61,Jean-Ricner Bellegarde,FRA,"MF,FW",Strasbourg,25,1998,3.0,2,5,3,60.0,1.67,1.0,0.4,0.67,22.5,2,0,0,0.6,0.6,0.11,1.4,1.4,Matches,FRA-L1,23-24
c678ddd7,62,Jeanuël Belocian,FRA,DF,Rennes,18,2005,16.1,0,3,0,0.0,0.19,0.0,0.0,,11.3,0,0,0,0.5,0.5,0.17,-0.5,-0.5,Matches,FRA-L1,23-24
3bd65247,63,Eliesse Ben Seghir,MAR,"MF,FW",Monaco,18,2005,4.8,2,14,4,28.6,2.94,0.84,0.14,0.5,19.8,1,0,0,0.8,0.8,0.06,1.2,1.2,Matches,FRA-L1,23-24
942b4f90,64,Wissam Ben Yedder,FRA,FW,Monaco,32,1990,25.7,16,63,29,46.0,2.45,1.13,0.24,0.52,11.5,0,1,1,12.4,11.6,0.18,3.6,3.4,Matches,FRA-L1,23-24
5a04fd92,65,Saïd Benrahma,ALG,"FW,MF",Lyon,27,1995,8.6,3,25,9,36.0,2.92,1.05,0.12,0.33,21.5,2,0,0,1.6,1.6,0.06,1.4,1.4,Matches,FRA-L1,23-24
3189f61a,66,Nabil Bentaleb,ALG,MF,Lille,28,1994,21.9,0,10,2,20.0,0.46,0.09,0.0,0.0,29.3,1,0,0,0.4,0.4,0.04,-0.4,-0.4,Matches,FRA-L1,23-24
b8aedf06,67,Lucas Beraldo,BRA,DF,Paris S-G,19,2003,11.2,1,5,2,40.0,0.45,0.18,0.2,0.5,10.8,0,0,0,1.0,1.0,0.2,0.0,0.0,Matches,FRA-L1,23-24
380a15e2,68,Dimitry Bertaud,COD,GK,Montpellier,25,1998,4.0,0,0,0,,0.0,0.0,,,,0,0,0,0.0,0.0,,0.0,0.0,Matches,FRA-L1,23-24
3d214e5f,69,Marco Bizot,NED,GK,Brest,32,1991,32.0,0,0,0,,0.0,0.0,,,,0,0,0,0.0,0.0,,0.0,0.0,Matches,FRA-L1,23-24
967f34d3,70,Rubén Blanco,ESP,GK,Marseille,28,1995,1.3,0,0,0,,0.0,0.0,,,,0,0,0,0.0,0.0,,0.0,0.0,Matches,FRA-L1,23-24
6191093d,71,Ludovic Blas,FRA,"FW,MF",Rennes,25,1997,17.4,4,42,15,35.7,2.42,0.86,0.07,0.2,20.0,0,1,2,4.7,3.1,0.07,-0.7,-0.1,Matches,FRA-L1,23-24
5b479568,72,Myron Boadu,NED,FW,Monaco,22,2001,0.9,1,2,2,100.0,2.12,2.12,0.5,0.5,10.7,0,0,0,0.4,0.4,0.22,0.6,0.6,Matches,FRA-L1,23-24
fe012aca,73,Jeremie Boga,CIV,FW,Nice,26,1997,22.2,6,39,19,48.7,1.76,0.86,0.15,0.32,16.7,4,0,0,4.3,4.3,0.11,1.7,1.7,Matches,FRA-L1,23-24
e606b6c0,74,Adama Bojang,GAM,FW,Reims,19,2004,0.9,0,4,1,25.0,4.34,1.08,0.0,0.0,16.9,0,0,0,1.3,1.3,0.32,-1.3,-1.3,Matches,FRA-L1,23-24
737945d9,75,Ângelo Borges,BRA,"FW,MF",Strasbourg,18,2004,12.2,0,9,4,44.4,0.74,0.33,0.0,0.0,22.2,0,0,0,0.4,0.4,0.05,-0.4,-0.4,Matches,FRA-L1,23-24
9f936061,76,Neto Borges,BRA,DF,Clermont Foot,26,1996,28.0,0,16,2,12.5,0.57,0.07,0.0,0.0,19.6,0,0,0,0.5,0.5,0.03,-0.5,-0.5,Matches,FRA-L1,23-24
f40e77d9,77,Saïmon Bouabré,FRA,MF,Monaco,17,2006,0.5,0,0,0,,0.0,0.0,,,,0,0,0,0.0,0.0,,0.0,0.0,Matches,FRA-L1,23-24
8006228f,78,Ayyoub Bouaddi,FRA,MF,Lille,15,2007,1.5,0,0,0,,0.0,0.0,,,,0,0,0,0.0,0.0,,0.0,0.0,Matches,FRA-L1,23-24
0400dd2f,79,Badredine Bouanani,ALG,FW,Nice,18,2004,1.8,0,4,1,25.0,2.24,0.56,0.0,0.0,16.4,0,0,0,0.2,0.2,0.05,-0.2,-0.2,Matches,FRA-L1,23-24
0400dd2f,80,Badredine Bouanani,ALG,MF,Lorient,18,2004,4.9,1,15,5,33.3,3.05,1.02,0.07,0.2,21.1,0,0,0,1.4,1.4,0.09,-0.4,-0.4,Matches,FRA-L1,23-24
28e1d1ea,81,Mohamed Bouchenna,FRA,"MF,FW",Clermont Foot,17,2006,0.3,0,1,0,0.0,3.1,0.0,0.0,,26.3,0,0,0,0.1,0.1,0.06,-0.1,-0.1,Matches,FRA-L1,23-24
f9d5908e,82,Hicham Boudaoui,ALG,MF,Nice,23,1999,17.9,2,29,6,20.7,1.62,0.33,0.07,0.33,15.4,0,0,0,3.3,3.3,0.11,-1.3,-1.3,Matches,FRA-L1,23-24
20e73fac,83,Benjamin Bourigeaud,FRA,"MF,FW",Rennes,29,1994,26.9,9,44,10,22.7,1.63,0.37,0.05,0.2,21.8,13,7,7,9.9,4.4,0.1,-0.9,-2.4,Matches,FRA-L1,23-24
e8a65bc8,84,Bilal Boutobba,FRA,"FW,MF",Clermont Foot,24,1998,10.3,1,25,9,36.0,2.43,0.87,0.04,0.11,17.5,0,0,0,2.0,2.0,0.08,-1.0,-1.0,Matches,FRA-L1,23-24
3b6ace25,85,Hugo Boutsingkham,FRA,"MF,FW",Nantes,20,2003,0.1,0,0,0,,0.0,0.0,,,,0,0,0,0.0,0.0,,0.0,0.0,Matches,FRA-L1,23-24
02bcaf8e,86,Bilal Brahimi,ALG,FW,Nice,23,2000,0.1,0,0,0,,0.0,0.0,,,,0,0,0,0.0,0.0,,0.0,0.0,Matches,FRA-L1,23-24
02bcaf8e,87,Bilal Brahimi,ALG,"FW,MF",Brest,23,2000,2.5,0,4,2,50.0,1.63,0.81,0.0,0.0,24.4,0,0,0,0.1,0.1,0.03,-0.1,-0.1,Matches,FRA-L1,23-24
5b146df3,88,Lilian Brassier,FRA,DF,Brest,23,1999,29.7,3,12,3,25.0,0.4,0.1,0.25,1.0,16.3,0,0,0,1.1,1.1,0.09,1.9,1.9,Matches,FRA-L1,23-24
7b082ec2,89,Maxime Busi,BEL,"FW,DF",Reims,23,1999,1.8,0,1,0,0.0,0.56,0.0,0.0,,16.2,0,0,0,0.2,0.2,0.18,-0.2,-0.2,Matches,FRA-L1,23-24
db87a2c4,90,Marcin Bułka,POL,GK,Nice,23,1999,34.0,0,1,0,0.0,0.03,0.0,0.0,,7.5,0,0,0,0.1,0.1,0.13,-0.1,-0.1,Matches,FRA-L1,23-24
148e136f,91,Rémy Cabella,FRA,"FW,MF",Lille,33,1990,16.4,2,33,14,42.4,2.01,0.85,0.06,0.14,15.5,0,0,0,5.2,5.2,0.16,-3.2,-3.2,Matches,FRA-L1,23-24
94f8d10c,92,Duje Ćaleta-Car,CRO,DF,Lyon,26,1996,22.1,0,7,1,14.3,0.32,0.05,0.0,0.0,10.1,0,0,0,0.5,0.5,0.08,-0.5,-0.5,Matches,FRA-L1,23-24
19c2ffa4,93,Lamine Camara,SEN,MF,Metz,19,2004,25.1,1,29,8,27.6,1.16,0.32,0.03,0.13,28.4,4,0,1,2.2,1.4,0.05,-1.2,-0.4,Matches,FRA-L1,23-24
8577e60a,94,Mahdi Camara,FRA,MF,Brest,25,1998,22.4,7,41,13,31.7,1.83,0.58,0.15,0.46,16.6,0,1,1,4.9,4.1,0.1,2.1,1.9,Matches,FRA-L1,23-24
489e80e3,95,Mohamed Camara,MLI,MF,Monaco,23,2000,11.5,1,13,3,23.1,1.13,0.26,0.0,0.0,26.0,0,1,1,1.5,0.7,0.05,-0.5,-0.7,Matches,FRA-L1,23-24
9f4a940f,96,Axel Camblan,FRA,FW,Brest,19,2003,1.0,0,2,0,0.0,2.0,0.0,0.0,,9.1,0,0,0,0.2,0.2,0.12,-0.2,-0.2,Matches,FRA-L1,23-24
3cc4bb19,97,Fali Candé,GNB,DF,Metz,25,1998,20.5,0,13,7,53.8,0.63,0.34,0.0,0.0,21.4,2,0,0,0.8,0.8,0.06,-0.8,-0.8,Matches,FRA-L1,23-24
a26d3da7,98,Gino Caoki,FRA,MF,Lorient,19,2004,0.1,0,0,0,,0.0,0.0,,,,0,0,0,0.0,0.0,,0.0,0.0,Matches,FRA-L1,23-24
f81ef10d,99,Maxence Caqueret,FRA,MF,Lyon,23,2000,33.6,1,24,9,37.5,0.71,0.27,0.04,0.11,20.9,0,0,0,2.1,2.1,0.09,-1.1,-1.1,Matches,FRA-L1,23-24
e3e32fbb,100,Igor Carioca,BRA,"DF,MF",Lorient,26,1996,2.9,0,1,0,0.0,0.34,0.0,0.0,,19.5,0,0,0,0.0,0.0,0.03,0.0,0.0,Matches,FRA-L1,23-24
c4a71372,101,Antonin Cartillier,FRA,DF,Monaco,19,2004,0.1,0,0,0,,0.0,0.0,,,,0,0,0,0.0,0.0,,0.0,0.0,Matches,FRA-L1,23-24
481f76cf,102,Josué Casimir,FRA,"FW,DF",Le Havre,21,2001,22.4,0,22,4,18.2,0.98,0.18,0.0,0.0,18.3,0,0,0,1.9,1.9,0.09,-1.9,-1.9,Matches,FRA-L1,23-24
f86fe8c1,103,Cristian Cásseres Jr.,VEN,MF,Toulouse,23,2000,21.6,1,15,3,20.0,0.69,0.14,0.07,0.33,18.1,0,0,0,1.1,1.1,0.08,-0.1,-0.1,Matches,FRA-L1,23-24
e0f3a1f6,104,Jean-Charles Castelletto,CMR,DF,Nantes,28,1995,27.4,2,10,6,60.0,0.37,0.22,0.2,0.33,12.1,0,0,0,0.6,0.6,0.06,1.4,1.4,Matches,FRA-L1,23-24
c92c24f0,105,Maximiliano Caufriez,BEL,DF,Clermont Foot,26,1997,18.4,0,6,1,16.7,0.33,0.05,0.0,0.0,17.9,0,0,0,0.4,0.4,0.06,-0.4,-0.4,Matches,FRA-L1,23-24
979b811d,106,Ivan Cavaleiro,POR,FW,Lille,29,1993,8.6,1,11,3,27.3,1.29,0.35,0.09,0.33,13.4,0,0,0,1.3,1.3,0.12,-0.3,-0.3,Matches,FRA-L1,23-24
3c6bbbab,107,Fabien Centonze,FRA,DF,Nantes,27,1996,1.0,0,0,0,,0.0,0.0,,,,0,0,0,0.0,0.0,,0.0,0.0,Matches,FRA-L1,23-24
357103bd,108,Fares Chaïbi,ALG,"FW,MF",Toulouse,20,2002,0.6,0,0,0,,0.0,0.0,,,,0,0,0,0.0,0.0,,0.0,0.0,Matches,FRA-L1,23-24
f527a32c,109,Muhammed Cham,AUT,"MF,FW",Clermont Foot,22,2000,28.4,8,69,26,37.7,2.43,0.92,0.06,0.15,22.0,10,4,5,9.4,5.5,0.08,-1.4,-1.5,Matches,FRA-L1,23-24
16aa7d4c,110,Brendan Chardonnet,FRA,DF,Brest,28,1994,33.0,1,18,3,16.7,0.55,0.09,0.06,0.33,11.3,0,0,0,1.5,1.5,0.08,-0.5,-0.5,Matches,FRA-L1,23-24
649b57e9,111,Jhoanner Chávez,ECU,DF,Lens,21,2002,5.3,0,3,0,0.0,0.56,0.0,0.0,,11.7,0,0,0,0.3,0.3,0.11,-0.3,-0.3,Matches,FRA-L1,23-24
b34c63a5,112,Rayan Cherki,FRA,"MF,FW",Lyon,19,2003,19.1,1,57,17,29.8,2.98,0.89,0.02,0.06,15.7,1,0,0,5.2,5.2,0.09,-4.2,-4.2,Matches,FRA-L1,23-24
b3d76d84,113,Lucas Chevalier,FRA,GK,Lille,21,2001,33.0,0,0,0,,0.0,0.0,,,,0,0,0,0.0,0.0,,0.0,0.0,Matches,FRA-L1,23-24
68a26d51,114,Pedro Chirivella,ESP,MF,Nantes,26,1997,28.8,1,17,6,35.3,0.59,0.21,0.06,0.17,19.8,0,0,0,1.5,1.5,0.09,-0.5,-0.5,Matches,FRA-L1,23-24
7909ffa4,115,Joris Chotard,FRA,MF,Montpellier,21,2001,28.7,0,21,7,33.3,0.73,0.24,0.0,0.0,26.1,0,0,0,0.6,0.6,0.03,-0.6,-0.6,Matches,FRA-L1,23-24
576ca93f,116,Djaoui Cissé,FRA,MF,Rennes,19,2004,0.0,0,0,0,,0.0,0.0,,,,0,0,0,0.0,0.0,,0.0,0.0,Matches,FRA-L1,23-24
abddf25d,117,Ibrahim Cissoko,NED,"FW,MF",Toulouse,20,2003,2.7,1,8,4,50.0,2.99,1.49,0.13,0.25,20.2,0,0,0,0.8,0.8,0.1,0.2,0.2,Matches,FRA-L1,23-24
741418c3,118,Alexis Claude-Maurice,FRA,MF,Nice,25,1998,5.6,0,18,6,33.3,3.21,1.07,0.0,0.0,25.1,1,0,0,0.8,0.8,0.04,-0.8,-0.8,Matches,FRA-L1,23-24
5219ab4a,119,Jonathan Clauss,FRA,DF,Marseille,30,1992,23.0,3,28,8,28.6,1.22,0.35,0.11,0.38,23.0,3,0,0,1.3,1.3,0.05,1.7,1.7,Matches,FRA-L1,23-24
3010aefb,120,Marcus Coco,FRA,"DF,FW",Nantes,27,1996,16.5,1,9,2,22.2,0.55,0.12,0.11,0.5,20.0,0,0,0,0.8,0.8,0.09,0.2,0.2,Matches,FRA-L1,23-24
2f71c116,121,Maxime Colin,FRA,DF,Metz,31,1991,20.4,0,6,0,0.0,0.29,0.0,0.0,,22.7,0,0,0,0.3,0.3,0.05,-0.3,-0.3,Matches,FRA-L1,23-24
15937e17,122,Eray Cömert,SUI,DF,Nantes,25,1998,22.2,2,9,3,33.3,0.41,0.14,0.22,0.67,17.1,1,0,0,0.7,0.7,0.08,1.3,1.3,Matches,FRA-L1,23-24
535b0343,123,Alois Confais,FRA,"MF,FW",Le Havre,26,1996,0.1,0,0,0,,0.0,0.0,,,,0,0,0,0.0,0.0,,0.0,0.0,Matches,FRA-L1,23-24
45b9b619,124,Joaquín Correa,ARG,"FW,MF",Marseille,28,1994,4.8,0,4,2,50.0,0.84,0.42,0.0,0.0,19.3,1,0,0,0.6,0.6,0.16,-0.6,-0.6,Matches,FRA-L1,23-24
d2c12fe0,125,Oscar Cortés,COL,"FW,MF",Lens,19,2003,0.5,1,1,1,100.0,2.05,2.05,1.0,1.0,7.7,0,0,0,0.5,0.5,0.46,0.5,0.5,Matches,FRA-L1,23-24
59948ef7,126,David Pereira da Costa,POR,MF,Lens,22,2001,16.6,4,30,14,46.7,1.81,0.84,0.13,0.29,17.8,2,0,0,3.0,3.0,0.1,1.0,1.0,Matches,FRA-L1,23-24
bfb2056e,127,Logan Costa,CPV,DF,Toulouse,22,2001,29.4,1,14,4,28.6,0.48,0.14,0.07,0.25,14.2,0,0,0,1.4,1.4,0.1,-0.4,-0.4,Matches,FRA-L1,23-24
ca95200f,128,Grégoire Coudert,FRA,GK,Brest,24,1999,2.0,0,0,0,,0.0,0.0,,,,0,0,0,0.0,0.0,,0.0,0.0,Matches,FRA-L1,23-24
dacf856a,129,Mamadou Coulibaly,FRA,MF,Monaco,19,2004,1.3,0,2,0,0.0,1.53,0.0,0.0,,20.4,0,0,0,0.2,0.2,0.09,-0.2,-0.2,Matches,FRA-L1,23-24
05ba9d7c,130,Tanguy Coulibaly,FRA,"FW,MF",Montpellier,22,2001,6.9,1,17,7,41.2,2.46,1.01,0.06,0.14,14.1,0,0,0,2.6,2.6,0.15,-1.6,-1.6,Matches,FRA-L1,23-24
8f325097,131,Nicolas Cozza,FRA,DF,Nantes,24,1999,9.9,0,5,0,0.0,0.5,0.0,0.0,,12.2,0,0,0,0.7,0.7,0.14,-0.7,-0.7,Matches,FRA-L1,23-24
011b2a32,132,Trévis Dago,CIV,"FW,MF",Lille,18,2005,0.3,0,1,0,0.0,3.91,0.0,0.0,,9.5,0,0,0,0.0,0.0,0.04,0.0,0.0,Matches,FRA-L1,23-24
b70afb45,133,Thijs Dallinga,NED,FW,Toulouse,22,2000,27.9,14,81,32,39.5,2.9,1.15,0.16,0.41,13.3,1,1,3,14.1,11.8,0.15,-0.1,1.2,Matches,FRA-L1,23-24
6e33125f,134,Kevin Danso,AUT,DF,Lens,24,1998,29.5,1,21,5,23.8,0.71,0.17,0.05,0.2,14.2,0,0,0,1.8,1.8,0.09,-0.8,-0.8,Matches,FRA-L1,23-24
fd2bc67d,135,Dante,BRA,DF,Nice,39,1983,31.6,1,15,5,33.3,0.47,0.16,0.07,0.2,13.9,0,0,0,0.9,0.9,0.06,0.1,0.1,Matches,FRA-L1,23-24
a2c9af28,136,Raimane Daou,COM,"DF,MF",Marseille,18,2004,0.3,0,0,0,,0.0,0.0,,,,0,0,0,0.0,0.0,,0.0,0.0,Matches,FRA-L1,23-24
06a1d642,137,Mohammed Daramy,DEN,"FW,MF",Reims,21,2002,18.3,4,30,10,33.3,1.64,0.55,0.1,0.3,14.8,0,1,1,4.6,3.8,0.13,-0.6,-0.8,Matches,FRA-L1,23-24
5069b796,138,Achraf Dari,MAR,"DF,FW",Brest,24,1999,1.3,0,1,1,100.0,0.74,0.74,0.0,0.0,14.4,0,0,0,0.0,0.0,0.05,0.0,0.0,Matches,FRA-L1,23-24
ce50fd99,139,Jonathan David,CAN,FW,Lille,23,2000,29.2,19,76,43,56.6,2.6,1.47,0.22,0.4,14.1,0,2,3,17.5,15.0,0.2,1.5,2.0,Matches,FRA-L1,23-24
5fdcb075,140,Thibault De Smet,BEL,DF,Reims,25,1998,20.3,0,4,0,0.0,0.2,0.0,0.0,,15.8,0,0,0,0.3,0.3,0.06,-0.3,-0.3,Matches,FRA-L1,23-24
0be95d34,141,Romain Del Castillo,FRA,FW,Brest,27,1996,27.7,8,37,14,37.8,1.33,0.5,0.14,0.36,20.3,3,3,3,5.2,2.9,0.08,2.8,2.1,Matches,FRA-L1,23-24
8332db56,142,Thomas Delaine,FRA,"DF,MF",Strasbourg,31,1992,22.7,1,12,2,16.7,0.53,0.09,0.08,0.5,15.1,0,0,0,1.7,1.7,0.14,-0.7,-0.7,Matches,FRA-L1,23-24
e4448c8c,143,Sacha Delaye,FRA,"MF,FW",Montpellier,21,2002,1.4,0,5,2,40.0,3.46,1.38,0.0,0.0,21.7,0,0,0,0.3,0.3,0.07,-0.3,-0.3,Matches,FRA-L1,23-24
7304f3b1,144,Karamoko Dembélé,ENG,"MF,FW",Brest,20,2003,0.2,0,0,0,,0.0,0.0,,,,0,0,0,0.0,0.0,,0.0,0.0,Matches,FRA-L1,23-24
b19db005,145,Ousmane Dembélé,FRA,"MF,FW",Paris S-G,26,1997,16.7,3,43,14,32.6,2.57,0.84,0.07,0.21,17.1,0,0,0,4.4,4.4,0.1,-1.4,-1.4,Matches,FRA-L1,23-24
a6138e4a,146,Jessy Deminguet,FRA,"MF,FW",Strasbourg,25,1998,7.7,0,3,1,33.3,0.39,0.13,0.0,0.0,9.1,0,0,0,0.3,0.3,0.09,-0.3,-0.3,Matches,FRA-L1,23-24
477e50ce,147,Rémy Descamps,FRA,GK,Nantes,27,1996,6.0,0,0,0,,0.0,0.0,,,,0,0,0,0.0,0.0,,0.0,0.0,Matches,FRA-L1,23-24
1d5c96f8,148,Mikkel Desler,DEN,DF,Toulouse,28,1995,17.2,0,16,0,0.0,0.93,0.0,0.0,,18.3,0,0,0,1.1,1.0,0.06,-1.1,-1.0,Matches,FRA-L1,23-24
e8c5dd4d,149,Arthur Desmas,FRA,GK,Le Havre,29,1994,33.0,0,0,0,,0.0,0.0,,,,0,0,0,0.0,0.0,,0.0,0.0,Matches,FRA-L1,23-24
f4547573,150,Lamine Diack,SEN,MF,Nantes,22,2000,0.0,0,0,0,,0.0,0.0,,,,0,0,0,0.0,0.0,,0.0,0.0,Matches,FRA-L1,23-24
331c5a98,151,Mamadou Diakhon,FRA,"FW,MF",Reims,17,2005,2.3,0,1,1,100.0,0.43,0.43,0.0,0.0,20.3,0,0,0,0.0,0.0,0.01,0.0,0.0,Matches,FRA-L1,23-24
1bfb6fef,152,Bafodé Diakité,FRA,DF,Lille,22,2001,18.8,5,16,7,43.8,0.85,0.37,0.31,0.71,8.7,0,0,0,2.0,2.0,0.13,3.0,3.0,Matches,FRA-L1,23-24
d8c19a60,153,Ibrahim Diakité,GUI,DF,Reims,19,2003,1.2,0,0,0,,0.0,0.0,,,,0,0,0,0.0,0.0,,0.0,0.0,Matches,FRA-L1,23-24
44435c8f,154,Oumar Diakité,CIV,FW,Reims,19,2003,17.6,5,35,11,31.4,1.99,0.62,0.14,0.45,14.8,0,0,1,7.0,6.2,0.18,-2.0,-1.2,Matches,FRA-L1,23-24
6d0fe035,155,Habib Diarra,SEN,"MF,FW",Strasbourg,19,2004,25.6,3,38,14,36.8,1.48,0.55,0.05,0.14,21.2,1,1,1,3.4,2.7,0.07,-0.4,-0.7,Matches,FRA-L1,23-24
698f11e3,156,Moussa Diarra,MLI,DF,Toulouse,22,2000,15.5,1,5,2,40.0,0.32,0.13,0.2,0.5,14.0,0,0,0,0.5,0.5,0.09,0.5,0.5,Matches,FRA-L1,23-24
8104e41e,157,Krépin Diatta,SEN,"DF,FW",Monaco,24,1999,13.4,0,9,0,0.0,0.67,0.0,0.0,,23.5,1,0,0,0.5,0.5,0.06,-0.5,-0.5,Matches,FRA-L1,23-24
f41a69e6,158,Mory Diaw,SEN,GK,Clermont Foot,30,1993,30.0,0,0,0,,0.0,0.0,,,,0,0,0,0.0,0.0,,0.0,0.0,Matches,FRA-L1,23-24
1906b842,159,Mahamadou Diawara,FRA,MF,Lyon,18,2005,4.0,0,6,0,0.0,1.51,0.0,0.0,,15.3,0,0,0,0.7,0.7,0.12,-0.7,-0.7,Matches,FRA-L1,23-24
40774c6b,160,Bamba Dieng,SEN,FW,Lorient,23,2000,6.1,4,17,7,41.2,2.79,1.15,0.24,0.57,16.1,2,0,0,3.2,3.2,0.19,0.8,0.8,Matches,FRA-L1,23-24
e11a39aa,161,Guillaume Dietsch,FRA,GK,Metz,22,2001,0.8,0,0,0,,0.0,0.0,,,,0,0,0,0.0,0.0,,0.0,0.0,Matches,FRA-L1,23-24
6de23ab0,162,Sinaly Diomande,CIV,DF,Lyon,22,2001,9.9,0,6,1,16.7,0.61,0.1,0.0,0.0,11.1,0,0,0,1.0,1.0,0.17,-1.0,-1.0,Matches,FRA-L1,23-24
37143438,163,Edan Diop,FRA,"MF,DF",Monaco,18,2004,1.8,0,0,0,,0.0,0.0,,,,0,0,0,0.0,0.0,,0.0,0.0,Matches,FRA-L1,23-24
19053e31,164,Sofiane Diop,FRA,FW,Nice,23,2000,5.5,0,14,6,42.9,2.53,1.08,0.0,0.0,20.7,2,0,0,1.2,1.2,0.09,-1.2,-1.2,Matches,FRA-L1,23-24
9b5237b1,165,Andy Diouf,FRA,MF,Lens,20,2003,14.6,1,27,8,29.6,1.85,0.55,0.04,0.13,24.1,1,0,0,1.5,1.5,0.06,-0.5,-0.5,Matches,FRA-L1,23-24
eedea60b,166,Yehvann Diouf,FRA,GK,Reims,23,1999,34.0,0,0,0,,0.0,0.0,,,,0,0,0,0.0,0.0,,0.0,0.0,Matches,FRA-L1,23-24
a1dbb2c7,167,Chaim El Djebali,TUN,MF,Lyon,19,2004,0.1,0,0,0,,0.0,0.0,,,,0,0,0,0.0,0.0,,0.0,0.0,Matches,FRA-L1,23-24
fffea3e5,168,Jeremy Doku,BEL,FW,Rennes,21,2002,1.2,1,6,4,66.7,4.86,3.24,0.17,0.25,13.6,0,0,0,0.6,0.6,0.1,0.4,0.4,Matches,FRA-L1,23-24
08f5afaa,169,Gianluigi Donnarumma,ITA,GK,Paris S-G,24,1999,24.1,0,0,0,,0.0,0.0,,,,0,0,0,0.0,0.0,,0.0,0.0,Matches,FRA-L1,23-24
92d90c8f,170,Siriné Doucouré,MLI,FW,Lorient,21,2002,4.7,1,9,5,55.6,1.91,1.06,0.11,0.2,12.6,0,0,0,0.9,0.9,0.1,0.1,0.1,Matches,FRA-L1,23-24
9e7483ff,171,Désiré Doué,FRA,"MF,FW",Rennes,18,2005,18.1,4,34,13,38.2,1.88,0.72,0.12,0.31,19.1,0,0,0,2.4,2.4,0.07,1.6,1.6,Matches,FRA-L1,23-24
b4ef3fb5,172,Guela Doué,CIV,DF,Rennes,20,2002,13.7,0,15,3,20.0,1.09,0.22,0.0,0.0,22.0,0,0,0,0.5,0.5,0.03,-0.5,-0.5,Matches,FRA-L1,23-24
301c287b,173,Douglas,BRA,MF,Nantes,26,1997,19.7,0,16,5,31.3,0.81,0.25,0.0,0.0,20.0,0,0,0,1.2,1.2,0.07,-1.2,-1.2,Matches,FRA-L1,23-24
0512a60a,174,Ismaël Doukouré,FRA,"MF,DF",Strasbourg,20,2003,18.4,0,9,0,0.0,0.49,0.0,0.0,,25.5,0,0,0,0.3,0.3,0.03,-0.3,-0.3,Matches,FRA-L1,23-24
9226aa22,175,Kamory Doumbia,MLI,MF,Brest,20,2003,9.8,6,25,11,44.0,2.56,1.13,0.24,0.55,17.1,0,0,0,4.2,4.2,0.17,1.8,1.8,Matches,FRA-L1,23-24
0cbc8baa,176,Jean-Kevin Duverne,HAI,DF,Nantes,26,1997,15.0,0,4,1,25.0,0.27,0.07,0.0,0.0,20.0,0,0,0,0.3,0.3,0.07,-0.3,-0.3,Matches,FRA-L1,23-24
10cff752,177,Aron Dønnum,NOR,"FW,MF",Toulouse,25,1998,17.7,0,21,9,42.9,1.18,0.51,0.0,0.0,19.5,0,0,0,1.0,1.0,0.05,-1.0,-1.0,Matches,FRA-L1,23-24
12f9a649,178,Simon Ebonog,CMR,MF,Le Havre,18,2004,0.2,0,0,0,,0.0,0.0,,,,0,0,0,0.0,0.0,,0.0,0.0,Matches,FRA-L1,23-24
5b92d896,179,Hugo Ekitike,FRA,FW,Paris S-G,21,2002,0.1,0,0,0,,0.0,0.0,,,,0,0,0,0.0,0.0,,0.0,0.0,Matches,FRA-L1,23-24
825ed0d1,180,Simon Elisor,FRA,FW,Metz,24,1999,8.5,1,13,6,46.2,1.53,0.7,0.08,0.17,16.7,0,0,1,2.3,1.5,0.11,-1.3,-0.5,Matches,FRA-L1,23-24
0b4f388a,181,Breel Embolo,SUI,FW,Monaco,26,1997,2.0,1,6,3,50.0,2.97,1.48,0.17,0.33,15.9,0,0,0,0.7,0.7,0.12,0.3,0.3,Matches,FRA-L1,23-24
a0c590b9,182,Emanuel Emegha,NED,FW,Strasbourg,20,2003,23.1,8,47,20,42.6,2.04,0.87,0.17,0.4,12.0,0,0,1,10.8,10.0,0.21,-2.8,-2.0,Matches,FRA-L1,23-24
1a066e69,183,Maxime Estève,FRA,DF,Montpellier,21,2002,11.1,1,5,2,40.0,0.45,0.18,0.2,0.5,9.7,0,0,0,0.2,0.2,0.05,0.8,0.8,Matches,FRA-L1,23-24
213ab9bb,184,Oscar Estupiñan,COL,FW,Metz,26,1996,2.9,0,6,1,16.7,2.08,0.35,0.0,0.0,15.0,0,0,0,0.5,0.5,0.09,-0.5,-0.5,Matches,FRA-L1,23-24
745ca0a3,185,Romain Faivre,FRA,"MF,FW",Lorient,25,1998,16.1,5,27,10,37.0,1.67,0.62,0.19,0.5,19.0,1,0,0,2.8,2.8,0.1,2.2,2.2,Matches,FRA-L1,23-24
eabef312,186,Ilhan Fakili,FRA,"MF,FW",Clermont Foot,17,2006,1.0,0,4,2,50.0,3.83,1.91,0.0,0.0,22.2,0,0,0,0.2,0.2,0.04,-0.2,-0.2,Matches,FRA-L1,23-24
faf00ab8,187,Khalil Fayad,FRA,"FW,MF",Montpellier,19,2004,11.4,3,17,7,41.2,1.49,0.61,0.18,0.43,18.9,1,0,0,1.9,1.9,0.11,1.1,1.1,Matches,FRA-L1,23-24
307581ff,188,Ichem Ferrah,FRA,FW,Lille,17,2005,0.0,0,0,0,,0.0,0.0,,,,0,0,0,0.0,0.0,,0.0,0.0,Matches,FRA-L1,23-24
375622c5,189,Jordan Ferri,FRA,MF,Montpellier,31,1992,22.6,1,9,1,11.1,0.4,0.04,0.11,1.0,22.0,1,0,0,0.6,0.6,0.07,0.4,0.4,Matches,FRA-L1,23-24
8236f673,190,Malick Fofana,BEL,FW,Lyon,18,2005,6.2,3,9,7,77.8,1.45,1.13,0.33,0.43,14.2,0,0,0,1.8,1.8,0.2,1.2,1.2,Matches,FRA-L1,23-24
822d51d7,191,Youssouf Fofana,FRA,MF,Monaco,24,1999,30.0,4,52,13,25.0,1.74,0.43,0.08,0.31,19.6,0,0,0,5.0,5.0,0.1,-1.0,-1.0,Matches,FRA-L1,23-24
90eb507d,192,Thomas Foket,BEL,DF,Reims,28,1994,20.4,0,3,0,0.0,0.15,0.0,0.0,,15.6,0,0,0,0.2,0.2,0.07,-0.2,-0.2,Matches,FRA-L1,23-24
a951ca82,193,Tiago Fonseca Morais,POR,FW,Lille,19,2003,0.5,0,1,0,0.0,1.96,0.0,0.0,,13.0,0,0,0,0.4,0.4,0.36,-0.4,-0.4,Matches,FRA-L1,23-24
00a8d210,194,Przemysław Frankowski,POL,DF,Lens,28,1995,24.4,3,29,8,27.6,1.19,0.33,0.07,0.25,21.7,2,1,2,3.7,2.1,0.08,-0.7,-0.1,Matches,FRA-L1,23-24
eef3f9c6,195,Jean Frederic N'Guessan,CIV,"MF,FW",Metz,20,2003,1.2,0,3,1,33.3,2.45,0.82,0.0,0.0,28.7,0,0,0,0.1,0.1,0.03,-0.1,-0.1,Matches,FRA-L1,23-24
4b96c347,196,Angelo Fulgini,FRA,MF,Lens,26,1996,15.3,1,46,10,21.7,3.01,0.65,0.02,0.1,19.0,7,0,0,3.2,3.2,0.07,-2.2,-2.2,Matches,FRA-L1,23-24
42276181,197,Kévin Gameiro,FRA,"FW,MF",Strasbourg,36,1987,15.0,4,27,10,37.0,1.81,0.67,0.07,0.2,19.8,1,2,2,3.4,1.9,0.07,0.6,0.1,Matches,FRA-L1,23-24
23c63b7f,198,Ignatius Ganago,CMR,"FW,MF",Nantes,24,1999,2.0,0,6,0,0.0,2.93,0.0,0.0,,10.8,0,0,0,0.4,0.4,0.07,-0.4,-0.4,Matches,FRA-L1,23-24
c952f633,199,Ulisses Garcia,SUI,DF,Marseille,27,1996,10.1,0,11,5,45.5,1.09,0.5,0.0,0.0,24.0,1,0,0,0.5,0.5,0.05,-0.5,-0.5,Matches,FRA-L1,23-24
868eaba0,200,Johan Gastien,FRA,MF,Clermont Foot,35,1988,25.1,0,12,5,41.7,0.48,0.2,0.0,0.0,26.8,0,0,0,0.3,0.3,0.03,-0.3,-0.3,Matches,FRA-L1,23-24
6be41a31,201,Yann Gboho,FRA,"MF,FW",Toulouse,22,2001,13.3,3,23,8,34.8,1.74,0.6,0.13,0.38,17.0,0,0,0,1.2,1.2,0.05,1.8,1.8,Matches,FRA-L1,23-24
ed55b838,202,Gelabert,ESP,"MF,FW",Toulouse,22,2000,8.4,1,14,4,28.6,1.67,0.48,0.07,0.25,20.1,0,0,0,0.8,0.8,0.05,0.2,0.2,Matches,FRA-L1,23-24
badcdcae,203,Denis Genreau,AUS,"MF,FW",Toulouse,24,1999,5.2,0,3,1,33.3,0.58,0.19,0.0,0.0,22.7,0,0,0,0.4,0.4,0.12,-0.4,-0.4,Matches,FRA-L1,23-24
41eebdf5,204,Samuel Gigot,FRA,DF,Marseille,29,1993,19.2,3,19,9,47.4,0.99,0.47,0.16,0.33,9.6,0,0,0,2.4,2.4,0.13,0.6,0.6,Matches,FRA-L1,23-24
3708e9fa,205,Aleksandr Golovin,RUS,"MF,FW",Monaco,27,1996,23.9,6,44,19,43.2,1.84,0.8,0.14,0.32,21.5,6,0,0,3.4,3.4,0.08,2.6,2.6,Matches,FRA-L1,23-24
645a3363,206,Angel Gomes,ENG,MF,Lille,22,2000,28.6,0,34,7,20.6,1.19,0.25,0.0,0.0,23.6,5,0,0,2.0,2.0,0.06,-2.0,-2.0,Matches,FRA-L1,23-24
b8c1de25,207,Maxime Gonalons,FRA,MF,Clermont Foot,34,1989,14.4,1,13,3,23.1,0.9,0.21,0.08,0.33,24.5,0,0,0,0.4,0.4,0.03,0.6,0.6,Matches,FRA-L1,23-24
4d3e9033,208,Mathieu Gorgelin,FRA,GK,Le Havre,32,1990,1.0,0,0,0,,0.0,0.0,,,,0,0,0,0.0,0.0,,0.0,0.0,Matches,FRA-L1,23-24
aad56ca3,209,Amine Gouiri,ALG,"FW,MF",Rennes,23,2000,23.0,7,78,26,33.3,3.4,1.13,0.09,0.27,15.2,0,0,0,7.4,7.3,0.09,-0.4,-0.3,Matches,FRA-L1,23-24
06c48679,210,Jonathan Gradit,FRA,DF,Lens,30,1992,23.5,1,5,1,20.0,0.21,0.04,0.2,1.0,13.8,0,0,0,0.3,0.3,0.07,0.7,0.7,Matches,FRA-L1,23-24
d2448564,211,Samuel Grandsir,FRA,"MF,FW",Le Havre,26,1996,6.7,1,14,5,35.7,2.08,0.74,0.07,0.2,18.5,2,0,1,2.6,1.9,0.13,-1.6,-0.9,Matches,FRA-L1,23-24
4a987ffa,212,Adrian Grbić,AUT,FW,Lorient,26,1996,0.3,0,2,0,0.0,5.81,0.0,0.0,,23.1,1,0,0,0.1,0.1,0.05,-0.1,-0.1,Matches,FRA-L1,23-24
d5d22a58,213,Gabriel Gudmundsson,SWE,"DF,FW",Lille,24,1999,14.1,1,15,5,33.3,1.07,0.36,0.07,0.2,17.5,0,0,0,1.1,1.1,0.07,-0.1,-0.1,Matches,FRA-L1,23-24
f6857b4f,214,Axel Gueguin,FRA,"DF,FW",Montpellier,18,2005,1.5,0,0,0,,0.0,0.0,,,,0,0,0,0.0,0.0,,0.0,0.0,Matches,FRA-L1,23-24
5ea8ef20,215,Mattéo Guendouzi,FRA,MF,Marseille,24,1999,0.2,0,2,2,100.0,9.47,9.47,0.0,0.0,14.2,0,0,0,0.5,0.5,0.27,-0.5,-0.5,Matches,FRA-L1,23-24
b73f17f8,216,Evann Guessand,CIV,FW,Nice,22,2001,17.3,6,46,20,43.5,2.67,1.16,0.09,0.2,12.4,0,2,2,8.4,6.8,0.15,-2.4,-2.8,Matches,FRA-L1,23-24
7155e3e1,217,Pape Gueye,SEN,"MF,DF",Marseille,24,1999,8.5,1,8,2,25.0,0.94,0.24,0.13,0.5,20.3,0,0,0,0.4,0.4,0.05,0.6,0.6,Matches,FRA-L1,23-24
79b51257,218,Morgan Guilavogui,GUI,"FW,MF",Lens,25,1998,6.3,2,21,8,38.1,3.34,1.27,0.1,0.25,15.1,0,0,0,1.6,1.6,0.07,0.4,0.4,Matches,FRA-L1,23-24
5d8d7454,219,Frederic Guilbert,FRA,"DF,MF",Strasbourg,28,1994,27.7,2,21,5,23.8,0.76,0.18,0.1,0.4,23.3,4,0,0,1.1,1.1,0.05,0.9,0.9,Matches,FRA-L1,23-24
576817b7,220,Jaouen Hadjam,ALG,DF,Nantes,20,2003,1.2,0,1,0,0.0,0.8,0.0,0.0,,15.3,0,0,0,0.0,0.0,0.04,0.0,0.0,Matches,FRA-L1,23-24
5167c97e,221,Massadio Haïdara,MLI,DF,Lens,30,1992,8.2,0,3,0,0.0,0.36,0.0,0.0,,11.9,0,0,0,0.1,0.1,0.05,-0.1,-0.1,Matches,FRA-L1,23-24
9f29c204,222,Oualid El Hajjam,MAR,"DF,MF",Le Havre,32,1991,4.4,0,8,3,37.5,1.83,0.69,0.0,0.0,19.1,0,0,0,0.4,0.4,0.05,-0.4,-0.4,Matches,FRA-L1,23-24
e42d61c7,223,Achraf Hakimi,MAR,DF,Paris S-G,24,1998,21.5,4,42,12,28.6,1.96,0.56,0.1,0.33,19.8,9,0,0,4.2,4.2,0.1,-0.2,-0.2,Matches,FRA-L1,23-24
e7d59f4f,224,Amine Harit,MAR,"MF,FW",Marseille,26,1997,20.2,1,33,8,24.2,1.63,0.4,0.03,0.13,17.7,1,0,0,3.7,3.7,0.11,-2.7,-2.7,Matches,FRA-L1,23-24
f8342731,225,Silvan Hefti,SUI,"DF,FW",Montpellier,25,1997,7.9,0,4,1,25.0,0.51,0.13,0.0,0.0,18.2,0,0,0,0.2,0.2,0.05,-0.2,-0.2,Matches,FRA-L1,23-24
f28474a4,226,Henrique,BRA,DF,Lyon,29,1994,6.7,1,8,3,37.5,1.19,0.44,0.13,0.33,18.3,0,0,0,0.3,0.3,0.04,0.7,0.7,Matches,FRA-L1,23-24
f36d5624,227,Luis Henrique,BRA,"FW,DF",Marseille,21,2001,8.7,1,12,3,25.0,1.38,0.34,0.08,0.33,19.4,0,0,0,1.3,1.3,0.11,-0.3,-0.3,Matches,FRA-L1,23-24
3681cfff,228,Christophe Hérelle,MTQ,DF,Metz,30,1992,18.0,0,4,0,0.0,0.22,0.0,0.0,,21.5,0,0,0,0.1,0.1,0.02,-0.1,-0.1,Matches,FRA-L1,23-24
c3ee18ef,229,Lucas Hernández,FRA,DF,Paris S-G,27,1996,21.2,1,6,2,33.3,0.28,0.09,0.17,0.5,18.2,0,0,0,0.5,0.5,0.08,0.5,0.5,Matches,FRA-L1,23-24
cd2cb5bb,230,Andrej Ilic,SRB,FW,Lille,23,2000,0.1,0,0,0,,0.0,0.0,,,,0,0,0,0.0,0.0,,0.0,0.0,Matches,FRA-L1,23-24
546bb36e,231,Bonke Innocent,NGA,MF,Lorient,27,1996,2.3,0,2,1,50.0,0.86,0.43,0.0,0.0,24.0,0,0,0,0.0,0.0,0.02,0.0,0.0,Matches,FRA-L1,23-24
cf182add,232,Ismaily,BRA,DF,Lille,33,1990,27.4,1,7,4,57.1,0.26,0.15,0.14,0.25,17.9,0,0,0,0.3,0.3,0.04,0.7,0.7,Matches,FRA-L1,23-24
5d004b30,233,Yanis Issoufou,FRA,MF,Montpellier,16,2006,0.1,0,0,0,,0.0,0.0,,,,0,0,0,0.0,0.0,,0.0,0.0,Matches,FRA-L1,23-24
dbd3a428,234,Junya Ito,JPN,"FW,MF",Reims,30,1993,30.2,3,46,15,32.6,1.53,0.5,0.07,0.2,16.6,1,0,0,4.5,4.5,0.1,-1.5,-1.5,Matches,FRA-L1,23-24
cef70c94,235,Jérémy Jacquet,FRA,MF,Rennes,18,2005,0.1,0,0,0,,0.0,0.0,,,,0,0,0,0.0,0.0,,0.0,0.0,Matches,FRA-L1,23-24
cef70c94,236,Jérémy Jacquet,FRA,DF,Clermont Foot,18,2005,2.8,0,1,0,0.0,0.36,0.0,0.0,,7.8,0,0,0,0.2,0.2,0.21,-0.2,-0.2,Matches,FRA-L1,23-24
a0415710,237,Ismail Jakobs,SEN,DF,Monaco,23,1999,16.3,1,21,7,33.3,1.29,0.43,0.05,0.14,15.8,1,0,0,1.3,1.3,0.06,-0.3,-0.3,Matches,FRA-L1,23-24
1bc6135b,238,Ablie Jallow,GAM,"MF,FW",Metz,24,1998,10.2,3,17,6,35.3,1.67,0.59,0.12,0.33,21.7,1,1,1,2.0,1.2,0.07,1.0,0.8,Matches,FRA-L1,23-24
59fcbd6d,239,Danley Jean-Jacques,HAI,MF,Metz,23,2000,29.8,0,34,5,14.7,1.14,0.17,0.0,0.0,20.4,0,0,0,2.9,2.9,0.08,-2.9,-2.9,Matches,FRA-L1,23-24
45cce300,240,Jeffinho,BRA,"FW,MF",Lyon,23,1999,3.4,1,11,3,27.3,3.21,0.88,0.09,0.33,17.0,0,0,0,1.0,1.0,0.09,0.0,0.0,Matches,FRA-L1,23-24
f9124307,241,Antoine Joujou,FRA,"FW,MF",Le Havre,20,2003,8.7,0,20,3,15.0,2.31,0.35,0.0,0.0,19.1,0,0,0,1.1,1.1,0.06,-1.1,-1.1,Matches,FRA-L1,23-24
f323d995,242,Christopher Jullien,FRA,DF,Montpellier,30,1993,13.7,1,7,1,14.3,0.51,0.07,0.14,1.0,8.0,0,0,0,1.1,1.1,0.16,-0.1,-0.1,Matches,FRA-L1,23-24
b2fe86e5,243,Eli Junior Kroupi,FRA,"FW,MF",Lorient,17,2006,12.0,5,22,12,54.5,1.83,1.0,0.23,0.42,13.7,0,0,0,3.5,3.5,0.16,1.5,1.5,Matches,FRA-L1,23-24
32f3d97e,244,Abdoul Kader Bamba,FRA,"FW,MF",Nantes,29,1994,6.8,2,14,5,35.7,2.06,0.74,0.14,0.4,16.1,1,0,0,2.1,2.1,0.16,-0.1,-0.1,Matches,FRA-L1,23-24
cedc53d2,245,Yaya Kader Fofana,MLI,"MF,DF",Reims,19,2004,0.4,0,3,1,33.3,8.44,2.81,0.0,0.0,22.3,0,0,0,0.1,0.1,0.03,-0.1,-0.1,Matches,FRA-L1,23-24
7d08063d,246,Tino Kadewere,ZIM,"FW,MF",Lyon,27,1996,3.3,0,6,1,16.7,1.82,0.3,0.0,0.0,17.9,0,0,0,0.7,0.7,0.11,-0.7,-0.7,Matches,FRA-L1,23-24
7d08063d,247,Tino Kadewere,ZIM,"FW,MF",Nantes,27,1996,8.7,1,9,4,44.4,1.04,0.46,0.11,0.25,21.9,0,0,1,1.9,1.2,0.13,-0.9,-0.2,Matches,FRA-L1,23-24
bf4c41f9,248,Arnaud Kalimuendo,FRA,FW,Rennes,21,2002,23.8,10,59,22,37.3,2.48,0.93,0.14,0.36,16.3,0,2,2,9.0,7.4,0.13,1.0,0.6,Matches,FRA-L1,23-24
dd211559,249,Gedeon Kalulu,COD,DF,Lorient,25,1997,10.8,0,6,1,16.7,0.56,0.09,0.0,0.0,19.2,0,0,0,0.3,0.3,0.05,-0.3,-0.3,Matches,FRA-L1,23-24
a426a912,250,Waren Kamanzi,NOR,"DF,FW",Toulouse,22,2000,13.2,0,6,0,0.0,0.45,0.0,0.0,,15.4,0,0,0,0.8,0.8,0.14,-0.8,-0.8,Matches,FRA-L1,23-24
8455ad90,251,Lee Kang-in,KOR,"FW,MF",Paris S-G,22,2001,16.3,3,23,9,39.1,1.41,0.55,0.13,0.33,19.5,0,0,0,1.5,1.5,0.06,1.5,1.5,Matches,FRA-L1,23-24
8b66d9cc,252,Yann Karamoh,FRA,"FW,MF",Montpellier,25,1998,3.2,1,5,3,60.0,1.58,0.95,0.2,0.33,20.0,0,0,0,0.8,0.8,0.16,0.2,0.2,Matches,FRA-L1,23-24
0e8d7b6c,253,Ayman Kari,FRA,MF,Lorient,18,2004,9.9,1,7,3,42.9,0.71,0.3,0.14,0.33,14.6,0,0,0,0.6,0.6,0.09,0.4,0.4,Matches,FRA-L1,23-24
c1597cf7,254,Panos Katseris,GRE,DF,Lorient,22,2001,11.6,1,17,6,35.3,1.47,0.52,0.06,0.17,16.1,0,0,0,2.1,2.1,0.12,-1.1,-1.1,Matches,FRA-L1,23-24
c43a8336,255,Kévin Keben Biakolo,CMR,DF,Toulouse,19,2004,5.8,0,1,0,0.0,0.17,0.0,0.0,,10.2,0,0,0,0.0,0.0,0.01,0.0,0.0,Matches,FRA-L1,23-24
abefc3af,256,Yassine Kechta,MAR,MF,Le Havre,21,2002,20.5,2,20,9,45.0,0.97,0.44,0.1,0.22,22.5,0,0,0,1.6,1.6,0.08,0.4,0.4,Matches,FRA-L1,23-24
51dbeea9,257,Thilo Kehrer,GER,DF,Monaco,26,1996,14.7,1,12,4,33.3,0.82,0.27,0.08,0.25,11.1,0,0,0,0.7,0.7,0.06,0.3,0.3,Matches,FRA-L1,23-24
cc588cbe,258,Habib Keita,MLI,MF,Clermont Foot,21,2002,14.2,1,20,5,25.0,1.41,0.35,0.05,0.2,25.2,0,0,0,0.7,0.7,0.03,0.3,0.3,Matches,FRA-L1,23-24
88acf83f,259,Reda Khadra,GER,"FW,MF",Reims,22,2001,15.2,1,23,12,52.2,1.51,0.79,0.04,0.08,19.2,1,0,0,1.8,1.8,0.08,-0.8,-0.8,Matches,FRA-L1,23-24
2677a1de,260,Wahbi Khazri,TUN,FW,Montpellier,32,1991,12.6,1,42,15,35.7,3.34,1.19,0.02,0.07,21.3,0,0,0,3.3,3.3,0.08,-2.3,-2.3,Matches,FRA-L1,23-24
d17ce930,261,Abdukodir Khusanov,UZB,DF,Lens,19,2004,9.0,0,5,2,40.0,0.56,0.22,0.0,0.0,18.8,0,0,0,0.2,0.2,0.04,-0.2,-0.2,Matches,FRA-L1,23-24
ff74841d,262,Philipp Köhn,SUI,GK,Monaco,25,1998,22.0,0,0,0,,0.0,0.0,,,,0,0,0,0.0,0.0,,0.0,0.0,Matches,FRA-L1,23-24
c0b3669f,263,Randal Kolo Muani,FRA,"FW,MF",Paris S-G,24,1998,14.1,6,22,12,54.5,1.56,0.85,0.27,0.5,11.0,0,0,0,6.1,6.1,0.28,-0.1,-0.1,Matches,FRA-L1,23-24
6ce2cdf0,264,Cheick Konaté,MLI,DF,Clermont Foot,19,2004,11.9,1,14,4,28.6,1.18,0.34,0.07,0.25,20.3,0,0,0,0.5,0.5,0.04,0.5,0.5,Matches,FRA-L1,23-24
cce181df,265,Geoffrey Kondogbia,CTA,MF,Marseille,30,1993,16.3,0,8,1,12.5,0.49,0.06,0.0,0.0,18.4,0,0,0,0.4,0.4,0.05,-0.4,-0.4,Matches,FRA-L1,23-24
c1ebf5d2,266,Abdoul Koné,FRA,DF,Reims,18,2005,2.1,0,0,0,,0.0,0.0,,,,0,0,0,0.0,0.0,,0.0,0.0,Matches,FRA-L1,23-24
2eb1ec07,267,Amadou Koné,MLI,MF,Reims,18,2005,5.3,0,6,1,16.7,1.14,0.19,0.0,0.0,27.3,0,0,0,0.3,0.3,0.05,-0.3,-0.3,Matches,FRA-L1,23-24
04bb2b06,268,Ibrahima Koné,MLI,FW,Lorient,24,1999,0.4,0,0,0,,0.0,0.0,,,,0,0,0,0.0,0.0,,0.0,0.0,Matches,FRA-L1,23-24
32100829,269,Koffi Kouao,CIV,DF,Metz,25,1998,9.6,0,5,1,20.0,0.52,0.1,0.0,0.0,21.4,0,0,0,0.2,0.2,0.04,-0.2,-0.2,Matches,FRA-L1,23-24
059a83b8,270,Therence Koudou,FRA,DF,Reims,18,2004,3.5,0,2,1,50.0,0.57,0.29,0.0,0.0,27.7,0,0,0,0.1,0.1,0.03,-0.1,-0.1,Matches,FRA-L1,23-24
562a4799,271,Boubakar Kouyaté,MLI,DF,Montpellier,26,1997,21.4,0,14,2,14.3,0.65,0.09,0.0,0.0,11.4,0,0,0,0.8,0.8,0.05,-0.8,-0.8,Matches,FRA-L1,23-24
c385bf49,272,Sael Kumbedi,FRA,DF,Lyon,18,2005,10.3,0,6,4,66.7,0.58,0.39,0.0,0.0,22.2,0,0,0,0.2,0.2,0.04,-0.2,-0.2,Matches,FRA-L1,23-24
41e7ef1c,273,Layvin Kurzawa,FRA,DF,Paris S-G,30,1992,0.1,0,0,0,,0.0,0.0,,,,0,0,0,0.0,0.0,,0.0,0.0,Matches,FRA-L1,23-24
d4e93bab,274,Daler Kuzyaev,RUS,MF,Le Havre,30,1993,23.2,2,16,5,31.3,0.69,0.22,0.13,0.4,17.7,0,0,0,1.8,1.8,0.12,0.2,0.2,Matches,FRA-L1,23-24
397ba086,275,Grejohn Kyei,FRA,FW,Clermont Foot,27,1995,11.4,2,30,7,23.3,2.63,0.61,0.03,0.14,14.6,0,1,1,4.9,4.1,0.14,-2.9,-3.1,Matches,FRA-L1,23-24
7cdda3bf,276,Gaëtan Laborde,FRA,"FW,MF",Nice,29,1994,21.2,5,62,22,35.5,2.93,1.04,0.06,0.18,16.0,2,1,2,7.7,6.1,0.1,-2.7,-2.1,Matches,FRA-L1,23-24
9dbb75ca,277,Alexandre Lacazette,FRA,FW,Lyon,32,1991,25.5,19,60,33,55.0,2.35,1.3,0.28,0.52,14.0,6,2,2,11.4,9.8,0.17,7.6,7.2,Matches,FRA-L1,23-24
4e7db402,278,Alban Lafont,FRA,GK,Nantes,24,1999,27.7,0,0,0,,0.0,0.0,,,,0,0,0,0.0,0.0,,0.0,0.0,Matches,FRA-L1,23-24
770d7eb8,279,Kenny Lala,MAD,DF,Brest,31,1991,33.0,2,14,7,50.0,0.42,0.21,0.14,0.29,26.3,4,0,0,0.5,0.5,0.03,1.5,1.5,Matches,FRA-L1,23-24
0da3d7ab,280,Mathis Lambourde,FRA,FW,Rennes,17,2006,0.1,0,0,0,,0.0,0.0,,,,0,0,0,0.0,0.0,,0.0,0.0,Matches,FRA-L1,23-24
01870104,281,Mohamed Lamine Bayo,GUI,FW,Le Havre,25,1998,15.4,5,43,15,34.9,2.79,0.97,0.07,0.2,13.2,0,2,2,7.2,5.7,0.13,-2.2,-2.7,Matches,FRA-L1,23-24
b229aa13,282,Didier Lamkel Zé,CMR,"FW,MF",Metz,26,1996,6.1,1,11,3,27.3,1.8,0.49,0.09,0.33,16.4,0,0,0,1.6,1.6,0.14,-0.6,-0.6,Matches,FRA-L1,23-24
f066022d,283,Julien Laporte,FRA,DF,Lorient,29,1993,20.2,0,13,1,7.7,0.64,0.05,0.0,0.0,12.3,0,0,0,0.8,0.8,0.06,-0.8,-0.8,Matches,FRA-L1,23-24
afe39ca8,284,Théo Le Bris,FRA,"DF,MF",Lorient,20,2002,16.8,0,13,2,15.4,0.77,0.12,0.0,0.0,17.4,0,0,0,1.2,1.2,0.09,-1.2,-1.2,Matches,FRA-L1,23-24
547a72ad,285,Julien Le Cardinal,FRA,DF,Brest,25,1997,5.3,0,4,2,50.0,0.76,0.38,0.0,0.0,17.3,0,0,0,0.3,0.3,0.07,-0.3,-0.3,Matches,FRA-L1,23-24
547a72ad,286,Julien Le Cardinal,FRA,DF,Lens,25,1997,0.6,0,0,0,,0.0,0.0,,,,0,0,0,0.0,0.0,,0.0,0.0,Matches,FRA-L1,23-24
88c4d190,287,Jérémy Le Douaron,FRA,FW,Brest,25,1998,18.0,4,50,19,38.0,2.78,1.06,0.08,0.21,13.2,0,0,0,6.2,6.2,0.12,-2.2,-2.2,Matches,FRA-L1,23-24
6f806d99,288,Enzo Le Fée,FRA,MF,Rennes,23,2000,17.0,0,12,0,0.0,0.71,0.0,0.0,,22.6,2,0,0,0.5,0.5,0.04,-0.5,-0.5,Matches,FRA-L1,23-24
2321ea6e,289,Vincent Le Goff,FRA,"DF,MF",Lorient,33,1989,6.0,1,4,1,25.0,0.67,0.17,0.25,1.0,16.6,0,0,0,0.1,0.1,0.03,0.9,0.9,Matches,FRA-L1,23-24
ca122e29,290,Adrien Lebeau,FRA,"MF,FW",Brest,24,1999,0.6,0,2,0,0.0,3.33,0.0,0.0,,30.7,0,0,0,0.1,0.1,0.03,-0.1,-0.1,Matches,FRA-L1,23-24
edbe46dc,291,Jean-Louis Leca,FRA,GK,Lens,37,1985,1.0,0,0,0,,0.0,0.0,,,,0,0,0,0.0,0.0,,0.0,0.0,Matches,FRA-L1,23-24
2fa2a875,292,Benjamin Lecomte,FRA,GK,Montpellier,32,1991,30.0,0,0,0,,0.0,0.0,,,,0,0,0,0.0,0.0,,0.0,0.0,Matches,FRA-L1,23-24
f5044e54,293,Pierre Lees-Melou,FRA,MF,Brest,30,1993,28.0,4,52,13,25.0,1.86,0.46,0.08,0.31,22.8,0,0,0,2.4,2.4,0.05,1.6,1.6,Matches,FRA-L1,23-24
1e52971c,294,Johann Lepenant,FRA,MF,Lyon,20,2002,2.8,0,4,2,50.0,1.42,0.71,0.0,0.0,26.7,0,0,0,0.1,0.1,0.03,-0.1,-0.1,Matches,FRA-L1,23-24
fcc84a07,295,Léo Leroy,FRA,MF,Montpellier,23,2000,5.5,0,7,1,14.3,1.26,0.18,0.0,0.0,21.3,0,0,0,0.8,0.8,0.12,-0.8,-0.8,Matches,FRA-L1,23-24
ac89503b,296,Gautier Lloris,FRA,DF,Le Havre,28,1995,30.9,2,16,4,25.0,0.52,0.13,0.13,0.5,8.4,0,0,0,2.1,2.1,0.13,-0.1,-0.1,Matches,FRA-L1,23-24
10e51236,297,Abou Lô,SEN,"MF,DF",Metz,23,2000,2.2,0,1,0,0.0,0.46,0.0,0.0,,7.8,0,0,0,0.1,0.1,0.13,-0.1,-0.1,Matches,FRA-L1,23-24
40221fa7,298,Bradley Locko,FRA,DF,Brest,21,2002,32.9,0,12,2,16.7,0.36,0.06,0.0,0.0,26.8,0,0,0,0.3,0.3,0.02,-0.3,-0.3,Matches,FRA-L1,23-24
ed9f7cfe,299,Renan Lodi,BRA,DF,Marseille,25,1998,13.7,0,6,2,33.3,0.44,0.15,0.0,0.0,22.5,3,0,0,0.3,0.3,0.05,-0.3,-0.3,Matches,FRA-L1,23-24
daa11a4f,300,Andy Logbo,FRA,FW,Le Havre,19,2004,2.8,0,4,0,0.0,1.45,0.0,0.0,,13.1,0,0,0,0.3,0.3,0.08,-0.3,-0.3,Matches,FRA-L1,23-24
f00de885,301,Anthony Lopes,POR,GK,Lyon,32,1990,31.0,0,0,0,,0.0,0.0,,,,0,0,0,0.0,0.0,,0.0,0.0,Matches,FRA-L1,23-24
20b9f052,302,Pau López,ESP,GK,Marseille,28,1994,32.7,0,0,0,,0.0,0.0,,,,0,0,0,0.0,0.0,,0.0,0.0,Matches,FRA-L1,23-24
fc4cf6a7,303,Jordan Lotomba,SUI,DF,Nice,24,1998,20.0,1,11,2,18.2,0.55,0.1,0.09,0.5,15.5,0,0,0,0.9,0.9,0.08,0.1,0.1,Matches,FRA-L1,23-24
f999e9be,304,Tom Louchet,FRA,"MF,DF",Nice,20,2003,4.5,1,2,1,50.0,0.44,0.22,0.5,1.0,11.4,0,0,0,1.0,1.0,0.51,0.0,0.0,Matches,FRA-L1,23-24
e1df6989,305,Imran Louza,MAR,MF,Lorient,24,1999,9.6,1,22,5,22.7,2.29,0.52,0.05,0.2,23.2,2,0,0,1.1,1.1,0.05,-0.1,-0.1,Matches,FRA-L1,23-24
1a2935f6,306,Dejan Lovren,CRO,DF,Lyon,34,1989,8.0,0,6,4,66.7,0.75,0.5,0.0,0.0,12.5,0,0,0,0.4,0.4,0.07,-0.4,-0.4,Matches,FRA-L1,23-24
f02067df,307,Joshua M'Bahia,CIV,MF,Clermont Foot,18,2005,0.2,0,0,0,,0.0,0.0,,,,0,0,0,0.0,0.0,,0.0,0.0,Matches,FRA-L1,23-24
5bdb4a7b,308,Othmane Maamma,FRA,FW,Montpellier,17,2005,1.0,1,3,1,33.3,3.07,1.02,0.33,1.0,14.6,0,0,0,0.3,0.3,0.09,0.7,0.7,Matches,FRA-L1,23-24
b3f8bdef,309,Deiver Machado,COL,DF,Lens,29,1993,12.5,4,16,8,50.0,1.28,0.64,0.25,0.5,18.2,1,0,0,1.7,1.7,0.1,2.3,2.3,Matches,FRA-L1,23-24
dfc5d4fa,310,Soungoutou Magassa,FRA,"DF,MF",Monaco,19,2003,15.0,0,8,2,25.0,0.53,0.13,0.0,0.0,19.0,0,0,0,0.6,0.6,0.08,-0.6,-0.6,Matches,FRA-L1,23-24
d4d35152,311,Hugo Magnetti,FRA,MF,Brest,25,1998,26.0,2,36,10,27.8,1.38,0.38,0.06,0.2,23.9,0,0,0,2.4,2.4,0.07,-0.4,-0.4,Matches,FRA-L1,23-24
caa7aaea,312,Yohann Magnin,FRA,MF,Clermont Foot,26,1997,18.7,1,14,5,35.7,0.75,0.27,0.07,0.2,14.2,0,0,0,1.6,1.6,0.12,-0.6,-0.6,Matches,FRA-L1,23-24
42fdb11d,313,Frank Magri,CMR,"FW,MF",Toulouse,23,1999,16.0,5,41,14,34.1,2.57,0.88,0.12,0.36,16.3,0,0,0,3.1,3.1,0.07,1.9,1.9,Matches,FRA-L1,23-24
69c9532c,314,Adel Mahamoud,COM,FW,Nantes,20,2003,0.1,0,0,0,,0.0,0.0,,,,0,0,0,0.0,0.0,,0.0,0.0,Matches,FRA-L1,23-24
e768de1f,315,Habib Maïga,CIV,"MF,FW",Metz,27,1996,1.6,0,2,0,0.0,1.22,0.0,0.0,,9.9,0,0,0,0.1,0.1,0.06,-0.1,-0.1,Matches,FRA-L1,23-24
e3a5814e,316,Ainsley Maitland-Niles,ENG,"DF,MF",Lyon,25,1997,15.9,1,17,5,29.4,1.07,0.31,0.0,0.0,13.9,0,1,1,3.0,2.2,0.16,-2.0,-2.2,Matches,FRA-L1,23-24
20de219a,317,Radosław Majecki,POL,GK,Monaco,23,1999,12.0,0,0,0,,0.0,0.0,,,,0,0,0,0.0,0.0,,0.0,0.0,Matches,FRA-L1,23-24
fc46aab1,318,Lovro Majer,CRO,MF,Rennes,25,1998,0.2,0,1,0,0.0,5.63,0.0,0.0,,22.0,0,0,0,0.0,0.0,0.03,0.0,0.0,Matches,FRA-L1,23-24
22bfb57e,319,Jean-Victor Makengo,FRA,"MF,FW",Lorient,25,1998,5.3,0,5,2,40.0,0.94,0.38,0.0,0.0,25.3,0,0,0,0.3,0.3,0.05,-0.3,-0.3,Matches,FRA-L1,23-24
4fe2648c,320,Aaron Malouda,FRA,FW,Lille,17,2005,0.0,0,0,0,,0.0,0.0,,,,0,0,0,0.0,0.0,,0.0,0.0,Matches,FRA-L1,23-24
0f86995c,321,Hianga Mananga Mbock,FRA,"MF,FW",Brest,23,1999,0.1,0,1,0,0.0,10.0,0.0,0.0,,12.3,0,0,0,0.1,0.1,0.05,-0.1,-0.1,Matches,FRA-L1,23-24
1d2d5cc8,322,Steve Mandanda,FRA,GK,Rennes,38,1985,34.0,0,0,0,,0.0,0.0,,,,0,0,0,0.0,0.0,,0.0,0.0,Matches,FRA-L1,23-24
a572e291,323,Orel Mangala,BEL,MF,Lyon,25,1998,4.4,2,5,2,40.0,1.13,0.45,0.4,1.0,17.0,0,0,0,1.0,1.0,0.2,1.0,1.0,Matches,FRA-L1,23-24
c4173f1a,324,Vito Mannone,ITA,GK,Lille,35,1988,1.0,0,0,0,,0.0,0.0,,,,0,0,0,0.0,0.0,,0.0,0.0,Matches,FRA-L1,23-24
e54a9890,325,Faitout Maouassa,FRA,"MF,DF",Lens,25,1998,0.8,0,3,2,66.7,3.55,2.37,0.0,0.0,19.1,0,0,0,0.1,0.1,0.03,-0.1,-0.1,Matches,FRA-L1,23-24
d9764034,326,Guillermo Maripán,CHI,DF,Monaco,29,1994,19.6,1,11,5,45.5,0.56,0.25,0.09,0.2,16.6,0,0,0,0.4,0.4,0.04,0.6,0.6,Matches,FRA-L1,23-24
59878425,327,Marquinhos,BRA,"FW,MF",Nantes,20,2003,1.7,0,5,1,20.0,2.92,0.58,0.0,0.0,20.7,1,0,0,0.3,0.3,0.05,-0.3,-0.3,Matches,FRA-L1,23-24
d5f2f82b,328,Marquinhos,BRA,DF,Paris S-G,29,1994,17.1,0,4,0,0.0,0.23,0.0,0.0,,6.5,0,0,0,0.4,0.4,0.11,-0.4,-0.4,Matches,FRA-L1,23-24
468fdbad,329,Jonas Martin,FRA,MF,Brest,33,1990,13.4,0,10,3,30.0,0.75,0.22,0.0,0.0,17.7,0,0,0,1.2,1.2,0.12,-1.2,-1.2,Matches,FRA-L1,23-24
55abe554,330,Clinton Mata,ANG,DF,Lyon,30,1992,24.7,0,14,0,0.0,0.57,0.0,0.0,,24.3,3,0,0,0.6,0.6,0.04,-0.6,-0.6,Matches,FRA-L1,23-24
15944afd,331,Eliot Matazo,BEL,MF,Monaco,21,2002,1.1,0,1,1,100.0,0.88,0.88,0.0,0.0,22.6,0,0,0,0.1,0.1,0.08,-0.1,-0.1,Matches,FRA-L1,23-24
eb7822d7,332,Nemanja Matić,SRB,MF,Rennes,34,1988,11.4,0,5,1,20.0,0.44,0.09,0.0,0.0,30.0,0,0,0,0.3,0.3,0.07,-0.3,-0.3,Matches,FRA-L1,23-24
eb7822d7,333,Nemanja Matić,SRB,MF,Lyon,34,1988,13.9,0,6,2,33.3,0.43,0.14,0.0,0.0,20.1,0,0,0,0.3,0.3,0.05,-0.3,-0.3,Matches,FRA-L1,23-24
cf1ef7ec,334,Chrislain Matsima,FRA,DF,Clermont Foot,21,2002,13.1,1,5,2,40.0,0.38,0.15,0.2,0.5,24.0,0,0,0,0.2,0.2,0.03,0.8,0.8,Matches,FRA-L1,23-24
cf1ef7ec,335,Chrislain Matsima,FRA,DF,Monaco,21,2002,3.3,0,2,0,0.0,0.6,0.0,0.0,,8.7,0,0,0,0.1,0.1,0.07,-0.1,-0.1,Matches,FRA-L1,23-24
a17a94d6,336,Azor Matusiwa,NED,MF,Reims,25,1998,15.4,1,12,2,16.7,0.78,0.13,0.08,0.5,21.1,0,0,0,0.7,0.7,0.05,0.3,0.3,Matches,FRA-L1,23-24
a17a94d6,337,Azor Matusiwa,NED,MF,Rennes,25,1998,8.8,0,6,1,16.7,0.68,0.11,0.0,0.0,18.1,0,0,0,0.3,0.3,0.05,-0.3,-0.3,Matches,FRA-L1,23-24
87d31635,338,Aïman Maurer,MAR,"MF,FW",Clermont Foot,18,2004,0.6,0,3,1,33.3,4.82,1.61,0.0,0.0,18.5,0,0,0,0.1,0.1,0.04,-0.1,-0.1,Matches,FRA-L1,23-24
2c70d915,339,Christian Mawissa,FRA,DF,Toulouse,18,2005,12.4,2,5,2,40.0,0.4,0.16,0.4,1.0,13.1,0,0,0,1.0,1.0,0.19,1.0,1.0,Matches,FRA-L1,23-24
1b2ec72e,340,Noam Mayoka-Tika,BEL,MF,Marseille,19,2003,0.0,0,0,0,,0.0,0.0,,,,0,0,0,0.0,0.0,,0.0,0.0,Matches,FRA-L1,23-24
bac89b96,341,Senny Mayulu,FRA,"FW,MF",Paris S-G,17,2006,3.6,0,3,0,0.0,0.83,0.0,0.0,,23.4,0,0,0,0.1,0.1,0.05,-0.1,-0.1,Matches,FRA-L1,23-24
514270e8,342,Youssef Maziz,FRA,"FW,MF",Metz,25,1998,1.4,1,3,1,33.3,2.18,0.73,0.33,1.0,19.4,0,0,0,0.1,0.1,0.04,0.9,0.9,Matches,FRA-L1,23-24
d595de71,343,Ethan Mbappé,FRA,"MF,DF",Paris S-G,16,2006,0.5,0,2,1,50.0,3.75,1.87,0.0,0.0,15.7,0,0,0,0.1,0.1,0.07,-0.1,-0.1,Matches,FRA-L1,23-24
42fd9c7f,344,Kylian Mbappé,FRA,FW,Paris S-G,24,1998,24.0,27,112,50,44.6,4.67,2.09,0.19,0.42,18.3,2,6,8,21.0,14.5,0.13,6.0,6.5,Matches,FRA-L1,23-24
6d2b0ada,345,Malick Mbaye,SEN,"MF,FW",Metz,19,2004,1.7,0,4,0,0.0,2.35,0.0,0.0,,18.6,0,0,0,0.4,0.4,0.11,-0.4,-0.4,Matches,FRA-L1,23-24
e76cb9cc,346,Chancel Mbemba,COD,DF,Marseille,28,1994,24.5,2,19,2,10.5,0.77,0.08,0.11,1.0,10.3,0,0,0,1.8,1.8,0.1,0.2,0.2,Matches,FRA-L1,23-24
6c9642ae,347,Nolan Mbemba,CGO,MF,Le Havre,28,1995,0.2,1,2,1,50.0,8.18,4.09,0.5,1.0,27.1,0,0,0,0.0,0.0,0.02,1.0,1.0,Matches,FRA-L1,23-24
5d36f616,348,Christ Mbondi,FRA,FW,Reims,18,2004,0.0,0,0,0,,0.0,0.0,,,,0,0,0,0.0,0.0,,0.0,0.0,Matches,FRA-L1,23-24
6f5ec8bb,349,Facundo Medina,ARG,DF,Lens,24,1999,30.2,1,19,12,63.2,0.63,0.4,0.05,0.08,18.6,0,0,0,1.1,1.1,0.06,-0.1,-0.1,Matches,FRA-L1,23-24
04ac78d2,350,Bamo Meïté,CIV,DF,Marseille,21,2001,7.1,0,1,0,0.0,0.14,0.0,0.0,,7.6,0,0,0,0.1,0.1,0.06,-0.1,-0.1,Matches,FRA-L1,23-24
04ac78d2,351,Bamo Meïté,CIV,DF,Lorient,21,2001,1.6,0,0,0,,0.0,0.0,,,,0,0,0,0.0,0.0,,0.0,0.0,Matches,FRA-L1,23-24
70c52749,352,Birger Meling,NOR,DF,Rennes,28,1994,0.2,0,1,1,100.0,5.63,5.63,0.0,0.0,12.2,0,0,0,0.2,0.2,0.15,-0.2,-0.2,Matches,FRA-L1,23-24
f20e4cc9,353,Nuno Mendes,POR,DF,Paris S-G,21,2002,3.0,1,4,1,25.0,1.35,0.34,0.25,1.0,21.6,1,0,0,0.3,0.3,0.08,0.7,0.7,Matches,FRA-L1,23-24
3322e296,354,Antoine Mendy,FRA,DF,Nice,19,2004,4.6,0,2,1,50.0,0.43,0.22,0.0,0.0,20.5,0,0,0,0.1,0.1,0.05,-0.1,-0.1,Matches,FRA-L1,23-24
5271c8f1,355,Benjamin Mendy,FRA,DF,Lorient,29,1994,7.9,2,13,4,30.8,1.65,0.51,0.15,0.5,16.6,0,0,0,1.1,1.1,0.08,0.9,0.9,Matches,FRA-L1,23-24
c21983bf,356,Formose Mendy,SEN,DF,Lorient,22,2001,14.0,0,7,2,28.6,0.5,0.14,0.0,0.0,14.7,0,0,0,0.3,0.3,0.04,-0.3,-0.3,Matches,FRA-L1,23-24
1598599e,357,Nampalys Mendy,SEN,MF,Lens,31,1992,11.7,0,7,2,28.6,0.6,0.17,0.0,0.0,26.5,0,0,0,0.2,0.2,0.03,-0.2,-0.2,Matches,FRA-L1,23-24
0bfca6a1,358,Quentin Merlin,FRA,DF,Marseille,21,2002,7.8,0,5,1,20.0,0.64,0.13,0.0,0.0,22.6,0,0,0,0.1,0.1,0.03,-0.1,-0.1,Matches,FRA-L1,23-24
0bfca6a1,359,Quentin Merlin,FRA,DF,Nantes,21,2002,14.3,0,14,3,21.4,0.98,0.21,0.0,0.0,20.4,0,0,0,0.7,0.7,0.05,-0.7,-0.7,Matches,FRA-L1,23-24
dcd94cdb,360,Bastien Meupiyou,FRA,DF,Nantes,17,2006,0.1,0,0,0,,0.0,0.0,,,,0,0,0,0.0,0.0,,0.0,0.0,Matches,FRA-L1,23-24
0c7b1c91,361,Lucas Michal,FRA,FW,Monaco,18,2005,0.1,0,0,0,,0.0,0.0,,,,0,0,0,0.0,0.0,,0.0,0.0,Matches,FRA-L1,23-24
4788cb6b,362,Georges Mikautadze,GEO,FW,Metz,22,2000,19.4,13,55,24,43.6,2.83,1.24,0.18,0.42,17.7,4,3,3,9.5,7.2,0.13,3.5,2.8,Matches,FRA-L1,23-24
f833a830,363,Takumi Minamino,JPN,MF,Monaco,28,1995,23.5,9,60,28,46.7,2.55,1.19,0.15,0.32,17.1,0,0,0,5.9,5.9,0.1,3.1,3.1,Matches,FRA-L1,23-24
02b3733e,364,Lucas Mincarelli,FRA,"DF,MF",Montpellier,19,2004,10.9,1,6,3,50.0,0.55,0.28,0.17,0.33,17.9,0,0,0,0.4,0.4,0.06,0.6,0.6,Matches,FRA-L1,23-24
e43a4083,365,Ignacio Miramon,ARG,MF,Lille,20,2003,0.4,0,2,1,50.0,4.62,2.31,0.0,0.0,29.9,0,0,0,0.1,0.1,0.03,-0.1,-0.1,Matches,FRA-L1,23-24
065dc209,366,Terem Moffi,NGA,FW,Nice,24,1999,21.7,11,46,20,43.5,2.12,0.92,0.17,0.4,15.4,0,3,3,10.7,8.3,0.18,0.3,-0.3,Matches,FRA-L1,23-24
595e6f3e,367,Mostafa Mohamed,EGY,FW,Nantes,25,1997,22.2,8,62,23,37.1,2.79,1.03,0.08,0.22,15.6,4,3,3,7.8,5.5,0.09,0.2,-0.5,Matches,FRA-L1,23-24
cdc4458b,368,Dion Moise Sahi,CIV,"MF,FW",Strasbourg,21,2001,7.0,3,24,7,29.2,3.44,1.0,0.13,0.43,15.8,0,0,0,4.1,4.1,0.17,-1.1,-1.1,Matches,FRA-L1,23-24
7e82a78f,369,Florent Mollet,FRA,"MF,FW",Nantes,31,1991,23.1,4,64,26,40.6,2.77,1.12,0.06,0.15,19.4,8,0,0,5.9,5.9,0.09,-1.9,-1.9,Matches,FRA-L1,23-24
575b1a7b,370,Enzo Mongo,FRA,DF,Nantes,18,2005,0.1,0,0,0,,0.0,0.0,,,,0,0,0,0.0,0.0,,0.0,0.0,Matches,FRA-L1,23-24
12de1b0d,371,Diego Moreira,POR,"FW,MF",Lyon,18,2004,3.0,0,5,2,40.0,1.67,0.67,0.0,0.0,11.3,0,0,0,0.7,0.7,0.14,-0.7,-0.7,Matches,FRA-L1,23-24
3eaf8817,372,Lebo Mothiba,RSA,FW,Strasbourg,27,1996,6.9,3,16,7,43.8,2.33,1.02,0.19,0.43,9.8,0,0,0,4.6,4.6,0.31,-1.6,-1.6,Matches,FRA-L1,23-24
19ba6c6d,373,Steve Mounié,BEN,FW,Brest,28,1994,19.7,6,60,25,41.7,3.05,1.27,0.1,0.24,11.4,0,0,0,8.9,8.9,0.15,-2.9,-2.9,Matches,FRA-L1,23-24
af0c835b,374,Samuel Moutoussamy,COD,MF,Nantes,26,1996,12.3,1,15,5,33.3,1.22,0.41,0.07,0.2,17.1,0,0,0,1.8,1.8,0.12,-0.8,-0.8,Matches,FRA-L1,23-24
96726741,375,Loris Mouyokolo,FRA,DF,Lorient,22,2001,1.0,0,0,0,,0.0,0.0,,,,0,0,0,0.0,0.0,,0.0,0.0,Matches,FRA-L1,23-24
7af655fe,376,François Mughe,CMR,"MF,DF",Marseille,19,2004,2.0,0,3,0,0.0,1.53,0.0,0.0,,26.0,0,0,0,0.1,0.1,0.03,-0.1,-0.1,Matches,FRA-L1,23-24
ac73ec79,377,Nordi Mukiele,FRA,DF,Paris S-G,25,1997,8.8,0,9,5,55.6,1.02,0.57,0.0,0.0,12.5,0,0,0,1.3,1.3,0.14,-1.3,-1.3,Matches,FRA-L1,23-24
2acf0cd7,378,Marshall Munetsi,ZIM,MF,Reims,27,1996,24.1,4,44,16,36.4,1.82,0.66,0.09,0.25,12.8,0,0,0,6.2,6.2,0.15,-2.2,-2.2,Matches,FRA-L1,23-24
dc29b608,379,Yvon Mvogo,SUI,GK,Lorient,29,1994,34.0,0,0,0,,0.0,0.0,,,,0,0,0,0.0,0.0,,0.0,0.0,Matches,FRA-L1,23-24
cc704d9c,380,Joel Mvuka,NOR,"DF,FW",Lorient,20,2002,2.2,0,1,0,0.0,0.46,0.0,0.0,,18.5,0,0,0,0.0,0.0,0.01,0.0,0.0,Matches,FRA-L1,23-24
ee158be5,381,Junior Mwanga,FRA,"MF,FW",Strasbourg,20,2003,16.1,1,20,4,20.0,1.24,0.25,0.05,0.25,19.9,0,0,0,1.4,1.4,0.07,-0.4,-0.4,Matches,FRA-L1,23-24
e50623a0,382,Kévin N'Doram,FRA,MF,Metz,27,1996,17.8,0,7,1,14.3,0.39,0.06,0.0,0.0,20.8,0,0,0,0.3,0.3,0.04,-0.3,-0.3,Matches,FRA-L1,23-24
226673c2,383,Bilal Nadir,FRA,"MF,FW",Marseille,19,2003,1.3,0,1,0,0.0,0.8,0.0,0.0,,15.9,0,0,0,0.1,0.1,0.1,-0.1,-0.1,Matches,FRA-L1,23-24
8bfbf257,384,Mahamadou Nagida,CMR,DF,Rennes,18,2005,1.2,0,3,2,66.7,2.55,1.7,0.0,0.0,18.6,0,0,0,0.1,0.1,0.04,-0.1,-0.1,Matches,FRA-L1,23-24
d97af612,385,Keito Nakamura,JPN,"FW,MF",Reims,23,2000,15.3,4,41,12,29.3,2.67,0.78,0.1,0.33,16.5,0,0,0,3.2,3.2,0.08,0.8,0.8,Matches,FRA-L1,23-24
ecada4fc,386,Keylor Navas,CRC,GK,Paris S-G,36,1986,4.0,0,0,0,,0.0,0.0,,,,0,0,0,0.0,0.0,,0.0,0.0,Matches,FRA-L1,23-24
65c55288,387,Youssouf Ndayishimiye,BDI,"MF,DF",Nice,24,1998,19.0,0,14,3,21.4,0.74,0.16,0.0,0.0,16.0,0,0,0,1.2,1.2,0.08,-1.2,-1.2,Matches,FRA-L1,23-24
b70a4c6c,388,Bassirou Ndiaye,SEN,FW,Lorient,21,2002,1.7,0,0,0,,0.0,0.0,,,,0,0,0,0.0,0.0,,0.0,0.0,Matches,FRA-L1,23-24
5ed97752,389,Iliman Ndiaye,SEN,"FW,MF",Marseille,23,2000,18.0,3,35,9,25.7,1.95,0.5,0.09,0.33,15.6,0,0,0,4.5,4.5,0.13,-1.5,-1.5,Matches,FRA-L1,23-24
315fe681,390,Massamba Ndiaye,SEN,GK,Clermont Foot,21,2001,4.0,0,0,0,,0.0,0.0,,,,0,0,0,0.0,0.0,,0.0,0.0,Matches,FRA-L1,23-24
36f65bdf,391,Rassoul Ndiaye,SEN,"MF,FW",Le Havre,21,2001,5.8,0,6,1,16.7,1.03,0.17,0.0,0.0,26.8,0,0,0,0.2,0.2,0.03,-0.2,-0.2,Matches,FRA-L1,23-24
3b88609d,392,Cher Ndour,ITA,MF,Paris S-G,19,2004,0.3,0,0,0,,0.0,0.0,,,,0,0,0,0.0,0.0,,0.0,0.0,Matches,FRA-L1,23-24
f365b837,393,Joseph Nduquidi,FRA,"MF,DF",Metz,18,2004,8.3,0,4,1,25.0,0.48,0.12,0.0,0.0,19.6,0,0,0,0.2,0.2,0.04,-0.2,-0.2,Matches,FRA-L1,23-24
c3b6fa1e,394,Loïc Nego,HUN,"DF,MF",Le Havre,32,1991,17.3,0,18,4,22.2,1.04,0.23,0.0,0.0,17.0,0,0,0,1.3,1.3,0.07,-1.3,-1.3,Matches,FRA-L1,23-24
731f1f5a,395,Steve Ngoura,FRA,"FW,MF",Le Havre,18,2005,2.5,0,7,2,28.6,2.83,0.81,0.0,0.0,16.8,0,0,0,0.5,0.5,0.07,-0.5,-0.5,Matches,FRA-L1,23-24
e33fb79d,396,Shamar Nicholson,JAM,FW,Clermont Foot,26,1997,16.5,4,38,17,44.7,2.3,1.03,0.08,0.18,15.9,1,1,2,5.9,4.4,0.12,-1.9,-1.4,Matches,FRA-L1,23-24
3f319bb9,397,Rasmus Nicolaisen,DEN,DF,Toulouse,26,1997,32.5,2,19,5,26.3,0.58,0.15,0.11,0.4,10.3,0,0,0,1.1,1.1,0.06,0.9,0.9,Matches,FRA-L1,23-24
7b9a9e25,398,Arnaud Nordin,FRA,"FW,MF",Montpellier,25,1998,13.8,5,29,11,37.9,2.09,0.79,0.17,0.45,16.0,0,0,0,3.6,3.6,0.12,1.4,1.4,Matches,FRA-L1,23-24
234a703c,399,Ernest Nuamah,GHA,"FW,MF",Lyon,19,2003,20.4,3,43,20,46.5,2.11,0.98,0.07,0.15,18.0,3,0,0,4.0,4.0,0.09,-1.0,-1.0,Matches,FRA-L1,23-24
6043997c,400,Gerzino Nyamsi,FRA,DF,Strasbourg,26,1997,12.1,0,6,2,33.3,0.49,0.16,0.0,0.0,11.4,0,0,0,0.3,0.3,0.06,-0.3,-0.3,Matches,FRA-L1,23-24
627c7a3d,401,Rabby Nzingoula,CGO,"MF,FW",Strasbourg,17,2005,1.5,0,1,1,100.0,0.68,0.68,0.0,0.0,25.3,0,0,0,0.1,0.1,0.09,-0.1,-0.1,Matches,FRA-L1,23-24
25f2ef01,402,Jake O'Brien,IRL,DF,Lyon,22,2001,26.3,4,18,8,44.4,0.68,0.3,0.22,0.5,7.4,0,0,0,3.6,3.6,0.2,0.4,0.4,Matches,FRA-L1,23-24
6993927b,403,Florent Ogier,FRA,DF,Clermont Foot,34,1989,10.5,1,7,2,28.6,0.67,0.19,0.14,0.5,12.2,0,0,0,0.6,0.6,0.09,0.4,0.4,Matches,FRA-L1,23-24
039f1983,404,Joseph Okumu,KEN,DF,Reims,26,1997,19.4,1,11,3,27.3,0.57,0.15,0.09,0.33,12.4,0,0,0,1.5,1.5,0.14,-0.5,-0.5,Matches,FRA-L1,23-24
4534a352,405,Warmed Omari,FRA,DF,Rennes,23,2000,23.0,1,4,1,25.0,0.17,0.04,0.25,1.0,8.7,0,0,0,0.7,0.7,0.16,0.3,0.3,Matches,FRA-L1,23-24
c284d6fb,406,Becir Omeragic,SUI,"DF,MF",Montpellier,21,2002,25.7,0,9,3,33.3,0.35,0.12,0.0,0.0,16.1,0,0,0,0.5,0.5,0.06,-0.5,-0.5,Matches,FRA-L1,23-24
b5bb8188,407,Jean Onana,CMR,MF,Marseille,23,2000,6.3,1,8,3,37.5,1.27,0.48,0.13,0.33,24.5,0,0,0,0.8,0.8,0.1,0.2,0.2,Matches,FRA-L1,23-24
a758ca47,408,Royce Openda Owaga,GAB,FW,Lorient,21,2002,0.2,0,0,0,,0.0,0.0,,,,0,0,0,0.0,0.0,,0.0,0.0,Matches,FRA-L1,23-24
914bb955,409,Christopher Operi,CIV,DF,Le Havre,26,1997,27.2,3,22,9,40.9,0.81,0.33,0.14,0.33,24.3,7,0,0,1.2,1.2,0.05,1.8,1.8,Matches,FRA-L1,23-24
de17db90,410,Gift Orban,NGA,FW,Lyon,21,2002,5.3,1,8,2,25.0,1.52,0.38,0.13,0.5,12.7,0,0,0,1.1,1.1,0.14,-0.1,-0.1,Matches,FRA-L1,23-24
6620c21a,411,Kassoum Ouattara,FRA,"DF,FW",Monaco,18,2004,7.1,1,8,5,62.5,1.13,0.71,0.13,0.2,15.2,0,0,0,1.3,1.3,0.16,-0.3,-0.3,Matches,FRA-L1,23-24
ae7d0ecd,412,Alexandre Oukidja,ALG,GK,Metz,35,1988,33.2,0,0,0,,0.0,0.0,,,,0,0,0,0.0,0.0,,0.0,0.0,Matches,FRA-L1,23-24
83299cc0,413,Azzedine Ounahi,MAR,MF,Marseille,23,2000,13.4,2,16,4,25.0,1.19,0.3,0.13,0.5,21.0,0,0,0,1.0,1.0,0.06,1.0,1.0,Matches,FRA-L1,23-24
ed90babd,414,Adam Ounas,ALG,FW,Lille,26,1996,4.6,1,9,3,33.3,1.94,0.65,0.11,0.33,18.6,1,0,0,0.6,0.6,0.07,0.4,0.4,Matches,FRA-L1,23-24
28e85bea,415,Patrick Ouotro,CIV,FW,Strasbourg,17,2005,0.1,0,0,0,,0.0,0.0,,,,0,0,0,0.0,0.0,,0.0,0.0,Matches,FRA-L1,23-24
7d827b4f,416,Pablo Pagis,FRA,MF,Lorient,20,2002,1.8,0,3,1,33.3,1.64,0.55,0.0,0.0,25.3,0,0,0,0.1,0.1,0.04,-0.1,-0.1,Matches,FRA-L1,23-24
779847d6,417,Nicolas Pallois,FRA,DF,Nantes,35,1987,17.7,0,4,1,25.0,0.23,0.06,0.0,0.0,21.5,0,0,0,0.1,0.1,0.03,-0.1,-0.1,Matches,FRA-L1,23-24
f18d7ab2,418,Andy Pelmard,FRA,DF,Clermont Foot,23,2000,33.2,0,2,1,50.0,0.06,0.03,0.0,0.0,9.1,0,0,0,0.3,0.3,0.17,-0.3,-0.3,Matches,FRA-L1,23-24
d3b54513,419,Aurélien Pelon,FRA,DF,Lorient,19,2004,1.0,0,0,0,,0.0,0.0,,,,0,0,0,0.0,0.0,,0.0,0.0,Matches,FRA-L1,23-24
58aae0a9,420,Faris Pemi Moumbagna,CMR,FW,Marseille,23,2000,6.1,3,16,5,31.3,2.63,0.82,0.19,0.6,13.9,0,0,0,1.7,1.7,0.11,1.3,1.3,Matches,FRA-L1,23-24
8fd9996f,421,Danilo Pereira,POR,DF,Paris S-G,31,1991,22.2,0,10,1,10.0,0.45,0.05,0.0,0.0,10.8,0,0,0,1.4,1.4,0.14,-1.4,-1.4,Matches,FRA-L1,23-24
8846a40f,422,Mathias Pereira Lage,POR,"FW,MF",Brest,26,1996,13.2,3,36,16,44.4,2.73,1.21,0.08,0.19,17.9,4,0,0,3.5,3.5,0.1,-0.5,-0.5,Matches,FRA-L1,23-24
6dfd8f05,423,Romain Perraud,FRA,"DF,FW",Nice,25,1997,4.1,0,2,0,0.0,0.49,0.0,0.0,,31.3,0,0,0,0.0,0.0,0.02,0.0,0.0,Matches,FRA-L1,23-24
49070d66,424,Lucas Perrin,FRA,DF,Strasbourg,24,1998,30.3,0,12,3,25.0,0.4,0.1,0.0,0.0,18.2,0,0,0,0.6,0.6,0.05,-0.6,-0.6,Matches,FRA-L1,23-24
dab1b8dc,425,Denis Petrić,SRB,GK,Nantes,35,1988,0.3,0,0,0,,0.0,0.0,,,,0,0,0,0.0,0.0,,0.0,0.0,Matches,FRA-L1,23-24
64ba07c0,426,Ronaël Pierre-Gabriel,FRA,DF,Nantes,25,1998,6.6,0,7,0,0.0,1.05,0.0,0.0,,20.8,0,0,0,0.3,0.3,0.05,-0.3,-0.3,Matches,FRA-L1,23-24
e546b2e3,427,Julien Ponceau,FRA,MF,Lorient,22,2000,24.9,3,33,13,39.4,1.32,0.52,0.09,0.23,19.9,0,0,0,3.3,3.3,0.1,-0.3,-0.3,Matches,FRA-L1,23-24
51c30111,428,Sanjin Prcić,BIH,MF,Strasbourg,29,1993,1.0,0,1,0,0.0,1.02,0.0,0.0,,27.6,0,0,0,0.0,0.0,0.01,0.0,0.0,Matches,FRA-L1,23-24
f63cda26,429,Gonçalo Ramos,POR,FW,Paris S-G,22,2001,15.8,11,54,20,37.0,3.42,1.27,0.19,0.5,13.2,0,1,1,10.9,10.2,0.19,0.1,-0.2,Matches,FRA-L1,23-24
25749008,430,Elba Rashani,KVX,"MF,FW",Clermont Foot,30,1993,13.1,2,17,5,29.4,1.3,0.38,0.12,0.4,16.8,0,0,0,2.1,2.1,0.13,-0.1,-0.1,Matches,FRA-L1,23-24
6b91b999,431,Guillaume Restes,FRA,GK,Toulouse,18,2005,34.0,0,0,0,,0.0,0.0,,,,0,0,0,0.0,0.0,,0.0,0.0,Matches,FRA-L1,23-24
102c9665,432,Alexsandro Ribeiro,BRA,DF,Lille,23,1999,24.7,0,17,2,11.8,0.69,0.08,0.0,0.0,10.9,0,0,0,2.0,2.0,0.12,-2.0,-2.0,Matches,FRA-L1,23-24
2b7cdb79,433,Amir Richardson,MAR,MF,Reims,21,2002,15.0,3,17,8,47.1,1.13,0.53,0.18,0.38,18.8,0,0,0,1.6,1.6,0.1,1.4,1.4,Matches,FRA-L1,23-24
c2bd8585,434,Fabian Rieder,SUI,MF,Rennes,21,2002,4.1,1,5,2,40.0,1.23,0.49,0.2,0.5,23.7,2,0,0,0.3,0.3,0.06,0.7,0.7,Matches,FRA-L1,23-24
7f41ee30,435,Rémy Riou,FRA,GK,Lyon,35,1987,3.0,0,0,0,,0.0,0.0,,,,0,0,0,0.0,0.0,,0.0,0.0,Matches,FRA-L1,23-24
ed45c4a5,436,Valentin Rongier,FRA,MF,Marseille,28,1994,9.5,0,10,3,30.0,1.06,0.32,0.0,0.0,19.7,0,0,0,0.6,0.6,0.06,-0.6,-0.6,Matches,FRA-L1,23-24
1a6b7ea4,437,Pablo Rosario,NED,"MF,DF",Nice,26,1997,22.3,0,16,2,12.5,0.72,0.09,0.0,0.0,13.1,0,0,0,1.2,1.2,0.08,-1.2,-1.2,Matches,FRA-L1,23-24
9b6d9b53,438,Valentin Rosier,FRA,"DF,MF",Nice,26,1996,0.6,0,1,0,0.0,1.7,0.0,0.0,,23.3,0,0,0,0.0,0.0,0.04,0.0,0.0,Matches,FRA-L1,23-24
c0c7ff58,439,Fabián Ruiz Peña,ESP,MF,Paris S-G,27,1996,13.3,1,19,6,31.6,1.43,0.45,0.05,0.17,21.7,0,0,0,2.0,2.0,0.1,-1.0,-1.0,Matches,FRA-L1,23-24
2e1b7c83,440,Emmanuel Sabbi,USA,"FW,MF",Le Havre,25,1997,17.6,5,29,10,34.5,1.65,0.57,0.1,0.3,16.4,0,2,2,4.1,2.5,0.09,0.9,0.5,Matches,FRA-L1,23-24
6388e356,441,Falaye Sacko,MLI,DF,Montpellier,28,1995,15.4,0,1,0,0.0,0.07,0.0,0.0,,27.4,0,0,0,0.0,0.0,0.02,0.0,0.0,Matches,FRA-L1,23-24
76d679c7,442,Modibo Sagnan,MLI,DF,Montpellier,24,1999,11.7,2,9,3,33.3,0.77,0.26,0.22,0.67,19.5,0,0,0,1.2,1.2,0.13,0.8,0.8,Matches,FRA-L1,23-24
90fcf472,443,Wesley Saïd,FRA,"FW,MF",Lens,28,1995,11.3,7,45,18,40.0,3.97,1.59,0.16,0.39,13.6,0,0,0,5.7,5.7,0.13,1.3,1.3,Matches,FRA-L1,23-24
93c942fb,444,Théo Sainte-Luce,FRA,DF,Montpellier,24,1998,3.8,0,3,1,33.3,0.78,0.26,0.0,0.0,22.4,0,0,0,0.1,0.1,0.04,-0.1,-0.1,Matches,FRA-L1,23-24
87935cf3,445,Mamadou Sakho,FRA,DF,Montpellier,33,1990,0.1,0,0,0,,0.0,0.0,,,,0,0,0,0.0,0.0,,0.0,0.0,Matches,FRA-L1,23-24
cad3fd4d,446,Ibrahim Salah,MAR,"FW,MF",Rennes,21,2001,5.8,4,17,9,52.9,2.92,1.55,0.24,0.44,15.5,0,0,0,3.1,3.1,0.19,0.9,0.9,Matches,FRA-L1,23-24
bc7cc472,447,Amine Salama,FRA,FW,Reims,23,2000,3.5,0,6,1,16.7,1.73,0.29,0.0,0.0,13.8,0,0,0,0.7,0.7,0.12,-0.7,-0.7,Matches,FRA-L1,23-24
0b33f6ad,448,Mohammed Salisu,GHA,DF,Monaco,24,1999,11.5,0,4,1,25.0,0.35,0.09,0.0,0.0,14.3,0,0,0,0.2,0.2,0.06,-0.2,-0.2,Matches,FRA-L1,23-24
c3725db2,449,Yoann Salmier,GUF,DF,Le Havre,30,1992,17.4,1,10,5,50.0,0.57,0.29,0.1,0.2,14.2,0,0,0,1.1,1.1,0.11,-0.1,-0.1,Matches,FRA-L1,23-24
fb14aa28,450,Mama Samba Baldé,GNB,"FW,MF",Lyon,27,1995,6.1,2,17,9,52.9,2.78,1.47,0.12,0.22,14.2,0,0,0,3.4,3.4,0.2,-1.4,-1.4,Matches,FRA-L1,23-24
60d90c55,451,Brice Samba,FRA,GK,Lens,29,1994,33.0,0,0,0,,0.0,0.0,,,,0,0,0,0.0,0.0,,0.0,0.0,Matches,FRA-L1,23-24
22d90df9,452,Ibou Sané,SEN,"MF,FW",Metz,18,2005,1.4,1,2,1,50.0,1.41,0.7,0.5,1.0,16.9,0,0,0,0.7,0.7,0.35,0.3,0.3,Matches,FRA-L1,23-24
b2009f99,453,Sadibou Sané,SEN,DF,Metz,19,2004,9.4,0,5,0,0.0,0.53,0.0,0.0,,14.2,0,0,0,0.4,0.4,0.07,-0.4,-0.4,Matches,FRA-L1,23-24
17bb562c,454,Arouna Sangante,SEN,DF,Le Havre,21,2002,29.9,0,16,3,18.8,0.54,0.1,0.0,0.0,15.2,0,0,0,0.9,0.9,0.06,-0.9,-0.9,Matches,FRA-L1,23-24
6e7f1353,455,Morgan Sanson,FRA,MF,Nice,28,1994,21.8,2,41,9,22.0,1.88,0.41,0.05,0.22,20.6,1,0,0,3.3,3.3,0.08,-1.3,-1.3,Matches,FRA-L1,23-24
5e22e2a4,456,Baptiste Santamaria,FRA,MF,Rennes,28,1995,21.4,0,28,9,32.1,1.31,0.42,0.0,0.0,23.6,0,0,0,1.9,1.9,0.07,-1.9,-1.9,Matches,FRA-L1,23-24
dd745366,457,Andrey Santos,BRA,MF,Strasbourg,19,2004,9.2,1,12,4,33.3,1.3,0.43,0.08,0.25,22.1,0,0,0,1.0,1.0,0.08,0.0,0.0,Matches,FRA-L1,23-24
3eeebc87,458,Tiago Santos,POR,DF,Lille,21,2002,26.3,1,33,7,21.2,1.26,0.27,0.03,0.14,22.5,0,0,0,1.4,1.4,0.04,-0.4,-0.4,Matches,FRA-L1,23-24
d5326924,459,Amin Sarr,SWE,"FW,MF",Lyon,22,2001,1.1,0,5,2,40.0,4.59,1.84,0.0,0.0,13.5,0,0,0,0.3,0.3,0.07,-0.3,-0.3,Matches,FRA-L1,23-24
bfdb33aa,460,Ismaila Sarr,SEN,"FW,MF",Marseille,25,1998,16.1,3,25,10,40.0,1.55,0.62,0.12,0.3,12.7,0,0,0,3.2,3.2,0.13,-0.2,-0.2,Matches,FRA-L1,23-24
61f80c89,461,Mamadou Sarr,FRA,DF,Lyon,17,2005,0.1,0,0,0,,0.0,0.0,,,,0,0,0,0.0,0.0,,0.0,0.0,Matches,FRA-L1,23-24
86383d0e,462,Martin Satriano,URU,FW,Brest,22,2001,20.7,4,63,20,31.7,3.04,0.97,0.06,0.2,16.2,0,0,0,6.1,6.1,0.1,-2.1,-2.1,Matches,FRA-L1,23-24
6bde367b,463,Téji Savanier,FRA,MF,Montpellier,31,1991,30.7,9,75,22,29.3,2.44,0.72,0.03,0.09,26.8,21,7,7,9.1,3.6,0.05,-0.1,-1.6,Matches,FRA-L1,23-24
b9ae8560,464,Niklas Schmidt,GER,MF,Toulouse,25,1998,14.1,1,20,13,65.0,1.42,0.92,0.05,0.08,27.6,2,0,0,1.2,1.2,0.06,-0.2,-0.2,Matches,FRA-L1,23-24
0b6911e4,465,Jérémy Sebas,MTQ,"FW,MF",Strasbourg,20,2003,4.4,2,7,4,57.1,1.58,0.9,0.29,0.5,14.7,0,0,0,1.0,1.0,0.14,1.0,1.0,Matches,FRA-L1,23-24
cea59f02,466,Alidu Seidu,GHA,DF,Rennes,23,2000,6.6,0,2,0,0.0,0.3,0.0,0.0,,28.7,0,0,0,0.2,0.2,0.12,-0.2,-0.2,Matches,FRA-L1,23-24
cea59f02,467,Alidu Seidu,GHA,DF,Clermont Foot,23,2000,12.6,0,6,1,16.7,0.48,0.08,0.0,0.0,36.3,0,0,0,0.1,0.1,0.01,-0.1,-0.1,Matches,FRA-L1,23-24
834b5c4c,468,Matz Sels,BEL,GK,Strasbourg,31,1992,19.0,0,0,0,,0.0,0.0,,,,0,0,0,0.0,0.0,,0.0,0.0,Matches,FRA-L1,23-24
1d383c10,469,Marvin Senaya,TOG,"DF,MF",Strasbourg,22,2001,23.8,1,17,4,23.5,0.72,0.17,0.06,0.25,21.5,0,0,0,1.2,1.2,0.07,-0.2,-0.2,Matches,FRA-L1,23-24
1609700b,470,Sofiane Sidi Ali,FRA,MF,Marseille,28,1995,0.2,0,1,0,0.0,5.0,0.0,0.0,,16.5,0,0,0,0.0,0.0,0.02,0.0,0.0,Matches,FRA-L1,23-24
92ffb8f9,471,Vincent Sierro,SUI,MF,Toulouse,27,1995,25.1,6,31,6,19.4,1.23,0.24,0.06,0.33,25.2,7,4,5,5.9,1.9,0.06,0.1,0.1,Matches,FRA-L1,23-24
30af8b93,472,Caio Henrique Oliveira Silva,BRA,DF,Monaco,26,1997,6.9,0,6,1,16.7,0.87,0.14,0.0,0.0,26.9,1,0,0,0.2,0.2,0.04,-0.2,-0.2,Matches,FRA-L1,23-24
5f3eaaf5,473,Moses Simon,NGA,"FW,MF",Nantes,28,1995,19.9,3,33,12,36.4,1.66,0.6,0.06,0.17,16.5,0,1,1,4.1,3.3,0.1,-1.1,-1.3,Matches,FRA-L1,23-24
8b609c34,474,Wilfried Singo,CIV,DF,Monaco,22,2000,24.3,1,19,7,36.8,0.78,0.29,0.05,0.14,16.1,0,0,0,0.8,0.8,0.04,0.2,0.2,Matches,FRA-L1,23-24
6fd76804,475,Ayanda Sishuba,BEL,"MF,FW",Lens,18,2005,0.7,0,12,2,16.7,17.42,2.9,0.0,0.0,18.1,0,0,0,0.9,0.9,0.08,-0.9,-0.9,Matches,FRA-L1,23-24
0f8418aa,476,Ibrahima Sissoko,MLI,MF,Strasbourg,25,1997,18.2,0,14,3,21.4,0.77,0.16,0.0,0.0,17.2,0,0,0,1.0,1.0,0.07,-1.0,-1.0,Matches,FRA-L1,23-24
2acd49b9,477,Moussa Sissoko,FRA,MF,Nantes,33,1989,20.2,0,10,3,30.0,0.49,0.15,0.0,0.0,16.0,0,0,0,1.3,1.3,0.13,-1.3,-1.3,Matches,FRA-L1,23-24
30f5ffa9,478,Milan Škriniar,SVK,DF,Paris S-G,28,1995,18.1,0,3,1,33.3,0.17,0.06,0.0,0.0,9.5,0,0,0,0.2,0.2,0.06,-0.2,-0.2,Matches,FRA-L1,23-24
d7547531,479,Naatan Skyttä,FIN,"MF,FW",Toulouse,21,2002,1.3,0,5,2,40.0,3.75,1.5,0.0,0.0,12.9,0,0,0,0.5,0.5,0.1,-0.5,-0.5,Matches,FRA-L1,23-24
2ccd89a3,480,Eduard Sobol,UKR,DF,Strasbourg,28,1995,0.3,0,0,0,,0.0,0.0,,,,0,0,0,0.0,0.0,,0.0,0.0,Matches,FRA-L1,23-24
47f82561,481,Emran Soglo,ENG,"MF,DF",Marseille,18,2005,1.2,1,1,1,100.0,0.83,0.83,1.0,1.0,12.1,0,0,0,0.1,0.1,0.08,0.9,0.9,Matches,FRA-L1,23-24
fed17f5a,482,Carlos Soler,ESP,"MF,DF",Paris S-G,26,1997,12.1,2,14,5,35.7,1.16,0.41,0.14,0.4,15.0,0,0,0,1.5,1.5,0.11,0.5,0.5,Matches,FRA-L1,23-24
7a42d0df,483,Florian Sotoca,FRA,"MF,FW",Lens,32,1990,28.9,7,65,18,27.7,2.25,0.62,0.05,0.17,15.5,0,4,4,9.1,5.9,0.09,-2.1,-2.9,Matches,FRA-L1,23-24
1d8aa290,484,Issa Soumaré,SEN,"FW,MF",Le Havre,22,2000,2.6,0,5,1,20.0,1.9,0.38,0.0,0.0,22.8,0,0,0,0.4,0.4,0.08,-0.4,-0.4,Matches,FRA-L1,23-24
f6b94e8d,485,Saidou Sow,GUI,DF,Strasbourg,21,2002,8.0,0,3,2,66.7,0.38,0.25,0.0,0.0,8.2,0,0,0,0.3,0.3,0.11,-0.3,-0.3,Matches,FRA-L1,23-24
a08985b8,486,Stijn Spierings,NED,MF,Toulouse,27,1996,16.8,0,11,1,9.1,0.65,0.06,0.0,0.0,21.0,0,0,0,0.4,0.4,0.04,-0.4,-0.4,Matches,FRA-L1,23-24
a08985b8,487,Stijn Spierings,NED,MF,Lens,27,1996,1.3,0,0,0,,0.0,0.0,,,,0,0,0,0.0,0.0,,0.0,0.0,Matches,FRA-L1,23-24
5939baa2,488,Benjamin Stambouli,FRA,MF,Reims,32,1990,3.2,0,2,0,0.0,0.63,0.0,0.0,,25.0,0,0,0,0.1,0.1,0.04,-0.1,-0.1,Matches,FRA-L1,23-24
39b326ed,489,Gabriel Suazo,CHI,DF,Toulouse,25,1997,26.2,0,10,3,30.0,0.38,0.11,0.0,0.0,17.3,1,0,0,0.7,0.7,0.07,-0.7,-0.7,Matches,FRA-L1,23-24
29c91632,490,Abakar Sylla,CIV,DF,Strasbourg,20,2002,19.9,2,11,5,45.5,0.55,0.25,0.18,0.4,14.6,0,0,0,1.6,1.6,0.14,0.4,0.4,Matches,FRA-L1,23-24
fcb9b1f8,491,Dembo Sylla,GUI,DF,Lorient,20,2002,0.5,0,1,0,0.0,2.0,0.0,0.0,,10.8,0,0,0,0.1,0.1,0.11,-0.1,-0.1,Matches,FRA-L1,23-24
b99bec05,492,Issiaga Sylla,GUI,"DF,FW",Montpellier,29,1994,16.2,1,13,5,38.5,0.8,0.31,0.08,0.2,14.6,0,0,0,1.4,1.4,0.11,-0.4,-0.4,Matches,FRA-L1,23-24
f15f8b2b,493,Musa Al-Taamari,JOR,FW,Montpellier,26,1997,21.4,5,46,19,41.3,2.15,0.89,0.11,0.26,17.8,0,0,0,3.6,3.6,0.08,1.4,1.4,Matches,FRA-L1,23-24
f0661424,494,Nicolás Tagliafico,ARG,DF,Lyon,30,1992,23.6,3,15,6,40.0,0.64,0.25,0.2,0.5,13.7,0,0,0,2.6,2.6,0.17,0.4,0.4,Matches,FRA-L1,23-24
a4a44eb0,495,Montassar Talbi,TUN,DF,Lorient,25,1998,24.5,0,5,2,40.0,0.2,0.08,0.0,0.0,16.6,0,0,0,0.6,0.6,0.11,-0.6,-0.6,Matches,FRA-L1,23-24
abd56820,496,Oussama Targhalline,MAR,MF,Le Havre,21,2002,11.4,0,6,0,0.0,0.53,0.0,0.0,,28.4,0,0,0,0.2,0.2,0.03,-0.2,-0.2,Matches,FRA-L1,23-24
7f783431,497,Enzo Tchato,CMR,DF,Montpellier,20,2002,12.5,0,5,1,20.0,0.4,0.08,0.0,0.0,18.8,0,0,0,0.3,0.3,0.07,-0.3,-0.3,Matches,FRA-L1,23-24
30670b0e,498,Arnau Tenas,ESP,GK,Paris S-G,22,2001,5.9,0,0,0,,0.0,0.0,,,,0,0,0,0.0,0.0,,0.0,0.0,Matches,FRA-L1,23-24
5148dcc5,499,Martin Terrier,FRA,"FW,MF",Rennes,26,1997,17.0,7,38,16,42.1,2.24,0.94,0.18,0.44,12.8,0,0,0,5.2,5.2,0.14,1.8,1.8,Matches,FRA-L1,23-24
91f04b44,500,Benjamin Tetteh,GHA,"FW,MF",Metz,26,1997,3.1,0,3,1,33.3,0.97,0.32,0.0,0.0,17.6,0,0,0,0.3,0.3,0.09,-0.3,-0.3,Matches,FRA-L1,23-24
5c26ca51,501,Teddy Teuma,MLT,MF,Reims,29,1993,23.5,6,43,14,32.6,1.83,0.6,0.12,0.36,23.3,8,1,1,3.1,2.3,0.05,2.9,2.7,Matches,FRA-L1,23-24
df8d6029,502,Arthur Theate,BEL,DF,Rennes,23,2000,25.5,2,22,5,22.7,0.86,0.2,0.09,0.4,18.7,1,0,0,1.9,1.9,0.09,0.1,0.1,Matches,FRA-L1,23-24
c76b7567,503,Adrien Thomasson,FRA,MF,Lens,29,1993,13.3,1,31,6,19.4,2.34,0.45,0.03,0.17,14.3,0,0,0,3.8,3.8,0.12,-2.8,-2.8,Matches,FRA-L1,23-24
7d9397f8,504,Khéphren Thuram,FRA,MF,Nice,22,2001,23.4,1,39,11,28.2,1.67,0.47,0.03,0.09,18.3,0,0,0,3.4,3.4,0.09,-2.4,-2.4,Matches,FRA-L1,23-24
9ddf7fae,505,Cheikh Tidiane Sabaly,SEN,"FW,MF",Metz,24,1999,15.3,3,21,9,42.9,1.37,0.59,0.14,0.33,17.6,0,0,0,2.7,2.7,0.13,0.3,0.3,Matches,FRA-L1,23-24
88f130ed,506,Jean-Clair Todibo,FRA,DF,Nice,23,1999,29.5,0,9,1,11.1,0.31,0.03,0.0,0.0,17.9,0,0,0,0.6,0.6,0.07,-0.6,-0.6,Matches,FRA-L1,23-24
652d4c37,507,Corentin Tolisso,FRA,MF,Lyon,28,1994,19.3,2,38,13,34.2,1.96,0.67,0.03,0.08,18.9,1,1,1,3.2,2.4,0.06,-1.2,-1.4,Matches,FRA-L1,23-24
ef7cd87a,508,Abdoulaye Touré,GUI,MF,Le Havre,29,1994,25.4,2,31,8,25.8,1.22,0.32,0.0,0.0,27.4,0,2,2,3.0,1.4,0.04,-1.0,-1.4,Matches,FRA-L1,23-24
01fd01e8,509,Souleymane Touré,FRA,DF,Lorient,20,2003,22.8,1,18,9,50.0,0.79,0.39,0.06,0.11,11.4,0,0,0,1.7,1.7,0.1,-0.7,-0.7,Matches,FRA-L1,23-24
b26afd1e,510,Daouda Traoré,FRA,MF,Nice,17,2006,0.2,0,1,0,0.0,5.63,0.0,0.0,,18.1,0,0,0,0.1,0.1,0.06,-0.1,-0.1,Matches,FRA-L1,23-24
b666421b,511,Ismaël Traoré,CIV,DF,Metz,36,1986,24.7,2,10,4,40.0,0.41,0.16,0.2,0.5,11.9,0,0,0,0.8,0.8,0.08,1.2,1.2,Matches,FRA-L1,23-24
5d0e0a1f,512,Adrien Truffert,FRA,DF,Rennes,21,2001,23.8,1,20,7,35.0,0.84,0.29,0.05,0.14,20.7,0,0,0,1.7,1.7,0.08,-0.7,-0.7,Matches,FRA-L1,23-24
cc41f558,513,Matthieu Udol,FRA,DF,Metz,27,1996,30.0,3,19,7,36.8,0.63,0.23,0.16,0.43,12.3,0,0,0,1.4,1.4,0.07,1.6,1.6,Matches,FRA-L1,23-24
c9817014,514,Manuel Ugarte Ribeiro,URU,MF,Paris S-G,22,2001,21.5,0,10,1,10.0,0.47,0.05,0.0,0.0,23.4,0,0,0,0.6,0.6,0.06,-0.6,-0.6,Matches,FRA-L1,23-24
3eed9821,515,Samuel Umtiti,FRA,DF,Lille,29,1993,2.1,0,0,0,,0.0,0.0,,,,0,0,0,0.0,0.0,,0.0,0.0,Matches,FRA-L1,23-24
f6a3c84d,516,Kévin Van Den Kerkhof,ALG,"FW,MF",Metz,27,1996,21.3,1,21,7,33.3,0.99,0.33,0.05,0.14,19.3,0,0,0,1.5,1.5,0.07,-0.5,-0.5,Matches,FRA-L1,23-24
ee45fd85,517,Vanderson,BRA,DF,Monaco,22,2001,18.2,3,30,10,33.3,1.65,0.55,0.1,0.3,21.6,0,0,0,2.1,2.1,0.07,0.9,0.9,Matches,FRA-L1,23-24
4a56052c,518,Jordan Veretout,FRA,MF,Marseille,30,1993,24.3,1,36,8,22.2,1.48,0.33,0.03,0.13,22.9,6,0,0,2.9,2.9,0.08,-1.9,-1.9,Matches,FRA-L1,23-24
01becd60,519,Alan Virginius,FRA,FW,Lille,20,2003,0.8,0,0,0,,0.0,0.0,,,,0,0,0,0.0,0.0,,0.0,0.0,Matches,FRA-L1,23-24
01becd60,520,Alan Virginius,FRA,FW,Clermont Foot,20,2003,10.4,0,10,6,60.0,0.96,0.58,0.0,0.0,15.0,0,0,0,1.3,1.3,0.13,-1.3,-1.3,Matches,FRA-L1,23-24
74d4cec6,521,Vitinha,POR,FW,Marseille,23,2000,10.3,3,37,9,24.3,3.61,0.88,0.08,0.33,12.1,0,0,0,5.1,5.1,0.14,-2.1,-2.1,Matches,FRA-L1,23-24
3b029691,522,Vitinha,POR,MF,Paris S-G,23,2000,23.6,7,45,19,42.2,1.9,0.8,0.16,0.37,21.5,1,0,0,3.1,3.1,0.07,3.9,3.9,Matches,FRA-L1,23-24
0d7b6576,523,Elye Wahi,FRA,FW,Montpellier,20,2003,0.2,0,0,0,,0.0,0.0,,,,0,0,0,0.0,0.0,,0.0,0.0,Matches,FRA-L1,23-24
0d7b6576,524,Elye Wahi,FRA,FW,Lens,20,2003,18.8,9,59,30,50.8,3.14,1.6,0.14,0.27,13.3,0,1,1,11.5,10.7,0.18,-2.5,-2.7,Matches,FRA-L1,23-24
3ecc8c5f,525,Mateusz Wieteska,POL,DF,Clermont Foot,26,1997,1.9,1,3,2,66.7,1.55,1.03,0.33,0.5,10.1,0,0,0,0.1,0.1,0.03,0.9,0.9,Matches,FRA-L1,23-24
c19a2df1,526,Josh Wilson-Esbrand,ENG,"DF,MF",Reims,20,2002,5.1,1,4,1,25.0,0.78,0.2,0.25,1.0,20.0,0,0,0,0.1,0.1,0.04,0.9,0.9,Matches,FRA-L1,23-24
b003239d,527,Christopher Wooh,CMR,DF,Rennes,21,2001,15.4,1,10,2,20.0,0.65,0.13,0.1,0.5,9.0,0,0,0,1.3,1.3,0.14,-0.3,-0.3,Matches,FRA-L1,23-24
f5c8b425,528,Yusuf Yazıcı,TUR,"MF,FW",Lille,26,1997,14.6,5,40,14,35.0,2.74,0.96,0.13,0.36,16.5,6,0,0,5.4,5.4,0.14,-0.4,-0.4,Matches,FRA-L1,23-24
ea0893d6,529,Kelvin Yeboah,ITA,FW,Montpellier,23,2000,3.1,0,6,3,50.0,1.96,0.98,0.0,0.0,15.3,0,0,0,0.5,0.5,0.08,-0.5,-0.5,Matches,FRA-L1,23-24
7410d325,530,Bertuğ Yıldırım,TUR,FW,Rennes,21,2002,5.2,0,10,4,40.0,1.92,0.77,0.0,0.0,11.9,0,0,0,1.4,1.4,0.14,-1.4,-1.4,Matches,FRA-L1,23-24
061266cd,531,Darlin Yongwa,CMR,DF,Lorient,22,2000,12.9,1,15,5,33.3,1.16,0.39,0.07,0.2,20.6,0,0,0,0.7,0.7,0.05,0.3,0.3,Matches,FRA-L1,23-24
6763f716,532,Leny Yoro,FRA,DF,Lille,17,2005,29.7,2,14,8,57.1,0.47,0.27,0.14,0.25,9.6,0,0,0,1.5,1.5,0.11,0.5,0.5,Matches,FRA-L1,23-24
12a4e38c,533,Etienne Youte Kinkoue,FRA,DF,Le Havre,21,2002,21.6,0,6,0,0.0,0.28,0.0,0.0,,11.4,0,0,0,0.4,0.4,0.06,-0.4,-0.4,Matches,FRA-L1,23-24
5ce497e2,534,Yoram Zague,FRA,DF,Paris S-G,17,2006,4.1,1,2,1,50.0,0.48,0.24,0.5,1.0,19.3,0,0,0,0.3,0.3,0.15,0.7,0.7,Matches,FRA-L1,23-24
6b9960cf,535,Warren Zaïre-Emery,FRA,"MF,DF",Paris S-G,17,2006,21.8,2,14,4,28.6,0.64,0.18,0.14,0.5,17.9,0,0,0,1.4,1.4,0.1,0.6,0.6,Matches,FRA-L1,23-24
384d58d9,536,Denis Zakaria,SUI,"MF,DF",Monaco,26,1996,23.7,4,26,10,38.5,1.09,0.42,0.15,0.4,21.6,0,0,0,1.4,1.4,0.05,2.6,2.6,Matches,FRA-L1,23-24
c8c02ac7,537,Mehdi Zeffane,ALG,"DF,MF",Clermont Foot,31,1992,13.7,0,19,1,5.3,1.39,0.07,0.0,0.0,19.3,1,0,0,1.4,1.4,0.08,-1.4,-1.4,Matches,FRA-L1,23-24
fb4c5b6e,538,Nathan Zeze,FRA,DF,Nantes,18,2005,11.4,0,3,0,0.0,0.26,0.0,0.0,,16.9,0,0,0,0.3,0.3,0.11,-0.3,-0.3,Matches,FRA-L1,23-24
34a88e3e,539,Edon Zhegrova,KVX,FW,Lille,24,1999,25.4,6,82,29,35.4,3.23,1.14,0.07,0.21,20.3,8,0,0,6.2,6.2,0.08,-0.2,-0.2,Matches,FRA-L1,23-24
3725b44f,540,Luc Zogbé,CIV,DF,Brest,18,2005,0.1,0,0,0,,0.0,0.0,,,,0,0,0,0.0,0.0,,0.0,0.0,Matches,FRA-L1,23-24
