id,Unnamed: 0_level_0,Unnamed: 1_level_0,Unnamed: 2_level_0,Unnamed: 3_level_0,Unnamed: 4_level_0,Unnamed: 5_level_0,Unnamed: 6_level_0,Unnamed: 7_level_0,SCA,SCA,SCA Types,SCA Types,SCA Types,SCA Types,SCA Types,SCA Types,GCA,GCA,GCA Types,GCA Types,GCA Types,GCA Types,GCA Types,GCA Types,Unnamed: 24_level_0,Unnamed: league,Unnamed: season
,Rk,Player,Nation,Pos,Squad,Age,Born,90s,SCA,SCA90,PassLive,PassDead,TO,Sh,Fld,Def,GCA,GCA90,PassLive,PassDead,TO,Sh,Fld,Def,Matches,league,season
abf0cad0,1,Suleiman Abdullahi,NGA,"FW,MF",Union Berlin,22,1996,1.7,4,2.29,2,0,1,1,0,0,0,0.0,0,0,0,0,0,0,Matches,GER-BL1,19-20
565bf0da,2,David Abraham,ARG,DF,Eint Frankfurt,33,1986,18.8,13,0.69,12,0,0,1,0,0,1,0.05,1,0,0,0,0,0,Matches,GER-BL1,19-20
1c08a3c8,3,Amir Abrashi,ALB,MF,Freiburg,29,1990,7.4,10,1.35,9,0,1,0,0,0,0,0.0,0,0,0,0,0,0,Matches,GER-BL1,19-20
2b09d998,4,Tyler Adams,USA,"MF,DF",RB Leipzig,20,1999,10.6,19,1.79,14,1,0,2,2,0,2,0.19,1,0,0,0,1,0,Matches,GER-BL1,19-20
22919e97,5,Sargis Adamyan,ARM,"FW,MF",Hoffenheim,26,1993,8.3,21,2.53,18,0,0,1,2,0,5,0.6,4,0,0,0,1,0,Matches,GER-BL1,19-20
89ac64a6,6,Manuel Akanji,SUI,DF,Dortmund,24,1995,25.7,13,0.51,12,1,0,0,0,0,5,0.19,5,0,0,0,0,0,Matches,GER-BL1,19-20
6ec6fde0,7,Kevin Akpoguma,NGA,DF,Hoffenheim,24,1995,12.7,4,0.32,4,0,0,0,0,0,0,0.0,0,0,0,0,0,0,Matches,GER-BL1,19-20
05439de2,8,David Alaba,AUT,DF,Bayern Munich,27,1992,27.8,46,1.66,40,2,1,3,0,0,3,0.11,2,1,0,0,0,0,Matches,GER-BL1,19-20
834d0be5,9,Lucas Alario,ARG,FW,Leverkusen,26,1992,13.0,27,2.07,21,0,0,6,0,0,2,0.15,1,0,0,1,0,0,Matches,GER-BL1,19-20
a7a9d95a,10,Paco Alcácer,ESP,FW,Dortmund,25,1993,5.9,12,2.04,8,1,1,0,2,0,2,0.34,1,1,0,0,0,0,Matches,GER-BL1,19-20
77e84962,11,Thiago Alcántara,ESP,MF,Bayern Munich,28,1991,19.7,60,3.05,49,3,3,4,0,1,10,0.51,8,0,2,0,0,0,Matches,GER-BL1,19-20
555d5edd,12,Nadiem Amiri,GER,"MF,FW",Leverkusen,22,1996,20.6,95,4.6,59,24,5,4,3,0,8,0.39,7,0,0,0,1,0,Matches,GER-BL1,19-20
10b9fa99,13,Ethan Ampadu,WAL,DF,RB Leipzig,18,2000,0.9,0,0.0,0,0,0,0,0,0,0,0.0,0,0,0,0,0,0,Matches,GER-BL1,19-20
e7199efb,14,Opoku Ampomah,GHA,"FW,MF",Düsseldorf,23,1996,5.6,21,3.77,13,0,5,2,1,0,0,0.0,0,0,0,0,0,0,Matches,GER-BL1,19-20
b4cf5806,15,Sebastian Andersson,SWE,FW,Union Berlin,28,1991,29.8,58,1.95,44,0,4,5,5,0,8,0.27,1,0,2,4,1,0,Matches,GER-BL1,19-20
e0b113a7,16,Robert Andrich,GER,MF,Union Berlin,24,1994,28.6,83,2.9,55,4,5,11,6,2,6,0.21,4,0,0,0,1,1,Matches,GER-BL1,19-20
30941e96,17,Angeliño,ESP,"DF,FW",RB Leipzig,22,1997,12.2,41,3.37,27,9,3,1,1,0,5,0.41,4,0,1,0,0,0,Matches,GER-BL1,19-20
0a3f6cde,18,Christopher Antwi-Adjei,GHA,"MF,FW",Paderborn 07,25,1994,27.4,95,3.46,62,12,7,3,10,1,6,0.22,4,1,1,0,0,0,Matches,GER-BL1,19-20
56413b1f,19,Charles Aránguiz,CHI,MF,Leverkusen,30,1989,23.5,46,1.95,41,1,0,1,2,1,5,0.21,5,0,0,0,0,0,Matches,GER-BL1,19-20
86e119e0,20,Maximilian Arnold,GER,MF,Wolfsburg,25,1994,31.3,137,4.37,55,56,4,10,11,1,14,0.45,5,6,0,2,1,0,Matches,GER-BL1,19-20
e26fcca3,21,Santiago Ascacíbar,ARG,MF,Hertha BSC,22,1997,7.0,6,0.85,5,1,0,0,0,0,1,0.14,1,0,0,0,0,0,Matches,GER-BL1,19-20
9fec8860,22,Ludwig Augustinsson,SWE,"DF,MF",Werder Bremen,25,1994,10.3,28,2.73,20,6,1,0,1,0,1,0.1,1,0,0,0,0,0,Matches,GER-BL1,19-20
e5478b87,23,Taiwo Awoniyi,NGA,"FW,MF",Mainz 05,21,1997,5.4,13,2.43,9,0,4,0,0,0,0,0.0,0,0,0,0,0,0,Matches,GER-BL1,19-20
2200181e,24,Kaan Ayhan,TUR,DF,Düsseldorf,24,1994,30.3,47,1.55,41,0,0,3,1,2,3,0.1,3,0,0,0,0,0,Matches,GER-BL1,19-20
3489184e,25,Matthias Bader,GER,DF,Köln,22,1997,0.1,0,0.0,0,0,0,0,0,0,0,0.0,0,0,0,0,0,0,Matches,GER-BL1,19-20
f261abcb,26,Daniel Baier,GER,MF,Augsburg,35,1984,21.6,35,1.62,31,0,0,1,2,1,2,0.09,2,0,0,0,0,0,Matches,GER-BL1,19-20
3a233281,27,Leon Bailey,JAM,"FW,MF",Leverkusen,21,1997,12.1,42,3.47,23,9,3,4,2,1,9,0.74,5,2,0,1,1,0,Matches,GER-BL1,19-20
1b278bf5,28,Lewis Baker,ENG,MF,Düsseldorf,24,1995,6.1,20,3.3,7,3,4,3,3,0,2,0.33,1,0,0,1,0,0,Matches,GER-BL1,19-20
442b56fa,29,Ridle Baku,GER,"DF,MF",Mainz 05,21,1998,26.1,82,3.14,65,5,4,2,6,0,12,0.46,11,1,0,0,0,0,Matches,GER-BL1,19-20
7c3ed041,30,Leonardo Balerdi,ARG,"DF,MF",Dortmund,20,1999,1.5,0,0.0,0,0,0,0,0,0,0,0.0,0,0,0,0,0,0,Matches,GER-BL1,19-20
3f7cd8f1,31,Philipp Bargfrede,GER,MF,Werder Bremen,30,1989,6.5,12,1.85,12,0,0,0,0,0,2,0.31,2,0,0,0,0,0,Matches,GER-BL1,19-20
a2a85828,32,Aymen Barkok,MAR,"FW,MF",Düsseldorf,21,1998,0.9,0,0.0,0,0,0,0,0,0,0,0.0,0,0,0,0,0,0,Matches,GER-BL1,19-20
00242b75,33,Leandro Barreiro Martins,LUX,MF,Mainz 05,19,2000,10.4,19,1.82,15,1,0,0,2,1,3,0.29,3,0,0,0,0,0,Matches,GER-BL1,19-20
acc7b7ec,34,Fin Bartels,GER,"MF,FW",Werder Bremen,32,1987,3.8,11,2.93,9,0,1,1,0,0,0,0.0,0,0,0,0,0,0,Matches,GER-BL1,19-20
b7828a08,35,Oliver Batista-Meier,GER,MF,Bayern Munich,18,2001,0.1,0,0.0,0,0,0,0,0,0,0,0.0,0,0,0,0,0,0,Matches,GER-BL1,19-20
47064058,36,Oliver Baumann,GER,GK,Hoffenheim,29,1990,30.0,4,0.13,4,0,0,0,0,0,0,0.0,0,0,0,0,0,0,Matches,GER-BL1,19-20
69374ff5,37,Julian Baumgartlinger,AUT,MF,Leverkusen,31,1988,19.9,34,1.71,31,0,0,3,0,0,4,0.2,4,0,0,0,0,0,Matches,GER-BL1,19-20
437f2b00,38,Christoph Baumgartner,AUT,"MF,FW",Hoffenheim,19,1999,16.6,53,3.19,29,3,7,8,6,0,4,0.24,1,1,0,2,0,0,Matches,GER-BL1,19-20
fbbc8e15,39,Noah Joel Sarenren Bazee,NGA,FW,Augsburg,22,1996,4.2,9,2.13,5,0,2,0,2,0,0,0.0,0,0,0,0,0,0,Matches,GER-BL1,19-20
a53b661f,40,Ihlas Bebou,TOG,"FW,MF",Hoffenheim,25,1994,23.4,67,2.87,44,1,8,6,7,1,8,0.34,3,1,1,2,1,0,Matches,GER-BL1,19-20
8eb55dbb,41,Sheraldo Becker,SUR,"MF,FW",Union Berlin,24,1995,6.0,16,2.67,13,0,2,0,1,0,3,0.5,3,0,0,0,0,0,Matches,GER-BL1,19-20
543ddcaf,42,Timo Becker,GER,"DF,MF",Schalke 04,22,1997,3.7,7,1.87,6,0,0,0,0,1,0,0.0,0,0,0,0,0,0,Matches,GER-BL1,19-20
5db45ee5,43,Maximilian Beier,GER,FW,Hoffenheim,16,2002,1.2,2,1.65,1,0,0,0,0,1,0,0.0,0,0,0,0,0,0,Matches,GER-BL1,19-20
ff182fdc,44,Ishak Belfodil,ALG,"FW,MF",Hoffenheim,27,1992,3.0,11,3.69,8,0,2,1,0,0,0,0.0,0,0,0,0,0,0,Matches,GER-BL1,19-20
bee0bab1,45,Karim Bellarabi,GER,"FW,DF",Leverkusen,29,1990,15.8,57,3.6,39,3,6,6,3,0,9,0.57,7,0,1,0,1,0,Matches,GER-BL1,19-20
c50281a0,46,Lars Bender,GER,"DF,MF",Leverkusen,30,1989,15.3,36,2.36,27,5,1,2,1,0,2,0.13,2,0,0,0,0,0,Matches,GER-BL1,19-20
070ec0b1,47,Sven Bender,GER,DF,Leverkusen,30,1989,30.3,14,0.46,12,0,0,1,1,0,2,0.07,2,0,0,0,0,0,Matches,GER-BL1,19-20
fe888e39,48,László Bénes,SVK,MF,Gladbach,21,1997,10.0,60,6.01,32,19,2,3,3,1,6,0.6,2,4,0,0,0,0,Matches,GER-BL1,19-20
f4c7c708,49,Keanan Bennetts,ENG,MF,Gladbach,20,1999,0.0,0,0.0,0,0,0,0,0,0,0,0.0,0,0,0,0,0,0,Matches,GER-BL1,19-20
378825c7,50,Ramy Bensebaini,ALG,DF,Gladbach,24,1995,16.1,27,1.68,21,1,0,2,2,1,5,0.31,4,0,0,1,0,0,Matches,GER-BL1,19-20
d5575935,51,Valon Berisha,KVX,MF,Düsseldorf,26,1993,10.5,21,2.01,13,3,0,1,3,1,1,0.1,1,0,0,0,0,0,Matches,GER-BL1,19-20
9af1f9ff,52,Jordan Beyer,GER,DF,Gladbach,19,2000,1.2,2,1.64,1,0,0,0,1,0,0,0.0,0,0,0,0,0,0,Matches,GER-BL1,19-20
7aac47fe,53,Ermin Bičakčić,BIH,DF,Hoffenheim,29,1990,13.1,10,0.77,8,0,0,1,1,0,1,0.08,0,0,0,0,1,0,Matches,GER-BL1,19-20
dc62fbee,54,Leonardo Bittencourt,GER,MF,Hoffenheim,25,1993,0.0,1,30.0,0,0,0,0,1,0,0,0.0,0,0,0,0,0,0,Matches,GER-BL1,19-20
dc62fbee,55,Leonardo Bittencourt,GER,"FW,MF",Werder Bremen,25,1993,21.0,78,3.72,50,8,2,6,8,4,4,0.19,2,1,0,1,0,0,Matches,GER-BL1,19-20
2db2fd7b,56,Jérôme Boateng,GER,DF,Bayern Munich,30,1988,20.0,19,0.95,16,0,0,2,1,0,6,0.3,5,0,0,1,0,0,Matches,GER-BL1,19-20
bb8a42fa,57,Adam Bodzek,GER,MF,Düsseldorf,33,1985,22.4,25,1.12,22,1,0,0,1,1,1,0.04,1,0,0,0,0,0,Matches,GER-BL1,19-20
635f2732,58,Jean-Paul Boëtius,NED,MF,Mainz 05,25,1994,25.2,88,3.5,70,2,4,4,5,3,13,0.52,9,0,2,0,1,1,Matches,GER-BL1,19-20
1fda91b3,59,Melayro Bogarde,NED,DF,Hoffenheim,17,2002,0.6,0,0.0,0,0,0,0,0,0,0,0.0,0,0,0,0,0,0,Matches,GER-BL1,19-20
78b9e99c,60,Dennis Borkowski,GER,FW,RB Leipzig,17,2002,0.1,0,0.0,0,0,0,0,0,0,0,0.0,0,0,0,0,0,0,Matches,GER-BL1,19-20
d728acae,61,Robin Bormuth,GER,DF,Düsseldorf,23,1995,2.0,0,0.0,0,0,0,0,0,0,0,0.0,0,0,0,0,0,0,Matches,GER-BL1,19-20
01834aa0,62,Sebastiaan Bornauw,BEL,DF,Köln,20,1999,27.2,20,0.74,17,0,1,1,0,1,0,0.0,0,0,0,0,0,0,Matches,GER-BL1,19-20
b4d90315,63,Brandon Borrello,AUS,"MF,FW",Freiburg,24,1995,3.3,6,1.81,2,0,2,0,2,0,1,0.3,0,0,0,0,1,0,Matches,GER-BL1,19-20
541127d5,64,Nassim Boujellab,MAR,"MF,FW",Schalke 04,20,1999,4.7,6,1.29,6,0,0,0,0,0,0,0.0,0,0,0,0,0,0,Matches,GER-BL1,19-20
7c473e12,65,Dedryck Boyata,BEL,DF,Hertha BSC,28,1990,27.1,9,0.33,7,0,0,2,0,0,1,0.04,1,0,0,0,0,0,Matches,GER-BL1,19-20
b797f558,66,Can Bozdogan,GER,MF,Schalke 04,18,2001,2.6,4,1.54,3,0,0,1,0,0,0,0.0,0,0,0,0,0,0,Matches,GER-BL1,19-20
a167537f,67,Julian Brandt,GER,"MF,FW",Dortmund,23,1996,24.5,84,3.43,69,3,8,3,1,0,19,0.78,16,0,2,1,0,0,Matches,GER-BL1,19-20
d4a2533d,68,Josip Brekalo,CRO,"MF,FW",Wolfsburg,21,1998,18.6,95,5.12,63,14,7,7,4,0,8,0.43,6,0,2,0,0,0,Matches,GER-BL1,19-20
e27da244,69,John Brooks,USA,DF,Wolfsburg,26,1993,24.7,14,0.57,11,0,0,3,0,0,1,0.04,0,0,0,1,0,0,Matches,GER-BL1,19-20
a7813ac4,70,Daniel Brosinski,GER,DF,Mainz 05,31,1988,19.0,93,4.9,47,41,2,1,1,1,5,0.26,1,4,0,0,0,0,Matches,GER-BL1,19-20
fbffc4b1,71,Jeffrey Bruma,NED,DF,Wolfsburg,27,1991,9.0,1,0.11,0,0,0,1,0,0,0,0.0,0,0,0,0,0,0,Matches,GER-BL1,19-20
fbffc4b1,72,Jeffrey Bruma,NED,DF,Mainz 05,27,1991,7.5,1,0.13,1,0,0,0,0,0,0,0.0,0,0,0,0,0,0,Matches,GER-BL1,19-20
4e204552,73,Jacob Bruun Larsen,DEN,"FW,MF",Hoffenheim,20,1998,4.3,23,5.29,16,1,6,0,0,0,2,0.46,2,0,0,0,0,0,Matches,GER-BL1,19-20
4e204552,74,Jacob Bruun Larsen,DEN,FW,Dortmund,20,1998,0.8,1,1.32,1,0,0,0,0,0,1,1.32,1,0,0,0,0,0,Matches,GER-BL1,19-20
ab5b7dc1,75,Marius Bülter,GER,"MF,FW",Union Berlin,26,1993,25.8,49,1.9,34,0,11,3,1,0,3,0.12,2,0,1,0,0,0,Matches,GER-BL1,19-20
2bcc6d52,76,Guido Burgstaller,AUT,FW,Schalke 04,30,1989,13.7,28,2.04,19,0,4,2,2,1,2,0.15,2,0,0,0,0,0,Matches,GER-BL1,19-20
05f99a4a,77,Jonathan Burkardt,GER,"FW,MF",Mainz 05,19,2000,2.8,4,1.42,3,0,1,0,0,0,0,0.0,0,0,0,0,0,0,Matches,GER-BL1,19-20
9d12e142,78,Roman Bürki,SUI,GK,Dortmund,28,1990,30.8,1,0.03,1,0,0,0,0,0,0,0.0,0,0,0,0,0,0,Matches,GER-BL1,19-20
d1273f09,79,Daniel Caligiuri,ITA,"MF,FW",Schalke 04,31,1988,25.5,89,3.49,41,26,4,7,8,3,6,0.24,3,1,0,0,2,0,Matches,GER-BL1,19-20
a65ce836,80,Emre Can,GER,"MF,DF",Dortmund,25,1994,10.6,14,1.32,10,0,3,1,0,0,2,0.19,1,0,1,0,0,0,Matches,GER-BL1,19-20
db401046,81,Koen Casteels,BEL,GK,Wolfsburg,27,1992,26.0,6,0.23,6,0,0,0,0,0,0,0.0,0,0,0,0,0,0,Matches,GER-BL1,19-20
b3b7f5a6,82,Timothy Chandler,USA,"DF,MF",Eint Frankfurt,29,1990,13.6,27,2.0,20,4,1,1,1,0,2,0.15,1,1,0,0,0,0,Matches,GER-BL1,19-20
7961f7aa,83,Kwon Chang-hoon,KOR,"MF,FW",Freiburg,25,1994,7.5,23,3.06,14,0,4,3,2,0,4,0.53,1,0,0,1,2,0,Matches,GER-BL1,19-20
c6608135,84,Darko Churlinov,MKD,MF,Köln,19,2000,0.2,2,8.57,2,0,0,0,0,0,0,0.0,0,0,0,0,0,0,Matches,GER-BL1,19-20
ecab64a0,85,Per Ciljan Skjelbred,NOR,MF,Hertha BSC,32,1987,18.1,21,1.16,20,0,0,0,0,1,3,0.17,3,0,0,0,0,0,Matches,GER-BL1,19-20
612cb8d3,86,Christian Clemens,GER,FW,Köln,27,1991,0.2,1,5.63,0,1,0,0,0,0,0,0.0,0,0,0,0,0,0,Matches,GER-BL1,19-20
33a95e0a,87,Jamilu Collins,NGA,DF,Paderborn 07,24,1994,29.6,49,1.65,35,4,5,1,3,1,5,0.17,4,0,1,0,0,0,Matches,GER-BL1,19-20
042e8a49,88,Kingsley Coman,FRA,"FW,MF",Bayern Munich,23,1996,16.7,87,5.2,68,0,11,2,5,1,10,0.6,8,0,0,0,2,0,Matches,GER-BL1,19-20
9f381d8b,89,Jhon Córdoba,COL,FW,Köln,26,1993,22.2,68,3.06,42,0,6,6,13,1,10,0.45,7,0,2,1,0,0,Matches,GER-BL1,19-20
229cd98a,90,Sergio Córdova,VEN,FW,Augsburg,21,1997,4.1,9,2.21,6,0,1,1,1,0,2,0.49,1,0,1,0,0,0,Matches,GER-BL1,19-20
5ddb8f9f,91,Danny da Costa,GER,"DF,FW",Eint Frankfurt,26,1993,15.4,45,2.91,38,2,4,0,1,0,10,0.65,7,1,2,0,0,0,Matches,GER-BL1,19-20
0ef89a37,92,Philippe Coutinho,BRA,"MF,FW",Bayern Munich,27,1992,15.7,81,5.17,67,6,3,2,2,1,12,0.77,11,0,0,0,1,0,Matches,GER-BL1,19-20
5722eced,93,Mickaël Cuisance,FRA,"MF,FW",Bayern Munich,19,1999,3.4,17,5.02,13,2,1,0,1,0,3,0.89,2,0,0,0,1,0,Matches,GER-BL1,19-20
dc62b55d,94,Matheus Cunha,BRA,"FW,MF",Hertha BSC,20,1999,8.3,34,4.11,18,0,9,3,3,1,5,0.6,2,0,1,1,1,0,Matches,GER-BL1,19-20
dc62b55d,95,Matheus Cunha,BRA,"FW,MF",RB Leipzig,20,1999,3.1,16,5.16,8,0,0,4,3,1,1,0.32,0,0,0,1,0,0,Matches,GER-BL1,19-20
b0a0698b,96,Rafael Czichos,GER,DF,Köln,29,1990,24.5,23,0.94,16,2,1,3,0,1,3,0.12,1,0,0,2,0,0,Matches,GER-BL1,19-20
eac044ad,97,Moanes Dabbur,ISR,FW,Hoffenheim,27,1992,8.5,29,3.41,18,0,1,3,7,0,3,0.35,2,0,0,0,1,0,Matches,GER-BL1,19-20
db4ed67b,98,Mahmoud Dahoud,GER,MF,Dortmund,23,1996,6.2,16,2.59,14,0,1,1,0,0,3,0.48,3,0,0,0,0,0,Matches,GER-BL1,19-20
aeaf1bc1,99,Leon Dajaku,GER,"DF,MF",Bayern Munich,18,2001,0.1,0,0.0,0,0,0,0,0,0,0,0.0,0,0,0,0,0,0,Matches,GER-BL1,19-20
3eb0f2df,100,Vladimír Darida,CZE,MF,Hertha BSC,28,1990,25.1,84,3.35,59,15,1,5,3,1,6,0.24,6,0,0,0,0,0,Matches,GER-BL1,19-20
d781d855,101,Alphonso Davies,CAN,DF,Bayern Munich,18,2000,24.8,73,2.94,62,1,5,0,3,2,9,0.36,8,0,1,0,0,0,Matches,GER-BL1,19-20
fe641c1a,102,Thomas Delaney,DEN,MF,Dortmund,27,1991,9.2,10,1.08,9,0,0,1,0,0,1,0.11,1,0,0,0,0,0,Matches,GER-BL1,19-20
54b4dc4e,103,Kerem Demirbay,GER,MF,Leverkusen,26,1993,17.5,87,4.97,44,35,2,6,0,0,10,0.57,4,6,0,0,0,0,Matches,GER-BL1,19-20
dc3fa3b5,104,Diego Demme,GER,MF,RB Leipzig,27,1991,13.5,37,2.75,35,1,1,0,0,0,2,0.15,2,0,0,0,0,0,Matches,GER-BL1,19-20
aeed5c06,105,Moussa Diaby,FRA,"FW,MF",Leverkusen,20,1999,19.7,72,3.66,51,3,14,2,2,0,10,0.51,7,0,2,0,1,0,Matches,GER-BL1,19-20
34a0f5ff,106,Javairô Dilrosun,NED,"MF,FW",Hertha BSC,21,1998,14.5,25,1.72,18,1,3,0,3,0,5,0.34,3,0,2,0,0,0,Matches,GER-BL1,19-20
7d841904,107,Ji Dong-won,KOR,"FW,MF",Mainz 05,28,1991,1.1,0,0.0,0,0,0,0,0,0,0,0.0,0,0,0,0,0,0,Matches,GER-BL1,19-20
dc90cfbe,108,Bas Dost,NED,FW,Eint Frankfurt,30,1989,16.4,42,2.56,35,0,1,3,3,0,7,0.43,6,0,0,1,0,0,Matches,GER-BL1,19-20
7bd5b8fd,109,Mamadou Doucouré,FRA,MF,Gladbach,21,1998,0.0,0,0.0,0,0,0,0,0,0,0,0.0,0,0,0,0,0,0,Matches,GER-BL1,19-20
8954fddc,110,Mohamed Dräger,TUN,DF,Paderborn 07,23,1996,16.2,30,1.86,20,5,1,2,2,0,5,0.31,4,0,0,1,0,0,Matches,GER-BL1,19-20
6fd8a334,111,Aleksandar Dragović,AUT,DF,Leverkusen,28,1991,11.4,13,1.14,12,0,0,0,0,1,0,0.0,0,0,0,0,0,0,Matches,GER-BL1,19-20
809940aa,112,Dominick Drexler,GER,"MF,FW",Köln,29,1990,17.6,66,3.74,47,5,3,3,6,2,7,0.4,6,0,0,0,1,0,Matches,GER-BL1,19-20
79ca3e23,113,Ondrej Duda,SVK,MF,Hertha BSC,24,1994,5.0,17,3.42,9,0,4,2,1,1,2,0.4,2,0,0,0,0,0,Matches,GER-BL1,19-20
cf623c78,114,Erik Durm,GER,"DF,FW",Eint Frankfurt,27,1992,5.7,13,2.29,8,2,1,2,0,0,1,0.18,1,0,0,0,0,0,Matches,GER-BL1,19-20
d571df78,115,Johannes Eggestein,GER,"MF,FW",Werder Bremen,21,1998,5.7,15,2.64,9,1,1,3,1,0,0,0.0,0,0,0,0,0,0,Matches,GER-BL1,19-20
beb882a8,116,Maximilian Eggestein,GER,MF,Werder Bremen,22,1996,31.7,83,2.62,65,0,4,9,2,3,6,0.19,4,0,0,1,0,1,Matches,GER-BL1,19-20
76b2817e,117,Kingsley Ehizibue,NED,DF,Köln,24,1995,25.9,38,1.47,27,2,5,1,3,0,4,0.15,3,0,1,0,0,0,Matches,GER-BL1,19-20
6cb0211b,118,Ilay Elmkies,ISR,MF,Hoffenheim,19,2000,0.0,0,0.0,0,0,0,0,0,0,0,0.0,0,0,0,0,0,0,Matches,GER-BL1,19-20
48035304,119,Nico Elvedi,SUI,DF,Gladbach,22,1996,29.1,9,0.31,8,0,0,1,0,0,1,0.03,1,0,0,0,0,0,Matches,GER-BL1,19-20
0b4f388a,120,Breel Embolo,SUI,"FW,MF",Gladbach,22,1997,17.2,53,3.08,34,0,6,6,7,0,9,0.52,6,0,0,1,2,0,Matches,GER-BL1,19-20
b48215cd,121,Alexander Esswein,GER,"FW,MF",Hertha BSC,29,1990,2.4,5,2.11,4,0,1,0,0,0,0,0.0,0,0,0,0,0,0,Matches,GER-BL1,19-20
cce7087c,122,Antony Evans,ENG,"MF,DF",Paderborn 07,20,1998,1.7,7,4.06,3,4,0,0,0,0,0,0.0,0,0,0,0,0,0,Matches,GER-BL1,19-20
b82880c6,123,Simon Falette,GUI,DF,Eint Frankfurt,27,1992,1.0,4,4.0,4,0,0,0,0,0,0,0.0,0,0,0,0,0,0,Matches,GER-BL1,19-20
677da306,124,Ohis Felix Uduokhai,GER,DF,Augsburg,21,1997,21.8,11,0.5,7,3,0,0,1,0,0,0.0,0,0,0,0,0,0,Matches,GER-BL1,19-20
3bb625ac,125,Edimilson Fernandes,SUI,"MF,DF",Mainz 05,23,1996,16.5,32,1.94,26,0,2,2,1,1,1,0.06,1,0,0,0,0,0,Matches,GER-BL1,19-20
8e58987d,126,Gelson Fernandes,SUI,MF,Eint Frankfurt,32,1986,8.6,6,0.7,6,0,0,0,0,0,0,0.0,0,0,0,0,0,0,Matches,GER-BL1,19-20
316162b6,127,Oliver Fink,GER,"MF,FW",Düsseldorf,37,1982,7.5,23,3.07,15,0,2,1,2,3,2,0.27,1,0,0,0,1,0,Matches,GER-BL1,19-20
f9e7c4ac,128,Alfreð Finnbogason,ISL,FW,Augsburg,30,1989,10.7,32,2.98,24,0,2,4,1,1,4,0.37,3,0,1,0,0,0,Matches,GER-BL1,19-20
a92ab7be,129,Mark Flekken,NED,GK,Freiburg,26,1993,10.0,0,0.0,0,0,0,0,0,0,0,0.0,0,0,0,0,0,0,Matches,GER-BL1,19-20
9a2e0ccc,130,Emil Forsberg,SWE,MF,RB Leipzig,27,1991,12.7,53,4.19,37,7,1,1,5,2,4,0.32,3,0,0,0,1,0,Matches,GER-BL1,19-20
626fab5f,131,Raphael Framberger,GER,DF,Augsburg,23,1995,13.1,18,1.38,13,1,2,0,2,0,3,0.23,2,0,1,0,0,0,Matches,GER-BL1,19-20
482b70ad,132,Mike Frantz,GER,MF,Freiburg,32,1986,3.9,8,2.06,7,0,0,1,0,0,1,0.26,1,0,0,0,0,0,Matches,GER-BL1,19-20
f86ad3f5,133,Marco Friedl,AUT,"DF,MF",Werder Bremen,21,1998,24.3,43,1.77,31,11,0,1,0,0,4,0.16,4,0,0,0,0,0,Matches,GER-BL1,19-20
b77f44a4,134,Marvin Friedrich,GER,DF,Union Berlin,23,1995,31.0,28,0.9,16,1,2,5,3,1,3,0.1,0,0,0,1,2,0,Matches,GER-BL1,19-20
55557b25,135,Samúel Friðjónsson,ISL,MF,Paderborn 07,23,1996,2.1,0,0.0,0,0,0,0,0,0,0,0.0,0,0,0,0,0,0,Matches,GER-BL1,19-20
4f16405e,136,Niclas Füllkrug,GER,FW,Werder Bremen,26,1993,4.5,12,2.68,8,0,1,1,1,1,1,0.22,1,0,0,0,0,0,Matches,GER-BL1,19-20
16daec92,137,Mijat Gaćinović,SRB,"MF,FW",Eint Frankfurt,24,1995,11.6,34,2.92,20,1,2,3,7,1,4,0.34,4,0,0,0,0,0,Matches,GER-BL1,19-20
3f65898c,138,Theodor Gebre Selassie,CZE,"DF,MF",Werder Bremen,32,1986,27.0,35,1.3,30,1,0,1,2,1,4,0.15,3,0,0,1,0,0,Matches,GER-BL1,19-20
37f606f0,139,Dennis Geiger,GER,MF,Hoffenheim,21,1998,12.6,50,3.96,26,20,1,1,2,0,6,0.48,4,2,0,0,0,0,Matches,GER-BL1,19-20
a4f94a0d,140,Christian Gentner,GER,MF,Union Berlin,33,1985,27.1,68,2.5,48,3,1,4,9,3,7,0.26,4,0,0,0,3,0,Matches,GER-BL1,19-20
62ab9184,141,Yannick Gerhardt,GER,MF,Wolfsburg,25,1994,9.2,20,2.18,15,0,0,2,2,1,0,0.0,0,0,0,0,0,0,Matches,GER-BL1,19-20
7242b495,142,Niko Gießelmann,GER,DF,Düsseldorf,27,1991,22.9,48,2.1,29,14,0,2,3,0,2,0.09,2,0,0,0,0,0,Matches,GER-BL1,19-20
17376543,143,Rafał Gikiewicz,POL,GK,Union Berlin,31,1987,33.0,10,0.3,7,2,0,1,0,0,1,0.03,1,0,0,0,0,0,Matches,GER-BL1,19-20
e5f63987,144,Daniel Ginczek,GER,FW,Wolfsburg,28,1991,8.5,25,2.93,13,0,3,8,1,0,3,0.35,1,0,0,2,0,0,Matches,GER-BL1,19-20
f521b80a,145,Matthias Ginter,GER,DF,Gladbach,25,1994,30.9,31,1.0,27,0,0,4,0,0,6,0.19,5,0,0,1,0,0,Matches,GER-BL1,19-20
431c837b,146,Klaus Gjasula,ALB,MF,Paderborn 07,29,1989,25.3,54,2.13,48,0,1,3,0,2,3,0.12,2,0,0,1,0,0,Matches,GER-BL1,19-20
88e357ef,147,Serge Gnabry,GER,"FW,MF",Bayern Munich,24,1995,24.4,106,4.35,75,0,17,10,3,1,17,0.7,13,0,3,1,0,0,Matches,GER-BL1,19-20
deee6467,148,Akaki Gogia,GER,"MF,FW",Union Berlin,27,1992,1.3,8,5.95,5,0,2,0,1,0,0,0.0,0,0,0,0,0,0,Matches,GER-BL1,19-20
d5980989,149,Benjamin Goller,GER,"FW,MF",Werder Bremen,20,1999,3.2,5,1.56,5,0,0,0,0,0,1,0.31,1,0,0,0,0,0,Matches,GER-BL1,19-20
49ffe0f2,150,Jérôme Gondorf,GER,MF,Freiburg,31,1988,1.3,6,4.5,4,0,0,0,1,1,0,0.0,0,0,0,0,0,0,Matches,GER-BL1,19-20
cc86b9a3,151,Leon Goretzka,GER,MF,Bayern Munich,24,1995,16.8,61,3.63,51,0,3,3,3,1,14,0.83,9,0,0,2,2,1,Matches,GER-BL1,19-20
9efa1d25,152,Mario Götze,GER,FW,Dortmund,27,1992,5.8,18,3.11,16,0,0,0,1,1,0,0.0,0,0,0,0,0,0,Matches,GER-BL1,19-20
1025db8e,153,Jeffrey Gouweleeuw,NED,DF,Augsburg,28,1991,18.3,12,0.66,9,0,1,0,0,2,2,0.11,1,0,0,0,0,1,Matches,GER-BL1,19-20
8e235926,154,Michael Gregoritsch,AUT,"MF,FW",Augsburg,25,1994,3.4,10,2.97,9,0,0,0,1,0,1,0.3,1,0,0,0,0,0,Matches,GER-BL1,19-20
8e235926,155,Michael Gregoritsch,AUT,FW,Schalke 04,25,1994,9.2,16,1.74,13,0,1,1,1,0,1,0.11,1,0,0,0,0,0,Matches,GER-BL1,19-20
54e4866f,156,Vincenzo Grifo,ITA,MF,Hoffenheim,26,1993,0.2,0,0.0,0,0,0,0,0,0,0,0.0,0,0,0,0,0,0,Matches,GER-BL1,19-20
54e4866f,157,Vincenzo Grifo,ITA,"MF,FW",Freiburg,26,1993,18.0,90,4.91,46,23,7,10,3,1,11,0.6,7,4,0,0,0,0,Matches,GER-BL1,19-20
ffbbc83b,158,Florian Grillitsch,AUT,"MF,DF",Hoffenheim,23,1995,26.8,69,2.58,53,1,7,2,4,2,5,0.19,5,0,0,0,0,0,Matches,GER-BL1,19-20
14a7af33,159,Christian Groß,GER,"DF,MF",Werder Bremen,30,1989,9.7,8,0.83,5,1,0,1,0,1,0,0.0,0,0,0,0,0,0,Matches,GER-BL1,19-20
f2dd9a21,160,Carlos Gruezo,ECU,MF,Augsburg,24,1995,9.8,11,1.12,10,0,0,0,1,0,2,0.2,2,0,0,0,0,0,Matches,GER-BL1,19-20
8b8e759d,161,Marko Grujić,SRB,MF,Hertha BSC,23,1996,26.8,48,1.79,40,0,4,3,1,0,7,0.26,6,0,1,0,0,0,Matches,GER-BL1,19-20
048a1cbc,162,Raphaël Guerreiro,POR,"DF,MF",Dortmund,25,1993,25.9,72,2.78,52,8,3,3,4,2,7,0.27,6,0,0,1,0,0,Matches,GER-BL1,19-20
4942dad3,163,Babacar Guèye,SEN,FW,Paderborn 07,24,1994,1.2,1,0.82,1,0,0,0,0,0,0,0.0,0,0,0,0,0,0,Matches,GER-BL1,19-20
e6c43eec,164,Josuha Guilavogui,FRA,"MF,DF",Wolfsburg,28,1990,22.9,31,1.35,26,0,3,2,0,0,2,0.09,2,0,0,0,0,0,Matches,GER-BL1,19-20
bcb2ccd8,165,Péter Gulácsi,HUN,GK,RB Leipzig,29,1990,32.0,3,0.09,3,0,0,0,0,0,1,0.03,1,0,0,0,0,0,Matches,GER-BL1,19-20
25ab9c9c,166,Manuel Gulde,GER,DF,Freiburg,28,1991,15.2,19,1.25,15,0,0,4,0,0,1,0.07,0,0,0,1,0,0,Matches,GER-BL1,19-20
8593f88c,167,Christian Günter,GER,DF,Freiburg,26,1993,33.7,133,3.95,73,47,3,5,5,0,13,0.39,5,5,0,2,1,0,Matches,GER-BL1,19-20
1bcca8b8,168,Jonathan de Guzmán,NED,MF,Eint Frankfurt,31,1987,1.0,9,9.42,6,3,0,0,0,0,1,1.05,0,1,0,0,0,0,Matches,GER-BL1,19-20
1f44ac21,169,Erling Haaland,NOR,FW,Dortmund,19,2000,11.8,26,2.2,15,0,5,4,2,0,6,0.51,3,0,1,1,1,0,Matches,GER-BL1,19-20
70dcf94d,170,Janik Haberer,GER,"MF,FW",Freiburg,25,1994,19.1,51,2.67,39,1,1,2,7,1,3,0.16,2,0,0,0,1,0,Matches,GER-BL1,19-20
a5ec3ede,171,Alexander Hack,GER,DF,Mainz 05,25,1993,8.9,10,1.12,10,0,0,0,0,0,0,0.0,0,0,0,0,0,0,Matches,GER-BL1,19-20
cd82452e,172,André Hahn,GER,"FW,MF",Augsburg,28,1990,7.8,19,2.43,17,0,1,0,1,0,1,0.13,1,0,0,0,0,0,Matches,GER-BL1,19-20
92432bc6,173,Amadou Haidara,MLI,MF,RB Leipzig,21,1998,8.4,41,4.89,33,0,3,2,2,1,2,0.24,1,0,0,1,0,0,Matches,GER-BL1,19-20
e42d61c7,174,Achraf Hakimi,MAR,"DF,MF",Dortmund,20,1998,30.2,93,3.08,71,1,10,5,6,0,20,0.66,16,0,4,0,0,0,Matches,GER-BL1,19-20
8ff2354e,175,Marcel Halstenberg,GER,DF,RB Leipzig,27,1991,28.0,65,2.32,53,7,3,1,1,0,12,0.43,9,1,1,0,1,0,Matches,GER-BL1,19-20
e7d59f4f,176,Amine Harit,MAR,"MF,FW",Schalke 04,22,1997,23.4,92,3.94,70,7,5,2,8,0,10,0.43,7,0,2,0,1,0,Matches,GER-BL1,19-20
99b7584f,177,Martin Harnik,AUT,"MF,FW",Werder Bremen,32,1987,0.1,0,0.0,0,0,0,0,0,0,0,0.0,0,0,0,0,0,0,Matches,GER-BL1,19-20
9ab16552,178,Makoto Hasebe,JPN,"DF,MF",Eint Frankfurt,35,1984,21.9,32,1.46,31,1,0,0,0,0,2,0.09,2,0,0,0,0,0,Matches,GER-BL1,19-20
fed7cb61,179,Kai Havertz,GER,"MF,FW",Leverkusen,20,1999,27.3,122,4.47,99,1,12,5,5,0,13,0.48,12,0,1,0,0,0,Matches,GER-BL1,19-20
50871bcc,180,Thorgan Hazard,BEL,"FW,MF",Dortmund,26,1993,26.4,116,4.39,68,24,9,9,4,2,21,0.79,17,1,3,0,0,0,Matches,GER-BL1,19-20
c2009df3,181,Jonas Hector,GER,"MF,DF",Köln,29,1990,27.0,63,2.33,49,1,1,4,7,1,7,0.26,5,0,0,1,1,0,Matches,GER-BL1,19-20
699fb8db,182,Dominique Heintz,GER,DF,Freiburg,25,1993,27.0,24,0.89,23,0,1,0,0,0,2,0.07,2,0,0,0,0,0,Matches,GER-BL1,19-20
17611373,183,Rouwen Hennings,GER,FW,Düsseldorf,31,1987,27.3,63,2.31,48,2,1,6,5,1,3,0.11,3,0,0,0,0,0,Matches,GER-BL1,19-20
c3ee18ef,184,Lucas Hernández,FRA,DF,Bayern Munich,23,1996,10.2,9,0.88,7,1,0,0,0,1,2,0.2,1,0,0,0,0,1,Matches,GER-BL1,19-20
dfb6490a,185,Patrick Herrmann,GER,"FW,MF",Gladbach,28,1991,16.1,54,3.34,40,2,3,2,6,1,12,0.74,10,0,1,0,1,0,Matches,GER-BL1,19-20
080440a4,186,Martin Hinteregger,AUT,DF,Eint Frankfurt,26,1992,30.2,37,1.22,23,1,3,9,0,1,2,0.07,0,0,1,1,0,0,Matches,GER-BL1,19-20
2e7ff968,187,Marwin Hitz,SUI,GK,Dortmund,31,1987,3.2,0,0.0,0,0,0,0,0,0,0,0.0,0,0,0,0,0,0,Matches,GER-BL1,19-20
34b306a1,188,André Hoffmann,GER,DF,Düsseldorf,26,1993,27.0,12,0.44,10,1,0,0,1,0,1,0.04,1,0,0,0,0,0,Matches,GER-BL1,19-20
5d8e331f,189,Nicolas Höfler,GER,MF,Freiburg,29,1990,30.9,57,1.84,42,1,5,3,4,2,4,0.13,3,0,0,0,1,0,Matches,GER-BL1,19-20
2903a856,190,Jonas Hofmann,GER,"MF,FW",Gladbach,27,1992,18.1,67,3.69,38,23,1,1,1,3,9,0.5,7,1,1,0,0,0,Matches,GER-BL1,19-20
9908c518,191,Jonas Hofmann,GER,MF,Schalke 04,22,1997,0.0,0,0.0,0,0,0,0,0,0,0,0.0,0,0,0,0,0,0,Matches,GER-BL1,19-20
4114f306,192,Marco Höger,GER,MF,Köln,29,1989,7.5,16,2.13,14,0,1,1,0,0,0,0.0,0,0,0,0,0,0,Matches,GER-BL1,19-20
ca618d23,193,Lucas Höler,GER,"FW,MF",Freiburg,25,1994,27.6,75,2.72,40,2,9,6,18,0,14,0.51,4,0,2,2,6,0,Matches,GER-BL1,19-20
2979c05a,194,Gerrit Holtmann,PHI,"MF,DF",Paderborn 07,24,1995,11.8,24,2.03,18,0,4,2,0,0,1,0.08,0,0,0,1,0,0,Matches,GER-BL1,19-20
60dfc525,195,Luca Horn,GER,DF,Wolfsburg,20,1998,0.1,0,0.0,0,0,0,0,0,0,0,0.0,0,0,0,0,0,0,Matches,GER-BL1,19-20
3cd9e95a,196,Timo Horn,GER,GK,Köln,26,1993,34.0,5,0.15,3,2,0,0,0,0,1,0.03,1,0,0,0,0,0,Matches,GER-BL1,19-20
ad3389d5,197,Lukáš Hrádecký,FIN,GK,Leverkusen,29,1989,34.0,8,0.24,5,3,0,0,0,0,2,0.06,2,0,0,0,0,0,Matches,GER-BL1,19-20
99de6b6f,198,Benjamin Hübner,GER,DF,Hoffenheim,30,1989,23.0,23,1.0,21,1,0,1,0,0,8,0.35,7,0,0,1,0,0,Matches,GER-BL1,19-20
e87ad81a,199,Florian Hübner,GER,DF,Union Berlin,28,1991,9.4,7,0.74,6,0,0,1,0,0,0,0.0,0,0,0,0,0,0,Matches,GER-BL1,19-20
05d548d8,200,Mats Hummels,GER,DF,Dortmund,30,1988,28.7,22,0.77,19,1,1,1,0,0,5,0.17,5,0,0,0,0,0,Matches,GER-BL1,19-20
f42456eb,201,Uwe Hünemeier,GER,DF,Paderborn 07,33,1986,13.4,15,1.12,13,0,0,1,0,1,0,0.0,0,0,0,0,0,0,Matches,GER-BL1,19-20
e8fd2e5b,202,Jannik Huth,GER,GK,Paderborn 07,25,1994,6.0,1,0.17,1,0,0,0,0,0,0,0.0,0,0,0,0,0,0,Matches,GER-BL1,19-20
054849d2,203,Iago,BRA,"DF,MF",Augsburg,22,1997,7.5,8,1.07,8,0,0,0,0,0,1,0.13,1,0,0,0,0,0,Matches,GER-BL1,19-20
c3fd9887,204,Vedad Ibišević,BIH,FW,Hertha BSC,34,1984,14.0,32,2.3,28,0,1,3,0,0,3,0.22,3,0,0,0,0,0,Matches,GER-BL1,19-20
e5cad51e,205,Luc Ihorst,GER,FW,Werder Bremen,19,2000,0.1,0,0.0,0,0,0,0,0,0,0,0.0,0,0,0,0,0,0,Matches,GER-BL1,19-20
8494acc4,206,Stefan Ilsanker,AUT,DF,RB Leipzig,30,1989,4.6,5,1.08,4,0,0,1,0,0,0,0.0,0,0,0,0,0,0,Matches,GER-BL1,19-20
8494acc4,207,Stefan Ilsanker,AUT,"DF,MF",Eint Frankfurt,30,1989,9.3,10,1.07,10,0,0,0,0,0,1,0.11,1,0,0,0,0,0,Matches,GER-BL1,19-20
271b8617,208,Marcus Ingvartsen,DEN,"MF,FW",Union Berlin,23,1996,19.1,36,1.89,25,1,2,4,4,0,4,0.21,4,0,0,0,0,0,Matches,GER-BL1,19-20
e6c15f6e,209,Gian-Luca Itter,GER,"DF,MF",Freiburg,20,1999,0.4,0,0.0,0,0,0,0,0,0,0,0.0,0,0,0,0,0,0,Matches,GER-BL1,19-20
a0415710,210,Ismail Jakobs,SEN,"FW,DF",Köln,19,1999,18.6,30,1.61,25,1,2,2,0,0,3,0.16,3,0,0,0,0,0,Matches,GER-BL1,19-20
0fbb73c2,211,Laurent Jans,LUX,DF,Paderborn 07,26,1992,17.5,24,1.37,18,1,2,1,0,2,1,0.06,1,0,0,0,0,0,Matches,GER-BL1,19-20
34b54da7,212,Tony Jantschke,GER,DF,Gladbach,29,1990,11.2,13,1.16,11,0,0,1,0,1,0,0.0,0,0,0,0,0,0,Matches,GER-BL1,19-20
27d2618c,213,Rune Jarstein,NOR,GK,Hertha BSC,34,1984,28.3,8,0.28,4,4,0,0,0,0,0,0.0,0,0,0,0,0,0,Matches,GER-BL1,19-20
6bba916f,214,Dennis Jastrzembski,POL,"MF,FW",Paderborn 07,19,2000,2.0,6,3.03,4,0,0,1,1,0,1,0.51,0,0,0,1,0,0,Matches,GER-BL1,19-20
f820504e,215,Tin Jedvaj,CRO,DF,Augsburg,23,1995,29.3,19,0.65,13,4,0,0,0,2,1,0.03,1,0,0,0,0,0,Matches,GER-BL1,19-20
3eeb80e0,216,Fredrik Jensen,FIN,"MF,FW",Augsburg,21,1997,5.1,11,2.17,8,0,1,1,1,0,2,0.39,1,0,0,1,0,0,Matches,GER-BL1,19-20
76e5da9d,217,Fabian Johnson,USA,"MF,DF",Gladbach,31,1987,3.0,3,1.0,2,0,0,0,1,0,0,0.0,0,0,0,0,0,0,Matches,GER-BL1,19-20
95a24690,218,Dejan Joveljić,SRB,FW,Eint Frankfurt,19,1999,1.7,0,0.0,0,0,0,0,0,0,0,0.0,0,0,0,0,0,0,Matches,GER-BL1,19-20
0db5d2c8,219,Mathias Jørgensen,DEN,DF,Düsseldorf,29,1990,5.5,2,0.36,2,0,0,0,0,0,1,0.18,1,0,0,0,0,0,Matches,GER-BL1,19-20
2d61d13a,220,Ozan Kabak,TUR,DF,Schalke 04,19,2000,19.7,11,0.56,8,0,0,3,0,0,2,0.1,1,0,0,1,0,0,Matches,GER-BL1,19-20
79c90e45,221,Pavel Kadeřábek,CZE,"DF,FW",Hoffenheim,27,1992,27.5,66,2.4,59,2,1,1,3,0,7,0.25,6,0,1,0,0,0,Matches,GER-BL1,19-20
94c18565,222,Florian Kainz,AUT,"FW,MF",Köln,26,1992,17.3,70,4.03,42,22,3,2,1,0,5,0.29,3,2,0,0,0,0,Matches,GER-BL1,19-20
2042d931,223,Salomon Kalou,CIV,"FW,MF",Hertha BSC,33,1985,1.6,0,0.0,0,0,0,0,0,0,0,0.0,0,0,0,0,0,0,Matches,GER-BL1,19-20
15b287da,224,Daichi Kamada,JPN,"MF,FW",Eint Frankfurt,22,1996,21.9,100,4.57,61,19,14,5,1,0,11,0.5,6,3,1,1,0,0,Matches,GER-BL1,19-20
b825a650,225,Kevin Kampl,SVN,MF,RB Leipzig,28,1990,7.5,20,2.67,17,1,0,0,0,2,2,0.27,2,0,0,0,0,0,Matches,GER-BL1,19-20
62ba5881,226,Stefanos Kapino,GRE,GK,Werder Bremen,25,1994,1.0,0,0.0,0,0,0,0,0,0,0,0.0,0,0,0,0,0,0,Matches,GER-BL1,19-20
8f0f2230,227,Kenan Karaman,TUR,"FW,MF",Düsseldorf,25,1994,15.0,41,2.73,27,0,7,4,3,0,1,0.07,1,0,0,0,0,0,Matches,GER-BL1,19-20
23a10591,228,Mamoudou Karamoko,FRA,MF,Wolfsburg,19,1999,0.1,1,10.0,1,0,0,0,0,0,0,0.0,0,0,0,0,0,0,Matches,GER-BL1,19-20
dc2e4736,229,Florian Kastenmeier,GER,GK,Düsseldorf,22,1997,17.0,4,0.24,2,2,0,0,0,0,0,0.0,0,0,0,0,0,0,Matches,GER-BL1,19-20
e27de4fa,230,Noah Katterbach,GER,DF,Köln,18,2001,14.6,26,1.78,19,2,2,0,2,1,1,0.07,0,0,0,0,1,0,Matches,GER-BL1,19-20
d2c580ce,231,Yannik Keitel,GER,MF,Freiburg,19,2000,1.9,2,1.04,2,0,0,0,0,0,0,0.0,0,0,0,0,0,0,Matches,GER-BL1,19-20
099e666f,232,Jonjoe Kenny,ENG,DF,Schalke 04,22,1997,30.2,42,1.39,37,2,0,2,0,1,3,0.1,3,0,0,0,0,0,Matches,GER-BL1,19-20
59e4b92e,233,Rani Khedira,GER,MF,Augsburg,25,1994,29.4,33,1.12,28,0,0,1,1,3,6,0.2,4,0,0,0,1,1,Matches,GER-BL1,19-20
610aa1e9,234,Luca Kilian,GER,DF,Paderborn 07,19,1999,14.0,5,0.36,5,0,0,0,0,0,1,0.07,1,0,0,0,0,0,Matches,GER-BL1,19-20
49296448,235,Joshua Kimmich,GER,"MF,DF",Bayern Munich,24,1995,31.3,145,4.63,89,48,3,3,1,1,21,0.67,15,5,0,1,0,0,Matches,GER-BL1,19-20
15fd5593,236,Davy Klaassen,NED,MF,Werder Bremen,26,1993,32.6,92,2.82,72,3,2,5,5,5,12,0.37,6,0,1,1,2,2,Matches,GER-BL1,19-20
aeda1f69,237,Felix Klaus,GER,"MF,FW",Wolfsburg,26,1992,7.4,20,2.68,13,0,2,1,3,1,2,0.27,1,0,0,0,1,0,Matches,GER-BL1,19-20
ca8033cb,238,Lukas Klostermann,GER,DF,RB Leipzig,23,1996,29.4,37,1.26,32,1,1,2,1,0,6,0.2,5,0,0,1,0,0,Matches,GER-BL1,19-20
92948149,239,Lukas Klünter,GER,DF,Hertha BSC,23,1996,20.9,24,1.15,19,3,2,0,0,0,5,0.24,4,1,0,0,0,0,Matches,GER-BL1,19-20
6bd5cd5d,240,Robin Knoche,GER,DF,Wolfsburg,27,1992,17.7,20,1.13,18,0,1,0,0,1,0,0.0,0,0,0,0,0,0,Matches,GER-BL1,19-20
ea6bc03a,241,Robin Koch,GER,"DF,MF",Freiburg,23,1996,30.1,39,1.3,33,0,1,4,1,0,0,0.0,0,0,0,0,0,0,Matches,GER-BL1,19-20
0fbecd11,242,Dominik Kohr,GER,MF,Eint Frankfurt,25,1994,16.1,50,3.11,37,1,3,5,3,1,7,0.44,5,0,1,1,0,0,Matches,GER-BL1,19-20
5ed9b537,243,Ibrahima Konaté,FRA,DF,RB Leipzig,20,1999,6.3,3,0.47,3,0,0,0,0,0,0,0.0,0,0,0,0,0,0,Matches,GER-BL1,19-20
3861d9cc,244,Pascal Köpke,GER,FW,Hertha BSC,23,1995,1.3,3,2.23,1,0,0,2,0,0,0,0.0,0,0,0,0,0,0,Matches,GER-BL1,19-20
b1cd37e6,245,Filip Kostić,SRB,"DF,FW",Eint Frankfurt,26,1992,32.9,164,4.99,74,51,17,15,6,1,20,0.61,9,8,0,3,0,0,Matches,GER-BL1,19-20
dc366c36,246,Tomáš Koubek,CZE,GK,Augsburg,26,1992,24.0,3,0.12,2,1,0,0,0,0,0,0.0,0,0,0,0,0,0,Matches,GER-BL1,19-20
be5e1c4c,247,Dawid Kownacki,POL,"FW,MF",Düsseldorf,22,1997,12.1,38,3.13,24,1,3,2,7,1,2,0.16,1,0,0,0,1,0,Matches,GER-BL1,19-20
bb25c778,248,Thomas Kraft,GER,GK,Hertha BSC,31,1988,4.0,0,0.0,0,0,0,0,0,0,0,0.0,0,0,0,0,0,0,Matches,GER-BL1,19-20
603cb947,249,Andrej Kramarić,CRO,"FW,MF",Hoffenheim,28,1991,15.8,59,3.73,35,3,7,7,7,0,10,0.63,6,0,2,2,0,0,Matches,GER-BL1,19-20
496aeede,250,Christoph Kramer,GER,MF,Gladbach,28,1991,16.3,22,1.35,20,1,0,1,0,0,0,0.0,0,0,0,0,0,0,Matches,GER-BL1,19-20
9f77012e,251,Tom Krauß,GER,MF,RB Leipzig,18,2001,0.0,0,0.0,0,0,0,0,0,0,0,0.0,0,0,0,0,0,0,Matches,GER-BL1,19-20
4d7faad1,252,Felix Kroos,GER,"MF,DF",Union Berlin,28,1991,4.2,8,1.9,6,0,0,1,1,0,0,0.0,0,0,0,0,0,0,Matches,GER-BL1,19-20
2a29eb9b,253,Lukas Kübler,GER,DF,Freiburg,26,1992,2.3,1,0.43,1,0,0,0,0,0,1,0.43,1,0,0,0,0,0,Matches,GER-BL1,19-20
9ceb7642,254,Pierre Kunde,CMR,MF,Mainz 05,24,1995,20.7,43,2.07,32,2,5,2,2,0,4,0.19,1,0,3,0,0,0,Matches,GER-BL1,19-20
beda9675,255,Ahmed Kutucu,TUR,"FW,MF",Schalke 04,19,2000,7.5,20,2.65,9,0,4,5,2,0,4,0.53,3,0,0,0,1,0,Matches,GER-BL1,19-20
c1b7847c,256,Konrad Laimer,AUT,MF,RB Leipzig,22,1997,23.5,63,2.68,49,0,8,1,3,2,16,0.68,11,0,4,0,0,1,Matches,GER-BL1,19-20
4aea5077,257,Stefan Lainer,AUT,DF,Gladbach,26,1992,30.1,62,2.06,55,3,2,0,2,0,8,0.27,6,0,0,0,2,0,Matches,GER-BL1,19-20
864db10a,258,Michael Lang,SUI,"DF,FW",Werder Bremen,28,1991,6.0,8,1.32,5,0,1,0,2,0,0,0.0,0,0,0,0,0,0,Matches,GER-BL1,19-20
74d70fb5,259,Sebastian Langkamp,GER,DF,Werder Bremen,31,1988,3.5,2,0.57,2,0,0,0,0,0,0,0.0,0,0,0,0,0,0,Matches,GER-BL1,19-20
33b554b7,260,Danny Latza,GER,MF,Mainz 05,29,1989,15.3,35,2.29,27,0,1,2,5,0,4,0.26,2,0,1,0,1,0,Matches,GER-BL1,19-20
b93b7882,261,Mathew Leckie,AUS,"DF,FW",Hertha BSC,28,1991,2.2,2,0.93,1,0,0,0,1,0,1,0.46,1,0,0,0,0,0,Matches,GER-BL1,19-20
364445b2,262,Toni Leistner,GER,DF,Köln,28,1990,11.2,8,0.71,8,0,0,0,0,0,0,0.0,0,0,0,0,0,0,Matches,GER-BL1,19-20
792ffa71,263,Tim Lemperle,GER,MF,Köln,17,2002,0.2,0,0.0,0,0,0,0,0,0,0,0.0,0,0,0,0,0,0,Matches,GER-BL1,19-20
bbd86530,264,Christopher Lenz,GER,"DF,MF",Union Berlin,24,1994,25.2,60,2.38,43,9,4,2,2,0,5,0.2,5,0,0,0,0,0,Matches,GER-BL1,19-20
8d78e732,265,Robert Lewandowski,POL,FW,Bayern Munich,30,1988,30.7,106,3.46,68,1,17,11,9,0,14,0.46,8,0,4,0,2,0,Matches,GER-BL1,19-20
99b1d0e6,266,Stephan Lichtsteiner,SUI,DF,Augsburg,35,1984,14.9,23,1.54,12,10,0,0,1,0,3,0.2,2,1,0,0,0,0,Matches,GER-BL1,19-20
302527b2,267,Philipp Lienhart,AUT,DF,Freiburg,23,1996,20.2,8,0.4,5,0,0,1,2,0,2,0.1,2,0,0,0,0,0,Matches,GER-BL1,19-20
6cc47ae1,268,Jürgen Locadia,CUW,FW,Hoffenheim,25,1993,5.9,14,2.38,6,0,2,4,1,1,2,0.34,0,0,1,1,0,0,Matches,GER-BL1,19-20
7c104bb7,269,Ademola Lookman,NGA,"FW,MF",RB Leipzig,21,1997,3.4,14,4.09,9,1,1,3,0,0,0,0.0,0,0,0,0,0,0,Matches,GER-BL1,19-20
70678132,270,Eduard Löwen,GER,MF,Augsburg,22,1997,7.5,19,2.55,6,8,1,1,3,0,2,0.27,1,1,0,0,0,0,Matches,GER-BL1,19-20
70678132,271,Eduard Löwen,GER,MF,Hertha BSC,22,1997,3.5,1,0.29,1,0,0,0,0,0,0,0.0,0,0,0,0,0,0,Matches,GER-BL1,19-20
3588d4fe,272,Jan Luca Rumpf,GER,DF,Paderborn 07,20,1999,1.0,0,0.0,0,0,0,0,0,0,0,0.0,0,0,0,0,0,0,Matches,GER-BL1,19-20
0c61c77c,273,Dodi Lukebakio,BEL,"FW,MF",Hertha BSC,21,1997,22.6,68,3.01,44,7,10,4,3,0,12,0.53,3,2,4,3,0,0,Matches,GER-BL1,19-20
7fe12375,274,Andreas Luthe,GER,GK,Augsburg,32,1987,10.0,2,0.2,2,0,0,0,0,0,0,0.0,0,0,0,0,0,0,Matches,GER-BL1,19-20
ab700320,275,Arne Maier,GER,MF,Hertha BSC,20,1999,5.9,19,3.2,13,4,1,1,0,0,1,0.17,1,0,0,0,0,0,Matches,GER-BL1,19-20
f3722c97,276,Yunus Mallı,TUR,"MF,FW",Union Berlin,27,1992,7.5,14,1.87,8,0,0,1,5,0,2,0.27,2,0,0,0,0,0,Matches,GER-BL1,19-20
625e41b1,277,Streli Mamba,GER,FW,Paderborn 07,25,1994,16.9,27,1.6,17,1,3,1,4,1,3,0.18,1,0,1,1,0,0,Matches,GER-BL1,19-20
0e0102eb,278,Omar Marmoush,EGY,"MF,FW",Wolfsburg,20,1999,0.9,1,1.11,1,0,0,0,0,0,0,0.0,0,0,0,0,0,0,Matches,GER-BL1,19-20
2f3e911a,279,Aarón Martín,ESP,DF,Mainz 05,22,1997,19.9,54,2.71,30,21,3,0,0,0,1,0.05,1,0,0,0,0,0,Matches,GER-BL1,19-20
7f97771d,280,Javi Martínez,ESP,"DF,MF",Bayern Munich,30,1988,7.5,11,1.46,11,0,0,0,0,0,1,0.13,1,0,0,0,0,0,Matches,GER-BL1,19-20
11fd2b75,281,Omar Mascarell,EQG,MF,Schalke 04,26,1993,22.5,21,0.93,17,1,0,0,0,3,3,0.13,3,0,0,0,0,0,Matches,GER-BL1,19-20
50e6dc35,282,Jean-Philippe Mateta,FRA,FW,Mainz 05,22,1997,11.7,17,1.45,8,0,5,4,0,0,2,0.17,1,0,0,1,0,0,Matches,GER-BL1,19-20
33144cc5,283,Rabbi Matondo,WAL,"FW,MF",Schalke 04,18,2000,12.9,34,2.64,19,0,7,2,5,1,0,0.0,0,0,0,0,0,0,Matches,GER-BL1,19-20
826e8b63,284,Philipp Max,GER,DF,Augsburg,25,1993,30.1,94,3.13,47,40,0,5,2,0,9,0.3,5,2,0,2,0,0,Matches,GER-BL1,19-20
61fc9685,285,Alexandru Maxim,ROU,"MF,DF",Mainz 05,29,1990,1.3,8,6.15,5,3,0,0,0,0,1,0.77,1,0,0,0,0,0,Matches,GER-BL1,19-20
493924a7,286,Kevin Mbabu,SUI,DF,Wolfsburg,24,1995,18.8,48,2.55,30,5,4,3,4,2,8,0.42,2,0,2,1,3,0,Matches,GER-BL1,19-20
01c3aff5,287,Weston McKennie,USA,"MF,DF",Schalke 04,20,1998,23.0,50,2.17,33,1,5,9,1,1,2,0.09,1,0,1,0,0,0,Matches,GER-BL1,19-20
4b6dd263,288,Joshua Mees,GER,"MF,FW",Union Berlin,23,1996,3.6,10,2.78,6,0,2,1,1,0,2,0.56,1,0,0,1,0,0,Matches,GER-BL1,19-20
b500b384,289,Admir Mehmedi,SUI,"MF,FW",Wolfsburg,28,1991,13.3,42,3.15,29,7,0,2,4,0,6,0.45,5,0,0,0,1,0,Matches,GER-BL1,19-20
33340bd6,290,Levent Mercan,GER,"MF,FW",Schalke 04,18,2000,0.8,2,2.54,1,0,0,1,0,0,0,0.0,0,0,0,0,0,0,Matches,GER-BL1,19-20
9f979eb2,291,Jorge Meré,ESP,DF,Köln,22,1997,6.9,6,0.88,6,0,0,0,0,0,0,0.0,0,0,0,0,0,0,Matches,GER-BL1,19-20
1e274a0a,292,Sven Michel,GER,FW,Paderborn 07,29,1990,15.3,38,2.49,27,0,2,6,2,1,6,0.39,4,0,0,2,0,0,Matches,GER-BL1,19-20
ead61f73,293,Juan Miranda,ESP,DF,Schalke 04,19,2000,8.7,16,1.84,13,2,0,0,1,0,0,0.0,0,0,0,0,0,0,Matches,GER-BL1,19-20
88d4144a,294,Maximilian Mittelstädt,GER,"DF,FW",Hertha BSC,22,1997,21.0,48,2.29,35,8,2,1,1,1,6,0.29,1,2,2,1,0,0,Matches,GER-BL1,19-20
34e4343c,295,Anthony Modeste,FRA,FW,Köln,31,1988,12.6,14,1.11,6,0,2,5,1,0,3,0.24,1,0,1,1,0,0,Matches,GER-BL1,19-20
a5ce09f2,296,Kevin Möhwald,GER,MF,Werder Bremen,26,1993,0.8,3,3.65,2,0,0,1,0,0,1,1.22,0,0,0,1,0,0,Matches,GER-BL1,19-20
00844823,297,Niklas Moisander,FIN,DF,Werder Bremen,33,1985,22.0,22,1.0,16,1,2,2,1,0,0,0.0,0,0,0,0,0,0,Matches,GER-BL1,19-20
ff45add5,298,Alfredo Morales,USA,MF,Düsseldorf,29,1990,19.2,41,2.14,32,0,4,1,2,2,5,0.26,3,0,1,0,1,0,Matches,GER-BL1,19-20
e7d22eae,299,Jan Morávek,CZE,MF,Augsburg,29,1989,5.3,10,1.9,10,0,0,0,0,0,1,0.19,1,0,0,0,0,0,Matches,GER-BL1,19-20
5fd5e542,300,Mateu Morey,ESP,"DF,MF",Dortmund,19,2000,2.2,3,1.37,3,0,0,0,0,0,1,0.46,1,0,0,0,0,0,Matches,GER-BL1,19-20
ac73ec79,301,Nordi Mukiele,FRA,"DF,FW",RB Leipzig,21,1997,19.8,41,2.07,33,0,1,3,3,1,5,0.25,4,0,0,1,0,0,Matches,GER-BL1,19-20
cbac6ec9,302,Florian Müller,GER,GK,Mainz 05,21,1997,12.5,1,0.08,1,0,0,0,0,0,0,0.0,0,0,0,0,0,0,Matches,GER-BL1,19-20
3c6089ab,303,Thomas Müller,GER,"MF,FW",Bayern Munich,29,1989,25.1,145,5.79,126,3,3,7,3,3,29,1.16,26,1,1,1,0,0,Matches,GER-BL1,19-20
d01b9ad6,304,Torben Müsel,GER,FW,Gladbach,20,1999,0.0,0,0.0,0,0,0,0,0,0,0,0.0,0,0,0,0,0,0,Matches,GER-BL1,19-20
2c0558b8,305,Jamal Musiala,GER,MF,Bayern Munich,16,2003,0.0,0,0.0,0,0,0,0,0,0,0,0.0,0,0,0,0,0,0,Matches,GER-BL1,19-20
dc29b608,306,Yvon Mvogo,SUI,GK,RB Leipzig,25,1994,2.0,0,0.0,0,0,0,0,0,0,0,0.0,0,0,0,0,0,0,Matches,GER-BL1,19-20
2ff76adc,307,Phillipp Mwene,AUT,DF,Mainz 05,25,1994,3.5,2,0.57,1,1,0,0,0,0,0,0.0,0,0,0,0,0,0,Matches,GER-BL1,19-20
441197b8,308,Obite N'Dicka,CIV,DF,Eint Frankfurt,19,1999,19.1,23,1.2,21,0,1,1,0,0,2,0.1,1,0,0,1,0,0,Matches,GER-BL1,19-20
f35430a4,309,Matija Nastasić,SRB,DF,Schalke 04,26,1993,15.2,4,0.26,2,0,0,2,0,0,0,0.0,0,0,0,0,0,0,Matches,GER-BL1,19-20
8778c910,310,Manuel Neuer,GER,GK,Bayern Munich,33,1986,33.0,2,0.06,2,0,0,0,0,0,0,0.0,0,0,0,0,0,0,Matches,GER-BL1,19-20
36a59ba4,311,Florian Neuhaus,GER,MF,Gladbach,22,1997,26.2,93,3.55,63,6,8,9,5,2,7,0.27,5,0,2,0,0,0,Matches,GER-BL1,19-20
bc249af8,312,Jessic Ngankam,GER,"FW,MF",Hertha BSC,19,2000,0.9,2,2.12,2,0,0,0,0,0,1,1.06,1,0,0,0,0,0,Matches,GER-BL1,19-20
00242715,313,Moussa Niakhate,SEN,DF,Mainz 05,23,1996,33.0,31,0.94,26,2,0,2,1,0,3,0.09,3,0,0,0,0,0,Matches,GER-BL1,19-20
226ddf9d,314,Moritz Nicolas,GER,GK,Union Berlin,21,1997,1.0,1,1.0,1,0,0,0,0,0,0,0.0,0,0,0,0,0,0,Matches,GER-BL1,19-20
d6862409,315,Florian Niederlechner,GER,"FW,MF",Augsburg,28,1990,30.2,73,2.41,37,1,12,8,15,0,12,0.4,6,0,3,1,2,0,Matches,GER-BL1,19-20
7c56da38,316,Christopher Nkunku,FRA,"MF,FW",RB Leipzig,21,1997,21.4,127,5.94,69,34,9,6,8,1,23,1.08,13,6,1,2,1,0,Matches,GER-BL1,19-20
0cc5f4a5,317,Lukas Nmecha,GER,"MF,FW",Wolfsburg,20,1998,1.5,5,3.44,2,0,1,0,2,0,0,0.0,0,0,0,0,0,0,Matches,GER-BL1,19-20
6cafd68d,318,Håvard Nordtveit,NOR,DF,Hoffenheim,29,1990,7.8,6,0.77,4,0,1,1,0,0,2,0.26,1,0,1,0,0,0,Matches,GER-BL1,19-20
afb0c500,319,Alexander Nübel,GER,GK,Schalke 04,22,1996,25.7,4,0.16,2,2,0,0,0,0,0,0.0,0,0,0,0,0,0,Matches,GER-BL1,19-20
93a50d2c,320,Kasim Nuhu,GHA,DF,Düsseldorf,24,1995,11.1,9,0.81,7,0,0,2,0,0,2,0.18,1,0,0,1,0,0,Matches,GER-BL1,19-20
d1661819,321,Bastian Oczipka,GER,DF,Schalke 04,30,1989,33.5,74,2.21,46,25,3,0,0,0,15,0.45,11,3,1,0,0,0,Matches,GER-BL1,19-20
1d1691ad,322,Álvaro Odriozola,ESP,DF,Bayern Munich,23,1995,1.7,6,3.55,6,0,0,0,0,0,0,0.0,0,0,0,0,0,0,Matches,GER-BL1,19-20
1151fb6e,323,Kelvin Ofori,GHA,MF,Düsseldorf,18,2001,0.4,0,0.0,0,0,0,0,0,0,0,0.0,0,0,0,0,0,0,Matches,GER-BL1,19-20
7124239e,324,Kwasi Okyere Wriedt,GHA,FW,Bayern Munich,25,1994,0.2,0,0.0,0,0,0,0,0,0,0,0.0,0,0,0,0,0,0,Matches,GER-BL1,19-20
2b53f7a5,325,Cauly Oliveira Souza,BRA,"MF,FW",Paderborn 07,23,1995,8.0,24,3.02,13,9,1,1,0,0,1,0.13,1,0,0,0,0,0,Matches,GER-BL1,19-20
ae44e8e2,326,Dani Olmo,ESP,"MF,FW",RB Leipzig,21,1998,8.3,27,3.25,22,2,0,2,1,0,1,0.12,0,1,0,0,0,0,Matches,GER-BL1,19-20
f26834c7,327,Karim Onisiwo,AUT,FW,Mainz 05,27,1992,19.2,67,3.49,32,1,16,7,9,2,8,0.42,4,0,0,3,1,0,Matches,GER-BL1,19-20
20030c06,328,Willi Orban,HUN,DF,RB Leipzig,26,1992,9.5,13,1.37,11,0,0,1,0,1,0,0.0,0,0,0,0,0,0,Matches,GER-BL1,19-20
f69fba57,329,Yuya Osako,JPN,"FW,MF",Werder Bremen,29,1990,20.5,70,3.41,51,1,6,7,4,1,4,0.19,2,0,1,1,0,0,Matches,GER-BL1,19-20
1cbe4984,330,Paulo Otávio,BRA,DF,Wolfsburg,24,1994,4.2,17,4.03,13,2,1,0,1,0,2,0.47,2,0,0,0,0,0,Matches,GER-BL1,19-20
8b6e0db2,331,Reece Oxford,ENG,MF,Augsburg,20,1998,4.2,4,0.96,2,0,0,0,1,1,0,0.0,0,0,0,0,0,0,Matches,GER-BL1,19-20
66385c46,332,Levin Öztunalı,GER,"MF,FW",Mainz 05,23,1996,19.8,65,3.29,51,0,6,3,5,0,6,0.3,4,0,1,0,1,0,Matches,GER-BL1,19-20
962e54cb,333,Gonçalo Paciência,POR,FW,Eint Frankfurt,24,1994,14.3,42,2.95,28,1,5,5,3,0,5,0.35,3,0,0,2,0,0,Matches,GER-BL1,19-20
e82adcab,334,Exequiel Palacios,ARG,MF,Leverkusen,20,1998,2.0,4,2.03,3,0,1,0,0,0,0,0.0,0,0,0,0,0,0,Matches,GER-BL1,19-20
3acad81a,335,Michael Parensen,GER,DF,Union Berlin,33,1986,7.0,3,0.43,3,0,0,0,0,0,0,0.0,0,0,0,0,0,0,Matches,GER-BL1,19-20
53070b63,336,Paulinho,BRA,"MF,FW",Leverkusen,19,2000,3.4,13,3.85,8,0,3,1,1,0,4,1.18,2,0,2,0,0,0,Matches,GER-BL1,19-20
45a03961,337,Benjamin Pavard,FRA,DF,Bayern Munich,23,1996,31.0,48,1.55,40,2,0,3,1,2,7,0.23,7,0,0,0,0,0,Matches,GER-BL1,19-20
0a1cb833,338,Jiří Pavlenka,CZE,GK,Werder Bremen,27,1992,33.0,6,0.18,4,2,0,0,0,0,0,0.0,0,0,0,0,0,0,Matches,GER-BL1,19-20
582a5247,339,Mads Pedersen,DEN,DF,Augsburg,22,1996,1.1,3,2.81,2,0,0,0,0,1,1,0.94,1,0,0,0,0,0,Matches,GER-BL1,19-20
c18d22f5,340,Peter Pekarík,SVK,"DF,FW",Hertha BSC,32,1986,8.5,13,1.52,11,1,0,0,1,0,2,0.23,1,0,0,0,1,0,Matches,GER-BL1,19-20
c41f7379,341,Philipp Pentke,GER,GK,Hoffenheim,34,1985,4.0,1,0.25,1,0,0,0,0,0,0,0.0,0,0,0,0,0,0,Matches,GER-BL1,19-20
6fe90922,342,Ivan Perišić,CRO,"FW,MF",Bayern Munich,30,1989,13.4,38,2.83,28,3,3,3,1,0,6,0.45,6,0,0,0,0,0,Matches,GER-BL1,19-20
c89e8aae,343,Pavao Pervan,AUT,GK,Wolfsburg,31,1987,8.0,3,0.37,2,1,0,0,0,0,0,0.0,0,0,0,0,0,0,Matches,GER-BL1,19-20
f93e6e94,344,Nils Petersen,GER,"FW,MF",Freiburg,30,1988,27.1,59,2.18,50,0,3,4,2,0,7,0.26,5,0,2,0,0,0,Matches,GER-BL1,19-20
17f3620a,345,Krzysztof Piątek,POL,FW,Hertha BSC,24,1995,10.1,22,2.18,11,0,4,3,3,1,3,0.3,1,0,1,0,1,0,Matches,GER-BL1,19-20
64ba07c0,346,Ronaël Pierre-Gabriel,FRA,DF,Mainz 05,21,1998,6.4,10,1.57,7,1,0,0,1,1,1,0.16,1,0,0,0,0,0,Matches,GER-BL1,19-20
fe2db476,347,Łukasz Piszczek,POL,DF,Dortmund,34,1985,23.4,22,0.94,21,1,0,0,0,0,4,0.17,4,0,0,0,0,0,Matches,GER-BL1,19-20
54b6ee79,348,Claudio Pizarro,PER,"FW,MF",Werder Bremen,40,1978,2.6,9,3.46,8,0,0,0,1,0,0,0.0,0,0,0,0,0,0,Matches,GER-BL1,19-20
f7aa75bd,349,Marvin Plattenhardt,GER,DF,Hertha BSC,27,1992,15.5,43,2.77,18,19,0,2,3,1,7,0.45,4,3,0,0,0,0,Matches,GER-BL1,19-20
bc6bd723,350,Alassane Pléa,FRA,FW,Gladbach,26,1993,23.8,88,3.7,62,0,10,9,6,1,13,0.55,10,0,0,2,1,0,Matches,GER-BL1,19-20
1748c9f7,351,Thomas Pledl,GER,"MF,FW",Düsseldorf,25,1994,1.0,2,1.98,1,0,1,0,0,0,0,0.0,0,0,0,0,0,0,Matches,GER-BL1,19-20
ea003d07,352,Joel Pohjanpalo,FIN,MF,Leverkusen,24,1994,0.0,0,0.0,0,0,0,0,0,0,0,0.0,0,0,0,0,0,0,Matches,GER-BL1,19-20
3745e8bd,353,Sebastian Polter,GER,FW,Union Berlin,28,1991,3.7,14,3.76,11,0,0,2,1,0,3,0.81,2,0,0,0,1,0,Matches,GER-BL1,19-20
2a6cd437,354,Marin Pongračić,CRO,DF,Wolfsburg,21,1997,10.3,8,0.78,7,0,1,0,0,0,0,0.0,0,0,0,0,0,0,Matches,GER-BL1,19-20
7f609bfc,355,Stefan Posch,AUT,DF,Hoffenheim,22,1997,25.6,24,0.94,14,1,2,5,2,0,2,0.08,1,0,0,1,0,0,Matches,GER-BL1,19-20
d2416c2e,356,Yussuf Poulsen,DEN,FW,RB Leipzig,25,1994,13.6,40,2.95,29,1,3,5,2,0,12,0.88,7,1,1,2,1,0,Matches,GER-BL1,19-20
8a080a61,357,Kai Pröger,GER,"MF,FW",Paderborn 07,27,1992,23.1,91,3.94,30,27,17,8,8,1,10,0.43,5,2,1,0,2,0,Matches,GER-BL1,19-20
924f9191,358,Grischa Prömel,GER,MF,Union Berlin,24,1995,10.3,20,1.95,12,0,2,1,3,2,0,0.0,0,0,0,0,0,0,Matches,GER-BL1,19-20
74c7c2db,359,Robin Quaison,SWE,"FW,MF",Mainz 05,25,1993,28.9,70,2.42,48,1,10,6,3,2,6,0.21,4,0,2,0,0,0,Matches,GER-BL1,19-20
791af558,360,Raffael,BRA,"MF,FW",Gladbach,34,1985,0.7,10,14.06,2,2,1,3,2,0,0,0.0,0,0,0,0,0,0,Matches,GER-BL1,19-20
867501bf,361,Benito Raman,BEL,FW,Schalke 04,24,1994,17.8,27,1.52,18,0,4,3,2,0,3,0.17,3,0,0,0,0,0,Matches,GER-BL1,19-20
bd992863,362,Tobias Raschl,GER,MF,Dortmund,19,2000,0.3,0,0.0,0,0,0,0,0,0,0,0.0,0,0,0,0,0,0,Matches,GER-BL1,19-20
6c6a3300,363,Milot Rashica,KVX,FW,Werder Bremen,23,1996,25.2,89,3.54,46,12,16,8,7,0,11,0.44,6,1,2,2,0,0,Matches,GER-BL1,19-20
536cebe5,364,Ante Rebić,CRO,"FW,MF",Eint Frankfurt,25,1993,1.0,5,5.0,4,0,1,0,0,0,0,0.0,0,0,0,0,0,0,Matches,GER-BL1,19-20
16b4260e,365,Daishawn Redan,NED,MF,Hertha BSC,18,2001,0.2,0,0.0,0,0,0,0,0,0,0,0.0,0,0,0,0,0,0,Matches,GER-BL1,19-20
b1823b08,366,Fabian Reese,GER,FW,Schalke 04,21,1997,1.0,2,2.09,2,0,0,0,0,0,0,0.0,0,0,0,0,0,0,Matches,GER-BL1,19-20
e881ed15,367,Ken Reichel,GER,DF,Union Berlin,32,1986,5.9,8,1.35,4,1,0,1,2,0,1,0.17,1,0,0,0,0,0,Matches,GER-BL1,19-20
3376a776,368,Karim Rekik,NED,DF,Hertha BSC,24,1994,14.0,10,0.71,8,0,0,2,0,0,3,0.21,1,0,0,2,0,0,Matches,GER-BL1,19-20
4bd00a50,369,Panagiotis Retsos,GRE,DF,Leverkusen,20,1998,1.3,1,0.78,1,0,0,0,0,0,0,0.0,0,0,0,0,0,0,Matches,GER-BL1,19-20
36a3ff67,370,Marco Reus,GER,"MF,FW",Dortmund,30,1989,16.6,56,3.37,42,4,2,5,3,0,9,0.54,8,0,0,0,1,0,Matches,GER-BL1,19-20
1ae836b1,371,Elvis Rexhbeçaj,GER,MF,Köln,21,1997,6.9,21,3.04,12,3,2,3,0,1,7,1.01,5,1,0,1,0,0,Matches,GER-BL1,19-20
7fa4e703,372,Gio Reyna,USA,"MF,FW",Dortmund,16,2002,3.9,18,4.58,14,0,1,0,3,0,4,1.02,4,0,0,0,0,0,Matches,GER-BL1,19-20
607d64c6,373,Lucas Ribeiro,BRA,MF,Hoffenheim,20,1999,0.7,2,2.77,0,0,0,0,1,1,0,0.0,0,0,0,0,0,0,Matches,GER-BL1,19-20
0a3d6d2b,374,Chris Richards,USA,DF,Bayern Munich,19,2000,0.1,0,0.0,0,0,0,0,0,0,0,0.0,0,0,0,0,0,0,Matches,GER-BL1,19-20
f972644c,375,Marco Richter,GER,"MF,FW",Augsburg,21,1997,25.3,53,2.09,34,1,10,3,5,0,7,0.28,3,0,1,0,3,0,Matches,GER-BL1,19-20
140afefb,376,Marcel Risse,GER,"MF,FW",Köln,29,1989,1.5,8,5.45,4,4,0,0,0,0,2,1.36,0,2,0,0,0,0,Matches,GER-BL1,19-20
ce2c51c0,377,Marlon Ritter,GER,MF,Paderborn 07,24,1994,4.8,23,4.76,13,6,2,1,1,0,4,0.83,3,0,0,1,0,0,Matches,GER-BL1,19-20
e12b0b5b,378,Sebastian Rode,GER,MF,Eint Frankfurt,28,1990,21.5,59,2.74,44,6,1,1,4,3,8,0.37,4,2,0,0,0,2,Matches,GER-BL1,19-20
13203c45,379,Jérôme Roussillon,FRA,DF,Wolfsburg,26,1993,26.3,51,1.94,41,0,6,0,2,2,5,0.19,4,0,1,0,0,0,Matches,GER-BL1,19-20
80f36c88,380,Sebastian Rudy,GER,"MF,DF",Hoffenheim,29,1990,30.4,105,3.46,75,16,2,3,6,3,11,0.36,9,1,0,0,0,1,Matches,GER-BL1,19-20
3faa1780,381,Lukas Rupp,GER,MF,Hoffenheim,28,1991,3.8,9,2.38,8,0,0,1,0,0,1,0.26,1,0,0,0,0,0,Matches,GER-BL1,19-20
009a4f60,382,Julian Ryerson,NOR,"DF,MF",Union Berlin,21,1997,4.1,6,1.47,2,2,0,0,2,0,0,0.0,0,0,0,0,0,0,Matches,GER-BL1,19-20
a70b8345,383,Frederik Rønnow,DEN,GK,Eint Frankfurt,26,1992,9.0,0,0.0,0,0,0,0,0,0,0,0.0,0,0,0,0,0,0,Matches,GER-BL1,19-20
1a1033a1,384,João Victor Santos Sá,BRA,"MF,FW",Wolfsburg,25,1994,18.1,41,2.27,28,1,4,5,3,0,4,0.22,3,0,1,0,0,0,Matches,GER-BL1,19-20
4830e0af,385,Abdelhamid Sabiri,MAR,MF,Paderborn 07,22,1996,11.6,36,3.09,22,2,4,3,5,0,3,0.26,2,0,1,0,0,0,Matches,GER-BL1,19-20
e280527c,386,Marcel Sabitzer,AUT,"MF,FW",RB Leipzig,25,1994,27.8,117,4.21,98,8,1,5,2,3,12,0.43,10,0,0,1,1,0,Matches,GER-BL1,19-20
f4081572,387,Nuri Şahin,TUR,MF,Werder Bremen,30,1988,13.9,51,3.67,28,20,1,0,0,2,4,0.29,2,2,0,0,0,0,Matches,GER-BL1,19-20
bf075f6b,388,Roland Sallai,HUN,"MF,FW",Freiburg,22,1997,12.9,42,3.26,28,0,5,2,7,0,4,0.31,2,0,0,0,2,0,Matches,GER-BL1,19-20
217c93a1,389,Lazar Samardzic,SRB,"MF,FW",Hertha BSC,17,2002,0.4,0,0.0,0,0,0,0,0,0,0,0.0,0,0,0,0,0,0,Matches,GER-BL1,19-20
08593525,390,Diadie Samassékou,MLI,MF,Hoffenheim,23,1996,14.6,16,1.1,16,0,0,0,0,0,3,0.21,3,0,0,0,0,0,Matches,GER-BL1,19-20
032f894e,391,Renato Sanches,POR,MF,Bayern Munich,21,1997,0.1,0,0.0,0,0,0,0,0,0,0,0.0,0,0,0,0,0,0,Matches,GER-BL1,19-20
dbf053da,392,Jadon Sancho,ENG,"FW,MF",Dortmund,19,2000,25.4,128,5.04,96,13,10,6,2,1,32,1.26,26,2,2,2,0,0,Matches,GER-BL1,19-20
791abba1,393,Salif Sané,SEN,DF,Schalke 04,28,1990,12.5,5,0.4,4,0,0,0,1,0,1,0.08,1,0,0,0,0,0,Matches,GER-BL1,19-20
1c96ad85,394,Marcelo Saracchi,URU,DF,RB Leipzig,21,1998,2.0,4,2.01,4,0,0,0,0,0,0,0.0,0,0,0,0,0,0,Matches,GER-BL1,19-20
a8d4428b,395,Josh Sargent,USA,FW,Werder Bremen,19,2000,15.7,34,2.16,21,0,4,6,2,1,10,0.64,5,0,2,3,0,0,Matches,GER-BL1,19-20
b50ec54b,396,Louis Schaub,AUT,MF,Köln,24,1994,6.9,30,4.33,15,5,6,0,3,1,1,0.14,1,0,0,0,0,0,Matches,GER-BL1,19-20
5d4f7d61,397,Patrik Schick,CZE,FW,RB Leipzig,23,1996,14.4,38,2.64,22,0,6,7,3,0,4,0.28,1,0,2,1,0,0,Matches,GER-BL1,19-20
37c213cf,398,Julian Schieber,GER,FW,Augsburg,30,1989,0.5,2,4.29,1,0,0,1,0,0,0,0.0,0,0,0,0,0,0,Matches,GER-BL1,19-20
bd527260,399,Kingsley Schindler,GHA,"FW,MF",Köln,26,1993,9.4,21,2.23,17,0,2,2,0,0,3,0.32,2,0,1,0,0,0,Matches,GER-BL1,19-20
8f056768,400,Xaver Schlager,AUT,MF,Wolfsburg,21,1997,19.1,40,2.09,30,0,4,2,3,1,4,0.21,4,0,0,0,0,0,Matches,GER-BL1,19-20
f6bdc830,401,Keven Schlotterbeck,GER,DF,Union Berlin,22,1997,21.5,8,0.37,4,1,1,0,2,0,0,0.0,0,0,0,0,0,0,Matches,GER-BL1,19-20
34e12499,402,Nico Schlotterbeck,GER,DF,Freiburg,19,1999,4.1,6,1.45,5,0,0,0,1,0,0,0.0,0,0,0,0,0,0,Matches,GER-BL1,19-20
89565ac5,403,Marcel Schmelzer,GER,DF,Dortmund,31,1988,0.7,3,4.09,3,0,0,0,0,0,1,1.36,1,0,0,0,0,0,Matches,GER-BL1,19-20
088ca1bd,404,Jonathan Schmid,FRA,DF,Freiburg,29,1990,31.5,81,2.57,52,13,2,6,8,0,3,0.1,1,0,0,2,0,0,Matches,GER-BL1,19-20
d8f5dc3d,405,Manuel Schmiedebach,GER,MF,Union Berlin,30,1988,2.0,2,1.01,2,0,0,0,0,0,0,0.0,0,0,0,0,0,0,Matches,GER-BL1,19-20
ad00b1a8,406,Benno Schmitz,GER,DF,Köln,24,1994,12.9,28,2.17,27,1,0,0,0,0,1,0.08,1,0,0,0,0,0,Matches,GER-BL1,19-20
efd623db,407,Sebastian Schonlau,GER,DF,Paderborn 07,24,1994,23.0,22,0.96,16,0,0,2,2,2,1,0.04,1,0,0,0,0,0,Matches,GER-BL1,19-20
106bca06,408,Alessandro Schöpf,AUT,MF,Schalke 04,25,1994,15.9,34,2.14,25,2,3,0,3,1,3,0.19,1,1,0,0,1,0,Matches,GER-BL1,19-20
289b90cd,409,Markus Schubert,GER,GK,Schalke 04,21,1998,8.2,4,0.49,3,1,0,0,0,0,0,0.0,0,0,0,0,0,0,Matches,GER-BL1,19-20
fa274d97,410,Nico Schulz,GER,"DF,MF",Dortmund,26,1993,6.6,11,1.67,6,1,2,1,0,1,2,0.3,2,0,0,0,0,0,Matches,GER-BL1,19-20
0d55d942,411,Alexander Schwolow,GER,GK,Freiburg,27,1992,23.2,2,0.09,1,1,0,0,0,0,0,0.0,0,0,0,0,0,0,Matches,GER-BL1,19-20
1238a3f9,412,Davie Selke,GER,FW,Hertha BSC,24,1995,10.7,18,1.69,8,0,0,1,9,0,1,0.09,1,0,0,0,0,0,Matches,GER-BL1,19-20
1238a3f9,413,Davie Selke,GER,FW,Werder Bremen,24,1995,5.1,8,1.56,6,0,2,0,0,0,0,0.0,0,0,0,0,0,0,Matches,GER-BL1,19-20
b3325a30,414,Suat Serdar,GER,MF,Schalke 04,22,1997,17.8,35,1.97,25,0,4,1,3,2,3,0.17,3,0,0,0,0,0,Matches,GER-BL1,19-20
f935709c,415,Khiry Shelton,USA,FW,Paderborn 07,26,1993,0.4,2,5.45,1,0,0,0,1,0,0,0.0,0,0,0,0,0,0,Matches,GER-BL1,19-20
3effaa34,416,André Silva,POR,FW,Eint Frankfurt,23,1995,17.5,62,3.54,47,0,6,3,5,1,5,0.29,2,0,1,1,1,0,Matches,GER-BL1,19-20
4ba886c6,417,Sarpreet Singh,NZL,"FW,MF",Bayern Munich,20,1999,0.8,2,2.5,2,0,0,0,0,0,0,0.0,0,0,0,0,0,0,Matches,GER-BL1,19-20
73000a79,418,Daley Sinkgraven,NED,"DF,MF",Leverkusen,24,1995,10.1,18,1.78,16,1,1,0,0,0,1,0.1,1,0,0,0,0,0,Matches,GER-BL1,19-20
c2211709,419,Ellyes Skhiri,TUN,MF,Köln,24,1995,29.7,62,2.09,49,0,3,5,0,5,10,0.34,7,0,1,2,0,0,Matches,GER-BL1,19-20
ff98492b,420,Robert Skov,DEN,"DF,FW",Hoffenheim,23,1996,29.0,98,3.38,45,32,8,7,5,1,10,0.35,4,1,1,3,0,1,Matches,GER-BL1,19-20
58ce23e5,421,Steven Skrzybski,GER,"FW,MF",Düsseldorf,26,1992,5.9,12,2.04,8,0,0,0,2,2,2,0.34,2,0,0,0,0,0,Matches,GER-BL1,19-20
45f6f52b,422,Dennis Smarsch,GER,GK,Hertha BSC,20,1999,1.7,0,0.0,0,0,0,0,0,0,0,0.0,0,0,0,0,0,0,Matches,GER-BL1,19-20
c46607bf,423,Lasse Sobiech,GER,DF,Köln,28,1991,1.0,1,1.0,1,0,0,0,0,0,0,0.0,0,0,0,0,0,0,Matches,GER-BL1,19-20
664590fa,424,Marcel Sobottka,GER,MF,Düsseldorf,25,1994,7.8,5,0.64,3,0,0,1,1,0,1,0.13,0,0,0,1,0,0,Matches,GER-BL1,19-20
420c18a1,425,Yann Sommer,SUI,GK,Gladbach,30,1988,34.0,3,0.09,3,0,0,0,0,0,0,0.0,0,0,0,0,0,0,Matches,GER-BL1,19-20
4c6facae,426,Djibril Sow,SUI,MF,Eint Frankfurt,22,1997,19.4,53,2.73,42,3,2,1,4,1,5,0.26,3,0,0,1,1,0,Matches,GER-BL1,19-20
1fdec858,427,Dennis Srbeny,GER,"FW,MF",Paderborn 07,25,1994,12.4,32,2.57,20,1,5,1,5,0,1,0.08,1,0,0,0,0,0,Matches,GER-BL1,19-20
90339309,428,Jerry St. Juste,NED,DF,Mainz 05,22,1996,23.5,15,0.64,12,0,0,2,1,0,2,0.09,1,0,0,1,0,0,Matches,GER-BL1,19-20
861e0116,429,Kostas Stafylidis,GRE,DF,Hoffenheim,25,1993,4.4,14,3.17,11,1,0,2,0,0,1,0.23,1,0,0,0,0,0,Matches,GER-BL1,19-20
5939baa2,430,Benjamin Stambouli,FRA,DF,Schalke 04,28,1990,9.0,5,0.56,3,0,0,0,0,2,0,0.0,0,0,0,0,0,0,Matches,GER-BL1,19-20
aad48be9,431,Niklas Stark,GER,DF,Hertha BSC,24,1995,19.2,15,0.78,12,0,0,2,0,1,0,0.0,0,0,0,0,0,0,Matches,GER-BL1,19-20
dd669209,432,Renato Steffen,SUI,"MF,FW",Wolfsburg,27,1991,17.6,48,2.72,34,2,4,2,4,2,6,0.34,4,0,2,0,0,0,Matches,GER-BL1,19-20
42130443,433,Zack Steffen,USA,GK,Düsseldorf,24,1995,17.0,6,0.35,2,4,0,0,0,0,1,0.06,0,1,0,0,0,0,Matches,GER-BL1,19-20
7cd6badb,434,Lars Stindl,GER,"MF,FW",Gladbach,30,1988,15.9,69,4.33,56,1,5,1,5,1,14,0.88,11,0,2,0,1,0,Matches,GER-BL1,19-20
e5649a78,435,Kevin Stöger,AUT,MF,Düsseldorf,25,1993,14.1,66,4.68,42,14,3,2,5,0,8,0.57,6,1,0,1,0,0,Matches,GER-BL1,19-20
17780d2b,436,Tobias Strobl,GER,"MF,DF",Gladbach,29,1990,6.8,6,0.88,5,0,0,0,0,1,1,0.15,0,0,0,0,0,1,Matches,GER-BL1,19-20
9c2394c9,437,Christian Strohdiek,GER,DF,Paderborn 07,31,1988,15.1,19,1.25,14,2,0,2,0,1,2,0.13,1,0,0,1,0,0,Matches,GER-BL1,19-20
821233cc,438,Neven Subotić,SRB,DF,Union Berlin,30,1988,21.8,17,0.78,14,0,0,2,0,1,3,0.14,3,0,0,0,0,0,Matches,GER-BL1,19-20
c5224618,439,Marek Suchý,CZE,DF,Augsburg,31,1988,4.4,0,0.0,0,0,0,0,0,0,0,0.0,0,0,0,0,0,0,Matches,GER-BL1,19-20
e33c06cf,440,Niklas Süle,GER,DF,Bayern Munich,23,1995,7.1,6,0.84,6,0,0,0,0,0,2,0.28,2,0,0,0,0,0,Matches,GER-BL1,19-20
7391c2d9,441,Markus Suttner,AUT,DF,Düsseldorf,32,1987,14.9,40,2.69,26,8,0,4,1,1,4,0.27,4,0,0,0,0,0,Matches,GER-BL1,19-20
53e07d0b,442,Ádám Szalai,HUN,FW,Mainz 05,31,1987,12.7,32,2.52,23,0,3,4,2,0,3,0.24,2,0,0,1,0,0,Matches,GER-BL1,19-20
bd142efb,443,Jonathan Tah,GER,DF,Leverkusen,23,1996,23.2,19,0.82,17,1,0,1,0,0,3,0.13,3,0,0,0,0,0,Matches,GER-BL1,19-20
a73c8f95,444,Edmond Tapsoba,BFA,DF,Leverkusen,20,1999,11.8,8,0.68,6,0,0,0,0,2,0,0.0,0,0,0,0,0,0,Matches,GER-BL1,19-20
c8cfb04d,445,Georg Teigl,AUT,"DF,MF",Augsburg,28,1991,1.2,1,0.81,1,0,0,0,0,0,0,0.0,0,0,0,0,0,0,Matches,GER-BL1,19-20
7bf8ad6c,446,Bernard Tekpetey,GHA,"FW,MF",Düsseldorf,21,1997,5.0,15,3.01,9,1,1,1,3,0,1,0.2,1,0,0,0,0,0,Matches,GER-BL1,19-20
4e3a947f,447,Lino Tempelmann,GER,MF,Freiburg,20,1999,0.4,0,0.0,0,0,0,0,0,0,0,0.0,0,0,0,0,0,0,Matches,GER-BL1,19-20
863ff1ee,448,Simon Terodde,GER,FW,Köln,31,1988,9.0,17,1.88,13,0,0,2,2,0,3,0.33,3,0,0,0,0,0,Matches,GER-BL1,19-20
ff5ea0bf,449,Malick Thiaw,GER,DF,Schalke 04,17,2001,0.8,0,0.0,0,0,0,0,0,0,0,0.0,0,0,0,0,0,0,Matches,GER-BL1,19-20
cac55e10,450,Niclas Thiede,GER,GK,Freiburg,20,1999,0.8,0,0.0,0,0,0,0,0,0,0,0.0,0,0,0,0,0,0,Matches,GER-BL1,19-20
fd53759d,451,Jan Thielmann,GER,"FW,MF",Köln,17,2002,6.2,5,0.81,5,0,0,0,0,0,1,0.16,1,0,0,0,0,0,Matches,GER-BL1,19-20
df8e7b62,452,Erik Thommy,GER,"MF,FW",Düsseldorf,24,1994,25.1,100,3.98,47,19,15,6,13,0,14,0.56,6,4,3,0,1,0,Matches,GER-BL1,19-20
6f8cd6d0,453,Marcus Thuram,FRA,FW,Gladbach,21,1997,24.5,79,3.23,47,0,13,4,15,0,12,0.49,7,0,4,0,1,0,Matches,GER-BL1,19-20
45954ec7,454,Marcel Tisserand,COD,DF,Wolfsburg,26,1993,13.4,14,1.05,14,0,0,0,0,0,1,0.07,1,0,0,0,0,0,Matches,GER-BL1,19-20
88f130ed,455,Jean-Clair Todibo,FRA,DF,Schalke 04,19,1999,4.1,2,0.49,2,0,0,0,0,0,0,0.0,0,0,0,0,0,0,Matches,GER-BL1,19-20
652d4c37,456,Corentin Tolisso,FRA,MF,Bayern Munich,24,1994,7.1,35,4.95,32,0,0,2,1,0,8,1.13,7,0,0,0,1,0,Matches,GER-BL1,19-20
c5fd13e9,457,Ömer Toprak,TUR,DF,Werder Bremen,30,1989,7.9,6,0.76,6,0,0,0,0,0,0,0.0,0,0,0,0,0,0,Matches,GER-BL1,19-20
0e4fef6e,458,Lucas Torró,ESP,MF,Eint Frankfurt,25,1994,3.7,5,1.36,2,0,1,1,1,0,0,0.0,0,0,0,0,0,0,Matches,GER-BL1,19-20
f86cabbd,459,Jordan Torunarigha,GER,DF,Hertha BSC,21,1997,16.2,19,1.17,17,0,1,1,0,0,2,0.12,2,0,0,0,0,0,Matches,GER-BL1,19-20
c8c60119,460,Almamy Touré,MLI,DF,Eint Frankfurt,23,1996,16.6,40,2.41,35,0,0,4,0,1,6,0.36,5,0,0,1,0,0,Matches,GER-BL1,19-20
096a77c4,461,Ibrahima Traoré,GUI,"FW,MF",Gladbach,31,1988,1.7,8,4.74,7,0,1,0,0,0,1,0.59,1,0,0,0,0,0,Matches,GER-BL1,19-20
ce17b5eb,462,Kevin Trapp,GER,GK,Eint Frankfurt,29,1990,22.0,3,0.14,3,0,0,0,0,0,0,0.0,0,0,0,0,0,0,Matches,GER-BL1,19-20
056d2d95,463,Christopher Trimmel,AUT,"DF,MF",Union Berlin,32,1987,31.8,98,3.08,33,62,2,1,0,0,9,0.28,1,8,0,0,0,0,Matches,GER-BL1,19-20
99be8fb5,464,Anthony Ujah,NGA,"FW,MF",Union Berlin,28,1990,10.5,23,2.18,20,0,0,2,0,1,6,0.57,3,0,0,2,0,1,Matches,GER-BL1,19-20
7d3e7da6,465,Sven Ulreich,GER,GK,Bayern Munich,30,1988,1.0,0,0.0,0,0,0,0,0,0,0,0.0,0,0,0,0,0,0,Matches,GER-BL1,19-20
d248cd8f,466,Dayot Upamecano,FRA,DF,RB Leipzig,20,1998,26.2,33,1.26,29,0,0,3,1,0,4,0.15,3,0,0,1,0,0,Matches,GER-BL1,19-20
a3ddb1b9,467,Mark Uth,GER,"MF,FW",Köln,27,1991,12.9,58,4.49,28,11,4,7,7,1,10,0.77,4,1,1,1,3,0,Matches,GER-BL1,19-20
a3ddb1b9,468,Mark Uth,GER,"FW,MF",Schalke 04,27,1991,3.9,5,1.27,4,0,0,1,0,0,0,0.0,0,0,0,0,0,0,Matches,GER-BL1,19-20
6ecbddf6,469,Ruben Vargas,SUI,"FW,MF",Augsburg,20,1998,28.1,75,2.67,47,2,9,8,8,1,6,0.21,4,0,0,0,2,0,Matches,GER-BL1,19-20
d3112d86,470,Sebastian Vasiliadis,GRE,MF,Paderborn 07,21,1997,31.2,69,2.21,56,1,7,2,2,1,3,0.1,3,0,0,0,0,0,Matches,GER-BL1,19-20
a5ae8f8e,471,Miloš Veljković,SRB,DF,Werder Bremen,23,1995,22.8,17,0.75,16,1,0,0,0,0,4,0.18,4,0,0,0,0,0,Matches,GER-BL1,19-20
28eaa0f3,472,Birger Verstraete,BEL,MF,Köln,25,1994,7.4,17,2.3,6,11,0,0,0,0,1,0.14,0,1,0,0,0,0,Matches,GER-BL1,19-20
1d8e9add,473,Kevin Vogt,GER,DF,Hoffenheim,27,1991,10.7,5,0.47,5,0,0,0,0,0,0,0.0,0,0,0,0,0,0,Matches,GER-BL1,19-20
1d8e9add,474,Kevin Vogt,GER,"DF,MF",Werder Bremen,27,1991,12.3,7,0.57,7,0,0,0,0,0,0,0.0,0,0,0,0,0,0,Matches,GER-BL1,19-20
64f69877,475,Kevin Volland,GER,FW,Leverkusen,27,1992,22.7,77,3.39,54,1,9,11,1,1,15,0.66,10,0,3,2,0,0,Matches,GER-BL1,19-20
e5a35ae9,476,Luca Waldschmidt,GER,"FW,MF",Freiburg,23,1996,14.1,42,2.98,26,1,6,5,4,0,4,0.28,2,0,1,0,1,0,Matches,GER-BL1,19-20
c4e87b8b,477,Wout Weghorst,NED,FW,Wolfsburg,26,1992,30.4,93,3.06,70,1,2,10,9,1,10,0.33,7,0,1,1,1,0,Matches,GER-BL1,19-20
346d51d9,478,Julian Weigl,GER,"MF,DF",Dortmund,23,1995,11.3,14,1.24,12,1,0,1,0,0,1,0.09,0,1,0,0,0,0,Matches,GER-BL1,19-20
30c220c3,479,Mitchell Weiser,GER,"DF,MF",Leverkusen,25,1994,13.0,21,1.61,15,2,0,0,3,1,1,0.08,1,0,0,0,0,0,Matches,GER-BL1,19-20
f9acca3a,480,Wendell,BRA,"DF,MF",Leverkusen,26,1993,21.1,31,1.47,25,2,0,0,1,3,7,0.33,5,0,0,0,1,1,Matches,GER-BL1,19-20
b69261a0,481,Oscar Wendt,SWE,DF,Gladbach,33,1985,18.7,33,1.77,25,8,0,0,0,0,6,0.32,3,3,0,0,0,0,Matches,GER-BL1,19-20
49fe9070,482,Timo Werner,GER,FW,RB Leipzig,23,1996,31.1,122,3.93,83,0,24,11,4,0,24,0.77,15,0,7,0,2,0,Matches,GER-BL1,19-20
e2d34771,483,Felix Wiedwald,GER,GK,Eint Frankfurt,29,1990,3.0,0,0.0,0,0,0,0,0,0,0,0.0,0,0,0,0,0,0,Matches,GER-BL1,19-20
d4d0a9ad,484,William,BRA,DF,Wolfsburg,24,1995,15.2,33,2.18,20,5,3,1,4,0,4,0.26,2,0,0,0,2,0,Matches,GER-BL1,19-20
e7fcf289,485,Florian Wirtz,GER,FW,Leverkusen,16,2003,4.1,8,1.96,5,0,2,0,0,1,1,0.25,0,0,0,0,0,1,Matches,GER-BL1,19-20
5dfc6ad5,486,Axel Witsel,BEL,MF,Dortmund,30,1989,24.9,32,1.28,28,0,1,2,1,0,8,0.32,7,0,0,1,0,0,Matches,GER-BL1,19-20
be42a291,487,Hannes Wolf,AUT,"FW,MF",RB Leipzig,20,1999,0.6,2,3.1,2,0,0,0,0,0,0,0.0,0,0,0,0,0,0,Matches,GER-BL1,19-20
fa661778,488,Marius Wolf,GER,"FW,MF",Hertha BSC,24,1995,15.7,40,2.55,33,0,3,2,2,0,6,0.38,4,0,0,1,1,0,Matches,GER-BL1,19-20
7ca196eb,489,Nick Woltemade,GER,"FW,MF",Werder Bremen,17,2002,1.0,2,1.96,2,0,0,0,0,0,0,0.0,0,0,0,0,0,0,Matches,GER-BL1,19-20
a4effc55,490,Dan-Axel Zagadou,FRA,DF,Dortmund,20,1999,10.9,9,0.82,8,0,0,0,0,1,1,0.09,1,0,0,0,0,0,Matches,GER-BL1,19-20
384d58d9,491,Denis Zakaria,SUI,"MF,DF",Gladbach,22,1996,21.6,35,1.62,30,0,4,0,0,1,4,0.18,4,0,0,0,0,0,Matches,GER-BL1,19-20
5c4bf6ba,492,Robin Zentner,GER,GK,Mainz 05,24,1994,21.5,3,0.14,3,0,0,0,0,0,1,0.05,1,0,0,0,0,0,Matches,GER-BL1,19-20
912e63b5,493,Jean Zimmer,GER,"DF,FW",Düsseldorf,25,1993,8.0,25,3.12,9,10,5,0,1,0,0,0.0,0,0,0,0,0,0,Matches,GER-BL1,19-20
e199d5b0,494,Matthias Zimmermann,GER,"DF,MF",Düsseldorf,27,1992,32.5,61,1.88,52,6,1,0,1,1,7,0.22,6,1,0,0,0,0,Matches,GER-BL1,19-20
bf9d9070,495,Leopold Zingerle,GER,GK,Paderborn 07,25,1994,28.0,4,0.14,3,1,0,0,0,0,0,0.0,0,0,0,0,0,0,Matches,GER-BL1,19-20
028e70b9,496,Joshua Zirkzee,NED,FW,Bayern Munich,18,2001,3.3,5,1.52,4,0,0,1,0,0,2,0.61,1,0,0,1,0,0,Matches,GER-BL1,19-20
4d50454e,497,Ben Zolinski,GER,"FW,MF",Paderborn 07,27,1992,13.4,32,2.38,27,0,0,2,1,2,2,0.15,2,0,0,0,0,0,Matches,GER-BL1,19-20
b6a6e0a7,498,Steven Zuber,SUI,"DF,FW",Hoffenheim,27,1991,8.3,11,1.32,9,1,1,0,0,0,0,0.0,0,0,0,0,0,0,Matches,GER-BL1,19-20
