id,Unnamed: 0_level_0,Unnamed: 1_level_0,Unnamed: 2_level_0,Unnamed: 3_level_0,Unnamed: 4_level_0,Unnamed: 5_level_0,Unnamed: 6_level_0,Unnamed: 7_level_0,Standard,Standard,Standard,Standard,Standard,Standard,Standard,Standard,Standard,Standard,Standard,Standard,Expected,Expected,Expected,Expected,Expected,Unnamed: 25_level_0,Unnamed: league,Unnamed: season
,Rk,Player,Nation,Pos,Squad,Age,Born,90s,Gls,Sh,SoT,SoT%,Sh/90,SoT/90,G/Sh,G/SoT,Dist,FK,PK,PKatt,xG,npxG,npxG/Sh,G-xG,np:G-xG,Matches,league,season
b96b595c,1,Francesco Acerbi,ITA,DF,Lazio,31,1988,35.1,2,16,5,31.3,0.46,0.14,0.13,0.4,14.5,0,0,0,2.4,2.4,0.15,-0.4,-0.4,Matches,ITA-SERIA_A,19-20
3ed84b2c,2,Bobby Adekanye,NED,FW,Lazio,20,1999,2.1,1,5,4,80.0,2.39,1.91,0.2,0.25,11.3,0,0,0,1.4,1.4,0.27,-0.4,-0.4,Matches,ITA-SERIA_A,19-20
ce5b170a,3,Claud Adjapong,ITA,DF,Hellas Verona,21,1998,2.6,0,3,1,33.3,1.17,0.39,0.0,0.0,14.1,0,0,0,0.2,0.2,0.08,-0.2,-0.2,Matches,ITA-SERIA_A,19-20
8bc8829a,4,Lucien Agoume,FRA,MF,Inter,17,2002,0.8,0,0,0,,0.0,0.0,,,,0,0,0,0.0,0.0,,0.0,0.0,Matches,ITA-SERIA_A,19-20
46fa7204,5,Kevin Agudelo,COL,"MF,FW",Fiorentina,20,1998,0.7,0,4,0,0.0,5.63,0.0,0.0,,22.6,0,0,0,0.2,0.2,0.05,-0.2,-0.2,Matches,ITA-SERIA_A,19-20
46fa7204,6,Kevin Agudelo,COL,"MF,FW",Genoa,20,1998,7.4,1,10,2,20.0,1.35,0.27,0.1,0.5,17.4,0,0,0,1.2,1.2,0.12,-0.2,-0.2,Matches,ITA-SERIA_A,19-20
fe0b8f0e,7,Emmanuel Agyemang-Badu,GHA,MF,Hellas Verona,28,1990,2.6,0,0,0,,0.0,0.0,,,,0,0,0,0.0,0.0,,0.0,0.0,Matches,ITA-SERIA_A,19-20
246d153b,8,Ola Aina,NGA,DF,Torino,22,1996,23.1,0,12,2,16.7,0.52,0.09,0.0,0.0,24.0,0,0,0,0.4,0.4,0.04,-0.4,-0.4,Matches,ITA-SERIA_A,19-20
5294a83f,9,Luis Alberto,ESP,MF,Lazio,26,1992,34.6,6,97,27,27.8,2.8,0.78,0.05,0.19,21.6,11,1,1,6.6,5.8,0.06,-0.6,-0.8,Matches,ITA-SERIA_A,19-20
95adf1e1,10,Enrico Alfonso,ITA,GK,Brescia,31,1988,3.1,0,0,0,,0.0,0.0,,,,0,0,0,0.0,0.0,,0.0,0.0,Matches,ITA-SERIA_A,19-20
cc700722,11,Allan,BRA,MF,Napoli,28,1991,14.2,2,12,7,58.3,0.84,0.49,0.17,0.29,21.1,0,0,0,0.5,0.5,0.05,1.5,1.5,Matches,ITA-SERIA_A,19-20
585a73a8,12,Bruno Alves,POR,DF,Parma,37,1981,29.7,0,24,1,4.2,0.81,0.03,0.0,0.0,20.0,10,0,0,1.3,1.3,0.05,-1.3,-1.3,Matches,ITA-SERIA_A,19-20
5a2cb25d,13,Sofyan Amrabat,MAR,MF,Hellas Verona,22,1996,32.4,1,18,6,33.3,0.55,0.18,0.0,0.0,22.7,0,1,1,2.0,1.3,0.07,-1.0,-1.3,Matches,ITA-SERIA_A,19-20
ca241ad3,14,Djavan Anderson,NED,"FW,DF",Lazio,24,1995,1.9,0,1,0,0.0,0.54,0.0,0.0,,17.3,0,0,0,0.1,0.1,0.05,-0.1,-0.1,Matches,ITA-SERIA_A,19-20
fe471a89,15,Lorenzo Andrenacci,ITA,GK,Brescia,24,1995,5.9,0,0,0,,0.0,0.0,,,,0,0,0,0.0,0.0,,0.0,0.0,Matches,ITA-SERIA_A,19-20
df525574,16,Peter Ankersen,DEN,DF,Genoa,28,1990,11.8,0,13,3,23.1,1.1,0.25,0.0,0.0,23.6,0,0,0,0.4,0.4,0.03,-0.4,-0.4,Matches,ITA-SERIA_A,19-20
bbafc0c4,17,Cristian Ansaldi,ARG,"DF,MF",Torino,32,1986,19.6,4,29,8,27.6,1.48,0.41,0.14,0.5,21.0,1,0,0,1.9,1.9,0.06,2.1,2.1,Matches,ITA-SERIA_A,19-20
91976866,18,Mirko Antonucci,ITA,"FW,MF",Roma,20,1999,0.9,0,3,0,0.0,3.29,0.0,0.0,,12.3,0,0,0,0.2,0.2,0.06,-0.2,-0.2,Matches,ITA-SERIA_A,19-20
2b15a82a,19,Guilherme Arana,BRA,DF,Atalanta,22,1997,0.9,0,0,0,,0.0,0.0,,,,0,0,0,0.0,0.0,,0.0,0.0,Matches,ITA-SERIA_A,19-20
2f7407fa,20,Nicolò Armini,ITA,DF,Lazio,18,2001,0.0,0,0,0,,0.0,0.0,,,,0,0,0,0.0,0.0,,0.0,0.0,Matches,ITA-SERIA_A,19-20
089550f5,21,Kwadwo Asamoah,GHA,"DF,FW",Inter,30,1988,7.1,0,3,1,33.3,0.42,0.14,0.0,0.0,18.0,0,0,0,0.1,0.1,0.04,-0.1,-0.1,Matches,ITA-SERIA_A,19-20
a69cc629,22,Kristoffer Askildsen,NOR,MF,Sampdoria,18,2001,0.8,1,1,1,100.0,1.18,1.18,1.0,1.0,31.0,0,0,0,0.0,0.0,0.02,1.0,1.0,Matches,ITA-SERIA_A,19-20
649b01d8,23,Emil Audero,ITA,GK,Sampdoria,22,1997,36.0,0,0,0,,0.0,0.0,,,,0,0,0,0.0,0.0,,0.0,0.0,Matches,ITA-SERIA_A,19-20
3cd3b384,24,Tommaso Augello,ITA,DF,Sampdoria,24,1994,12.6,0,0,0,,0.0,0.0,,,,0,0,0,0.0,0.0,,0.0,0.0,Matches,ITA-SERIA_A,19-20
718b8afd,25,Florian Ayé,FRA,"FW,MF",Brescia,22,1997,15.3,0,23,7,30.4,1.5,0.46,0.0,0.0,14.7,0,0,0,2.4,2.4,0.1,-2.4,-2.4,Matches,ITA-SERIA_A,19-20
422ec08a,26,Khouma Babacar,SEN,FW,Lecce,26,1993,15.8,3,47,16,34.0,2.97,1.01,0.06,0.19,16.0,0,0,2,6.6,4.9,0.1,-3.6,-1.9,Matches,ITA-SERIA_A,19-20
e8c930bb,27,Milan Badelj,CRO,MF,Fiorentina,30,1989,17.6,1,15,2,13.3,0.85,0.11,0.07,0.5,23.6,0,0,0,1.1,1.1,0.07,-0.1,-0.1,Matches,ITA-SERIA_A,19-20
8cb494c9,28,Marco Ballarini,ITA,MF,Udinese,18,2001,0.0,0,0,0,,0.0,0.0,,,,0,0,0,0.0,0.0,,0.0,0.0,Matches,ITA-SERIA_A,19-20
8ff07990,29,Mario Balotelli,ITA,FW,Brescia,28,1990,15.6,5,72,25,34.7,4.62,1.6,0.07,0.2,20.7,16,0,0,7.1,7.1,0.1,-2.1,-2.1,Matches,ITA-SERIA_A,19-20
0821331c,30,Mattia Bani,ITA,DF,Bologna,25,1993,24.5,4,16,7,43.8,0.65,0.29,0.25,0.57,10.3,0,0,0,3.7,3.7,0.23,0.3,0.3,Matches,ITA-SERIA_A,19-20
01efac19,31,Antonín Barák,CZE,"MF,FW",Udinese,24,1994,2.2,0,4,2,50.0,1.86,0.93,0.0,0.0,26.1,0,0,0,0.1,0.1,0.03,-0.1,-0.1,Matches,ITA-SERIA_A,19-20
01efac19,32,Antonín Barák,CZE,MF,Lecce,24,1994,15.2,2,33,13,39.4,2.17,0.85,0.06,0.15,17.0,0,0,0,3.9,3.9,0.12,-1.9,-1.9,Matches,ITA-SERIA_A,19-20
6928979a,33,Nicolò Barella,ITA,MF,Inter,22,1997,22.4,1,24,5,20.8,1.07,0.22,0.04,0.2,21.0,0,0,0,2.1,2.1,0.09,-1.1,-1.1,Matches,ITA-SERIA_A,19-20
a64cbd35,34,Antonino Barillà,ITA,MF,Parma,31,1988,18.8,1,17,3,17.6,0.91,0.16,0.06,0.33,20.2,0,0,0,1.6,1.6,0.1,-0.6,-0.6,Matches,ITA-SERIA_A,19-20
6a189491,35,Antonio Barreca,ITA,"DF,FW",Genoa,24,1995,12.2,0,6,3,50.0,0.49,0.25,0.0,0.0,22.7,0,0,0,0.2,0.2,0.03,-0.2,-0.2,Matches,ITA-SERIA_A,19-20
43a1bea5,36,Édgar Barreto,PAR,MF,Sampdoria,35,1984,1.0,0,1,1,100.0,1.0,1.0,0.0,0.0,20.4,0,0,0,0.0,0.0,0.03,0.0,0.0,Matches,ITA-SERIA_A,19-20
e5bf73f3,37,Musa Barrow,GAM,"FW,MF",Bologna,20,1998,15.0,9,64,21,32.8,4.25,1.4,0.13,0.38,21.2,7,1,1,5.3,4.5,0.07,3.7,3.5,Matches,ITA-SERIA_A,19-20
e5bf73f3,38,Musa Barrow,GAM,"FW,MF",Atalanta,20,1998,2.1,0,11,5,45.5,5.21,2.37,0.0,0.0,14.5,0,0,1,2.4,1.6,0.15,-2.4,-1.6,Matches,ITA-SERIA_A,19-20
ea06dd97,39,Daniele Baselli,ITA,MF,Torino,27,1992,14.2,0,7,3,42.9,0.49,0.21,0.0,0.0,23.0,1,0,0,0.7,0.7,0.09,-0.7,-0.7,Matches,ITA-SERIA_A,19-20
75b86fb3,40,Alessandro Bastoni,ITA,DF,Inter,20,1999,21.3,2,8,4,50.0,0.37,0.19,0.25,0.5,10.1,0,0,0,1.3,1.3,0.16,0.7,0.7,Matches,ITA-SERIA_A,19-20
c01c66d9,41,Bastos,ANG,DF,Lazio,28,1991,8.5,1,7,2,28.6,0.82,0.24,0.14,0.5,17.9,0,0,0,0.4,0.4,0.06,0.6,0.6,Matches,ITA-SERIA_A,19-20
19e4eab9,42,Rodrigo Becão,BRA,DF,Udinese,23,1996,24.6,1,7,2,28.6,0.28,0.08,0.14,0.5,15.0,0,0,0,0.6,0.6,0.09,0.4,0.4,Matches,ITA-SERIA_A,19-20
7b4de647,43,Asmir Begović,BIH,GK,Milan,32,1987,1.4,0,0,0,,0.0,0.0,,,,0,0,0,0.0,0.0,,0.0,0.0,Matches,ITA-SERIA_A,19-20
d3d758d8,44,Valon Behrami,SUI,MF,Genoa,34,1985,12.3,0,5,1,20.0,0.41,0.08,0.0,0.0,22.5,0,0,0,0.2,0.2,0.05,-0.2,-0.2,Matches,ITA-SERIA_A,19-20
e3756e72,45,Raoul Bellanova,ITA,DF,Atalanta,19,2000,0.2,0,2,0,0.0,10.0,0.0,0.0,,18.7,0,0,0,0.1,0.1,0.04,-0.1,-0.1,Matches,ITA-SERIA_A,19-20
d705ba44,46,Andrea Belotti,ITA,FW,Torino,25,1993,33.4,16,96,33,34.4,2.87,0.99,0.09,0.27,17.2,5,7,8,16.7,10.5,0.11,-0.7,-1.5,Matches,ITA-SERIA_A,19-20
0000acda,47,Marco Benassi,ITA,MF,Fiorentina,24,1994,10.9,1,20,4,20.0,1.84,0.37,0.05,0.25,19.2,0,0,0,1.0,1.0,0.05,0.0,0.0,Matches,ITA-SERIA_A,19-20
db092d3b,48,Ismaël Bennacer,ALG,MF,Milan,21,1997,27.6,1,15,1,6.7,0.54,0.04,0.07,1.0,27.4,1,0,0,0.7,0.7,0.05,0.3,0.3,Matches,ITA-SERIA_A,19-20
3b8674e6,49,Rodrigo Bentancur,URU,MF,Juventus,22,1997,24.4,0,16,3,18.8,0.66,0.12,0.0,0.0,23.0,0,0,0,0.7,0.7,0.04,-0.7,-0.7,Matches,ITA-SERIA_A,19-20
2e3596d1,50,Romario Benzar,ROU,DF,Lecce,27,1992,1.1,0,0,0,,0.0,0.0,,,,0,0,0,0.0,0.0,,0.0,0.0,Matches,ITA-SERIA_A,19-20
53a0e358,51,Domenico Berardi,ITA,FW,Sassuolo,24,1994,27.7,14,117,44,37.6,4.22,1.59,0.1,0.27,23.2,16,2,3,10.7,8.4,0.07,3.3,3.6,Matches,ITA-SERIA_A,19-20
dc1c2fce,52,Álex Berenguer,ESP,"MF,DF",Torino,24,1995,20.3,6,40,14,35.0,1.97,0.69,0.15,0.43,17.8,0,0,0,4.0,4.0,0.1,2.0,2.0,Matches,ITA-SERIA_A,19-20
61b3978f,53,Bartosz Bereszyński,POL,DF,Sampdoria,27,1992,26.7,0,16,1,6.3,0.6,0.04,0.0,0.0,28.1,0,0,0,0.4,0.4,0.02,-0.4,-0.4,Matches,ITA-SERIA_A,19-20
ee833569,54,Etrit Berisha,ALB,GK,SPAL,30,1989,26.0,0,0,0,,0.0,0.0,,,,0,0,0,0.0,0.0,,0.0,0.0,Matches,ITA-SERIA_A,19-20
d5575935,55,Valon Berisha,KVX,MF,Lazio,26,1993,0.4,0,0,0,,0.0,0.0,,,,0,0,0,0.0,0.0,,0.0,0.0,Matches,ITA-SERIA_A,19-20
ee93c1a9,56,Federico Bernardeschi,ITA,"MF,FW",Juventus,25,1994,17.5,1,50,9,18.0,2.86,0.52,0.02,0.11,20.0,2,0,0,4.4,4.4,0.09,-3.4,-3.4,Matches,ITA-SERIA_A,19-20
c75b6a02,57,Andrea Bertolacci,ITA,MF,Sampdoria,28,1991,5.9,0,4,2,50.0,0.67,0.34,0.0,0.0,26.6,0,0,0,0.1,0.1,0.03,-0.1,-0.1,Matches,ITA-SERIA_A,19-20
5710a281,58,Lucas Biglia,ARG,MF,Milan,33,1986,7.6,0,6,1,16.7,0.79,0.13,0.0,0.0,22.2,1,0,0,0.3,0.3,0.05,-0.3,-0.3,Matches,ITA-SERIA_A,19-20
9e1577aa,59,Cristiano Biraghi,ITA,DF,Inter,26,1992,17.5,2,9,5,55.6,0.51,0.29,0.22,0.4,19.6,5,0,0,0.6,0.6,0.06,1.4,1.4,Matches,ITA-SERIA_A,19-20
64cd167d,60,Davide Biraschi,ITA,DF,Genoa,25,1994,21.9,0,7,2,28.6,0.32,0.09,0.0,0.0,14.4,0,0,0,0.5,0.5,0.07,-0.5,-0.5,Matches,ITA-SERIA_A,19-20
455a2b79,61,Valter Birsa,SVN,"MF,FW",Cagliari,32,1986,4.8,0,3,0,0.0,0.63,0.0,0.0,,24.7,0,0,0,0.1,0.1,0.04,-0.1,-0.1,Matches,ITA-SERIA_A,19-20
16569fef,62,Dimitri Bisoli,ITA,MF,Brescia,25,1994,23.9,1,25,9,36.0,1.05,0.38,0.04,0.11,13.3,0,0,0,2.3,2.3,0.09,-1.3,-1.3,Matches,ITA-SERIA_A,19-20
da13074e,63,Birkir Bjarnason,ISL,"MF,FW",Brescia,31,1988,8.9,0,8,3,37.5,0.9,0.34,0.0,0.0,20.1,0,0,0,0.4,0.4,0.05,-0.4,-0.4,Matches,ITA-SERIA_A,19-20
f4ec4fd0,64,Kevin-Prince Boateng,GHA,FW,Fiorentina,32,1987,6.7,1,18,3,16.7,2.7,0.45,0.06,0.33,14.3,0,0,0,1.3,1.3,0.07,-0.3,-0.3,Matches,ITA-SERIA_A,19-20
faa1b07d,65,Salvatore Bocchetti,ITA,DF,Hellas Verona,32,1986,3.4,0,0,0,,0.0,0.0,,,,0,0,0,0.0,0.0,,0.0,0.0,Matches,ITA-SERIA_A,19-20
fe012aca,66,Jeremie Boga,CIV,FW,Sassuolo,22,1997,27.9,11,57,20,35.1,2.04,0.72,0.19,0.55,17.4,1,0,0,4.4,4.4,0.08,6.6,6.6,Matches,ITA-SERIA_A,19-20
d995ed27,67,Giacomo Bonaventura,ITA,"MF,FW",Milan,29,1989,14.9,3,44,14,31.8,2.96,0.94,0.07,0.21,20.8,0,0,0,3.3,3.3,0.08,-0.3,-0.3,Matches,ITA-SERIA_A,19-20
bf57eaab,68,Federico Bonazzoli,ITA,FW,Sampdoria,22,1997,8.3,6,43,15,34.9,5.2,1.81,0.14,0.4,17.5,0,0,0,3.6,3.6,0.08,2.4,2.4,Matches,ITA-SERIA_A,19-20
fb77bfef,69,Kevin Bonifazi,ITA,DF,Torino,23,1996,2.7,1,3,1,33.3,1.09,0.36,0.33,1.0,13.3,0,0,0,0.3,0.3,0.1,0.7,0.7,Matches,ITA-SERIA_A,19-20
fb77bfef,70,Kevin Bonifazi,ITA,DF,SPAL,23,1996,13.2,1,5,1,20.0,0.38,0.08,0.2,1.0,12.7,0,0,0,1.2,1.2,0.23,-0.2,-0.2,Matches,ITA-SERIA_A,19-20
f8f0744b,71,Federico Bonini,ITA,DF,Bologna,17,2001,0.1,0,0,0,,0.0,0.0,,,,0,0,0,0.0,0.0,,0.0,0.0,Matches,ITA-SERIA_A,19-20
52ec54d0,72,Leonardo Bonucci,ITA,DF,Juventus,32,1987,34.2,3,23,8,34.8,0.67,0.23,0.13,0.38,14.7,0,0,0,3.4,3.4,0.15,-0.4,-0.4,Matches,ITA-SERIA_A,19-20
ef5b337e,73,Fabio Borini,ITA,"MF,FW",Hellas Verona,28,1991,9.0,3,38,14,36.8,4.23,1.56,0.05,0.14,18.0,0,1,1,3.2,2.4,0.06,-0.2,-0.4,Matches,ITA-SERIA_A,19-20
ef5b337e,74,Fabio Borini,ITA,MF,Milan,28,1991,0.8,0,2,0,0.0,2.57,0.0,0.0,,17.3,0,0,0,0.1,0.1,0.05,-0.1,-0.1,Matches,ITA-SERIA_A,19-20
0d077b88,75,Mehdi Bourabia,MAR,MF,Sassuolo,27,1991,10.3,1,10,5,50.0,0.97,0.49,0.1,0.2,32.9,2,0,0,0.3,0.3,0.03,0.7,0.7,Matches,ITA-SERIA_A,19-20
d4890c25,76,Federico Brancolini,ITA,GK,Fiorentina,18,2001,0.1,0,0,0,,0.0,0.0,,,,0,0,0,0.0,0.0,,0.0,0.0,Matches,ITA-SERIA_A,19-20
5fd5ed86,77,Gleison Bremer,BRA,DF,Torino,22,1997,25.2,3,14,6,42.9,0.56,0.24,0.21,0.5,11.3,0,0,0,1.7,1.7,0.12,1.3,1.3,Matches,ITA-SERIA_A,19-20
dfd56738,78,Marco Brescianini,ITA,MF,Milan,19,2000,0.3,0,0,0,,0.0,0.0,,,,0,0,0,0.0,0.0,,0.0,0.0,Matches,ITA-SERIA_A,19-20
33b8d077,79,Marcelo Brozović,CRO,MF,Inter,26,1992,30.0,3,55,16,29.1,1.83,0.53,0.05,0.19,22.6,2,0,0,3.2,3.2,0.06,-0.2,-0.2,Matches,ITA-SERIA_A,19-20
e947ee4a,80,Gastón Brugman,URU,MF,Parma,26,1992,16.2,0,10,1,10.0,0.62,0.06,0.0,0.0,27.9,1,0,0,0.3,0.3,0.03,-0.3,-0.3,Matches,ITA-SERIA_A,19-20
e40d028b,81,Gianluigi Buffon,ITA,GK,Juventus,41,1978,9.0,0,0,0,,0.0,0.0,,,,0,0,0,0.0,0.0,,0.0,0.0,Matches,ITA-SERIA_A,19-20
00b0bb87,82,Fabrizio Cacciatore,ITA,DF,Cagliari,32,1986,12.8,0,3,0,0.0,0.23,0.0,0.0,,13.5,0,0,0,0.3,0.3,0.1,-0.3,-0.3,Matches,ITA-SERIA_A,19-20
e94d79e3,83,Martín Cáceres,URU,DF,Fiorentina,32,1987,26.2,1,12,3,25.0,0.46,0.11,0.08,0.33,12.2,0,0,0,2.0,2.0,0.17,-1.0,-1.0,Matches,ITA-SERIA_A,19-20
93b891d1,84,Felipe Caicedo,ECU,FW,Lazio,30,1988,15.6,9,29,13,44.8,1.86,0.83,0.31,0.69,13.2,0,0,1,5.5,4.7,0.16,3.5,4.3,Matches,ITA-SERIA_A,19-20
2146785a,85,Davide Calabria,ITA,DF,Milan,22,1996,18.0,1,13,2,15.4,0.72,0.11,0.08,0.5,22.9,0,0,0,0.5,0.5,0.04,0.5,0.5,Matches,ITA-SERIA_A,19-20
aded8e6f,86,Riccardo Calafiori,ITA,DF,Roma,17,2002,0.7,0,0,0,,0.0,0.0,,,,0,0,0,0.0,0.0,,0.0,0.0,Matches,ITA-SERIA_A,19-20
ac7e640b,87,Mattia Caldara,ITA,DF,Atalanta,25,1994,10.7,0,5,0,0.0,0.47,0.0,0.0,,11.1,0,0,0,0.3,0.3,0.05,-0.3,-0.3,Matches,ITA-SERIA_A,19-20
652811aa,88,Marco Calderoni,ITA,DF,Lecce,30,1989,22.9,3,23,5,21.7,1.0,0.22,0.13,0.6,25.8,0,0,0,0.7,0.7,0.03,2.3,2.3,Matches,ITA-SERIA_A,19-20
cd0fa27b,89,Hakan Çalhanoğlu,TUR,"MF,FW",Milan,25,1994,30.0,9,100,33,33.0,3.33,1.1,0.08,0.24,22.6,12,1,1,7.8,7.0,0.07,1.2,1.0,Matches,ITA-SERIA_A,19-20
78841da9,90,José Callejón,ESP,"FW,MF",Napoli,32,1987,24.1,4,42,14,33.3,1.74,0.58,0.1,0.29,15.7,0,0,0,5.2,5.2,0.12,-1.2,-1.2,Matches,ITA-SERIA_A,19-20
a65ce836,91,Emre Can,GER,MF,Juventus,25,1994,3.2,0,7,2,28.6,2.22,0.63,0.0,0.0,15.9,0,0,0,1.2,1.2,0.17,-1.2,-1.2,Matches,ITA-SERIA_A,19-20
356c9002,92,Antonio Candreva,ITA,DF,Inter,32,1987,22.1,5,42,14,33.3,1.9,0.63,0.12,0.36,21.7,0,0,0,2.3,2.3,0.05,2.7,2.7,Matches,ITA-SERIA_A,19-20
a36084cd,93,Gianmarco Cangiano,ITA,"FW,MF",Bologna,17,2001,0.2,0,0,0,,0.0,0.0,,,,0,0,0,0.0,0.0,,0.0,0.0,Matches,ITA-SERIA_A,19-20
54e53b7e,94,Gianluca Caprari,ITA,"FW,MF",Sampdoria,26,1993,7.4,3,23,8,34.8,3.1,1.08,0.13,0.38,19.6,3,0,0,1.2,1.2,0.05,1.8,1.8,Matches,ITA-SERIA_A,19-20
54e53b7e,95,Gianluca Caprari,ITA,"FW,MF",Parma,26,1993,6.5,2,15,7,46.7,2.29,1.07,0.07,0.14,18.9,0,1,1,2.4,1.6,0.1,-0.4,-0.6,Matches,ITA-SERIA_A,19-20
5bd72174,96,Francesco Caputo,ITA,FW,Sassuolo,31,1987,32.6,21,71,33,46.5,2.18,1.01,0.27,0.58,13.4,0,2,2,13.9,12.4,0.18,7.1,6.6,Matches,ITA-SERIA_A,19-20
f7e2af2c,97,Andrea Carboni,ITA,DF,Cagliari,18,2001,4.1,0,1,0,0.0,0.24,0.0,0.0,,28.0,0,0,0,0.0,0.0,0.03,0.0,0.0,Matches,ITA-SERIA_A,19-20
96960855,98,Francesco Cassata,ITA,MF,Genoa,22,1997,16.2,2,12,7,58.3,0.74,0.43,0.17,0.29,21.9,0,0,0,1.2,1.2,0.1,0.8,0.8,Matches,ITA-SERIA_A,19-20
197640fd,99,Timothy Castagne,BEL,DF,Atalanta,23,1995,19.7,1,18,5,27.8,0.92,0.25,0.06,0.2,13.2,0,0,0,2.0,2.0,0.12,-1.0,-1.0,Matches,ITA-SERIA_A,19-20
130a7a3f,100,Samu Castillejo,ESP,"FW,MF",Milan,24,1995,13.4,2,31,8,25.8,2.31,0.6,0.06,0.25,17.2,0,0,0,4.1,4.1,0.13,-2.1,-2.1,Matches,ITA-SERIA_A,19-20
56b2957b,101,Lucas Castro,ARG,MF,SPAL,30,1989,4.7,0,10,2,20.0,2.12,0.42,0.0,0.0,22.8,0,0,0,0.5,0.5,0.05,-0.5,-0.5,Matches,ITA-SERIA_A,19-20
56b2957b,102,Lucas Castro,ARG,MF,Cagliari,30,1989,6.7,2,14,3,21.4,2.08,0.45,0.14,0.67,21.6,0,0,0,0.9,0.9,0.07,1.1,1.1,Matches,ITA-SERIA_A,19-20
0728bebe,103,Gaetano Castrovilli,ITA,MF,Fiorentina,22,1997,29.7,3,49,11,22.4,1.65,0.37,0.06,0.27,19.4,1,0,0,3.5,3.5,0.07,-0.5,-0.5,Matches,ITA-SERIA_A,19-20
ba3d3bea,104,Danilo Cataldi,ITA,MF,Lazio,24,1994,6.6,1,9,1,11.1,1.37,0.15,0.11,1.0,33.3,2,0,0,0.5,0.5,0.05,0.5,0.5,Matches,ITA-SERIA_A,19-20
d9624b51,105,Federico Ceccherini,ITA,DF,Fiorentina,27,1992,9.3,0,4,0,0.0,0.43,0.0,0.0,,15.2,0,0,0,0.2,0.2,0.06,-0.2,-0.2,Matches,ITA-SERIA_A,19-20
d2fd20d6,106,Christian Celesia,ITA,DF,Torino,17,2002,0.0,0,0,0,,0.0,0.0,,,,0,0,0,0.0,0.0,,0.0,0.0,Matches,ITA-SERIA_A,19-20
7d50454d,107,Luca Ceppitelli,ITA,DF,Cagliari,29,1989,13.8,2,5,2,40.0,0.36,0.14,0.4,1.0,14.2,0,0,0,0.4,0.4,0.08,1.6,1.6,Matches,ITA-SERIA_A,19-20
1079c685,108,Alberto Cerri,ITA,FW,SPAL,23,1996,4.7,1,11,5,45.5,2.36,1.07,0.09,0.2,13.6,0,0,0,1.5,1.5,0.14,-0.5,-0.5,Matches,ITA-SERIA_A,19-20
1079c685,109,Alberto Cerri,ITA,FW,Cagliari,23,1996,2.7,1,7,3,42.9,2.58,1.11,0.14,0.33,17.4,0,0,0,0.4,0.4,0.06,0.6,0.6,Matches,ITA-SERIA_A,19-20
ae7058f9,110,Julian Chabot,GER,DF,Sampdoria,21,1998,6.3,1,1,1,100.0,0.16,0.16,1.0,1.0,8.5,0,0,0,0.1,0.1,0.1,0.9,0.9,Matches,ITA-SERIA_A,19-20
84b6acaa,111,Jhon Chancellor,VEN,DF,Brescia,27,1992,24.9,3,13,3,23.1,0.52,0.12,0.23,1.0,8.1,0,0,0,2.4,2.4,0.18,0.6,0.6,Matches,ITA-SERIA_A,19-20
e85fb9b8,112,Giorgio Chiellini,ITA,DF,Juventus,34,1984,2.2,1,1,1,100.0,0.45,0.45,1.0,1.0,8.6,0,0,0,0.2,0.2,0.19,0.8,0.8,Matches,ITA-SERIA_A,19-20
b0f7e36c,113,Federico Chiesa,ITA,"FW,DF",Fiorentina,21,1997,29.3,10,109,41,37.6,3.72,1.4,0.08,0.22,18.3,2,1,2,12.2,10.6,0.1,-2.2,-1.6,Matches,ITA-SERIA_A,19-20
c316607a,114,Vlad Chiricheș,ROU,DF,Sassuolo,29,1989,7.9,0,2,0,0.0,0.25,0.0,0.0,,8.8,0,0,0,0.2,0.2,0.11,-0.2,-0.2,Matches,ITA-SERIA_A,19-20
ae64d449,115,Luca Cigarini,ITA,MF,Cagliari,33,1986,17.8,0,7,1,14.3,0.39,0.06,0.0,0.0,23.4,2,0,0,0.4,0.4,0.05,-0.4,-0.4,Matches,ITA-SERIA_A,19-20
46f5c54d,116,Thiago Cionek,POL,DF,SPAL,33,1986,24.1,0,11,2,18.2,0.46,0.08,0.0,0.0,17.4,0,0,0,0.7,0.7,0.07,-0.7,-0.7,Matches,ITA-SERIA_A,19-20
fe6a7685,117,Andrea Cistana,ITA,DF,Brescia,22,1997,20.4,1,6,2,33.3,0.29,0.1,0.17,0.5,11.6,0,0,0,0.4,0.4,0.07,0.6,0.6,Matches,ITA-SERIA_A,19-20
91c9de34,118,Denilho Cleonise,NED,FW,Genoa,17,2001,0.5,0,1,0,0.0,1.91,0.0,0.0,,11.9,0,0,0,0.1,0.1,0.06,-0.1,-0.1,Matches,ITA-SERIA_A,19-20
bf356094,119,Ebrima Colley,GAM,FW,Atalanta,19,2000,0.9,0,5,2,40.0,5.49,2.2,0.0,0.0,16.5,0,0,0,0.3,0.3,0.06,-0.3,-0.3,Matches,ITA-SERIA_A,19-20
8b95acda,120,Omar Colley,GAM,DF,Sampdoria,26,1992,30.8,0,24,5,20.8,0.78,0.16,0.0,0.0,11.4,0,0,0,3.0,3.0,0.12,-3.0,-3.0,Matches,ITA-SERIA_A,19-20
72be9309,121,Simone Colombi,ITA,GK,Parma,28,1991,4.0,0,0,0,,0.0,0.0,,,,0,0,0,0.0,0.0,,0.0,0.0,Matches,ITA-SERIA_A,19-20
04df29a5,122,Lorenzo Colombo,ITA,FW,Milan,17,2002,0.1,0,0,0,,0.0,0.0,,,,0,0,0,0.0,0.0,,0.0,0.0,Matches,ITA-SERIA_A,19-20
8cabdc1e,123,Andrea Consigli,ITA,GK,Sassuolo,32,1987,31.0,0,0,0,,0.0,0.0,,,,0,0,0,0.0,0.0,,0.0,0.0,Matches,ITA-SERIA_A,19-20
8fef5412,124,Andrea Conti,ITA,DF,Milan,25,1994,19.2,0,1,0,0.0,0.05,0.0,0.0,,33.5,0,0,0,0.0,0.0,0.02,0.0,0.0,Matches,ITA-SERIA_A,19-20
091795f2,125,Gabriele Corbo,ITA,DF,Bologna,19,2000,1.4,0,0,0,,0.0,0.0,,,,0,0,0,0.0,0.0,,0.0,0.0,Matches,ITA-SERIA_A,19-20
c693347d,126,Andreas Cornelius,DEN,FW,Parma,26,1993,16.6,12,46,20,43.5,2.77,1.2,0.26,0.6,14.3,0,0,0,6.8,6.8,0.15,5.2,5.2,Matches,ITA-SERIA_A,19-20
45b9b619,127,Joaquín Correa,ARG,FW,Lazio,24,1994,22.2,9,77,39,50.6,3.46,1.75,0.12,0.23,15.8,0,0,1,10.4,9.7,0.13,-1.4,-0.7,Matches,ITA-SERIA_A,19-20
4fa7cb9b,128,Douglas Costa,BRA,"FW,MF",Juventus,28,1990,8.9,1,18,8,44.4,2.02,0.9,0.06,0.13,22.3,0,0,0,0.7,0.7,0.04,0.3,0.3,Matches,ITA-SERIA_A,19-20
18736214,129,Angelo da Costa Júnior,BRA,GK,Bologna,35,1983,1.0,0,0,0,,0.0,0.0,,,,0,0,0,0.0,0.0,,0.0,0.0,Matches,ITA-SERIA_A,19-20
f554e29b,130,Alessio Cragno,ITA,GK,Cagliari,25,1994,16.0,0,0,0,,0.0,0.0,,,,0,0,0,0.0,0.0,,0.0,0.0,Matches,ITA-SERIA_A,19-20
35dd6d80,131,Domenico Criscito,ITA,DF,Genoa,32,1986,22.8,8,14,3,21.4,0.61,0.13,0.0,0.0,37.1,1,8,10,8.3,0.4,0.03,-0.3,-0.4,Matches,ITA-SERIA_A,19-20
16657b95,132,Bryan Cristante,ITA,MF,Roma,24,1995,18.0,1,29,9,31.0,1.62,0.5,0.03,0.11,21.3,0,0,0,1.6,1.6,0.06,-0.6,-0.6,Matches,ITA-SERIA_A,19-20
3c05c659,133,Sebastián Cristóforo,URU,MF,Fiorentina,25,1993,1.0,0,0,0,,0.0,0.0,,,,0,0,0,0.0,0.0,,0.0,0.0,Matches,ITA-SERIA_A,19-20
0ab1f153,134,Juan Cuadrado,COL,"DF,FW",Juventus,31,1988,29.5,2,20,5,25.0,0.68,0.17,0.1,0.4,19.6,0,0,0,1.2,1.2,0.06,0.8,0.8,Matches,ITA-SERIA_A,19-20
934e264d,135,Jaume Cuéllar,BOL,"MF,FW",SPAL,17,2001,0.8,0,0,0,,0.0,0.0,,,,0,0,0,0.0,0.0,,0.0,0.0,Matches,ITA-SERIA_A,19-20
8913a9f9,136,Felipe Curcio,BRA,DF,Brescia,25,1993,0.1,0,0,0,,0.0,0.0,,,,0,0,0,0.0,0.0,,0.0,0.0,Matches,ITA-SERIA_A,19-20
a4fe8cda,137,Patrick Cutrone,ITA,FW,Fiorentina,21,1998,9.3,4,21,13,61.9,2.26,1.4,0.19,0.31,14.0,0,0,0,3.9,3.9,0.19,0.1,0.1,Matches,ITA-SERIA_A,19-20
7ba1f1ef,138,Lennart-Marten Czyborra,GER,DF,Atalanta,20,1999,0.2,0,0,0,,0.0,0.0,,,,0,0,0,0.0,0.0,,0.0,0.0,Matches,ITA-SERIA_A,19-20
060606ec,139,Marco D'Alessandro,ITA,"MF,DF",SPAL,28,1991,8.7,2,6,3,50.0,0.69,0.35,0.33,0.67,18.0,0,0,0,0.4,0.4,0.06,1.6,1.6,Matches,ITA-SERIA_A,19-20
44eb9093,140,Danilo D'Ambrosio,ITA,DF,Inter,30,1988,15.6,4,7,4,57.1,0.45,0.26,0.57,1.0,7.5,0,0,0,1.7,1.7,0.25,2.3,2.3,Matches,ITA-SERIA_A,19-20
0c35d28d,141,Felice D'Amico,ITA,MF,Sampdoria,18,2000,0.0,0,1,0,0.0,30.0,0.0,0.0,,18.8,0,0,0,0.0,0.0,0.03,0.0,0.0,Matches,ITA-SERIA_A,19-20
9591723b,142,Jacopo Da Riva,ITA,MF,Atalanta,18,2000,0.0,0,0,0,,0.0,0.0,,,,0,0,0,0.0,0.0,,0.0,0.0,Matches,ITA-SERIA_A,19-20
c53083ad,143,Bryan Dabo,BFA,MF,SPAL,27,1992,12.5,1,8,3,37.5,0.64,0.24,0.13,0.33,22.7,0,0,0,0.9,0.9,0.15,0.1,0.1,Matches,ITA-SERIA_A,19-20
8cea6319,144,Felipe dal Belo,BRA,DF,SPAL,35,1984,11.1,0,6,2,33.3,0.54,0.18,0.0,0.0,11.9,0,0,0,0.7,0.7,0.11,-0.7,-0.7,Matches,ITA-SERIA_A,19-20
f32df091,145,Christian Dalle Mura,ITA,FW,Fiorentina,17,2002,0.0,0,0,0,,0.0,0.0,,,,0,0,0,0.0,0.0,,0.0,0.0,Matches,ITA-SERIA_A,19-20
94b2001f,146,Danilo,BRA,DF,Juventus,28,1991,16.0,2,14,4,28.6,0.87,0.25,0.14,0.5,24.3,0,0,0,0.9,0.9,0.07,1.1,1.1,Matches,ITA-SERIA_A,19-20
263b855a,147,Andrea Danzi,ITA,MF,Hellas Verona,20,1999,0.0,0,0,0,,0.0,0.0,,,,0,0,0,0.0,0.0,,0.0,0.0,Matches,ITA-SERIA_A,19-20
96e0490d,148,Matteo Darmian,ITA,DF,Parma,29,1989,29.8,1,8,2,25.0,0.27,0.07,0.13,0.5,14.7,0,0,0,0.8,0.8,0.1,0.2,0.2,Matches,ITA-SERIA_A,19-20
16bb656a,149,Paweł Dawidowicz,POL,DF,Hellas Verona,24,1995,7.7,1,4,1,25.0,0.52,0.13,0.25,1.0,6.3,0,0,0,0.4,0.4,0.09,0.6,0.6,Matches,ITA-SERIA_A,19-20
952a03fe,150,Sebastien De Maio,FRA,DF,Udinese,32,1987,16.7,0,9,3,33.3,0.54,0.18,0.0,0.0,13.4,0,0,0,1.3,1.3,0.14,-1.3,-1.3,Matches,ITA-SERIA_A,19-20
162efffd,151,Rodrigo De Paul,ARG,MF,Udinese,25,1994,31.4,7,85,29,34.1,2.71,0.92,0.08,0.24,22.1,3,0,0,5.1,5.1,0.06,1.9,1.9,Matches,ITA-SERIA_A,19-20
ae4e2852,152,Mattia De Sciglio,ITA,DF,Juventus,26,1992,5.2,0,1,0,0.0,0.19,0.0,0.0,,25.9,0,0,0,0.0,0.0,0.03,0.0,0.0,Matches,ITA-SERIA_A,19-20
e74f0e59,153,Lorenzo De Silvestri,ITA,DF,Torino,31,1988,24.9,0,22,5,22.7,0.88,0.2,0.0,0.0,12.5,0,0,0,2.3,2.3,0.11,-2.3,-2.3,Matches,ITA-SERIA_A,19-20
854ee61a,154,Grégoire Defrel,MTQ,"FW,MF",Sassuolo,28,1991,10.9,3,20,8,40.0,1.84,0.73,0.1,0.25,18.7,0,1,1,3.1,2.3,0.12,-0.1,-0.3,Matches,ITA-SERIA_A,19-20
7f267d66,155,Alessandro Deiola,ITA,MF,Cagliari,23,1995,0.0,0,0,0,,0.0,0.0,,,,0,0,0,0.0,0.0,,0.0,0.0,Matches,ITA-SERIA_A,19-20
7f267d66,156,Alessandro Deiola,ITA,MF,Lecce,23,1995,8.0,1,9,2,22.2,1.13,0.25,0.11,0.5,22.3,0,0,0,0.4,0.4,0.04,0.6,0.6,Matches,ITA-SERIA_A,19-20
b0243215,157,Cristian Dell'Orco,ITA,DF,Lecce,25,1994,11.2,0,0,0,,0.0,0.0,,,,0,0,0,0.0,0.0,,0.0,0.0,Matches,ITA-SERIA_A,19-20
e3cceee6,158,Merih Demiral,TUR,DF,Juventus,21,1998,4.6,1,2,1,50.0,0.43,0.22,0.5,1.0,9.0,0,0,0,0.3,0.3,0.16,0.7,0.7,Matches,ITA-SERIA_A,19-20
dc3fa3b5,159,Diego Demme,GER,MF,Napoli,27,1991,10.0,1,4,1,25.0,0.4,0.1,0.25,1.0,19.2,0,0,0,0.4,0.4,0.11,0.6,0.6,Matches,ITA-SERIA_A,19-20
5832ebfe,160,Stefano Denswil,SUR,DF,Bologna,26,1993,24.9,0,10,1,10.0,0.4,0.04,0.0,0.0,10.9,0,0,0,1.2,1.2,0.12,-1.2,-1.2,Matches,ITA-SERIA_A,19-20
d97f2e8d,161,Fabio Depaoli,ITA,"MF,DF",Sampdoria,22,1997,20.6,0,26,4,15.4,1.26,0.19,0.0,0.0,21.3,0,0,0,1.1,1.1,0.04,-1.1,-1.1,Matches,ITA-SERIA_A,19-20
2990c466,162,Kastriot Dermaku,ALB,DF,Parma,27,1992,11.4,0,3,2,66.7,0.26,0.18,0.0,0.0,14.1,0,0,0,0.7,0.7,0.25,-0.7,-0.7,Matches,ITA-SERIA_A,19-20
02b2937c,163,Daniele Dessena,ITA,MF,Brescia,32,1987,20.8,2,18,5,27.8,0.87,0.24,0.11,0.4,15.1,0,0,0,1.9,1.9,0.11,0.1,0.1,Matches,ITA-SERIA_A,19-20
d7d32194,164,Mattia Destro,ITA,FW,Bologna,28,1991,2.1,0,5,1,20.0,2.43,0.49,0.0,0.0,15.1,0,0,0,0.6,0.6,0.12,-0.6,-0.6,Matches,ITA-SERIA_A,19-20
d7d32194,165,Mattia Destro,ITA,"FW,MF",Genoa,28,1991,1.7,0,7,4,57.1,4.2,2.4,0.0,0.0,12.9,0,0,0,0.8,0.8,0.11,-0.8,-0.8,Matches,ITA-SERIA_A,19-20
ef94dc2f,166,Samuel Di Carmine,ITA,"FW,MF",Hellas Verona,30,1988,14.4,8,30,14,46.7,2.09,0.97,0.23,0.5,12.4,0,1,2,6.7,5.2,0.17,1.3,1.8,Matches,ITA-SERIA_A,19-20
1fca9171,167,Federico Di Francesco,ITA,FW,SPAL,25,1994,12.0,2,25,9,36.0,2.08,0.75,0.08,0.22,18.5,1,0,0,2.1,2.1,0.09,-0.1,-0.1,Matches,ITA-SERIA_A,19-20
230a2fac,168,Giovanni Di Lorenzo,ITA,DF,Napoli,25,1993,33.0,3,20,6,30.0,0.61,0.18,0.15,0.5,12.8,0,0,0,3.2,3.2,0.16,-0.2,-0.2,Matches,ITA-SERIA_A,19-20
9dc96f10,169,Amad Diallo,CIV,FW,Atalanta,17,2002,0.3,1,1,1,100.0,3.33,3.33,1.0,1.0,21.3,0,0,0,0.0,0.0,0.03,1.0,1.0,Matches,ITA-SERIA_A,19-20
bf309d24,170,Amadou Diawara,GUI,MF,Roma,22,1997,16.9,1,9,3,33.3,0.53,0.18,0.0,0.0,29.0,0,1,1,1.0,0.3,0.03,0.0,-0.3,Matches,ITA-SERIA_A,19-20
0a3065c8,171,Mitchell Dijks,NED,DF,Bologna,26,1993,11.2,0,0,0,,0.0,0.0,,,,0,0,0,0.0,0.0,,0.0,0.0,Matches,ITA-SERIA_A,19-20
970b8574,172,Federico Dimarco,ITA,DF,Hellas Verona,21,1997,5.8,0,13,3,23.1,2.25,0.52,0.0,0.0,20.2,0,0,0,0.7,0.7,0.05,-0.7,-0.7,Matches,ITA-SERIA_A,19-20
970b8574,173,Federico Dimarco,ITA,DF,Inter,21,1997,0.3,0,1,0,0.0,3.33,0.0,0.0,,21.2,0,0,0,0.0,0.0,0.03,0.0,0.0,Matches,ITA-SERIA_A,19-20
933d3b51,174,Koffi Djidji,CIV,DF,Torino,26,1992,9.5,0,0,0,,0.0,0.0,,,,0,0,0,0.0,0.0,,0.0,0.0,Matches,ITA-SERIA_A,19-20
6eee05f1,175,Berat Djimsiti,ALB,DF,Atalanta,26,1993,30.9,2,21,5,23.8,0.68,0.16,0.1,0.4,10.3,0,0,0,2.0,2.0,0.1,0.0,0.0,Matches,ITA-SERIA_A,19-20
20b3a502,176,Nicolás Domínguez,ARG,MF,Bologna,21,1998,7.8,0,10,1,10.0,1.29,0.13,0.0,0.0,24.2,0,0,0,0.4,0.4,0.04,-0.4,-0.4,Matches,ITA-SERIA_A,19-20
22051fbe,177,Giulio Donati,ITA,DF,Lecce,29,1990,19.6,1,9,2,22.2,0.46,0.1,0.11,0.5,23.7,0,0,0,0.3,0.3,0.04,0.7,0.7,Matches,ITA-SERIA_A,19-20
5592007b,178,Alfredo Donnarumma,ITA,FW,Brescia,28,1990,18.7,7,40,13,32.5,2.14,0.69,0.13,0.38,16.4,0,2,2,6.8,5.2,0.13,0.2,-0.2,Matches,ITA-SERIA_A,19-20
08f5afaa,179,Gianluigi Donnarumma,ITA,GK,Milan,20,1999,35.6,0,0,0,,0.0,0.0,,,,0,0,0,0.0,0.0,,0.0,0.0,Matches,ITA-SERIA_A,19-20
085e71a7,180,Bartłomiej Drągowski,POL,GK,Fiorentina,21,1997,31.0,0,0,0,,0.0,0.0,,,,0,0,0,0.0,0.0,,0.0,0.0,Matches,ITA-SERIA_A,19-20
73ddc40c,181,Léo Duarte,BRA,DF,Milan,23,1996,4.5,0,3,0,0.0,0.67,0.0,0.0,,9.6,0,0,0,0.4,0.4,0.13,-0.4,-0.4,Matches,ITA-SERIA_A,19-20
c59f90b0,182,Edgaras Dubickas,LTU,DF,Lecce,21,1998,0.0,0,0,0,,0.0,0.0,,,,0,0,0,0.0,0.0,,0.0,0.0,Matches,ITA-SERIA_A,19-20
528492ea,183,Alfred Duncan,GHA,MF,Fiorentina,26,1993,9.9,1,15,5,33.3,1.52,0.51,0.07,0.2,23.9,0,0,0,0.6,0.6,0.04,0.4,0.4,Matches,ITA-SERIA_A,19-20
528492ea,184,Alfred Duncan,GHA,MF,Sassuolo,26,1993,9.4,1,16,3,18.8,1.71,0.32,0.06,0.33,24.5,0,0,0,1.1,1.1,0.07,-0.1,-0.1,Matches,ITA-SERIA_A,19-20
e0921a4f,185,Paulo Dybala,ARG,"FW,MF",Juventus,25,1993,23.9,11,99,35,35.4,4.13,1.46,0.1,0.29,19.7,10,1,1,9.4,8.6,0.09,1.6,1.4,Matches,ITA-SERIA_A,19-20
3bb7f478,186,Edin Džeko,BIH,FW,Roma,33,1986,31.7,16,122,46,37.7,3.85,1.45,0.13,0.35,13.8,0,0,0,19.0,19.0,0.16,-3.0,-3.0,Matches,ITA-SERIA_A,19-20
756959aa,187,Blerim Džemaili,SUI,MF,Bologna,33,1986,7.8,1,16,4,25.0,2.06,0.52,0.06,0.25,23.7,0,0,0,0.5,0.5,0.03,0.5,0.5,Matches,ITA-SERIA_A,19-20
8697c095,188,Simone Edera,ITA,"MF,FW",Torino,22,1997,4.4,1,15,7,46.7,3.39,1.58,0.07,0.14,20.0,1,0,0,1.2,1.2,0.08,-0.2,-0.2,Matches,ITA-SERIA_A,19-20
f503ea63,189,Albin Ekdal,SWE,MF,Sampdoria,30,1989,26.5,0,16,2,12.5,0.6,0.08,0.0,0.0,21.3,0,0,0,1.5,1.5,0.09,-1.5,-1.5,Matches,ITA-SERIA_A,19-20
cf007308,190,Elif Elmas,MKD,MF,Napoli,19,1999,12.6,1,23,8,34.8,1.83,0.63,0.04,0.13,16.6,0,0,0,2.0,2.0,0.09,-1.0,-1.0,Matches,ITA-SERIA_A,19-20
825b8997,191,Alan Empereur,BRA,DF,Hellas Verona,25,1994,9.5,0,2,0,0.0,0.21,0.0,0.0,,14.0,0,0,0,0.1,0.1,0.05,-0.1,-0.1,Matches,ITA-SERIA_A,19-20
980522ec,192,Christian Eriksen,DEN,MF,Inter,27,1992,7.8,1,24,9,37.5,3.07,1.15,0.04,0.11,21.1,5,0,0,2.0,2.0,0.12,-1.0,-1.0,Matches,ITA-SERIA_A,19-20
7ff93107,193,Sebastiano Esposito,ITA,FW,Inter,17,2002,2.2,1,10,3,30.0,4.52,1.36,0.0,0.0,19.2,1,1,1,1.8,1.0,0.1,-0.8,-1.0,Matches,ITA-SERIA_A,19-20
ae82fa48,194,Valentin Eysseric,FRA,"MF,FW",Hellas Verona,27,1992,3.9,0,5,1,20.0,1.27,0.25,0.0,0.0,20.7,1,0,0,0.2,0.2,0.05,-0.2,-0.2,Matches,ITA-SERIA_A,19-20
ae82fa48,195,Valentin Eysseric,FRA,"FW,MF",Fiorentina,27,1992,0.5,0,2,1,50.0,4.29,2.14,0.0,0.0,26.5,0,0,0,0.0,0.0,0.02,0.0,0.0,Matches,ITA-SERIA_A,19-20
ca8fa0c0,196,Luca Falbo,ITA,DF,Lazio,19,2000,0.0,0,0,0,,0.0,0.0,,,,0,0,0,0.0,0.0,,0.0,0.0,Matches,ITA-SERIA_A,19-20
e23f56c1,197,Filippo Falco,ITA,"FW,MF",Lecce,27,1992,22.4,4,57,22,38.6,2.55,0.98,0.07,0.18,21.9,5,0,0,2.8,2.8,0.05,1.2,1.2,Matches,ITA-SERIA_A,19-20
9f5a610b,198,Wladimiro Falcone,ITA,GK,Sampdoria,24,1995,2.0,0,0,0,,0.0,0.0,,,,0,0,0,0.0,0.0,,0.0,0.0,Matches,ITA-SERIA_A,19-20
440c84ed,199,Iago Falque,ESP,"FW,MF",Torino,29,1990,1.1,0,3,2,66.7,2.65,1.76,0.0,0.0,22.4,0,0,0,0.1,0.1,0.05,-0.1,-0.1,Matches,ITA-SERIA_A,19-20
440c84ed,200,Iago Falque,ESP,MF,Genoa,29,1990,5.8,2,12,2,16.7,2.08,0.35,0.0,0.0,26.8,2,2,3,2.9,0.6,0.05,-0.9,-0.6,Matches,ITA-SERIA_A,19-20
61f2f56a,201,Andri Fannar Baldursson,ISL,MF,Bologna,17,2002,1.6,0,2,0,0.0,1.26,0.0,0.0,,23.5,0,0,0,0.1,0.1,0.04,-0.1,-0.1,Matches,ITA-SERIA_A,19-20
9085dd7c,202,Paolo Faragò,ITA,"DF,MF",Cagliari,26,1993,14.9,1,13,3,23.1,0.87,0.2,0.08,0.33,14.8,0,0,0,1.5,1.5,0.11,-0.5,-0.5,Matches,ITA-SERIA_A,19-20
aae9d04a,203,Davide Faraoni,ITA,DF,Hellas Verona,27,1991,35.9,5,42,14,33.3,1.17,0.39,0.12,0.36,17.7,0,0,0,4.2,4.2,0.1,0.8,0.8,Matches,ITA-SERIA_A,19-20
b7a5bc86,204,Mohamed Fares,ALG,"DF,MF",SPAL,23,1996,4.7,0,7,2,28.6,1.5,0.43,0.0,0.0,24.0,0,0,0,0.2,0.2,0.03,-0.2,-0.2,Matches,ITA-SERIA_A,19-20
157d29b6,205,Diego Farias,BRA,"MF,FW",Lecce,29,1990,9.2,2,23,7,30.4,2.51,0.76,0.09,0.29,20.1,0,0,0,1.7,1.7,0.08,0.3,0.3,Matches,ITA-SERIA_A,19-20
44510fde,206,Andrea Favilli,ITA,FW,Genoa,22,1997,7.3,0,14,3,21.4,1.91,0.41,0.0,0.0,14.1,0,0,0,1.3,1.3,0.09,-1.3,-1.3,Matches,ITA-SERIA_A,19-20
4e358a2d,207,Federico Fazio,ARG,DF,Roma,32,1987,13.5,1,4,1,25.0,0.3,0.07,0.25,1.0,8.6,0,0,0,0.5,0.5,0.12,0.5,0.5,Matches,ITA-SERIA_A,19-20
15d0c248,208,Luiz Felipe,ITA,DF,Lazio,22,1997,22.5,1,8,1,12.5,0.36,0.04,0.13,1.0,12.0,0,0,0,1.0,1.0,0.13,0.0,0.0,Matches,ITA-SERIA_A,19-20
85e51909,209,Lucas Felippe,BRA,"MF,DF",Hellas Verona,19,2000,0.3,0,1,0,0.0,3.21,0.0,0.0,,26.0,0,0,0,0.0,0.0,0.03,0.0,0.0,Matches,ITA-SERIA_A,19-20
d0dbca9f,210,Alex Ferrari,ITA,DF,Sampdoria,25,1994,11.2,0,4,1,25.0,0.36,0.09,0.0,0.0,13.5,0,0,0,0.9,0.9,0.22,-0.9,-0.9,Matches,ITA-SERIA_A,19-20
df301450,211,Sergio Floccari,ITA,FW,SPAL,37,1981,10.5,1,18,6,33.3,1.72,0.57,0.06,0.17,16.3,0,0,0,1.3,1.3,0.07,-0.3,-0.3,Matches,ITA-SERIA_A,19-20
e288d4b3,212,Alessandro Florenzi,ITA,"DF,FW",Roma,28,1991,11.1,0,14,2,14.3,1.26,0.18,0.0,0.0,25.7,0,0,0,0.5,0.5,0.04,-0.5,-0.5,Matches,ITA-SERIA_A,19-20
5313ed43,213,Seko Fofana,CIV,MF,Udinese,24,1995,25.0,3,46,13,28.3,1.84,0.52,0.07,0.23,23.0,0,0,0,3.4,3.4,0.07,-0.4,-0.4,Matches,ITA-SERIA_A,19-20
d80b1835,214,Gianluca Frabotta,ITA,DF,Juventus,20,1999,1.0,0,1,0,0.0,1.0,0.0,0.0,,17.9,0,0,0,0.0,0.0,0.03,0.0,0.0,Matches,ITA-SERIA_A,19-20
98d2c2c4,215,Remo Freuler,SUI,MF,Atalanta,27,1992,26.0,2,19,7,36.8,0.73,0.27,0.11,0.29,18.4,0,0,0,1.6,1.6,0.1,0.4,0.4,Matches,ITA-SERIA_A,19-20
82328faf,216,Daniel Fuzato,BRA,GK,Roma,22,1997,1.0,0,0,0,,0.0,0.0,,,,0,0,0,0.0,0.0,,0.0,0.0,Matches,ITA-SERIA_A,19-20
c235e803,217,Matteo Gabbia,ITA,DF,Milan,19,1999,7.6,0,4,2,50.0,0.53,0.26,0.0,0.0,17.4,0,0,0,0.2,0.2,0.06,-0.2,-0.2,Matches,ITA-SERIA_A,19-20
8f866fe8,218,Manolo Gabbiadini,ITA,FW,Sampdoria,27,1991,22.6,11,85,35,41.2,3.76,1.55,0.12,0.29,21.8,12,1,1,8.1,7.3,0.09,2.9,2.7,Matches,ITA-SERIA_A,19-20
f93ed0df,219,Gabriel,BRA,GK,Lecce,26,1992,33.3,0,0,0,,0.0,0.0,,,,0,0,0,0.0,0.0,,0.0,0.0,Matches,ITA-SERIA_A,19-20
1d00a56c,220,Luca Gagliano,ITA,FW,Cagliari,19,2000,0.6,1,2,2,100.0,3.46,3.46,0.5,0.5,13.1,0,0,0,0.7,0.7,0.33,0.3,0.3,Matches,ITA-SERIA_A,19-20
ce30bfc8,221,Roberto Gagliardini,ITA,MF,Inter,25,1994,20.0,4,34,15,44.1,1.7,0.75,0.12,0.27,16.2,0,0,0,4.7,4.6,0.14,-0.7,-0.6,Matches,ITA-SERIA_A,19-20
173061c0,222,Riccardo Gagliolo,SWE,DF,Parma,29,1990,28.9,3,31,8,25.8,1.07,0.28,0.1,0.38,18.6,0,0,0,2.8,2.8,0.09,0.2,0.2,Matches,ITA-SERIA_A,19-20
13f89eaa,223,Daniele Gastaldello,ITA,DF,Brescia,36,1983,4.3,0,1,0,0.0,0.23,0.0,0.0,,14.0,0,0,0,0.1,0.1,0.05,-0.1,-0.1,Matches,ITA-SERIA_A,19-20
e468c053,224,Gervinho,CIV,FW,Parma,32,1987,25.2,7,56,22,39.3,2.22,0.87,0.13,0.32,15.7,0,0,1,9.4,8.6,0.15,-2.4,-1.6,Matches,ITA-SERIA_A,19-20
dc3a9a0d,225,Rachid Ghezzal,ALG,"MF,FW",Fiorentina,27,1992,9.2,1,11,4,36.4,1.2,0.43,0.09,0.25,21.2,3,0,0,0.5,0.5,0.05,0.5,0.5,Matches,ITA-SERIA_A,19-20
c840baa2,226,Andrea Ghezzi,ITA,"FW,MF",Brescia,18,2001,0.4,0,2,0,0.0,4.86,0.0,0.0,,17.6,0,0,0,0.1,0.1,0.07,-0.1,-0.1,Matches,ITA-SERIA_A,19-20
71dc23da,227,Paolo Ghiglione,ITA,"DF,FW",Genoa,22,1997,19.1,0,23,5,21.7,1.21,0.26,0.0,0.0,22.9,0,0,0,1.8,1.8,0.08,-1.8,-1.8,Matches,ITA-SERIA_A,19-20
7f24b3eb,228,Andrea Ghion,ITA,"FW,MF",Sassuolo,19,2000,0.5,0,1,0,0.0,1.87,0.0,0.0,,20.7,0,0,0,0.1,0.1,0.06,-0.1,-0.1,Matches,ITA-SERIA_A,19-20
c5adc293,229,Faouzi Ghoulam,ALG,DF,Napoli,28,1991,4.2,0,4,2,50.0,0.96,0.48,0.0,0.0,25.0,1,0,0,0.2,0.2,0.04,-0.2,-0.2,Matches,ITA-SERIA_A,19-20
fc4f85b1,230,Diego Godín,URU,DF,Inter,33,1986,18.1,1,11,2,18.2,0.61,0.11,0.09,0.5,13.3,0,0,0,0.9,0.9,0.08,0.1,0.1,Matches,ITA-SERIA_A,19-20
4b029b31,231,Edoardo Goldaniga,ITA,DF,Genoa,25,1993,8.7,1,6,4,66.7,0.69,0.46,0.17,0.25,11.1,0,0,0,1.0,1.0,0.23,0.0,0.0,Matches,ITA-SERIA_A,19-20
f0f7f62f,232,Pierluigi Gollini,ITA,GK,Atalanta,24,1995,32.0,0,0,0,,0.0,0.0,,,,0,0,0,0.0,0.0,,0.0,0.0,Matches,ITA-SERIA_A,19-20
6e4df551,233,Papu Gómez,ARG,"MF,FW",Atalanta,31,1988,31.6,7,95,41,43.2,3.01,1.3,0.07,0.17,20.1,2,0,0,7.8,7.8,0.08,-0.8,-0.8,Matches,ITA-SERIA_A,19-20
2d970560,234,Robin Gosens,GER,DF,Atalanta,25,1994,29.1,9,52,19,36.5,1.79,0.65,0.17,0.47,14.9,0,0,0,5.9,5.9,0.11,3.1,3.1,Matches,ITA-SERIA_A,19-20
6cc97b6a,235,Alberto Grassi,ITA,MF,Parma,24,1995,7.1,1,8,2,25.0,1.12,0.28,0.13,0.5,21.0,0,0,0,0.3,0.3,0.04,0.7,0.7,Matches,ITA-SERIA_A,19-20
ac1f056e,236,Sinan Gümüş,,"FW,MF",Genoa,25,1994,1.1,0,3,2,66.7,2.81,1.87,0.0,0.0,18.0,0,0,0,0.1,0.1,0.05,-0.1,-0.1,Matches,ITA-SERIA_A,19-20
f1f1f238,237,Koray Günter,GER,DF,Hellas Verona,24,1994,30.4,0,6,1,16.7,0.2,0.03,0.0,0.0,13.8,0,0,0,0.4,0.4,0.06,-0.4,-0.4,Matches,ITA-SERIA_A,19-20
74419746,238,Samir Handanović,SVN,GK,Inter,35,1984,35.0,0,0,0,,0.0,0.0,,,,0,0,0,0.0,0.0,,0.0,0.0,Matches,ITA-SERIA_A,19-20
5c397195,239,Lukáš Haraslín,SVK,FW,Sassuolo,23,1996,4.3,1,10,2,20.0,2.34,0.47,0.1,0.5,19.7,0,0,0,1.0,1.0,0.1,0.0,0.0,Matches,ITA-SERIA_A,19-20
3b333ac3,240,Hans Hateboer,NED,DF,Atalanta,25,1994,26.2,0,19,3,15.8,0.73,0.11,0.0,0.0,13.1,0,0,0,2.3,2.3,0.12,-2.3,-2.3,Matches,ITA-SERIA_A,19-20
d7918b13,241,Liam Henderson,SCO,MF,Hellas Verona,23,1996,2.2,0,3,0,0.0,1.38,0.0,0.0,,34.0,0,0,0,0.1,0.1,0.02,-0.1,-0.1,Matches,ITA-SERIA_A,19-20
f45f9427,242,Dalbert Henrique,BRA,"DF,MF",Fiorentina,25,1993,27.6,0,18,5,27.8,0.65,0.18,0.0,0.0,23.9,0,0,0,0.8,0.8,0.05,-0.8,-0.8,Matches,ITA-SERIA_A,19-20
d4c9725f,243,Theo Hernández,FRA,DF,Milan,21,1997,31.3,6,50,17,34.0,1.6,0.54,0.12,0.35,18.1,0,0,0,5.8,5.8,0.12,0.2,0.2,Matches,ITA-SERIA_A,19-20
6f5ead86,244,Hernani,BRA,MF,Parma,25,1994,26.9,0,35,8,22.9,1.3,0.3,0.0,0.0,26.7,8,0,0,1.3,1.3,0.04,-1.3,-1.3,Matches,ITA-SERIA_A,19-20
8a08491a,245,Gonzalo Higuaín,ARG,FW,Juventus,31,1987,20.7,8,75,33,44.0,3.62,1.59,0.11,0.24,15.4,0,0,0,9.7,9.7,0.13,-1.7,-1.7,Matches,ITA-SERIA_A,19-20
4ce8f4a3,246,Krisztofer Horváth,HUN,"FW,DF",SPAL,17,2002,0.5,0,1,0,0.0,2.05,0.0,0.0,,27.7,0,0,0,0.0,0.0,0.02,0.0,0.0,Matches,ITA-SERIA_A,19-20
2f3452eb,247,Elseid Hysaj,ALB,DF,Napoli,25,1994,16.5,1,5,3,60.0,0.3,0.18,0.2,0.33,20.4,0,0,0,0.2,0.2,0.04,0.8,0.8,Matches,ITA-SERIA_A,19-20
63071a3f,248,Simone Iacoponi,ITA,DF,Parma,32,1987,33.9,2,10,2,20.0,0.29,0.06,0.2,1.0,9.5,0,0,0,1.3,1.3,0.13,0.7,0.7,Matches,ITA-SERIA_A,19-20
82efe6fa,249,Roger Ibanez,BRA,DF,Roma,20,1998,6.8,0,3,0,0.0,0.44,0.0,0.0,,9.2,0,0,0,0.3,0.3,0.1,-0.3,-0.3,Matches,ITA-SERIA_A,19-20
4cde5509,250,Zlatan Ibrahimović,SWE,FW,Milan,37,1981,15.1,10,63,18,28.6,4.16,1.19,0.13,0.44,16.9,8,2,3,10.6,8.3,0.13,-0.6,-0.3,Matches,ITA-SERIA_A,19-20
a4e85758,251,Igor,BRA,DF,SPAL,21,1998,14.9,0,4,1,25.0,0.27,0.07,0.0,0.0,25.4,0,0,0,0.1,0.1,0.03,-0.1,-0.1,Matches,ITA-SERIA_A,19-20
a4e85758,252,Igor,BRA,DF,Fiorentina,21,1998,6.8,0,1,0,0.0,0.15,0.0,0.0,,12.0,0,0,0,0.1,0.1,0.06,-0.1,-0.1,Matches,ITA-SERIA_A,19-20
68252d6d,253,Josip Iličić,SVN,"FW,MF",Atalanta,31,1988,18.5,15,81,36,44.4,4.38,1.95,0.19,0.42,18.6,8,0,0,10.2,10.2,0.13,4.8,4.8,Matches,ITA-SERIA_A,19-20
b86fe156,254,Giannelli Imbula,COD,MF,Lecce,26,1992,1.4,0,0,0,,0.0,0.0,,,,0,0,0,0.0,0.0,,0.0,0.0,Matches,ITA-SERIA_A,19-20
4431aed2,255,Ciro Immobile,ITA,FW,Lazio,29,1990,35.2,36,127,56,44.1,3.61,1.59,0.17,0.39,17.3,0,14,15,27.2,15.3,0.12,8.8,6.7,Matches,ITA-SERIA_A,19-20
6c1f7328,256,Roberto Inglese,ITA,FW,Parma,27,1991,8.5,4,23,10,43.5,2.7,1.17,0.17,0.4,13.6,0,0,1,5.3,4.5,0.2,-1.3,-0.5,Matches,ITA-SERIA_A,19-20
2f557579,257,Lorenzo Insigne,ITA,"FW,MF",Napoli,28,1991,31.2,8,116,38,32.8,3.72,1.22,0.03,0.08,20.6,7,5,5,12.5,8.6,0.07,-4.5,-5.6,Matches,ITA-SERIA_A,19-20
cedb3e36,258,Artur Ioniță,MDA,MF,Cagliari,28,1990,21.1,0,17,3,17.6,0.81,0.14,0.0,0.0,20.0,0,0,0,1.3,1.3,0.08,-1.3,-1.3,Matches,ITA-SERIA_A,19-20
103b7264,259,Jakub Iskra,POL,DF,SPAL,16,2002,0.9,0,1,0,0.0,1.15,0.0,0.0,,14.8,0,0,0,0.1,0.1,0.07,-0.1,-0.1,Matches,ITA-SERIA_A,19-20
89976232,260,Armando Izzo,ITA,DF,Torino,27,1992,29.8,1,12,4,33.3,0.4,0.13,0.08,0.25,10.3,0,0,0,1.7,1.7,0.14,-0.7,-0.7,Matches,ITA-SERIA_A,19-20
4cdcbc14,261,Filip Jagiełło,POL,MF,Genoa,21,1997,6.1,0,5,1,20.0,0.81,0.16,0.0,0.0,20.8,1,0,0,0.3,0.3,0.06,-0.3,-0.3,Matches,ITA-SERIA_A,19-20
8c65eb5f,262,Mato Jajalo,BIH,MF,Udinese,31,1988,18.3,0,16,7,43.8,0.87,0.38,0.0,0.0,28.1,1,0,0,0.4,0.4,0.03,-0.4,-0.4,Matches,ITA-SERIA_A,19-20
9866afec,263,Marko Janković,MNE,"FW,DF",SPAL,24,1995,1.3,0,1,0,0.0,0.78,0.0,0.0,,16.1,0,0,0,0.1,0.1,0.06,-0.1,-0.1,Matches,ITA-SERIA_A,19-20
1ea5f91c,264,Jakub Jankto,CZE,"MF,FW",Sampdoria,23,1996,23.3,2,42,10,23.8,1.8,0.43,0.05,0.2,19.4,0,0,0,2.5,2.5,0.06,-0.5,-0.5,Matches,ITA-SERIA_A,19-20
79083382,265,Juan Jesus,BRA,DF,Roma,28,1991,1.5,0,0,0,,0.0,0.0,,,,0,0,0,0.0,0.0,,0.0,0.0,Matches,ITA-SERIA_A,19-20
244f57b9,266,Jony,ESP,"DF,FW",Lazio,28,1991,13.1,0,11,1,9.1,0.84,0.08,0.0,0.0,25.0,1,0,0,0.3,0.3,0.03,-0.3,-0.3,Matches,ITA-SERIA_A,19-20
7f66ea09,267,Jesse Joronen,FIN,GK,Brescia,26,1993,29.0,0,0,0,,0.0,0.0,,,,0,0,0,0.0,0.0,,0.0,0.0,Matches,ITA-SERIA_A,19-20
570bb4b9,268,Hamed Junior Traorè,CIV,"MF,FW",Sassuolo,19,2000,17.4,4,46,23,50.0,2.64,1.32,0.09,0.17,19.7,3,0,0,5.2,5.2,0.11,-1.2,-1.2,Matches,ITA-SERIA_A,19-20
7737dee2,269,Musa Juwara,GAM,"FW,MF",Bologna,17,2001,1.7,1,6,4,66.7,3.53,2.35,0.17,0.25,18.2,0,0,0,0.3,0.3,0.05,0.7,0.7,Matches,ITA-SERIA_A,19-20
d4931a5a,270,Nikola Kalinić,CRO,FW,Roma,31,1988,6.3,5,19,8,42.1,2.99,1.26,0.26,0.63,9.3,0,0,0,5.7,5.7,0.3,-0.7,-0.7,Matches,ITA-SERIA_A,19-20
8b66d9cc,271,Yann Karamoh,FRA,"FW,MF",Parma,21,1998,6.4,1,11,4,36.4,1.73,0.63,0.09,0.25,19.0,0,0,0,0.6,0.6,0.06,0.4,0.4,Matches,ITA-SERIA_A,19-20
05e19d6a,272,Franck Kessié,CIV,MF,Milan,22,1996,32.3,4,38,11,28.9,1.18,0.34,0.05,0.18,18.7,0,2,2,4.6,3.0,0.08,-0.6,-1.0,Matches,ITA-SERIA_A,19-20
38ac43d3,273,Sami Khedira,GER,MF,Juventus,32,1987,7.6,0,12,3,25.0,1.59,0.4,0.0,0.0,15.4,0,0,0,1.2,1.2,0.1,-1.2,-1.2,Matches,ITA-SERIA_A,19-20
8b8a56ce,274,Simon Kjær,DEN,DF,Atalanta,30,1989,3.2,0,1,1,100.0,0.31,0.31,0.0,0.0,9.3,0,0,0,0.1,0.1,0.06,-0.1,-0.1,Matches,ITA-SERIA_A,19-20
8b8a56ce,275,Simon Kjær,DEN,DF,Milan,30,1989,13.8,0,6,1,16.7,0.44,0.07,0.0,0.0,11.2,0,0,0,0.5,0.5,0.09,-0.5,-0.5,Matches,ITA-SERIA_A,19-20
008a6e6d,276,Ragnar Klavan,EST,DF,Cagliari,33,1985,26.2,0,4,0,0.0,0.15,0.0,0.0,,18.3,0,0,0,0.2,0.2,0.06,-0.2,-0.2,Matches,ITA-SERIA_A,19-20
4c3a6744,277,Justin Kluivert,NED,FW,Roma,20,1999,16.8,4,34,11,32.4,2.02,0.65,0.12,0.36,21.9,0,0,0,2.5,2.5,0.07,1.5,1.5,Matches,ITA-SERIA_A,19-20
eda40760,278,Aleksandar Kolarov,SRB,DF,Roma,33,1985,30.4,7,68,17,25.0,2.24,0.56,0.07,0.29,26.1,27,2,4,6.7,3.5,0.05,0.3,1.5,Matches,ITA-SERIA_A,19-20
58e933d2,279,Christian Kouamé,CIV,"FW,MF",Fiorentina,21,1997,3.3,1,10,3,30.0,2.99,0.9,0.1,0.33,14.9,0,0,0,1.1,1.1,0.11,-0.1,-0.1,Matches,ITA-SERIA_A,19-20
58e933d2,280,Christian Kouamé,CIV,FW,Genoa,21,1997,10.2,5,22,9,40.9,2.16,0.89,0.23,0.56,16.3,0,0,0,1.8,1.8,0.08,3.2,3.2,Matches,ITA-SERIA_A,19-20
da974c7b,281,Kalidou Koulibaly,SEN,DF,Napoli,28,1991,23.4,0,14,4,28.6,0.6,0.17,0.0,0.0,13.7,0,0,0,0.8,0.8,0.05,-0.8,-0.8,Matches,ITA-SERIA_A,19-20
58027adc,282,Ladislav Krejčí,CZE,DF,Bologna,27,1992,11.7,1,3,1,33.3,0.26,0.09,0.33,1.0,11.1,0,0,0,0.5,0.5,0.18,0.5,0.5,Matches,ITA-SERIA_A,19-20
817c6964,283,Rade Krunić,BIH,"MF,FW",Milan,25,1993,6.0,0,6,2,33.3,1.01,0.34,0.0,0.0,19.9,0,0,0,0.5,0.5,0.08,-0.5,-0.5,Matches,ITA-SERIA_A,19-20
5aaef9ef,284,Juraj Kucka,SVK,"MF,FW",Parma,32,1987,21.5,6,46,10,21.7,2.14,0.47,0.09,0.4,21.5,3,2,2,4.8,3.3,0.07,1.2,0.7,Matches,ITA-SERIA_A,19-20
df3cda47,285,Dejan Kulusevski,SWE,"FW,MF",Parma,19,2000,32.6,10,61,25,41.0,1.87,0.77,0.15,0.36,16.9,0,1,1,6.7,5.9,0.1,3.3,3.1,Matches,ITA-SERIA_A,19-20
a40819d9,286,Marash Kumbulla,ALB,DF,Hellas Verona,19,2000,21.7,1,9,4,44.4,0.42,0.18,0.11,0.25,7.4,0,0,0,1.7,1.7,0.19,-0.7,-0.7,Matches,ITA-SERIA_A,19-20
144607cc,287,Jasmin Kurtić,SVN,MF,SPAL,30,1989,15.7,2,47,11,23.4,3.0,0.7,0.04,0.18,22.5,5,0,0,2.4,2.4,0.05,-0.4,-0.4,Matches,ITA-SERIA_A,19-20
144607cc,288,Jasmin Kurtić,SVN,"MF,FW",Parma,30,1989,18.5,2,23,7,30.4,1.24,0.38,0.09,0.29,26.3,0,0,0,0.7,0.7,0.03,1.3,1.3,Matches,ITA-SERIA_A,19-20
0a483542,289,Giorgos Kyriakopoulos,GRE,DF,Sassuolo,23,1996,18.3,0,21,8,38.1,1.15,0.44,0.0,0.0,23.9,2,0,0,0.8,0.8,0.04,-0.8,-0.8,Matches,ITA-SERIA_A,19-20
822a7761,290,Antonino La Gumina,ITA,FW,Sampdoria,23,1996,2.1,0,4,2,50.0,1.94,0.97,0.0,0.0,13.9,0,0,0,0.2,0.2,0.06,-0.2,-0.2,Matches,ITA-SERIA_A,19-20
c375dfa5,291,Andrea La Mantia,ITA,FW,Lecce,28,1991,6.1,2,21,7,33.3,3.42,1.14,0.1,0.29,11.9,0,0,0,3.9,3.9,0.2,-1.9,-1.9,Matches,ITA-SERIA_A,19-20
ff4296df,292,Riccardo Ladinetti,ITA,MF,Cagliari,18,2000,1.4,0,0,0,,0.0,0.0,,,,0,0,0,0.0,0.0,,0.0,0.0,Matches,ITA-SERIA_A,19-20
2ead2809,293,Gianluca Lapadula,PER,FW,Lecce,29,1990,19.8,11,59,22,37.3,2.98,1.11,0.15,0.41,14.2,0,2,2,9.8,8.2,0.14,1.2,0.8,Matches,ITA-SERIA_A,19-20
fed5f993,294,Danilo Larangeira,BRA,DF,Bologna,35,1984,29.3,2,8,2,25.0,0.27,0.07,0.25,1.0,16.0,0,0,0,0.9,0.9,0.11,1.1,1.1,Matches,ITA-SERIA_A,19-20
09538fdb,295,Kevin Lasagna,ITA,FW,Udinese,26,1992,28.5,10,79,34,43.0,2.77,1.19,0.13,0.29,15.1,1,0,0,10.6,10.6,0.13,-0.6,-0.6,Matches,ITA-SERIA_A,19-20
3535098b,296,Vincent Laurini,FRA,DF,Parma,30,1989,9.8,0,0,0,,0.0,0.0,,,,0,0,0,0.0,0.0,,0.0,0.0,Matches,ITA-SERIA_A,19-20
f26e3c59,297,Diego Laxalt,URU,"DF,MF",Torino,26,1993,6.6,0,5,1,20.0,0.76,0.15,0.0,0.0,19.2,0,0,0,0.4,0.4,0.08,-0.4,-0.4,Matches,ITA-SERIA_A,19-20
f26e3c59,298,Diego Laxalt,URU,DF,Milan,26,1993,1.9,0,1,1,100.0,0.52,0.52,0.0,0.0,22.5,0,0,0,0.0,0.0,0.03,0.0,0.0,Matches,ITA-SERIA_A,19-20
016ff750,299,Valentino Lazaro,AUT,DF,Inter,23,1996,3.6,0,3,0,0.0,0.84,0.0,0.0,,21.7,0,0,0,0.1,0.1,0.03,-0.1,-0.1,Matches,ITA-SERIA_A,19-20
5128bde4,300,Darko Lazović,SRB,DF,Hellas Verona,28,1990,36.0,3,36,17,47.2,1.0,0.47,0.08,0.18,17.4,1,0,0,2.3,2.3,0.06,0.7,0.7,Matches,ITA-SERIA_A,19-20
02caf6e0,301,Manuel Lazzari,ITA,DF,Lazio,25,1993,28.3,0,15,9,60.0,0.53,0.32,0.0,0.0,17.1,0,0,0,1.3,1.3,0.09,-1.3,-1.3,Matches,ITA-SERIA_A,19-20
20730eae,302,Rafael Leão,POR,FW,Milan,20,1999,15.6,6,44,15,34.1,2.82,0.96,0.14,0.4,16.1,0,0,0,4.3,4.3,0.1,1.7,1.7,Matches,ITA-SERIA_A,19-20
4c78b5ed,303,Lucas Leiva,BRA,MF,Lazio,32,1987,20.1,0,10,3,30.0,0.5,0.15,0.0,0.0,21.4,0,0,0,0.5,0.5,0.05,-0.5,-0.5,Matches,ITA-SERIA_A,19-20
1b82f8df,304,Lukas Lerager,DEN,MF,Genoa,26,1993,15.4,1,14,5,35.7,0.91,0.32,0.07,0.2,15.4,0,0,0,0.8,0.8,0.06,0.2,0.2,Matches,ITA-SERIA_A,19-20
7d3cbc67,305,Mehdi Léris,ALG,"MF,FW",Sampdoria,21,1998,5.7,1,12,4,33.3,2.12,0.71,0.08,0.25,21.1,1,0,0,0.6,0.5,0.04,0.4,0.5,Matches,ITA-SERIA_A,19-20
4a6914ff,306,Karlo Letica,CRO,GK,SPAL,22,1997,10.0,0,0,0,,0.0,0.0,,,,0,0,0,0.0,0.0,,0.0,0.0,Matches,ITA-SERIA_A,19-20
d6e53a3a,307,Matthijs de Ligt,NED,DF,Juventus,19,1999,27.2,4,18,9,50.0,0.66,0.33,0.22,0.44,14.5,0,0,0,2.4,2.4,0.13,1.6,1.6,Matches,ITA-SERIA_A,19-20
59be3a74,308,Anderson Lima,BRA,"MF,DF",Lazio,19,1999,0.7,0,5,2,40.0,7.26,2.9,0.0,0.0,23.6,0,0,0,0.2,0.2,0.05,-0.2,-0.2,Matches,ITA-SERIA_A,19-20
d023d70f,309,Karol Linetty,POL,MF,Sampdoria,24,1995,22.4,4,32,9,28.1,1.43,0.4,0.13,0.44,21.3,0,0,0,1.8,1.8,0.06,2.2,2.2,Matches,ITA-SERIA_A,19-20
ff800ed8,310,Pol Lirola,ESP,DF,Fiorentina,21,1997,29.4,0,24,8,33.3,0.82,0.27,0.0,0.0,18.4,0,0,0,1.5,1.5,0.06,-1.5,-1.5,Matches,ITA-SERIA_A,19-20
82dbf623,311,Fernando Llorente,ESP,FW,Napoli,34,1985,5.6,3,33,11,33.3,5.93,1.98,0.09,0.27,10.5,0,0,0,4.8,4.8,0.14,-1.8,-1.8,Matches,ITA-SERIA_A,19-20
e1cbb531,312,Stanislav Lobotka,SVK,MF,Napoli,24,1994,8.4,0,2,0,0.0,0.24,0.0,0.0,,15.5,0,0,0,0.1,0.1,0.06,-0.1,-0.1,Matches,ITA-SERIA_A,19-20
a8a874f1,313,Manuel Locatelli,ITA,MF,Sassuolo,21,1998,28.7,0,32,5,15.6,1.11,0.17,0.0,0.0,25.1,5,0,0,1.5,1.5,0.05,-1.5,-1.5,Matches,ITA-SERIA_A,19-20
20b9f052,314,Pau López,ESP,GK,Roma,24,1994,32.0,0,0,0,,0.0,0.0,,,,0,0,0,0.0,0.0,,0.0,0.0,Matches,ITA-SERIA_A,19-20
5fa57166,315,Matteo Lovato,ITA,DF,Hellas Verona,19,2000,0.1,0,0,0,,0.0,0.0,,,,0,0,0,0.0,0.0,,0.0,0.0,Matches,ITA-SERIA_A,19-20
a69e4806,316,Hirving Lozano,MEX,"FW,MF",Napoli,24,1995,11.4,4,34,13,38.2,2.99,1.14,0.12,0.31,16.1,0,0,0,4.2,4.2,0.12,-0.2,-0.2,Matches,ITA-SERIA_A,19-20
8efa621b,317,Fabio Lucioni,ITA,DF,Lecce,31,1987,34.8,3,14,4,28.6,0.4,0.11,0.21,0.75,13.0,0,0,0,1.7,1.7,0.12,1.3,1.3,Matches,ITA-SERIA_A,19-20
921f6058,318,José Luis Palomino,ARG,DF,Atalanta,29,1990,27.6,2,16,3,18.8,0.58,0.11,0.13,0.67,10.9,0,0,0,3.2,3.2,0.2,-1.2,-1.2,Matches,ITA-SERIA_A,19-20
0cd0e21b,319,Jordan Lukaku,BEL,DF,Lazio,25,1994,4.4,0,2,0,0.0,0.45,0.0,0.0,,17.8,0,0,0,0.1,0.1,0.04,-0.1,-0.1,Matches,ITA-SERIA_A,19-20
5eae500a,320,Romelu Lukaku,BEL,FW,Inter,26,1993,33.1,23,93,41,44.1,2.81,1.24,0.18,0.41,14.9,1,6,6,19.0,14.3,0.15,4.0,2.7,Matches,ITA-SERIA_A,19-20
c6e8cf1f,321,Saša Lukić,SRB,MF,Torino,22,1996,20.7,1,17,4,23.5,0.82,0.19,0.06,0.25,19.7,0,0,0,1.1,1.1,0.07,-0.1,-0.1,Matches,ITA-SERIA_A,19-20
7fd58fe3,322,Senad Lulić,BIH,DF,Lazio,33,1986,17.5,0,15,3,20.0,0.86,0.17,0.0,0.0,16.1,0,0,0,1.2,1.2,0.08,-1.2,-1.2,Matches,ITA-SERIA_A,19-20
997fff07,323,Sebastiano Luperto,ITA,DF,Napoli,22,1996,5.9,0,1,0,0.0,0.17,0.0,0.0,,29.1,0,0,0,0.0,0.0,0.02,0.0,0.0,Matches,ITA-SERIA_A,19-20
b5bf1770,324,Lyanco,BRA,DF,Torino,22,1997,13.1,0,5,0,0.0,0.38,0.0,0.0,,33.2,0,0,0,0.1,0.1,0.03,-0.1,-0.1,Matches,ITA-SERIA_A,19-20
5efc5389,325,Charalambos Lykogiannis,GRE,DF,Cagliari,25,1993,14.9,0,14,3,21.4,0.94,0.2,0.0,0.0,27.4,4,0,0,0.6,0.6,0.04,-0.6,-0.6,Matches,ITA-SERIA_A,19-20
07767f42,326,Francesco Magnanelli,ITA,MF,Sassuolo,34,1984,15.5,0,9,0,0.0,0.58,0.0,0.0,,27.4,0,0,0,0.3,0.3,0.04,-0.3,-0.3,Matches,ITA-SERIA_A,19-20
cce9f582,327,Giangiacomo Magnani,ITA,DF,Brescia,23,1995,1.3,0,2,1,50.0,1.57,0.78,0.0,0.0,11.1,0,0,0,0.2,0.2,0.08,-0.2,-0.2,Matches,ITA-SERIA_A,19-20
cce9f582,328,Giangiacomo Magnani,ITA,DF,Sassuolo,23,1995,1.6,1,2,2,100.0,1.24,1.24,0.5,0.5,5.1,0,0,0,0.8,0.8,0.39,0.2,0.2,Matches,ITA-SERIA_A,19-20
bf13975c,329,Žan Majer,SVN,MF,Lecce,27,1992,18.5,1,20,8,40.0,1.08,0.43,0.05,0.13,21.4,1,0,0,1.8,1.8,0.09,-0.8,-0.8,Matches,ITA-SERIA_A,19-20
16b9d5cf,330,Nikola Maksimović,SRB,DF,Napoli,27,1991,20.0,1,4,1,25.0,0.2,0.05,0.25,1.0,11.3,0,0,0,0.4,0.4,0.1,0.6,0.6,Matches,ITA-SERIA_A,19-20
d6a889ea,331,Kévin Malcuit,MAR,DF,Napoli,28,1991,2.8,0,2,0,0.0,0.7,0.0,0.0,,23.7,0,0,0,0.1,0.1,0.03,-0.1,-0.1,Matches,ITA-SERIA_A,19-20
801831fe,332,Daniel Maldini,ITA,"FW,MF",Milan,17,2001,0.3,0,0,0,,0.0,0.0,,,,0,0,0,0.0,0.0,,0.0,0.0,Matches,ITA-SERIA_A,19-20
48d5bd33,333,Ruslan Malinovskyi,UKR,"MF,FW",Atalanta,26,1993,17.1,8,78,27,34.6,4.57,1.58,0.1,0.3,24.8,12,0,1,4.4,3.6,0.05,3.6,4.4,Matches,ITA-SERIA_A,19-20
5aa53281,334,Gianluca Mancini,ITA,"DF,MF",Roma,23,1996,30.4,1,21,5,23.8,0.69,0.16,0.05,0.2,11.5,0,0,0,2.6,2.6,0.13,-1.6,-1.6,Matches,ITA-SERIA_A,19-20
2c3a6c21,335,Marco Mancosu,ITA,"MF,FW",Lecce,30,1988,27.1,14,73,22,30.1,2.69,0.81,0.07,0.23,21.4,10,9,11,15.5,6.9,0.09,-1.5,-1.9,Matches,ITA-SERIA_A,19-20
c7259b83,336,Rolando Mandragora,ITA,MF,Udinese,22,1997,22.8,0,55,8,14.5,2.41,0.35,0.0,0.0,21.2,5,0,0,3.6,3.6,0.07,-3.6,-3.6,Matches,ITA-SERIA_A,19-20
33914f14,337,Massimiliano Mangraviti,ITA,DF,Brescia,21,1998,10.8,0,3,0,0.0,0.28,0.0,0.0,,9.7,0,0,0,0.3,0.3,0.09,-0.3,-0.3,Matches,ITA-SERIA_A,19-20
c707411f,338,Kostas Manolas,GRE,DF,Napoli,28,1991,24.2,4,17,7,41.2,0.7,0.29,0.24,0.57,11.4,0,0,0,1.6,1.6,0.1,2.4,2.4,Matches,ITA-SERIA_A,19-20
d8dfae8a,339,Giacomo Manzari,ITA,"FW,MF",Sassuolo,18,2000,0.2,0,0,0,,0.0,0.0,,,,0,0,0,0.0,0.0,,0.0,0.0,Matches,ITA-SERIA_A,19-20
8650af85,340,Gian Marco Ferrari,ITA,DF,Sassuolo,27,1992,21.1,0,12,2,16.7,0.57,0.09,0.0,0.0,9.0,0,0,0,1.3,1.3,0.11,-1.3,-1.3,Matches,ITA-SERIA_A,19-20
66a9470c,341,Federico Marigosu,ITA,MF,Cagliari,18,2001,0.3,0,0,0,,0.0,0.0,,,,0,0,0,0.0,0.0,,0.0,0.0,Matches,ITA-SERIA_A,19-20
cdf65d12,342,Marlon,BRA,DF,Sassuolo,23,1995,20.2,0,4,1,25.0,0.2,0.05,0.0,0.0,15.1,0,0,0,0.7,0.7,0.18,-0.7,-0.7,Matches,ITA-SERIA_A,19-20
e01ca8f4,343,Gonzalo Maroni,ARG,"MF,FW",Sampdoria,20,1999,2.0,0,4,1,25.0,1.99,0.5,0.0,0.0,27.5,1,0,1,1.0,0.2,0.05,-1.0,-0.2,Matches,ITA-SERIA_A,19-20
1e12c53b,344,Bruno Martella,ITA,DF,Brescia,26,1992,14.1,0,10,2,20.0,0.71,0.14,0.0,0.0,23.9,1,0,0,0.3,0.3,0.03,-0.3,-0.3,Matches,ITA-SERIA_A,19-20
f7036e1c,345,Lautaro Martínez,ARG,FW,Inter,21,1997,27.2,14,122,41,33.6,4.48,1.5,0.1,0.29,15.9,1,2,3,14.6,12.3,0.1,-0.6,-0.3,Matches,ITA-SERIA_A,19-20
d4535821,346,Adam Marušić,MNE,DF,Lazio,26,1992,10.5,2,11,6,54.5,1.05,0.57,0.18,0.33,12.6,0,0,0,1.9,1.9,0.17,0.1,0.1,Matches,ITA-SERIA_A,19-20
e0314d87,347,Andrea Masiello,ITA,DF,Genoa,33,1986,14.7,0,7,1,14.3,0.48,0.07,0.0,0.0,22.2,0,0,0,0.3,0.3,0.05,-0.3,-0.3,Matches,ITA-SERIA_A,19-20
e0314d87,348,Andrea Masiello,ITA,DF,Atalanta,33,1986,6.0,0,0,0,,0.0,0.0,,,,0,0,0,0.0,0.0,,0.0,0.0,Matches,ITA-SERIA_A,19-20
deb748c9,349,Aleš Matějů,CZE,DF,Brescia,23,1996,28.3,0,6,4,66.7,0.21,0.14,0.0,0.0,14.5,0,0,0,0.4,0.4,0.06,-0.4,-0.4,Matches,ITA-SERIA_A,19-20
58d97e77,350,Alessandro Matri,ITA,"FW,MF",Brescia,34,1984,1.0,0,6,1,16.7,6.07,1.01,0.0,0.0,16.0,0,0,0,0.4,0.4,0.06,-0.4,-0.4,Matches,ITA-SERIA_A,19-20
fba81826,351,Federico Mattiello,ITA,DF,Cagliari,24,1995,10.3,0,7,2,28.6,0.68,0.19,0.0,0.0,21.8,0,0,0,0.2,0.2,0.03,-0.2,-0.2,Matches,ITA-SERIA_A,19-20
c0cddebe,352,Blaise Matuidi,FRA,MF,Juventus,32,1987,24.9,0,14,6,42.9,0.56,0.24,0.0,0.0,20.0,0,0,0,0.9,0.9,0.06,-0.9,-0.9,Matches,ITA-SERIA_A,19-20
dc61b402,353,Luca Mazzitelli,ITA,MF,Sassuolo,23,1995,0.1,0,0,0,,0.0,0.0,,,,0,0,0,0.0,0.0,,0.0,0.0,Matches,ITA-SERIA_A,19-20
cfbf9881,354,Ibrahima Mbaye,SEN,DF,Bologna,24,1994,16.7,0,6,1,16.7,0.36,0.06,0.0,0.0,11.9,0,0,0,0.7,0.7,0.12,-0.7,-0.7,Matches,ITA-SERIA_A,19-20
1eeeff8a,355,Biagio Meccariello,ITA,DF,Lecce,28,1991,8.5,1,6,2,33.3,0.7,0.23,0.17,0.5,15.1,0,0,0,0.4,0.4,0.07,0.6,0.6,Matches,ITA-SERIA_A,19-20
563a68ad,356,Gary Medel,CHI,MF,Bologna,31,1987,19.8,0,5,1,20.0,0.25,0.05,0.0,0.0,26.6,0,0,0,0.2,0.2,0.04,-0.2,-0.2,Matches,ITA-SERIA_A,19-20
5cec2c74,357,Soualiho Meïté,FRA,MF,Torino,25,1994,24.5,0,23,3,13.0,0.94,0.12,0.0,0.0,23.7,0,0,0,1.2,1.2,0.05,-1.2,-1.2,Matches,ITA-SERIA_A,19-20
9413b19f,358,Alex Meret,ITA,GK,Napoli,22,1997,21.7,0,0,0,,0.0,0.0,,,,0,0,0,0.0,0.0,,0.0,0.0,Matches,ITA-SERIA_A,19-20
c730da00,359,Yıldırım Mert Çetin,TUR,DF,Roma,22,1997,2.9,0,3,0,0.0,1.05,0.0,0.0,,11.9,0,0,0,0.2,0.2,0.07,-0.2,-0.2,Matches,ITA-SERIA_A,19-20
89b2c8a9,360,Dries Mertens,BEL,FW,Napoli,32,1987,18.8,9,76,23,30.3,4.05,1.23,0.12,0.39,19.9,4,0,0,6.0,6.0,0.08,3.0,3.0,Matches,ITA-SERIA_A,19-20
e63e122d,361,Kingsley Michael,NGA,MF,Bologna,19,1999,0.8,0,0,0,,0.0,0.0,,,,0,0,0,0.0,0.0,,0.0,0.0,Matches,ITA-SERIA_A,19-20
bee704fc,362,Nikola Milenković,SRB,DF,Fiorentina,21,1997,36.2,5,29,12,41.4,0.8,0.33,0.17,0.42,14.5,0,0,0,2.6,2.6,0.09,2.4,2.4,Matches,ITA-SERIA_A,19-20
85613cf0,363,Arkadiusz Milik,POL,FW,Napoli,25,1994,19.4,11,68,29,42.6,3.5,1.49,0.16,0.38,13.7,3,0,0,9.8,9.8,0.15,1.2,1.2,Matches,ITA-SERIA_A,19-20
4e6dbac4,364,Sergej Milinković-Savić,SRB,MF,Lazio,24,1995,33.7,7,87,25,28.7,2.59,0.74,0.08,0.28,18.2,7,0,0,6.6,6.6,0.08,0.4,0.4,Matches,ITA-SERIA_A,19-20
6817095b,365,Vincenzo Millico,ITA,"MF,FW",Torino,18,2000,2.4,0,6,0,0.0,2.5,0.0,0.0,,25.8,0,0,0,0.2,0.2,0.03,-0.2,-0.2,Matches,ITA-SERIA_A,19-20
30223b33,366,Antonio Mirante,ITA,GK,Roma,36,1983,5.0,0,0,0,,0.0,0.0,,,,0,0,0,0.0,0.0,,0.0,0.0,Matches,ITA-SERIA_A,19-20
331c0a43,367,Simone Missiroli,ITA,MF,SPAL,33,1986,31.1,1,12,2,16.7,0.39,0.06,0.08,0.5,19.1,0,0,0,0.7,0.7,0.06,0.3,0.3,Matches,ITA-SERIA_A,19-20
dd0daf32,368,Henrikh Mkhitaryan,ARM,"MF,FW",Roma,30,1989,17.0,9,43,17,39.5,2.53,1.0,0.21,0.53,17.4,0,0,0,5.7,5.7,0.13,3.3,3.3,Matches,ITA-SERIA_A,19-20
c4efe2b4,369,Gabriele Moncini,ITA,"FW,MF",SPAL,23,1996,1.7,0,3,0,0.0,1.75,0.0,0.0,,9.7,0,0,0,0.6,0.6,0.2,-0.6,-0.6,Matches,ITA-SERIA_A,19-20
31b252fc,370,Ilario Monterisi,ITA,DF,Lecce,17,2001,0.0,0,0,0,,0.0,0.0,,,,0,0,0,0.0,0.0,,0.0,0.0,Matches,ITA-SERIA_A,19-20
919dd4b1,371,Raúl Moro,ESP,FW,Lazio,16,2002,0.0,0,0,0,,0.0,0.0,,,,0,0,0,0.0,0.0,,0.0,0.0,Matches,ITA-SERIA_A,19-20
d89b0ebb,372,Leonardo Morosini,ITA,"FW,DF",Brescia,23,1995,0.3,0,0,0,,0.0,0.0,,,,0,0,0,0.0,0.0,,0.0,0.0,Matches,ITA-SERIA_A,19-20
e726e11e,373,Victor Moses,NGA,DF,Inter,28,1990,4.7,0,5,0,0.0,1.07,0.0,0.0,,17.9,0,0,0,0.2,0.2,0.04,-0.2,-0.2,Matches,ITA-SERIA_A,19-20
1295552e,374,Mert Müldür,TUR,DF,Sassuolo,20,1999,14.1,2,13,7,53.8,0.92,0.49,0.15,0.29,18.0,0,0,0,1.0,1.0,0.08,1.0,1.0,Matches,ITA-SERIA_A,19-20
04989945,375,Simone Muratore,ITA,MF,Juventus,21,1998,1.8,0,4,2,50.0,2.18,1.09,0.0,0.0,30.8,0,0,0,0.1,0.1,0.02,-0.1,-0.1,Matches,ITA-SERIA_A,19-20
fb2c533b,376,Alessandro Murgia,ITA,MF,SPAL,22,1996,19.4,0,24,6,25.0,1.23,0.31,0.0,0.0,21.9,7,0,0,2.4,2.4,0.1,-2.4,-2.4,Matches,ITA-SERIA_A,19-20
eb2fe5b6,377,Luis Muriel,COL,FW,Atalanta,28,1991,14.0,18,70,34,48.6,5.0,2.43,0.17,0.35,19.9,9,6,7,12.7,7.2,0.1,5.3,4.8,Matches,ITA-SERIA_A,19-20
b233e8e4,378,Jeison Murillo,COL,DF,Sampdoria,27,1992,7.4,0,3,0,0.0,0.41,0.0,0.0,,17.0,0,0,0,0.2,0.2,0.06,-0.2,-0.2,Matches,ITA-SERIA_A,19-20
d183e9d6,379,Nicola Murru,ITA,DF,Sampdoria,24,1994,25.1,0,8,1,12.5,0.32,0.04,0.0,0.0,20.5,0,0,0,0.6,0.6,0.08,-0.6,-0.6,Matches,ITA-SERIA_A,19-20
91899ca8,380,Mateo Musacchio,ARG,DF,Milan,28,1990,16.3,0,5,0,0.0,0.31,0.0,0.0,,11.2,0,0,0,0.7,0.7,0.13,-0.7,-0.7,Matches,ITA-SERIA_A,19-20
a111cf41,381,Juan Musso,ARG,GK,Udinese,25,1994,38.0,0,0,0,,0.0,0.0,,,,0,0,0,0.0,0.0,,0.0,0.0,Matches,ITA-SERIA_A,19-20
1f9328da,382,Radja Nainggolan,BEL,MF,Cagliari,31,1988,23.0,6,65,20,30.8,2.82,0.87,0.09,0.3,26.0,4,0,0,2.9,2.9,0.04,3.1,3.1,Matches,ITA-SERIA_A,19-20
95facda1,383,Nahitan Nández,URU,"MF,DF",Cagliari,23,1995,32.2,2,26,9,34.6,0.81,0.28,0.08,0.22,18.9,0,0,0,1.7,1.7,0.06,0.3,0.3,Matches,ITA-SERIA_A,19-20
599d91d0,384,Michel Ndary Adopo,FRA,"DF,MF",Torino,19,2000,0.0,0,0,0,,0.0,0.0,,,,0,0,0,0.0,0.0,,0.0,0.0,Matches,ITA-SERIA_A,19-20
482145e9,385,Emanuele Ndoj,ALB,MF,Brescia,22,1996,6.2,0,9,4,44.4,1.46,0.65,0.0,0.0,17.4,0,0,0,1.5,1.5,0.16,-1.5,-1.5,Matches,ITA-SERIA_A,19-20
b1236c63,386,Ilija Nestorovski,MKD,FW,Udinese,29,1990,13.9,3,35,10,28.6,2.52,0.72,0.09,0.3,14.3,0,0,0,3.7,3.7,0.11,-0.7,-0.7,Matches,ITA-SERIA_A,19-20
93cf32a8,387,Nicolas Nkoulou,CMR,DF,Torino,29,1990,29.9,1,10,3,30.0,0.33,0.1,0.1,0.33,9.7,0,0,0,1.6,1.6,0.16,-0.6,-0.6,Matches,ITA-SERIA_A,19-20
e33f36d5,388,Bram Nuytinck,NED,DF,Udinese,29,1990,24.7,0,6,0,0.0,0.24,0.0,0.0,,10.7,0,0,0,0.5,0.5,0.09,-0.5,-0.5,Matches,ITA-SERIA_A,19-20
ba1e04b3,389,Pedro Obiang,EQG,MF,Sassuolo,27,1992,18.6,1,22,7,31.8,1.18,0.38,0.05,0.14,22.3,0,0,0,1.7,1.7,0.08,-0.7,-0.7,Matches,ITA-SERIA_A,19-20
601ef102,390,Stefano Okaka,ITA,FW,Udinese,29,1989,26.8,8,57,14,24.6,2.12,0.52,0.14,0.57,13.2,0,0,0,7.7,7.7,0.14,0.3,0.3,Matches,ITA-SERIA_A,19-20
d3b888e3,391,Christian Oliva,URU,MF,Cagliari,23,1996,5.2,1,3,1,33.3,0.58,0.19,0.33,1.0,25.1,0,0,0,0.1,0.1,0.04,0.9,0.9,Matches,ITA-SERIA_A,19-20
32a33c68,392,Maximiliano Olivera,URU,MF,Fiorentina,27,1992,0.1,0,1,0,0.0,10.0,0.0,0.0,,27.9,0,0,0,0.0,0.0,0.02,0.0,0.0,Matches,ITA-SERIA_A,19-20
f5ba8903,393,Marco Olivieri,ITA,FW,Juventus,20,1999,0.3,0,1,1,100.0,3.0,3.0,0.0,0.0,12.1,0,0,0,0.0,0.0,0.05,0.0,0.0,Matches,ITA-SERIA_A,19-20
e7ee38c3,394,Robin Olsen,SWE,GK,Cagliari,29,1990,16.9,0,0,0,,0.0,0.0,,,,0,0,0,0.0,0.0,,0.0,0.0,Matches,ITA-SERIA_A,19-20
b871bf55,395,Nicholas Opoku,GHA,DF,Udinese,21,1997,5.3,0,3,1,33.3,0.56,0.19,0.0,0.0,19.3,0,0,0,0.1,0.1,0.04,-0.1,-0.1,Matches,ITA-SERIA_A,19-20
e14ec482,396,Riccardo Orsolini,ITA,"FW,MF",Bologna,22,1997,29.8,8,90,25,27.8,3.02,0.84,0.09,0.32,17.6,9,0,0,9.6,9.6,0.11,-1.6,-1.6,Matches,ITA-SERIA_A,19-20
82b1198a,397,David Ospina,COL,GK,Napoli,30,1988,16.3,0,0,0,,0.0,0.0,,,,0,0,0,0.0,0.0,,0.0,0.0,Matches,ITA-SERIA_A,19-20
cf1c23d8,398,Daniele Padelli,ITA,GK,Inter,33,1985,3.0,0,0,0,,0.0,0.0,,,,0,0,0,0.0,0.0,,0.0,0.0,Matches,ITA-SERIA_A,19-20
5df4ef30,399,Marko Pajač,CRO,"DF,FW",Genoa,26,1993,8.4,0,7,1,14.3,0.83,0.12,0.0,0.0,23.9,1,0,0,0.3,0.3,0.04,-0.3,-0.3,Matches,ITA-SERIA_A,19-20
8d8178ac,400,Rodrigo Palacio,ARG,FW,Bologna,37,1982,28.0,7,60,25,41.7,2.15,0.89,0.12,0.28,16.0,2,0,0,8.9,8.9,0.15,-1.9,-1.9,Matches,ITA-SERIA_A,19-20
b5cae4e6,401,Alberto Paloschi,ITA,FW,SPAL,29,1990,4.9,0,10,1,10.0,2.05,0.21,0.0,0.0,10.7,0,0,0,1.7,1.7,0.17,-1.7,-1.7,Matches,ITA-SERIA_A,19-20
b5cae4e6,402,Alberto Paloschi,ITA,"FW,MF",Cagliari,29,1990,2.3,0,3,0,0.0,1.32,0.0,0.0,,27.3,0,0,0,0.1,0.1,0.03,-0.1,-0.1,Matches,ITA-SERIA_A,19-20
f8d41a8c,403,Martin Palumbo,NOR,MF,Udinese,17,2002,0.0,0,0,0,,0.0,0.0,,,,0,0,0,0.0,0.0,,0.0,0.0,Matches,ITA-SERIA_A,19-20
d711d04f,404,Goran Pandev,MKD,"FW,MF",Genoa,36,1983,18.7,9,37,22,59.5,1.98,1.18,0.24,0.41,15.6,0,0,0,5.4,5.4,0.16,3.6,3.6,Matches,ITA-SERIA_A,19-20
4195b8b6,405,Andrea Papetti,ITA,DF,Brescia,17,2002,10.2,1,2,1,50.0,0.2,0.1,0.5,1.0,12.8,0,0,0,0.1,0.1,0.06,0.9,0.9,Matches,ITA-SERIA_A,19-20
9b6f7fd5,406,Lucas Paquetá,BRA,"MF,FW",Milan,21,1997,12.3,0,33,11,33.3,2.69,0.9,0.0,0.0,21.1,0,0,0,2.1,2.1,0.06,-2.1,-2.1,Matches,ITA-SERIA_A,19-20
ed5886d2,407,Marco Parolo,ITA,MF,Lazio,34,1985,18.9,1,17,6,35.3,0.9,0.32,0.06,0.17,20.1,0,0,0,0.8,0.8,0.05,0.2,0.2,Matches,ITA-SERIA_A,19-20
e599253a,408,Mario Pašalić,CRO,MF,Atalanta,24,1995,26.9,9,58,17,29.3,2.16,0.63,0.16,0.53,12.7,0,0,0,9.5,9.5,0.16,-0.5,-0.5,Matches,ITA-SERIA_A,19-20
881ef58c,409,Javier Pastore,ARG,MF,Roma,30,1989,5.7,0,16,3,18.8,2.8,0.53,0.0,0.0,14.7,0,0,0,2.0,2.0,0.12,-2.0,-2.0,Matches,ITA-SERIA_A,19-20
f7223718,410,Patric,ESP,DF,Lazio,26,1993,18.6,0,6,0,0.0,0.32,0.0,0.0,,25.2,0,0,0,0.2,0.2,0.03,-0.2,-0.2,Matches,ITA-SERIA_A,19-20
d37b0350,411,Leonardo Pavoletti,ITA,FW,Cagliari,30,1988,0.5,0,2,0,0.0,4.0,0.0,0.0,,23.7,0,0,0,0.1,0.1,0.03,-0.1,-0.1,Matches,ITA-SERIA_A,19-20
42b1a58a,412,Nehuén Paz,ARG,DF,Bologna,26,1993,1.3,0,2,0,0.0,1.51,0.0,0.0,,12.8,0,0,0,0.2,0.2,0.08,-0.2,-0.2,Matches,ITA-SERIA_A,19-20
42b1a58a,413,Nehuén Paz,ARG,DF,Lecce,26,1993,9.4,0,3,0,0.0,0.32,0.0,0.0,,12.6,0,0,0,0.2,0.2,0.06,-0.2,-0.2,Matches,ITA-SERIA_A,19-20
6ca663b4,414,Giampaolo Pazzini,ITA,"FW,MF",Hellas Verona,34,1984,3.4,4,10,4,40.0,2.93,1.17,0.1,0.25,17.7,0,3,3,4.0,1.7,0.17,0.0,-0.7,Matches,ITA-SERIA_A,19-20
1ab6fad3,415,Pedro,BRA,FW,Fiorentina,22,1997,0.7,0,5,1,20.0,7.14,1.43,0.0,0.0,13.8,0,0,0,0.4,0.4,0.08,-0.4,-0.4,Matches,ITA-SERIA_A,19-20
81255c03,416,João Pedro,ITA,"FW,MF",Cagliari,27,1992,35.0,18,81,32,39.5,2.31,0.91,0.17,0.44,16.1,3,4,6,13.7,8.9,0.11,4.3,5.1,Matches,ITA-SERIA_A,19-20
e83f8ebb,417,Daouda Peeters,BEL,MF,Juventus,20,1999,0.2,0,0,0,,0.0,0.0,,,,0,0,0,0.0,0.0,,0.0,0.0,Matches,ITA-SERIA_A,19-20
f058ed1f,418,Gianluca Pegolo,ITA,GK,Sassuolo,38,1981,5.0,0,0,0,,0.0,0.0,,,,0,0,0,0.0,0.0,,0.0,0.0,Matches,ITA-SERIA_A,19-20
4a5a45c7,419,Lorenzo Pellegrini,ITA,MF,Roma,23,1996,23.3,1,58,10,17.2,2.49,0.43,0.02,0.1,21.2,6,0,0,4.4,4.4,0.08,-3.4,-3.4,Matches,ITA-SERIA_A,19-20
3b61c9ec,420,Luca Pellegrini,ITA,DF,Cagliari,20,1999,21.2,0,14,5,35.7,0.66,0.24,0.0,0.0,22.9,1,0,0,0.8,0.8,0.06,-0.8,-0.8,Matches,ITA-SERIA_A,19-20
4f2908e5,421,Federico Peluso,ITA,DF,Sassuolo,35,1984,16.8,0,8,0,0.0,0.48,0.0,0.0,,9.6,0,0,0,0.8,0.8,0.09,-0.8,-0.8,Matches,ITA-SERIA_A,19-20
7ec7738e,422,Gastón Pereiro,URU,"MF,FW",Cagliari,24,1995,3.9,1,14,4,28.6,3.62,1.03,0.07,0.25,21.4,1,0,0,0.6,0.6,0.04,0.4,0.4,Matches,ITA-SERIA_A,19-20
852351df,423,Bruno Peres,BRA,DF,Roma,29,1990,11.7,2,14,5,35.7,1.19,0.43,0.14,0.4,18.3,0,0,0,1.0,1.0,0.07,1.0,1.0,Matches,ITA-SERIA_A,19-20
a8f21b9f,424,Carles Pérez,ESP,"FW,MF",Roma,21,1998,6.3,1,21,8,38.1,3.34,1.27,0.05,0.13,20.0,0,0,0,1.2,1.2,0.06,-0.2,-0.2,Matches,ITA-SERIA_A,19-20
4c62d0c8,425,Mattia Perin,ITA,GK,Genoa,26,1992,21.0,0,0,0,,0.0,0.0,,,,0,0,0,0.0,0.0,,0.0,0.0,Matches,ITA-SERIA_A,19-20
a40d5a0c,426,Diego Perotti,ARG,"FW,MF",Roma,31,1988,9.7,5,11,3,27.3,1.13,0.31,0.09,0.33,23.4,0,4,4,4.2,1.1,0.1,0.8,-0.1,Matches,ITA-SERIA_A,19-20
780e3631,427,Matteo Pessina,ITA,MF,Hellas Verona,22,1997,27.7,7,30,12,40.0,1.08,0.43,0.23,0.58,15.7,0,0,0,4.9,4.9,0.16,2.1,2.1,Matches,ITA-SERIA_A,19-20
03f946ed,428,Andrea Petagna,ITA,FW,SPAL,24,1995,33.7,12,103,26,25.2,3.06,0.77,0.07,0.27,18.7,5,5,7,13.4,7.9,0.08,-1.4,-0.9,Matches,ITA-SERIA_A,19-20
909bce7f,429,Jacopo Petriccione,ITA,MF,Lecce,24,1995,23.8,0,18,7,38.9,0.76,0.29,0.0,0.0,26.2,0,0,0,0.5,0.5,0.03,-0.5,-0.5,Matches,ITA-SERIA_A,19-20
8c725b43,430,Germán Pezzella,ARG,DF,Fiorentina,28,1991,31.4,3,34,8,23.5,1.08,0.25,0.09,0.38,11.5,0,0,0,3.1,3.1,0.09,-0.1,-0.1,Matches,ITA-SERIA_A,19-20
149c5f5d,431,Giuseppe Pezzella,ITA,DF,Udinese,21,1997,0.9,0,0,0,,0.0,0.0,,,,0,0,0,0.0,0.0,,0.0,0.0,Matches,ITA-SERIA_A,19-20
149c5f5d,432,Giuseppe Pezzella,ITA,DF,Parma,21,1997,10.5,0,2,1,50.0,0.19,0.09,0.0,0.0,24.5,0,0,0,0.1,0.1,0.04,-0.1,-0.1,Matches,ITA-SERIA_A,19-20
17f3620a,433,Krzysztof Piątek,POL,FW,Milan,24,1995,13.1,4,45,12,26.7,3.42,0.91,0.02,0.08,16.3,0,3,3,7.3,4.9,0.11,-3.3,-3.9,Matches,ITA-SERIA_A,19-20
6010ba04,434,Stefano Piccinini,ITA,DF,Sassuolo,16,2002,0.1,0,0,0,,0.0,0.0,,,,0,0,0,0.0,0.0,,0.0,0.0,Matches,ITA-SERIA_A,19-20
1cadaf34,435,Roberto Piccoli,ITA,FW,Atalanta,18,2001,0.2,0,1,0,0.0,5.29,0.0,0.0,,10.7,0,0,0,0.3,0.3,0.35,-0.3,-0.3,Matches,ITA-SERIA_A,19-20
08aa9cd1,436,Andrea Pinamonti,ITA,FW,Genoa,20,1999,24.8,5,49,14,28.6,1.97,0.56,0.08,0.29,16.7,1,1,2,6.0,4.3,0.09,-1.0,-0.3,Matches,ITA-SERIA_A,19-20
6523afa4,437,Simone Pinna,ITA,DF,Cagliari,21,1997,1.0,0,0,0,,0.0,0.0,,,,0,0,0,0.0,0.0,,0.0,0.0,Matches,ITA-SERIA_A,19-20
f6a06749,438,Carlo Pinsoglio,ITA,GK,Juventus,29,1990,0.2,0,0,0,,0.0,0.0,,,,0,0,0,0.0,0.0,,0.0,0.0,Matches,ITA-SERIA_A,19-20
caec77da,439,Lorenzo Pirola,ITA,DF,Inter,17,2002,0.1,0,0,0,,0.0,0.0,,,,0,0,0,0.0,0.0,,0.0,0.0,Matches,ITA-SERIA_A,19-20
56400c01,440,Fabio Pisacane,ITA,DF,Cagliari,33,1986,27.1,1,7,1,14.3,0.26,0.04,0.14,1.0,10.8,0,0,0,0.6,0.6,0.09,0.4,0.4,Matches,ITA-SERIA_A,19-20
ad6df2d5,441,Miralem Pjanić,BIH,MF,Juventus,29,1990,25.3,3,21,5,23.8,0.83,0.2,0.14,0.6,26.5,9,0,0,1.0,1.0,0.05,2.0,2.0,Matches,ITA-SERIA_A,19-20
b3fd7075,442,Andrea Poli,ITA,MF,Bologna,29,1989,21.3,2,25,7,28.0,1.17,0.33,0.08,0.29,17.9,0,0,0,2.0,2.0,0.08,0.0,0.0,Matches,ITA-SERIA_A,19-20
5e861944,443,Matteo Politano,ITA,FW,Napoli,25,1993,8.3,2,19,8,42.1,2.3,0.97,0.11,0.25,19.2,0,0,0,1.5,1.5,0.08,0.5,0.5,Matches,ITA-SERIA_A,19-20
5e861944,444,Matteo Politano,ITA,"FW,MF",Inter,25,1993,2.9,0,15,4,26.7,5.21,1.39,0.0,0.0,20.8,2,0,0,0.7,0.7,0.04,-0.7,-0.7,Matches,ITA-SERIA_A,19-20
4611e028,445,Erick Pulgar,CHI,MF,Fiorentina,25,1994,32.8,7,24,6,25.0,0.73,0.18,0.0,0.0,30.0,10,7,8,7.6,1.3,0.05,-0.6,-1.3,Matches,ITA-SERIA_A,19-20
62437b4f,446,Ignacio Pussetto,ARG,"FW,MF",Udinese,23,1995,3.8,1,10,4,40.0,2.64,1.06,0.1,0.25,17.8,0,0,0,0.9,0.9,0.09,0.1,0.1,Matches,ITA-SERIA_A,19-20
ee4f2f3b,447,Fabio Quagliarella,ITA,FW,Sampdoria,36,1983,25.3,11,95,29,30.5,3.76,1.15,0.06,0.21,16.8,2,5,7,12.9,7.4,0.08,-1.9,-1.4,Matches,ITA-SERIA_A,19-20
8794e251,448,Adrien Rabiot,FRA,MF,Juventus,24,1995,21.2,1,20,6,30.0,0.94,0.28,0.05,0.17,19.1,0,0,0,1.5,1.5,0.07,-0.5,-0.5,Matches,ITA-SERIA_A,19-20
023937a9,449,Ivan Radovanović,SRB,MF,Genoa,30,1988,14.6,0,17,5,29.4,1.16,0.34,0.0,0.0,24.3,0,0,0,0.9,0.9,0.06,-0.9,-0.9,Matches,ITA-SERIA_A,19-20
67f649be,450,Ionuț Radu,ROU,GK,Genoa,22,1997,17.0,0,0,0,,0.0,0.0,,,,0,0,0,0.0,0.0,,0.0,0.0,Matches,ITA-SERIA_A,19-20
53de807a,451,Ștefan Radu,ROU,DF,Lazio,32,1986,25.6,1,4,1,25.0,0.16,0.04,0.25,1.0,26.0,0,0,0,0.1,0.1,0.03,0.9,0.9,Matches,ITA-SERIA_A,19-20
0dfce079,452,Boris Radunović,SRB,GK,Hellas Verona,23,1996,3.0,0,0,0,,0.0,0.0,,,,0,0,0,0.0,0.0,,0.0,0.0,Matches,ITA-SERIA_A,19-20
dd06d56c,453,Rafael,BRA,GK,Cagliari,37,1982,5.0,0,0,0,,0.0,0.0,,,,0,0,0,0.0,0.0,,0.0,0.0,Matches,ITA-SERIA_A,19-20
282b3a4d,454,Daniele Ragatzu,ITA,"MF,FW",Cagliari,27,1991,3.5,1,8,4,50.0,2.3,1.15,0.13,0.25,14.2,0,0,0,0.8,0.8,0.1,0.2,0.2,Matches,ITA-SERIA_A,19-20
2c851997,455,Gastón Ramírez,URU,"MF,FW",Sampdoria,28,1990,15.5,7,37,15,40.5,2.39,0.97,0.11,0.27,19.8,5,3,3,5.9,3.5,0.09,1.1,0.5,Matches,ITA-SERIA_A,19-20
ef619b0b,456,Aaron Ramsey,WAL,MF,Juventus,28,1990,11.7,3,28,9,32.1,2.4,0.77,0.11,0.33,17.5,0,0,0,2.5,2.5,0.09,0.5,0.5,Matches,ITA-SERIA_A,19-20
8c63fae5,457,Luca Ranieri,ITA,DF,Fiorentina,20,1999,2.6,0,3,0,0.0,1.16,0.0,0.0,,19.0,0,0,0,0.1,0.1,0.05,-0.1,-0.1,Matches,ITA-SERIA_A,19-20
539230cf,458,Andrea Ranocchia,ITA,DF,Inter,31,1988,5.8,0,4,0,0.0,0.68,0.0,0.0,,14.6,0,0,0,0.5,0.5,0.13,-0.5,-0.5,Matches,ITA-SERIA_A,19-20
6e058f06,459,Giacomo Raspadori,ITA,"MF,FW",Sassuolo,19,2000,2.9,2,11,5,45.5,3.75,1.7,0.18,0.4,13.8,0,0,0,1.3,1.3,0.12,0.7,0.7,Matches,ITA-SERIA_A,19-20
536cebe5,460,Ante Rebić,CRO,"FW,MF",Milan,25,1993,15.5,11,42,20,47.6,2.71,1.29,0.26,0.55,15.1,0,0,0,6.8,6.8,0.17,4.2,4.2,Matches,ITA-SERIA_A,19-20
6213fd82,461,Arkadiusz Reca,POL,DF,SPAL,24,1995,21.4,0,19,4,21.1,0.89,0.19,0.0,0.0,16.6,0,0,0,1.8,1.8,0.09,-1.8,-1.8,Matches,ITA-SERIA_A,19-20
339c6ed4,462,Vasco Regini,ITA,DF,Sampdoria,28,1990,1.9,0,0,0,,0.0,0.0,,,,0,0,0,0.0,0.0,,0.0,0.0,Matches,ITA-SERIA_A,19-20
339c6ed4,463,Vasco Regini,ITA,DF,Parma,28,1990,0.6,0,0,0,,0.0,0.0,,,,0,0,0,0.0,0.0,,0.0,0.0,Matches,ITA-SERIA_A,19-20
e358587b,464,Pepe Reina,ESP,GK,Milan,36,1982,1.0,0,0,0,,0.0,0.0,,,,0,0,0,0.0,0.0,,0.0,0.0,Matches,ITA-SERIA_A,19-20
f61c7c4e,465,Franck Ribéry,FRA,FW,Fiorentina,36,1983,15.7,3,24,13,54.2,1.53,0.83,0.13,0.23,16.8,1,0,0,2.6,2.6,0.11,0.4,0.4,Matches,ITA-SERIA_A,19-20
7b4b9221,466,Davide Riccardi,ITA,DF,Lecce,23,1996,0.2,0,0,0,,0.0,0.0,,,,0,0,0,0.0,0.0,,0.0,0.0,Matches,ITA-SERIA_A,19-20
a1216563,467,Emiliano Rigoni,ARG,"MF,FW",Sampdoria,26,1993,4.8,0,7,2,28.6,1.46,0.42,0.0,0.0,18.5,1,0,0,1.3,1.3,0.19,-1.3,-1.3,Matches,ITA-SERIA_A,19-20
f1cfc209,468,Tomás Rincón,VEN,MF,Torino,31,1988,30.0,1,16,7,43.8,0.53,0.23,0.06,0.14,21.1,0,0,0,1.0,1.0,0.06,0.0,0.0,Matches,ITA-SERIA_A,19-20
39ee6cb6,469,Andrea Rispoli,ITA,DF,Lecce,30,1988,21.2,0,12,3,25.0,0.57,0.14,0.0,0.0,22.8,0,0,0,1.2,1.2,0.1,-1.2,-1.2,Matches,ITA-SERIA_A,19-20
7f78ad23,470,Ricardo Rodríguez,SUI,DF,Milan,26,1992,4.3,0,1,0,0.0,0.23,0.0,0.0,,29.9,0,0,0,0.0,0.0,0.02,0.0,0.0,Matches,ITA-SERIA_A,19-20
b6b2b820,471,Marko Rog,CRO,MF,Cagliari,24,1995,25.7,1,30,8,26.7,1.17,0.31,0.03,0.13,24.5,1,0,0,1.9,1.9,0.06,-0.9,-0.9,Matches,ITA-SERIA_A,19-20
10e7f486,472,Rogério,BRA,DF,Sassuolo,21,1998,11.3,1,11,4,36.4,0.98,0.35,0.09,0.25,21.3,1,0,0,0.4,0.4,0.04,0.6,0.6,Matches,ITA-SERIA_A,19-20
84594618,473,Filippo Romagna,ITA,DF,Sassuolo,22,1997,16.4,0,2,1,50.0,0.12,0.06,0.0,0.0,13.1,0,0,0,0.1,0.1,0.05,-0.1,-0.1,Matches,ITA-SERIA_A,19-20
3ead85f9,474,Alessio Romagnoli,ITA,DF,Milan,24,1995,34.3,1,15,3,20.0,0.44,0.09,0.07,0.33,10.2,0,0,0,1.6,1.6,0.11,-0.6,-0.6,Matches,ITA-SERIA_A,19-20
a3d94a58,475,Cristian Romero,ARG,DF,Genoa,21,1998,28.6,1,15,3,20.0,0.52,0.1,0.07,0.33,12.7,0,0,0,2.0,2.0,0.13,-1.0,-1.0,Matches,ITA-SERIA_A,19-20
07abb358,476,Rômulo,ITA,MF,Brescia,32,1987,19.1,1,18,7,38.9,0.94,0.37,0.06,0.14,16.5,0,0,0,2.4,2.4,0.13,-1.4,-1.4,Matches,ITA-SERIA_A,19-20
07abb358,477,Rômulo,ITA,DF,Genoa,32,1987,0.2,0,0,0,,0.0,0.0,,,,0,0,0,0.0,0.0,,0.0,0.0,Matches,ITA-SERIA_A,19-20
dea698d9,478,Cristiano Ronaldo,POR,FW,Juventus,34,1985,32.4,31,195,67,34.4,6.02,2.07,0.1,0.28,19.5,19,12,13,28.6,18.4,0.09,2.4,0.6,Matches,ITA-SERIA_A,19-20
2a1beb34,479,Marten de Roon,NED,"MF,DF",Atalanta,28,1991,30.2,2,31,5,16.1,1.03,0.17,0.06,0.4,23.1,0,0,0,1.2,1.2,0.04,0.8,0.8,Matches,ITA-SERIA_A,19-20
28a15394,480,Antonio Rosati,ITA,GK,Torino,36,1983,1.0,0,0,0,,0.0,0.0,,,,0,0,0,0.0,0.0,,0.0,0.0,Matches,ITA-SERIA_A,19-20
47a500ae,481,Luca Rossettini,ITA,DF,Lecce,34,1985,25.1,0,4,0,0.0,0.16,0.0,0.0,,25.6,1,0,0,0.2,0.2,0.04,-0.2,-0.2,Matches,ITA-SERIA_A,19-20
7b5f516f,482,Francesco Rossi,ITA,GK,Atalanta,28,1991,0.1,0,0,0,,0.0,0.0,,,,0,0,0,0.0,0.0,,0.0,0.0,Matches,ITA-SERIA_A,19-20
e58cbfd5,483,Nicolò Rovella,ITA,MF,Genoa,17,2001,1.2,0,1,0,0.0,0.86,0.0,0.0,,26.2,0,0,0,0.0,0.0,0.02,0.0,0.0,Matches,ITA-SERIA_A,19-20
4b3e1a38,484,Amir Rrahmani,KVX,DF,Hellas Verona,25,1994,35.9,0,43,13,30.2,1.2,0.36,0.0,0.0,13.7,0,0,0,3.5,3.5,0.08,-3.5,-3.5,Matches,ITA-SERIA_A,19-20
f239e6dd,485,Dion Ruffo Luci,ITA,MF,Bologna,18,2001,0.0,0,0,0,,0.0,0.0,,,,0,0,0,0.0,0.0,,0.0,0.0,Matches,ITA-SERIA_A,19-20
14b8fcdf,486,Daniele Rugani,ITA,DF,Juventus,25,1994,7.7,0,6,2,33.3,0.78,0.26,0.0,0.0,16.8,0,0,0,0.3,0.3,0.05,-0.3,-0.3,Matches,ITA-SERIA_A,19-20
0b5a292a,487,Mário Rui,POR,DF,Napoli,28,1991,21.8,0,31,9,29.0,1.42,0.41,0.0,0.0,26.8,2,0,0,1.1,1.1,0.03,-1.1,-1.1,Matches,ITA-SERIA_A,19-20
c0c7ff58,488,Fabián Ruiz Peña,ESP,MF,Napoli,23,1996,29.8,3,71,18,25.4,2.38,0.6,0.04,0.17,23.9,0,0,0,3.2,3.2,0.05,-0.2,-0.2,Matches,ITA-SERIA_A,19-20
0ccac09c,489,Stefano Sabelli,ITA,DF,Brescia,26,1993,35.2,0,13,4,30.8,0.37,0.11,0.0,0.0,23.8,2,0,0,0.5,0.5,0.04,-0.5,-0.5,Matches,ITA-SERIA_A,19-20
ee251371,490,Alexis Saelemaekers,BEL,"FW,DF",Milan,20,1999,7.6,1,9,2,22.2,1.18,0.26,0.11,0.5,17.6,0,0,0,0.6,0.6,0.07,0.4,0.4,Matches,ITA-SERIA_A,19-20
da5a981b,491,Jacopo Sala,ITA,DF,SPAL,27,1991,9.5,0,14,2,14.3,1.48,0.21,0.0,0.0,21.6,0,0,0,0.6,0.6,0.04,-0.6,-0.6,Matches,ITA-SERIA_A,19-20
9b30df1e,492,Bartosz Salamon,POL,DF,SPAL,28,1991,3.8,0,0,0,,0.0,0.0,,,,0,0,0,0.0,0.0,,0.0,0.0,Matches,ITA-SERIA_A,19-20
0489bb30,493,Eddie Salcedo,ITA,"FW,MF",Hellas Verona,17,2001,7.6,1,21,7,33.3,2.78,0.93,0.05,0.14,16.9,0,0,0,1.7,1.7,0.08,-0.7,-0.7,Matches,ITA-SERIA_A,19-20
0a447501,494,Antonio Sanabria,PAR,FW,Genoa,23,1996,15.4,6,41,20,48.8,2.66,1.3,0.15,0.3,17.9,2,0,0,4.6,4.6,0.11,1.4,1.4,Matches,ITA-SERIA_A,19-20
2c0f8e9e,495,Alexis Sánchez,CHI,FW,Inter,30,1988,10.3,4,21,11,52.4,2.05,1.07,0.14,0.27,16.3,1,1,1,4.3,3.5,0.17,-0.3,-0.5,Matches,ITA-SERIA_A,19-20
0d82903c,496,Alex Sandro,BRA,DF,Juventus,28,1991,26.5,1,16,4,25.0,0.6,0.15,0.06,0.25,17.8,0,0,0,0.8,0.8,0.05,0.2,0.2,Matches,ITA-SERIA_A,19-20
7eb97a8e,497,Nicola Sansone,ITA,"FW,MF",Bologna,27,1991,25.2,4,76,19,25.0,3.01,0.75,0.01,0.05,21.4,7,3,4,9.9,6.7,0.09,-5.9,-5.7,Matches,ITA-SERIA_A,19-20
df85d472,498,Federico Santander,PAR,FW,Bologna,28,1991,8.6,1,24,5,20.8,2.81,0.58,0.0,0.0,17.2,2,1,1,3.5,2.7,0.12,-2.5,-2.7,Matches,ITA-SERIA_A,19-20
88c89891,499,Davide Santon,ITA,DF,Roma,28,1991,6.9,0,2,1,50.0,0.29,0.15,0.0,0.0,26.2,0,0,0,0.1,0.1,0.03,-0.1,-0.1,Matches,ITA-SERIA_A,19-20
92b4758e,500,Samir Santos,BRA,DF,Udinese,24,1994,17.2,1,5,2,40.0,0.29,0.12,0.2,0.5,16.9,0,0,0,0.7,0.7,0.14,0.3,0.3,Matches,ITA-SERIA_A,19-20
3bb7af3b,501,Riccardo Saponara,ITA,"MF,FW",Genoa,27,1991,1.9,0,5,0,0.0,2.68,0.0,0.0,,16.3,0,0,0,0.3,0.3,0.05,-0.3,-0.3,Matches,ITA-SERIA_A,19-20
3bb7af3b,502,Riccardo Saponara,ITA,"MF,FW",Lecce,27,1991,10.5,2,26,9,34.6,2.47,0.86,0.08,0.22,19.1,0,0,0,1.9,1.9,0.08,0.1,0.1,Matches,ITA-SERIA_A,19-20
c3a8bcd8,503,Lasse Schöne,DEN,MF,Genoa,33,1986,27.0,2,34,9,26.5,1.26,0.33,0.06,0.22,23.7,14,0,1,3.6,2.8,0.08,-1.6,-0.8,Matches,ITA-SERIA_A,19-20
2cfae697,504,Jerdy Schouten,NED,MF,Bologna,22,1997,12.0,0,7,1,14.3,0.58,0.08,0.0,0.0,25.4,0,0,0,0.2,0.2,0.03,-0.2,-0.2,Matches,ITA-SERIA_A,19-20
ea164f99,505,Matteo Scozzarella,ITA,MF,Parma,31,1988,10.2,0,4,1,25.0,0.39,0.1,0.0,0.0,29.1,1,0,0,0.1,0.1,0.04,-0.1,-0.1,Matches,ITA-SERIA_A,19-20
1770bd68,506,Ken Sema,SWE,"DF,MF",Udinese,25,1993,27.3,2,17,4,23.5,0.62,0.15,0.12,0.5,21.7,1,0,0,0.6,0.6,0.04,1.4,1.4,Matches,ITA-SERIA_A,19-20
dd29f81d,507,Alessandro Semprini,ITA,DF,Brescia,21,1998,7.0,1,2,1,50.0,0.29,0.14,0.5,1.0,18.6,0,0,0,0.9,0.9,0.43,0.1,0.1,Matches,ITA-SERIA_A,19-20
b70bde8f,508,Stefano Sensi,ITA,MF,Inter,23,1995,8.0,3,29,10,34.5,3.61,1.24,0.1,0.3,22.4,4,0,0,1.4,1.4,0.05,1.6,1.6,Matches,ITA-SERIA_A,19-20
343f753a,509,Luigi Sepe,ITA,GK,Parma,28,1991,34.0,0,0,0,,0.0,0.0,,,,0,0,0,0.0,0.0,,0.0,0.0,Matches,ITA-SERIA_A,19-20
ff764de3,510,Yevhen Shakhov,UKR,"MF,FW",Lecce,28,1990,12.1,1,14,5,35.7,1.16,0.41,0.07,0.2,21.0,0,0,0,0.9,0.9,0.06,0.1,0.1,Matches,ITA-SERIA_A,19-20
1cac99dc,511,Luca Siligardi,ITA,"MF,FW",Parma,31,1988,3.7,0,11,3,27.3,2.94,0.8,0.0,0.0,22.5,0,0,0,0.6,0.6,0.05,-0.6,-0.6,Matches,ITA-SERIA_A,19-20
3effaa34,512,André Silva,POR,FW,Milan,23,1995,0.7,0,2,0,0.0,3.0,0.0,0.0,,11.6,0,0,0,0.2,0.2,0.11,-0.2,-0.2,Matches,ITA-SERIA_A,19-20
0d422df7,513,Marco Silvestri,ITA,GK,Hellas Verona,28,1991,35.0,0,0,0,,0.0,0.0,,,,0,0,0,0.0,0.0,,0.0,0.0,Matches,ITA-SERIA_A,19-20
343c0d52,514,Giovanni Simeone,ARG,FW,Cagliari,24,1995,32.5,12,87,30,34.5,2.68,0.92,0.14,0.4,15.1,0,0,0,11.8,11.8,0.14,0.2,0.2,Matches,ITA-SERIA_A,19-20
8b609c34,515,Wilfried Singo,CIV,DF,Torino,18,2000,1.5,1,2,1,50.0,1.36,0.68,0.5,1.0,13.7,0,0,0,0.1,0.1,0.05,0.9,0.9,Matches,ITA-SERIA_A,19-20
10dc46f0,516,Salvatore Sirigu,ITA,GK,Torino,32,1987,36.0,0,0,0,,0.0,0.0,,,,0,0,0,0.0,0.0,,0.0,0.0,Matches,ITA-SERIA_A,19-20
ab4449d6,517,Łukasz Skorupski,POL,GK,Bologna,28,1991,37.0,0,0,0,,0.0,0.0,,,,0,0,0,0.0,0.0,,0.0,0.0,Matches,ITA-SERIA_A,19-20
c50cee19,518,Andreas Skov Olsen,DEN,"FW,MF",Bologna,19,1999,8.4,1,20,7,35.0,2.37,0.83,0.05,0.14,17.4,1,0,0,2.1,2.1,0.1,-1.1,-1.1,Matches,ITA-SERIA_A,19-20
45af5134,519,Simon Skrabb,FIN,"FW,MF",Brescia,24,1995,2.9,0,3,1,33.3,1.05,0.35,0.0,0.0,21.0,0,0,0,0.1,0.1,0.04,-0.1,-0.1,Matches,ITA-SERIA_A,19-20
30f5ffa9,520,Milan Škriniar,SVK,DF,Inter,24,1995,29.2,0,13,4,30.8,0.45,0.14,0.0,0.0,16.8,0,0,0,1.0,1.0,0.07,-1.0,-1.0,Matches,ITA-SERIA_A,19-20
b6964eb6,521,Chris Smalling,ENG,DF,Roma,29,1989,28.5,3,19,5,26.3,0.67,0.18,0.16,0.6,9.8,0,0,0,1.9,1.7,0.09,1.1,1.3,Matches,ITA-SERIA_A,19-20
9d4c45d6,522,Roberto Soriano,ITA,MF,Bologna,28,1991,27.4,5,37,16,43.2,1.35,0.58,0.14,0.31,19.9,0,0,0,4.3,4.3,0.12,0.7,0.7,Matches,ITA-SERIA_A,19-20
94816803,523,Riccardo Sottil,ITA,"FW,DF",Fiorentina,20,1999,5.7,0,16,8,50.0,2.8,1.4,0.0,0.0,22.3,0,0,0,1.0,1.0,0.06,-1.0,-1.0,Matches,ITA-SERIA_A,19-20
7b075c75,524,Adama Soumaoro,FRA,DF,Genoa,27,1992,7.1,1,1,1,100.0,0.14,0.14,1.0,1.0,5.7,0,0,0,0.4,0.4,0.36,0.6,0.6,Matches,ITA-SERIA_A,19-20
9e90fb5d,525,Nikolas Špalek,SVK,"MF,FW",Brescia,22,1997,17.5,2,25,10,40.0,1.42,0.57,0.08,0.2,15.7,0,0,0,3.2,3.2,0.13,-1.2,-1.2,Matches,ITA-SERIA_A,19-20
3626daea,526,Leonardo Spinazzola,ITA,DF,Roma,26,1993,17.2,1,14,4,28.6,0.81,0.23,0.07,0.25,16.6,0,0,0,1.1,1.1,0.08,-0.1,-0.1,Matches,ITA-SERIA_A,19-20
ac4003af,527,Marco Sportiello,ITA,GK,Atalanta,27,1992,5.8,0,0,0,,0.0,0.0,,,,0,0,0,0.0,0.0,,0.0,0.0,Matches,ITA-SERIA_A,19-20
bdd0692f,528,Mattia Sprocati,ITA,"FW,MF",Parma,26,1993,6.6,1,14,6,42.9,2.14,0.92,0.07,0.17,21.7,0,0,0,0.7,0.7,0.05,0.3,0.3,Matches,ITA-SERIA_A,19-20
7b536033,529,Mariusz Stępiński,POL,"FW,MF",Hellas Verona,24,1995,7.8,3,16,7,43.8,2.04,0.89,0.19,0.43,10.9,0,0,0,2.9,2.9,0.18,0.1,0.1,Matches,ITA-SERIA_A,19-20
339fe0e8,530,Thomas Strakosha,ALB,GK,Lazio,24,1995,38.0,0,0,0,,0.0,0.0,,,,0,0,0,0.0,0.0,,0.0,0.0,Matches,ITA-SERIA_A,19-20
ac4a4508,531,Gabriel Strefezza,BRA,"DF,MF",SPAL,22,1997,23.4,1,53,11,20.8,2.26,0.47,0.02,0.09,21.5,0,0,0,2.6,2.6,0.05,-1.6,-1.6,Matches,ITA-SERIA_A,19-20
f91e81c9,532,Jens Stryger Larsen,DEN,DF,Udinese,28,1991,31.0,1,12,3,25.0,0.39,0.1,0.08,0.33,14.7,0,0,0,1.3,1.3,0.1,-0.3,-0.3,Matches,ITA-SERIA_A,19-20
2334478a,533,Stefano Sturaro,ITA,MF,Genoa,26,1993,13.9,1,18,6,33.3,1.29,0.43,0.06,0.17,19.2,2,0,0,1.8,1.8,0.11,-0.8,-0.8,Matches,ITA-SERIA_A,19-20
4e219ad2,534,Suso,ESP,"FW,MF",Milan,25,1993,15.1,1,31,12,38.7,2.05,0.79,0.03,0.08,24.8,2,0,0,1.1,1.1,0.04,-0.1,-0.1,Matches,ITA-SERIA_A,19-20
1d0bb7e4,535,Bosko Sutalo,CRO,DF,Atalanta,19,2000,3.1,0,1,0,0.0,0.32,0.0,0.0,,9.1,0,0,0,0.1,0.1,0.08,-0.1,-0.1,Matches,ITA-SERIA_A,19-20
92d83c27,536,Mattias Svanberg,SWE,MF,Bologna,20,1999,11.7,1,38,9,23.7,3.25,0.77,0.03,0.11,21.8,1,0,0,1.6,1.6,0.04,-0.6,-0.6,Matches,ITA-SERIA_A,19-20
01b8a2b2,537,Wojciech Szczęsny,POL,GK,Juventus,29,1990,28.8,0,0,0,,0.0,0.0,,,,0,0,0,0.0,0.0,,0.0,0.0,Matches,ITA-SERIA_A,19-20
b59e02da,538,Andrea Tabanelli,ITA,MF,Lecce,29,1990,10.7,1,11,2,18.2,1.03,0.19,0.09,0.5,15.8,1,0,0,1.1,1.1,0.1,-0.1,-0.1,Matches,ITA-SERIA_A,19-20
e26bd2f4,539,Panagiotis Tachtsidis,GRE,MF,Lecce,28,1991,22.3,0,27,7,25.9,1.21,0.31,0.0,0.0,25.7,0,0,0,0.8,0.8,0.03,-0.8,-0.8,Matches,ITA-SERIA_A,19-20
8da74c05,540,Adrien Tameze,CMR,MF,Atalanta,25,1994,2.3,0,0,0,,0.0,0.0,,,,0,0,0,0.0,0.0,,0.0,0.0,Matches,ITA-SERIA_A,19-20
7e81a17d,541,Łukasz Teodorczyk,POL,FW,Udinese,28,1991,2.5,0,4,2,50.0,1.62,0.81,0.0,0.0,15.4,0,0,0,0.2,0.2,0.06,-0.2,-0.2,Matches,ITA-SERIA_A,19-20
18f9dbd0,542,Hidde ter Avest,NED,DF,Udinese,22,1997,7.6,0,2,1,50.0,0.26,0.13,0.0,0.0,17.4,0,0,0,0.1,0.1,0.06,-0.1,-0.1,Matches,ITA-SERIA_A,19-20
e1b0a70d,543,Pietro Terracciano,ITA,GK,Fiorentina,29,1990,6.9,0,0,0,,0.0,0.0,,,,0,0,0,0.0,0.0,,0.0,0.0,Matches,ITA-SERIA_A,19-20
3ef0a2d7,544,Aleksa Terzić,SRB,MF,Fiorentina,19,1999,0.1,0,0,0,,0.0,0.0,,,,0,0,0,0.0,0.0,,0.0,0.0,Matches,ITA-SERIA_A,19-20
0f47717b,545,Demba Thiam,SEN,GK,SPAL,21,1998,2.0,0,0,0,,0.0,0.0,,,,0,0,0,0.0,0.0,,0.0,0.0,Matches,ITA-SERIA_A,19-20
d1b49282,546,Morten Thorsby,NOR,"MF,DF",Sampdoria,23,1996,20.7,1,18,4,22.2,0.87,0.19,0.06,0.25,14.2,0,0,0,1.9,1.9,0.11,-0.9,-0.9,Matches,ITA-SERIA_A,19-20
a96e5dc0,547,Jeremy Toljan,GER,DF,Sassuolo,24,1994,24.3,1,8,2,25.0,0.33,0.08,0.13,0.5,19.1,0,0,0,0.6,0.6,0.08,0.4,0.4,Matches,ITA-SERIA_A,19-20
c56dc39e,548,Rafael Tolói,ITA,DF,Atalanta,28,1990,29.0,2,27,9,33.3,0.93,0.31,0.07,0.22,14.0,0,0,0,3.1,3.1,0.12,-1.1,-1.1,Matches,ITA-SERIA_A,19-20
b3af9be1,549,Takehiro Tomiyasu,JPN,DF,Bologna,20,1998,28.1,1,19,2,10.5,0.68,0.07,0.05,0.5,17.0,0,0,0,1.1,1.1,0.06,-0.1,-0.1,Matches,ITA-SERIA_A,19-20
6aafdc27,550,Nenad Tomović,SRB,DF,SPAL,31,1987,19.5,0,10,3,30.0,0.51,0.15,0.0,0.0,19.5,0,0,0,0.8,0.8,0.08,-0.8,-0.8,Matches,ITA-SERIA_A,19-20
0db169ae,551,Sandro Tonali,ITA,MF,Brescia,19,2000,33.5,1,29,7,24.1,0.87,0.21,0.03,0.14,28.4,10,0,0,1.2,1.2,0.04,-0.2,-0.2,Matches,ITA-SERIA_A,19-20
8cc29864,552,Lorenzo Tonelli,ITA,DF,Sampdoria,29,1990,7.8,0,5,1,20.0,0.64,0.13,0.0,0.0,21.6,0,0,0,0.2,0.2,0.04,-0.2,-0.2,Matches,ITA-SERIA_A,19-20
bf39bdec,553,Ernesto Torregrossa,VEN,FW,Brescia,27,1992,20.5,7,61,21,34.4,2.98,1.02,0.08,0.24,17.1,1,2,2,8.1,6.6,0.11,-1.1,-1.6,Matches,ITA-SERIA_A,19-20
ed65da8c,554,Luca Tremolada,ITA,MF,Brescia,27,1991,0.2,0,0,0,,0.0,0.0,,,,0,0,0,0.0,0.0,,0.0,0.0,Matches,ITA-SERIA_A,19-20
4571fa88,555,Alessandro Tripaldelli,ITA,DF,Sassuolo,20,1999,1.5,0,0,0,,0.0,0.0,,,,0,0,0,0.0,0.0,,0.0,0.0,Matches,ITA-SERIA_A,19-20
7ed4921e,556,William Troost-Ekong,NGA,DF,Udinese,25,1993,28.6,0,6,0,0.0,0.21,0.0,0.0,,15.1,0,0,0,0.8,0.8,0.13,-0.8,-0.8,Matches,ITA-SERIA_A,19-20
7aa84ac5,557,Georgi Tunjov,EST,MF,SPAL,18,2001,3.2,0,6,0,0.0,1.9,0.0,0.0,,23.7,2,0,0,0.3,0.3,0.05,-0.3,-0.3,Matches,ITA-SERIA_A,19-20
bf168004,558,Stefano Turati,ITA,GK,Sassuolo,17,2001,2.0,0,0,0,,0.0,0.0,,,,0,0,0,0.0,0.0,,0.0,0.0,Matches,ITA-SERIA_A,19-20
8b303bcb,559,Gennaro Tutino,ITA,"FW,MF",Hellas Verona,22,1996,2.5,0,3,0,0.0,1.2,0.0,0.0,,13.1,0,0,0,0.2,0.2,0.08,-0.2,-0.2,Matches,ITA-SERIA_A,19-20
96640846,560,Samir Ujkani,KVX,GK,Torino,31,1988,1.0,0,0,0,,0.0,0.0,,,,0,0,0,0.0,0.0,,0.0,0.0,Matches,ITA-SERIA_A,19-20
1880614f,561,Cengiz Ünder,TUR,FW,Roma,22,1997,9.7,3,27,9,33.3,2.78,0.93,0.11,0.33,20.1,0,0,0,2.0,2.0,0.07,1.0,1.0,Matches,ITA-SERIA_A,19-20
c710f7d5,562,Mirko Valdifiori,ITA,MF,SPAL,33,1986,15.6,0,4,2,50.0,0.26,0.13,0.0,0.0,30.7,0,0,0,0.1,0.1,0.03,-0.1,-0.1,Matches,ITA-SERIA_A,19-20
0e21fc3c,563,Borja Valero,ESP,MF,Inter,34,1985,10.3,2,11,3,27.3,1.06,0.29,0.18,0.67,15.1,0,0,0,1.8,1.8,0.17,0.2,0.2,Matches,ITA-SERIA_A,19-20
c414df9d,564,Mattia Valoti,ITA,"MF,FW",SPAL,25,1993,17.0,3,31,11,35.5,1.83,0.65,0.1,0.27,17.8,2,0,0,3.3,3.3,0.11,-0.3,-0.3,Matches,ITA-SERIA_A,19-20
08990838,565,Denis Vavro,SVK,DF,Lazio,23,1996,3.6,0,3,0,0.0,0.82,0.0,0.0,,20.0,0,0,0,0.1,0.1,0.04,-0.1,-0.1,Matches,ITA-SERIA_A,19-20
44ac04e9,566,Matías Vecino,URU,MF,Inter,27,1991,14.2,2,28,9,32.1,1.97,0.63,0.07,0.22,16.4,0,0,0,3.5,3.5,0.12,-1.5,-1.5,Matches,ITA-SERIA_A,19-20
ab1ca213,567,Miguel Veloso,POR,MF,Hellas Verona,33,1986,31.2,3,36,7,19.4,1.15,0.22,0.08,0.43,26.8,10,0,0,2.1,2.1,0.06,0.9,0.9,Matches,ITA-SERIA_A,19-20
983ff2c7,568,Lorenzo Venuti,ITA,"DF,MF",Fiorentina,24,1995,9.5,0,4,2,50.0,0.42,0.21,0.0,0.0,19.1,0,0,0,0.2,0.2,0.05,-0.2,-0.2,Matches,ITA-SERIA_A,19-20
80c718dd,569,Brayan Vera,COL,"DF,FW",Lecce,20,1999,1.7,0,4,0,0.0,2.32,0.0,0.0,,28.1,1,0,0,0.1,0.1,0.03,-0.1,-0.1,Matches,ITA-SERIA_A,19-20
0375723e,570,Simone Verdi,ITA,"MF,FW",Torino,27,1992,23.0,2,53,18,34.0,2.3,0.78,0.04,0.11,22.7,11,0,0,3.7,3.7,0.07,-1.7,-1.7,Matches,ITA-SERIA_A,19-20
4a56052c,571,Jordan Veretout,FRA,MF,Roma,26,1993,29.2,6,24,8,33.3,0.82,0.27,0.04,0.13,27.8,2,5,5,4.9,1.0,0.04,1.1,0.0,Matches,ITA-SERIA_A,19-20
33ecf462,572,Valerio Verre,ITA,"MF,FW",Hellas Verona,25,1994,19.7,3,39,12,30.8,1.98,0.61,0.03,0.08,20.2,0,2,2,5.8,4.3,0.11,-2.8,-3.3,Matches,ITA-SERIA_A,19-20
de045b15,573,Francesco Vicari,ITA,DF,SPAL,24,1994,32.2,0,10,2,20.0,0.31,0.06,0.0,0.0,16.0,1,0,0,0.5,0.5,0.05,-0.5,-0.5,Matches,ITA-SERIA_A,19-20
75e60d75,574,Ronaldo Vieira,ENG,MF,Sampdoria,21,1998,20.2,0,31,6,19.4,1.53,0.3,0.0,0.0,22.6,0,0,0,1.5,1.5,0.05,-1.5,-1.5,Matches,ITA-SERIA_A,19-20
582a251c,575,Mauro Vigorito,ITA,GK,Lecce,29,1990,4.7,0,0,0,,0.0,0.0,,,,0,0,0,0.0,0.0,,0.0,0.0,Matches,ITA-SERIA_A,19-20
bdc74a8f,576,Gonzalo Villar,ESP,MF,Roma,21,1998,3.3,0,2,2,100.0,0.6,0.6,0.0,0.0,9.4,0,0,0,1.0,1.0,0.52,-1.0,-1.0,Matches,ITA-SERIA_A,19-20
fe479e17,577,Luigi Vitale,ITA,DF,Hellas Verona,31,1987,0.5,0,0,0,,0.0,0.0,,,,0,0,0,0.0,0.0,,0.0,0.0,Matches,ITA-SERIA_A,19-20
360b2bb1,578,Mattia Viviani,ITA,MF,Brescia,18,2000,3.8,0,3,0,0.0,0.78,0.0,0.0,,25.0,0,0,0,0.1,0.1,0.03,-0.1,-0.1,Matches,ITA-SERIA_A,19-20
79443529,579,Dušan Vlahović,SRB,FW,Fiorentina,19,2000,16.7,6,64,17,26.6,3.84,1.02,0.08,0.29,15.8,6,1,1,7.0,6.2,0.1,-1.0,-1.2,Matches,ITA-SERIA_A,19-20
d0d8dd44,580,Stefan de Vrij,NED,DF,Inter,27,1992,31.4,4,20,6,30.0,0.64,0.19,0.2,0.67,12.0,0,0,0,2.0,2.0,0.1,2.0,2.0,Matches,ITA-SERIA_A,19-20
bf4d31d3,581,Giacomo Vrioni,ALB,FW,Juventus,20,1998,0.1,0,1,0,0.0,7.5,0.0,0.0,,4.1,0,0,0,0.4,0.4,0.39,-0.4,-0.4,Matches,ITA-SERIA_A,19-20
26db8853,582,Walace,BRA,MF,Udinese,24,1995,12.7,0,11,2,18.2,0.87,0.16,0.0,0.0,20.4,1,0,0,0.8,0.8,0.07,-0.8,-0.8,Matches,ITA-SERIA_A,19-20
217875a4,583,Sebastian Walukiewicz,POL,DF,Cagliari,19,2000,12.9,0,1,0,0.0,0.08,0.0,0.0,,6.8,0,0,0,0.1,0.1,0.07,-0.1,-0.1,Matches,ITA-SERIA_A,19-20
f6f6b6e8,584,Jawad El Yamiq,MAR,DF,Genoa,27,1992,2.2,0,2,0,0.0,0.91,0.0,0.0,,20.8,0,0,0,0.1,0.1,0.05,-0.1,-0.1,Matches,ITA-SERIA_A,19-20
caffaf5a,585,Maya Yoshida,JPN,DF,Sampdoria,30,1988,13.2,0,6,1,16.7,0.45,0.08,0.0,0.0,15.0,0,0,0,0.3,0.3,0.05,-0.3,-0.3,Matches,ITA-SERIA_A,19-20
228f73ae,586,Amin Younes,GER,"FW,MF",Napoli,25,1993,2.0,1,7,1,14.3,3.58,0.51,0.14,1.0,17.6,0,0,0,0.7,0.7,0.1,0.3,0.3,Matches,ITA-SERIA_A,19-20
be927d03,587,Ashley Young,ENG,DF,Inter,34,1985,13.2,4,15,9,60.0,1.14,0.68,0.27,0.44,19.5,0,0,0,0.9,0.9,0.06,3.1,3.1,Matches,ITA-SERIA_A,19-20
d85c238b,588,Mattia Zaccagni,ITA,"MF,FW",Hellas Verona,24,1995,23.5,2,27,8,29.6,1.15,0.34,0.07,0.25,16.3,0,0,0,4.0,4.0,0.15,-2.0,-2.0,Matches,ITA-SERIA_A,19-20
5e834dce,589,Luca Zanimacchia,ITA,"FW,MF",Juventus,21,1998,1.3,0,2,1,50.0,1.5,0.75,0.0,0.0,29.1,0,0,0,0.0,0.0,0.02,0.0,0.0,Matches,ITA-SERIA_A,19-20
9907b1c8,590,Nicolò Zaniolo,ITA,"FW,MF",Roma,20,1999,16.7,6,46,21,45.7,2.75,1.26,0.13,0.29,18.6,0,0,0,3.6,3.6,0.08,2.4,2.4,Matches,ITA-SERIA_A,19-20
b1deecf8,591,Cristián Zapata,COL,DF,Genoa,32,1986,19.1,1,12,2,16.7,0.63,0.1,0.08,0.5,11.9,0,0,0,0.8,0.8,0.06,0.2,0.2,Matches,ITA-SERIA_A,19-20
d3de9af0,592,Duván Zapata,COL,FW,Atalanta,28,1991,22.5,18,88,36,40.9,3.91,1.6,0.19,0.47,12.8,0,1,1,15.6,14.8,0.17,2.4,2.2,Matches,ITA-SERIA_A,19-20
7fe90ccd,593,Davide Zappacosta,ITA,DF,Roma,27,1992,5.0,0,4,0,0.0,0.8,0.0,0.0,,15.7,0,0,0,0.6,0.6,0.16,-0.6,-0.6,Matches,ITA-SERIA_A,19-20
9592289a,594,Simone Zaza,ITA,FW,Torino,28,1991,18.2,6,48,22,45.8,2.63,1.21,0.13,0.27,15.1,2,0,0,5.8,5.8,0.12,0.2,0.2,Matches,ITA-SERIA_A,19-20
8abd0c03,595,Marvin Zeegelaar,NED,DF,Udinese,28,1990,6.6,0,0,0,,0.0,0.0,,,,0,0,0,0.0,0.0,,0.0,0.0,Matches,ITA-SERIA_A,19-20
a5296e55,596,Piotr Zieliński,POL,MF,Napoli,25,1994,32.5,2,78,22,28.2,2.4,0.68,0.03,0.09,24.3,0,0,0,4.1,4.1,0.05,-2.1,-2.1,Matches,ITA-SERIA_A,19-20
cbec1196,597,Jaromír Zmrhal,CZE,MF,Brescia,25,1993,12.5,2,14,7,50.0,1.12,0.56,0.14,0.29,16.6,2,0,0,1.1,1.1,0.08,0.9,0.9,Matches,ITA-SERIA_A,19-20
1253a12e,598,Ervin Zukanović,BIH,DF,SPAL,32,1987,2.3,0,2,0,0.0,0.88,0.0,0.0,,33.2,0,0,0,0.0,0.0,0.02,0.0,0.0,Matches,ITA-SERIA_A,19-20
4e1d5e59,599,Szymon Żurkowski,POL,MF,Fiorentina,21,1997,0.1,0,1,0,0.0,7.5,0.0,0.0,,14.2,0,0,0,0.1,0.1,0.07,-0.1,-0.1,Matches,ITA-SERIA_A,19-20
eccbe56a,600,Filip Đuričić,SRB,"MF,FW",Sassuolo,27,1992,18.1,5,42,9,21.4,2.31,0.5,0.12,0.56,20.1,2,0,0,3.0,3.0,0.07,2.0,2.0,Matches,ITA-SERIA_A,19-20
