id,Unnamed: 0_level_0,Unnamed: 1_level_0,Unnamed: 2_level_0,Unnamed: 3_level_0,Unnamed: 4_level_0,Unnamed: 5_level_0,Unnamed: 6_level_0,Playing Time,Playing Time,Playing Time,Playing Time,Performance,Performance,Performance,Performance,Performance,Performance,Performance,Performance,Performance,Performance,Penalty Kicks,Penalty Kicks,Penalty Kicks,Penalty Kicks,Penalty Kicks,Unnamed: 26_level_0,Unnamed: league,Unnamed: season
,Rk,Player,Nation,Pos,Squad,Age,Born,MP,Starts,Min,90s,GA,GA90,SoTA,Saves,Save%,W,D,L,CS,CS%,PKatt,PKA,PKsv,PKm,Save%,Matches,league,season
47064058,1,Oliver Baumann,GER,GK,Hoffenheim,29,1990,30,30,2700,30.0,49,1.63,146,97,69.9,13,7,10,7,23.3,7,5,2,0,28.6,Matches,GER-BL1,19-20
9d12e142,2,Roman Bürki,SUI,GK,Dortmund,28,1990,31,31,2770,30.8,40,1.3,95,58,61.1,19,5,7,12,38.7,3,3,0,0,0.0,Matches,GER-BL1,19-20
db401046,3,Koen Casteels,BEL,GK,Wolfsburg,27,1992,26,26,2340,26.0,38,1.46,105,67,67.6,11,6,9,5,19.2,4,4,0,0,0.0,Matches,GER-BL1,19-20
a92ab7be,4,Mark Flekken,NED,GK,Freiburg,26,1993,10,10,900,10.0,14,1.4,69,55,79.7,4,3,3,3,30.0,1,0,0,1,,Matches,GER-BL1,19-20
17376543,5,Rafał Gikiewicz,POL,GK,Union Berlin,31,1987,33,33,2970,33.0,54,1.64,159,105,67.9,12,5,16,8,24.2,4,3,1,0,25.0,Matches,GER-BL1,19-20
bcb2ccd8,6,Péter Gulácsi,HUN,GK,RB Leipzig,29,1990,32,32,2880,32.0,34,1.06,116,82,72.4,16,12,4,10,31.3,2,2,0,0,0.0,Matches,GER-BL1,19-20
2e7ff968,7,Marwin Hitz,SUI,GK,Dortmund,31,1987,4,3,290,3.2,1,0.31,7,6,85.7,2,1,0,3,100.0,0,0,0,0,,Matches,GER-BL1,19-20
3cd9e95a,8,Timo Horn,GER,GK,Köln,26,1993,34,34,3060,34.0,69,2.03,156,87,58.3,10,6,18,6,17.6,6,4,2,0,33.3,Matches,GER-BL1,19-20
ad3389d5,9,Lukáš Hrádecký,FIN,GK,Leverkusen,29,1989,34,34,3060,34.0,44,1.29,143,99,70.6,19,6,9,10,29.4,2,2,0,0,0.0,Matches,GER-BL1,19-20
e8fd2e5b,10,Jannik Huth,GER,GK,Paderborn 07,25,1994,6,6,540,6.0,17,2.83,33,16,51.5,0,1,5,0,0.0,1,1,0,0,0.0,Matches,GER-BL1,19-20
27d2618c,11,Rune Jarstein,NOR,GK,Hertha BSC,34,1984,29,29,2547,28.3,46,1.63,143,99,72.7,11,5,13,9,31.0,7,7,0,0,0.0,Matches,GER-BL1,19-20
62ba5881,12,Stefanos Kapino,GRE,GK,Werder Bremen,25,1994,1,1,90,1.0,2,2.0,5,3,60.0,0,1,0,0,0.0,0,0,0,0,,Matches,GER-BL1,19-20
dc2e4736,13,Florian Kastenmeier,GER,GK,Düsseldorf,22,1997,17,17,1530,17.0,31,1.82,78,49,62.8,2,9,6,2,11.8,3,2,1,0,33.3,Matches,GER-BL1,19-20
dc366c36,14,Tomáš Koubek,CZE,GK,Augsburg,26,1992,24,24,2160,24.0,51,2.12,122,72,58.2,6,6,12,4,16.7,1,0,1,0,100.0,Matches,GER-BL1,19-20
bb25c778,15,Thomas Kraft,GER,GK,Hertha BSC,31,1988,4,4,360,4.0,9,2.25,19,10,52.6,0,3,1,0,0.0,0,0,0,0,,Matches,GER-BL1,19-20
7fe12375,16,Andreas Luthe,GER,GK,Augsburg,32,1987,10,10,900,10.0,12,1.2,33,22,63.6,3,3,4,3,30.0,0,0,0,0,,Matches,GER-BL1,19-20
cbac6ec9,17,Florian Müller,GER,GK,Mainz 05,21,1997,13,12,1125,12.5,25,2.0,66,40,65.2,3,2,7,2,16.7,3,2,1,0,33.3,Matches,GER-BL1,19-20
dc29b608,18,Yvon Mvogo,SUI,GK,RB Leipzig,25,1994,2,2,180,2.0,3,1.5,5,2,40.0,2,0,0,0,0.0,0,0,0,0,,Matches,GER-BL1,19-20
8778c910,19,Manuel Neuer,GER,GK,Bayern Munich,33,1986,33,33,2970,33.0,31,0.94,110,79,74.5,25,4,4,15,45.5,4,3,1,0,25.0,Matches,GER-BL1,19-20
226ddf9d,20,Moritz Nicolas,GER,GK,Union Berlin,21,1997,1,1,90,1.0,4,4.0,8,4,50.0,0,0,1,0,0.0,0,0,0,0,,Matches,GER-BL1,19-20
afb0c500,21,Alexander Nübel,GER,GK,Schalke 04,22,1996,26,26,2315,25.7,40,1.56,118,80,69.5,8,9,9,5,19.2,4,4,0,0,0.0,Matches,GER-BL1,19-20
0a1cb833,22,Jiří Pavlenka,CZE,GK,Werder Bremen,27,1992,33,33,2970,33.0,67,2.03,169,105,60.9,8,6,19,4,12.1,1,1,0,0,0.0,Matches,GER-BL1,19-20
c41f7379,23,Philipp Pentke,GER,GK,Hoffenheim,34,1985,4,4,360,4.0,4,1.0,21,17,85.7,2,0,2,1,25.0,1,1,0,0,0.0,Matches,GER-BL1,19-20
c89e8aae,24,Pavao Pervan,AUT,GK,Wolfsburg,31,1987,8,8,720,8.0,8,1.0,37,30,81.1,2,4,2,3,37.5,1,1,0,0,0.0,Matches,GER-BL1,19-20
a70b8345,25,Frederik Rønnow,DEN,GK,Eint Frankfurt,26,1992,9,9,810,9.0,14,1.56,49,35,75.5,2,3,4,1,11.1,2,2,0,0,0.0,Matches,GER-BL1,19-20
289b90cd,26,Markus Schubert,GER,GK,Schalke 04,21,1998,9,8,742,8.2,18,2.18,55,37,70.9,1,3,4,2,25.0,2,2,0,0,0.0,Matches,GER-BL1,19-20
0d55d942,27,Alexander Schwolow,GER,GK,Freiburg,27,1992,24,24,2091,23.2,32,1.38,118,86,75.4,9,6,9,4,16.7,3,3,0,0,0.0,Matches,GER-BL1,19-20
45f6f52b,28,Dennis Smarsch,GER,GK,Hertha BSC,20,1999,2,1,151,1.7,4,2.38,11,7,63.6,0,0,1,0,0.0,0,0,0,0,,Matches,GER-BL1,19-20
420c18a1,29,Yann Sommer,SUI,GK,Gladbach,30,1988,34,34,3060,34.0,40,1.18,158,117,75.3,20,5,9,7,20.6,2,1,1,0,50.0,Matches,GER-BL1,19-20
42130443,30,Zack Steffen,USA,GK,Düsseldorf,24,1995,17,17,1530,17.0,36,2.12,99,63,64.6,4,3,10,2,11.8,2,1,1,0,50.0,Matches,GER-BL1,19-20
cac55e10,31,Niclas Thiede,GER,GK,Freiburg,20,1999,1,0,69,0.8,1,1.3,4,3,75.0,0,0,0,0,,0,0,0,0,,Matches,GER-BL1,19-20
ce17b5eb,32,Kevin Trapp,GER,GK,Eint Frankfurt,29,1990,22,22,1980,22.0,38,1.73,105,69,64.8,11,3,8,4,18.2,1,1,0,0,0.0,Matches,GER-BL1,19-20
7d3e7da6,33,Sven Ulreich,GER,GK,Bayern Munich,30,1988,2,2,90,1.0,1,1.0,3,2,66.7,1,0,0,0,0.0,0,0,0,0,,Matches,GER-BL1,19-20
e2d34771,34,Felix Wiedwald,GER,GK,Eint Frankfurt,29,1990,3,3,270,3.0,8,2.67,20,12,60.0,0,0,3,0,0.0,0,0,0,0,,Matches,GER-BL1,19-20
5c4bf6ba,35,Robin Zentner,GER,GK,Mainz 05,24,1994,22,22,1935,21.5,40,1.86,115,75,66.1,8,2,12,3,13.6,2,1,1,0,50.0,Matches,GER-BL1,19-20
bf9d9070,36,Leopold Zingerle,GER,GK,Paderborn 07,25,1994,28,28,2520,28.0,57,2.04,152,96,64.5,4,7,17,5,17.9,4,3,1,0,25.0,Matches,GER-BL1,19-20
