id,Unnamed: 0_level_0,Unnamed: 1_level_0,Unnamed: 2_level_0,Unnamed: 3_level_0,Unnamed: 4_level_0,Unnamed: 5_level_0,Unnamed: 6_level_0,Unnamed: 7_level_0,Unnamed: 8_level_0,Pass Types,Pass Types,Pass Types,Pass Types,Pass Types,Pass Types,Pass Types,Pass Types,Corner Kicks,Corner Kicks,Corner Kicks,Outcomes,Outcomes,Outcomes,Unnamed: 23_level_0,Unnamed: league,Unnamed: season
,Rk,Player,Nation,Pos,Squad,Age,Born,90s,Att,Live,Dead,FK,TB,Sw,Crs,TI,CK,In,Out,Str,Cmp,Off,Blocks,Matches,league,season
bbe88396,1,Aly Abeid,MTN,DF,Levante,19,1997,0.9,38,30,8,0,0,0,2,8,0,0,0,0,29,0,2,Matches,ESP-LALIGA,17-18
65d62814,2,Antonio Adán,ESP,GK,Betis,30,1987,30.0,1256,911,344,91,0,1,0,0,0,0,0,0,868,1,1,Matches,ESP-LALIGA,17-18
5890cef1,3,Aday,ESP,DF,Girona,29,1987,20.4,1047,835,209,16,1,15,134,190,3,0,2,0,738,3,37,Matches,ESP-LALIGA,17-18
293211e1,4,Aritz Aduriz,ESP,FW,Athletic Club,36,1981,23.9,518,497,20,1,2,2,20,7,0,0,0,0,337,1,15,Matches,ESP-LALIGA,17-18
355c883a,5,Martin Agirregabiria,ESP,DF,Alavés,21,1996,20.3,884,658,226,10,2,3,50,216,0,0,0,0,634,0,31,Matches,ESP-LALIGA,17-18
c84c1afc,6,Imanol Agirretxe,ESP,FW,Real Sociedad,30,1987,2.6,60,56,3,0,1,0,1,0,0,0,0,0,38,1,2,Matches,ESP-LALIGA,17-18
8617e3d9,7,Matías Aguirregaray,URU,DF,Las Palmas,28,1989,12.8,698,546,148,22,2,4,19,126,0,0,0,0,519,4,16,Matches,ESP-LALIGA,17-18
c5eaff5c,8,Ager Aketxe,ESP,MF,Athletic Club,23,1993,0.4,42,37,5,2,0,0,7,0,3,2,1,0,32,0,1,Matches,ESP-LALIGA,17-18
7a4cd784,9,David Alba,ESP,DF,Getafe,18,1999,0.7,9,9,0,0,0,0,0,0,0,0,0,0,7,0,0,Matches,ESP-LALIGA,17-18
4601e194,10,Jordi Alba,ESP,DF,Barcelona,28,1989,30.5,2418,2101,308,46,2,19,46,261,1,0,0,0,2074,9,55,Matches,ESP-LALIGA,17-18
348e4809,11,Raúl Albentosa,ESP,DF,La Coruña,28,1988,19.4,775,738,34,33,1,12,2,1,0,0,0,0,607,3,8,Matches,ESP-LALIGA,17-18
a7a9d95a,12,Paco Alcácer,ESP,"MF,FW",Barcelona,23,1993,7.7,234,224,8,0,3,0,6,3,3,2,0,1,188,2,5,Matches,ESP-LALIGA,17-18
ba71d071,13,Pedro Alcalá,ESP,DF,Girona,28,1989,7.7,295,279,13,13,0,18,4,0,0,0,0,0,208,3,3,Matches,ESP-LALIGA,17-18
a8599c17,14,Steve Aldo One,CMR,DF,La Coruña,22,1995,1.0,22,21,1,1,0,0,0,0,0,0,0,0,18,0,0,Matches,ESP-LALIGA,17-18
46166b49,15,Álex Alegría,ESP,FW,Levante,24,1992,7.0,164,144,19,0,1,0,2,0,0,0,0,0,111,1,6,Matches,ESP-LALIGA,17-18
3d7e48ce,16,Iván Alejo,ESP,"MF,FW",Eibar,22,1995,12.2,340,325,13,1,1,2,109,11,1,0,0,0,182,2,32,Matches,ESP-LALIGA,17-18
3e1858af,17,Alexander,ARG,"MF,FW",Leganés,28,1988,11.8,320,293,24,5,0,3,40,7,12,4,6,0,219,3,17,Matches,ESP-LALIGA,17-18
db0cd1ae,18,Alexis,ESP,DF,Alavés,31,1985,24.3,743,573,162,65,0,7,6,97,0,0,0,0,544,8,5,Matches,ESP-LALIGA,17-18
7e28d6f7,19,José Alonso Lara,ESP,MF,Sevilla,17,2000,0.1,4,4,0,0,0,0,0,0,0,0,0,0,3,0,0,Matches,ESP-LALIGA,17-18
8875b8c9,20,Sergio Álvarez,ESP,GK,Celta Vigo,30,1986,16.4,626,442,181,52,0,2,0,0,0,0,0,0,424,3,1,Matches,ESP-LALIGA,17-18
3ecc11d8,21,Yeray Álvarez,ESP,DF,Athletic Club,22,1995,7.5,468,431,35,26,0,8,1,9,0,0,0,0,385,2,1,Matches,ESP-LALIGA,17-18
12a875ce,22,Eloi Amagat,ESP,MF,Girona,32,1985,0.2,9,9,0,0,0,0,1,0,0,0,0,0,8,0,0,Matches,ESP-LALIGA,17-18
d70a2141,23,Jordi Amat,IDN,"DF,MF",Betis,25,1992,22.7,1609,1542,64,56,0,19,0,8,0,0,0,0,1444,3,15,Matches,ESP-LALIGA,17-18
f3b1d9a2,24,Amath,SEN,"MF,FW",Getafe,21,1996,31.8,596,578,9,1,3,7,21,7,0,0,0,0,390,9,29,Matches,ESP-LALIGA,17-18
7c2a398c,25,Nordin Amrabat,MAR,"FW,MF",Leganés,30,1987,18.0,481,450,24,0,5,3,61,13,2,1,0,0,296,7,23,Matches,ESP-LALIGA,17-18
983ccabe,26,Jon Ander Serantes,ESP,GK,Leganés,27,1989,1.0,33,18,15,7,0,0,0,0,0,0,0,0,12,0,0,Matches,ESP-LALIGA,17-18
dc008610,27,Florin Andone,ROU,FW,La Coruña,24,1993,18.2,308,271,35,0,0,0,17,2,0,0,0,0,188,2,20,Matches,ESP-LALIGA,17-18
b35db3f6,28,Miguel Ángel Guerrero,ESP,FW,Leganés,27,1990,16.0,374,336,35,0,1,2,1,0,0,0,0,0,283,3,5,Matches,ESP-LALIGA,17-18
3024e383,29,José Ángel,ESP,DF,Eibar,27,1989,27.0,1645,1223,411,66,0,33,226,304,41,5,36,0,1003,11,57,Matches,ESP-LALIGA,17-18
011d8c56,30,Miguel Ángel Moyá,ESP,GK,Real Sociedad,33,1984,8.5,361,267,94,24,0,2,0,0,0,0,0,0,274,0,0,Matches,ESP-LALIGA,17-18
56cafd0a,31,Miguel Ángel Rubio,ESP,DF,Getafe,19,1998,0.3,10,10,0,0,0,0,0,0,0,0,0,0,3,0,0,Matches,ESP-LALIGA,17-18
3e4f735d,32,Vitorino Antunes,POR,DF,Getafe,30,1987,31.1,1366,934,423,53,3,12,149,318,52,12,22,1,862,9,37,Matches,ESP-LALIGA,17-18
ad340e17,33,Alberto Aquilani,ITA,MF,Las Palmas,33,1984,14.4,1008,974,31,29,4,35,7,2,0,0,0,0,838,3,13,Matches,ESP-LALIGA,17-18
58afe001,34,Mauro Arambarri,URU,MF,Getafe,21,1995,23.6,629,618,5,4,3,30,6,0,0,0,0,0,435,6,18,Matches,ESP-LALIGA,17-18
2b15a82a,35,Guilherme Arana,BRA,DF,Sevilla,20,1997,2.1,123,102,21,1,0,0,3,20,0,0,0,0,105,0,2,Matches,ESP-LALIGA,17-18
080ac8d8,36,Sergio Araujo,ARG,"MF,FW",Las Palmas,25,1992,0.4,21,19,2,0,0,0,0,1,0,0,0,0,20,0,1,Matches,ESP-LALIGA,17-18
850c0a0d,37,Anaitz Arbilla,ESP,DF,Eibar,30,1987,26.8,1559,1447,101,59,0,88,11,40,2,0,1,0,1235,11,16,Matches,ESP-LALIGA,17-18
46e07328,38,José Arnaiz,ESP,MF,Barcelona,22,1995,0.1,4,4,0,0,0,0,0,0,0,0,0,0,3,0,0,Matches,ESP-LALIGA,17-18
cc29324e,39,Alejandro Arribas,ESP,DF,La Coruña,28,1989,3.0,118,118,0,0,0,0,0,0,0,0,0,0,99,0,0,Matches,ESP-LALIGA,17-18
28d596a0,40,Kepa Arrizabalaga,ESP,GK,Athletic Club,22,1994,30.0,1056,748,301,95,0,0,0,0,0,0,0,0,700,7,2,Matches,ESP-LALIGA,17-18
01ae64cd,41,Aythami Artiles,ESP,DF,Las Palmas,31,1986,2.0,95,83,12,12,0,0,0,0,0,0,0,0,81,0,0,Matches,ESP-LALIGA,17-18
9f0ea33f,42,Sergio Asenjo,ESP,GK,Villarreal,28,1989,23.0,657,390,264,64,0,1,0,0,0,0,0,0,406,3,0,Matches,ESP-LALIGA,17-18
45af8a54,43,Marco Asensio,ESP,"FW,MF",Real Madrid,21,1996,20.5,1264,1172,87,16,9,21,106,19,50,12,17,2,1062,5,31,Matches,ESP-LALIGA,17-18
7dcf86f6,44,Iago Aspas,ESP,FW,Celta Vigo,29,1987,32.6,1316,1236,69,20,9,18,62,9,29,7,3,0,992,11,47,Matches,ESP-LALIGA,17-18
09a9e921,45,Carlos Bacca,COL,FW,Villarreal,30,1986,27.7,538,492,41,0,1,4,11,2,2,0,0,0,388,5,13,Matches,ESP-LALIGA,17-18
0af4dcf0,46,Cédric Bakambu,COD,FW,Villarreal,26,1991,14.0,293,274,17,1,1,3,12,0,0,0,0,0,209,2,9,Matches,ESP-LALIGA,17-18
ec3efd7f,47,Zakaria Bakkali,BEL,"FW,MF",La Coruña,21,1996,10.1,307,287,16,1,1,0,36,6,9,4,0,0,232,4,9,Matches,ESP-LALIGA,17-18
a58bb1e1,48,Gareth Bale,WAL,"FW,MF",Real Madrid,28,1989,20.0,779,746,25,1,2,22,55,20,0,0,0,0,603,8,25,Matches,ESP-LALIGA,17-18
1fe67e86,49,Mikel Balenziaga,ESP,DF,Athletic Club,29,1988,17.2,791,615,176,11,0,3,50,165,0,0,0,0,599,0,27,Matches,ESP-LALIGA,17-18
fa937f7a,50,Éver Banega,ARG,MF,Sevilla,29,1988,26.7,2309,2065,223,107,10,31,145,11,103,42,48,1,1896,21,25,Matches,ESP-LALIGA,17-18
35f6db55,51,Léo Baptistão,BRA,"FW,MF",Espanyol,24,1992,29.7,727,684,42,0,5,2,34,5,0,0,0,0,473,1,51,Matches,ESP-LALIGA,17-18
aad4f74f,52,Mariano Barbosa,ARG,GK,Villarreal,33,1984,12.5,335,202,133,28,0,0,0,0,0,0,0,0,225,0,0,Matches,ESP-LALIGA,17-18
cac2537b,53,Enis Bardhi,MKD,MF,Levante,22,1995,17.6,683,602,78,27,2,15,55,6,42,15,15,3,520,3,14,Matches,ESP-LALIGA,17-18
487d9b09,54,Antonio Barragán,ESP,DF,Betis,30,1987,26.4,1618,1394,219,14,2,7,92,205,0,0,0,0,1293,5,28,Matches,ESP-LALIGA,17-18
9704b62b,55,Barri,ESP,"MF,FW",Getafe,21,1995,1.3,16,14,0,0,0,0,0,0,0,0,0,0,10,2,0,Matches,ESP-LALIGA,17-18
b742cc0d,56,Marc Bartra,ESP,DF,Betis,26,1991,15.8,1100,1038,57,55,3,12,2,1,0,0,0,0,939,5,7,Matches,ESP-LALIGA,17-18
8c44e37b,57,Borja Bastón,ESP,FW,Málaga,24,1992,10.9,236,212,22,0,3,1,5,0,0,0,0,0,171,2,9,Matches,ESP-LALIGA,17-18
debc6b55,58,Jon Bautista,ESP,"FW,MF",Real Sociedad,22,1995,2.0,35,32,3,0,0,0,0,0,0,0,0,0,27,0,0,Matches,ESP-LALIGA,17-18
2515040a,59,Paul Baysse,FRA,DF,Málaga,29,1988,13.8,549,517,32,30,0,7,0,2,0,0,0,0,448,0,1,Matches,ESP-LALIGA,17-18
8ca253a3,60,Claudio Beauvue,GLP,FW,Leganés,29,1988,18.6,321,279,37,1,2,1,11,3,0,0,0,0,208,5,10,Matches,ESP-LALIGA,17-18
d8712bf9,61,Bebé,CPV,"MF,FW",Eibar,27,1990,4.1,149,132,16,4,0,1,47,5,7,3,4,0,84,1,8,Matches,ESP-LALIGA,17-18
942b4f90,62,Wissam Ben Yedder,FRA,FW,Sevilla,26,1990,18.9,481,440,39,0,2,0,8,0,0,0,0,0,371,2,10,Matches,ESP-LALIGA,17-18
70d74ece,63,Karim Benzema,FRA,FW,Real Madrid,29,1987,23.9,881,832,42,2,8,10,6,0,1,0,0,0,723,7,25,Matches,ESP-LALIGA,17-18
04a65a8f,64,Markel Bergara,ESP,MF,Getafe,31,1986,16.3,397,369,23,3,0,1,5,0,0,0,0,0,278,5,6,Matches,ESP-LALIGA,17-18
697295b1,65,Pedro Bigas,ESP,DF,Las Palmas,26,1990,9.9,596,566,28,22,0,10,0,6,0,0,0,0,522,2,7,Matches,ESP-LALIGA,17-18
967f34d3,66,Rubén Blanco,ESP,GK,Celta Vigo,22,1995,21.6,819,602,209,58,0,0,0,0,0,0,0,0,507,8,1,Matches,ESP-LALIGA,17-18
2e23c66b,67,Emmanuel Boateng,GHA,FW,Levante,21,1996,14.2,228,207,17,0,0,0,3,0,0,0,0,0,143,4,4,Matches,ESP-LALIGA,17-18
13b0c150,68,Daniele Bonera,ITA,DF,Villarreal,36,1981,13.2,569,536,31,30,1,5,0,1,0,0,0,0,493,2,2,Matches,ESP-LALIGA,17-18
b8836910,69,Celso Borges,CRC,MF,La Coruña,29,1988,25.6,1236,1202,29,26,1,16,17,3,0,0,0,0,952,5,18,Matches,ESP-LALIGA,17-18
1001ae82,70,Ryad Boudebouz,ALG,"MF,FW",Betis,27,1990,15.1,862,799,61,29,4,13,52,5,23,15,6,0,661,2,18,Matches,ESP-LALIGA,17-18
f6798fc3,71,Yassine Bounou,MAR,GK,Girona,26,1991,29.5,879,524,352,109,0,1,0,0,0,0,0,0,444,3,1,Matches,ESP-LALIGA,17-18
1771f2c1,72,Eneko Bóveda,ESP,DF,La Coruña,28,1988,7.4,284,255,29,6,0,3,3,23,0,0,0,0,212,0,10,Matches,ESP-LALIGA,17-18
1771f2c1,73,Eneko Bóveda,ESP,DF,Athletic Club,28,1988,5.8,293,225,68,6,0,0,19,62,0,0,0,0,203,0,7,Matches,ESP-LALIGA,17-18
d49f3e6b,74,Lucas Boyé,ARG,"FW,MF",Celta Vigo,21,1996,3.1,128,125,2,0,0,0,10,1,0,0,0,0,79,1,7,Matches,ESP-LALIGA,17-18
4accb7e0,75,Darko Brašanac,SRB,"MF,FW",Leganés,25,1992,13.4,419,402,13,9,1,3,10,2,2,0,2,0,331,4,11,Matches,ESP-LALIGA,17-18
9b878773,76,Alberto Bueno,ESP,"MF,FW",Málaga,29,1988,2.5,98,94,3,1,0,3,3,1,0,0,0,0,78,1,2,Matches,ESP-LALIGA,17-18
45e304c8,77,Burgui,ESP,"MF,FW",Alavés,23,1993,11.5,365,341,23,5,4,0,14,14,2,1,1,0,271,1,13,Matches,ESP-LALIGA,17-18
5ab0ea87,78,Sergio Busquets,ESP,MF,Barcelona,29,1988,28.8,2249,2152,91,89,5,27,0,2,0,0,0,0,2031,6,17,Matches,ESP-LALIGA,17-18
f3112790,79,Unai Bustinza,ESP,DF,Leganés,25,1992,18.2,691,607,80,30,0,12,8,50,0,0,0,0,540,4,11,Matches,ESP-LALIGA,17-18
e7ab4179,80,Erick Cabaco,URU,DF,Levante,22,1995,11.6,324,282,42,42,1,7,0,0,0,0,0,0,232,0,4,Matches,ESP-LALIGA,17-18
92b4a127,81,Gustavo Cabral,ARG,DF,Celta Vigo,31,1985,21.0,1283,1243,37,35,0,2,0,2,0,0,0,0,1134,3,3,Matches,ESP-LALIGA,17-18
69cbc8b6,82,Leandro Cabrera,URU,DF,Getafe,26,1991,8.0,297,215,80,11,0,8,12,69,0,0,0,0,151,2,9,Matches,ESP-LALIGA,17-18
fe05804b,83,Cala,ESP,DF,Getafe,27,1989,20.0,655,576,77,75,0,40,1,2,0,0,0,0,414,2,1,Matches,ESP-LALIGA,17-18
4e2c27bb,84,Carlos Calderón,ESP,MF,Getafe,22,1995,0.0,2,2,0,0,0,0,0,0,0,0,0,0,2,0,0,Matches,ESP-LALIGA,17-18
6922f806,85,Jonathan Calleri,ARG,FW,Las Palmas,23,1993,34.5,748,644,98,3,1,12,30,2,0,0,0,0,464,6,21,Matches,ESP-LALIGA,17-18
b2d03887,86,Víctor Camarasa,ESP,MF,Betis,23,1994,13.9,637,626,8,6,1,17,4,0,2,0,0,0,549,3,15,Matches,ESP-LALIGA,17-18
61220da2,87,José Campaña,ESP,MF,Levante,24,1993,30.4,1693,1549,138,60,5,34,113,4,74,28,29,5,1352,6,34,Matches,ESP-LALIGA,17-18
895ff3ca,88,Joel Campbell,CRC,"MF,FW",Betis,25,1992,2.4,94,92,1,0,0,2,3,1,0,0,0,0,80,1,0,Matches,ESP-LALIGA,17-18
a6de370d,89,Sergio Canales,ESP,"MF,FW",Real Sociedad,26,1991,21.4,1334,1156,174,56,6,19,153,11,101,40,47,0,1050,4,34,Matches,ESP-LALIGA,17-18
bd6351cd,90,João Cancelo,POR,MF,Valencia,23,1994,1.0,47,46,1,0,1,0,5,1,0,0,0,0,28,0,3,Matches,ESP-LALIGA,17-18
37f1cf47,91,Ander Capa,ESP,DF,Eibar,25,1992,25.0,1492,1131,350,23,3,2,95,327,0,0,0,0,1062,11,62,Matches,ESP-LALIGA,17-18
5b5724d2,92,Lionel Carole,FRA,DF,Sevilla,26,1991,6.0,360,299,58,3,0,0,8,55,0,0,0,0,294,3,6,Matches,ESP-LALIGA,17-18
de39485a,93,Yannick Carrasco,BEL,"MF,FW",Atlético Madrid,23,1993,10.0,333,301,26,8,3,0,24,11,6,1,1,0,247,6,15,Matches,ESP-LALIGA,17-18
e1deea75,94,Daniel Carriço,POR,DF,Sevilla,28,1988,5.1,249,242,7,7,0,2,0,0,0,0,0,0,214,0,3,Matches,ESP-LALIGA,17-18
a8e6bebf,95,Federico Cartabia,ARG,"FW,MF",La Coruña,24,1993,14.7,596,544,49,12,3,10,47,21,16,4,4,0,451,3,16,Matches,ESP-LALIGA,17-18
4958bfb2,96,Dani Carvajal,ESP,DF,Real Madrid,25,1992,24.7,1898,1628,261,31,4,20,91,230,0,0,0,0,1595,9,40,Matches,ESP-LALIGA,17-18
4d224fe8,97,Casemiro,BRA,MF,Real Madrid,25,1992,28.8,1762,1704,48,47,3,47,6,1,0,0,0,0,1545,10,21,Matches,ESP-LALIGA,17-18
58bc7d18,98,Kiko Casilla,ESP,GK,Real Madrid,30,1986,10.0,268,175,92,20,0,1,0,0,0,0,0,0,211,1,0,Matches,ESP-LALIGA,17-18
21d4e122,99,Dani Castellano,ESP,DF,Las Palmas,29,1987,22.5,1079,853,223,27,0,4,39,196,0,0,0,0,831,3,26,Matches,ESP-LALIGA,17-18
dac68523,100,Javi Castellano,ESP,MF,Las Palmas,29,1987,17.4,1085,1034,51,47,0,6,3,4,0,0,0,0,971,0,10,Matches,ESP-LALIGA,17-18
130a7a3f,101,Samu Castillejo,ESP,"MF,FW",Villarreal,22,1995,23.0,996,875,111,34,7,15,97,4,73,32,13,0,763,10,26,Matches,ESP-LALIGA,17-18
8cc3d96e,102,Chory Castro,URU,"MF,FW",Málaga,32,1984,22.9,1013,889,111,32,2,18,133,45,33,8,16,1,672,13,37,Matches,ESP-LALIGA,17-18
e28868f3,103,Jonny Castro,ESP,DF,Celta Vigo,23,1994,35.6,2114,1739,361,54,5,19,51,307,0,0,0,0,1744,14,37,Matches,ESP-LALIGA,17-18
d109f62b,104,Rubén Castro,ESP,FW,Betis,36,1981,4.0,59,51,8,0,2,0,0,1,0,0,0,0,49,0,3,Matches,ESP-LALIGA,17-18
c0617e2b,105,Dani Ceballos,ESP,MF,Real Madrid,20,1996,4.5,380,362,17,8,1,3,2,4,3,0,1,0,353,1,4,Matches,ESP-LALIGA,17-18
5c256395,106,Emanuel Cecchini,ARG,"MF,DF",Málaga,20,1996,0.3,16,16,0,0,0,0,0,0,0,0,0,0,13,0,2,Matches,ESP-LALIGA,17-18
7a9fae62,107,Nereo Champagne,ARG,GK,Leganés,32,1985,2.0,58,29,28,9,0,0,0,0,0,0,0,0,32,1,0,Matches,ESP-LALIGA,17-18
c4b8bcf4,108,Charles,BRA,FW,Eibar,33,1984,17.6,424,391,31,0,0,1,7,2,0,0,0,0,286,2,11,Matches,ESP-LALIGA,17-18
7f203b54,109,Chema,ESP,DF,Levante,25,1992,22.4,693,650,41,41,0,10,0,0,0,0,0,0,535,2,1,Matches,ESP-LALIGA,17-18
0ac94a23,110,Denis Cheryshev,RUS,"MF,FW",Villarreal,26,1990,10.3,334,324,5,1,1,2,27,2,1,0,0,0,224,5,10,Matches,ESP-LALIGA,17-18
8d957256,111,Leandro Chichizola,ARG,GK,Las Palmas,27,1990,27.0,1142,809,328,98,0,3,0,0,0,0,0,0,807,5,1,Matches,ESP-LALIGA,17-18
c4af5889,112,Chuca,ESP,MF,Villarreal,20,1997,1.0,54,46,7,1,1,2,8,0,6,2,3,0,35,1,0,Matches,ESP-LALIGA,17-18
90f83973,113,Cifu,ESP,DF,Málaga,26,1990,1.2,85,66,19,1,0,0,12,18,0,0,0,0,65,0,7,Matches,ESP-LALIGA,17-18
04ac8285,114,Jasper Cillessen,NED,GK,Barcelona,28,1989,1.0,31,21,10,0,0,0,0,0,0,0,0,0,25,0,0,Matches,ESP-LALIGA,17-18
6d8f8441,115,Coke,ESP,DF,Levante,30,1987,15.4,748,589,155,7,0,2,36,148,0,0,0,0,543,4,21,Matches,ESP-LALIGA,17-18
643b39a6,116,Emre Çolak,TUR,MF,La Coruña,26,1991,16.1,881,805,69,24,9,20,70,12,30,15,11,0,683,7,20,Matches,ESP-LALIGA,17-18
a6951bf8,117,Francis Coquelin,FRA,"MF,DF",Valencia,26,1991,7.3,310,296,9,8,0,8,1,1,0,0,0,0,256,5,4,Matches,ESP-LALIGA,17-18
0e7ccfc4,118,Sébastien Corchia,FRA,DF,Sevilla,26,1990,9.1,397,315,81,6,0,2,23,75,0,0,0,0,305,1,6,Matches,ESP-LALIGA,17-18
49ea92be,119,Iñigo Córdoba,ESP,FW,Athletic Club,20,1997,16.2,540,527,10,5,2,3,70,5,0,0,0,0,348,3,33,Matches,ESP-LALIGA,17-18
01eb744d,120,Ángel Correa,ARG,"MF,FW",Atlético Madrid,22,1995,25.0,891,873,8,0,10,8,30,1,3,0,0,0,633,10,34,Matches,ESP-LALIGA,17-18
45b9b619,121,Joaquín Correa,ARG,FW,Sevilla,22,1994,13.3,486,455,23,6,2,5,7,11,2,0,0,0,397,8,14,Matches,ESP-LALIGA,17-18
a190d597,122,Diego Costa,ESP,FW,Atlético Madrid,28,1988,11.6,316,311,4,0,3,2,2,0,0,0,0,0,237,1,16,Matches,ESP-LALIGA,17-18
808d48f3,123,Jaume Costa,ESP,DF,Villarreal,29,1988,28.2,1583,1350,225,16,1,6,67,208,1,0,0,0,1262,8,22,Matches,ESP-LALIGA,17-18
0ef89a37,124,Philippe Coutinho,BRA,"MF,FW",Barcelona,25,1992,14.4,877,802,70,11,10,6,51,7,52,28,9,0,728,5,18,Matches,ESP-LALIGA,17-18
cc2dd8a5,125,Juan Cruz,ESP,FW,Málaga,17,2000,0.1,3,3,0,0,0,0,0,0,0,0,0,0,3,0,0,Matches,ESP-LALIGA,17-18
75751c99,126,Iván Cuéllar,ESP,GK,Leganés,33,1984,35.0,1126,684,433,175,0,1,0,0,0,0,0,0,503,9,2,Matches,ESP-LALIGA,17-18
070a3904,127,Sergi Darder,ESP,MF,Espanyol,23,1993,30.9,1506,1415,83,54,7,26,46,6,23,6,14,0,1213,8,27,Matches,ESP-LALIGA,17-18
60ee859c,128,Salem Al-Dawsari,KSA,MF,Villarreal,25,1991,0.4,17,17,0,0,0,0,0,0,0,0,0,0,15,0,1,Matches,ESP-LALIGA,17-18
b19db005,129,Ousmane Dembélé,FRA,"FW,MF",Barcelona,20,1997,10.3,505,463,36,4,3,2,45,5,27,1,18,0,391,6,18,Matches,ESP-LALIGA,17-18
ed79b7d3,130,Ermedin Demirović,BIH,FW,Alavés,19,1998,2.0,29,29,0,0,0,1,0,0,0,0,0,0,16,0,1,Matches,ESP-LALIGA,17-18
39583cfd,131,Gerard Deulofeu,ESP,"MF,FW",Barcelona,23,1994,5.6,294,276,18,2,1,1,16,3,13,3,5,0,230,0,11,Matches,ESP-LALIGA,17-18
70438d35,132,Adrián Diéguez,ESP,DF,Alavés,21,1996,4.8,168,133,34,7,0,4,1,27,0,0,0,0,131,1,2,Matches,ESP-LALIGA,17-18
1b84dbe1,133,Lucas Digne,FRA,DF,Barcelona,24,1993,7.8,564,486,78,9,0,3,15,69,0,0,0,0,489,0,12,Matches,ESP-LALIGA,17-18
7329018e,134,Papakouli Diop,SEN,MF,Espanyol,31,1986,2.9,80,79,1,1,0,1,0,0,0,0,0,0,63,0,1,Matches,ESP-LALIGA,17-18
7329018e,135,Papakouli Diop,SEN,MF,Eibar,31,1986,10.4,449,433,16,14,1,4,5,2,0,0,0,0,340,0,3,Matches,ESP-LALIGA,17-18
a4971d84,136,Djené,TOG,DF,Getafe,25,1991,36.0,992,925,56,52,2,8,10,4,0,0,0,0,688,11,9,Matches,ESP-LALIGA,17-18
ac295d9e,137,Marko Dmitrović,SRB,GK,Eibar,25,1992,36.0,1163,785,373,157,1,0,0,0,0,0,0,0,580,5,0,Matches,ESP-LALIGA,17-18
c9cb972b,138,Jaume Doménech,ESP,GK,Valencia,26,1990,5.0,140,90,50,16,0,0,0,0,0,0,0,0,105,0,0,Matches,ESP-LALIGA,17-18
ec699fdd,139,Mauro dos Santos,ARG,DF,Leganés,28,1989,10.9,311,304,7,7,0,0,3,0,0,0,0,0,235,0,4,Matches,ESP-LALIGA,17-18
e208bcc8,140,Cheick Doukouré,CIV,MF,Levante,24,1992,11.4,320,317,2,1,1,0,4,1,0,0,0,0,261,1,9,Matches,ESP-LALIGA,17-18
aa0ac32d,141,Óscar Duarte,CRC,DF,Espanyol,28,1989,11.0,483,461,21,21,0,1,1,0,0,0,0,0,380,1,1,Matches,ESP-LALIGA,17-18
1fe0492d,142,Rubén Duarte,ESP,DF,Alavés,21,1995,23.8,968,697,257,11,0,3,54,246,0,0,0,0,670,14,11,Matches,ESP-LALIGA,17-18
e5cd9da6,143,Riza Durmisi,DEN,DF,Betis,23,1994,23.1,1069,880,186,11,1,2,68,172,3,1,1,0,856,3,22,Matches,ESP-LALIGA,17-18
37e103f8,144,Hugo Duro,ESP,FW,Getafe,17,1999,0.2,6,6,0,0,0,0,0,0,0,0,0,0,6,0,0,Matches,ESP-LALIGA,17-18
f7dc2ae5,145,Aritz Elustondo,ESP,DF,Real Sociedad,23,1994,17.7,1028,937,90,22,2,4,9,68,0,0,0,0,870,1,11,Matches,ESP-LALIGA,17-18
fd47b4f2,146,Rodrigo Ely,BRA,DF,Alavés,23,1993,29.9,1040,951,81,75,2,19,1,6,0,0,0,0,753,8,6,Matches,ESP-LALIGA,17-18
04e17fd5,147,Youssef En-Nesyri,MAR,FW,Málaga,20,1997,17.7,342,319,21,0,3,2,19,1,0,0,0,0,190,2,19,Matches,ESP-LALIGA,17-18
bb4b1242,148,Sergi Enrich,ESP,FW,Eibar,27,1990,14.8,430,400,29,1,0,3,5,4,0,0,0,0,289,1,8,Matches,ESP-LALIGA,17-18
aec0fb6f,149,Javier Eraso,ESP,"MF,FW",Leganés,27,1990,28.1,875,785,82,22,3,4,80,1,47,16,27,0,623,8,24,Matches,ESP-LALIGA,17-18
3f79a1c8,150,Gonzalo Escalante,ARG,MF,Eibar,24,1993,17.4,674,661,8,5,1,9,10,3,0,0,0,0,490,5,15,Matches,ESP-LALIGA,17-18
b0616e3d,151,Sergio Escudero,ESP,DF,Sevilla,27,1989,25.9,1651,1306,334,58,2,13,41,275,1,1,0,0,1303,11,35,Matches,ESP-LALIGA,17-18
4242011c,152,Bernardo Espinosa,COL,DF,Girona,28,1989,31.9,1177,1139,31,30,0,25,1,0,0,0,0,0,960,7,4,Matches,ESP-LALIGA,17-18
b579e83d,153,Oghenekaro Etebo,NGA,MF,Las Palmas,21,1995,13.5,639,612,22,18,2,13,4,2,2,1,0,0,540,5,6,Matches,ESP-LALIGA,17-18
b037bd4f,154,Beñat Etxebarria,ESP,MF,Athletic Club,30,1987,12.4,817,686,124,59,2,6,79,4,49,21,25,1,642,7,13,Matches,ESP-LALIGA,17-18
4a895384,155,Xabier Etxeita,ESP,DF,Athletic Club,29,1987,4.2,161,161,0,0,0,1,0,0,0,0,0,0,136,0,3,Matches,ESP-LALIGA,17-18
283c7121,156,Edu Expósito,ESP,"MF,FW",La Coruña,20,1996,1.1,52,52,0,0,0,0,0,0,0,0,0,0,45,0,2,Matches,ESP-LALIGA,17-18
07d67579,157,Erik Expósito,ESP,FW,Las Palmas,21,1996,5.2,95,84,8,0,0,0,3,0,0,0,0,0,58,3,2,Matches,ESP-LALIGA,17-18
9243fea6,158,Imoh Ezekiel,NGA,"MF,FW",Las Palmas,23,1993,5.2,123,119,4,1,0,0,11,2,0,0,0,0,94,0,8,Matches,ESP-LALIGA,17-18
79135368,159,Fayçal Fajr,MAR,"MF,FW",Getafe,28,1988,26.5,1068,907,150,84,3,61,121,3,55,15,20,1,738,11,22,Matches,ESP-LALIGA,17-18
89151b16,160,Zouhair Feddal,MAR,DF,Betis,28,1989,14.0,825,780,42,35,0,25,3,7,0,0,0,0,668,3,5,Matches,ESP-LALIGA,17-18
307fcd26,161,Andrés Fernández,ESP,GK,Villarreal,30,1986,2.5,70,36,33,6,0,0,0,0,0,0,0,0,44,1,0,Matches,ESP-LALIGA,17-18
78c40e94,162,Augusto Fernández,ARG,MF,Atlético Madrid,31,1986,1.2,73,68,3,2,0,0,0,0,0,0,0,0,58,2,1,Matches,ESP-LALIGA,17-18
e08647d6,163,Carlos Fernández,ESP,FW,Sevilla,21,1996,1.5,36,33,3,0,0,0,0,0,0,0,0,0,28,0,0,Matches,ESP-LALIGA,17-18
6fb59070,164,Raúl Fernández,ESP,GK,Levante,29,1988,11.0,325,170,153,58,0,0,0,0,0,0,0,0,174,2,1,Matches,ESP-LALIGA,17-18
24f59bb2,165,Junior Firpo,DOM,DF,Betis,20,1996,13.2,652,561,89,16,0,2,13,73,0,0,0,0,539,2,9,Matches,ESP-LALIGA,17-18
148d4105,166,Mathieu Flamini,FRA,MF,Getafe,33,1984,5.3,148,145,1,1,0,0,3,0,0,0,0,0,98,2,3,Matches,ESP-LALIGA,17-18
0f138d5a,167,Andreu Fontàs,ESP,DF,Celta Vigo,27,1989,9.8,729,694,33,27,1,4,0,6,0,0,0,0,642,2,1,Matches,ESP-LALIGA,17-18
82927de4,168,Pablo Fornals,ESP,"MF,FW",Villarreal,21,1996,29.1,1373,1339,21,6,17,19,30,4,9,3,4,0,1047,13,43,Matches,ESP-LALIGA,17-18
2e8fc160,169,Javi Fuego,ESP,MF,Villarreal,33,1984,6.0,334,321,10,10,0,6,1,0,0,0,0,0,261,3,7,Matches,ESP-LALIGA,17-18
2e8fc160,170,Javi Fuego,ESP,MF,Espanyol,33,1984,14.9,625,601,21,21,1,3,0,0,0,0,0,0,492,3,11,Matches,ESP-LALIGA,17-18
65d750b5,171,Gabi,ESP,MF,Atlético Madrid,34,1983,26.1,1779,1637,133,100,4,17,45,4,29,2,23,2,1484,9,26,Matches,ESP-LALIGA,17-18
0d10333c,172,Gabriel,BRA,MF,Leganés,23,1993,26.4,1196,1159,28,25,6,30,14,3,0,0,0,0,792,9,30,Matches,ESP-LALIGA,17-18
7ebfac0f,173,Nicolás Gaitán,ARG,"MF,FW",Atlético Madrid,29,1988,2.4,104,95,8,2,0,1,9,1,5,1,4,0,75,1,3,Matches,ESP-LALIGA,17-18
960fb42d,174,Álex Gálvez,ESP,DF,Las Palmas,28,1989,18.0,952,877,74,69,0,22,2,5,0,0,0,0,770,1,10,Matches,ESP-LALIGA,17-18
960fb42d,175,Álex Gálvez,ESP,DF,Eibar,28,1989,4.0,208,192,16,11,0,3,0,5,0,0,0,0,161,0,2,Matches,ESP-LALIGA,17-18
6cffc9df,176,Bruno Gama,POR,"FW,MF",La Coruña,29,1987,1.3,42,40,2,0,0,0,5,0,2,2,0,0,31,0,1,Matches,ESP-LALIGA,17-18
42276181,177,Kévin Gameiro,FRA,FW,Atlético Madrid,30,1987,12.5,234,221,13,0,0,0,2,2,0,0,0,0,182,0,8,Matches,ESP-LALIGA,17-18
23593121,178,Ganso,BRA,MF,Sevilla,27,1989,5.8,353,328,21,13,2,5,5,3,4,2,1,0,287,4,6,Matches,ESP-LALIGA,17-18
ac3fb1be,179,Ezequiel Garay,ARG,DF,Valencia,30,1986,22.5,1098,1050,47,46,1,10,3,1,0,0,0,0,939,1,6,Matches,ESP-LALIGA,17-18
a10361d2,180,Aleix García,ESP,MF,Girona,20,1997,9.5,571,500,67,31,0,27,39,1,35,7,16,4,459,4,6,Matches,ESP-LALIGA,17-18
e7f4603c,181,Borja García,ESP,MF,Girona,26,1990,31.1,1427,1337,80,30,12,29,94,8,42,6,20,2,1162,10,23,Matches,ESP-LALIGA,17-18
240d3a0b,182,Dani García,ESP,MF,Eibar,27,1990,30.8,1636,1577,55,46,0,39,12,6,1,0,0,0,1312,4,15,Matches,ESP-LALIGA,17-18
1250086e,183,David García,ESP,DF,Las Palmas,35,1982,9.6,477,439,37,23,0,6,3,14,0,0,0,0,383,1,3,Matches,ESP-LALIGA,17-18
167c1bb0,184,Javi García,ESP,"MF,DF",Betis,30,1987,26.8,1677,1638,39,37,0,10,0,2,0,0,0,0,1540,0,5,Matches,ESP-LALIGA,17-18
05a4465d,185,Manu García,ESP,MF,Alavés,31,1986,27.1,1013,984,21,12,2,10,12,9,0,0,0,0,731,8,28,Matches,ESP-LALIGA,17-18
b418dbd4,186,Raúl García,ESP,"MF,FW",Athletic Club,31,1986,29.2,901,877,9,3,9,7,40,0,0,0,0,0,498,15,43,Matches,ESP-LALIGA,17-18
1a317a1b,187,Raúl García,ESP,DF,Leganés,28,1989,15.5,682,482,196,51,1,4,74,128,17,9,7,0,455,4,24,Matches,ESP-LALIGA,17-18
5f7db81a,188,Samu García,ESP,MF,Málaga,27,1990,2.0,48,47,0,0,0,1,8,0,0,0,0,0,29,1,2,Matches,ESP-LALIGA,17-18
5f7db81a,189,Samu García,ESP,"FW,MF",Levante,27,1990,2.1,70,66,0,0,1,0,4,0,0,0,0,0,40,4,7,Matches,ESP-LALIGA,17-18
2bee98fd,190,Sergio García,ESP,"FW,MF",Espanyol,34,1983,18.2,455,427,25,2,1,3,19,6,0,0,0,0,323,3,19,Matches,ESP-LALIGA,17-18
fb5d47b3,191,Mario Gaspar,ESP,DF,Villarreal,26,1990,31.2,1817,1457,353,45,1,8,60,308,0,0,0,0,1406,7,45,Matches,ESP-LALIGA,17-18
294450ba,192,Johannes Geis,GER,"DF,MF",Sevilla,23,1993,7.5,379,356,21,17,0,9,9,3,1,1,0,0,316,2,1,Matches,ESP-LALIGA,17-18
11c30a46,193,Carles Gil,ESP,"FW,MF",La Coruña,24,1992,5.3,222,208,14,6,1,0,9,1,7,1,4,0,189,0,5,Matches,ESP-LALIGA,17-18
87ec1a2a,194,Nacho Gil,ESP,"FW,MF",Las Palmas,21,1995,8.1,296,255,41,7,0,0,35,5,29,17,10,0,223,0,9,Matches,ESP-LALIGA,17-18
87ec1a2a,195,Nacho Gil,ESP,MF,Valencia,21,1995,2.5,90,79,10,2,0,0,11,1,7,2,4,1,68,1,5,Matches,ESP-LALIGA,17-18
7c218bf9,196,Dani Giménez,ESP,GK,Betis,34,1983,3.4,114,83,31,11,0,0,0,0,0,0,0,0,76,0,0,Matches,ESP-LALIGA,17-18
fc4f85b1,197,Diego Godín,URU,DF,Atlético Madrid,31,1986,28.4,1217,1140,76,71,1,11,0,5,0,0,0,0,1044,1,6,Matches,ESP-LALIGA,17-18
1961b2aa,198,André Gomes,POR,MF,Barcelona,24,1993,7.1,358,350,5,4,0,3,3,1,0,0,0,0,314,3,6,Matches,ESP-LALIGA,17-18
9d2a3d5f,199,Ibai Gómez,ESP,"MF,FW",Alavés,27,1989,25.8,997,788,196,72,7,9,145,20,79,34,28,5,647,13,20,Matches,ESP-LALIGA,17-18
4c2e9442,200,Maxi Gómez,URU,FW,Celta Vigo,20,1996,34.1,649,557,90,5,1,11,16,2,0,0,0,0,459,2,17,Matches,ESP-LALIGA,17-18
bc6f5f06,201,Sergi Gómez,ESP,DF,Celta Vigo,25,1992,29.8,1661,1603,55,50,1,19,3,5,0,0,0,0,1460,3,14,Matches,ESP-LALIGA,17-18
cefb32b1,202,Vicente Gómez,ESP,MF,Las Palmas,28,1988,16.9,891,867,21,21,2,3,10,0,0,0,0,0,774,3,12,Matches,ESP-LALIGA,17-18
57ebd662,203,Adrián González,ESP,"MF,FW",Málaga,29,1988,26.0,1074,1043,22,16,2,30,15,2,2,1,1,0,851,9,25,Matches,ESP-LALIGA,17-18
42dcf26d,204,Álvaro González,ESP,DF,Villarreal,27,1990,32.2,1464,1383,78,60,0,19,7,18,0,0,0,0,1221,3,9,Matches,ESP-LALIGA,17-18
f11fe861,205,Bruno González,ESP,DF,Getafe,27,1990,17.1,340,312,25,24,0,4,0,1,0,0,0,0,224,3,5,Matches,ESP-LALIGA,17-18
4ac7608e,206,Diego González,ESP,DF,Málaga,22,1995,15.9,561,475,81,13,1,2,7,68,0,0,0,0,408,5,5,Matches,ESP-LALIGA,17-18
5418d47c,207,Fabio González,ESP,MF,Las Palmas,20,1997,0.7,45,45,0,0,0,0,0,0,0,0,0,0,39,0,1,Matches,ESP-LALIGA,17-18
d189e48f,208,Mario González,ESP,FW,Villarreal,21,1996,0.2,7,6,1,0,0,0,0,0,0,0,0,0,4,0,0,Matches,ESP-LALIGA,17-18
6f5f82c0,209,Andoni Gorosabel,ESP,DF,Real Sociedad,20,1996,0.8,50,41,9,0,0,0,3,9,0,0,0,0,42,0,1,Matches,ESP-LALIGA,17-18
314eeab1,210,Julio Gracia,ESP,"DF,FW",Betis,19,1998,0.3,22,22,0,0,0,0,1,0,0,0,0,0,17,0,0,Matches,ESP-LALIGA,17-18
a25250f8,211,Álex Granell,ESP,MF,Girona,28,1988,31.6,1859,1583,264,171,3,60,172,3,90,20,28,14,1395,12,27,Matches,ESP-LALIGA,17-18
1b17ed86,212,Esteban Granero,ESP,MF,Espanyol,30,1987,13.7,754,657,95,54,1,4,60,2,39,14,22,0,598,2,7,Matches,ESP-LALIGA,17-18
df69b544,213,Antoine Griezmann,FRA,"FW,MF",Atlético Madrid,26,1991,28.0,1080,1017,55,17,13,16,41,3,18,4,11,0,809,8,32,Matches,ESP-LALIGA,17-18
ab13a5aa,214,Vicente Guaita,ESP,GK,Getafe,30,1987,33.0,1002,578,416,132,0,2,0,0,0,0,0,0,429,8,0,Matches,ESP-LALIGA,17-18
ef322658,215,Andrés Guardado,MEX,MF,Betis,30,1986,25.2,1567,1441,121,66,12,33,90,11,43,20,12,2,1311,5,30,Matches,ESP-LALIGA,17-18
e6bc67d7,216,Gonçalo Guedes,POR,MF,Valencia,20,1996,27.1,964,931,28,7,9,5,52,15,6,1,2,0,736,5,29,Matches,ESP-LALIGA,17-18
07a0baa9,217,Ramiro Guerra,URU,MF,Villarreal,20,1997,0.8,32,32,0,0,0,0,1,0,0,0,0,0,26,0,0,Matches,ESP-LALIGA,17-18
59d53e8a,218,Francis Guerrero,ESP,"DF,MF",Betis,21,1996,11.0,601,512,88,9,0,2,37,79,0,0,0,0,456,1,27,Matches,ESP-LALIGA,17-18
99bebd12,219,John Guidetti,SWE,FW,Alavés,25,1992,13.6,367,358,4,0,3,3,14,1,1,1,0,0,230,5,13,Matches,ESP-LALIGA,17-18
99bebd12,220,John Guidetti,SWE,"FW,MF",Celta Vigo,25,1992,1.3,38,38,0,0,1,0,0,0,0,0,0,0,28,0,2,Matches,ESP-LALIGA,17-18
8754c7ca,221,Guilherme,BRA,MF,La Coruña,26,1991,29.3,1441,1356,83,58,2,31,28,4,20,10,0,0,1207,2,16,Matches,ESP-LALIGA,17-18
ac454a4f,222,Gerard Gumbau,ESP,MF,Leganés,22,1994,15.9,529,511,13,12,2,22,2,0,1,1,0,0,412,5,11,Matches,ESP-LALIGA,17-18
4c0a6a48,223,Jon Guridi,ESP,MF,Real Sociedad,22,1995,0.6,23,23,0,0,0,0,0,0,0,0,0,0,18,0,3,Matches,ESP-LALIGA,17-18
4410f0b0,224,Alejandro Gutiérrez Mozo,ESP,MF,Leganés,22,1995,0.5,18,17,1,1,0,0,0,0,0,0,0,0,14,0,0,Matches,ESP-LALIGA,17-18
7c689c48,225,Hacen,MTN,"FW,MF",Levante,19,1997,0.9,40,39,1,1,0,0,0,0,0,0,0,0,25,0,2,Matches,ESP-LALIGA,17-18
8696bc90,226,Munir El Haddadi,MAR,FW,Alavés,21,1995,27.2,724,604,115,34,4,6,83,8,35,18,15,1,471,5,33,Matches,ESP-LALIGA,17-18
e42d61c7,227,Achraf Hakimi,MAR,DF,Real Madrid,18,1998,8.4,506,433,72,4,0,6,30,68,0,0,0,0,411,1,13,Matches,ESP-LALIGA,17-18
a6b9bd00,228,Alen Halilović,CRO,"FW,MF",Las Palmas,21,1996,14.5,539,463,74,31,0,12,76,16,26,12,6,0,387,2,11,Matches,ESP-LALIGA,17-18
555f3a0b,229,Mario Hermoso,ESP,DF,Espanyol,22,1995,21.4,962,908,49,46,0,32,2,1,2,2,0,0,712,5,7,Matches,ESP-LALIGA,17-18
8c83efb6,230,Hernán,ESP,MF,Las Palmas,26,1990,3.9,238,232,6,4,0,1,1,1,1,0,1,0,214,0,3,Matches,ESP-LALIGA,17-18
76ee80ee,231,Héctor Hernández,ESP,DF,Alavés,26,1991,0.2,2,1,1,0,0,0,0,1,0,0,0,0,2,0,0,Matches,ESP-LALIGA,17-18
c3ee18ef,232,Lucas Hernández,FRA,DF,Atlético Madrid,21,1996,23.5,1084,913,167,20,1,1,17,147,0,0,0,0,873,4,20,Matches,ESP-LALIGA,17-18
02d2c436,233,Luis Hernández,ESP,DF,Málaga,28,1989,36.0,1463,1352,109,68,1,18,8,40,0,0,0,0,1154,2,17,Matches,ESP-LALIGA,17-18
6c2f5996,234,Pablo Hernández,CHI,MF,Celta Vigo,30,1986,20.2,1238,1199,38,36,4,14,7,2,0,0,0,0,1033,1,9,Matches,ESP-LALIGA,17-18
d4c9725f,235,Theo Hernández,FRA,DF,Real Madrid,19,1997,10.7,642,574,65,7,1,3,30,58,0,0,0,0,541,3,16,Matches,ESP-LALIGA,17-18
4f6d9bcd,236,Borja Herrera,ESP,DF,Las Palmas,24,1993,2.7,189,167,22,2,0,0,14,20,0,0,0,0,157,0,4,Matches,ESP-LALIGA,17-18
9109185e,237,Iago Herrerín,ESP,GK,Athletic Club,29,1988,8.0,288,200,88,23,0,0,0,0,0,0,0,0,175,0,0,Matches,ESP-LALIGA,17-18
2ef16f06,238,Andrew Hjulsager,DEN,"DF,MF",Celta Vigo,22,1995,0.2,8,7,1,0,0,0,1,1,0,0,0,0,5,0,0,Matches,ESP-LALIGA,17-18
f519b556,239,Brown Ideye,NGA,FW,Málaga,28,1988,8.1,159,148,11,1,0,2,1,0,0,0,0,0,109,0,3,Matches,ESP-LALIGA,17-18
5ce0b5ba,240,Asier Illarramendi,ESP,MF,Real Sociedad,27,1990,35.1,2585,2405,169,152,7,20,49,8,7,2,3,0,2229,11,35,Matches,ESP-LALIGA,17-18
cfd65a29,241,Andrés Iniesta,ESP,MF,Barcelona,33,1984,20.3,1562,1518,29,24,14,27,23,4,1,0,0,0,1352,15,22,Matches,ESP-LALIGA,17-18
61bd33d0,242,Takashi Inui,JPN,"MF,FW",Eibar,29,1988,29.2,936,891,40,5,4,16,67,23,12,1,7,1,710,5,27,Matches,ESP-LALIGA,17-18
26f2473f,243,Gorka Iraizoz,ESP,GK,Girona,36,1981,8.5,249,159,89,37,0,0,0,0,0,0,0,0,145,1,0,Matches,ESP-LALIGA,17-18
3e5a168c,244,Carlos Isaac,ESP,DF,Atlético Madrid,19,1998,0.7,44,34,10,1,0,0,3,9,0,0,0,0,36,0,2,Matches,ESP-LALIGA,17-18
a0b4bb3e,245,Isco,ESP,MF,Real Madrid,25,1992,19.7,1636,1527,101,23,10,19,94,13,51,11,12,0,1387,8,35,Matches,ESP-LALIGA,17-18
000b3da6,246,Manuel Iturra,CHI,MF,Málaga,33,1984,17.6,606,582,21,13,1,7,9,7,1,0,1,0,478,3,3,Matches,ESP-LALIGA,17-18
6dce77a5,247,Ander Iturraspe,ESP,MF,Athletic Club,28,1989,21.2,1275,1127,138,92,3,19,74,1,41,21,19,0,1013,10,13,Matches,ESP-LALIGA,17-18
d2fa73e7,248,Ivi,ESP,"MF,FW",Levante,23,1994,19.6,674,606,65,19,5,16,101,8,34,16,12,0,442,3,23,Matches,ESP-LALIGA,17-18
4737cebe,249,Adnan Januzaj,BEL,FW,Real Sociedad,22,1995,17.5,552,485,58,13,2,10,59,11,34,12,18,0,407,9,20,Matches,ESP-LALIGA,17-18
9038c2a1,250,Jason,ESP,"FW,MF",Levante,23,1994,19.8,576,543,27,4,5,3,63,7,14,1,10,0,370,6,38,Matches,ESP-LALIGA,17-18
5f5501ed,251,Álvaro Jiménez,ESP,"MF,FW",Getafe,22,1995,5.9,146,143,2,0,2,1,17,1,0,0,0,0,82,1,7,Matches,ESP-LALIGA,17-18
4c5b14d2,252,Joaquín,ESP,"MF,FW",Betis,36,1981,27.5,1348,1236,106,31,9,21,94,15,60,24,11,3,1114,6,22,Matches,ESP-LALIGA,17-18
244f57b9,253,Jony,ESP,"FW,MF",Málaga,26,1991,2.4,107,91,16,3,1,1,35,3,10,2,6,0,53,0,10,Matches,ESP-LALIGA,17-18
2a0c8ba4,254,Joan Jordán,ESP,MF,Eibar,23,1994,27.0,1301,1180,116,46,3,31,114,1,66,20,40,1,1013,5,16,Matches,ESP-LALIGA,17-18
d87e2cae,255,Willian José,BRA,FW,Real Sociedad,25,1991,30.8,864,787,72,3,9,24,15,0,2,1,1,0,638,5,27,Matches,ESP-LALIGA,17-18
9b337c7c,256,Jozabed,ESP,MF,Celta Vigo,26,1991,16.4,888,876,7,4,5,19,7,1,2,0,1,0,763,5,15,Matches,ESP-LALIGA,17-18
9ba48d64,257,Juanfran,ESP,DF,La Coruña,28,1988,34.0,1869,1537,326,25,1,14,161,299,2,0,1,0,1335,6,56,Matches,ESP-LALIGA,17-18
cfd8d664,258,Juanfran,ESP,DF,Atlético Madrid,32,1985,14.5,681,534,144,6,1,1,36,138,0,0,0,0,536,3,16,Matches,ESP-LALIGA,17-18
e9a12436,259,Juankar,ESP,DF,Málaga,27,1990,8.7,420,332,87,8,1,1,24,79,0,0,0,0,309,1,4,Matches,ESP-LALIGA,17-18
84399660,260,Juanmi,ESP,"FW,MF",Real Sociedad,24,1993,16.5,356,345,11,0,0,2,5,3,0,0,0,0,286,0,10,Matches,ESP-LALIGA,17-18
1633fc8a,261,Juanpe,ESP,DF,Girona,26,1991,34.1,1348,1262,81,77,0,72,4,4,0,0,0,0,1029,5,9,Matches,ESP-LALIGA,17-18
d79afcfc,262,Juanpi,VEN,"MF,FW",Málaga,23,1994,6.8,225,201,23,11,2,4,13,2,7,3,3,0,177,1,7,Matches,ESP-LALIGA,17-18
de7d40d6,263,David Juncà,ESP,DF,Eibar,23,1993,10.0,643,515,126,11,1,5,71,107,8,0,8,0,447,2,14,Matches,ESP-LALIGA,17-18
d5127c3f,264,Aleksandar Katai,SRB,"MF,DF",Alavés,26,1991,0.6,10,9,0,0,0,0,0,0,0,0,0,0,8,1,0,Matches,ESP-LALIGA,17-18
d3272fba,265,Olarenwaju Kayode,NGA,"FW,MF",Girona,24,1993,4.3,58,54,4,0,2,1,4,0,0,0,0,0,36,0,3,Matches,ESP-LALIGA,17-18
1512328c,266,Keko,ESP,"MF,FW",Málaga,25,1991,13.4,395,382,9,2,0,4,41,7,0,0,0,0,271,4,20,Matches,ESP-LALIGA,17-18
e897d8ba,267,Kiké,ESP,FW,Eibar,27,1989,27.3,709,676,31,1,0,2,15,4,0,0,0,0,501,2,33,Matches,ESP-LALIGA,17-18
8b8a56ce,268,Simon Kjær,DEN,DF,Sevilla,28,1989,17.5,790,764,26,25,0,9,1,1,0,0,0,0,666,0,7,Matches,ESP-LALIGA,17-18
55126f3b,269,Koke,ESP,MF,Atlético Madrid,25,1992,30.6,2153,1953,180,73,15,23,140,4,97,33,45,0,1729,20,36,Matches,ESP-LALIGA,17-18
cce181df,270,Geoffrey Kondogbia,CTA,MF,Valencia,24,1993,29.0,1559,1513,39,37,4,36,3,1,0,0,0,0,1355,7,15,Matches,ESP-LALIGA,17-18
79c0821a,271,Mateo Kovačić,CRO,MF,Real Madrid,23,1994,11.0,797,777,19,16,1,5,4,1,1,0,0,0,742,1,6,Matches,ESP-LALIGA,17-18
60713cb3,272,Maksym Koval,UKR,GK,La Coruña,24,1992,1.3,48,24,24,5,0,1,0,0,0,0,0,0,32,0,0,Matches,ESP-LALIGA,17-18
9fa0a0b8,273,Bojan Krkić,ESP,"FW,MF",Alavés,26,1990,4.9,141,133,7,0,1,2,4,0,0,0,0,0,109,1,5,Matches,ESP-LALIGA,17-18
1c8dc17d,274,Michael Krohn-Dehli,DEN,MF,La Coruña,34,1983,8.1,362,353,5,1,0,1,11,3,1,1,0,0,301,4,4,Matches,ESP-LALIGA,17-18
1c8dc17d,275,Michael Krohn-Dehli,DEN,"MF,FW",Sevilla,34,1983,6.0,382,349,26,5,2,6,17,2,18,10,5,0,308,7,10,Matches,ESP-LALIGA,17-18
6ce1f46f,276,Toni Kroos,GER,MF,Real Madrid,27,1990,25.1,2235,1995,233,91,9,61,148,10,132,36,64,0,1982,7,16,Matches,ESP-LALIGA,17-18
6df0dc74,277,Zdravko Kuzmanović,SRB,MF,Málaga,29,1987,5.3,342,325,14,13,0,5,4,1,0,0,0,0,304,3,1,Matches,ESP-LALIGA,17-18
8497faf7,278,Alberto de la Bella,ESP,DF,Real Sociedad,31,1985,17.0,1072,875,192,15,1,5,69,177,0,0,0,0,852,5,19,Matches,ESP-LALIGA,17-18
a3a306f6,279,Mehdi Lacen,ALG,MF,Málaga,33,1984,11.7,486,473,12,12,0,14,7,0,0,0,0,0,408,1,12,Matches,ESP-LALIGA,17-18
a3a306f6,280,Mehdi Lacen,ALG,MF,Getafe,33,1984,0.7,27,25,1,0,0,0,1,1,0,0,0,0,22,1,0,Matches,ESP-LALIGA,17-18
b7c99b9b,281,Víctor Laguardia,ESP,DF,Alavés,27,1989,17.0,565,516,48,46,0,8,2,2,0,0,0,0,384,1,3,Matches,ESP-LALIGA,17-18
119b9a8e,282,Aymeric Laporte,ESP,DF,Athletic Club,23,1994,19.0,990,940,46,41,1,23,9,5,0,0,0,0,822,4,6,Matches,ESP-LALIGA,17-18
d9faee7e,283,Borja Lasso,ESP,MF,Sevilla,23,1994,0.6,35,35,0,0,1,0,0,0,0,0,0,0,26,0,2,Matches,ESP-LALIGA,17-18
8e088e04,284,Toni Lato,ESP,"DF,MF",Valencia,19,1997,8.9,411,332,76,7,0,1,10,69,0,0,0,0,317,3,8,Matches,ESP-LALIGA,17-18
ad6295d4,285,Miguel Layún,MEX,DF,Sevilla,29,1988,13.2,683,540,138,12,1,8,53,114,11,3,6,0,504,5,16,Matches,ESP-LALIGA,17-18
59b7d823,286,Iñigo Lekue,ESP,"DF,FW",Athletic Club,24,1993,23.5,1231,1005,216,16,0,5,72,200,0,0,0,0,922,10,35,Matches,ESP-LALIGA,17-18
dbe5a587,287,Mauricio Lemos,URU,"DF,MF",Las Palmas,21,1995,14.0,830,796,34,34,0,20,0,0,0,0,0,0,729,0,3,Matches,ESP-LALIGA,17-18
4f28a6ff,288,Clément Lenglet,FRA,DF,Sevilla,22,1995,33.3,1727,1663,55,52,2,12,1,3,0,0,0,0,1441,9,15,Matches,ESP-LALIGA,17-18
d66b9872,289,Pedro León,ESP,"FW,MF",Eibar,30,1986,10.3,429,318,107,33,0,6,133,6,68,29,37,0,231,4,16,Matches,ESP-LALIGA,17-18
0a0cc13c,290,Sergio León,ESP,FW,Betis,28,1989,22.0,381,332,48,0,2,5,9,1,1,0,1,0,259,1,13,Matches,ESP-LALIGA,17-18
9b5ce51a,291,Jefferson Lerma,COL,MF,Levante,22,1994,23.7,1103,1075,20,19,4,15,2,1,0,0,0,0,894,8,14,Matches,ESP-LALIGA,17-18
ac290817,292,Maxime Lestienne,BEL,MF,Málaga,25,1992,7.4,236,217,17,7,0,3,32,2,8,3,3,0,160,2,8,Matches,ESP-LALIGA,17-18
f69e9eee,293,Raúl Lizoain,ESP,GK,Las Palmas,26,1991,11.0,383,254,128,34,0,1,0,0,0,0,0,0,296,1,0,Matches,ESP-LALIGA,17-18
bba30585,294,Diego Llorente,ESP,DF,Real Sociedad,23,1993,25.8,1532,1481,46,42,0,27,3,4,0,0,0,0,1360,5,10,Matches,ESP-LALIGA,17-18
02c15616,295,Marcos Llorente,ESP,MF,Real Madrid,22,1995,6.1,430,418,12,12,0,5,1,0,0,0,0,0,401,0,5,Matches,ESP-LALIGA,17-18
e1cbb531,296,Stanislav Lobotka,SVK,MF,Celta Vigo,22,1994,34.0,2087,2029,54,49,2,18,10,4,0,0,0,0,1888,4,14,Matches,ESP-LALIGA,17-18
b43b81f1,297,David Lombán,ESP,DF,Eibar,30,1987,11.0,450,428,21,21,0,15,0,0,0,0,0,0,363,1,0,Matches,ESP-LALIGA,17-18
88a359d4,298,Adrián López,ESP,"FW,MF",La Coruña,29,1988,26.1,904,884,7,0,6,3,29,2,1,1,0,0,610,13,28,Matches,ESP-LALIGA,17-18
c0de5ff5,299,Alberto López,ESP,DF,Málaga,22,1995,0.5,22,15,7,1,0,0,1,6,0,0,0,0,17,0,0,Matches,ESP-LALIGA,17-18
fc8cb238,300,Andoni López,ESP,DF,Athletic Club,21,1996,1.0,45,34,11,0,0,1,1,11,0,0,0,0,36,0,1,Matches,ESP-LALIGA,17-18
f03f284b,301,David López,ESP,"DF,MF",Espanyol,27,1989,37.0,1933,1817,109,99,1,28,3,10,0,0,0,0,1565,7,21,Matches,ESP-LALIGA,17-18
73683fa9,302,Diego López,ESP,GK,Espanyol,35,1981,9.5,270,153,117,25,0,0,0,0,0,0,0,0,147,0,1,Matches,ESP-LALIGA,17-18
576575e5,303,Iván López,ESP,DF,Levante,23,1993,1.9,104,77,27,1,0,4,8,26,0,0,0,0,77,0,3,Matches,ESP-LALIGA,17-18
ffad706e,304,Javi López,ESP,DF,Espanyol,31,1986,10.7,613,460,151,8,0,2,28,143,0,0,0,0,455,2,15,Matches,ESP-LALIGA,17-18
a60823a4,305,Pedro López Muñoz,ESP,DF,Levante,33,1983,17.7,830,614,215,15,0,3,53,200,0,0,0,0,612,1,21,Matches,ESP-LALIGA,17-18
20b9f052,306,Pau López,ESP,GK,Espanyol,22,1994,28.5,817,485,330,93,0,0,0,0,0,0,0,0,465,2,1,Matches,ESP-LALIGA,17-18
bfa29677,307,Pedro López,ESP,GK,Betis,22,1995,4.6,182,130,52,13,0,0,0,0,0,0,0,0,144,0,0,Matches,ESP-LALIGA,17-18
a68856b5,308,Víctor López,ESP,MF,Alavés,20,1997,0.7,18,16,2,0,0,0,5,0,1,0,1,0,10,0,2,Matches,ESP-LALIGA,17-18
38699c72,309,Anthony Lozano,HON,"FW,MF",Girona,24,1993,5.2,129,120,8,0,0,0,8,1,0,0,0,0,81,1,6,Matches,ESP-LALIGA,17-18
e4ed2628,310,Filipe Luís,BRA,DF,Atlético Madrid,31,1985,18.4,1178,964,208,26,0,8,43,181,1,0,0,0,956,6,27,Matches,ESP-LALIGA,17-18
b05e2dbd,311,José Luis Gayà,ESP,DF,Valencia,22,1995,32.4,1676,1418,250,29,2,6,94,221,0,0,0,0,1325,8,38,Matches,ESP-LALIGA,17-18
4a478107,312,José Luis Morales,ESP,"MF,FW",Levante,30,1987,34.0,973,902,67,16,8,10,148,30,18,1,13,1,609,4,75,Matches,ESP-LALIGA,17-18
a7f00c8c,313,Luisinho,POR,DF,La Coruña,32,1985,29.1,1580,1254,319,16,1,11,88,303,0,0,0,0,1206,7,36,Matches,ESP-LALIGA,17-18
6f7d826d,314,Douglas Luiz,BRA,"MF,FW",Girona,19,1998,3.4,144,133,8,4,0,4,8,1,3,3,0,0,107,3,3,Matches,ESP-LALIGA,17-18
c6e8cf1f,315,Saša Lukić,SRB,MF,Levante,20,1996,11.0,345,333,10,10,2,1,5,0,0,0,0,0,289,2,5,Matches,ESP-LALIGA,17-18
ed239245,316,Antonio Luna,ESP,DF,Levante,26,1991,22.5,997,772,221,16,1,8,58,205,0,0,0,0,681,4,22,Matches,ESP-LALIGA,17-18
5db04597,317,Pablo Maffeo,ESP,DF,Girona,20,1997,29.4,1240,953,282,8,1,5,112,272,2,0,0,0,879,5,23,Matches,ESP-LALIGA,17-18
00b28772,318,Nemanja Maksimović,SRB,MF,Valencia,22,1995,6.2,258,255,2,2,0,2,5,0,0,0,0,0,216,1,1,Matches,ESP-LALIGA,17-18
cb574619,319,Hugo Mallo,ESP,DF,Celta Vigo,26,1991,33.3,2187,1804,371,53,1,19,113,316,2,0,0,0,1608,12,55,Matches,ESP-LALIGA,17-18
fbd6378b,320,Aïssa Mandi,ALG,DF,Betis,25,1991,33.6,2146,2042,99,86,1,25,1,13,0,0,0,0,1965,5,7,Matches,ESP-LALIGA,17-18
4ffb647d,321,Martín Mantovani,ARG,DF,Leganés,33,1984,11.4,384,361,23,17,0,2,0,6,0,0,0,0,297,0,2,Matches,ESP-LALIGA,17-18
71d4e271,322,José Manuel Jurado,ESP,"MF,FW",Espanyol,31,1986,16.7,642,612,27,12,2,5,23,9,1,0,0,0,512,3,14,Matches,ESP-LALIGA,17-18
603116a7,323,Marcelo,BRA,DF,Real Madrid,29,1988,25.1,1969,1721,239,31,4,36,155,197,11,0,1,0,1569,9,44,Matches,ESP-LALIGA,17-18
9f323c71,324,Óscar de Marcos,ESP,"DF,FW",Athletic Club,28,1989,18.4,921,758,160,10,2,8,58,150,0,0,0,0,706,3,25,Matches,ESP-LALIGA,17-18
f0da930c,325,José María Giménez,URU,DF,Atlético Madrid,22,1995,18.8,765,696,68,35,0,6,2,26,0,0,0,0,595,1,7,Matches,ESP-LALIGA,17-18
b7f2edff,326,Adrián Marín,ESP,DF,Villarreal,20,1997,2.6,101,89,10,2,0,1,2,8,0,0,0,0,84,2,0,Matches,ESP-LALIGA,17-18
d9764034,327,Guillermo Maripán,CHI,DF,Alavés,23,1994,17.0,460,431,27,26,2,7,0,1,0,0,0,0,352,2,0,Matches,ESP-LALIGA,17-18
0ae4e09a,328,Roger Martí,ESP,FW,Levante,26,1991,10.7,197,185,11,0,2,0,6,0,0,0,0,0,138,1,9,Matches,ESP-LALIGA,17-18
2f3e911a,329,Aarón Martín,ESP,DF,Espanyol,20,1997,31.3,1412,1066,339,40,2,4,148,282,17,8,9,0,1053,7,45,Matches,ESP-LALIGA,17-18
d9b0cc38,330,Carlos Martínez,ESP,DF,Real Sociedad,31,1986,0.0,5,4,1,0,0,0,0,1,0,0,0,0,3,0,0,Matches,ESP-LALIGA,17-18
7956236f,331,Emiliano Martínez,ARG,GK,Getafe,24,1992,5.0,153,81,70,22,0,0,0,0,0,0,0,0,70,2,1,Matches,ESP-LALIGA,17-18
3fc45c73,332,Iñigo Martínez,ESP,DF,Athletic Club,26,1991,16.0,780,708,58,40,2,24,6,18,0,0,0,0,595,14,11,Matches,ESP-LALIGA,17-18
3fc45c73,333,Iñigo Martínez,ESP,DF,Real Sociedad,26,1991,11.7,780,688,85,52,2,18,13,33,0,0,0,0,611,7,13,Matches,ESP-LALIGA,17-18
6f0d613a,334,Roger Martínez,COL,FW,Villarreal,23,1994,2.6,62,61,1,0,0,1,2,0,0,0,0,0,45,0,1,Matches,ESP-LALIGA,17-18
5070881b,335,Javier Mascherano,ARG,DF,Barcelona,33,1984,6.0,444,426,13,12,4,11,0,1,0,0,0,0,402,5,3,Matches,ESP-LALIGA,17-18
64e8ed6d,336,Borja Mayoral,ESP,"FW,MF",Real Madrid,20,1997,3.8,121,113,7,0,1,0,0,0,0,0,0,0,101,1,2,Matches,ESP-LALIGA,17-18
30672832,337,Róbert Mazáň,SVK,DF,Celta Vigo,23,1994,0.9,84,75,9,2,0,1,3,7,0,0,0,0,74,0,1,Matches,ESP-LALIGA,17-18
31223bcf,338,Álvaro Medrán,ESP,MF,Alavés,23,1994,10.5,473,443,23,16,3,11,11,1,5,4,0,0,368,7,15,Matches,ESP-LALIGA,17-18
31223bcf,339,Álvaro Medrán,ESP,MF,Valencia,23,1994,0.8,48,47,1,1,0,1,0,0,0,0,0,0,44,0,0,Matches,ESP-LALIGA,17-18
379652be,340,Óscar Melendo,ESP,"MF,FW",Espanyol,19,1997,7.6,270,262,7,0,2,1,7,5,2,1,1,0,221,1,5,Matches,ESP-LALIGA,17-18
c9e39d91,341,Brais Méndez,ESP,"MF,FW",Celta Vigo,20,1997,10.5,476,455,18,9,3,5,24,2,7,1,1,0,362,3,10,Matches,ESP-LALIGA,17-18
bf97c188,342,Gabriel Mercado,ARG,DF,Sevilla,30,1987,23.5,1079,943,131,38,1,7,23,93,0,0,0,0,878,5,30,Matches,ESP-LALIGA,17-18
1d5f96d9,343,Sabin Merino,ESP,"FW,MF",Athletic Club,25,1992,4.2,93,91,2,0,0,0,4,0,0,0,0,0,61,0,4,Matches,ESP-LALIGA,17-18
7c4243d4,344,Roque Mesa,ESP,MF,Sevilla,28,1989,3.8,223,215,6,5,0,2,1,0,1,0,0,0,202,2,2,Matches,ESP-LALIGA,17-18
d70ce98e,345,Lionel Messi,ARG,FW,Barcelona,30,1987,33.3,1978,1801,138,80,37,14,52,4,44,20,6,0,1544,39,53,Matches,ESP-LALIGA,17-18
05384ea1,346,Michel,BRA,DF,Las Palmas,27,1990,23.7,1200,962,233,15,2,1,64,218,0,0,0,0,963,5,29,Matches,ESP-LALIGA,17-18
0b90bb97,347,Santi Mina,ESP,FW,Valencia,21,1995,17.3,475,449,26,4,2,3,6,3,0,0,0,0,367,0,5,Matches,ESP-LALIGA,17-18
6d5701f2,348,Yerry Mina,COL,DF,Barcelona,22,1994,4.1,244,234,10,9,0,2,0,1,0,0,0,0,226,0,1,Matches,ESP-LALIGA,17-18
174f09a6,349,Ignasi Miquel,ESP,DF,Málaga,24,1992,19.7,727,670,52,24,1,14,2,28,0,0,0,0,517,5,6,Matches,ESP-LALIGA,17-18
6025fab1,350,Luka Modrić,CRO,MF,Real Madrid,31,1985,21.9,1572,1530,36,29,11,33,18,1,6,0,4,0,1394,6,21,Matches,ESP-LALIGA,17-18
608f2092,351,Johan Mojica,COL,DF,Girona,24,1992,23.7,1163,914,246,6,1,6,147,239,1,0,0,0,855,3,45,Matches,ESP-LALIGA,17-18
43f71e77,352,Jorge Molina,ESP,FW,Getafe,35,1982,31.0,864,835,22,0,9,7,17,4,0,0,0,0,502,7,33,Matches,ESP-LALIGA,17-18
102fda08,353,Daniel Molina Orta,ESP,MF,Celta Vigo,21,1996,0.1,3,3,0,0,0,0,0,0,0,0,0,0,2,0,0,Matches,ESP-LALIGA,17-18
2cea96ce,354,Francisco Molinero,ESP,DF,Getafe,32,1985,6.4,267,199,66,9,0,2,11,57,0,0,0,0,190,2,14,Matches,ESP-LALIGA,17-18
9857e65d,355,Momo,ESP,"FW,MF",Las Palmas,35,1982,7.5,404,366,33,13,2,2,34,8,12,3,7,0,312,5,12,Matches,ESP-LALIGA,17-18
fa6561bf,356,Jefferson Montero,ECU,"MF,FW",Getafe,27,1989,0.6,20,19,1,0,0,0,9,1,0,0,0,0,10,0,4,Matches,ESP-LALIGA,17-18
5cec2487,357,Martín Montoya,ESP,DF,Valencia,26,1991,23.9,1257,1016,234,18,0,5,51,215,1,0,0,0,976,7,25,Matches,ESP-LALIGA,17-18
39e9c09a,358,Walter Montoya,ARG,FW,Sevilla,24,1993,0.8,24,23,1,0,1,0,0,1,0,0,0,0,17,0,1,Matches,ESP-LALIGA,17-18
3b9f859b,359,Shaq Moore,USA,DF,Levante,20,1996,4.7,226,176,50,1,1,1,11,49,0,0,0,0,170,0,5,Matches,ESP-LALIGA,17-18
0c3f7197,360,Emre Mor,TUR,"FW,MF",Celta Vigo,20,1997,7.4,292,271,18,3,1,2,41,1,14,6,3,0,189,3,16,Matches,ESP-LALIGA,17-18
f0a31c00,361,Sergio Mora,ESP,MF,Getafe,37,1979,9.0,401,395,4,4,0,4,4,0,0,0,0,0,302,2,9,Matches,ESP-LALIGA,17-18
6941883f,362,Erik Morán,ESP,MF,Leganés,26,1991,2.5,111,110,0,0,0,0,2,0,0,0,0,0,81,1,0,Matches,ESP-LALIGA,17-18
81f0781e,363,Gerard Moreno,ESP,FW,Espanyol,25,1992,37.9,1246,1211,30,7,10,25,39,5,0,0,0,0,846,5,55,Matches,ESP-LALIGA,17-18
5d311e8d,364,Héctor Moreno,MEX,DF,Real Sociedad,29,1988,8.0,511,481,28,25,1,9,0,3,0,0,0,0,441,2,3,Matches,ESP-LALIGA,17-18
8499c713,365,Marlos Moreno,COL,"MF,DF",Girona,20,1996,0.3,1,1,0,0,0,0,0,0,0,0,0,0,1,0,0,Matches,ESP-LALIGA,17-18
3aa4a3be,366,Loren Morón,ESP,FW,Betis,23,1993,11.8,197,176,19,2,3,0,4,2,0,0,0,0,139,2,6,Matches,ESP-LALIGA,17-18
c5fa58ea,367,Pedro Mosquera,ESP,MF,La Coruña,29,1988,15.5,727,697,25,21,1,13,11,4,0,0,0,0,574,5,14,Matches,ESP-LALIGA,17-18
9e098912,368,Toni Moya,ESP,MF,Atlético Madrid,19,1998,0.0,1,1,0,0,0,0,0,0,0,0,0,0,1,0,0,Matches,ESP-LALIGA,17-18
bd207a4d,369,Álex Mula,ESP,"FW,MF",Málaga,21,1996,6.2,218,213,5,1,1,3,25,1,3,1,2,0,159,0,3,Matches,ESP-LALIGA,17-18
c05dfb74,370,Iker Muniain,ESP,"MF,FW",Athletic Club,24,1992,8.7,451,421,26,12,5,7,15,3,5,3,2,0,372,4,4,Matches,ESP-LALIGA,17-18
4db76f57,371,Marc Muniesa,ESP,DF,Girona,25,1992,12.5,640,607,32,24,0,14,1,8,0,0,0,0,506,1,12,Matches,ESP-LALIGA,17-18
e4b8c5b6,372,Ezequiel Muñoz,ARG,DF,Leganés,26,1990,15.6,497,480,17,16,0,0,1,1,0,0,0,0,381,0,5,Matches,ESP-LALIGA,17-18
e185aa52,373,Sulley Muntari,GHA,MF,La Coruña,32,1984,4.5,158,150,6,4,1,4,6,2,0,0,0,0,110,2,4,Matches,ESP-LALIGA,17-18
eb2fe5b6,374,Luis Muriel,COL,FW,Sevilla,26,1991,17.9,445,398,46,1,4,3,18,3,2,1,0,0,326,1,16,Matches,ESP-LALIGA,17-18
b233e8e4,375,Jeison Murillo,COL,DF,Valencia,25,1992,15.3,752,724,28,27,1,10,0,1,0,0,0,0,671,0,1,Matches,ESP-LALIGA,17-18
23f32ea1,376,Fahad Al Muwallad,KSA,MF,Levante,22,1994,0.3,9,9,0,0,0,0,0,0,0,0,0,0,6,0,0,Matches,ESP-LALIGA,17-18
7789bf63,377,Alfred N'Diaye,SEN,"DF,MF",Villarreal,27,1990,1.1,36,35,1,1,0,0,0,0,0,0,0,0,32,0,0,Matches,ESP-LALIGA,17-18
2946f9a1,378,Nacho,ESP,DF,Real Madrid,27,1990,23.0,1195,1095,94,38,1,6,23,56,0,0,0,0,1064,6,11,Matches,ESP-LALIGA,17-18
48e4c485,379,Matías Nahuel,ESP,"MF,FW",Betis,20,1996,2.8,124,122,2,1,0,1,5,1,0,0,0,0,97,0,5,Matches,ESP-LALIGA,17-18
a2609621,380,Naldo,BRA,DF,Espanyol,28,1988,10.2,434,415,18,17,0,4,0,1,0,0,0,0,360,1,5,Matches,ESP-LALIGA,17-18
217011a0,381,Nano,ESP,FW,Levante,22,1995,3.1,59,53,5,0,0,0,0,1,0,0,0,0,36,1,5,Matches,ESP-LALIGA,17-18
2a70c756,382,Naranjo,ESP,"MF,FW",Leganés,23,1994,6.2,159,136,19,10,0,1,15,0,9,8,1,0,111,4,6,Matches,ESP-LALIGA,17-18
485e4939,383,Juanjo Narváez,COL,MF,Betis,22,1995,3.4,161,161,0,0,2,4,6,0,0,0,0,0,142,0,4,Matches,ESP-LALIGA,17-18
5a3f6fae,384,Fernando Navarro,ESP,DF,La Coruña,35,1982,11.6,529,441,86,13,0,4,12,73,0,0,0,0,412,2,5,Matches,ESP-LALIGA,17-18
c2846353,385,Marc Navarro,ESP,DF,Espanyol,22,1995,12.3,588,447,135,6,1,4,61,129,0,0,0,0,418,6,14,Matches,ESP-LALIGA,17-18
83627094,386,Rafa Navarro,ESP,DF,Betis,23,1994,1.5,82,74,8,2,0,0,2,6,0,0,0,0,73,0,0,Matches,ESP-LALIGA,17-18
8db394aa,387,Ximo Navarro,ESP,DF,Las Palmas,27,1990,29.0,1372,1259,111,90,1,10,11,21,0,0,0,0,1130,2,17,Matches,ESP-LALIGA,17-18
3f10bd22,388,Jesús Navas,ESP,"FW,DF",Sevilla,31,1985,19.6,960,868,80,6,2,7,94,72,2,0,1,0,678,12,46,Matches,ESP-LALIGA,17-18
ecada4fc,389,Keylor Navas,CRC,GK,Real Madrid,30,1986,27.0,700,485,215,52,0,5,0,0,0,0,0,0,560,0,1,Matches,ESP-LALIGA,17-18
ad178594,390,Raúl Navas,ESP,DF,Real Sociedad,29,1988,19.9,1230,1175,47,44,2,20,1,3,0,0,0,0,1054,8,7,Matches,ESP-LALIGA,17-18
32b84cec,391,Merveille Ndockyt,CGO,"MF,FW",Getafe,19,1998,0.8,25,25,0,0,0,0,0,0,0,0,0,0,16,0,0,Matches,ESP-LALIGA,17-18
a9dc785c,392,Neto,BRA,GK,Valencia,28,1989,33.0,820,417,401,124,0,0,0,0,0,0,0,0,484,2,0,Matches,ESP-LALIGA,17-18
c14bc029,393,Saúl Ñíguez,ESP,MF,Atlético Madrid,22,1994,35.1,1750,1699,39,6,4,11,19,29,0,0,0,0,1420,12,27,Matches,ESP-LALIGA,17-18
b2d0ec1b,394,Nolito,ESP,"FW,MF",Sevilla,30,1986,17.8,654,607,37,5,9,3,27,11,20,8,2,0,461,10,29,Matches,ESP-LALIGA,17-18
be170419,395,Unai Núñez,ESP,DF,Athletic Club,20,1997,32.7,1489,1429,55,40,1,25,3,15,0,0,0,0,1220,5,10,Matches,ESP-LALIGA,17-18
c7526c18,396,Steven Nzonzi,FRA,MF,Sevilla,28,1988,24.6,1865,1833,28,28,0,4,10,0,0,0,0,0,1632,4,14,Matches,ESP-LALIGA,17-18
ee8508c0,397,Jan Oblak,SVN,GK,Atlético Madrid,24,1993,37.0,911,541,366,91,0,0,0,0,0,0,0,0,505,4,0,Matches,ESP-LALIGA,17-18
1d1691ad,398,Álvaro Odriozola,ESP,DF,Real Sociedad,21,1995,32.4,1756,1428,325,21,1,2,155,303,1,1,0,0,1436,3,67,Matches,ESP-LALIGA,17-18
b5bdf144,399,Oier Olazábal,ESP,GK,Levante,27,1989,26.0,727,408,318,93,0,0,0,0,0,0,0,0,383,1,0,Matches,ESP-LALIGA,17-18
a8fbae1d,400,Paulo Oliveira,POR,DF,Eibar,25,1992,24.6,897,863,32,26,1,12,1,6,0,0,0,0,658,2,4,Matches,ESP-LALIGA,17-18
41c12f75,401,Mathías Olivera,URU,MF,Getafe,19,1997,1.1,31,30,0,0,0,0,1,0,0,0,0,0,11,1,2,Matches,ESP-LALIGA,17-18
48593154,402,Michael Olunga,KEN,"FW,MF",Girona,23,1994,4.8,112,102,10,0,0,0,3,0,0,0,0,0,76,0,3,Matches,ESP-LALIGA,17-18
a83d8b0c,403,Javier Ontiveros,ESP,"MF,FW",Málaga,19,1997,4.3,173,162,10,2,0,1,22,4,4,1,2,0,118,1,5,Matches,ESP-LALIGA,17-18
c90977db,404,Fabián Orellana,CHI,"MF,FW",Eibar,31,1986,13.1,541,485,55,16,1,14,57,14,23,2,16,0,377,1,21,Matches,ESP-LALIGA,17-18
8c3c640c,405,Mikel Oyarzabal,ESP,"FW,MF",Real Sociedad,20,1997,30.8,1008,915,89,8,2,14,85,14,60,33,20,0,740,4,45,Matches,ESP-LALIGA,17-18
5b2a4b8d,406,Daniel Pacheco,ESP,"MF,FW",Getafe,26,1991,1.9,102,93,9,1,1,1,20,2,6,6,0,0,62,0,7,Matches,ESP-LALIGA,17-18
97852360,407,Fernando Pacheco,ESP,GK,Alavés,25,1992,37.3,1056,579,474,119,0,0,0,0,0,0,0,0,580,3,1,Matches,ESP-LALIGA,17-18
d24e154c,408,Costel Pantilimon,ROU,GK,La Coruña,30,1987,6.0,169,90,76,27,0,0,0,0,0,0,0,0,108,3,0,Matches,ESP-LALIGA,17-18
2306bfde,409,Rubén Pardo,ESP,MF,Real Sociedad,24,1992,2.5,140,129,11,6,1,3,8,0,5,4,0,0,107,0,1,Matches,ESP-LALIGA,17-18
a92669f6,410,Nicolás Pareja,ARG,DF,Sevilla,33,1984,4.5,228,214,14,14,1,1,0,0,0,0,0,0,197,0,0,Matches,ESP-LALIGA,17-18
7460ca0d,411,Daniel Parejo,ESP,MF,Valencia,28,1989,33.3,2560,2197,347,164,7,56,171,9,172,53,73,5,2090,16,31,Matches,ESP-LALIGA,17-18
529f49ab,412,Thomas Partey,GHA,"MF,DF",Atlético Madrid,24,1993,26.4,1437,1378,52,11,5,17,20,32,5,1,3,1,1182,7,27,Matches,ESP-LALIGA,17-18
bb7337cc,413,Paulinho,BRA,MF,Barcelona,29,1988,21.6,1231,1209,17,14,2,2,3,3,0,0,0,0,1074,5,17,Matches,ESP-LALIGA,17-18
b7ca5c51,414,Gabriel Paulista,BRA,DF,Valencia,26,1990,28.7,1379,1303,75,63,1,9,1,12,0,0,0,0,1197,1,8,Matches,ESP-LALIGA,17-18
6ca663b4,415,Giampaolo Pazzini,ITA,FW,Levante,32,1984,4.9,66,51,15,0,1,0,1,0,0,0,0,0,43,0,1,Matches,ESP-LALIGA,17-18
63f04c6c,416,Alfonso Pedraza,ESP,"MF,DF",Alavés,21,1996,27.1,720,666,48,3,1,3,77,42,1,0,1,0,454,6,62,Matches,ESP-LALIGA,17-18
1f079188,417,Rubén Peña,ESP,"DF,MF",Eibar,26,1991,19.2,955,790,160,4,0,4,70,154,0,0,0,0,664,5,28,Matches,ESP-LALIGA,17-18
e7375367,418,Gabriel Peñalba,ARG,MF,Las Palmas,32,1984,6.3,381,364,16,16,2,2,0,0,0,0,0,0,326,1,4,Matches,ESP-LALIGA,17-18
4b3f2936,419,Adalberto Peñaranda,VEN,"FW,MF",Málaga,20,1997,8.9,249,237,10,1,0,1,5,0,0,0,0,0,193,2,7,Matches,ESP-LALIGA,17-18
6639e500,420,Andreas Pereira,BRA,MF,Valencia,21,1996,12.0,405,388,14,3,1,4,65,2,9,3,6,0,262,3,19,Matches,ESP-LALIGA,17-18
e1cea3f7,421,Hernán Pérez,PAR,MF,Alavés,28,1989,4.2,149,136,12,1,0,2,15,1,7,1,6,0,101,1,5,Matches,ESP-LALIGA,17-18
e1cea3f7,422,Hernán Pérez,PAR,"MF,DF",Espanyol,28,1989,1.6,79,72,7,0,0,1,10,6,1,0,1,0,47,0,2,Matches,ESP-LALIGA,17-18
a300ac7e,423,Lucas Pérez,ESP,FW,La Coruña,28,1988,31.1,1001,763,231,37,7,7,168,18,111,52,34,1,680,7,26,Matches,ESP-LALIGA,17-18
3c7bc9bd,424,Rubén Pérez,ESP,MF,Leganés,28,1989,28.0,1500,1442,50,49,5,40,2,1,0,0,0,0,1140,8,25,Matches,ESP-LALIGA,17-18
48e89655,425,Pablo Piatti,ARG,"MF,FW",Espanyol,28,1989,19.3,679,570,103,31,1,3,145,7,63,28,33,0,428,6,30,Matches,ESP-LALIGA,17-18
e54bd0a2,426,Tomás Pina Isla,ESP,MF,Alavés,29,1987,26.5,980,959,17,16,2,9,6,1,0,0,0,0,795,4,7,Matches,ESP-LALIGA,17-18
adfc9123,427,Gerard Piqué,ESP,DF,Barcelona,30,1987,29.2,1868,1786,81,69,0,36,2,12,0,0,0,0,1669,1,12,Matches,ESP-LALIGA,17-18
faec2ec4,428,Guido Pizarro,ARG,MF,Sevilla,27,1990,19.5,1251,1209,38,37,1,5,0,1,0,0,0,0,1076,4,22,Matches,ESP-LALIGA,17-18
72b92c4e,429,Carles Planas,ESP,DF,Girona,26,1991,2.1,106,90,14,0,1,0,7,14,0,0,0,0,74,2,4,Matches,ESP-LALIGA,17-18
29b61deb,430,Pere Pons,ESP,MF,Girona,24,1993,28.4,1033,1019,11,9,4,11,3,2,0,0,0,0,824,3,25,Matches,ESP-LALIGA,17-18
8e010ff4,431,Francisco Portillo,ESP,"MF,FW",Getafe,27,1990,27.3,1020,985,26,5,15,5,29,11,8,0,3,0,739,9,37,Matches,ESP-LALIGA,17-18
1bda5842,432,Portu,ESP,MF,Girona,25,1992,33.3,672,655,13,2,5,4,72,9,0,0,0,0,477,4,35,Matches,ESP-LALIGA,17-18
474ecac8,433,Sergio Postigo,ESP,DF,Levante,28,1988,26.9,961,893,65,63,2,16,3,2,0,0,0,0,768,3,5,Matches,ESP-LALIGA,17-18
cbdf7d5c,434,Darío Poveda,ESP,MF,Villarreal,20,1997,0.0,2,2,0,0,0,0,0,0,0,0,0,0,1,0,0,Matches,ESP-LALIGA,17-18
113fb4ea,435,Andrés Prieto,ESP,GK,Málaga,23,1993,4.0,110,60,49,16,0,0,0,0,0,0,0,0,46,1,0,Matches,ESP-LALIGA,17-18
d054d8b0,436,Xabi Prieto,ESP,"MF,FW",Real Sociedad,33,1983,21.4,1065,1029,31,7,1,2,56,11,12,1,0,0,869,5,22,Matches,ESP-LALIGA,17-18
ea6a7ab4,437,Dani Raba,ESP,"MF,FW",Villarreal,21,1995,12.3,501,451,43,11,4,10,34,8,22,7,5,3,374,7,11,Matches,ESP-LALIGA,17-18
b5dd3469,438,Nemanja Radoja,SRB,MF,Celta Vigo,24,1993,12.3,611,597,13,13,0,3,4,0,0,0,0,0,523,1,8,Matches,ESP-LALIGA,17-18
89f951b5,439,Ivan Rakitić,CRO,MF,Barcelona,29,1988,31.5,2575,2460,104,40,11,19,54,15,49,17,19,0,2282,11,22,Matches,ESP-LALIGA,17-18
be3a0121,440,Jonás Ramalho,ESP,DF,Girona,24,1993,25.5,903,861,38,23,0,20,7,15,0,0,0,0,668,4,16,Matches,ESP-LALIGA,17-18
db714daf,441,Benito Ramírez,ESP,"FW,DF",Las Palmas,22,1995,1.8,73,68,5,0,0,0,16,2,3,0,2,0,41,0,7,Matches,ESP-LALIGA,17-18
833fb62e,442,Sandro Ramírez,ESP,"FW,MF",Sevilla,22,1995,8.0,259,243,16,0,1,2,18,3,10,9,1,0,198,0,7,Matches,ESP-LALIGA,17-18
dc4511f3,443,Toño Ramírez,ESP,GK,Real Sociedad,30,1986,3.5,131,101,30,5,0,0,0,0,0,0,0,0,91,0,0,Matches,ESP-LALIGA,17-18
d2be40f2,444,Iván Ramis,ESP,DF,Eibar,32,1984,14.5,700,669,28,27,0,33,0,1,0,0,0,0,578,3,5,Matches,ESP-LALIGA,17-18
0657888a,445,Omar Ramos,ESP,"FW,MF",Leganés,29,1988,16.1,512,457,52,21,3,7,76,7,24,11,7,1,362,3,12,Matches,ESP-LALIGA,17-18
08511d65,446,Sergio Ramos,ESP,DF,Real Madrid,31,1986,25.4,1921,1834,75,61,5,40,9,14,0,0,0,0,1717,12,7,Matches,ESP-LALIGA,17-18
54073b28,447,Recio,ESP,MF,Málaga,26,1991,20.4,1027,905,115,73,5,13,68,0,40,21,14,0,812,7,18,Matches,ESP-LALIGA,17-18
1214f0a6,448,Alberto Redondo,ESP,DF,Getafe,20,1997,1.0,33,23,10,0,0,0,2,10,0,0,0,0,14,0,1,Matches,ESP-LALIGA,17-18
4b32b2be,449,Xesc Regis,ESP,FW,Eibar,20,1996,0.0,0,0,0,0,0,0,0,0,0,0,0,0,0,0,0,Matches,ESP-LALIGA,17-18
5c2da10f,450,Loïc Rémy,FRA,FW,Las Palmas,30,1987,8.5,243,238,4,0,1,5,7,4,0,0,0,0,189,1,3,Matches,ESP-LALIGA,17-18
5c2da10f,451,Loïc Rémy,FRA,"FW,MF",Getafe,30,1987,5.1,124,121,3,0,0,1,5,1,0,0,0,0,85,0,3,Matches,ESP-LALIGA,17-18
54f5ce34,452,Federico Ricca,URU,DF,Málaga,22,1994,12.3,607,459,145,7,0,1,32,138,0,0,0,0,396,3,29,Matches,ESP-LALIGA,17-18
d9ba39fc,453,Diego Rico,ESP,DF,Leganés,24,1993,24.8,1329,967,352,56,0,12,125,270,26,8,15,0,892,10,56,Matches,ESP-LALIGA,17-18
def69cd0,454,Mikel Rico,ESP,MF,Athletic Club,32,1984,13.0,554,527,21,6,1,3,12,1,1,0,1,0,441,6,18,Matches,ESP-LALIGA,17-18
5f0241b2,455,Sergio Rico,ESP,GK,Sevilla,23,1993,24.0,668,417,250,58,0,1,0,0,0,0,0,0,444,1,0,Matches,ESP-LALIGA,17-18
581c5276,456,Asier Riesgo,ESP,GK,Eibar,33,1983,1.0,33,14,19,8,0,0,0,0,0,0,0,0,13,0,0,Matches,ESP-LALIGA,17-18
8ef81d2d,457,Cristian Rivera,ESP,MF,Eibar,20,1997,2.7,133,130,2,2,0,0,0,0,0,0,0,0,112,1,3,Matches,ESP-LALIGA,17-18
c00097d2,458,Rober,ESP,"DF,MF",Levante,22,1995,21.2,680,649,29,25,0,9,3,4,0,0,0,0,555,2,12,Matches,ESP-LALIGA,17-18
ba3ca78f,459,Roberto,ESP,GK,Málaga,31,1986,34.0,998,556,440,161,0,1,0,0,0,0,0,0,519,2,0,Matches,ESP-LALIGA,17-18
335fa267,460,Sergi Roberto,ESP,DF,Barcelona,25,1992,24.7,1832,1638,190,14,3,8,35,176,0,0,0,0,1634,4,23,Matches,ESP-LALIGA,17-18
df9326db,461,Álex Robles,ESP,DF,Málaga,18,1999,1.0,34,26,8,1,0,0,1,7,0,0,0,0,21,0,2,Matches,ESP-LALIGA,17-18
da27e268,462,Marc Roca,ESP,MF,Espanyol,20,1996,2.9,170,165,4,3,0,2,1,0,1,1,0,0,151,1,1,Matches,ESP-LALIGA,17-18
ecd8c01e,463,Rubén Rochina,ESP,"MF,DF",Levante,26,1991,1.7,86,79,3,3,0,1,1,0,0,0,0,0,62,4,3,Matches,ESP-LALIGA,17-18
6434f10d,464,Rodri,ESP,MF,Villarreal,21,1996,35.9,2483,2412,66,66,3,20,5,0,0,0,0,0,2227,5,22,Matches,ESP-LALIGA,17-18
1fb1c435,465,Rodrigo,ESP,FW,Valencia,26,1991,29.8,928,900,21,3,12,12,26,3,2,0,0,0,688,7,25,Matches,ESP-LALIGA,17-18
f1bed920,466,Kévin Rodrigues,POR,DF,Real Sociedad,23,1994,18.2,927,760,165,11,0,3,70,153,1,0,0,0,726,2,26,Matches,ESP-LALIGA,17-18
8cfc2f69,467,Ángel Rodríguez,ESP,FW,Getafe,30,1987,25.5,392,374,15,1,3,5,20,1,0,0,0,0,260,3,21,Matches,ESP-LALIGA,17-18
aa55fe48,468,Iván Rodríguez,ESP,DF,Málaga,21,1996,0.2,11,10,1,1,0,0,0,0,0,0,0,0,10,0,0,Matches,ESP-LALIGA,17-18
d1491e00,469,Diego Rolán,URU,"FW,MF",Málaga,24,1993,21.6,606,568,36,2,3,2,27,5,1,0,0,0,472,2,18,Matches,ESP-LALIGA,17-18
10e25802,470,Esteban Rolón,ARG,MF,Málaga,22,1995,4.6,138,134,3,3,1,1,1,0,0,0,0,0,105,1,4,Matches,ESP-LALIGA,17-18
4bc5f2b4,471,Óscar Romero,PAR,"MF,FW",Alavés,25,1992,2.8,74,61,13,9,0,2,6,1,3,2,1,0,44,0,1,Matches,ESP-LALIGA,17-18
dea698d9,472,Cristiano Ronaldo,POR,FW,Real Madrid,32,1985,25.4,789,747,34,3,5,5,34,15,4,0,0,0,615,8,24,Matches,ESP-LALIGA,17-18
51e3954c,473,Facundo Roncaglia,ARG,DF,Celta Vigo,30,1987,16.6,1083,1046,36,30,2,26,6,6,0,0,0,0,945,1,8,Matches,ESP-LALIGA,17-18
81069528,474,Roberto Rosales,VEN,DF,Málaga,28,1988,34.7,1936,1481,442,52,0,17,168,345,44,23,19,1,1359,13,52,Matches,ESP-LALIGA,17-18
24279b8b,475,Rubén,ESP,GK,La Coruña,33,1984,27.5,712,392,316,82,0,1,0,0,0,0,0,0,442,4,0,Matches,ESP-LALIGA,17-18
a55d8df5,476,Aitor Ruibal,ESP,MF,Betis,21,1996,0.1,4,4,0,0,0,0,0,0,0,0,0,0,4,0,0,Matches,ESP-LALIGA,17-18
c0c7ff58,477,Fabián Ruiz Peña,ESP,MF,Betis,21,1996,29.5,2120,2063,47,34,6,21,15,11,2,0,1,0,1813,10,43,Matches,ESP-LALIGA,17-18
b3dc6eca,478,Víctor Ruiz,ESP,DF,Villarreal,28,1989,26.8,1430,1351,73,71,2,22,2,2,0,0,0,0,1218,6,8,Matches,ESP-LALIGA,17-18
e12d7851,479,Antonio Rukavina,SRB,DF,Villarreal,33,1984,14.1,628,483,143,8,1,0,27,135,0,0,0,0,489,2,12,Matches,ESP-LALIGA,17-18
625c144a,480,Gerónimo Rulli,ARG,GK,Real Sociedad,25,1992,26.0,1115,882,228,77,0,4,0,0,0,0,0,0,847,5,0,Matches,ESP-LALIGA,17-18
eb5bc3eb,481,Enric Saborit,ESP,DF,Athletic Club,25,1992,15.9,707,553,151,10,0,4,36,141,0,0,0,0,524,3,18,Matches,ESP-LALIGA,17-18
21164a21,482,Mujaid Sadick,ESP,DF,La Coruña,17,2000,1.2,41,40,1,1,0,0,1,0,0,0,0,0,38,0,0,Matches,ESP-LALIGA,17-18
8b6d1830,483,Armando Sadiku,ALB,FW,Levante,26,1991,3.0,71,65,5,0,0,1,1,0,0,0,0,0,53,1,0,Matches,ESP-LALIGA,17-18
6a7586f4,484,Sergi Samper,ESP,MF,Las Palmas,22,1995,1.6,84,82,2,2,0,0,2,0,0,0,0,0,69,0,1,Matches,ESP-LALIGA,17-18
c0a0c18f,485,Jairo Samperio,ESP,"FW,MF",Las Palmas,24,1993,6.2,155,147,5,0,2,0,8,5,0,0,0,0,96,3,8,Matches,ESP-LALIGA,17-18
003a5c72,486,Mikel San José,ESP,MF,Athletic Club,28,1989,23.9,1025,993,29,20,7,8,11,0,0,0,0,0,800,3,24,Matches,ESP-LALIGA,17-18
0a447501,487,Antonio Sanabria,PAR,FW,Betis,21,1996,9.5,174,148,25,1,0,0,2,0,0,0,0,0,126,1,4,Matches,ESP-LALIGA,17-18
50b51fac,488,Carlos Sánchez,COL,MF,Espanyol,31,1986,12.5,584,569,13,13,0,10,1,0,0,0,0,0,478,2,5,Matches,ESP-LALIGA,17-18
83a83b0a,489,Sergio Sánchez,ESP,DF,Espanyol,31,1986,1.1,41,26,14,2,0,1,1,12,0,0,0,0,28,1,0,Matches,ESP-LALIGA,17-18
ad4d0985,490,Víctor Sánchez,ESP,"MF,DF",Espanyol,29,1987,27.3,1404,1197,200,39,0,9,67,152,9,4,5,0,1007,7,26,Matches,ESP-LALIGA,17-18
22df75d8,491,Arona Sané,SEN,"MF,FW",Atlético Madrid,22,1995,0.7,15,15,0,0,0,0,0,0,0,0,0,0,10,0,0,Matches,ESP-LALIGA,17-18
7eb97a8e,492,Nicola Sansone,ITA,"FW,MF",Villarreal,25,1991,7.1,239,211,24,3,1,2,17,2,9,4,0,1,177,4,10,Matches,ESP-LALIGA,17-18
4efd29bb,493,Christian Santos,VEN,FW,Alavés,29,1988,4.8,137,135,1,0,0,0,1,0,0,0,0,0,89,1,0,Matches,ESP-LALIGA,17-18
9744ff80,494,Pablo Sarabia,ESP,"FW,MF",Sevilla,25,1992,26.6,1178,1057,113,20,8,3,113,48,45,20,16,0,865,8,45,Matches,ESP-LALIGA,17-18
b32b7d1b,495,Imanol Sarriegi,ESP,"MF,FW",Eibar,22,1995,0.5,25,25,0,0,0,0,0,0,0,0,0,0,20,0,0,Matches,ESP-LALIGA,17-18
f6ac68c1,496,Stefan Savić,MNE,DF,Atlético Madrid,26,1991,25.5,994,962,31,29,0,7,3,2,0,0,0,0,809,1,11,Matches,ESP-LALIGA,17-18
c8aa95da,497,Fabian Schär,SUI,DF,La Coruña,25,1991,24.7,957,874,72,71,4,29,1,1,0,0,0,0,758,11,3,Matches,ESP-LALIGA,17-18
3536fdc1,498,Sergio Segura García,ESP,DF,Leganés,21,1995,0.3,,,,,,,0,,,,,,,,,Matches,ESP-LALIGA,17-18
d04b94db,499,Nélson Semedo,POR,DF,Barcelona,23,1993,16.6,1148,972,176,21,1,5,15,155,0,0,0,0,1000,0,25,Matches,ESP-LALIGA,17-18
c904f3d5,500,Rúben Semedo,POR,"DF,MF",Villarreal,23,1994,2.6,89,86,3,2,0,0,0,1,0,0,0,0,78,0,1,Matches,ESP-LALIGA,17-18
d2ac648c,501,Gaku Shibasaki,JPN,"MF,FW",Getafe,25,1992,11.1,357,323,33,11,4,6,26,2,15,3,4,0,256,1,8,Matches,ESP-LALIGA,17-18
b14d0c5d,502,Sidnei,BRA,DF,La Coruña,27,1989,19.8,769,739,29,29,2,18,4,0,0,0,0,0,642,1,2,Matches,ESP-LALIGA,17-18
aaa4239e,503,Jaime Sierra Mateos,ESP,"FW,MF",Leganés,19,1998,0.3,5,5,0,0,0,0,0,0,0,0,0,0,3,0,0,Matches,ESP-LALIGA,17-18
251336da,504,David Simón,ESP,DF,Las Palmas,28,1988,8.0,525,426,99,9,1,3,29,90,0,0,0,0,413,0,10,Matches,ESP-LALIGA,17-18
92d38e6c,505,Dimitris Siovas,GRE,DF,Leganés,28,1988,22.9,744,704,35,27,0,4,2,8,0,0,0,0,547,5,5,Matches,ESP-LALIGA,17-18
fd9c4805,506,Pione Sisto,DEN,"FW,MF",Celta Vigo,22,1995,28.0,1075,1010,60,22,6,18,78,12,26,10,4,0,863,5,20,Matches,ESP-LALIGA,17-18
9970da54,507,Antonio Sivera,ESP,GK,Alavés,20,1996,0.7,15,9,6,1,0,0,0,0,0,0,0,0,7,0,0,Matches,ESP-LALIGA,17-18
19b776e9,508,Rubén Sobrino,ESP,"FW,MF",Alavés,25,1992,16.3,407,396,7,0,0,1,13,1,0,0,0,0,290,4,14,Matches,ESP-LALIGA,17-18
fed17f5a,509,Carlos Soler,ESP,MF,Valencia,20,1997,26.3,1002,978,20,14,4,9,54,2,4,1,2,0,814,4,26,Matches,ESP-LALIGA,17-18
6435143e,510,Kévin Soni,CMR,MF,Girona,19,1998,0.2,5,5,0,0,0,0,0,0,0,0,0,0,3,0,0,Matches,ESP-LALIGA,17-18
8f8c6934,511,David Soria,ESP,GK,Sevilla,24,1993,14.0,377,247,130,32,0,0,0,0,0,0,0,0,273,0,0,Matches,ESP-LALIGA,17-18
9d4c45d6,512,Roberto Soriano,ITA,"MF,FW",Villarreal,26,1991,12.7,511,496,8,2,3,2,18,2,3,0,1,0,395,7,18,Matches,ESP-LALIGA,17-18
220c11f1,513,Cristhian Stuani,URU,FW,Girona,30,1986,30.1,500,425,72,0,1,3,4,0,0,0,0,0,329,3,9,Matches,ESP-LALIGA,17-18
ba5004e1,514,Damián Suárez,URU,DF,Getafe,29,1988,32.0,1698,1125,564,97,5,38,95,422,45,6,24,0,1175,9,54,Matches,ESP-LALIGA,17-18
12c50af5,515,Denis Suárez,ESP,"MF,FW",Barcelona,23,1994,6.6,387,351,31,7,3,1,21,3,21,8,9,0,312,5,6,Matches,ESP-LALIGA,17-18
25c72b36,516,Leonardo Suárez,ARG,MF,Villarreal,21,1996,0.3,12,12,0,0,0,0,1,0,0,0,0,0,9,0,0,Matches,ESP-LALIGA,17-18
a6154613,517,Luis Suárez,URU,FW,Barcelona,30,1987,32.2,1080,1009,64,2,11,14,12,7,1,0,0,0,818,7,31,Matches,ESP-LALIGA,17-18
f573a8bf,518,Isaac Success,NGA,"MF,FW",Málaga,21,1996,5.5,143,142,1,1,4,2,10,0,0,0,0,0,81,0,6,Matches,ESP-LALIGA,17-18
6fd1ba62,519,Markel Susaeta,ESP,"FW,MF",Athletic Club,29,1987,25.2,1013,868,142,48,2,12,154,8,85,36,44,0,746,3,31,Matches,ESP-LALIGA,17-18
ef345601,520,Tana,ESP,"MF,FW",Las Palmas,26,1990,17.2,832,763,64,20,4,4,51,5,39,14,19,0,694,5,7,Matches,ESP-LALIGA,17-18
730bd100,521,Oussama Tannane,MAR,FW,Las Palmas,23,1994,6.4,251,215,33,4,2,1,21,8,21,12,0,0,183,3,8,Matches,ESP-LALIGA,17-18
72a99e38,522,Cristian Tello,ESP,"FW,MF",Betis,25,1991,18.8,724,698,23,2,5,9,22,16,5,1,1,0,549,3,13,Matches,ESP-LALIGA,17-18
6f51e382,523,Marc-André ter Stegen,GER,GK,Barcelona,25,1992,37.0,1304,989,313,51,0,6,0,0,0,0,0,0,1068,2,1,Matches,ESP-LALIGA,17-18
174651c8,524,David Timor,ESP,"MF,DF",Girona,27,1989,10.3,470,454,13,13,0,24,3,0,0,0,0,0,379,3,4,Matches,ESP-LALIGA,17-18
7cefa219,525,Tito,ESP,DF,Leganés,32,1985,6.8,294,233,61,3,0,0,15,58,0,0,0,0,215,0,8,Matches,ESP-LALIGA,17-18
93568a16,526,Hernán Toledo,ARG,"FW,MF",Las Palmas,21,1996,6.9,173,171,2,0,0,0,20,2,0,0,0,0,113,0,10,Matches,ESP-LALIGA,17-18
d4ef9ac5,527,Toño,ESP,DF,Levante,27,1989,12.0,589,455,132,14,2,5,43,118,0,0,0,0,443,2,13,Matches,ESP-LALIGA,17-18
87882adc,528,Daniel Torres,COL,MF,Alavés,27,1989,13.5,514,487,21,21,2,6,2,0,0,0,0,0,420,6,6,Matches,ESP-LALIGA,17-18
bdf7b97d,529,Fernando Torres,ESP,FW,Atlético Madrid,33,1984,10.9,248,240,4,0,2,0,2,1,0,0,0,0,147,4,7,Matches,ESP-LALIGA,17-18
9e1035f8,530,Ferrán Torres,ESP,MF,Valencia,17,2000,3.5,110,108,1,0,0,1,11,0,1,0,1,0,68,1,5,Matches,ESP-LALIGA,17-18
44b61913,531,Miguel Torres,ESP,DF,Málaga,31,1986,7.5,306,252,52,3,0,0,4,49,0,0,0,0,248,2,3,Matches,ESP-LALIGA,17-18
532e1e4f,532,Pau Torres,ESP,DF,Villarreal,20,1997,0.6,32,29,2,2,1,0,0,0,0,0,0,0,20,1,2,Matches,ESP-LALIGA,17-18
322ba2df,533,Alin Toșca,ROU,DF,Betis,25,1992,4.7,217,187,30,4,0,1,9,26,0,0,0,0,182,0,2,Matches,ESP-LALIGA,17-18
963829d0,534,Manu Trigueros,ESP,MF,Villarreal,25,1991,30.0,1912,1762,137,82,9,34,83,2,53,18,12,1,1612,13,33,Matches,ESP-LALIGA,17-18
1fa85681,535,Przemysław Tytoń,POL,GK,La Coruña,30,1987,1.1,28,13,15,5,0,0,0,0,0,0,0,0,17,0,0,Matches,ESP-LALIGA,17-18
3eed9821,536,Samuel Umtiti,FRA,DF,Barcelona,23,1993,24.3,1628,1570,56,48,0,9,0,8,0,0,0,0,1483,2,13,Matches,ESP-LALIGA,17-18
f8eca1b6,537,Enes Ünal,TUR,FW,Villarreal,20,1997,12.5,286,274,11,0,2,1,5,0,0,0,0,0,205,1,14,Matches,ESP-LALIGA,17-18
f8eca1b6,538,Enes Ünal,TUR,FW,Levante,20,1997,6.6,140,126,14,1,0,0,0,0,0,0,0,0,104,0,1,Matches,ESP-LALIGA,17-18
cfd68aa7,539,Francis Uzoho,NGA,GK,La Coruña,18,1998,2.0,48,24,24,6,0,0,0,0,0,0,0,0,20,0,0,Matches,ESP-LALIGA,17-18
9d4c3227,540,Gerard Valentín,ESP,"DF,FW",La Coruña,24,1993,1.8,55,38,16,1,0,0,0,15,0,0,0,0,35,1,0,Matches,ESP-LALIGA,17-18
3a6a49f7,541,Borja Valle,ESP,"FW,MF",La Coruña,25,1992,5.4,141,133,8,1,0,2,8,1,0,0,0,0,103,0,4,Matches,ESP-LALIGA,17-18
c2111b45,542,Jesús Vallejo,ESP,DF,Real Madrid,20,1997,7.0,366,354,12,12,0,4,0,0,0,0,0,0,319,0,1,Matches,ESP-LALIGA,17-18
0959c2a2,543,Federico Valverde,URU,"MF,FW",La Coruña,19,1998,13.7,593,581,10,4,2,22,13,2,4,1,0,0,447,2,16,Matches,ESP-LALIGA,17-18
9f8e9423,544,Raphaël Varane,FRA,DF,Real Madrid,24,1993,25.8,1339,1280,54,51,0,25,1,3,0,0,0,0,1211,5,4,Matches,ESP-LALIGA,17-18
467bae22,545,Franco Vázquez,ARG,MF,Sevilla,28,1989,20.4,915,881,17,12,10,7,32,4,1,0,0,0,655,17,31,Matches,ESP-LALIGA,17-18
fd51b456,546,Lucas Vázquez,ESP,"MF,FW",Real Madrid,26,1991,18.7,1014,961,46,7,2,18,91,19,20,3,11,0,818,7,35,Matches,ESP-LALIGA,17-18
bfb15d99,547,Koke Vegas,ESP,GK,Levante,21,1995,1.0,29,16,13,3,0,0,0,0,0,0,0,0,15,0,0,Matches,ESP-LALIGA,17-18
e0cd04e0,548,Carlos Vela,MEX,FW,Real Sociedad,28,1989,4.2,209,184,23,6,0,3,20,7,10,6,4,0,160,2,4,Matches,ESP-LALIGA,17-18
d0d79694,549,Thomas Vermaelen,BEL,DF,Barcelona,31,1985,11.3,650,629,19,17,1,9,2,2,0,0,0,0,603,2,5,Matches,ESP-LALIGA,17-18
b0fce72c,550,Mikel Vesga,ESP,MF,Athletic Club,24,1993,9.0,404,384,20,8,0,8,12,3,5,1,2,1,327,0,7,Matches,ESP-LALIGA,17-18
c67cd65c,551,Rúben Vezo,POR,DF,Valencia,23,1994,17.3,825,716,106,14,0,5,15,92,0,0,0,0,630,3,22,Matches,ESP-LALIGA,17-18
04965583,552,Aleix Vidal,ESP,"MF,FW",Barcelona,27,1989,5.1,275,259,11,0,2,3,8,8,3,2,0,0,207,5,8,Matches,ESP-LALIGA,17-18
3a9c4b7b,553,Nacho Vidal,ESP,DF,Valencia,22,1995,5.0,221,182,39,6,0,0,6,33,0,0,0,0,176,0,5,Matches,ESP-LALIGA,17-18
efa708aa,554,Jonathan Viera,ESP,MF,Las Palmas,27,1989,22.1,1557,1421,121,69,21,17,55,9,41,18,13,0,1271,15,23,Matches,ESP-LALIGA,17-18
2513a588,555,Luciano Vietto,ARG,FW,Atlético Madrid,23,1993,3.0,80,78,2,0,0,0,1,0,0,0,0,0,68,0,2,Matches,ESP-LALIGA,17-18
2513a588,556,Luciano Vietto,ARG,FW,Valencia,23,1993,5.9,204,196,5,1,1,3,6,0,0,0,0,0,158,3,5,Matches,ESP-LALIGA,17-18
f69d934e,557,Carlos Vigaray,ESP,DF,Alavés,22,1994,9.9,347,254,93,3,1,1,17,90,0,0,0,0,238,0,11,Matches,ESP-LALIGA,17-18
bad38a94,558,Dídac Vilà,ESP,"DF,MF",Espanyol,28,1989,8.1,418,355,61,8,0,8,24,51,2,0,2,0,318,2,14,Matches,ESP-LALIGA,17-18
db750822,559,Vitolo,ESP,"FW,MF",Las Palmas,27,1989,7.7,369,354,13,6,0,0,6,3,1,0,1,0,307,2,14,Matches,ESP-LALIGA,17-18
db750822,560,Vitolo,ESP,"MF,FW",Atlético Madrid,27,1989,6.9,304,287,14,0,0,1,4,11,0,0,0,0,235,3,14,Matches,ESP-LALIGA,17-18
46a8347f,561,Šime Vrsaljko,CRO,DF,Atlético Madrid,25,1992,18.8,891,700,187,6,0,4,81,178,3,1,1,1,608,4,29,Matches,ESP-LALIGA,17-18
999908af,562,Wakaso,GHA,MF,Alavés,27,1990,12.2,480,422,50,14,1,16,19,32,4,0,2,0,330,8,5,Matches,ESP-LALIGA,17-18
d83bbc54,563,Daniel Wass,DEN,"MF,DF",Celta Vigo,28,1989,32.6,1676,1485,181,74,3,15,147,34,73,24,22,1,1257,10,37,Matches,ESP-LALIGA,17-18
c0b1a6da,564,Axel Werner,ARG,GK,Atlético Madrid,21,1996,1.0,17,10,7,0,0,0,0,0,0,0,0,0,5,0,0,Matches,ESP-LALIGA,17-18
6a99e0b1,565,Iñaki Williams,GHA,"FW,MF",Athletic Club,23,1994,31.7,761,723,34,2,4,1,63,14,0,0,0,0,555,4,32,Matches,ESP-LALIGA,17-18
61bb7498,566,Yoel,ESP,GK,Eibar,28,1988,1.0,40,25,15,3,0,0,0,0,0,0,0,0,14,0,0,Matches,ESP-LALIGA,17-18
5ca20b7a,567,Joseba Zaldúa,ESP,DF,Leganés,25,1992,28.4,1264,901,362,34,0,5,78,328,0,0,0,0,921,1,36,Matches,ESP-LALIGA,17-18
9592289a,568,Simone Zaza,ITA,FW,Valencia,26,1991,23.1,465,423,37,0,3,7,9,0,0,0,0,0,319,5,25,Matches,ESP-LALIGA,17-18
37f96552,569,Nabil El Zhar,MAR,"FW,MF",Leganés,30,1986,22.0,644,619,22,5,0,6,70,5,12,2,10,0,469,3,23,Matches,ESP-LALIGA,17-18
4cafb146,570,Enzo Zidane,ESP,MF,Alavés,22,1995,0.8,30,30,0,0,0,0,0,0,0,0,0,0,17,0,1,Matches,ESP-LALIGA,17-18
c818c4d9,571,Luca Zidane,FRA,GK,Real Madrid,19,1998,1.0,32,23,9,1,0,0,0,0,0,0,0,0,30,0,0,Matches,ESP-LALIGA,17-18
5c7845f6,572,Igor Zubeldia,ESP,MF,Real Sociedad,20,1997,17.6,944,935,7,6,2,18,2,1,0,0,0,0,810,2,11,Matches,ESP-LALIGA,17-18
d9bda115,573,David Zurutuza,ESP,MF,Real Sociedad,31,1986,24.9,1165,1143,12,9,5,7,6,3,0,0,0,0,987,10,14,Matches,ESP-LALIGA,17-18
