id,Unnamed: 0_level_0,Unnamed: 1_level_0,Unnamed: 2_level_0,Unnamed: 3_level_0,Unnamed: 4_level_0,Unnamed: 5_level_0,Unnamed: 6_level_0,Unnamed: 7_level_0,Standard,Standard,Standard,Standard,Standard,Standard,Standard,Standard,Standard,Standard,Standard,Standard,Expected,Expected,Expected,Expected,Expected,Unnamed: 25_level_0,Unnamed: league,Unnamed: season
,Rk,Player,Nation,Pos,Squad,Age,Born,90s,Gls,Sh,SoT,SoT%,Sh/90,SoT/90,G/Sh,G/SoT,Dist,FK,PK,PKatt,xG,npxG,npxG/Sh,G-xG,np:G-xG,Matches,league,season
8f5cdf66,1,Oliver Abildgaard,DEN,MF,Como,28-081,1996,0.1,0,0,0,,0.0,0.0,,,,0,0,0,0.0,0.0,,0.0,0.0,Matches,ITA-SERIA_A,24-25
f586779e,2,Tammy Abraham,ENG,FW,Roma,26-333,1997,0.0,0,0,0,,0.0,0.0,,,,0,0,0,0.0,0.0,,0.0,0.0,Matches,ITA-SERIA_A,24-25
b96b595c,3,Francesco Acerbi,ITA,DF,Inter,36-202,1988,2.0,0,0,0,,0.0,0.0,,,,0,0,0,0.0,0.0,,0.0,0.0,Matches,ITA-SERIA_A,24-25
f2bf1b0f,4,Che Adams,SCO,FW,Torino,28-048,1996,1.3,1,2,2,100.0,1.5,1.5,0.5,0.5,14.7,0,0,0,0.9,0.9,0.45,0.1,0.1,Matches,ITA-SERIA_A,24-25
f9c927de,5,Michel Aebischer,SUI,MF,Bologna,27-237,1997,1.0,0,3,2,66.7,2.87,1.91,0.0,0.0,25.0,1,0,0,0.1,0.1,0.04,-0.1,-0.1,Matches,ITA-SERIA_A,24-25
00f518d8,6,Faride Alidou,GER,"MF,FW",Hellas Verona,23-043,2001,0.4,0,0,0,,0.0,0.0,,,,0,0,0,0.0,0.0,,0.0,0.0,Matches,ITA-SERIA_A,24-25
0917188a,7,Pontus Almqvist,SWE,FW,Parma,25-051,1999,0.5,0,1,1,100.0,2.09,2.09,0.0,0.0,28.8,0,0,0,0.0,0.0,0.04,0.0,0.0,Matches,ITA-SERIA_A,24-25
aa5322d5,8,Giorgio Altare,ITA,DF,Venezia,26-021,1998,2.0,0,3,1,33.3,1.5,0.5,0.0,0.0,15.2,0,0,0,0.2,0.2,0.05,-0.2,-0.2,Matches,ITA-SERIA_A,24-25
5a2cb25d,9,Sofyan Amrabat,MAR,MF,Fiorentina,28-009,1996,2.0,0,0,0,,0.0,0.0,,,,0,0,0,0.0,0.0,,0.0,0.0,Matches,ITA-SERIA_A,24-25
30941e96,10,Angeliño,ESP,DF,Roma,27-239,1997,2.0,0,1,0,0.0,0.5,0.0,0.0,,26.9,0,0,0,0.0,0.0,0.04,0.0,0.0,Matches,ITA-SERIA_A,24-25
b2f3d550,11,Lorenzo Anghelè,ITA,FW,Juventus,19-186,2005,0.1,0,0,0,,0.0,0.0,,,,0,0,0,0.0,0.0,,0.0,0.0,Matches,ITA-SERIA_A,24-25
00459419,12,Marko Arnautović,AUT,FW,Inter,35-133,1989,0.2,0,1,0,0.0,6.0,0.0,0.0,,5.4,0,0,0,0.4,0.4,0.38,-0.4,-0.4,Matches,ITA-SERIA_A,24-25
0fdcef0e,13,Kristjan Asllani,ALB,MF,Inter,22-174,2002,0.2,0,1,1,100.0,6.43,6.43,0.0,0.0,4.9,0,0,0,0.3,0.3,0.28,-0.3,-0.3,Matches,ITA-SERIA_A,24-25
3cd3b384,14,Tommaso Augello,ITA,DF,Cagliari,30-000,1994,1.9,0,1,0,0.0,0.53,0.0,0.0,,20.9,0,0,0,0.0,0.0,0.05,0.0,0.0,Matches,ITA-SERIA_A,24-25
8d3cd59d,15,Carlos Augusto,BRA,DF,Inter,25-236,1999,0.4,0,0,0,,0.0,0.0,,,,0,0,0,0.0,0.0,,0.0,0.0,Matches,ITA-SERIA_A,24-25
3963c25b,16,Yann Aurel Bisseck,GER,DF,Inter,23-275,2000,1.0,0,3,0,0.0,3.0,0.0,0.0,,10.5,0,0,0,0.2,0.2,0.07,-0.2,-0.2,Matches,ITA-SERIA_A,24-25
967ac202,17,Paulo Azzi,BRA,DF,Cagliari,30-046,1994,2.0,0,2,1,50.0,1.0,0.5,0.0,0.0,18.2,0,0,0,0.1,0.1,0.03,-0.1,-0.1,Matches,ITA-SERIA_A,24-25
e8c930bb,18,Milan Badelj,CRO,MF,Genoa,35-187,1989,1.6,0,2,0,0.0,1.23,0.0,0.0,,14.1,0,0,0,0.2,0.2,0.08,-0.2,-0.2,Matches,ITA-SERIA_A,24-25
a8567629,19,Mitchel Bakker,NED,MF,Atalanta,24-071,2000,0.2,0,0,0,,0.0,0.0,,,,0,0,0,0.0,0.0,,0.0,0.0,Matches,ITA-SERIA_A,24-25
102e2599,20,Tommaso Baldanzi,ITA,MF,Roma,21-160,2003,0.6,0,4,0,0.0,6.21,0.0,0.0,,18.2,0,0,0,0.2,0.2,0.06,-0.2,-0.2,Matches,ITA-SERIA_A,24-25
348bafd4,21,Botond Balogh,HUN,DF,Parma,22-085,2002,2.0,0,0,0,,0.0,0.0,,,,0,0,0,0.0,0.0,,0.0,0.0,Matches,ITA-SERIA_A,24-25
8a6de8c7,22,Lameck Banda,ZAM,FW,Lecce,23-214,2001,1.2,0,2,1,50.0,1.67,0.83,0.0,0.0,15.4,0,0,0,0.3,0.3,0.16,-0.3,-0.3,Matches,ITA-SERIA_A,24-25
56fca564,23,Daniel Bandeira,POR,MF,Hellas Verona,24-141,2000,0.1,0,0,0,,0.0,0.0,,,,0,0,0,0.0,0.0,,0.0,0.0,Matches,ITA-SERIA_A,24-25
0821331c,24,Mattia Bani,ITA,DF,Genoa,30-264,1993,1.5,0,1,1,100.0,0.67,0.67,0.0,0.0,15.9,0,0,0,0.0,0.0,0.01,0.0,0.0,Matches,ITA-SERIA_A,24-25
01efac19,25,Antonín Barák,CZE,MF,Fiorentina,29-271,1994,0.6,0,2,2,100.0,3.33,3.33,0.0,0.0,25.7,0,0,0,0.1,0.1,0.04,-0.1,-0.1,Matches,ITA-SERIA_A,24-25
c010b898,26,Federico Barba,ITA,DF,Como,30-364,1993,2.0,0,0,0,,0.0,0.0,,,,0,0,0,0.0,0.0,,0.0,0.0,Matches,ITA-SERIA_A,24-25
6928979a,27,Nicolò Barella,ITA,MF,Inter,27-205,1997,1.8,0,2,0,0.0,1.12,0.0,0.0,,18.2,0,0,0,0.1,0.1,0.05,-0.1,-0.1,Matches,ITA-SERIA_A,24-25
5a08ee41,28,Federico Baschirotto,ITA,DF,Lecce,27-345,1996,2.0,0,3,1,33.3,1.5,0.5,0.0,0.0,11.5,0,0,0,0.2,0.2,0.06,-0.2,-0.2,Matches,ITA-SERIA_A,24-25
ea06dd97,29,Daniele Baselli,ITA,MF,Como,32-171,1992,0.2,0,0,0,,0.0,0.0,,,,0,0,0,0.0,0.0,,0.0,0.0,Matches,ITA-SERIA_A,24-25
75b86fb3,30,Alessandro Bastoni,ITA,DF,Inter,25-139,1999,2.0,0,0,0,,0.0,0.0,,,,0,0,0,0.0,0.0,,0.0,0.0,Matches,ITA-SERIA_A,24-25
705a1642,31,Reda Belahyane,FRA,MF,Hellas Verona,20-090,2004,1.8,0,0,0,,0.0,0.0,,,,0,0,0,0.0,0.0,,0.0,0.0,Matches,ITA-SERIA_A,24-25
e3756e72,32,Raoul Bellanova,ITA,DF,Torino,24-105,2000,1.0,0,1,0,0.0,1.03,0.0,0.0,,8.4,0,0,0,0.0,0.0,0.03,0.0,0.0,Matches,ITA-SERIA_A,24-25
d705ba44,33,Andrea Belotti,ITA,FW,Como,30-254,1993,1.2,0,2,0,0.0,1.61,0.0,0.0,,16.6,0,0,0,0.1,0.1,0.07,-0.1,-0.1,Matches,ITA-SERIA_A,24-25
482d2bc3,34,Lucas Beltrán,ARG,FW,Fiorentina,23-154,2001,0.1,0,0,0,,0.0,0.0,,,,0,0,0,0.0,0.0,,0.0,0.0,Matches,ITA-SERIA_A,24-25
db092d3b,35,Ismaël Bennacer,ALG,MF,Milan,26-273,1997,0.6,0,0,0,,0.0,0.0,,,,0,0,0,0.0,0.0,,0.0,0.0,Matches,ITA-SERIA_A,24-25
9d376bef,36,Medon Berisha,ALB,"FW,MF",Lecce,20-314,2003,0.2,0,3,2,66.7,19.29,12.86,0.0,0.0,30.5,0,0,0,0.1,0.1,0.02,-0.1,-0.1,Matches,ITA-SERIA_A,24-25
548672b4,37,Adrian Bernabe,ESP,MF,Parma,23-096,2001,1.9,0,1,0,0.0,0.53,0.0,0.0,,35.0,0,0,0,0.0,0.0,0.01,0.0,0.0,Matches,ITA-SERIA_A,24-25
de13cee5,38,Sam Beukema,NED,DF,Bologna,25-287,1998,2.0,0,1,0,0.0,0.5,0.0,0.0,,32.2,0,0,0,0.0,0.0,0.02,0.0,0.0,Matches,ITA-SERIA_A,24-25
d65cf468,39,Alessandro Bianco,ITA,MF,Fiorentina,21-334,2002,0.2,0,0,0,,0.0,0.0,,,,0,0,0,0.0,0.0,,0.0,0.0,Matches,ITA-SERIA_A,24-25
6fdac234,40,Jaka Bijol,SVN,DF,Udinese,25-207,1999,2.0,0,0,0,,0.0,0.0,,,,0,0,0,0.0,0.0,,0.0,0.0,Matches,ITA-SERIA_A,24-25
9e1577aa,41,Cristiano Biraghi,ITA,DF,Fiorentina,31-364,1992,2.0,1,4,2,50.0,2.0,1.0,0.25,0.5,24.5,2,0,0,0.1,0.1,0.03,0.9,0.9,Matches,ITA-SERIA_A,24-25
204ac005,42,Samuele Birindelli,ITA,DF,Monza,25-042,1999,1.9,0,1,1,100.0,0.52,0.52,0.0,0.0,17.3,0,0,0,0.0,0.0,0.03,0.0,0.0,Matches,ITA-SERIA_A,24-25
0def2376,43,Warren Bondo,FRA,MF,Monza,20-350,2003,2.0,0,0,0,,0.0,0.0,,,,0,0,0,0.0,0.0,,0.0,0.0,Matches,ITA-SERIA_A,24-25
64629ba4,44,Ange-Yoan Bonny,FRA,"FW,MF",Parma,20-310,2003,1.7,0,2,1,50.0,1.17,0.58,0.0,0.0,10.5,0,0,0,0.2,0.2,0.09,-0.2,-0.2,Matches,ITA-SERIA_A,24-25
bce728e1,45,Matthias Braunöder,AUT,MF,Como,22-156,2002,1.5,0,0,0,,0.0,0.0,,,,0,0,0,0.0,0.0,,0.0,0.0,Matches,ITA-SERIA_A,24-25
5fd5ed86,46,Gleison Bremer,BRA,DF,Juventus,27-165,1997,2.0,0,0,0,,0.0,0.0,,,,0,0,0,0.0,0.0,,0.0,0.0,Matches,ITA-SERIA_A,24-25
279508bf,47,Brenner,BRA,MF,Udinese,24-227,2000,1.6,0,1,1,100.0,0.62,0.62,0.0,0.0,17.0,0,0,0,0.2,0.2,0.21,-0.2,-0.2,Matches,ITA-SERIA_A,24-25
dfd56738,48,Marco Brescianini,ITA,MF,Atalanta,24-223,2000,1.6,2,2,2,100.0,1.28,1.28,1.0,1.0,13.3,0,0,0,0.2,0.2,0.1,1.8,1.8,Matches,ITA-SERIA_A,24-25
4ae67f27,49,Alessandro Buongiorno,ITA,DF,Napoli,25-085,1999,1.0,0,0,0,,0.0,0.0,,,,0,0,0,0.0,0.0,,0.0,0.0,Matches,ITA-SERIA_A,24-25
dd86e8e4,50,Liberato Cacace,NZL,DF,Empoli,23-338,2000,0.3,0,1,0,0.0,3.1,0.0,0.0,,13.3,0,0,0,0.0,0.0,0.05,0.0,0.0,Matches,ITA-SERIA_A,24-25
2146785a,51,Davide Calabria,ITA,DF,Milan,27-268,1996,1.6,0,0,0,,0.0,0.0,,,,0,0,0,0.0,0.0,,0.0,0.0,Matches,ITA-SERIA_A,24-25
226008f1,52,Luca Caldirola,ITA,DF,Monza,33-211,1991,2.0,0,1,0,0.0,0.5,0.0,0.0,,10.5,0,0,0,0.2,0.2,0.17,-0.2,-0.2,Matches,ITA-SERIA_A,24-25
cd0fa27b,53,Hakan Çalhanoğlu,TUR,MF,Inter,30-204,1994,1.7,1,1,0,0.0,0.58,0.0,0.0,,40.5,0,1,1,0.8,0.0,0.02,0.2,0.0,Matches,ITA-SERIA_A,24-25
543d9d2b,54,Drissa Camara,CIV,FW,Parma,22-194,2002,0.3,0,1,0,0.0,3.46,0.0,0.0,,19.1,0,0,0,0.0,0.0,0.02,0.0,0.0,Matches,ITA-SERIA_A,24-25
91ff775f,55,Nicolò Cambiaghi,ITA,FW,Bologna,23-246,2000,0.2,0,1,0,0.0,6.0,0.0,0.0,,13.9,0,0,0,0.1,0.1,0.06,-0.1,-0.1,Matches,ITA-SERIA_A,24-25
247ed022,56,Andrea Cambiaso,ITA,"FW,DF",Juventus,24-192,2000,1.9,1,2,1,50.0,1.03,0.52,0.5,1.0,20.1,0,0,0,0.1,0.1,0.06,0.9,0.9,Matches,ITA-SERIA_A,24-25
b6a1cdf9,57,Matteo Cancellieri,ITA,"MF,FW",Parma,22-200,2002,0.5,1,1,1,100.0,1.91,1.91,1.0,1.0,8.0,0,0,0,0.6,0.6,0.64,0.4,0.4,Matches,ITA-SERIA_A,24-25
d4307c52,58,Antonio Candela,ITA,DF,Venezia,24-125,2000,1.0,0,0,0,,0.0,0.0,,,,0,0,0,0.0,0.0,,0.0,0.0,Matches,ITA-SERIA_A,24-25
54e53b7e,59,Gianluca Caprari,ITA,MF,Monza,31-031,1993,0.6,0,0,0,,0.0,0.0,,,,0,0,0,0.0,0.0,,0.0,0.0,Matches,ITA-SERIA_A,24-25
5bd72174,60,Francesco Caputo,ITA,FW,Empoli,37-024,1987,0.1,0,0,0,,0.0,0.0,,,,0,0,0,0.0,0.0,,0.0,0.0,Matches,ITA-SERIA_A,24-25
8ec56e62,61,Marco Carnesecchi,ITA,GK,Atalanta,24-060,2000,1.0,0,0,0,,0.0,0.0,,,,0,0,0,0.0,0.0,,0.0,0.0,Matches,ITA-SERIA_A,24-25
3f5f38fb,62,Nicolò Casale,ITA,DF,Lazio,26-198,1998,1.5,0,1,1,100.0,0.67,0.67,0.0,0.0,11.4,0,0,0,0.0,0.0,0.04,0.0,0.0,Matches,ITA-SERIA_A,24-25
5f209d47,63,Federico Cassa,ITA,"MF,FW",Atalanta,18-211,2006,0.2,0,0,0,,0.0,0.0,,,,0,0,0,0.0,0.0,,0.0,0.0,Matches,ITA-SERIA_A,24-25
da76bab4,64,Valentín Castellanos,ARG,FW,Lazio,25-332,1998,2.0,1,11,4,36.4,5.63,2.05,0.09,0.25,16.5,0,0,0,1.0,1.0,0.09,0.0,0.0,Matches,ITA-SERIA_A,24-25
ee5565ae,65,Santiago Castro,ARG,FW,Bologna,19-336,2004,1.9,0,7,2,28.6,3.64,1.04,0.0,0.0,17.4,0,0,0,0.9,0.9,0.13,-0.9,-0.9,Matches,ITA-SERIA_A,24-25
0728bebe,66,Gaetano Castrovilli,ITA,MF,Lazio,27-195,1997,0.0,0,0,0,,0.0,0.0,,,,0,0,0,0.0,0.0,,0.0,0.0,Matches,ITA-SERIA_A,24-25
31a62dc7,67,Zeki Çelik,TUR,DF,Roma,27-195,1997,1.5,0,1,0,0.0,0.67,0.0,0.0,,13.6,0,0,0,0.0,0.0,0.03,0.0,0.0,Matches,ITA-SERIA_A,24-25
1079c685,68,Alberto Cerri,ITA,FW,Como,28-136,1996,0.7,0,2,0,0.0,2.95,0.0,0.0,,7.0,0,0,0,0.7,0.7,0.34,-0.7,-0.7,Matches,ITA-SERIA_A,24-25
0545a08e,69,Walid Cheddira,MAR,FW,Napoli,26-221,1998,0.1,0,0,0,,0.0,0.0,,,,0,0,0,0.0,0.0,,0.0,0.0,Matches,ITA-SERIA_A,24-25
b8a642fc,70,Samuel Chukwueze,NGA,FW,Milan,25-100,1999,0.7,0,2,0,0.0,2.81,0.0,0.0,,24.1,0,0,0,0.1,0.1,0.04,-0.1,-0.1,Matches,ITA-SERIA_A,24-25
20525799,71,Aaron Ciammaglichella,ITA,MF,Torino,19-217,2005,0.0,0,0,0,,0.0,0.0,,,,0,0,0,0.0,0.0,,0.0,0.0,Matches,ITA-SERIA_A,24-25
1223765c,72,Alessandro Circati,AUS,DF,Parma,20-325,2003,2.0,0,0,0,,0.0,0.0,,,,0,0,0,0.0,0.0,,0.0,0.0,Matches,ITA-SERIA_A,24-25
d0ee1652,73,Saúl Coco,EQG,DF,Torino,25-203,1999,2.0,0,0,0,,0.0,0.0,,,,0,0,0,0.0,0.0,,0.0,0.0,Matches,ITA-SERIA_A,24-25
04df29a5,74,Lorenzo Colombo,ITA,FW,Empoli,22-175,2002,1.9,1,3,0,0.0,1.59,0.0,0.0,,14.3,0,1,1,1.6,0.8,0.28,-0.6,-0.8,Matches,ITA-SERIA_A,24-25
6499048c,75,Andrea Colpani,ITA,MF,Fiorentina,25-111,1999,1.1,0,3,2,66.7,2.84,1.89,0.0,0.0,16.7,0,0,0,0.3,0.3,0.1,-0.3,-0.3,Matches,ITA-SERIA_A,24-25
5e3ecc35,76,Pietro Comuzzo,ITA,DF,Fiorentina,19-192,2005,1.7,0,0,0,,0.0,0.0,,,,0,0,0,0.0,0.0,,0.0,0.0,Matches,ITA-SERIA_A,24-25
22ae86f9,77,Diego Coppola,ITA,DF,Hellas Verona,20-246,2003,2.0,0,0,0,,0.0,0.0,,,,0,0,0,0.0,0.0,,0.0,0.0,Matches,ITA-SERIA_A,24-25
85a44ecc,78,Lassana Coulibaly,MLI,MF,Lecce,28-142,1996,0.6,0,0,0,,0.0,0.0,,,,0,0,0,0.0,0.0,,0.0,0.0,Matches,ITA-SERIA_A,24-25
beb6e3a6,79,Woyo Coulibaly,FRA,"DF,FW",Parma,25-102,1999,2.0,0,0,0,,0.0,0.0,,,,0,0,0,0.0,0.0,,0.0,0.0,Matches,ITA-SERIA_A,24-25
16657b95,80,Bryan Cristante,ITA,MF,Roma,29-180,1995,1.7,0,1,0,0.0,0.6,0.0,0.0,,12.4,0,0,0,0.0,0.0,0.02,0.0,0.0,Matches,ITA-SERIA_A,24-25
22cd43d2,81,Domen Črnigoj,SVN,MF,Venezia,28-286,1995,0.2,0,0,0,,0.0,0.0,,,,0,0,0,0.0,0.0,,0.0,0.0,Matches,ITA-SERIA_A,24-25
a4fe8cda,82,Patrick Cutrone,ITA,FW,Como,26-240,1998,1.7,1,4,2,50.0,2.37,1.18,0.25,0.5,17.8,0,0,0,0.6,0.6,0.15,0.4,0.4,Matches,ITA-SERIA_A,24-25
3e092724,83,Wylan Cyprien,FRA,MF,Parma,29-215,1995,0.3,0,1,0,0.0,3.21,0.0,0.0,,15.2,0,0,0,0.2,0.2,0.2,-0.2,-0.2,Matches,ITA-SERIA_A,24-25
007faf7a,84,Lucas Da Cunha,FRA,MF,Como,23-082,2001,1.2,0,1,0,0.0,0.8,0.0,0.0,,16.2,0,0,0,0.0,0.0,0.04,0.0,0.0,Matches,ITA-SERIA_A,24-25
b70afb45,85,Thijs Dallinga,NED,FW,Bologna,24-027,2000,0.1,0,0,0,,0.0,0.0,,,,0,0,0,0.0,0.0,,0.0,0.0,Matches,ITA-SERIA_A,24-25
94b2001f,86,Danilo,BRA,DF,Juventus,33-046,1991,0.1,0,0,0,,0.0,0.0,,,,0,0,0,0.0,0.0,,0.0,0.0,Matches,ITA-SERIA_A,24-25
96e0490d,87,Matteo Darmian,ITA,DF,Inter,34-272,1989,1.5,1,1,1,100.0,0.66,0.66,1.0,1.0,4.7,0,0,0,0.4,0.4,0.44,0.6,0.6,Matches,ITA-SERIA_A,24-25
ef6eef89,88,Juan David Cabal,COL,DF,Juventus,23-235,2001,1.8,0,1,0,0.0,0.54,0.0,0.0,,11.6,0,0,0,0.1,0.1,0.06,-0.1,-0.1,Matches,ITA-SERIA_A,24-25
9deaf2c8,89,Keinan Davis,ENG,FW,Udinese,26-199,1998,0.2,0,0,0,,0.0,0.0,,,,0,0,0,0.0,0.0,,0.0,0.0,Matches,ITA-SERIA_A,24-25
16bb656a,90,Paweł Dawidowicz,POL,DF,Hellas Verona,29-102,1995,2.0,0,0,0,,0.0,0.0,,,,0,0,0,0.0,0.0,,0.0,0.0,Matches,ITA-SERIA_A,24-25
2ef7c612,91,Charles De Ketelaere,BEL,"MF,FW",Atalanta,23-173,2001,1.7,0,6,3,50.0,3.55,1.78,0.0,0.0,13.6,0,0,0,0.7,0.7,0.11,-0.7,-0.7,Matches,ITA-SERIA_A,24-25
f4797849,92,Koni De Winter,BEL,DF,Genoa,22-079,2002,2.0,0,0,0,,0.0,0.0,,,,0,0,0,0.0,0.0,,0.0,0.0,Matches,ITA-SERIA_A,24-25
7f267d66,93,Alessandro Deiola,ITA,MF,Cagliari,29-029,1995,2.0,0,2,0,0.0,1.0,0.0,0.0,,13.5,0,0,0,0.1,0.1,0.03,-0.1,-0.1,Matches,ITA-SERIA_A,24-25
4c6f9258,94,Enrico Del Prato,ITA,"DF,FW",Parma,24-294,1999,0.2,0,0,0,,0.0,0.0,,,,0,0,0,0.0,0.0,,0.0,0.0,Matches,ITA-SERIA_A,24-25
121a4fb8,95,Fisayo Dele-Bashiru,NGA,MF,Lazio,23-206,2001,1.7,0,2,0,0.0,1.21,0.0,0.0,,20.0,0,0,0,0.1,0.1,0.04,-0.1,-0.1,Matches,ITA-SERIA_A,24-25
eb3df7d9,96,Ali Dembélé,FRA,DF,Torino,20-238,2004,0.3,0,0,0,,0.0,0.0,,,,0,0,0,0.0,0.0,,0.0,0.0,Matches,ITA-SERIA_A,24-25
4e0c8d66,97,Michele Di Gregorio,ITA,GK,Juventus,27-034,1997,2.0,0,0,0,,0.0,0.0,,,,0,0,0,0.0,0.0,,0.0,0.0,Matches,ITA-SERIA_A,24-25
230a2fac,98,Giovanni Di Lorenzo,ITA,DF,Napoli,31-026,1993,2.0,1,1,1,100.0,0.5,0.5,1.0,1.0,7.8,0,0,0,0.8,0.8,0.78,0.2,0.2,Matches,ITA-SERIA_A,24-25
244bc2c8,99,Boulaye Dia,SEN,MF,Lazio,27-288,1996,0.3,0,1,0,0.0,2.9,0.0,0.0,,11.1,0,0,0,0.0,0.0,0.04,0.0,0.0,Matches,ITA-SERIA_A,24-25
970b8574,100,Federico Dimarco,ITA,DF,Inter,26-294,1997,1.6,0,7,1,14.3,4.34,0.62,0.0,0.0,18.4,2,0,0,0.5,0.5,0.07,-0.5,-0.5,Matches,ITA-SERIA_A,24-25
6eee05f1,101,Berat Djimsiti,ALB,DF,Atalanta,31-193,1993,2.0,0,2,0,0.0,1.0,0.0,0.0,,11.4,0,0,0,0.2,0.2,0.08,-0.2,-0.2,Matches,ITA-SERIA_A,24-25
b5f7d10b,102,Dodô,BRA,DF,Fiorentina,25-287,1998,2.0,0,3,0,0.0,1.5,0.0,0.0,,16.9,0,0,0,0.0,0.0,0.02,0.0,0.0,Matches,ITA-SERIA_A,24-25
e6536124,103,Patrick Dorgu,DEN,"FW,MF",Lecce,19-309,2004,2.0,0,5,1,20.0,2.5,0.5,0.0,0.0,16.3,0,0,0,0.3,0.3,0.05,-0.3,-0.3,Matches,ITA-SERIA_A,24-25
61efb926,104,Alberto Dossena,ITA,DF,Como,25-322,1998,1.0,0,1,0,0.0,1.02,0.0,0.0,,9.2,0,0,0,0.1,0.1,0.08,-0.1,-0.1,Matches,ITA-SERIA_A,24-25
b74fc282,105,Issa Doumbia,CIV,MF,Venezia,20-319,2003,0.0,0,0,0,,0.0,0.0,,,,0,0,0,0.0,0.0,,0.0,0.0,Matches,ITA-SERIA_A,24-25
5b847bb0,106,Artem Dovbyk,UKR,FW,Roma,27-070,1997,2.0,0,6,2,33.3,3.02,1.01,0.0,0.0,11.5,0,0,0,1.0,1.0,0.17,-1.0,-1.0,Matches,ITA-SERIA_A,24-25
79ca3e23,107,Ondrej Duda,SVK,MF,Hellas Verona,29-269,1994,1.9,0,0,0,,0.0,0.0,,,,0,0,0,0.0,0.0,,0.0,0.0,Matches,ITA-SERIA_A,24-25
481c9ece,108,Denzel Dumfries,NED,DF,Inter,28-134,1996,0.5,0,0,0,,0.0,0.0,,,,0,0,0,0.0,0.0,,0.0,0.0,Matches,ITA-SERIA_A,24-25
528492ea,109,Alfred Duncan,GHA,MF,Venezia,31-173,1993,2.0,0,1,0,0.0,0.5,0.0,0.0,,26.6,0,0,0,0.0,0.0,0.03,0.0,0.0,Matches,ITA-SERIA_A,24-25
e0921a4f,110,Paulo Dybala,ARG,"MF,FW",Roma,30-289,1993,1.2,0,6,0,0.0,4.82,0.0,0.0,,22.8,1,0,0,0.2,0.2,0.04,-0.2,-0.2,Matches,ITA-SERIA_A,24-25
a9202def,111,Éderson,BRA,MF,Atalanta,25-054,1999,1.9,0,2,2,100.0,1.03,1.03,0.0,0.0,11.1,0,0,0,0.3,0.3,0.16,-0.3,-0.3,Matches,ITA-SERIA_A,24-25
76b2817e,112,Kingsley Ehizibue,NED,DF,Udinese,29-097,1995,2.0,0,1,0,0.0,0.5,0.0,0.0,,14.1,0,0,0,0.0,0.0,0.03,0.0,0.0,Matches,ITA-SERIA_A,24-25
faf739d2,113,Jeff Ekhator,ITA,FW,Genoa,17-293,2006,0.1,0,0,0,,0.0,0.0,,,,0,0,0,0.0,0.0,,0.0,0.0,Matches,ITA-SERIA_A,24-25
73d6a176,114,Jurgen Ekkelenkamp,NED,MF,Udinese,24-147,2000,0.4,0,0,0,,0.0,0.0,,,,0,0,0,0.0,0.0,,0.0,0.0,Matches,ITA-SERIA_A,24-25
c20892ee,115,Emmanuel Ekong,SWE,FW,Empoli,22-066,2002,0.1,0,1,0,0.0,9.0,0.0,0.0,,21.2,0,0,0,0.0,0.0,0.02,0.0,0.0,Matches,ITA-SERIA_A,24-25
7afbd2c3,116,Caleb Ekuban,GHA,FW,Genoa,30-160,1994,0.3,0,1,0,0.0,3.91,0.0,0.0,,11.8,0,0,0,0.0,0.0,0.02,0.0,0.0,Matches,ITA-SERIA_A,24-25
c55967eb,117,Mikael Ellertsson,ISL,MF,Venezia,22-172,2002,1.7,0,2,0,0.0,1.16,0.0,0.0,,25.9,0,0,0,0.0,0.0,0.02,0.0,0.0,Matches,ITA-SERIA_A,24-25
df8b52a5,118,Emerson,BRA,DF,Milan,25-229,1999,0.3,0,0,0,,0.0,0.0,,,,0,0,0,0.0,0.0,,0.0,0.0,Matches,ITA-SERIA_A,24-25
fac66db3,119,Yannik Engelhardt,GER,MF,Como,23-205,2001,0.8,0,0,0,,0.0,0.0,,,,0,0,0,0.0,0.0,,0.0,0.0,Matches,ITA-SERIA_A,24-25
0fee6bda,120,Martin Erlic,CRO,DF,Bologna,26-219,1998,1.2,0,0,0,,0.0,0.0,,,,0,0,0,0.0,0.0,,0.0,0.0,Matches,ITA-SERIA_A,24-25
7ff93107,121,Sebastiano Esposito,ITA,MF,Empoli,22-059,2002,1.1,0,5,1,20.0,4.46,0.89,0.0,0.0,18.9,1,0,0,0.3,0.3,0.06,-0.3,-0.3,Matches,ITA-SERIA_A,24-25
cec60a2f,122,Nahuel Estévez,ARG,MF,Parma,28-290,1995,1.8,0,2,1,50.0,1.1,0.55,0.0,0.0,23.5,0,0,0,0.0,0.0,0.02,0.0,0.0,Matches,ITA-SERIA_A,24-25
f97f9188,123,Giovanni Fabbian,ITA,MF,Bologna,21-229,2003,1.1,0,3,0,0.0,2.67,0.0,0.0,,13.6,0,0,0,0.2,0.2,0.06,-0.2,-0.2,Matches,ITA-SERIA_A,24-25
366be751,124,Nicolò Fagioli,ITA,MF,Juventus,23-200,2001,1.3,0,1,0,0.0,0.79,0.0,0.0,,19.2,0,0,0,0.0,0.0,0.02,0.0,0.0,Matches,ITA-SERIA_A,24-25
9f5a610b,125,Wladimiro Falcone,ITA,GK,Lecce,29-140,1995,2.0,0,0,0,,0.0,0.0,,,,0,0,0,0.0,0.0,,0.0,0.0,Matches,ITA-SERIA_A,24-25
06b08c45,126,Jacopo Fazzini,ITA,MF,Empoli,21-167,2003,1.9,0,3,1,33.3,1.58,0.53,0.0,0.0,13.3,0,0,0,0.2,0.2,0.06,-0.2,-0.2,Matches,ITA-SERIA_A,24-25
822d51d7,127,Youssouf Fofana,FRA,MF,Milan,25-233,1999,0.3,0,0,0,,0.0,0.0,,,,0,0,0,0.0,0.0,,0.0,0.0,Matches,ITA-SERIA_A,24-25
2a7d27c1,128,Davide Frattesi,ITA,MF,Inter,24-313,1999,0.5,0,1,0,0.0,2.05,0.0,0.0,,10.0,0,0,0,0.1,0.1,0.06,-0.1,-0.1,Matches,ITA-SERIA_A,24-25
f4d60499,129,Morten Frendrup,DEN,MF,Genoa,23-145,2001,2.0,0,2,1,50.0,1.0,0.5,0.0,0.0,27.7,0,0,0,0.1,0.1,0.03,-0.1,-0.1,Matches,ITA-SERIA_A,24-25
b910e9c0,130,Martin Frese,DEN,DF,Hellas Verona,26-239,1998,1.0,0,0,0,,0.0,0.0,,,,0,0,0,0.0,0.0,,0.0,0.0,Matches,ITA-SERIA_A,24-25
98d2c2c4,131,Remo Freuler,SUI,MF,Bologna,32-137,1992,2.0,0,0,0,,0.0,0.0,,,,0,0,0,0.0,0.0,,0.0,0.0,Matches,ITA-SERIA_A,24-25
181cb492,132,Alessandro Gabrielloni,ITA,FW,Como,30-051,1994,0.4,0,1,0,0.0,2.57,0.0,0.0,,27.4,0,0,0,0.0,0.0,0.02,0.0,0.0,Matches,ITA-SERIA_A,24-25
ce30bfc8,133,Roberto Gagliardini,ITA,"MF,DF",Monza,30-145,1994,0.7,0,0,0,,0.0,0.0,,,,0,0,0,0.0,0.0,,0.0,0.0,Matches,ITA-SERIA_A,24-25
c74d63ac,134,Antonino Gallo,ITA,DF,Lecce,24-238,2000,2.0,0,1,0,0.0,0.5,0.0,0.0,,31.9,1,0,0,0.0,0.0,0.03,0.0,0.0,Matches,ITA-SERIA_A,24-25
34e4dc3b,135,Gaspar,ANG,DF,Lecce,26-338,1997,2.0,0,1,0,0.0,0.5,0.0,0.0,,8.7,0,0,0,0.1,0.1,0.07,-0.1,-0.1,Matches,ITA-SERIA_A,24-25
18dd3219,136,Federico Gatti,ITA,DF,Juventus,26-067,1998,1.9,0,0,0,,0.0,0.0,,,,0,0,0,0.0,0.0,,0.0,0.0,Matches,ITA-SERIA_A,24-25
822ed0ec,137,Valentin Gendrey,FRA,DF,Lecce,24-070,2000,2.0,0,2,0,0.0,1.0,0.0,0.0,,12.2,0,0,0,0.2,0.2,0.09,-0.2,-0.2,Matches,ITA-SERIA_A,24-25
e08ac719,138,Lautaro Gianetti,ARG,DF,Udinese,30-291,1993,1.8,1,1,1,100.0,0.55,0.55,1.0,1.0,5.9,0,0,0,0.1,0.0,0.0,0.9,1.0,Matches,ITA-SERIA_A,24-25
9f7c837d,139,Ben Godfrey,ENG,DF,Atalanta,26-228,1998,0.3,0,0,0,,0.0,0.0,,,,0,0,0,0.0,0.0,,0.0,0.0,Matches,ITA-SERIA_A,24-25
4b029b31,140,Edoardo Goldaniga,ITA,DF,Como,30-302,1993,1.0,0,0,0,,0.0,0.0,,,,0,0,0,0.0,0.0,,0.0,0.0,Matches,ITA-SERIA_A,24-25
f0f7f62f,141,Pierluigi Gollini,ITA,GK,Genoa,29-165,1995,2.0,0,0,0,,0.0,0.0,,,,0,0,0,0.0,0.0,,0.0,0.0,Matches,ITA-SERIA_A,24-25
5ea8ef20,142,Mattéo Guendouzi,FRA,MF,Lazio,25-138,1999,2.0,0,1,0,0.0,0.51,0.0,0.0,,30.5,0,0,0,0.0,0.0,0.02,0.0,0.0,Matches,ITA-SERIA_A,24-25
f9758dae,143,Emmanuel Gyasi,GHA,DF,Empoli,30-232,1994,2.0,1,3,2,66.7,1.5,1.0,0.33,0.5,8.5,0,0,0,0.9,0.9,0.28,0.1,0.1,Matches,ITA-SERIA_A,24-25
9250bcff,144,Christian Gytkjær,DEN,FW,Venezia,34-116,1990,1.4,0,1,0,0.0,0.69,0.0,0.0,,22.2,0,0,0,0.0,0.0,0.04,0.0,0.0,Matches,ITA-SERIA_A,24-25
fa449bba,145,Nicolas Haas,SUI,MF,Empoli,28-220,1996,0.4,0,0,0,,0.0,0.0,,,,0,0,0,0.0,0.0,,0.0,0.0,Matches,ITA-SERIA_A,24-25
6503f220,146,Antoine Hainaut,FRA,FW,Parma,22-194,2002,0.3,0,0,0,,0.0,0.0,,,,0,0,0,0.0,0.0,,0.0,0.0,Matches,ITA-SERIA_A,24-25
c8d7131c,147,Ridgeciano Haps,SUR,DF,Venezia,31-079,1993,0.4,0,3,1,33.3,7.11,2.37,0.0,0.0,13.2,0,0,0,0.3,0.3,0.11,-0.3,-0.3,Matches,ITA-SERIA_A,24-25
65fd099c,148,Abdou Harroui,NED,"FW,MF",Hellas Verona,26-230,1998,0.5,0,2,0,0.0,4.09,0.0,0.0,,17.6,0,0,0,0.2,0.2,0.08,-0.2,-0.2,Matches,ITA-SERIA_A,24-25
d7918b13,149,Liam Henderson,SCO,MF,Empoli,28-127,1996,2.0,0,2,0,0.0,1.0,0.0,0.0,,29.0,0,0,0,0.0,0.0,0.02,0.0,0.0,Matches,ITA-SERIA_A,24-25
d4c9725f,150,Theo Hernández,FRA,DF,Milan,26-329,1997,1.3,0,4,0,0.0,2.98,0.0,0.0,,24.9,0,0,0,0.1,0.1,0.03,-0.1,-0.1,Matches,ITA-SERIA_A,24-25
12806697,151,Isak Hien,SWE,DF,Atalanta,25-230,1999,1.8,0,0,0,,0.0,0.0,,,,0,0,0,0.0,0.0,,0.0,0.0,Matches,ITA-SERIA_A,24-25
2f3452eb,152,Elseid Hysaj,ALB,DF,Lazio,30-192,1994,0.1,0,0,0,,0.0,0.0,,,,0,0,0,0.0,0.0,,0.0,0.0,Matches,ITA-SERIA_A,24-25
a54ef587,153,Jay Idzes,IDN,DF,Venezia,24-089,2000,0.7,0,1,0,0.0,1.34,0.0,0.0,,9.2,0,0,0,0.1,0.1,0.11,-0.1,-0.1,Matches,ITA-SERIA_A,24-25
42eaa028,154,Jonathan Ikone,FRA,MF,Fiorentina,26-120,1998,0.3,0,1,0,0.0,2.9,0.0,0.0,,30.8,0,0,0,0.0,0.0,0.01,0.0,0.0,Matches,ITA-SERIA_A,24-25
bb376bed,155,Ivan Ilić,SRB,MF,Torino,23-166,2001,1.8,1,3,2,66.7,1.69,1.13,0.33,0.5,20.5,1,0,0,0.6,0.6,0.2,0.4,0.4,Matches,ITA-SERIA_A,24-25
083d7173,156,Alessio Iovine,ITA,DF,Como,33-211,1991,1.0,0,0,0,,0.0,0.0,,,,0,0,0,0.0,0.0,,0.0,0.0,Matches,ITA-SERIA_A,24-25
5715bb71,157,Gustav Isaksen,DEN,FW,Lazio,23-133,2001,0.5,1,1,1,100.0,2.0,2.0,1.0,1.0,4.8,0,0,0,0.6,0.6,0.55,0.4,0.4,Matches,ITA-SERIA_A,24-25
6b635f5c,158,Ardian Ismajli,ALB,DF,Empoli,27-335,1996,2.0,0,1,0,0.0,0.5,0.0,0.0,,10.4,0,0,0,0.0,0.0,0.01,0.0,0.0,Matches,ITA-SERIA_A,24-25
89976232,159,Armando Izzo,ITA,DF,Monza,32-181,1992,1.8,0,1,0,0.0,0.55,0.0,0.0,,12.1,0,0,0,0.0,0.0,0.02,0.0,0.0,Matches,ITA-SERIA_A,24-25
79083382,160,Juan Jesus,BRA,DF,Napoli,33-081,1991,0.9,0,1,0,0.0,1.15,0.0,0.0,,5.6,0,0,0,0.1,0.1,0.11,-0.1,-0.1,Matches,ITA-SERIA_A,24-25
7f66ea09,161,Jesse Joronen,FIN,GK,Venezia,31-162,1993,2.0,0,0,0,,0.0,0.0,,,,0,0,0,0.0,0.0,,0.0,0.0,Matches,ITA-SERIA_A,24-25
4d8cd038,162,Luka Jović,SRB,FW,Milan,26-251,1997,0.7,0,1,0,0.0,1.41,0.0,0.0,,10.6,0,0,0,0.1,0.1,0.07,-0.1,-0.1,Matches,ITA-SERIA_A,24-25
914ab9a1,163,Christian Kabasele,BEL,DF,Udinese,33-188,1991,0.2,0,0,0,,0.0,0.0,,,,0,0,0,0.0,0.0,,0.0,0.0,Matches,ITA-SERIA_A,24-25
85f7d1be,164,Pierre Kalulu,FRA,DF,Juventus,24-086,2000,0.2,0,0,0,,0.0,0.0,,,,0,0,0,0.0,0.0,,0.0,0.0,Matches,ITA-SERIA_A,24-25
19a12bed,165,Hassane Kamara,CIV,DF,Udinese,30-178,1994,1.6,0,0,0,,0.0,0.0,,,,0,0,0,0.0,0.0,,0.0,0.0,Matches,ITA-SERIA_A,24-25
8b66d9cc,166,Yann Karamoh,FRA,FW,Torino,26-053,1998,0.2,0,0,0,,0.0,0.0,,,,0,0,0,0.0,0.0,,0.0,0.0,Matches,ITA-SERIA_A,24-25
7952d0c2,167,Jesper Karlsson,SWE,FW,Bologna,26-036,1998,0.3,0,0,0,,0.0,0.0,,,,0,0,0,0.0,0.0,,0.0,0.0,Matches,ITA-SERIA_A,24-25
e0a1f4eb,168,Jesper Karlström,SWE,MF,Udinese,29-070,1995,1.4,0,0,0,,0.0,0.0,,,,0,0,0,0.0,0.0,,0.0,0.0,Matches,ITA-SERIA_A,24-25
2a82aa85,169,Grigoris Kastanos,CYP,FW,Hellas Verona,26-213,1998,0.6,0,1,0,0.0,1.58,0.0,0.0,,21.7,0,0,0,0.0,0.0,0.03,0.0,0.0,Matches,ITA-SERIA_A,24-25
e19660a8,170,Michael Kayode,ITA,DF,Fiorentina,20-051,2004,0.2,0,1,0,0.0,5.0,0.0,0.0,,11.4,0,0,0,0.1,0.1,0.1,-0.1,-0.1,Matches,ITA-SERIA_A,24-25
3d50bcdb,171,Moise Kean,ITA,FW,Fiorentina,24-184,2000,1.9,0,5,2,40.0,2.68,1.07,0.0,0.0,17.7,0,0,0,0.4,0.4,0.09,-0.4,-0.4,Matches,ITA-SERIA_A,24-25
a4731ebc,172,Magnus Kofod Andersen,DEN,MF,Venezia,25-112,1999,1.7,1,2,1,50.0,1.18,0.59,0.5,1.0,21.8,0,0,0,0.1,0.1,0.04,0.9,0.9,Matches,ITA-SERIA_A,24-25
58e933d2,173,Christian Kouamé,CIV,MF,Fiorentina,26-268,1997,1.6,0,1,1,100.0,0.62,0.62,0.0,0.0,10.7,0,0,0,0.2,0.2,0.16,-0.2,-0.2,Matches,ITA-SERIA_A,24-25
473803c9,174,Nikola Krstović,MNE,FW,Lecce,24-147,2000,1.7,0,6,1,16.7,3.53,0.59,0.0,0.0,14.3,0,0,0,0.4,0.4,0.07,-0.4,-0.4,Matches,ITA-SERIA_A,24-25
dea88efd,175,Khvicha Kvaratskhelia,GEO,MF,Napoli,23-200,2001,1.5,1,5,2,40.0,3.36,1.34,0.2,0.5,17.1,0,0,0,0.3,0.3,0.05,0.7,0.7,Matches,ITA-SERIA_A,24-25
0a483542,176,Giorgos Kyriakopoulos,GRE,DF,Monza,28-207,1996,2.0,0,1,1,100.0,0.5,0.5,0.0,0.0,22.9,0,0,0,0.1,0.1,0.06,-0.1,-0.1,Matches,ITA-SERIA_A,24-25
2ead2809,177,Gianluca Lapadula,PER,FW,Cagliari,34-205,1990,0.3,0,1,1,100.0,3.1,3.1,0.0,0.0,16.5,0,0,0,0.1,0.1,0.08,-0.1,-0.1,Matches,ITA-SERIA_A,24-25
016ff750,178,Valentino Lazaro,AUT,DF,Torino,28-159,1996,2.0,0,3,0,0.0,1.53,0.0,0.0,,16.5,0,0,0,0.3,0.3,0.1,-0.3,-0.3,Matches,ITA-SERIA_A,24-25
5128bde4,179,Darko Lazović,SRB,MF,Hellas Verona,33-350,1990,1.7,0,1,0,0.0,0.59,0.0,0.0,,13.7,0,0,0,0.2,0.2,0.19,-0.2,-0.2,Matches,ITA-SERIA_A,24-25
02caf6e0,180,Manuel Lazzari,ITA,DF,Lazio,30-275,1993,2.0,0,0,0,,0.0,0.0,,,,0,0,0,0.0,0.0,,0.0,0.0,Matches,ITA-SERIA_A,24-25
6f806d99,181,Enzo Le Fée,FRA,MF,Roma,24-209,2000,1.0,0,3,1,33.3,3.03,1.01,0.0,0.0,25.0,0,0,0,0.2,0.2,0.06,-0.2,-0.2,Matches,ITA-SERIA_A,24-25
20730eae,182,Rafael Leão,POR,FW,Milan,25-081,1999,2.0,0,11,2,18.2,5.5,1.0,0.0,0.0,18.4,0,0,0,1.2,1.2,0.11,-1.2,-1.2,Matches,ITA-SERIA_A,24-25
c149e8a6,183,Nunzio Lella,ITA,MF,Venezia,24-033,2000,0.1,0,0,0,,0.0,0.0,,,,0,0,0,0.0,0.0,,0.0,0.0,Matches,ITA-SERIA_A,24-25
d023d70f,184,Karol Linetty,POL,MF,Torino,29-210,1995,2.0,0,0,0,,0.0,0.0,,,,0,0,0,0.0,0.0,,0.0,0.0,Matches,ITA-SERIA_A,24-25
c115db1e,185,Dailon Livramento,CPV,FW,Hellas Verona,23-118,2001,1.4,1,1,1,100.0,0.7,0.7,1.0,1.0,9.9,0,0,0,0.4,0.4,0.36,0.6,0.6,Matches,ITA-SERIA_A,24-25
e1cbb531,186,Stanislav Lobotka,SVK,MF,Napoli,29-279,1994,2.0,0,1,0,0.0,0.5,0.0,0.0,,18.1,0,0,0,0.2,0.2,0.16,-0.2,-0.2,Matches,ITA-SERIA_A,24-25
a8a874f1,187,Manuel Locatelli,ITA,MF,Juventus,26-235,1998,1.9,0,1,1,100.0,0.54,0.54,0.0,0.0,29.5,0,0,0,0.0,0.0,0.02,0.0,0.0,Matches,ITA-SERIA_A,24-25
e97fd090,188,Ruben Loftus-Cheek,ENG,MF,Milan,28-220,1996,2.0,0,0,0,,0.0,0.0,,,,0,0,0,0.0,0.0,,0.0,0.0,Matches,ITA-SERIA_A,24-25
966eea58,189,Sandi Lovrić,SVN,MF,Udinese,26-155,1998,0.9,0,1,0,0.0,1.1,0.0,0.0,,31.1,0,0,0,0.0,0.0,0.03,0.0,0.0,Matches,ITA-SERIA_A,24-25
83c06f3a,190,Lorenzo Lucca,ITA,FW,Udinese,23-355,2000,1.9,1,2,1,50.0,1.05,0.52,0.5,1.0,16.5,0,0,0,0.2,0.2,0.12,0.8,0.8,Matches,ITA-SERIA_A,24-25
80490d7f,191,Jhon Lucumí,COL,DF,Bologna,26-065,1998,0.8,0,0,0,,0.0,0.0,,,,0,0,0,0.0,0.0,,0.0,0.0,Matches,ITA-SERIA_A,24-25
921f6058,192,José Luis Palomino,ARG,DF,Cagliari,34-238,1990,0.3,0,0,0,,0.0,0.0,,,,0,0,0,0.0,0.0,,0.0,0.0,Matches,ITA-SERIA_A,24-25
6f7d826d,193,Douglas Luiz,BRA,MF,Juventus,26-113,1998,0.4,0,1,1,100.0,2.65,2.65,0.0,0.0,25.7,0,0,0,0.0,0.0,0.02,0.0,0.0,Matches,ITA-SERIA_A,24-25
997fff07,194,Sebastiano Luperto,ITA,DF,Cagliari,27-359,1996,2.0,0,0,0,,0.0,0.0,,,,0,0,0,0.0,0.0,,0.0,0.0,Matches,ITA-SERIA_A,24-25
b09e0873,195,Zito Luvumbo,ANG,FW,Cagliari,22-174,2002,1.5,0,2,0,0.0,1.32,0.0,0.0,,20.7,0,0,0,0.1,0.1,0.06,-0.1,-0.1,Matches,ITA-SERIA_A,24-25
5efc5389,196,Charalambos Lykogiannis,GRE,DF,Bologna,30-313,1993,1.6,0,0,0,,0.0,0.0,,,,0,0,0,0.0,0.0,,0.0,0.0,Matches,ITA-SERIA_A,24-25
cce9f582,197,Giangiacomo Magnani,ITA,DF,Hellas Verona,28-331,1995,1.0,0,2,0,0.0,2.05,0.0,0.0,,22.5,0,0,0,0.0,0.0,0.02,0.0,0.0,Matches,ITA-SERIA_A,24-25
fcb38f57,198,Mike Maignan,FRA,GK,Milan,29-058,1995,2.0,0,0,0,,0.0,0.0,,,,0,0,0,0.0,0.0,,0.0,0.0,Matches,ITA-SERIA_A,24-25
801831fe,199,Daniel Maldini,ITA,MF,Monza,22-324,2001,1.4,0,3,1,33.3,2.21,0.74,0.0,0.0,26.6,0,0,0,0.1,0.1,0.03,-0.1,-0.1,Matches,ITA-SERIA_A,24-25
4c8845f7,200,Youssef Maleh,MAR,MF,Empoli,26-008,1998,1.6,0,1,0,0.0,0.62,0.0,0.0,,25.1,0,0,0,0.0,0.0,0.03,0.0,0.0,Matches,ITA-SERIA_A,24-25
48d5bd33,201,Ruslan Malinovskyi,UKR,"MF,FW",Genoa,31-118,1993,1.1,0,2,0,0.0,1.82,0.0,0.0,,27.1,0,0,0,0.0,0.0,0.02,0.0,0.0,Matches,ITA-SERIA_A,24-25
2079b3cc,202,Dennis Man,ROU,FW,Parma,26-004,1998,1.5,2,5,2,40.0,3.28,1.31,0.4,1.0,13.2,0,0,0,0.8,0.8,0.16,1.2,1.2,Matches,ITA-SERIA_A,24-25
5aa53281,203,Gianluca Mancini,ITA,DF,Roma,28-135,1996,2.0,0,3,1,33.3,1.5,0.5,0.0,0.0,16.5,0,0,0,0.1,0.1,0.03,-0.1,-0.1,Matches,ITA-SERIA_A,24-25
c7259b83,204,Rolando Mandragora,ITA,MF,Fiorentina,27-062,1997,0.9,0,4,2,50.0,4.24,2.12,0.0,0.0,29.2,0,0,0,0.1,0.1,0.02,-0.1,-0.1,Matches,ITA-SERIA_A,24-25
08cda374,205,Alberto Manzoni,ITA,MF,Atalanta,19-066,2005,0.1,0,1,0,0.0,15.0,0.0,0.0,,23.7,0,0,0,0.1,0.1,0.06,-0.1,-0.1,Matches,ITA-SERIA_A,24-25
55a88fd9,206,Filip Marchwiński,POL,MF,Lecce,22-233,2002,0.2,0,0,0,,0.0,0.0,,,,0,0,0,0.0,0.0,,0.0,0.0,Matches,ITA-SERIA_A,24-25
aa54ec6f,207,Pablo Marí,ESP,DF,Monza,30-365,1993,2.0,0,2,0,0.0,1.0,0.0,0.0,,9.3,0,0,0,0.2,0.2,0.08,-0.2,-0.2,Matches,ITA-SERIA_A,24-25
7fac99d4,208,Răzvan Marin,ROU,MF,Cagliari,28-099,1996,2.0,0,4,3,75.0,2.0,1.5,0.0,0.0,20.6,0,0,0,0.2,0.2,0.06,-0.2,-0.2,Matches,ITA-SERIA_A,24-25
2f3e911a,209,Aarón Martín,ESP,DF,Genoa,27-130,1997,2.0,0,1,0,0.0,0.5,0.0,0.0,,35.3,0,0,0,0.0,0.0,0.02,0.0,0.0,Matches,ITA-SERIA_A,24-25
f7036e1c,210,Lautaro Martínez,ARG,"FW,MF",Inter,27-008,1997,0.9,0,1,1,100.0,1.06,1.06,0.0,0.0,8.2,0,0,0,0.3,0.3,0.32,-0.3,-0.3,Matches,ITA-SERIA_A,24-25
3ec3c1c9,211,Lucas Martínez Quarta,ARG,DF,Fiorentina,28-112,1996,0.8,0,1,0,0.0,1.25,0.0,0.0,,28.3,0,0,0,0.0,0.0,0.01,0.0,0.0,Matches,ITA-SERIA_A,24-25
d4535821,212,Adam Marušić,MNE,DF,Lazio,31-318,1992,1.9,0,1,1,100.0,0.53,0.53,0.0,0.0,22.0,0,0,0,0.0,0.0,0.03,0.0,0.0,Matches,ITA-SERIA_A,24-25
de0f152c,213,Adam Masina,MAR,DF,Torino,30-241,1994,2.0,0,0,0,,0.0,0.0,,,,0,0,0,0.0,0.0,,0.0,0.0,Matches,ITA-SERIA_A,24-25
dc61b402,214,Luca Mazzitelli,ITA,MF,Como,28-289,1995,0.8,0,0,0,,0.0,0.0,,,,0,0,0,0.0,0.0,,0.0,0.0,Matches,ITA-SERIA_A,24-25
eb0ec070,215,Pasquale Mazzocchi,ITA,DF,Napoli,29-034,1995,1.8,0,1,0,0.0,0.54,0.0,0.0,,15.3,0,0,0,0.1,0.1,0.09,-0.1,-0.1,Matches,ITA-SERIA_A,24-25
3e25e70c,216,Samuel Mbangula,BEL,FW,Juventus,20-227,2004,1.8,1,1,1,100.0,0.57,0.57,1.0,1.0,18.1,0,0,0,0.1,0.1,0.11,0.9,0.9,Matches,ITA-SERIA_A,24-25
9413b19f,217,Alex Meret,ITA,GK,Napoli,27-161,1997,2.0,0,0,0,,0.0,0.0,,,,0,0,0,0.0,0.0,,0.0,0.0,Matches,ITA-SERIA_A,24-25
f49c4ae9,218,Junior Messias,BRA,"FW,MF",Genoa,33-109,1991,2.0,1,3,2,66.7,1.5,1.0,0.33,0.5,25.1,0,0,1,1.0,0.1,0.02,0.0,0.9,Matches,ITA-SERIA_A,24-25
81a4c239,219,Valentin Mihaila,ROU,FW,Parma,24-210,2000,1.5,0,5,2,40.0,3.38,1.35,0.0,0.0,12.6,0,0,0,1.0,1.0,0.21,-1.0,-1.0,Matches,ITA-SERIA_A,24-25
9fa26bc2,220,Vanja Milinković-Savić,SRB,GK,Torino,27-192,1997,2.0,0,0,0,,0.0,0.0,,,,0,0,0,0.0,0.0,,0.0,0.0,Matches,ITA-SERIA_A,24-25
6d5701f2,221,Yerry Mina,COL,DF,Cagliari,29-342,1994,0.7,0,1,0,0.0,1.36,0.0,0.0,,10.4,0,0,0,0.0,0.0,0.03,0.0,0.0,Matches,ITA-SERIA_A,24-25
ead61f73,222,Juan Miranda,ESP,DF,Bologna,24-224,2000,0.4,0,1,1,100.0,2.57,2.57,0.0,0.0,30.9,0,0,0,0.0,0.0,0.03,0.0,0.0,Matches,ITA-SERIA_A,24-25
dd0daf32,223,Henrikh Mkhitaryan,ARM,MF,Inter,35-222,1989,1.7,0,1,0,0.0,0.58,0.0,0.0,,20.9,0,0,0,0.1,0.1,0.07,-0.1,-0.1,Matches,ITA-SERIA_A,24-25
c1d95617,224,Lorenzo Montipò,ITA,GK,Hellas Verona,28-192,1996,2.0,0,0,0,,0.0,0.0,,,,0,0,0,0.0,0.0,,0.0,0.0,Matches,ITA-SERIA_A,24-25
129af0db,225,Álvaro Morata,ESP,FW,Milan,31-312,1992,0.3,1,1,1,100.0,2.9,2.9,1.0,1.0,10.8,0,0,0,0.1,0.1,0.08,0.9,0.9,Matches,ITA-SERIA_A,24-25
11b9265b,226,Alberto Moreno,ESP,DF,Como,32-056,1992,2.0,0,1,1,100.0,0.5,0.5,0.0,0.0,29.3,0,0,0,0.0,0.0,0.02,0.0,0.0,Matches,ITA-SERIA_A,24-25
004d185e,227,Tete Morente,ESP,"FW,MF",Lecce,27-270,1996,0.8,0,0,0,,0.0,0.0,,,,0,0,0,0.0,0.0,,0.0,0.0,Matches,ITA-SERIA_A,24-25
ff579c7e,228,Nikola Moro,CRO,MF,Bologna,26-171,1998,1.8,0,3,0,0.0,1.64,0.0,0.0,,19.3,0,0,0,0.2,0.2,0.05,-0.2,-0.2,Matches,ITA-SERIA_A,24-25
091b9eb8,229,Daniel Mosquera,COL,FW,Hellas Verona,24-315,1999,0.8,2,5,3,60.0,6.16,3.7,0.4,0.67,13.1,0,0,0,1.3,1.3,0.26,0.7,0.7,Matches,ITA-SERIA_A,24-25
efc9e31f,230,Dany Mota,POR,MF,Monza,26-120,1998,1.1,0,0,0,,0.0,0.0,,,,0,0,0,0.0,0.0,,0.0,0.0,Matches,ITA-SERIA_A,24-25
b51b1b9c,231,Yunus Musah,USA,MF,Milan,21-275,2002,0.9,0,6,0,0.0,6.43,0.0,0.0,,24.2,0,0,0,0.2,0.2,0.03,-0.2,-0.2,Matches,ITA-SERIA_A,24-25
a111cf41,232,Juan Musso,ARG,GK,Atalanta,30-116,1994,1.0,0,0,0,,0.0,0.0,,,,0,0,0,0.0,0.0,,0.0,0.0,Matches,ITA-SERIA_A,24-25
441197b8,233,Obite N'Dicka,CIV,DF,Roma,25-010,1999,2.0,0,0,0,,0.0,0.0,,,,0,0,0,0.0,0.0,,0.0,0.0,Matches,ITA-SERIA_A,24-25
599d91d0,234,Michel Ndary Adopo,FRA,MF,Cagliari,24-042,2000,0.6,0,1,0,0.0,1.8,0.0,0.0,,18.5,0,0,0,0.0,0.0,0.03,0.0,0.0,Matches,ITA-SERIA_A,24-25
8e697a8f,235,Dan Ndoye,SUI,FW,Bologna,23-310,2000,1.7,0,5,0,0.0,3.02,0.0,0.0,,12.8,0,0,0,1.1,1.1,0.23,-1.1,-1.1,Matches,ITA-SERIA_A,24-25
4f1e6a0b,236,David Neres,BRA,MF,Napoli,27-180,1997,0.0,0,0,0,,0.0,0.0,,,,0,0,0,0.0,0.0,,0.0,0.0,Matches,ITA-SERIA_A,24-25
2b8360f1,237,Cyril Ngonge,BEL,DF,Napoli,24-096,2000,0.1,0,2,2,100.0,15.0,15.0,0.0,0.0,20.9,0,0,0,0.1,0.1,0.03,-0.1,-0.1,Matches,ITA-SERIA_A,24-25
b136c945,238,Hans Nicolussi Caviglia,ITA,MF,Venezia,24-073,2000,0.3,0,0,0,,0.0,0.0,,,,0,0,0,0.0,0.0,,0.0,0.0,Matches,ITA-SERIA_A,24-25
2f067cf2,239,Tijjani Noslin,NED,FW,Lazio,25-054,1999,1.5,0,1,0,0.0,0.67,0.0,0.0,,18.0,0,0,0,0.0,0.0,0.04,0.0,0.0,Matches,ITA-SERIA_A,24-25
aa25ce92,240,Adam Obert,SVK,DF,Cagliari,22-007,2002,0.1,0,0,0,,0.0,0.0,,,,0,0,0,0.0,0.0,,0.0,0.0,Matches,ITA-SERIA_A,24-25
75374ee7,241,Jens Odgaard,DEN,FW,Bologna,25-152,1999,0.3,0,0,0,,0.0,0.0,,,,0,0,0,0.0,0.0,,0.0,0.0,Matches,ITA-SERIA_A,24-25
ca607d59,242,Noah Okafor,SUI,FW,Milan,24-098,2000,1.0,1,4,2,50.0,3.87,1.94,0.25,0.5,11.8,0,0,0,0.6,0.6,0.15,0.4,0.4,Matches,ITA-SERIA_A,24-25
ab5c36dd,243,Maduka Okoye,NGA,GK,Udinese,25-002,1999,2.0,0,0,0,,0.0,0.0,,,,0,0,0,0.0,0.0,,0.0,0.0,Matches,ITA-SERIA_A,24-25
41c12f75,244,Mathías Olivera,URU,DF,Napoli,26-304,1997,1.4,0,0,0,,0.0,0.0,,,,0,0,0,0.0,0.0,,0.0,0.0,Matches,ITA-SERIA_A,24-25
5cfc74fc,245,Gaetano Oristanio,ITA,MF,Venezia,21-337,2002,1.1,0,0,0,,0.0,0.0,,,,0,0,0,0.0,0.0,,0.0,0.0,Matches,ITA-SERIA_A,24-25
e14ec482,246,Riccardo Orsolini,ITA,FW,Bologna,27-219,1997,1.5,1,5,2,40.0,3.28,1.31,0.0,0.0,16.7,0,1,1,1.4,0.6,0.12,-0.4,-0.6,Matches,ITA-SERIA_A,24-25
1f1828dd,247,Marco Palestra,ITA,DF,Atalanta,19-180,2005,0.2,0,0,0,,0.0,0.0,,,,0,0,0,0.0,0.0,,0.0,0.0,Matches,ITA-SERIA_A,24-25
dff153a4,248,Leandro Paredes,ARG,MF,Roma,30-062,1994,0.7,0,1,0,0.0,1.45,0.0,0.0,,14.5,0,0,0,0.0,0.0,0.04,0.0,0.0,Matches,ITA-SERIA_A,24-25
0967845b,249,Fabiano Parisi,ITA,DF,Fiorentina,23-295,2000,1.3,0,2,2,100.0,1.49,1.49,0.0,0.0,15.5,0,0,0,0.1,0.1,0.04,-0.1,-0.1,Matches,ITA-SERIA_A,24-25
e599253a,250,Mario Pašalić,CRO,MF,Atalanta,29-203,1995,2.0,0,5,1,20.0,2.51,0.5,0.0,0.0,13.3,0,0,1,1.4,0.6,0.13,-1.4,-0.6,Matches,ITA-SERIA_A,24-25
f7223718,251,Patric,ESP,DF,Lazio,31-135,1993,0.5,0,0,0,,0.0,0.0,,,,0,0,0,0.0,0.0,,0.0,0.0,Matches,ITA-SERIA_A,24-25
45a03961,252,Benjamin Pavard,FRA,DF,Inter,28-155,1996,1.0,0,0,0,,0.0,0.0,,,,0,0,0,0.0,0.0,,0.0,0.0,Matches,ITA-SERIA_A,24-25
25146df0,253,Strahinja Pavlović,SRB,DF,Milan,23-098,2001,1.0,0,2,1,50.0,2.0,1.0,0.0,0.0,10.0,0,0,0,0.2,0.2,0.1,-0.2,-0.2,Matches,ITA-SERIA_A,24-25
d37b0350,254,Leonardo Pavoletti,ITA,FW,Cagliari,35-278,1988,0.3,0,1,0,0.0,3.0,0.0,0.0,,21.3,0,0,0,0.1,0.1,0.07,-0.1,-0.1,Matches,ITA-SERIA_A,24-25
bdbff2b5,255,Martín Payero,ARG,MF,Udinese,25-354,1998,1.7,0,2,0,0.0,1.16,0.0,0.0,,21.1,0,0,0,0.1,0.1,0.06,-0.1,-0.1,Matches,ITA-SERIA_A,24-25
01bb93d5,256,Nicolás Paz,ARG,MF,Como,19-357,2004,0.4,0,1,0,0.0,2.73,0.0,0.0,,12.0,0,0,0,0.0,0.0,0.01,0.0,0.0,Matches,ITA-SERIA_A,24-25
3ca7254a,257,Pedro,ESP,FW,Lazio,37-033,1987,0.0,0,0,0,,0.0,0.0,,,,0,0,0,0.0,0.0,,0.0,0.0,Matches,ITA-SERIA_A,24-25
4a5a45c7,258,Lorenzo Pellegrini,ITA,MF,Roma,28-072,1996,2.0,0,6,2,33.3,3.0,1.0,0.0,0.0,17.6,0,0,0,0.4,0.4,0.07,-0.4,-0.4,Matches,ITA-SERIA_A,24-25
c77be0cf,259,Pedro Pereira,POR,DF,Monza,26-221,1998,0.1,0,0,0,,0.0,0.0,,,,0,0,0,0.0,0.0,,0.0,0.0,Matches,ITA-SERIA_A,24-25
f7c491f1,260,Nehuén Pérez,ARG,DF,Udinese,24-067,2000,2.0,0,0,0,,0.0,0.0,,,,0,0,0,0.0,0.0,,0.0,0.0,Matches,ITA-SERIA_A,24-25
53552942,261,Máximo Perrone,ARG,MF,Como,21-236,2003,0.5,0,0,0,,0.0,0.0,,,,0,0,0,0.0,0.0,,0.0,0.0,Matches,ITA-SERIA_A,24-25
780e3631,262,Matteo Pessina,ITA,MF,Monza,27-131,1997,1.5,0,0,0,,0.0,0.0,,,,0,0,0,0.0,0.0,,0.0,0.0,Matches,ITA-SERIA_A,24-25
03f946ed,263,Andrea Petagna,ITA,FW,Monza,29-061,1995,1.7,0,4,0,0.0,2.38,0.0,0.0,,14.6,0,0,0,0.2,0.2,0.04,-0.2,-0.2,Matches,ITA-SERIA_A,24-25
149c5f5d,264,Giuseppe Pezzella,ITA,DF,Empoli,26-275,1997,1.7,0,1,0,0.0,0.6,0.0,0.0,,17.4,0,0,0,0.0,0.0,0.02,0.0,0.0,Matches,ITA-SERIA_A,24-25
1cadaf34,265,Roberto Piccoli,ITA,FW,Cagliari,23-216,2001,1.8,1,8,2,25.0,4.36,1.09,0.13,0.5,15.1,0,0,0,0.8,0.8,0.11,0.2,0.2,Matches,ITA-SERIA_A,24-25
7cc89a5f,266,Nicholas Pierini,ITA,MF,Venezia,26-024,1998,0.9,0,1,0,0.0,1.08,0.0,0.0,,32.9,1,0,0,0.0,0.0,0.03,0.0,0.0,Matches,ITA-SERIA_A,24-25
ec315772,267,Santiago Pierotti,ARG,FW,Lecce,23-149,2001,0.5,0,2,1,50.0,3.67,1.84,0.0,0.0,22.8,0,0,0,0.1,0.1,0.04,-0.1,-0.1,Matches,ITA-SERIA_A,24-25
c269463b,268,Balthazar Pierret,FRA,MF,Lecce,24-107,2000,1.4,0,0,0,,0.0,0.0,,,,0,0,0,0.0,0.0,,0.0,0.0,Matches,ITA-SERIA_A,24-25
08aa9cd1,269,Andrea Pinamonti,ITA,FW,Genoa,25-103,1999,0.7,1,2,1,50.0,2.69,1.34,0.5,1.0,23.8,0,0,0,0.1,0.1,0.05,0.9,0.9,Matches,ITA-SERIA_A,24-25
4f537cf7,270,Semuel Pizzignacco,ITA,GK,Monza,22-364,2001,2.0,0,0,0,,0.0,0.0,,,,0,0,0,0.0,0.0,,0.0,0.0,Matches,ITA-SERIA_A,24-25
5e861944,271,Matteo Politano,ITA,MF,Napoli,31-027,1993,2.0,0,7,1,14.3,3.56,0.51,0.0,0.0,20.1,0,0,0,0.6,0.6,0.08,-0.6,-0.6,Matches,ITA-SERIA_A,24-25
2a6cd437,272,Marin Pongračić,CRO,DF,Fiorentina,26-354,1997,0.9,0,0,0,,0.0,0.0,,,,0,0,0,0.0,0.0,,0.0,0.0,Matches,ITA-SERIA_A,24-25
7f609bfc,273,Stefan Posch,AUT,DF,Bologna,27-108,1997,2.0,0,0,0,,0.0,0.0,,,,0,0,0,0.0,0.0,,0.0,0.0,Matches,ITA-SERIA_A,24-25
d8363914,274,Matteo Prati,ITA,MF,Cagliari,20-246,2003,1.4,0,0,0,,0.0,0.0,,,,0,0,0,0.0,0.0,,0.0,0.0,Matches,ITA-SERIA_A,24-25
277da414,275,Ivan Provedel,ITA,GK,Lazio,30-166,1994,2.0,0,0,0,,0.0,0.0,,,,0,0,0,0.0,0.0,,0.0,0.0,Matches,ITA-SERIA_A,24-25
1bf33a9a,276,Christian Pulisic,USA,"FW,MF",Milan,25-347,1998,1.7,1,5,2,40.0,2.87,1.15,0.2,0.5,14.6,0,0,0,1.4,1.4,0.28,-0.4,-0.4,Matches,ITA-SERIA_A,24-25
6b587d3d,277,Hamza Rafia,TUN,MF,Lecce,25-150,1999,1.6,0,3,0,0.0,1.86,0.0,0.0,,17.2,0,0,0,0.1,0.1,0.03,-0.1,-0.1,Matches,ITA-SERIA_A,24-25
ce1a6c7e,278,Antonio Raimondo,ITA,FW,Venezia,20-165,2004,0.6,0,1,1,100.0,1.8,1.8,0.0,0.0,4.4,0,0,0,0.3,0.3,0.32,-0.3,-0.3,Matches,ITA-SERIA_A,24-25
ef3c876b,279,Ylber Ramadani,ALB,MF,Lecce,28-140,1996,1.8,0,3,1,33.3,1.64,0.55,0.0,0.0,22.4,0,0,0,0.1,0.1,0.04,-0.1,-0.1,Matches,ITA-SERIA_A,24-25
8c63fae5,280,Luca Ranieri,ITA,DF,Fiorentina,25-129,1999,1.0,0,0,0,,0.0,0.0,,,,0,0,0,0.0,0.0,,0.0,0.0,Matches,ITA-SERIA_A,24-25
6e058f06,281,Giacomo Raspadori,ITA,"FW,MF",Napoli,24-194,2000,1.4,0,4,1,25.0,2.79,0.7,0.0,0.0,20.6,0,0,0,0.3,0.3,0.08,-0.3,-0.3,Matches,ITA-SERIA_A,24-25
afb61630,282,Tijjani Reijnders,NED,MF,Milan,26-032,1998,1.4,0,5,2,40.0,3.69,1.48,0.0,0.0,23.8,0,0,0,0.1,0.1,0.02,-0.1,-0.1,Matches,ITA-SERIA_A,24-25
e358587b,283,Pepe Reina,ESP,GK,Como,41-365,1982,2.0,0,0,0,,0.0,0.0,,,,0,0,0,0.0,0.0,,0.0,0.0,Matches,ITA-SERIA_A,24-25
e7695e6c,284,Mateo Retegui,ITA,FW,Atalanta,25-123,1999,1.7,3,6,4,66.7,3.58,2.38,0.33,0.5,12.9,0,1,1,1.7,0.9,0.15,1.3,1.1,Matches,ITA-SERIA_A,24-25
9823be92,285,Samuele Ricci,ITA,MF,Torino,23-009,2001,2.0,0,1,0,0.0,0.5,0.0,0.0,,32.8,0,0,0,0.0,0.0,0.02,0.0,0.0,Matches,ITA-SERIA_A,24-25
2b7cdb79,286,Amir Richardson,MAR,MF,Fiorentina,22-219,2002,0.9,0,1,1,100.0,1.17,1.17,0.0,0.0,11.5,0,0,0,0.2,0.2,0.17,-0.2,-0.2,Matches,ITA-SERIA_A,24-25
335fa267,287,Sergi Roberto,ESP,MF,Como,32-205,1992,0.2,0,0,0,,0.0,0.0,,,,0,0,0,0.0,0.0,,0.0,0.0,Matches,ITA-SERIA_A,24-25
3ead85f9,288,Alessio Romagnoli,ITA,DF,Lazio,29-231,1995,2.0,0,2,0,0.0,1.0,0.0,0.0,,10.5,0,0,0,0.1,0.1,0.05,-0.1,-0.1,Matches,ITA-SERIA_A,24-25
2a1beb34,289,Marten de Roon,NED,DF,Atalanta,33-154,1991,2.0,0,0,0,,0.0,0.0,,,,0,0,0,0.0,0.0,,0.0,0.0,Matches,ITA-SERIA_A,24-25
31908a0a,290,Jonas Rouhi,SWE,DF,Juventus,20-236,2004,0.2,0,0,0,,0.0,0.0,,,,0,0,0,0.0,0.0,,0.0,0.0,Matches,ITA-SERIA_A,24-25
e58cbfd5,291,Nicolò Rovella,ITA,MF,Lazio,22-270,2001,0.7,0,0,0,,0.0,0.0,,,,0,0,0,0.0,0.0,,0.0,0.0,Matches,ITA-SERIA_A,24-25
4b3e1a38,292,Amir Rrahmani,KVX,DF,Napoli,30-188,1994,2.0,0,2,0,0.0,1.0,0.0,0.0,,8.1,0,0,0,0.2,0.2,0.08,-0.2,-0.2,Matches,ITA-SERIA_A,24-25
ae9898c5,293,Matteo Ruggeri,ITA,DF,Atalanta,22-050,2002,2.0,0,0,0,,0.0,0.0,,,,0,0,0,0.0,0.0,,0.0,0.0,Matches,ITA-SERIA_A,24-25
0ccac09c,294,Stefano Sabelli,ITA,"DF,MF",Genoa,31-230,1993,0.9,0,2,0,0.0,2.22,0.0,0.0,,19.2,0,0,0,0.0,0.0,0.01,0.0,0.0,Matches,ITA-SERIA_A,24-25
ee251371,295,Alexis Saelemaekers,BEL,"DF,FW",Milan,25-064,1999,1.0,0,0,0,,0.0,0.0,,,,0,0,0,0.0,0.0,,0.0,0.0,Matches,ITA-SERIA_A,24-25
3e3190f1,296,Richie Sagrado,BEL,DF,Venezia,20-213,2004,0.6,0,1,0,0.0,1.73,0.0,0.0,,23.2,0,0,0,0.1,0.1,0.05,-0.1,-0.1,Matches,ITA-SERIA_A,24-25
0c57be8b,297,Marco Sala,ITA,DF,Como,25-087,1999,1.0,0,0,0,,0.0,0.0,,,,0,0,0,0.0,0.0,,0.0,0.0,Matches,ITA-SERIA_A,24-25
217c93a1,298,Lazar Samardzic,SRB,MF,Atalanta,22-188,2002,0.4,0,3,1,33.3,7.11,2.37,0.0,0.0,23.0,1,0,0,0.1,0.1,0.04,-0.1,-0.1,Matches,ITA-SERIA_A,24-25
0a447501,299,Antonio Sanabria,PAR,FW,Torino,28-179,1996,0.7,0,0,0,,0.0,0.0,,,,0,0,0,0.0,0.0,,0.0,0.0,Matches,ITA-SERIA_A,24-25
e041497d,300,Nicolò Savona,ITA,DF,Juventus,21-164,2003,1.3,1,1,1,100.0,0.74,0.74,1.0,1.0,8.5,0,0,0,0.1,0.1,0.15,0.9,0.9,Matches,ITA-SERIA_A,24-25
645dffbf,301,Saba Sazonov,GEO,DF,Torino,22-211,2002,0.0,0,0,0,,0.0,0.0,,,,0,0,0,0.0,0.0,,0.0,0.0,Matches,ITA-SERIA_A,24-25
41bd99ea,302,Simone Scuffet,ITA,GK,Cagliari,28-091,1996,2.0,0,0,0,,0.0,0.0,,,,0,0,0,0.0,0.0,,0.0,0.0,Matches,ITA-SERIA_A,24-25
b3325a30,303,Suat Serdar,GER,MF,Hellas Verona,27-141,1997,0.2,0,0,0,,0.0,0.0,,,,0,0,0,0.0,0.0,,0.0,0.0,Matches,ITA-SERIA_A,24-25
d3aaad90,304,Stephan El Shaarawy,ITA,FW,Roma,31-308,1992,0.0,0,1,0,0.0,90.0,0.0,0.0,,30.1,0,0,0,0.0,0.0,0.04,0.0,0.0,Matches,ITA-SERIA_A,24-25
57469b2d,305,Eldor Shomurodov,UZB,DF,Roma,29-062,1995,0.2,1,3,3,100.0,19.29,19.29,0.33,0.33,8.9,0,0,0,0.6,0.6,0.19,0.4,0.4,Matches,ITA-SERIA_A,24-25
343c0d52,306,Giovanni Simeone,ARG,FW,Napoli,29-056,1995,0.9,1,1,1,100.0,1.06,1.06,1.0,1.0,8.2,0,0,0,0.6,0.6,0.6,0.4,0.4,Matches,ITA-SERIA_A,24-25
ab4449d6,307,Łukasz Skorupski,POL,GK,Bologna,33-117,1991,2.0,0,0,0,,0.0,0.0,,,,0,0,0,0.0,0.0,,0.0,0.0,Matches,ITA-SERIA_A,24-25
a5f458d9,308,Simon Sohm,SUI,MF,Parma,23-141,2001,1.5,0,4,3,75.0,2.71,2.03,0.0,0.0,17.6,0,0,0,0.6,0.6,0.15,-0.6,-0.6,Matches,ITA-SERIA_A,24-25
78f13530,309,Ola Solbakken,NOR,"MF,FW",Empoli,25-358,1998,0.9,0,1,1,100.0,1.14,1.14,0.0,0.0,9.7,0,0,0,0.1,0.1,0.06,-0.1,-0.1,Matches,ITA-SERIA_A,24-25
420c18a1,310,Yann Sommer,SUI,GK,Inter,35-257,1988,2.0,0,0,0,,0.0,0.0,,,,0,0,0,0.0,0.0,,0.0,0.0,Matches,ITA-SERIA_A,24-25
af0d79a9,311,Borna Sosa,CRO,DF,Torino,26-222,1998,0.1,0,0,0,,0.0,0.0,,,,0,0,0,0.0,0.0,,0.0,0.0,Matches,ITA-SERIA_A,24-25
94816803,312,Riccardo Sottil,ITA,MF,Fiorentina,25-088,1999,0.4,0,1,1,100.0,2.57,2.57,0.0,0.0,23.1,0,0,0,0.0,0.0,0.01,0.0,0.0,Matches,ITA-SERIA_A,24-25
c13ddd3e,313,Matìas Soulé,ARG,"FW,MF",Roma,21-137,2003,1.8,0,3,1,33.3,1.64,0.55,0.0,0.0,19.2,0,0,0,0.1,0.1,0.04,-0.1,-0.1,Matches,ITA-SERIA_A,24-25
3626daea,314,Leonardo Spinazzola,ITA,DF,Napoli,31-158,1993,0.7,0,1,0,0.0,1.41,0.0,0.0,,18.6,0,0,0,0.0,0.0,0.04,0.0,0.0,Matches,ITA-SERIA_A,24-25
13b44b02,315,Petar Stojanović,SVN,MF,Empoli,28-328,1995,0.0,0,0,0,,0.0,0.0,,,,0,0,0,0.0,0.0,,0.0,0.0,Matches,ITA-SERIA_A,24-25
ac4a4508,316,Gabriel Strefezza,BRA,MF,Como,27-134,1997,2.0,0,4,1,25.0,2.0,0.5,0.0,0.0,22.8,0,0,0,0.1,0.1,0.03,-0.1,-0.1,Matches,ITA-SERIA_A,24-25
230c3f3a,317,Ibrahim Sulemana,GHA,MF,Atalanta,21-100,2003,0.0,0,0,0,,0.0,0.0,,,,0,0,0,0.0,0.0,,0.0,0.0,Matches,ITA-SERIA_A,24-25
83fe71b8,318,Tomáš Suslov,SVK,FW,Hellas Verona,22-084,2002,1.4,0,2,0,0.0,1.46,0.0,0.0,,25.4,2,0,0,0.2,0.2,0.08,-0.2,-0.2,Matches,ITA-SERIA_A,24-25
51e1f4f5,319,Zion Suzuki,JPN,GK,Parma,22-009,2002,2.0,0,0,0,,0.0,0.0,,,,0,0,0,0.0,0.0,,0.0,0.0,Matches,ITA-SERIA_A,24-25
06dba850,320,Marin Šverko,CRO,DF,Venezia,26-208,1998,2.0,0,0,0,,0.0,0.0,,,,0,0,0,0.0,0.0,,0.0,0.0,Matches,ITA-SERIA_A,24-25
bcf5058a,321,Mile Svilar,SRB,GK,Roma,25-003,1999,2.0,0,1,0,0.0,0.5,0.0,0.0,,10.5,0,0,0,0.0,0.0,0.05,0.0,0.0,Matches,ITA-SERIA_A,24-25
8abd174d,322,Michael Svoboda,AUT,DF,Venezia,25-320,1998,1.3,0,1,1,100.0,0.8,0.8,0.0,0.0,6.9,0,0,0,0.0,0.0,0.03,0.0,0.0,Matches,ITA-SERIA_A,24-25
8da74c05,323,Adrien Tameze,CMR,"DF,MF",Torino,30-208,1994,1.0,0,0,0,,0.0,0.0,,,,0,0,0,0.0,0.0,,0.0,0.0,Matches,ITA-SERIA_A,24-25
4c2a5d34,324,Mehdi Taremi,IRN,FW,Inter,32-043,1992,1.2,0,1,0,0.0,0.85,0.0,0.0,,9.8,0,0,0,0.1,0.1,0.09,-0.1,-0.1,Matches,ITA-SERIA_A,24-25
a3c8b4d3,325,Loum Tchaouna,FRA,FW,Lazio,20-357,2003,0.3,0,1,0,0.0,3.91,0.0,0.0,,5.6,0,0,0,0.7,0.7,0.69,-0.7,-0.7,Matches,ITA-SERIA_A,24-25
aeca7743,326,Jackson Tchatchoua,CMR,MF,Hellas Verona,22-351,2001,2.0,0,1,0,0.0,0.5,0.0,0.0,,19.4,0,0,0,0.0,0.0,0.03,0.0,0.0,Matches,ITA-SERIA_A,24-25
ff2fb007,327,Casper Tengstedt,DEN,FW,Hellas Verona,24-090,2000,1.2,0,1,1,100.0,0.84,0.84,0.0,0.0,4.9,0,0,0,0.1,0.1,0.13,-0.1,-0.1,Matches,ITA-SERIA_A,24-25
e1b0a70d,328,Pietro Terracciano,ITA,GK,Fiorentina,34-175,1990,2.0,0,0,0,,0.0,0.0,,,,0,0,0,0.0,0.0,,0.0,0.0,Matches,ITA-SERIA_A,24-25
2b9fdeea,329,Florian Thauvin,FRA,MF,Udinese,31-217,1993,1.7,1,2,1,50.0,1.2,0.6,0.5,1.0,19.8,0,0,1,1.1,0.3,0.17,-0.1,0.7,Matches,ITA-SERIA_A,24-25
ff5ea0bf,330,Malick Thiaw,GER,DF,Milan,23-022,2001,1.0,0,1,0,0.0,1.0,0.0,0.0,,6.6,0,0,0,0.1,0.1,0.09,-0.1,-0.1,Matches,ITA-SERIA_A,24-25
d1b49282,331,Morten Thorsby,NOR,MF,Genoa,28-117,1996,0.5,0,2,0,0.0,3.67,0.0,0.0,,11.1,0,0,0,0.5,0.5,0.24,-0.5,-0.5,Matches,ITA-SERIA_A,24-25
7d9397f8,332,Khéphren Thuram,FRA,MF,Juventus,23-157,2001,0.7,0,0,0,,0.0,0.0,,,,0,0,0,0.0,0.0,,0.0,0.0,Matches,ITA-SERIA_A,24-25
6f8cd6d0,333,Marcus Thuram,FRA,FW,Inter,27-024,1997,1.8,2,7,5,71.4,3.82,2.73,0.29,0.4,12.0,0,0,0,1.2,1.2,0.17,0.8,0.8,Matches,ITA-SERIA_A,24-25
7edfbb8a,334,Fikayo Tomori,ENG,DF,Milan,26-255,1997,2.0,0,1,0,0.0,0.5,0.0,0.0,,14.7,0,0,0,0.0,0.0,0.01,0.0,0.0,Matches,ITA-SERIA_A,24-25
ec52b661,335,Emanuele Valeri,ITA,DF,Parma,25-267,1998,2.0,0,0,0,,0.0,0.0,,,,0,0,0,0.0,0.0,,0.0,0.0,Matches,ITA-SERIA_A,24-25
fac1f795,336,Devis Vásquez,COL,GK,Empoli,26-110,1998,2.0,0,0,0,,0.0,0.0,,,,0,0,0,0.0,0.0,,0.0,0.0,Matches,ITA-SERIA_A,24-25
5eaed77a,337,Johan Vásquez,MEX,DF,Genoa,25-313,1998,1.3,0,0,0,,0.0,0.0,,,,0,0,0,0.0,0.0,,0.0,0.0,Matches,ITA-SERIA_A,24-25
44ac04e9,338,Matías Vecino,URU,MF,Lazio,33-006,1991,1.3,0,3,1,33.3,2.33,0.78,0.0,0.0,11.1,0,0,0,0.2,0.2,0.06,-0.2,-0.2,Matches,ITA-SERIA_A,24-25
0375723e,339,Simone Verdi,ITA,MF,Como,32-049,1992,0.3,0,0,0,,0.0,0.0,,,,0,0,0,0.0,0.0,,0.0,0.0,Matches,ITA-SERIA_A,24-25
a14d0ab0,340,Samuele Vignato,ITA,MF,Monza,20-188,2004,0.9,0,1,0,0.0,1.07,0.0,0.0,,10.5,0,0,0,0.0,0.0,0.04,0.0,0.0,Matches,ITA-SERIA_A,24-25
75438a9a,341,Mattia Viti,ITA,DF,Empoli,22-219,2002,2.0,0,2,0,0.0,1.0,0.0,0.0,,7.3,0,0,0,0.2,0.2,0.12,-0.2,-0.2,Matches,ITA-SERIA_A,24-25
74d4cec6,342,Vitinha,POR,FW,Genoa,24-168,2000,1.7,0,4,1,25.0,2.38,0.6,0.0,0.0,22.1,1,0,0,0.2,0.2,0.05,-0.2,-0.2,Matches,ITA-SERIA_A,24-25
79443529,343,Dušan Vlahović,SRB,FW,Juventus,24-215,2000,2.0,2,7,2,28.6,3.5,1.0,0.14,0.5,17.3,1,1,1,1.7,0.9,0.13,0.3,0.1,Matches,ITA-SERIA_A,24-25
6841f107,344,Alessandro Vogliacco,ITA,DF,Genoa,25-351,1998,1.2,1,1,1,100.0,0.86,0.86,1.0,1.0,4.1,0,0,0,0.7,0.7,0.69,0.3,0.3,Matches,ITA-SERIA_A,24-25
be2706c0,345,Mërgim Vojvoda,KVX,DF,Torino,29-211,1995,1.9,0,1,0,0.0,0.54,0.0,0.0,,27.9,0,0,0,0.0,0.0,0.02,0.0,0.0,Matches,ITA-SERIA_A,24-25
217875a4,346,Sebastian Walukiewicz,POL,DF,Empoli,24-147,2000,2.0,0,0,0,,0.0,0.0,,,,0,0,0,0.0,0.0,,0.0,0.0,Matches,ITA-SERIA_A,24-25
8eec784d,347,Timothy Weah,USA,FW,Juventus,24-190,2000,0.5,1,1,1,100.0,2.0,2.0,1.0,1.0,16.1,0,0,0,0.1,0.1,0.12,0.9,0.9,Matches,ITA-SERIA_A,24-25
3ecc8c5f,348,Mateusz Wieteska,POL,DF,Cagliari,27-201,1997,1.0,0,1,0,0.0,1.0,0.0,0.0,,8.1,0,0,0,0.2,0.2,0.21,-0.2,-0.2,Matches,ITA-SERIA_A,24-25
d8cda243,349,Kenan Yıldız,TUR,"MF,FW",Juventus,19-118,2005,2.0,0,4,2,50.0,2.0,1.0,0.0,0.0,24.9,0,0,0,0.1,0.1,0.03,-0.1,-0.1,Matches,ITA-SERIA_A,24-25
d85c238b,350,Mattia Zaccagni,ITA,FW,Lazio,29-075,1995,1.7,1,4,1,25.0,2.29,0.57,0.0,0.0,21.4,0,1,1,1.0,0.2,0.06,0.0,-0.2,Matches,ITA-SERIA_A,24-25
45191c29,351,Nicola Zalewski,POL,"FW,DF",Roma,22-220,2002,1.3,0,2,0,0.0,1.59,0.0,0.0,,19.2,0,0,0,0.1,0.1,0.04,-0.1,-0.1,Matches,ITA-SERIA_A,24-25
6bb2c084,352,Andre-Frank Zambo Anguissa,CMR,MF,Napoli,28-288,1995,2.0,0,4,1,25.0,2.0,0.5,0.0,0.0,22.3,0,0,0,0.3,0.3,0.07,-0.3,-0.3,Matches,ITA-SERIA_A,24-25
8e45910b,353,Francesco Zampano,ITA,DF,Venezia,30-335,1993,2.0,0,2,1,50.0,1.0,0.5,0.0,0.0,17.4,0,0,0,0.1,0.1,0.03,-0.1,-0.1,Matches,ITA-SERIA_A,24-25
9907b1c8,354,Nicolò Zaniolo,ITA,FW,Atalanta,25-059,1999,0.2,0,2,0,0.0,8.57,0.0,0.0,,10.9,0,0,0,0.2,0.2,0.09,-0.2,-0.2,Matches,ITA-SERIA_A,24-25
3b12b11f,355,Alessandro Zanoli,ITA,DF,Genoa,23-332,2000,1.1,0,0,0,,0.0,0.0,,,,0,0,0,0.0,0.0,,0.0,0.0,Matches,ITA-SERIA_A,24-25
d3de9af0,356,Duván Zapata,COL,FW,Torino,33-151,1991,1.8,1,9,5,55.6,5.03,2.8,0.11,0.2,11.8,0,0,0,1.7,1.7,0.19,-0.7,-0.7,Matches,ITA-SERIA_A,24-25
ca3db240,357,Gabriele Zappa,ITA,DF,Cagliari,24-252,1999,2.0,0,0,0,,0.0,0.0,,,,0,0,0,0.0,0.0,,0.0,0.0,Matches,ITA-SERIA_A,24-25
7fe90ccd,358,Davide Zappacosta,ITA,DF,Atalanta,32-080,1992,1.7,0,5,0,0.0,2.87,0.0,0.0,,21.2,0,0,0,0.2,0.2,0.04,-0.2,-0.2,Matches,ITA-SERIA_A,24-25
968a1c2f,359,Oier Zarraga,ESP,MF,Udinese,25-239,1999,0.2,0,0,0,,0.0,0.0,,,,0,0,0,0.0,0.0,,0.0,0.0,Matches,ITA-SERIA_A,24-25
e8271ad9,360,Jordan Zemura,ZIM,DF,Udinese,24-290,1999,0.1,0,1,0,0.0,10.0,0.0,0.0,,25.2,0,0,0,0.0,0.0,0.01,0.0,0.0,Matches,ITA-SERIA_A,24-25
405f6586,361,Milan Đurić,BIH,FW,Monza,34-100,1990,0.3,0,1,0,0.0,3.1,0.0,0.0,,16.1,0,0,0,0.0,0.0,0.03,0.0,0.0,Matches,ITA-SERIA_A,24-25
