id,Unnamed: 0_level_0,Unnamed: 1_level_0,Unnamed: 2_level_0,Unnamed: 3_level_0,Unnamed: 4_level_0,Unnamed: 5_level_0,Unnamed: 6_level_0,Unnamed: 7_level_0,Performance,Performance,Performance,Performance,Performance,Performance,Performance,Performance,Performance,Performance,Performance,Performance,Performance,Aerial Duels,Aerial Duels,Aerial Duels,Unnamed: 24_level_0,Unnamed: league,Unnamed: season
,Rk,Player,Nation,Pos,Squad,Age,Born,90s,CrdY,CrdR,2CrdY,Fls,Fld,Off,Crs,Int,TklW,PKwon,PKcon,OG,Recov,Won,Lost,Won%,Matches,league,season
82e12fe7,1,Junior Adamu,AUT,FW,Freiburg,23-085,2001,1.0,1,0,0,1,4,2,0,1,0,0,0,0,3,3,8,27.3,Matches,GER-BL1,24-25
501055d8,2,Karim Adeyemi,GER,FW,Dortmund,22-225,2002,0.6,0,0,0,0,0,0,0,0,3,0,0,0,1,0,0,,Matches,GER-BL1,24-25
dcfb17f4,3,Amine Adli,MAR,FW,Leverkusen,24-112,2000,0.1,0,0,0,0,2,0,0,0,0,1,0,0,0,1,0,100.0,Matches,GER-BL1,24-25
5054c359,4,Oladapo Afolayan,ENG,FW,St. Pauli,26-200,1998,0.2,0,0,0,0,1,0,0,0,0,0,0,0,0,0,1,0.0,Matches,GER-BL1,24-25
cb6d81b3,5,Felix Agu,GER,DF,Werder Bremen,24-338,1999,1.0,0,0,0,1,0,0,4,1,1,0,0,0,3,1,0,100.0,Matches,GER-BL1,24-25
6ec6fde0,6,Kevin Akpoguma,NGA,DF,Hoffenheim,29-133,1995,1.0,0,0,0,1,1,0,0,0,0,0,0,0,4,2,4,33.3,Matches,GER-BL1,24-25
add37c13,7,Skelly Alvero,FRA,MF,Werder Bremen,22-118,2002,0.0,0,0,0,0,0,0,0,1,1,0,0,0,0,0,0,,Matches,GER-BL1,24-25
555d5edd,8,Nadiem Amiri,GER,MF,Mainz 05,27-308,1996,1.0,0,0,0,1,2,0,5,1,0,0,0,0,8,0,0,,Matches,GER-BL1,24-25
e0b113a7,9,Robert Andrich,GER,MF,Leverkusen,29-343,1994,0.9,0,0,0,3,2,0,0,0,1,0,0,0,6,3,1,75.0,Matches,GER-BL1,24-25
5e66fa06,10,Waldemar Anton,GER,DF,Dortmund,28-041,1996,1.0,0,0,0,1,0,0,1,0,1,0,0,0,3,3,0,100.0,Matches,GER-BL1,24-25
86e119e0,11,Maximilian Arnold,GER,MF,Wolfsburg,30-095,1994,1.0,0,0,0,1,3,0,3,1,2,0,0,0,4,2,0,100.0,Matches,GER-BL1,24-25
c21fb312,12,Jann-Fiete Arp,GER,FW,Holstein Kiel,24-237,2000,0.4,0,0,0,0,0,0,2,0,2,0,0,0,0,1,0,100.0,Matches,GER-BL1,24-25
442b56fa,13,Ridle Baku,GER,FW,Wolfsburg,26-144,1998,1.0,0,0,0,1,0,0,2,2,1,0,0,0,11,0,1,0.0,Matches,GER-BL1,24-25
7362a6f2,14,Aliou Baldé,GUI,FW,Bochum,21-262,2002,0.2,0,0,0,0,0,1,0,0,1,0,0,0,1,0,0,,Matches,GER-BL1,24-25
489d4867,15,Samuel Bamba,GER,FW,Bochum,20-199,2004,0.1,0,0,0,0,0,0,3,0,0,0,0,0,1,0,1,0.0,Matches,GER-BL1,24-25
44a20f0c,16,Maximilian Bauer,GER,DF,Augsburg,24-203,2000,0.3,0,0,0,0,0,0,0,0,0,0,0,0,2,0,1,0.0,Matches,GER-BL1,24-25
47064058,17,Oliver Baumann,GER,GK,Hoffenheim,34-089,1990,1.0,0,0,0,0,1,0,0,0,0,0,0,0,3,1,0,100.0,Matches,GER-BL1,24-25
437f2b00,18,Christoph Baumgartner,AUT,MF,RB Leipzig,25-029,1999,0.1,0,0,0,1,0,0,0,0,1,0,0,0,0,1,0,100.0,Matches,GER-BL1,24-25
616c09f5,19,Adrian Beck,GER,FW,Heidenheim,27-082,1997,0.7,0,0,0,0,0,0,1,1,2,0,0,0,5,2,1,66.7,Matches,GER-BL1,24-25
543ddcaf,20,Timo Becker,GER,DF,Holstein Kiel,27-158,1997,1.0,0,0,0,0,0,0,0,0,1,0,0,0,3,4,3,57.1,Matches,GER-BL1,24-25
30ae134d,21,Kevin Behrens,GER,FW,Wolfsburg,33-209,1991,0.2,0,0,0,0,0,0,0,0,1,0,0,0,1,1,1,50.0,Matches,GER-BL1,24-25
5db45ee5,22,Maximilian Beier,GER,FW,Dortmund,21-318,2002,0.4,0,0,0,0,0,0,0,0,1,0,0,0,1,2,1,66.7,Matches,GER-BL1,24-25
857a5abe,23,Stefan Bell,GER,DF,Mainz 05,33-006,1991,0.7,0,0,0,2,0,0,0,1,1,0,0,0,3,4,2,66.7,Matches,GER-BL1,24-25
fe888e39,24,László Bénes,SVK,MF,Union Berlin,26-356,1997,0.2,0,0,0,1,0,0,4,0,0,0,0,0,1,0,0,,Matches,GER-BL1,24-25
378825c7,25,Ramy Bensebaini,ALG,DF,Dortmund,29-136,1995,0.1,0,0,0,0,0,0,0,0,0,0,0,0,1,0,0,,Matches,GER-BL1,24-25
eb6e14be,26,Mergim Berisha,GER,"FW,MF",Hoffenheim,26-111,1998,0.4,0,0,0,0,0,1,1,0,0,0,0,0,1,1,1,50.0,Matches,GER-BL1,24-25
dea1d183,27,Alexander Bernhardsson,SWE,"DF,FW",Holstein Kiel,25-357,1998,1.0,0,0,0,1,0,0,1,0,0,0,0,0,5,2,0,100.0,Matches,GER-BL1,24-25
b5e0af76,28,Matúš Bero,SVK,MF,Bochum,28-359,1995,1.0,1,0,0,3,2,0,0,0,0,0,0,0,3,0,0,,Matches,GER-BL1,24-25
dc62fbee,29,Leonardo Bittencourt,GER,MF,Werder Bremen,30-255,1993,0.0,0,0,0,0,0,0,0,0,0,0,0,0,0,0,0,,Matches,GER-BL1,24-25
5b479568,30,Myron Boadu,NED,MF,Bochum,23-229,2001,0.3,0,0,0,1,1,0,0,0,0,0,0,0,1,0,1,0.0,Matches,GER-BL1,24-25
6c8ddd52,31,Sacha Boey,FRA,DF,Bayern Munich,23-352,2000,0.7,1,0,0,2,1,0,2,0,0,0,1,0,3,1,0,100.0,Matches,GER-BL1,24-25
b146275b,32,Victor Boniface,NGA,FW,Leverkusen,23-251,2000,0.9,0,0,0,1,0,0,1,0,0,0,0,0,0,2,3,40.0,Matches,GER-BL1,24-25
01834aa0,33,Sebastiaan Bornauw,BEL,DF,Wolfsburg,25-161,1999,1.0,0,0,0,1,0,0,0,0,0,0,0,0,1,1,1,50.0,Matches,GER-BL1,24-25
1a86f4a9,34,Carlo Boukhalfa,MAR,MF,St. Pauli,25-119,1999,0.2,0,0,0,0,0,0,1,0,0,0,0,0,2,0,0,,Matches,GER-BL1,24-25
a167537f,35,Julian Brandt,GER,MF,Dortmund,28-120,1996,0.9,0,0,0,0,0,0,6,0,0,0,0,0,1,1,0,100.0,Matches,GER-BL1,24-25
ed98c321,36,Tim Breithaupt,GER,MF,Augsburg,22-205,2002,0.6,0,0,0,0,0,0,1,2,0,0,0,0,6,1,2,33.3,Matches,GER-BL1,24-25
1e37c986,37,Maximilian Breunig,GER,FW,Heidenheim,24-016,2000,0.9,0,0,0,4,1,0,0,0,0,0,0,0,3,2,11,15.4,Matches,GER-BL1,24-25
bbd79358,38,Moritz Broschinski,GER,FW,Bochum,23-342,2000,0.9,0,0,0,0,0,1,0,0,0,0,0,0,3,2,2,50.0,Matches,GER-BL1,24-25
4e204552,39,Jacob Bruun Larsen,DEN,FW,Hoffenheim,25-346,1998,0.2,0,0,0,0,0,0,0,1,0,0,0,0,1,1,0,100.0,Matches,GER-BL1,24-25
ab5b7dc1,40,Marius Bülter,GER,FW,Hoffenheim,31-154,1993,0.8,0,0,0,0,1,0,6,0,1,1,0,0,1,1,1,50.0,Matches,GER-BL1,24-25
05f99a4a,41,Jonathan Burkardt,GER,FW,Mainz 05,24-050,2000,1.0,0,0,0,2,2,0,1,0,0,0,0,0,3,3,4,42.9,Matches,GER-BL1,24-25
c38767ab,42,Marnon Busch,GER,DF,Heidenheim,29-266,1994,0.0,0,0,0,0,0,0,0,0,0,0,0,0,0,0,0,,Matches,GER-BL1,24-25
0118c54c,43,Anthony Caci,FRA,DF,Mainz 05,27-060,1997,0.9,0,0,0,1,2,0,4,1,0,0,0,0,3,3,4,42.9,Matches,GER-BL1,24-25
a65ce836,44,Emre Can,GER,MF,Dortmund,30-231,1994,0.9,0,0,0,0,0,0,2,0,0,0,0,0,2,0,1,0.0,Matches,GER-BL1,24-25
ae7058f9,45,Julian Chabot,GER,DF,Stuttgart,26-200,1998,1.0,0,0,0,1,0,0,0,0,2,0,0,0,1,8,1,88.9,Matches,GER-BL1,24-25
357103bd,46,Fares Chaïbi,ALG,"FW,MF",Eint Frankfurt,21-276,2002,0.8,0,0,0,0,1,0,8,0,1,0,0,0,1,0,2,0.0,Matches,GER-BL1,24-25
ee2cf168,47,Anrie Chase,JPN,DF,Stuttgart,20-159,2004,0.3,0,0,0,2,0,0,0,0,0,0,0,0,2,0,0,,Matches,GER-BL1,24-25
48780156,48,Fabio Chiarodia,ITA,DF,Gladbach,19-086,2005,0.0,0,0,0,0,0,0,0,0,1,0,0,0,0,0,0,,Matches,GER-BL1,24-25
042e8a49,49,Kingsley Coman,FRA,FW,Bayern Munich,28-078,1996,0.2,0,0,0,0,0,0,1,0,2,0,0,0,3,0,1,0.0,Matches,GER-BL1,24-25
34e09d5f,50,Sirlord Conteh,GER,FW,Heidenheim,28-052,1996,0.3,0,0,0,0,1,0,0,0,1,0,0,0,1,0,0,,Matches,GER-BL1,24-25
298c8aa1,51,Tomáš Čvančara,CZE,MF,Gladbach,24-017,2000,0.2,0,0,0,0,0,0,1,0,0,0,0,0,0,0,0,,Matches,GER-BL1,24-25
93a8c4f9,52,Lukas Daschner,GER,MF,Bochum,25-334,1998,0.7,0,0,0,0,0,0,3,0,0,0,0,0,1,1,1,50.0,Matches,GER-BL1,24-25
d781d855,53,Alphonso Davies,CAN,DF,Bayern Munich,23-302,2000,1.0,0,0,0,0,1,1,0,0,0,0,0,0,4,0,1,0.0,Matches,GER-BL1,24-25
ed79b7d3,54,Ermedin Demirović,BIH,FW,Stuttgart,26-158,1998,1.0,0,0,0,0,1,0,0,0,0,0,0,0,2,0,1,0.0,Matches,GER-BL1,24-25
d82a310a,55,Justin Diehl,GER,DF,Stuttgart,19-277,2004,0.3,0,0,0,0,0,0,5,0,0,0,0,0,1,0,0,,Matches,GER-BL1,24-25
ac861941,56,Eric Dier,ENG,DF,Bayern Munich,30-228,1994,0.1,0,0,0,0,0,0,0,0,0,0,0,0,0,2,0,100.0,Matches,GER-BL1,24-25
d01bbb6f,57,Ritsu Doan,JPN,FW,Freiburg,26-075,1998,0.8,0,0,0,1,2,0,2,0,1,0,0,0,4,0,2,0.0,Matches,GER-BL1,24-25
f67c9d29,58,Danilho Doekhi,NED,DF,Union Berlin,26-061,1998,1.0,1,0,0,1,1,0,0,1,1,0,0,0,4,1,6,14.3,Matches,GER-BL1,24-25
7f73bdf4,59,Niklas Dorsch,GER,MF,Augsburg,26-228,1998,0.4,0,0,0,0,2,0,1,0,0,0,0,0,2,0,0,,Matches,GER-BL1,24-25
a8403737,60,Patrick Drewes,GER,GK,Bochum,31-208,1993,1.0,0,0,0,0,0,0,0,0,0,0,0,0,0,0,0,,Matches,GER-BL1,24-25
0911b4fc,61,Tim Drexler,GER,DF,Hoffenheim,19-177,2005,1.0,0,0,0,2,0,0,0,1,3,0,0,0,4,0,5,0.0,Matches,GER-BL1,24-25
638a4d71,62,Marvin Ducksch,GER,FW,Werder Bremen,30-176,1994,0.9,0,0,0,0,0,0,2,0,0,0,0,0,1,1,1,50.0,Matches,GER-BL1,24-25
d571df78,63,Johannes Eggestein,GER,FW,St. Pauli,26-114,1998,1.0,0,0,0,1,2,1,2,0,0,0,0,0,4,0,2,0.0,Matches,GER-BL1,24-25
beb882a8,64,Maximilian Eggestein,GER,MF,Freiburg,27-266,1996,0.8,0,0,0,0,0,0,0,3,1,0,0,0,5,0,0,,Matches,GER-BL1,24-25
5b92d896,65,Hugo Ekitike,FRA,FW,Eint Frankfurt,22-071,2002,0.8,0,0,0,0,0,1,2,0,1,0,0,0,4,0,4,0.0,Matches,GER-BL1,24-25
48035304,66,Nico Elvedi,SUI,DF,Gladbach,27-335,1996,1.0,0,0,0,1,0,0,0,1,1,0,0,0,0,2,2,50.0,Matches,GER-BL1,24-25
554bcc91,67,Arne Engels,BEL,"MF,FW",Augsburg,20-357,2003,0.9,1,0,0,3,1,0,4,0,0,0,0,0,0,1,0,100.0,Matches,GER-BL1,24-25
e3f6253d,68,Patrick Erras,GER,DF,Holstein Kiel,29-222,1995,1.0,0,0,0,3,0,0,0,1,0,0,0,0,0,2,2,50.0,Matches,GER-BL1,24-25
821550ce,69,Samuel Essende,COD,FW,Augsburg,26-220,1998,1.0,1,0,0,5,1,1,0,0,0,0,0,0,4,2,2,50.0,Matches,GER-BL1,24-25
79f7302a,70,Kilian Fischer,GER,DF,Wolfsburg,23-323,2000,1.0,0,0,0,1,0,0,2,2,1,0,0,0,1,2,0,100.0,Matches,GER-BL1,24-25
1b4be8eb,71,Jonas Föhrenbach,GER,DF,Heidenheim,28-217,1996,1.0,0,0,0,1,0,0,1,0,2,0,0,0,2,1,0,100.0,Matches,GER-BL1,24-25
f86ad3f5,72,Marco Friedl,AUT,DF,Werder Bremen,26-167,1998,1.0,0,0,0,1,3,0,0,3,1,0,0,0,2,0,0,,Matches,GER-BL1,24-25
74f2e748,73,Jeremie Frimpong,NED,DF,Leverkusen,23-264,2000,1.0,0,0,0,0,2,0,5,1,0,0,0,0,4,0,0,,Matches,GER-BL1,24-25
0cf778df,74,Chris Führich,GER,"FW,MF",Stuttgart,26-234,1998,0.9,0,0,0,0,0,0,1,0,1,0,0,0,2,0,0,,Matches,GER-BL1,24-25
a10361d2,75,Aleix García,ESP,MF,Leverkusen,27-063,1997,0.1,0,0,0,0,0,0,1,0,0,0,0,0,0,0,0,,Matches,GER-BL1,24-25
37f606f0,76,Dennis Geiger,GER,MF,Hoffenheim,26-081,1998,0.2,0,0,0,0,1,0,0,0,2,0,0,0,0,0,0,,Matches,GER-BL1,24-25
62ab9184,77,Yannick Gerhardt,GER,MF,Wolfsburg,30-170,1994,0.1,0,0,0,0,0,0,1,1,1,0,0,0,0,0,2,0.0,Matches,GER-BL1,24-25
112c495e,78,Dimitris Giannoulis,GRE,DF,Augsburg,28-318,1995,0.9,0,0,0,0,1,0,4,0,0,0,0,0,5,0,1,0.0,Matches,GER-BL1,24-25
e5f76710,79,Benedikt Gimber,GER,DF,Heidenheim,27-193,1997,1.0,1,0,0,4,0,0,0,0,2,0,0,0,3,5,2,71.4,Matches,GER-BL1,24-25
f521b80a,80,Matthias Ginter,GER,"DF,MF",Freiburg,30-224,1994,0.2,0,0,0,1,0,0,0,0,0,0,0,0,0,0,1,0.0,Matches,GER-BL1,24-25
10745192,81,Jamie Gittens,ENG,"DF,MF",Dortmund,20-022,2004,0.4,0,0,0,0,1,0,1,0,0,0,0,0,1,0,1,0.0,Matches,GER-BL1,24-25
88e357ef,82,Serge Gnabry,GER,FW,Bayern Munich,29-047,1995,1.0,0,0,0,0,0,0,1,0,1,0,0,0,2,1,1,50.0,Matches,GER-BL1,24-25
2d970560,83,Robin Gosens,GER,DF,Union Berlin,30-056,1994,1.0,1,0,0,5,0,0,1,1,0,0,0,0,1,7,4,63.6,Matches,GER-BL1,24-25
9efa1d25,84,Mario Götze,GER,"FW,MF",Eint Frankfurt,32-088,1992,0.8,0,0,0,0,2,0,0,1,1,0,0,0,4,0,0,,Matches,GER-BL1,24-25
1025db8e,85,Jeffrey Gouweleeuw,NED,DF,Augsburg,33-051,1991,1.0,1,0,0,0,0,0,0,2,0,0,0,0,4,1,0,100.0,Matches,GER-BL1,24-25
62182b1d,86,Kamil Grabara,POL,GK,Wolfsburg,25-235,1999,1.0,0,0,0,0,0,0,0,0,0,0,0,0,1,2,0,100.0,Matches,GER-BL1,24-25
54e4866f,87,Vincenzo Grifo,ITA,FW,Freiburg,31-145,1993,0.9,0,0,0,0,0,0,6,0,0,0,0,0,8,0,0,,Matches,GER-BL1,24-25
ffbbc83b,88,Florian Grillitsch,AUT,MF,Hoffenheim,29-023,1995,0.8,0,0,0,1,0,0,1,0,1,0,0,0,1,1,1,50.0,Matches,GER-BL1,24-25
b1f4086c,89,Álex Grimaldo,ESP,DF,Leverkusen,28-345,1995,1.0,0,0,0,0,1,0,4,0,0,0,0,0,2,1,1,50.0,Matches,GER-BL1,24-25
8aec0537,90,Pascal Groß,GER,MF,Dortmund,33-076,1991,1.0,0,0,0,0,0,0,7,0,1,0,0,0,5,2,0,100.0,Matches,GER-BL1,24-25
8babb812,91,Marco Grüll,AUT,FW,Werder Bremen,26-055,1998,0.1,1,0,0,1,0,0,0,0,0,0,0,0,1,0,0,,Matches,GER-BL1,24-25
79b51257,92,Morgan Guilavogui,GUI,FW,St. Pauli,26-173,1998,0.8,0,0,0,2,2,0,1,0,0,0,0,0,2,2,8,20.0,Matches,GER-BL1,24-25
bcb2ccd8,93,Péter Gulácsi,HUN,GK,RB Leipzig,34-116,1990,1.0,0,0,0,0,0,0,0,0,0,0,0,0,0,0,0,,Matches,GER-BL1,24-25
8593f88c,94,Christian Günter,GER,DF,Freiburg,31-184,1993,1.0,0,0,0,0,1,0,4,2,1,0,0,0,2,0,0,,Matches,GER-BL1,24-25
70dcf94d,95,Janik Haberer,GER,DF,Union Berlin,30-150,1994,0.2,0,0,0,0,0,0,2,0,1,0,0,0,1,0,2,0.0,Matches,GER-BL1,24-25
92432bc6,96,Amadou Haidara,MLI,MF,RB Leipzig,26-212,1998,0.8,0,0,0,1,0,0,0,1,2,0,0,0,8,1,0,100.0,Matches,GER-BL1,24-25
2e77d607,97,Andreas Hanche-Olsen,NOR,DF,Mainz 05,27-226,1997,1.0,0,0,0,1,1,0,0,2,1,0,0,0,2,5,1,83.3,Matches,GER-BL1,24-25
0a89e877,98,Benjamin Henrichs,GER,"DF,MF",RB Leipzig,27-189,1997,0.4,0,0,0,0,2,0,2,3,0,0,0,0,4,1,0,100.0,Matches,GER-BL1,24-25
0c7a48f8,99,Piero Hincapié,ECU,DF,Leverkusen,22-234,2002,1.0,0,0,0,0,1,0,1,1,1,0,0,0,1,2,0,100.0,Matches,GER-BL1,24-25
5521f419,100,Adam Hložek,CZE,FW,Hoffenheim,22-036,2002,0.6,1,0,0,1,0,1,0,0,0,0,0,0,0,2,1,66.7,Matches,GER-BL1,24-25
2903a856,101,Jonas Hofmann,GER,MF,Leverkusen,32-047,1992,0.7,0,0,0,0,1,0,1,0,0,0,0,0,4,0,0,,Matches,GER-BL1,24-25
877bc844,102,Philipp Hofmann,GER,FW,Bochum,31-153,1993,0.8,0,0,0,2,1,0,0,0,0,0,0,0,1,2,3,40.0,Matches,GER-BL1,24-25
ca618d23,103,Lucas Höler,GER,MF,Freiburg,30-051,1994,0.3,0,0,0,1,0,0,0,0,1,0,0,0,0,1,0,100.0,Matches,GER-BL1,24-25
2a158218,104,Benedict Hollerbach,GER,MF,Union Berlin,23-105,2001,0.8,0,0,0,1,1,1,1,0,0,0,0,0,0,0,2,0.0,Matches,GER-BL1,24-25
410ab123,105,Lewis Holtby,GER,MF,Holstein Kiel,33-347,1990,0.9,0,0,0,0,1,0,4,2,1,0,0,0,4,0,1,0.0,Matches,GER-BL1,24-25
db7849ca,106,Franck Honorat,FRA,"FW,DF",Gladbach,28-019,1996,1.0,0,0,0,1,0,1,3,0,0,0,0,0,5,0,1,0.0,Matches,GER-BL1,24-25
3dbdbb6a,107,Mathias Honsak,AUT,FW,Heidenheim,27-254,1996,0.1,0,0,0,0,0,0,1,0,0,0,0,0,0,0,0,,Matches,GER-BL1,24-25
ad3389d5,108,Lukáš Hrádecký,FIN,GK,Leverkusen,34-280,1989,1.0,0,0,0,0,0,0,0,0,0,0,0,0,1,0,0,,Matches,GER-BL1,24-25
3e2bbae6,109,Oscar Højlund,DEN,MF,Eint Frankfurt,19-239,2005,0.2,0,0,0,0,0,0,0,1,1,0,0,0,0,0,0,,Matches,GER-BL1,24-25
4637747c,110,Jackson Irvine,AUS,MF,St. Pauli,31-176,1993,1.0,1,0,0,1,1,0,0,3,0,0,0,0,4,6,4,60.0,Matches,GER-BL1,24-25
97d545ae,111,Ko Itakura,JPN,DF,Gladbach,27-216,1997,1.0,0,0,0,1,0,0,0,0,1,0,1,0,1,4,3,57.1,Matches,GER-BL1,24-25
964f4f30,112,Marko Ivezić,SRB,DF,Holstein Kiel,22-272,2001,1.0,0,0,0,0,0,0,0,3,1,0,0,0,4,0,2,0.0,Matches,GER-BL1,24-25
34b0387f,113,Lee Jae-sung,KOR,MF,Mainz 05,32-020,1992,1.0,0,0,0,0,0,1,0,1,0,0,0,0,2,5,3,62.5,Matches,GER-BL1,24-25
3eeb80e0,114,Fredrik Jensen,FIN,MF,Augsburg,26-356,1997,0.4,0,0,0,0,0,0,0,0,0,0,0,0,0,0,1,0.0,Matches,GER-BL1,24-25
de838f86,115,Anthony Jung,GER,DF,Werder Bremen,32-301,1991,0.5,0,0,0,0,0,0,0,2,0,0,0,0,1,1,1,50.0,Matches,GER-BL1,24-25
79c90e45,116,Pavel Kadeřábek,CZE,DF,Hoffenheim,32-127,1992,1.0,0,0,0,0,1,0,4,1,1,0,0,0,2,5,5,50.0,Matches,GER-BL1,24-25
202b3b68,117,Jakub Kamiński,POL,DF,Wolfsburg,22-086,2002,1.0,0,0,0,1,0,0,0,3,3,0,0,1,6,0,2,0.0,Matches,GER-BL1,24-25
b825a650,118,Kevin Kampl,SVN,MF,RB Leipzig,33-326,1990,1.0,0,0,0,0,1,0,0,0,1,0,0,0,7,0,2,0.0,Matches,GER-BL1,24-25
21a66f6a,119,Harry Kane,ENG,FW,Bayern Munich,31-033,1993,1.0,1,0,0,0,0,0,1,0,0,0,0,0,3,1,1,50.0,Matches,GER-BL1,24-25
5762be5c,120,Atakan Karazor,GER,MF,Stuttgart,27-322,1996,0.7,0,0,0,2,2,0,0,1,0,0,0,0,5,0,2,0.0,Matches,GER-BL1,24-25
58391f96,121,Andu Kelati,GER,MF,Holstein Kiel,22-017,2002,0.4,2,1,1,4,1,0,3,0,1,0,0,0,2,0,0,,Matches,GER-BL1,24-25
c107935c,122,Luca Kerber,GER,FW,Heidenheim,22-173,2002,0.1,0,0,0,0,0,0,0,0,0,0,0,0,0,0,0,,Matches,GER-BL1,24-25
59e4b92e,123,Rani Khedira,GER,MF,Union Berlin,30-216,1994,1.0,0,0,0,2,0,0,1,1,1,0,0,0,4,1,4,20.0,Matches,GER-BL1,24-25
49296448,124,Joshua Kimmich,GER,"MF,DF",Bayern Munich,29-204,1995,1.0,0,0,0,4,0,0,5,0,0,0,0,0,5,1,0,100.0,Matches,GER-BL1,24-25
258a6f4d,125,Tim Kleindienst,GER,FW,Gladbach,28-365,1995,1.0,0,0,0,4,1,1,0,0,0,0,0,0,2,2,4,33.3,Matches,GER-BL1,24-25
ca8033cb,126,Lukas Klostermann,GER,DF,RB Leipzig,28-088,1996,0.2,0,0,0,0,0,0,0,0,0,0,0,0,1,0,0,,Matches,GER-BL1,24-25
19a967ab,127,Ansgar Knauff,GER,FW,Eint Frankfurt,22-233,2002,0.2,0,0,0,0,0,0,2,0,1,0,0,0,0,0,0,,Matches,GER-BL1,24-25
a48fb0c7,128,Magnus Knudsen,NOR,MF,Holstein Kiel,23-076,2001,0.9,0,0,0,2,0,0,0,1,1,0,0,0,6,1,3,25.0,Matches,GER-BL1,24-25
cd59b9df,129,Gregor Kobel,SUI,GK,Dortmund,26-268,1997,1.0,0,0,0,0,0,0,0,0,0,0,0,0,1,0,0,,Matches,GER-BL1,24-25
ea6bc03a,130,Robin Koch,GER,DF,Eint Frankfurt,28-044,1996,1.0,0,0,0,1,0,0,0,0,0,0,0,0,1,1,3,25.0,Matches,GER-BL1,24-25
0fbecd11,131,Dominik Kohr,GER,DF,Mainz 05,30-212,1994,1.0,1,0,0,1,2,0,0,1,5,0,0,0,4,1,1,50.0,Matches,GER-BL1,24-25
e7efcdb8,132,Marco Komenda,CRO,DF,Holstein Kiel,27-278,1996,0.5,0,0,0,0,1,0,0,0,1,0,0,0,3,2,2,50.0,Matches,GER-BL1,24-25
603cb947,133,Andrej Kramarić,CRO,MF,Hoffenheim,33-072,1991,1.0,0,0,0,1,4,0,11,0,0,0,0,0,3,0,0,,Matches,GER-BL1,24-25
1fc08838,134,Frans Krätzig,GER,DF,Stuttgart,21-229,2003,0.6,0,0,0,1,0,0,1,0,1,0,0,0,3,1,0,100.0,Matches,GER-BL1,24-25
39769cff,135,Rasmus Kristensen,DEN,DF,Eint Frankfurt,27-050,1997,1.0,0,0,0,0,0,0,1,0,1,0,0,0,3,1,2,33.3,Matches,GER-BL1,24-25
2a29eb9b,136,Lukas Kübler,GER,DF,Freiburg,32-000,1992,0.9,0,0,0,0,1,0,0,0,2,0,0,0,5,1,0,100.0,Matches,GER-BL1,24-25
208fc867,137,Nediljko Labrović,CRO,GK,Augsburg,24-325,1999,1.0,0,0,0,0,0,0,0,0,0,0,0,0,1,0,0,,Matches,GER-BL1,24-25
4aea5077,138,Stefan Lainer,AUT,DF,Gladbach,32-003,1992,0.0,1,0,0,1,0,0,0,0,0,0,0,0,0,0,0,,Matches,GER-BL1,24-25
00c9a283,139,Hugo Larsson,SWE,MF,Eint Frankfurt,20-064,2004,1.0,0,0,0,0,0,0,0,1,0,0,0,0,5,0,1,0.0,Matches,GER-BL1,24-25
c4987edc,140,Diogo Leite,POR,DF,Union Berlin,25-220,1999,1.0,0,0,0,0,3,0,0,1,2,0,0,0,6,1,1,50.0,Matches,GER-BL1,24-25
7e12a98d,141,Maxim Leitsch,GER,DF,Mainz 05,26-104,1998,0.3,0,0,0,1,0,0,0,0,0,0,0,0,0,0,1,0.0,Matches,GER-BL1,24-25
13fe7b69,142,Jamie Leweling,GER,"FW,DF",Stuttgart,23-186,2001,1.0,0,0,0,1,1,0,3,1,0,0,0,0,3,0,0,,Matches,GER-BL1,24-25
302527b2,143,Philipp Lienhart,AUT,DF,Freiburg,28-050,1996,1.0,1,0,0,2,0,0,0,2,1,0,0,0,3,0,0,,Matches,GER-BL1,24-25
07c7eb0c,144,Anthony Losilla,FRA,MF,Bochum,38-173,1986,0.8,0,0,0,0,0,0,0,1,0,0,0,0,2,1,1,50.0,Matches,GER-BL1,24-25
5b9512c5,145,Castello Lukeba,FRA,DF,RB Leipzig,21-257,2002,1.0,0,0,0,1,1,0,0,1,1,0,0,0,4,1,1,50.0,Matches,GER-BL1,24-25
0ed60738,146,Senne Lynen,BEL,MF,Werder Bremen,25-193,1999,1.0,0,0,0,1,2,0,0,0,0,0,0,0,4,1,1,50.0,Matches,GER-BL1,24-25
964dde35,147,Shuto Machino,JPN,"FW,MF",Holstein Kiel,24-335,1999,1.0,0,0,0,2,0,1,2,0,0,0,0,0,3,4,2,66.7,Matches,GER-BL1,24-25
ab700320,148,Arne Maier,GER,MF,Augsburg,25-235,1999,0.6,0,0,0,0,0,0,2,0,0,0,0,0,1,0,0,,Matches,GER-BL1,24-25
dd9caa07,149,Patrick Mainka,GER,DF,Heidenheim,29-298,1994,1.0,0,0,0,1,1,0,0,2,0,0,0,0,3,3,1,75.0,Matches,GER-BL1,24-25
fc46aab1,150,Lovro Majer,CRO,MF,Wolfsburg,26-226,1998,0.9,0,0,0,3,1,0,0,0,0,0,0,0,2,1,2,33.3,Matches,GER-BL1,24-25
116c35df,151,Donyell Malen,NED,DF,Dortmund,25-234,1999,0.6,0,0,0,0,0,0,3,0,0,0,0,0,2,0,0,,Matches,GER-BL1,24-25
75402e99,152,Lennard Maloney,USA,MF,Heidenheim,24-327,1999,1.0,1,0,0,1,0,0,0,2,0,0,0,0,5,4,1,80.0,Matches,GER-BL1,24-25
0e0102eb,153,Omar Marmoush,EGY,MF,Eint Frankfurt,25-205,1999,0.8,0,0,0,0,2,0,0,0,0,0,0,0,3,0,0,,Matches,GER-BL1,24-25
a396fb61,154,Erhan Mašović,SRB,DF,Bochum,25-282,1998,1.0,0,0,0,1,0,0,0,0,2,0,0,0,5,1,2,33.3,Matches,GER-BL1,24-25
948e1292,155,Igor Matanovic,CRO,FW,Eint Frankfurt,21-152,2003,0.2,0,0,0,0,1,0,0,0,0,0,0,0,0,0,1,0.0,Matches,GER-BL1,24-25
ebb32f3a,156,Keke Maximilian Topp,GER,FW,Werder Bremen,20-158,2004,0.5,0,0,0,2,0,2,0,0,0,0,0,0,3,1,1,50.0,Matches,GER-BL1,24-25
5f5ebdae,157,Jakov Medić,CRO,DF,Bochum,25-358,1998,0.9,0,0,0,2,0,0,0,1,2,0,0,0,4,3,3,50.0,Matches,GER-BL1,24-25
73ce4d7d,158,Connor Metcalfe,AUS,MF,St. Pauli,24-299,1999,0.9,0,0,0,2,1,0,1,1,0,0,0,0,2,1,3,25.0,Matches,GER-BL1,24-25
ef2ad14e,159,Karol Mets,EST,DF,St. Pauli,31-106,1993,1.0,0,0,0,0,1,0,0,2,2,0,0,0,8,3,1,75.0,Matches,GER-BL1,24-25
f76022e7,160,Enzo Millot,FRA,MF,Stuttgart,22-044,2002,1.0,0,0,0,1,0,0,1,3,1,0,0,0,6,0,0,,Matches,GER-BL1,24-25
e0f8151c,161,Kim Min-jae,KOR,DF,Bayern Munich,27-289,1996,0.9,0,0,0,1,0,0,0,0,0,0,0,0,2,4,2,66.7,Matches,GER-BL1,24-25
88d4144a,162,Maximilian Mittelstädt,GER,DF,Stuttgart,27-165,1997,0.4,1,0,0,1,0,0,3,0,0,0,0,0,4,1,1,50.0,Matches,GER-BL1,24-25
710045fb,163,Max Moerstedt,GER,FW,Hoffenheim,,,0.0,1,0,0,1,0,0,0,0,0,0,0,0,2,1,0,100.0,Matches,GER-BL1,24-25
19ba6c6d,164,Steve Mounié,BEN,FW,Augsburg,29-336,1994,0.1,0,0,0,0,0,0,0,0,1,0,0,0,1,0,0,,Matches,GER-BL1,24-25
cbac6ec9,165,Florian Müller,GER,GK,Freiburg,26-291,1997,1.0,0,0,0,0,0,0,0,0,0,0,0,0,1,0,0,,Matches,GER-BL1,24-25
f256f213,166,Kevin Müller,GER,GK,Heidenheim,33-168,1991,1.0,0,0,0,0,0,0,0,0,0,0,0,0,2,1,0,100.0,Matches,GER-BL1,24-25
3c6089ab,167,Thomas Müller,GER,MF,Bayern Munich,34-352,1989,0.3,0,0,0,1,0,0,0,0,0,0,0,0,0,0,0,,Matches,GER-BL1,24-25
2c0558b8,168,Jamal Musiala,GER,MF,Bayern Munich,21-186,2003,1.0,1,0,0,2,4,0,0,1,2,0,0,0,4,0,0,,Matches,GER-BL1,24-25
ae961785,169,Florent Muslija,KVX,MF,Freiburg,26-055,1998,0.1,0,0,0,0,0,0,1,0,0,0,0,0,1,0,0,,Matches,GER-BL1,24-25
2ff76adc,170,Phillipp Mwene,AUT,DF,Mainz 05,30-214,1994,1.0,0,0,0,1,0,0,6,0,0,0,0,0,3,0,1,0.0,Matches,GER-BL1,24-25
e110ea4b,171,Nathan N'Goumou,FRA,FW,Gladbach,24-169,2000,0.0,0,0,0,0,0,0,0,0,0,0,0,0,0,0,1,0.0,Matches,GER-BL1,24-25
61590953,172,Stanley N'Soki,FRA,DF,Hoffenheim,25-143,1999,0.0,0,0,0,0,0,0,0,0,0,0,0,0,1,0,1,0.0,Matches,GER-BL1,24-25
1b6d8083,173,Paul Nebel,GER,DF,Mainz 05,21-325,2002,0.1,0,0,0,0,0,0,0,0,0,0,0,0,0,0,0,,Matches,GER-BL1,24-25
e79269bd,174,Luca Netz,GER,DF,Gladbach,21-107,2003,1.0,0,0,0,0,0,0,1,4,2,0,0,0,1,0,0,,Matches,GER-BL1,24-25
8778c910,175,Manuel Neuer,GER,GK,Bayern Munich,38-156,1986,1.0,0,0,0,0,0,0,0,0,0,0,0,0,1,0,0,,Matches,GER-BL1,24-25
a45241d5,176,Justin Njinmah,GER,FW,Werder Bremen,23-289,2000,0.5,0,0,0,0,0,0,1,0,1,0,0,0,4,1,1,50.0,Matches,GER-BL1,24-25
f5b281e7,177,Niels Nkounkou,FRA,DF,Eint Frankfurt,23-303,2000,0.2,0,0,0,0,0,0,1,0,0,0,0,0,1,0,2,0.0,Matches,GER-BL1,24-25
091c86e2,178,Felix Nmecha,GER,MF,Dortmund,23-325,2000,0.1,0,0,0,1,0,0,0,0,0,0,0,0,1,0,0,,Matches,GER-BL1,24-25
afb0c500,179,Alexander Nübel,GER,GK,Stuttgart,27-335,1996,1.0,0,0,0,0,0,0,0,0,0,0,0,0,1,0,0,,Matches,GER-BL1,24-25
4ab12002,180,Antonio Nusa,NOR,MF,RB Leipzig,19-135,2005,0.4,0,0,0,0,1,1,0,0,0,0,0,0,0,0,1,0.0,Matches,GER-BL1,24-25
57ec75bf,181,Tim Oermann,GER,DF,Bochum,20-329,2003,0.1,0,0,0,0,0,0,0,0,0,0,0,0,0,0,1,0.0,Matches,GER-BL1,24-25
d41472b7,182,Ifechukwu Ogbus,SUI,DF,Freiburg,18-257,2005,0.1,0,0,0,0,0,0,0,1,1,0,0,0,0,0,0,,Matches,GER-BL1,24-25
c4486bac,183,Michael Olise,FRA,FW,Bayern Munich,22-262,2001,0.8,0,0,0,1,2,0,4,0,0,0,0,0,2,1,1,50.0,Matches,GER-BL1,24-25
c631f952,184,Jonas Omlin,SUI,GK,Gladbach,30-233,1994,1.0,0,0,0,0,0,0,0,0,0,0,0,0,1,0,0,,Matches,GER-BL1,24-25
f26834c7,185,Karim Onisiwo,AUT,MF,Mainz 05,32-166,1992,0.8,0,0,0,0,2,0,1,0,0,0,0,0,0,2,1,66.7,Matches,GER-BL1,24-25
8652a85c,186,Loïs Openda,BEL,FW,RB Leipzig,24-196,2000,0.9,0,0,0,1,4,1,3,0,0,0,0,0,1,1,1,50.0,Matches,GER-BL1,24-25
20030c06,187,Willi Orban,HUN,DF,RB Leipzig,31-301,1992,0.9,0,1,0,1,2,0,0,2,3,0,0,0,5,3,2,60.0,Matches,GER-BL1,24-25
9662c9ec,188,Patrick Osterhage,GER,MF,Freiburg,24-211,2000,1.0,0,0,0,1,2,1,0,2,2,0,0,0,4,2,0,100.0,Matches,GER-BL1,24-25
2420dbac,189,Mats Pannewig,GER,MF,Bochum,19-307,2004,0.2,0,0,0,1,0,0,0,0,0,0,0,0,2,0,0,,Matches,GER-BL1,24-25
5c899683,190,Felix Passlack,GER,DF,Bochum,26-093,1998,1.0,0,0,0,1,3,0,1,1,3,0,0,0,6,1,0,100.0,Matches,GER-BL1,24-25
2658c82f,191,Aleksandar Pavlovic,GER,MF,Bayern Munich,20-119,2004,1.0,0,0,0,0,1,0,1,0,3,0,0,0,1,1,2,33.3,Matches,GER-BL1,24-25
582a5247,192,Mads Pedersen,DEN,DF,Augsburg,27-364,1996,1.0,0,0,0,1,0,0,2,1,1,0,0,0,3,0,0,,Matches,GER-BL1,24-25
b684a484,193,Jordan Pefok,USA,FW,Union Berlin,28-126,1996,1.0,0,0,0,2,0,0,0,0,1,0,0,0,1,5,2,71.4,Matches,GER-BL1,24-25
c184c8c8,194,Benedikt Pichler,AUT,FW,Holstein Kiel,27-041,1997,0.6,0,0,0,0,1,0,0,0,0,0,0,0,1,8,3,72.7,Matches,GER-BL1,24-25
11407d95,195,Marvin Pieringer,GER,MF,Heidenheim,24-331,1999,0.3,0,0,0,0,0,0,0,0,0,0,0,0,1,2,0,100.0,Matches,GER-BL1,24-25
bc6bd723,196,Alassane Pléa,FRA,FW,Gladbach,31-173,1993,0.8,0,0,0,0,2,0,3,0,0,0,0,0,3,0,1,0.0,Matches,GER-BL1,24-25
b020d807,197,Finn Porath,GER,DF,Holstein Kiel,27-189,1997,0.5,0,0,0,0,1,0,3,0,1,0,0,0,5,1,0,100.0,Matches,GER-BL1,24-25
d2416c2e,198,Yussuf Poulsen,DEN,FW,RB Leipzig,30-076,1994,0.2,0,0,0,0,1,0,0,0,0,0,0,0,1,3,0,100.0,Matches,GER-BL1,24-25
6637e6a7,199,Alexander Prass,AUT,DF,Hoffenheim,23-096,2001,1.0,0,0,0,1,1,0,5,0,0,0,0,0,3,0,3,0.0,Matches,GER-BL1,24-25
924f9191,200,Grischa Prömel,GER,MF,Hoffenheim,29-234,1995,1.0,0,0,0,0,3,0,0,1,0,0,0,0,4,1,3,25.0,Matches,GER-BL1,24-25
c68b1b13,201,Tymoteusz Puchacz,POL,DF,Holstein Kiel,25-220,1999,0.5,0,0,0,0,2,0,6,0,1,0,0,0,1,1,1,50.0,Matches,GER-BL1,24-25
9fd158d6,202,Leopold Querfeld,AUT,DF,Union Berlin,20-254,2003,0.1,0,0,0,0,0,0,0,1,0,0,0,0,0,1,1,50.0,Matches,GER-BL1,24-25
7d450ed3,203,David Raum,GER,DF,RB Leipzig,26-130,1998,1.0,0,0,0,0,0,0,7,0,1,0,0,0,8,0,1,0.0,Matches,GER-BL1,24-25
cc971106,204,Rocco Reitz,GER,MF,Gladbach,22-093,2002,0.8,0,0,0,1,0,0,1,3,0,0,0,0,2,1,1,50.0,Matches,GER-BL1,24-25
625fd441,205,Nicolai Remberg,GER,MF,Holstein Kiel,24-072,2000,0.1,0,0,0,1,1,0,0,0,1,0,0,0,1,1,1,50.0,Matches,GER-BL1,24-25
1ae836b1,206,Elvis Rexhbeçaj,GER,MF,Augsburg,26-303,1997,1.0,0,0,0,0,4,0,5,0,0,0,0,0,4,0,0,,Matches,GER-BL1,24-25
7fa4e703,207,Gio Reyna,USA,MF,Dortmund,21-291,2002,0.1,0,0,0,0,0,0,1,0,0,0,0,0,1,1,0,100.0,Matches,GER-BL1,24-25
c2bd8585,208,Fabian Rieder,SUI,MF,Stuttgart,22-196,2002,0.3,0,0,0,0,1,0,1,1,0,0,0,0,2,0,2,0.0,Matches,GER-BL1,24-25
35d23b15,209,Lars Ritzka,GER,DF,St. Pauli,26-115,1998,0.8,0,0,0,0,2,0,5,0,5,0,0,0,5,0,3,0.0,Matches,GER-BL1,24-25
1f2c7b55,210,Merlin Röhl,GER,MF,Freiburg,22-056,2002,0.7,0,0,0,0,0,0,2,0,0,0,0,0,2,2,0,100.0,Matches,GER-BL1,24-25
b6ceba6b,211,Max Rosenfelder,GER,DF,Freiburg,21-202,2003,1.0,0,0,0,0,0,0,0,0,0,0,0,0,3,1,0,100.0,Matches,GER-BL1,24-25
009a4f60,212,Julian Ryerson,NOR,DF,Dortmund,26-287,1997,1.0,0,0,0,2,1,0,4,0,0,0,0,0,4,1,0,100.0,Matches,GER-BL1,24-25
a70b8345,213,Frederik Rønnow,DEN,GK,Union Berlin,32-026,1992,1.0,0,0,0,0,1,0,0,0,0,0,0,0,1,1,0,100.0,Matches,GER-BL1,24-25
78a2284f,214,Elias Saad,TUN,MF,St. Pauli,24-247,1999,0.1,0,0,0,0,0,0,0,0,1,0,0,0,1,0,0,,Matches,GER-BL1,24-25
e280527c,215,Marcel Sabitzer,AUT,MF,Dortmund,30-166,1994,0.9,0,0,0,0,0,0,0,0,0,0,0,0,2,0,0,,Matches,GER-BL1,24-25
18fe6d90,216,Manolis Saliakas,GRE,DF,St. Pauli,27-353,1996,0.2,0,0,0,1,0,0,1,0,1,0,0,0,1,0,0,,Matches,GER-BL1,24-25
bf075f6b,217,Roland Sallai,HUN,"MF,FW",Freiburg,27-100,1997,0.2,0,0,0,0,0,0,0,0,1,0,0,0,0,0,1,0.0,Matches,GER-BL1,24-25
5c90bad8,218,Philipp Sander,GER,MF,Gladbach,26-191,1998,0.2,0,0,0,1,0,0,0,1,0,0,0,0,0,0,0,,Matches,GER-BL1,24-25
7a7a6361,219,Kaishu Sano,JPN,MF,Mainz 05,23-244,2000,0.9,0,0,0,0,2,0,0,0,1,0,0,0,0,1,3,25.0,Matches,GER-BL1,24-25
236f02cd,220,Joe Scally,USA,DF,Gladbach,21-243,2002,1.0,0,0,0,0,1,0,1,0,1,0,0,0,5,0,2,0.0,Matches,GER-BL1,24-25
049751d7,221,András Schäfer,HUN,MF,Union Berlin,25-139,1999,0.8,0,0,0,1,1,0,0,0,1,0,0,0,7,2,2,50.0,Matches,GER-BL1,24-25
f6bdc830,222,Keven Schlotterbeck,GER,DF,Augsburg,27-124,1997,1.0,0,0,0,0,1,0,0,1,2,0,0,0,3,1,4,20.0,Matches,GER-BL1,24-25
34e12499,223,Nico Schlotterbeck,GER,DF,Dortmund,24-273,1999,1.0,0,0,0,2,1,0,2,1,5,0,0,0,6,6,0,100.0,Matches,GER-BL1,24-25
220ace7e,224,Romano Schmid,AUT,MF,Werder Bremen,24-216,2000,1.0,0,0,0,1,1,0,4,0,1,0,0,0,2,1,0,100.0,Matches,GER-BL1,24-25
932bfcac,225,Jan Schöppner,GER,MF,Heidenheim,25-079,1999,1.0,0,0,0,1,1,0,0,3,1,0,0,0,7,1,1,50.0,Matches,GER-BL1,24-25
651167c8,226,Marvin Schulz,GER,MF,Holstein Kiel,29-228,1995,0.1,0,0,0,0,0,0,1,0,0,0,0,0,0,0,0,,Matches,GER-BL1,24-25
79064bc9,227,Léo Scienza,BRA,FW,Heidenheim,25-352,1998,0.7,0,0,0,1,2,0,5,0,0,0,0,0,2,0,0,,Matches,GER-BL1,24-25
28c6e925,228,Nicolas Seiwald,AUT,MF,RB Leipzig,23-118,2001,0.6,0,0,0,2,0,0,1,2,0,0,0,0,4,0,0,,Matches,GER-BL1,24-25
3260690c,229,Benjamin Šeško,SVN,FW,RB Leipzig,21-091,2003,0.8,0,0,0,0,1,1,1,0,0,0,0,0,1,3,2,60.0,Matches,GER-BL1,24-25
228c1d94,230,Armindo Sieb,GER,MF,Mainz 05,21-195,2003,0.2,0,0,0,0,0,0,0,0,0,0,0,0,0,1,0,100.0,Matches,GER-BL1,24-25
fcb27134,231,Mohamed Simakan,FRA,DF,RB Leipzig,24-119,2000,0.6,0,0,0,0,1,0,1,2,0,0,0,0,3,3,1,75.0,Matches,GER-BL1,24-25
da4d670f,232,Xavi Simons,NED,MF,RB Leipzig,21-131,2003,1.0,1,0,0,2,2,0,7,0,0,0,0,0,3,1,3,25.0,Matches,GER-BL1,24-25
0f8418aa,233,Ibrahima Sissoko,MLI,MF,Bochum,26-308,1997,1.0,1,0,0,4,2,0,0,1,3,0,0,0,7,2,1,66.7,Matches,GER-BL1,24-25
65857fdf,234,Tim Skarke,GER,MF,Union Berlin,27-358,1996,0.2,0,0,0,0,1,0,3,0,0,0,0,0,0,0,1,0.0,Matches,GER-BL1,24-25
c2211709,235,Ellyes Skhiri,TUN,MF,Eint Frankfurt,29-112,1995,1.0,1,0,0,2,0,0,0,2,1,0,0,0,3,1,1,50.0,Matches,GER-BL1,24-25
8817312f,236,Eric Smith,SWE,DF,St. Pauli,27-235,1997,1.0,0,0,0,0,1,0,6,0,0,0,0,0,2,2,1,66.7,Matches,GER-BL1,24-25
0f59a7bf,237,Anton Stach,GER,DF,Hoffenheim,25-289,1998,1.0,0,0,0,0,1,0,0,1,3,0,0,0,9,4,2,66.7,Matches,GER-BL1,24-25
1fffae99,238,Jens Stage,DEN,MF,Werder Bremen,27-296,1996,1.0,0,0,0,1,1,0,0,0,3,0,0,0,3,1,0,100.0,Matches,GER-BL1,24-25
aad48be9,239,Niklas Stark,GER,DF,Werder Bremen,29-138,1995,0.5,0,0,0,1,1,0,0,1,0,0,0,0,2,1,1,50.0,Matches,GER-BL1,24-25
99f7e9aa,240,Pascal Stenzel,GER,DF,Stuttgart,28-163,1996,0.7,0,0,0,1,0,0,2,0,0,0,0,0,3,0,0,,Matches,GER-BL1,24-25
3b1ed320,241,Angelo Stiller,GER,"DF,MF",Stuttgart,23-148,2001,1.0,0,0,0,0,2,0,2,1,0,0,0,0,4,2,1,66.7,Matches,GER-BL1,24-25
e5649a78,242,Kevin Stöger,AUT,MF,Gladbach,31-003,1993,1.0,0,0,0,1,2,0,5,2,3,0,0,0,4,0,1,0.0,Matches,GER-BL1,24-25
e33c06cf,243,Niklas Süle,GER,DF,Dortmund,28-362,1995,1.0,0,0,0,0,0,0,0,0,2,0,0,0,2,1,0,100.0,Matches,GER-BL1,24-25
92d83c27,244,Mattias Svanberg,SWE,MF,Wolfsburg,25-238,1999,0.9,1,0,0,0,3,0,0,0,1,0,0,0,3,0,0,,Matches,GER-BL1,24-25
bd142efb,245,Jonathan Tah,GER,DF,Leverkusen,28-201,1996,1.0,0,0,0,0,0,0,0,1,0,0,0,0,6,5,2,71.4,Matches,GER-BL1,24-25
a73c8f95,246,Edmond Tapsoba,BFA,DF,Leverkusen,25-210,1999,1.0,0,0,0,3,0,0,2,0,3,0,0,0,5,1,0,100.0,Matches,GER-BL1,24-25
5148dcc5,247,Martin Terrier,FRA,MF,Leverkusen,27-179,1997,0.3,0,0,0,0,0,0,0,0,0,0,0,0,0,0,1,0.0,Matches,GER-BL1,24-25
df8d6029,248,Arthur Theate,BEL,DF,Eint Frankfurt,24-097,2000,0.8,0,0,0,0,0,0,1,1,0,0,0,0,2,0,0,,Matches,GER-BL1,24-25
3397e7b5,249,Phillip Tietz,GER,FW,Augsburg,27-052,1997,0.7,0,0,0,2,0,0,0,0,1,0,0,0,1,3,2,60.0,Matches,GER-BL1,24-25
b492126a,250,Tiago Tomás,POR,FW,Wolfsburg,22-075,2002,1.0,0,0,0,1,3,1,1,3,3,1,0,0,3,1,4,20.0,Matches,GER-BL1,24-25
71ec39ef,251,Lucas Tousart,FRA,MF,Union Berlin,27-123,1997,0.7,1,0,0,1,0,0,0,0,1,0,0,0,1,0,0,,Matches,GER-BL1,24-25
f44e8a73,252,Omar Traoré,GER,DF,Heidenheim,26-208,1998,1.0,1,0,0,2,2,0,3,0,0,0,0,0,8,4,0,100.0,Matches,GER-BL1,24-25
ce17b5eb,253,Kevin Trapp,GER,GK,Eint Frankfurt,34-053,1990,1.0,0,0,0,0,0,0,0,0,0,0,0,0,0,0,0,,Matches,GER-BL1,24-25
047822ad,254,Philipp Treu,GER,DF,St. Pauli,23-271,2000,1.0,0,0,0,1,1,0,4,0,1,0,0,0,8,0,1,0.0,Matches,GER-BL1,24-25
056d2d95,255,Christopher Trimmel,AUT,DF,Union Berlin,37-188,1987,0.8,0,0,0,1,0,0,10,0,1,0,0,0,0,0,0,,Matches,GER-BL1,24-25
35d64857,256,Tuta,BRA,DF,Eint Frankfurt,25-057,1999,1.0,0,0,0,0,0,0,0,3,2,0,0,0,2,0,1,0.0,Matches,GER-BL1,24-25
dd549382,257,Deniz Undav,GER,MF,Stuttgart,28-042,1996,0.7,0,0,0,0,0,0,1,0,1,0,0,0,2,0,2,0.0,Matches,GER-BL1,24-25
d248cd8f,258,Dayot Upamecano,FRA,DF,Bayern Munich,25-308,1998,1.0,0,0,0,0,1,0,0,1,1,0,0,0,5,4,3,57.1,Matches,GER-BL1,24-25
1d0b134a,259,Can Uzun,TUR,MF,Eint Frankfurt,18-293,2005,0.2,0,0,0,0,0,0,1,0,0,0,0,0,0,0,0,,Matches,GER-BL1,24-25
f038585f,260,Nikola Vasilj,BIH,GK,St. Pauli,28-272,1995,1.0,0,0,0,0,0,0,0,0,0,0,0,0,4,0,0,,Matches,GER-BL1,24-25
a5ae8f8e,261,Miloš Veljković,SRB,DF,Werder Bremen,28-339,1995,1.0,0,0,0,0,0,0,0,0,0,0,0,0,2,1,3,25.0,Matches,GER-BL1,24-25
e8ef59da,262,Yorbe Vertessen,BEL,MF,Union Berlin,23-235,2001,0.3,0,0,0,0,2,0,0,0,0,0,0,0,1,0,0,,Matches,GER-BL1,24-25
1d8e9add,263,Kevin Vogt,GER,DF,Union Berlin,32-342,1991,0.9,0,0,0,0,0,0,0,0,1,0,0,0,4,2,1,66.7,Matches,GER-BL1,24-25
e3d3fbeb,264,Robert Wagner,GER,MF,St. Pauli,21-047,2003,0.8,1,0,0,1,2,0,1,0,1,0,0,0,6,1,0,100.0,Matches,GER-BL1,24-25
f3db5b34,265,Hauke Wahl,GER,DF,St. Pauli,30-137,1994,1.0,0,0,0,0,1,0,1,1,1,0,0,0,6,2,1,66.7,Matches,GER-BL1,24-25
cb64672e,266,Paul Wanner,GER,"MF,FW",Heidenheim,18-251,2005,0.9,0,0,0,0,1,0,0,0,3,0,0,0,5,0,0,,Matches,GER-BL1,24-25
346d51d9,267,Julian Weigl,GER,MF,Gladbach,28-357,1995,1.0,0,0,0,0,1,0,0,5,0,0,0,0,3,0,0,,Matches,GER-BL1,24-25
1fb2d1b0,268,Timon Weiner,GER,GK,Holstein Kiel,25-225,1999,1.0,1,0,0,1,0,0,0,0,0,0,1,0,2,0,0,,Matches,GER-BL1,24-25
231c67ff,269,Nelson Weiper,GER,MF,Mainz 05,19-166,2005,0.1,0,0,0,0,1,0,0,0,0,0,0,0,1,0,0,,Matches,GER-BL1,24-25
30c220c3,270,Mitchell Weiser,GER,DF,Werder Bremen,30-131,1994,1.0,0,0,0,1,1,0,5,1,1,0,0,0,1,3,0,100.0,Matches,GER-BL1,24-25
cb11b429,271,Patrick Wimmer,AUT,FW,Wolfsburg,23-092,2001,0.8,0,0,0,1,1,2,0,1,1,0,0,0,2,2,1,66.7,Matches,GER-BL1,24-25
2077ae86,272,Jonas Wind,DEN,MF,Wolfsburg,25-205,1999,0.1,0,0,0,0,0,0,0,0,0,0,0,0,0,0,1,0.0,Matches,GER-BL1,24-25
e7fcf289,273,Florian Wirtz,GER,MF,Leverkusen,21-119,2003,1.0,0,0,0,0,1,0,3,0,2,0,0,0,4,0,0,,Matches,GER-BL1,24-25
edb2712b,274,Maximilian Wittek,GER,DF,Bochum,29-009,1995,1.0,1,0,0,1,0,0,4,2,0,0,0,0,1,1,2,33.3,Matches,GER-BL1,24-25
fa661778,275,Marius Wolf,GER,DF,Augsburg,29-095,1995,0.1,0,0,0,0,0,0,0,0,0,0,0,0,1,0,0,,Matches,GER-BL1,24-25
7ca196eb,276,Nick Woltemade,GER,MF,Stuttgart,22-198,2002,0.1,0,0,0,0,0,0,0,0,0,0,0,0,0,0,0,,Matches,GER-BL1,24-25
e61b8aee,277,Granit Xhaka,SUI,MF,Leverkusen,31-338,1992,1.0,0,0,0,0,1,0,0,1,0,0,0,0,7,1,1,50.0,Matches,GER-BL1,24-25
5c4bf6ba,278,Robin Zentner,GER,GK,Mainz 05,29-307,1994,1.0,0,0,0,0,0,0,0,0,0,0,0,0,0,1,0,100.0,Matches,GER-BL1,24-25
2bab583c,279,Cedric Zesiger,SUI,DF,Wolfsburg,26-067,1998,1.0,1,0,0,2,0,0,2,0,2,0,0,0,2,0,1,0.0,Matches,GER-BL1,24-25
9b688ae1,280,Michael Zetterer,GER,GK,Werder Bremen,29-049,1995,1.0,0,0,0,0,0,0,0,0,0,0,0,0,1,0,0,,Matches,GER-BL1,24-25
