id,Unnamed: 0_level_0,Unnamed: 1_level_0,Unnamed: 2_level_0,Unnamed: 3_level_0,Unnamed: 4_level_0,Unnamed: 5_level_0,Unnamed: 6_level_0,Playing Time,Playing Time,Playing Time,Playing Time,Playing Time,Starts,Starts,Starts,Subs,Subs,Subs,Team Success,Team Success,Team Success,Team Success,Team Success,Team Success,Team Success (xG),Team Success (xG),Team Success (xG),Team Success (xG),Team Success (xG),Unnamed: 29_level_0,Unnamed: league,Unnamed: season
,Rk,Player,Nation,Pos,Squad,Age,Born,MP,Min,Mn/MP,Min%,90s,Starts,Mn/Start,Compl,Subs,Mn/Sub,unSub,PPM,onG,onGA,+/-,+/-90,On-Off,onxG,onxGA,xG+/-,xG+/-90,On-Off,Matches,league,season
a7e4760c,1,Ismael Aaneba,FRA,DF,Strasbourg,20,1999,0,,,,,0,,0,0,,8,,,,,,,,,,,,Matches,FRA-L1,19-20
32c2d95f,2,Yunis Abdelhamid,MAR,DF,Reims,31,1987,28,2520,90,100.0,28.0,28,90,28,0,,0,1.46,26,21,5,0.18,,30.6,28.5,2.1,0.08,,Matches,FRA-L1,19-20
a4c3f7af,3,Mehdi Abeid,ALG,MF,Nantes,26,1992,25,1817,73,72.1,20.2,20,85,15,5,22,1,1.44,20,25,-5,-0.25,-0.5,20.8,25.4,-4.5,-0.22,-0.65,Matches,FRA-L1,19-20
469d3d84,4,Charles Abi,FRA,FW,Saint-Étienne,19,2000,15,623,42,24.7,6.9,6,73,2,9,20,1,0.93,7,14,-7,-1.01,-0.58,8.3,10.9,-2.5,-0.37,-0.14,Matches,FRA-L1,19-20
dcfb17f4,5,Amine Adli,MAR,"MF,FW",Toulouse,19,2000,4,46,12,1.8,0.5,0,,0,4,11,3,0.0,0,0,0,0.0,1.31,0.6,0.7,-0.1,-0.18,0.32,Matches,FRA-L1,19-20
26777636,6,Yacine Adli,FRA,MF,Bordeaux,19,2000,21,1020,49,40.5,11.3,11,76,3,10,19,1,1.33,17,11,6,0.53,0.53,11.3,11.9,-0.6,-0.05,0.31,Matches,FRA-L1,19-20
e621fe01,7,Amir Adouyev,RUS,MF,Montpellier,20,1999,0,,,,,0,,0,0,,1,,,,,,,,,,,,Matches,FRA-L1,19-20
288e1e13,8,Nayef Aguerd,MAR,DF,Dijon,23,1996,11,957,87,38.0,10.6,11,87,10,0,,3,1.27,9,13,-4,-0.38,-0.03,12.0,14.5,-2.5,-0.23,0.08,Matches,FRA-L1,19-20
3dd738a1,9,Ruben Aguilar,FRA,DF,Monaco,26,1993,19,1072,56,42.5,11.9,11,83,9,8,20,5,1.32,20,16,4,0.34,0.58,22.5,16.3,6.2,0.52,0.53,Matches,FRA-L1,19-20
48b28bfd,10,Jean-Eudes Aholou,CIV,MF,Saint-Étienne,25,1994,11,630,57,25.0,7.0,8,61,2,3,47,3,1.0,8,10,-2,-0.29,0.38,9.6,8.0,1.6,0.23,0.65,Matches,FRA-L1,19-20
c46fa34c,11,Youssef Aït Bennasser,MAR,MF,Bordeaux,23,1996,12,536,45,21.3,6.0,6,79,2,6,10,5,1.17,7,6,1,0.17,-0.06,5.7,7.2,-1.5,-0.25,-0.02,Matches,FRA-L1,19-20
9b398aea,12,Rayan Aït-Nouri,ALG,DF,Angers,18,2001,17,1282,75,50.9,14.2,16,79,10,1,19,0,1.53,18,17,1,0.07,0.51,16.8,13.8,3.1,0.22,0.37,Matches,FRA-L1,19-20
462475ed,13,Ludovic Ajorque,FRA,FW,Strasbourg,25,1994,26,2058,79,84.7,22.9,24,84,12,2,20,1,1.46,31,21,10,0.44,2.86,28.6,25.4,3.2,0.14,0.43,Matches,FRA-L1,19-20
414e1f69,14,Marley Aké,FRA,"FW,MF",Marseille,18,2001,9,99,11,3.9,1.1,0,,0,9,10,15,1.89,3,3,0,0.0,-0.45,2.4,1.6,0.7,0.66,0.52,Matches,FRA-L1,19-20
debc2f28,15,Chadrac Akolo,COD,"FW,MF",Amiens,24,1995,15,544,36,21.6,6.0,5,65,0,10,22,6,0.87,7,16,-9,-1.49,-1.03,6.5,11.0,-4.4,-0.74,-0.4,Matches,FRA-L1,19-20
5314e067,16,Sofiane Alakouch,MAR,DF,Nîmes,21,1998,17,1400,82,55.6,15.6,17,82,11,0,,8,0.76,13,23,-10,-0.64,-0.24,16.7,21.9,-5.2,-0.33,0.11,Matches,FRA-L1,19-20
4085f08e,17,Haitam Aleesami,NOR,DF,Amiens,28,1991,22,1916,87,76.0,21.3,21,89,20,1,51,6,0.86,27,42,-15,-0.7,-0.11,23.6,33.1,-9.5,-0.45,-0.09,Matches,FRA-L1,19-20
8fa8f8d2,18,Rúnar Alex Rúnarsson,ISL,GK,Dijon,24,1995,11,901,82,35.8,10.0,9,90,9,2,45,15,0.64,8,17,-9,-0.9,-0.84,11.1,14.4,-3.2,-0.32,-0.06,Matches,FRA-L1,19-20
67cd5f5d,19,Abdallah Ali Mohamed,COM,DF,Marseille,20,1999,0,,,,,0,,0,0,,4,,,,,,,,,,,,Matches,FRA-L1,19-20
bdedd861,20,Rachid Alioui,MAR,FW,Angers,27,1992,28,1563,56,62.0,17.4,17,75,5,11,27,0,1.39,14,21,-7,-0.4,-0.59,16.8,18.2,-1.4,-0.08,-0.3,Matches,FRA-L1,19-20
0a63446f,21,Mickaël Alphonse,GLP,DF,Dijon,30,1989,17,1378,81,54.7,15.3,15,89,14,2,19,6,0.88,11,23,-12,-0.78,-0.94,15.1,19.3,-4.3,-0.28,0.01,Matches,FRA-L1,19-20
d7bf3d19,22,Romain Amalfitano,FRA,MF,Dijon,29,1989,26,1695,65,67.3,18.8,18,83,12,8,24,2,1.04,18,25,-7,-0.37,-0.04,20.8,24.2,-3.4,-0.18,0.32,Matches,FRA-L1,19-20
22721b88,23,Jordan Amavi,FRA,DF,Marseille,25,1994,26,2164,83,85.9,24.0,24,88,23,2,24,1,2.04,36,22,14,0.58,1.09,32.5,24.5,8.0,0.33,1.23,Matches,FRA-L1,19-20
2945f4b7,24,Thierry Ambrose,GLP,FW,Metz,22,1997,18,548,30,21.7,6.1,4,78,1,14,17,8,1.06,6,10,-4,-0.66,-0.47,8.3,9.0,-0.7,-0.12,0.36,Matches,FRA-L1,19-20
bcc81786,25,Kelvin Amian,FRA,DF,Toulouse,21,1998,20,1633,82,64.8,18.1,17,90,17,3,34,0,0.6,20,43,-23,-1.27,0.05,22.3,31.3,-9.0,-0.5,0.0,Matches,FRA-L1,19-20
e34fc66d,26,Joachim Andersen,DEN,DF,Lyon,23,1996,18,1531,85,60.8,17.0,17,90,17,1,0,10,1.56,29,17,12,0.71,0.43,22.6,18.5,4.1,0.24,-0.34,Matches,FRA-L1,19-20
ef9c1c95,27,Benjamin André,FRA,MF,Lille,28,1990,26,2054,79,81.5,22.8,23,87,19,3,14,0,1.88,30,21,9,0.39,0.59,31.9,24.0,7.9,0.35,0.17,Matches,FRA-L1,19-20
d8992b84,28,Victorien Angban,CIV,MF,Metz,22,1996,20,1029,51,40.8,11.4,11,84,8,9,12,3,1.3,11,13,-2,-0.17,0.19,11.5,16.1,-4.5,-0.4,-0.01,Matches,FRA-L1,19-20
38d9ce53,29,Janis Antiste,FRA,MF,Toulouse,16,2002,1,12,12,0.5,0.1,0,,0,1,11,0,0.0,0,0,0,0.0,1.29,0.2,0.0,0.1,1.08,1.59,Matches,FRA-L1,19-20
a5db0bec,30,Houssem Aouar,ALG,"MF,FW",Lyon,21,1998,25,1956,78,77.6,21.7,23,84,14,2,14,1,1.32,30,23,7,0.32,-0.95,28.6,22.3,6.3,0.29,-0.39,Matches,FRA-L1,19-20
b94b8be1,31,Adil Aouchiche,FRA,MF,Paris S-G,17,2002,1,64,64,2.6,0.7,1,64,0,0,,3,3.0,2,0,2,2.81,0.95,1.3,0.3,1.0,1.4,-0.51,Matches,FRA-L1,19-20
feb5d3ab,32,Dennis Appiah,FRA,DF,Nantes,27,1992,19,1605,84,63.7,17.8,18,88,16,1,28,5,1.37,16,16,0,0.0,0.3,19.8,18.9,0.9,0.05,0.26,Matches,FRA-L1,19-20
fa18c72e,33,Luiz Araújo,BRA,"FW,MF",Lille,23,1996,21,828,39,32.9,9.2,7,84,3,14,17,5,1.48,11,14,-3,-0.33,-0.91,14.1,13.1,1.0,0.1,-0.32,Matches,FRA-L1,19-20
2f965a72,34,Alphonse Areola,FRA,GK,Paris S-G,26,1993,3,270,90,11.1,3.0,3,90,3,0,,1,2.0,8,2,6,2.0,0.13,8.6,1.9,6.7,2.22,0.37,Matches,FRA-L1,19-20
6a827d8e,35,Youcef Atal,ALG,"FW,DF",Nice,23,1996,13,1003,77,39.8,11.1,12,81,8,1,28,0,1.31,15,16,-1,-0.09,-0.33,11.8,18.1,-6.3,-0.56,-0.45,Matches,FRA-L1,19-20
97bfa797,36,Jean-Kévin Augustin,FRA,FW,Monaco,22,1997,10,266,27,10.6,3.0,2,70,0,8,16,6,1.6,5,5,0,0.0,0.0,6.0,3.3,2.6,0.89,0.75,Matches,FRA-L1,19-20
7dfbba27,37,Mathias Autret,FRA,"MF,FW",Brest,28,1991,23,1222,53,48.5,13.6,14,74,1,9,21,1,1.09,14,10,4,0.29,0.78,14.1,19.0,-4.9,-0.36,0.33,Matches,FRA-L1,19-20
d3ce9f1f,38,Ludovic Baal,GUF,DF,Brest,33,1986,11,827,75,32.8,9.2,9,90,9,2,8,13,1.45,14,10,4,0.44,0.81,12.5,13.3,-0.8,-0.09,0.65,Matches,FRA-L1,19-20
06df8256,39,Benoît Badiashile,FRA,DF,Monaco,18,2001,16,1411,88,56.0,15.7,16,88,14,0,,12,1.44,23,23,0,0.0,0.0,26.7,25.0,1.7,0.11,-0.25,Matches,FRA-L1,19-20
3deb2342,40,Bastian Badu,FRA,FW,Montpellier,19,2000,1,9,9,0.4,0.1,0,,0,1,8,1,1.0,0,0,0,0.0,-0.04,0.1,0.1,0.0,-0.13,-0.15,Matches,FRA-L1,19-20
5046b7d4,41,Stéphane Bahoken,CMR,FW,Angers,27,1992,20,907,45,36.0,10.1,10,67,1,10,24,1,1.55,14,9,5,0.5,1.05,12.4,9.0,3.4,0.33,0.47,Matches,FRA-L1,19-20
5065d67d,42,Dénys Bain,FRA,DF,Brest,26,1993,15,1268,85,50.3,14.1,13,88,12,2,59,3,1.27,16,15,1,0.07,0.36,12.5,26.0,-13.5,-0.96,-0.86,Matches,FRA-L1,19-20
be13e5a8,43,Stefan Bajic,FRA,GK,Saint-Étienne,17,2001,1,90,90,3.6,1.0,1,90,1,0,,5,0.0,0,1,-1,-1.0,-0.44,1.3,0.8,0.5,0.5,0.79,Matches,FRA-L1,19-20
59bf127b,44,Tiemoué Bakayoko,FRA,MF,Monaco,24,1994,20,1719,86,68.2,19.1,20,86,17,0,,0,1.45,36,30,6,0.31,0.99,36.5,29.2,7.3,0.38,0.51,Matches,FRA-L1,19-20
a8567629,45,Mitchel Bakker,NED,DF,Paris S-G,19,2000,1,90,90,3.7,1.0,1,90,1,0,,2,1.0,4,4,0,0.0,-1.96,3.2,1.3,1.9,1.87,-0.02,Matches,FRA-L1,19-20
509a4ccb,46,Keita Baldé,SEN,"FW,MF",Monaco,24,1995,21,858,41,34.0,9.5,9,75,2,12,15,4,1.52,17,14,3,0.31,0.48,17.2,15.0,2.2,0.23,0.02,Matches,FRA-L1,19-20
f449640d,47,Fodé Ballo-Touré,SEN,DF,Monaco,22,1997,21,1679,80,66.6,18.7,18,90,18,3,19,4,1.24,29,38,-9,-0.48,-1.45,34.5,31.1,3.5,0.19,-0.1,Matches,FRA-L1,19-20
4e7bfc23,48,Florent Balmont,FRA,MF,Dijon,39,1980,11,401,36,15.9,4.5,4,74,2,7,15,13,1.45,2,4,-2,-0.45,-0.11,4.6,4.5,0.1,0.02,0.37,Matches,FRA-L1,19-20
7fecbcdb,49,Abdoulaye Bamba,CIV,DF,Angers,29,1990,7,554,79,22.0,6.2,6,90,6,1,13,7,2.14,9,3,6,0.97,1.48,6.0,5.5,0.5,0.08,0.06,Matches,FRA-L1,19-20
b2bd0f6c,50,Jonathan Bamba,CIV,"FW,MF",Lille,23,1996,26,1937,75,76.9,21.5,22,85,13,4,17,1,1.77,27,20,7,0.33,0.17,30.3,24.1,6.2,0.29,-0.12,Matches,FRA-L1,19-20
06d51feb,51,Théo Barbet,FRA,DF,Dijon,18,2001,0,,,,,0,,0,0,,6,,,,,,,,,,,,Matches,FRA-L1,19-20
0557ff4f,52,Danilo Barbosa,BRA,"DF,MF",Nice,23,1996,16,1122,70,44.5,12.5,12,89,11,4,15,7,1.38,17,15,2,0.16,0.1,15.5,20.7,-5.2,-0.41,-0.22,Matches,FRA-L1,19-20
1ddbc7ca,53,Melvin Bard,FRA,DF,Lyon,18,2000,1,45,45,1.8,0.5,0,,0,1,45,1,3.0,3,0,3,6.0,5.56,0.9,0.1,0.9,1.77,1.42,Matches,FRA-L1,19-20
80556f08,54,Toma Bašić,CRO,MF,Bordeaux,22,1996,15,991,66,39.3,11.0,11,83,6,4,19,6,1.53,14,14,0,0.0,-0.35,13.0,16.2,-3.2,-0.29,-0.09,Matches,FRA-L1,19-20
65391fa7,55,Thomas Basila,FRA,DF,Nantes,20,1999,7,415,59,16.5,4.6,3,91,3,4,36,10,0.57,4,8,-4,-0.87,-0.91,4.6,4.0,0.6,0.13,0.21,Matches,FRA-L1,19-20
e61bdd69,56,Gil Bastião Dias,POR,"DF,MF",Monaco,22,1996,14,1057,76,41.9,11.7,12,84,10,2,26,6,1.57,17,11,6,0.51,0.88,18.4,16.6,1.9,0.16,-0.1,Matches,FRA-L1,19-20
0f9b8301,57,Cristian Battocchio,ITA,MF,Brest,27,1992,24,1392,58,55.2,15.5,16,81,9,8,11,2,1.38,22,21,1,0.06,0.38,20.4,23.2,-2.8,-0.18,0.77,Matches,FRA-L1,19-20
2515040a,58,Paul Baysse,FRA,DF,Bordeaux,31,1988,0,,,,,0,,0,0,,1,,,,,,,,,,,,Matches,FRA-L1,19-20
3f1a7191,59,Gaëtan Belaud,FRA,DF,Brest,32,1986,7,580,83,23.0,6.4,6,89,5,1,45,10,1.14,5,7,-2,-0.31,-0.26,7.1,8.1,-1.0,-0.16,0.48,Matches,FRA-L1,19-20
2b1bed19,60,Haris Belkebla,ALG,MF,Brest,25,1994,23,1816,79,72.1,20.2,20,88,18,3,22,1,1.13,20,22,-2,-0.1,0.03,21.1,32.7,-11.6,-0.57,-0.16,Matches,FRA-L1,19-20
e3756e72,61,Raoul Bellanova,ITA,DF,Bordeaux,19,2000,1,62,62,2.5,0.7,1,62,0,0,,5,0.0,1,3,-2,-2.9,-3.2,0.8,1.6,-0.8,-1.19,-0.98,Matches,FRA-L1,19-20
10f0fdd3,62,Jean-Ricner Bellegarde,FRA,MF,Strasbourg,21,1998,24,1497,62,61.6,16.6,16,82,7,8,24,0,1.21,14,19,-5,-0.3,-0.78,19.9,19.3,0.7,0.04,-0.09,Matches,FRA-L1,19-20
c05d65d1,63,Sami Ben Amar,MAR,FW,Nîmes,21,1998,2,14,7,0.6,0.2,0,,0,2,6,5,2.0,0,0,0,0.0,0.54,0.2,0.8,-0.6,-3.85,-3.49,Matches,FRA-L1,19-20
942b4f90,64,Wissam Ben Yedder,FRA,FW,Monaco,28,1990,26,2164,83,85.9,24.0,25,85,15,1,29,0,1.5,40,36,4,0.17,1.18,44.5,36.7,7.8,0.32,0.74,Matches,FRA-L1,19-20
b7e7937d,65,Diego Benaglio,SUI,GK,Monaco,35,1983,0,,,0.0,0.0,0,,0,0,,8,0.0,0,3,-3,,,,,,,,Matches,FRA-L1,19-20
3b5cd50d,66,Cristian Benavente,PER,"MF,FW",Nantes,25,1994,12,349,29,13.8,3.9,4,68,0,8,10,10,1.5,5,4,1,0.26,0.42,4.5,4.0,0.4,0.11,0.18,Matches,FRA-L1,19-20
bef0a7ac,67,Darío Benedetto,ARG,FW,Marseille,29,1990,26,2101,81,83.4,23.3,25,83,10,1,17,0,1.92,33,24,9,0.39,-0.26,30.2,27.0,3.2,0.14,-0.14,Matches,FRA-L1,19-20
8a2248b4,68,Walter Benítez,ARG,GK,Nice,26,1993,26,2340,90,92.9,26.0,26,90,26,0,,0,1.35,37,36,1,0.04,-0.96,32.1,41.7,-9.7,-0.37,-1.1,Matches,FRA-L1,19-20
f5b6fb78,69,Loris Benito,SUI,DF,Bordeaux,27,1992,23,1896,82,75.2,21.1,21,89,19,2,17,0,1.22,27,28,-1,-0.05,-1.06,21.5,28.6,-7.2,-0.34,-0.43,Matches,FRA-L1,19-20
b6047994,70,Bilal Benkhedim,FRA,"MF,FW",Saint-Étienne,18,2001,3,132,44,5.2,1.5,1,92,1,2,20,1,0.33,1,2,-1,-0.68,-0.12,1.7,1.0,0.8,0.53,0.84,Matches,FRA-L1,19-20
fbf76716,71,Yassine Benrahou,FRA,"FW,MF",Bordeaux,20,1999,6,168,28,6.7,1.9,1,69,0,5,20,2,1.5,2,2,0,0.0,-0.23,2.1,1.8,0.3,0.18,0.45,Matches,FRA-L1,19-20
fbf76716,72,Yassine Benrahou,FRA,"MF,FW",Nîmes,20,1999,9,762,85,30.2,8.5,9,85,6,0,,0,1.67,15,9,6,0.71,1.78,11.5,8.4,3.1,0.37,1.07,Matches,FRA-L1,19-20
6fbde63a,73,Yassine Benzia,ALG,MF,Dijon,24,1994,3,173,58,6.9,1.9,2,64,0,1,45,0,0.67,3,3,0,0.0,0.38,2.0,1.2,0.8,0.4,0.73,Matches,FRA-L1,19-20
9001138b,74,Robert Berić,SVN,FW,Saint-Étienne,28,1991,11,413,38,16.4,4.6,4,70,1,7,19,6,1.0,8,6,2,0.44,1.2,8.3,4.9,3.4,0.75,1.21,Matches,FRA-L1,19-20
28dabd43,75,Paul Bernardoni,FRA,GK,Nîmes,22,1997,25,2203,88,87.4,24.5,25,88,24,0,,0,1.0,25,38,-13,-0.53,0.04,27.3,34.4,-7.1,-0.29,0.71,Matches,FRA-L1,19-20
433dc9a2,76,Juan Bernat,ESP,"DF,MF",Paris S-G,26,1993,18,1388,77,57.1,15.4,16,85,12,2,16,2,2.28,42,15,27,1.75,-0.32,45.1,13.2,31.9,2.07,0.41,Matches,FRA-L1,19-20
380a15e2,77,Dimitry Bertaud,COD,GK,Montpellier,21,1998,3,196,65,7.8,2.2,3,65,2,0,,21,0.0,0,3,-3,-1.38,-1.53,3.9,3.2,0.7,0.31,0.32,Matches,FRA-L1,19-20
47c609d5,78,El Bilal Touré,MLI,FW,Reims,17,2001,7,453,65,18.0,5.0,6,73,1,1,16,0,1.71,5,3,2,0.4,0.27,5.4,5.4,-0.1,-0.01,-0.11,Matches,FRA-L1,19-20
6191093d,79,Ludovic Blas,FRA,"FW,MF",Nantes,21,1997,24,1845,77,73.2,20.5,22,82,7,2,20,0,1.25,18,27,-9,-0.44,-1.24,21.2,24.5,-3.2,-0.16,-0.42,Matches,FRA-L1,19-20
c69ef855,80,Alexis Blin,FRA,MF,Amiens,22,1996,24,1841,77,73.1,20.5,21,85,14,3,18,4,0.92,24,33,-9,-0.44,0.89,20.7,26.4,-5.7,-0.28,0.55,Matches,FRA-L1,19-20
194392c2,81,Florentin Bloch,FRA,GK,Toulouse,19,2000,0,,,,,0,,0,0,,3,,,,,,,,,,,,Matches,FRA-L1,19-20
7d937aa1,82,Antonin Bobichon,FRA,MF,Nîmes,23,1995,2,180,90,7.1,2.0,2,90,2,0,,0,0.0,1,5,-4,-2.0,-1.58,1.8,5.4,-3.6,-1.82,-1.56,Matches,FRA-L1,19-20
7d937aa1,83,Antonin Bobichon,FRA,MF,Angers,23,1995,11,649,59,25.8,7.2,8,71,1,3,26,11,1.73,6,6,0,0.0,0.24,5.8,6.5,-0.8,-0.11,-0.19,Matches,FRA-L1,19-20
f3642ba8,84,Mathieu Bodmer,FRA,"MF,FW",Amiens,36,1982,9,88,10,3.5,1.0,0,,0,9,9,4,1.22,3,3,0,0.0,0.7,1.8,2.2,-0.5,-0.49,-0.07,Matches,FRA-L1,19-20
6c8ddd52,85,Sacha Boey,FRA,DF,Rennes,18,2000,5,172,34,6.8,1.9,1,93,1,4,20,5,2.17,5,4,1,0.52,0.02,3.6,4.1,-0.5,-0.28,-0.56,Matches,FRA-L1,19-20
f6496133,86,Quentin Boisgard,FRA,"MF,FW",Toulouse,22,1997,20,1146,57,45.5,12.7,13,79,2,7,18,8,0.4,10,24,-14,-1.1,0.34,13.1,19.5,-6.4,-0.5,-0.01,Matches,FRA-L1,19-20
741275f5,87,Pépé Bonet,FRA,GK,Rennes,16,2003,0,,,,,0,,0,0,,4,,,,,,,,,,,,Matches,FRA-L1,19-20
e90af77c,88,Gabriel Boschilia,BRA,"MF,FW",Monaco,23,1996,5,130,26,5.2,1.4,1,58,0,4,18,4,1.4,1,4,-3,-2.08,-2.19,1.7,2.8,-1.1,-0.74,-1.01,Matches,FRA-L1,19-20
35515402,89,Ivann Botella,FRA,FW,Strasbourg,20,1999,0,,,,,0,,0,0,,2,,,,,,,,,,,,Matches,FRA-L1,19-20
0b0cbe5b,90,Denis Bouanga,GAB,"FW,MF",Saint-Étienne,24,1994,26,2042,79,81.0,22.7,23,85,16,3,31,0,1.15,26,34,-8,-0.35,1.15,25.5,33.3,-7.8,-0.34,-0.42,Matches,FRA-L1,19-20
f9d5908e,91,Hicham Boudaoui,ALG,"MF,FW",Nice,19,1999,9,490,54,19.4,5.4,6,70,1,3,24,5,1.56,11,9,2,0.37,0.32,7.2,8.6,-1.4,-0.26,0.04,Matches,FRA-L1,19-20
1001ae82,92,Ryad Boudebouz,ALG,"MF,FW",Saint-Étienne,29,1990,24,1597,67,63.4,17.7,20,76,8,4,19,2,1.0,16,26,-10,-0.56,0.02,17.3,23.8,-6.5,-0.37,-0.28,Matches,FRA-L1,19-20
a0791826,93,Farid Boulaya,ALG,FW,Metz,26,1993,19,821,43,32.6,9.1,8,80,1,11,16,3,1.21,10,12,-2,-0.22,0.1,8.9,13.5,-4.6,-0.5,-0.16,Matches,FRA-L1,19-20
20e73fac,94,Benjamin Bourigeaud,FRA,MF,Rennes,25,1994,25,1903,76,75.5,21.1,21,86,16,4,23,0,1.84,29,20,9,0.43,-0.3,27.1,21.4,5.7,0.27,0.09,Matches,FRA-L1,19-20
e8a65bc8,95,Bilal Boutobba,FRA,MF,Montpellier,20,1998,1,5,5,0.2,0.1,0,,0,1,4,2,0.0,0,0,0,0.0,-0.04,0.2,0.6,-0.4,-7.52,-7.55,Matches,FRA-L1,19-20
861227d2,96,John Boye,GHA,DF,Metz,32,1987,24,2115,88,83.9,23.5,24,88,23,0,,1,1.29,21,28,-7,-0.3,-0.08,22.1,31.8,-9.6,-0.41,-0.11,Matches,FRA-L1,19-20
8bbe2df5,97,Domagoj Bradarić,CRO,DF,Lille,19,1999,18,1419,79,56.3,15.8,16,88,14,2,3,4,1.94,22,15,7,0.44,0.36,25.6,18.4,7.2,0.46,0.32,Matches,FRA-L1,19-20
16324e1d,98,Anthony Briançon,FRA,DF,Nîmes,24,1994,22,1737,79,68.9,19.3,20,86,17,2,9,0,0.91,15,31,-16,-0.83,-0.94,18.2,28.8,-10.7,-0.55,-0.56,Matches,FRA-L1,19-20
f83c8d6c,99,Jimmy Briand,FRA,FW,Bordeaux,33,1985,22,1525,69,60.5,16.9,18,82,12,4,11,0,1.27,22,18,4,0.24,0.06,18.8,19.9,-1.1,-0.07,0.43,Matches,FRA-L1,19-20
edd81e2a,100,Dylan Bronn,TUN,DF,Metz,24,1995,9,810,90,32.1,9.0,9,90,9,0,,0,1.89,10,7,3,0.33,0.91,7.9,13.1,-5.2,-0.57,-0.26,Matches,FRA-L1,19-20
f9921b7f,101,Lucas Buadés,FRA,"MF,FW",Nîmes,21,1997,6,121,20,4.8,1.3,1,76,0,5,9,10,0.83,1,5,-4,-2.98,-2.56,0.7,3.5,-2.8,-2.06,-1.77,Matches,FRA-L1,19-20
9309e98a,102,Jonathan Bumbu,FRA,MF,Amiens,20,1999,0,,,,,0,,0,0,,1,,,,,,,,,,,,Matches,FRA-L1,19-20
8746d5d0,103,Patrick Burner,MTQ,DF,Nice,23,1996,20,1434,72,56.9,15.9,15,88,12,5,24,5,1.25,21,25,-4,-0.25,-0.83,19.6,24.3,-4.6,-0.29,0.0,Matches,FRA-L1,19-20
26975a92,104,Ludovic Butelle,FRA,GK,Angers,36,1983,26,2340,90,92.9,26.0,26,90,26,0,,1,1.38,27,32,-5,-0.19,-0.19,27.8,26.9,0.9,0.03,0.03,Matches,FRA-L1,19-20
db87a2c4,105,Marcin Bułka,POL,GK,Paris S-G,19,1999,1,90,90,3.7,1.0,1,90,1,0,,3,3.0,2,0,2,2.0,0.12,1.6,0.4,1.2,1.23,-0.69,Matches,FRA-L1,19-20
ad7b19ef,106,Yohan Cabaye,FRA,MF,Saint-Étienne,33,1986,15,858,57,34.0,9.5,12,69,4,3,10,1,1.13,8,16,-8,-0.84,-0.41,10.8,13.5,-2.7,-0.28,-0.03,Matches,FRA-L1,19-20
38568467,107,Manuel Cabit,MTQ,DF,Metz,26,1993,3,270,90,10.7,3.0,3,90,3,0,,9,1.33,3,4,-1,-0.33,-0.05,3.5,3.5,0.0,0.01,0.45,Matches,FRA-L1,19-20
0118c54c,108,Anthony Caci,FRA,DF,Strasbourg,22,1997,8,691,86,28.4,7.7,8,86,6,0,,1,1.88,16,8,8,1.04,1.46,12.0,7.5,4.5,0.59,0.72,Matches,FRA-L1,19-20
e8edfdc9,109,Jhonder Cádiz,VEN,"FW,MF",Dijon,24,1995,17,799,47,31.7,8.9,7,83,5,10,22,2,1.29,9,13,-4,-0.45,-0.14,10.1,16.0,-6.0,-0.67,-0.57,Matches,FRA-L1,19-20
2a657da0,110,Mathieu Cafaro,FRA,"FW,MF",Reims,22,1997,13,924,71,36.7,10.3,12,76,4,1,14,0,1.38,9,7,2,0.19,0.03,10.9,9.9,1.0,0.1,0.03,Matches,FRA-L1,19-20
8d043f1d,111,Jonathan Cafu,BRA,DF,Bordeaux,28,1991,3,201,67,8.0,2.2,2,90,1,1,21,1,2.0,8,2,6,2.69,2.69,3.7,2.7,1.0,0.45,0.74,Matches,FRA-L1,19-20
34bb6fbd,112,Arturo Calabresi,ITA,DF,Amiens,23,1996,21,1878,89,74.5,20.9,21,89,20,0,,2,0.76,23,38,-15,-0.72,-0.16,21.6,28.3,-6.7,-0.32,0.41,Matches,FRA-L1,19-20
94f8d10c,113,Duje Ćaleta-Car,CRO,DF,Marseille,22,1996,23,1886,82,74.8,21.0,20,90,20,3,28,3,2.04,29,22,7,0.33,-0.38,26.5,22.2,4.3,0.2,0.18,Matches,FRA-L1,19-20
8577e60a,114,Mahdi Camara,FRA,MF,Saint-Étienne,21,1998,12,901,75,35.8,10.0,10,89,9,2,8,4,1.0,13,20,-7,-0.7,-0.2,11.0,14.9,-3.9,-0.39,-0.19,Matches,FRA-L1,19-20
c58270f8,115,Souleymane Camara,SEN,FW,Montpellier,36,1982,13,163,13,6.5,1.8,0,,0,13,12,14,1.15,2,1,1,0.55,0.55,2.6,3.3,-0.7,-0.39,-0.43,Matches,FRA-L1,19-20
7b9c2d84,116,Eduardo Camavinga,FRA,MF,Rennes,16,2002,25,2107,84,83.6,23.4,24,87,18,1,25,1,1.96,32,21,11,0.47,-0.18,31.6,26.2,5.3,0.23,-0.11,Matches,FRA-L1,19-20
79b2399c,117,Pierrick Capelle,FRA,"MF,DF",Angers,32,1987,24,1747,73,69.3,19.4,20,83,15,4,21,0,1.33,17,29,-12,-0.62,-1.43,20.0,19.8,0.2,0.01,-0.07,Matches,FRA-L1,19-20
f81ef10d,118,Maxence Caqueret,FRA,MF,Lyon,19,2000,8,568,71,22.5,6.3,7,80,4,1,11,12,1.63,10,5,5,0.79,0.33,8.8,6.5,2.4,0.37,-0.01,Matches,FRA-L1,19-20
950ff24d,119,Yoan Cardinale,FRA,GK,Nice,25,1994,0,,,,,0,,0,0,,2,,,,,,,,,,,,Matches,FRA-L1,19-20
5e080f73,120,Irvin Cardona,FRA,"FW,MF",Brest,21,1997,21,1450,69,57.5,16.1,15,88,10,6,22,2,1.24,22,22,0,0.0,0.25,19.6,25.4,-5.8,-0.36,0.4,Matches,FRA-L1,19-20
5b5724d2,121,Lionel Carole,FRA,DF,Strasbourg,28,1991,18,1272,71,52.3,14.1,14,87,11,4,14,8,1.44,13,24,-11,-0.78,-1.63,16.2,22.2,-6.0,-0.42,-1.05,Matches,FRA-L1,19-20
8608f269,122,Matis Carvalho,POR,GK,Montpellier,20,1999,1,72,72,2.9,0.8,0,,0,1,71,6,0.0,0,4,-4,-5.0,-5.18,0.2,2.7,-2.5,-3.18,-3.29,Matches,FRA-L1,19-20
f54d2149,123,Moreto Cassamã,GNB,MF,Reims,21,1998,7,592,85,23.5,6.6,7,85,5,0,,5,1.71,8,5,3,0.46,0.36,6.6,6.5,0.1,0.01,-0.09,Matches,FRA-L1,19-20
e0f3a1f6,124,Jean-Charles Castelletto,CMR,DF,Brest,24,1995,22,1838,84,72.9,20.4,22,84,19,0,,3,1.18,27,31,-4,-0.2,-0.33,23.5,35.2,-11.8,-0.58,-0.18,Matches,FRA-L1,19-20
527f063d,125,Edinson Cavani,URU,FW,Paris S-G,32,1987,14,605,43,24.9,6.7,7,73,3,7,13,2,2.29,15,9,6,0.89,-1.33,19.7,6.6,13.0,1.94,0.07,Matches,FRA-L1,19-20
31a62dc7,126,Zeki Çelik,TUR,DF,Lille,22,1997,23,2070,90,82.1,23.0,23,90,23,0,,3,1.83,30,22,8,0.35,0.35,34.3,25.1,9.2,0.4,0.48,Matches,FRA-L1,19-20
3c6bbbab,127,Fabien Centonze,FRA,DF,Metz,23,1996,28,2520,90,100.0,28.0,28,90,28,0,,0,1.21,27,35,-8,-0.29,,27.1,38.1,-11.0,-0.39,,Matches,FRA-L1,19-20
5d9577aa,128,Florian Chabrolle,FRA,MF,Marseille,21,1998,1,18,18,0.7,0.2,0,,0,1,17,14,0.0,0,1,-1,-5.0,-5.47,0.2,0.4,-0.2,-1.0,-1.16,Matches,FRA-L1,19-20
5b54bf3b,129,Nacer Chadli,BEL,"FW,MF",Monaco,29,1989,0,,,,,0,,0,0,,1,,,,,,,,,,,,Matches,FRA-L1,19-20
edd1466a,130,Fouad Chafik,MAR,DF,Dijon,32,1986,20,1528,76,60.6,17.0,18,84,14,2,6,5,1.2,18,20,-2,-0.12,0.61,20.1,21.3,-1.2,-0.07,0.55,Matches,FRA-L1,19-20
18ebca4b,131,Gaëtan Charbonnier,FRA,"FW,MF",Brest,30,1988,26,2065,79,81.9,22.9,23,87,17,3,24,0,1.31,31,29,2,0.09,1.08,23.6,37.0,-13.4,-0.58,-0.31,Matches,FRA-L1,19-20
16aa7d4c,132,Brendan Chardonnet,FRA,DF,Brest,24,1994,12,823,69,32.7,9.1,9,88,8,3,11,9,1.25,7,13,-6,-0.66,-0.82,8.8,13.7,-4.9,-0.54,-0.02,Matches,FRA-L1,19-20
279ddf6a,133,Xavier Chavalerin,FRA,MF,Reims,28,1991,24,2147,89,85.2,23.9,24,89,23,0,,0,1.46,22,19,3,0.13,-0.36,26.0,23.1,2.9,0.12,0.32,Matches,FRA-L1,19-20
80e4c841,134,Aurélien Chedjou,CMR,DF,Amiens,34,1985,22,1971,90,78.2,21.9,22,90,21,0,,1,0.91,25,36,-11,-0.5,0.81,23.4,27.0,-3.6,-0.16,1.21,Matches,FRA-L1,19-20
873ce3a2,135,Pape Cheikh Diop,SEN,MF,Lyon,21,1997,0,,,,,0,,0,0,,1,,,,,,,,,,,,Matches,FRA-L1,19-20
b34c63a5,136,Rayan Cherki,FRA,"MF,FW",Lyon,15,2003,6,143,24,5.7,1.6,1,60,0,5,17,6,1.0,3,3,0,0.0,-0.57,1.4,1.0,0.4,0.27,-0.11,Matches,FRA-L1,19-20
7909ffa4,137,Joris Chotard,FRA,MF,Montpellier,17,2001,20,1251,63,49.6,13.9,13,84,8,7,23,5,1.55,19,17,2,0.14,0.21,17.5,15.2,2.3,0.16,0.29,Matches,FRA-L1,19-20
45c1c326,138,Mounir Chouiar,FRA,"MF,FW",Dijon,20,1999,20,1506,75,59.8,16.7,18,80,8,2,34,0,1.05,17,18,-1,-0.06,0.74,17.8,21.4,-3.6,-0.21,0.17,Matches,FRA-L1,19-20
9cebd6ce,139,Ibrahim Cissé,CIV,DF,Nice,20,1999,2,50,25,2.0,0.6,0,,0,2,24,1,1.5,1,1,0,0.0,-0.11,0.9,1.3,-0.3,-0.59,-0.3,Matches,FRA-L1,19-20
0f87f8c2,140,Ibrahim Cissé,SEN,DF,Angers,23,1996,1,60,60,2.4,0.7,1,60,0,0,,4,1.0,0,1,-1,-1.5,-1.35,0.7,1.1,-0.4,-0.55,-0.59,Matches,FRA-L1,19-20
741418c3,141,Alexis Claude-Maurice,FRA,"FW,MF",Nice,21,1998,22,1629,74,64.6,18.1,19,83,12,3,14,0,1.41,25,25,0,0.0,-0.3,21.4,30.0,-8.6,-0.48,-0.52,Matches,FRA-L1,19-20
7800bdb8,142,Yannis Clementia,MTQ,GK,Nice,22,1997,2,180,90,7.1,2.0,2,90,2,0,,26,3.0,4,2,2,1.0,0.96,3.7,2.2,1.5,0.73,1.1,Matches,FRA-L1,19-20
3010aefb,143,Marcus Coco,FRA,FW,Nantes,23,1996,1,14,14,0.6,0.2,1,14,0,0,,0,0.0,0,0,0,0.0,0.11,0.0,0.0,0.0,0.0,0.04,Matches,FRA-L1,19-20
4e7d66f8,144,Renaud Cohade,FRA,MF,Metz,34,1984,12,764,64,30.3,8.5,9,77,2,3,23,8,0.83,7,16,-9,-1.06,-1.11,7.6,11.3,-3.6,-0.43,-0.05,Matches,FRA-L1,19-20
166a981d,145,Racine Coly,SEN,"DF,FW",Nice,23,1995,10,649,65,25.8,7.2,8,75,4,2,27,6,1.9,12,11,1,0.14,0.04,9.4,11.3,-1.9,-0.26,0.04,Matches,FRA-L1,19-20
eeeca247,146,Alexandre Conceicao,POR,DF,Nice,20,1999,0,,,,,0,,0,0,,1,,,,,,,,,,,,Matches,FRA-L1,19-20
3f5b4635,147,Daniel Congré,FRA,DF,Montpellier,34,1985,24,1941,81,77.0,21.6,23,84,20,1,1,2,1.46,25,26,-1,-0.05,-0.36,26.7,25.4,1.2,0.06,0.16,Matches,FRA-L1,19-20
cfd8dde3,148,Benjamin Corgnet,FRA,"MF,FW",Strasbourg,32,1987,6,261,44,10.7,2.9,3,82,1,3,5,12,1.5,1,4,-3,-1.03,-1.16,3.4,4.3,-0.9,-0.33,-0.45,Matches,FRA-L1,19-20
beb391dd,149,Maxwel Cornet,CIV,"FW,DF",Lyon,22,1996,22,1330,60,52.8,14.8,14,85,9,8,17,2,1.41,17,16,1,0.07,-0.99,19.0,14.0,5.0,0.34,-0.08,Matches,FRA-L1,19-20
5d42d487,150,Quentin Cornette,FRA,"FW,MF",Amiens,25,1994,13,349,27,13.8,3.9,3,73,0,10,13,4,0.46,4,4,0,0.0,0.79,3.6,4.3,-0.6,-0.17,0.3,Matches,FRA-L1,19-20
bc50c437,151,Edmilson Correia,GNB,"FW,DF",Saint-Étienne,19,2000,4,49,12,1.9,0.5,0,,0,4,11,1,0.25,0,1,-1,-1.84,-1.29,0.8,0.2,0.5,1.0,1.29,Matches,FRA-L1,19-20
bfb2056e,152,Logan Costa,CPV,DF,Reims,18,2001,0,,,,,0,,0,0,,2,,,,,,,,,,,,Matches,FRA-L1,19-20
909222de,153,Nuno da Costa,CPV,FW,Strasbourg,28,1991,14,527,38,21.7,5.9,4,90,3,10,17,5,1.29,6,10,-4,-0.68,-0.87,6.6,8.1,-1.5,-0.25,-0.42,Matches,FRA-L1,19-20
2434f24a,154,Benoît Costil,FRA,GK,Bordeaux,32,1987,28,2520,90,100.0,28.0,28,90,28,0,,0,1.32,40,34,6,0.21,,30.4,36.9,-6.6,-0.23,,Matches,FRA-L1,19-20
9980269a,155,Kalifa Coulibaly,MLI,FW,Nantes,27,1991,21,1616,77,64.1,18.0,18,87,15,3,18,1,1.43,16,14,2,0.11,0.61,20.3,16.2,4.1,0.23,0.76,Matches,FRA-L1,19-20
67b7357e,156,Senou Coulibaly,MLI,DF,Dijon,24,1994,10,666,67,26.4,7.4,9,70,5,1,32,9,0.5,2,13,-11,-1.49,-1.54,6.7,12.8,-6.1,-0.82,-0.73,Matches,FRA-L1,19-20
26e4447b,157,Yoann Court,FRA,"FW,MF",Brest,29,1990,23,1465,64,58.1,16.3,18,77,6,5,14,0,1.17,20,22,-2,-0.12,-0.04,15.0,24.5,-9.5,-0.58,-0.13,Matches,FRA-L1,19-20
8f325097,158,Nicolas Cozza,FRA,DF,Montpellier,20,1999,7,556,79,22.1,6.2,6,86,5,1,42,5,2.29,10,3,7,1.13,1.41,7.6,5.3,2.2,0.36,0.44,Matches,FRA-L1,19-20
701a15f5,159,Noah Crétier,FRA,DF,Nice,17,2001,0,,,,,0,,0,0,,1,,,,,,,,,,,,Matches,FRA-L1,19-20
3e092724,160,Wylan Cyprien,FRA,MF,Nice,24,1995,20,1772,89,70.3,19.7,20,89,18,0,,0,1.45,30,25,5,0.25,0.49,26.5,29.2,-2.7,-0.14,0.53,Matches,FRA-L1,19-20
007faf7a,161,Lucas Da Cunha,FRA,MF,Rennes,18,2001,2,72,36,2.9,0.8,1,65,0,1,7,2,0.5,0,0,0,0.0,-0.51,1.0,0.4,0.6,0.7,0.47,Matches,FRA-L1,19-20
1ec7e1c5,162,Damien Da Silva,FRA,DF,Rennes,31,1988,25,2244,90,89.0,24.9,25,90,24,0,,1,1.92,36,21,15,0.6,0.93,32.7,25.3,7.4,0.3,0.44,Matches,FRA-L1,19-20
29c02c9f,163,Colin Dagba,FRA,DF,Paris S-G,20,1998,10,668,67,27.5,7.4,7,86,6,3,22,5,2.4,17,4,13,1.75,-0.19,19.6,5.5,14.1,1.92,0.04,Matches,FRA-L1,19-20
e3731da1,164,Elias Damergy,TUN,GK,Rennes,16,2002,0,,,,,0,,0,0,,1,,,,,,,,,,,,Matches,FRA-L1,19-20
fd2bc67d,165,Dante,BRA,DF,Nice,35,1983,21,1890,90,75.0,21.0,21,90,21,0,,0,1.48,31,26,5,0.24,0.52,27.5,31.5,-4.0,-0.19,0.41,Matches,FRA-L1,19-20
44f8c299,166,Lucas Deaux,FRA,MF,Nîmes,30,1988,17,1335,79,53.0,14.8,15,86,10,2,25,0,1.12,16,18,-2,-0.13,0.85,18.5,17.1,1.4,0.09,1.01,Matches,FRA-L1,19-20
92232aad,167,Mathieu Debuchy,FRA,DF,Saint-Étienne,34,1985,21,1769,84,70.2,19.7,20,88,18,1,6,4,1.1,22,34,-12,-0.61,-0.13,24.2,28.1,-4.0,-0.2,0.21,Matches,FRA-L1,19-20
0be95d34,168,Romain Del Castillo,FRA,"FW,MF",Rennes,23,1996,21,1242,59,49.3,13.8,14,78,6,7,21,6,1.95,24,9,15,1.09,1.16,20.7,12.8,7.8,0.57,0.63,Matches,FRA-L1,19-20
8332db56,169,Thomas Delaine,FRA,DF,Metz,27,1992,16,1254,78,49.8,13.9,14,88,12,2,13,7,1.0,11,22,-11,-0.79,-1.0,14.0,18.7,-4.7,-0.34,0.11,Matches,FRA-L1,19-20
2ee1b96b,170,Paul Delecroix,FRA,GK,Metz,30,1988,2,136,68,5.4,1.5,1,91,1,1,45,24,0.0,1,4,-3,-1.99,-1.8,2.1,2.0,0.1,0.1,0.52,Matches,FRA-L1,19-20
d33c706e,171,Andy Delort,ALG,FW,Montpellier,27,1991,26,2280,88,90.5,25.3,26,88,20,0,,0,1.54,35,31,4,0.16,1.28,33.1,30.9,2.3,0.09,0.74,Matches,FRA-L1,19-20
e7986081,172,Moussa Dembélé,FRA,FW,Lyon,23,1996,27,2188,81,86.8,24.3,24,88,20,3,26,1,1.44,38,23,15,0.62,0.62,34.7,23.6,11.1,0.46,0.6,Matches,FRA-L1,19-20
47af88b8,173,Jason Denayer,BEL,DF,Lyon,24,1995,25,2131,85,84.6,23.7,24,89,22,1,0,1,1.52,37,22,15,0.63,0.63,30.8,23.0,7.8,0.33,-0.3,Matches,FRA-L1,19-20
0d3585b5,174,Kévin Denkey,TOG,FW,Nîmes,18,2000,17,603,35,23.9,6.7,6,82,2,11,10,6,0.82,8,9,-1,-0.15,0.51,7.3,10.7,-3.4,-0.5,-0.17,Matches,FRA-L1,19-20
19cda00b,175,Ángel Di María,ARG,"FW,MF",Paris S-G,31,1988,26,2000,77,82.3,22.2,23,83,15,3,27,1,2.5,63,20,43,1.94,0.26,62.5,20.2,42.4,1.91,0.07,Matches,FRA-L1,19-20
244bc2c8,176,Boulaye Dia,SEN,FW,Reims,22,1996,24,1812,76,71.9,20.1,21,82,12,3,28,0,1.5,20,17,3,0.15,-0.11,21.8,18.5,3.4,0.17,0.32,Matches,FRA-L1,19-20
1f0ea0a6,177,Amadou Dia Ndiaye,SEN,FW,Metz,19,2000,0,,,,,0,,0,0,,3,,,,,,,,,,,,Matches,FRA-L1,19-20
d07e3b41,178,Fousseni Diabaté,MLI,"FW,MF",Amiens,23,1995,20,1190,60,47.2,13.2,15,74,1,5,17,2,0.8,14,26,-12,-0.91,-0.43,10.1,19.7,-9.6,-0.73,-0.58,Matches,FRA-L1,19-20
1bfb6fef,179,Bafodé Diakité,FRA,DF,Toulouse,18,2001,16,1366,85,54.2,15.2,16,85,14,0,,0,0.75,9,27,-18,-1.19,0.22,17.0,21.9,-4.9,-0.32,0.38,Matches,FRA-L1,19-20
fc62f087,180,Abdou Diallo,SEN,DF,Paris S-G,23,1996,16,1201,75,49.4,13.3,14,80,10,2,42,5,2.44,27,9,18,1.35,-1.07,30.3,9.1,21.2,1.59,-0.6,Matches,FRA-L1,19-20
6605d143,181,Habib Diallo,SEN,FW,Metz,24,1995,26,2196,84,87.1,24.4,26,84,22,0,,0,1.08,22,29,-7,-0.29,-0.01,22.9,33.2,-10.3,-0.42,-0.23,Matches,FRA-L1,19-20
11ff3d56,182,Ibrahima Diallo,FRA,MF,Brest,20,1999,19,1561,82,61.9,17.3,18,86,15,1,6,1,1.16,19,26,-7,-0.4,-0.78,17.4,31.9,-14.5,-0.84,-0.81,Matches,FRA-L1,19-20
698f11e3,183,Moussa Diarra,MLI,DF,Toulouse,18,2000,1,90,90,3.6,1.0,1,90,1,0,,7,0.0,0,3,-3,-3.0,-1.78,0.3,1.0,-0.7,-0.7,-0.21,Matches,FRA-L1,19-20
d83f8f69,184,Lucas Dias,FRA,GK,Nîmes,20,1999,4,317,79,12.6,3.5,3,90,3,1,46,24,0.75,4,6,-2,-0.57,-0.04,3.0,6.5,-3.5,-1.0,-0.71,Matches,FRA-L1,19-20
247accfd,185,Bakaye Dibassy,MLI,DF,Amiens,29,1989,22,1868,85,74.1,20.8,22,85,20,0,,1,0.91,21,35,-14,-0.67,0.02,20.6,26.4,-5.8,-0.28,0.56,Matches,FRA-L1,19-20
e11a39aa,186,Guillaume Dietsch,FRA,GK,Metz,18,2001,0,,,,,0,,0,0,,3,,,,,,,,,,,,Matches,FRA-L1,19-20
92b56413,187,Tristan Dingomé,CMR,MF,Reims,28,1991,15,892,59,35.4,9.9,12,70,1,3,16,2,1.67,9,6,3,0.3,0.19,12.4,7.8,4.6,0.46,0.6,Matches,FRA-L1,19-20
4be0b467,188,Lois Diony,FRA,FW,Saint-Étienne,26,1992,12,666,56,26.4,7.4,8,70,1,4,26,4,0.67,5,8,-3,-0.41,0.23,7.3,7.6,-0.3,-0.04,0.31,Matches,FRA-L1,19-20
eedea60b,189,Yehvann Diouf,FRA,GK,Reims,19,1999,0,,,,,0,,0,0,,1,,,,,,,,,,,,Matches,FRA-L1,19-20
7f622eef,190,Assane Dioussé,SEN,MF,Saint-Étienne,21,1997,4,120,30,4.8,1.3,1,93,1,3,9,5,2.0,2,2,0,0.0,0.6,2.1,1.8,0.3,0.26,0.55,Matches,FRA-L1,19-20
ad82197c,191,Axel Disasi,FRA,DF,Reims,21,1998,27,2430,90,96.4,27.0,27,90,27,0,,0,1.41,25,21,4,0.15,-0.85,29.0,27.1,1.8,0.07,-0.24,Matches,FRA-L1,19-20
b2336681,192,Tiago Djaló,POR,DF,Lille,19,2000,8,661,83,26.2,7.3,8,83,5,0,,13,1.13,9,7,2,0.27,-0.02,8.3,8.2,0.1,0.01,-0.41,Matches,FRA-L1,19-20
43e7a164,193,Alexander Djiku,GHA,"DF,MF",Strasbourg,24,1994,25,2064,83,84.9,22.9,23,88,22,2,19,1,1.52,29,24,5,0.22,1.45,30.5,27.2,3.3,0.14,0.46,Matches,FRA-L1,19-20
cc83b74d,194,Kasper Dolberg,DEN,FW,Nice,21,1997,23,1888,82,74.9,21.0,22,85,14,1,16,0,1.39,32,27,5,0.24,0.52,26.1,32.7,-6.6,-0.31,-0.08,Matches,FRA-L1,19-20
ccb1c3af,195,Keagan Dolly,RSA,MF,Montpellier,26,1993,6,148,25,5.9,1.6,1,95,1,5,11,4,1.17,0,2,-2,-1.22,-1.33,2.6,1.3,1.3,0.8,0.83,Matches,FRA-L1,19-20
0f26fd24,196,Anastasios Donis,GRE,FW,Reims,22,1996,15,609,41,24.2,6.8,6,66,0,9,23,4,1.33,5,5,0,0.0,-0.24,8.5,6.2,2.3,0.33,0.34,Matches,FRA-L1,19-20
6421dd73,197,Mathieu Dossevi,TOG,"MF,FW",Toulouse,31,1988,26,1751,67,69.5,19.5,20,80,7,6,26,0,0.5,16,36,-20,-1.03,0.84,22.2,30.4,-8.2,-0.42,0.24,Matches,FRA-L1,19-20
6481421d,198,Moussa Doumbia,MLI,"FW,MF",Reims,24,1994,26,1718,66,68.2,19.1,22,75,3,4,15,0,1.5,15,13,2,0.1,-0.23,20.4,18.5,1.9,0.1,0.07,Matches,FRA-L1,19-20
9daeac61,199,Souleyman Doumbia,CIV,DF,Angers,22,1996,5,450,90,17.9,5.0,5,90,5,0,,1,1.8,4,2,2,0.4,0.7,3.9,4.9,-1.0,-0.2,-0.28,Matches,FRA-L1,19-20
9daeac61,200,Souleyman Doumbia,CIV,DF,Rennes,22,1996,1,90,90,3.6,1.0,1,90,1,0,,1,3.0,1,0,1,1.0,0.52,0.9,0.7,0.3,0.26,0.02,Matches,FRA-L1,19-20
1a992676,201,Julian Draxler,GER,MF,Paris S-G,25,1993,11,686,62,28.2,7.6,7,83,4,4,26,6,2.27,20,10,10,1.31,-0.8,18.3,7.7,10.6,1.38,-0.71,Matches,FRA-L1,19-20
fbf83734,202,Matthieu Dreyer,FRA,GK,Amiens,30,1989,0,,,,,0,,0,0,,28,,,,,,,,,,,,Matches,FRA-L1,19-20
ff0ab48c,203,Leo Dubois,FRA,DF,Lyon,24,1994,16,1346,84,53.4,15.0,15,89,14,1,17,0,1.63,24,12,12,0.8,0.57,19.4,14.3,5.1,0.35,-0.07,Matches,FRA-L1,19-20
9b6556d2,204,Haris Duljević,BIH,"FW,MF",Nîmes,25,1993,14,520,37,20.6,5.8,5,70,1,9,19,3,0.71,9,11,-2,-0.35,0.24,7.5,8.5,-1.0,-0.17,0.26,Matches,FRA-L1,19-20
e5cd9da6,205,Riza Durmisi,DEN,"DF,MF",Nice,25,1994,4,160,40,6.3,1.8,2,71,0,2,9,3,1.5,1,3,-2,-1.13,-1.32,0.9,2.8,-2.0,-1.11,-0.87,Matches,FRA-L1,19-20
0cbc8baa,206,Jean-Kevin Duverne,HAI,DF,Brest,22,1997,14,1178,84,46.7,13.1,13,90,13,1,7,6,1.36,18,18,0,0.0,0.2,17.2,17.9,-0.7,-0.05,0.89,Matches,FRA-L1,19-20
72a0fb65,207,Bruno Ecuele Manga,GAB,DF,Dijon,31,1988,28,2520,90,100.0,28.0,28,90,28,0,,0,1.07,27,37,-10,-0.36,,30.5,38.4,-8.0,-0.28,,Matches,FRA-L1,19-20
5c9ac7f0,208,Renaud Emond,BEL,FW,Nantes,27,1991,6,292,49,11.6,3.2,3,71,1,3,26,0,0.67,5,3,2,0.62,0.82,3.1,3.4,-0.3,-0.09,-0.05,Matches,FRA-L1,19-20
da92b0a4,209,Ulrick Eneme,GAB,FW,Amiens,18,2001,0,,,,,0,,0,0,,1,,,,,,,,,,,,Matches,FRA-L1,19-20
bc7b4580,210,Fábio,BRA,DF,Nantes,29,1990,10,834,83,33.1,9.3,10,83,9,0,,0,1.9,9,6,3,0.32,0.64,9.1,9.5,-0.4,-0.04,0.0,Matches,FRA-L1,19-20
33508c78,211,Cesc Fàbregas,ESP,MF,Monaco,32,1987,18,930,52,36.9,10.3,12,72,2,6,11,5,1.56,22,21,1,0.1,0.15,19.5,17.7,1.8,0.17,-0.07,Matches,FRA-L1,19-20
a0ba5520,212,Julien Fabri,FRA,GK,Brest,25,1994,0,,,,,0,,0,0,,1,,,,,,,,,,,,Matches,FRA-L1,19-20
767212e6,213,Julien Faussurier,FRA,DF,Brest,32,1987,22,1980,90,78.6,22.0,22,90,22,0,,1,1.32,29,30,-1,-0.05,0.29,24.0,37.7,-13.8,-0.63,-0.45,Matches,FRA-L1,19-20
005c0807,214,Zinedine Ferhat,ALG,"FW,MF",Nîmes,26,1993,26,2246,86,89.1,25.0,25,89,21,1,26,0,0.96,26,41,-15,-0.6,-0.6,28.4,36.9,-8.5,-0.34,0.36,Matches,FRA-L1,19-20
05816e19,215,Juan Ferney Otero,COL,"FW,MF",Amiens,24,1995,18,1202,67,47.7,13.4,14,75,6,4,37,4,0.94,15,20,-5,-0.37,0.58,13.6,16.6,-3.0,-0.23,0.38,Matches,FRA-L1,19-20
375622c5,216,Jordan Ferri,FRA,MF,Montpellier,27,1992,16,1150,72,45.6,12.8,13,83,7,3,22,0,1.31,13,17,-4,-0.31,-0.64,16.4,17.7,-1.3,-0.1,-0.23,Matches,FRA-L1,19-20
4c4ffacc,217,Mamadou Fofana,MLI,"DF,MF",Metz,21,1998,20,1587,79,63.0,17.6,18,87,15,2,13,8,1.2,15,23,-8,-0.45,-0.45,17.3,23.1,-5.8,-0.33,0.17,Matches,FRA-L1,19-20
132a82f1,218,Wesley Fofana,FRA,DF,Saint-Étienne,18,2000,14,1215,87,48.2,13.5,13,90,13,1,45,2,1.0,16,24,-8,-0.59,-0.04,17.0,20.7,-3.8,-0.28,-0.03,Matches,FRA-L1,19-20
822d51d7,219,Youssouf Fofana,FRA,MF,Strasbourg,20,1999,13,1008,78,41.5,11.2,12,83,9,1,16,0,1.69,17,13,4,0.36,0.61,15.2,12.0,3.2,0.29,0.36,Matches,FRA-L1,19-20
822d51d7,220,Youssouf Fofana,FRA,MF,Monaco,20,1999,7,610,87,24.2,6.8,7,87,5,0,,0,1.57,8,7,1,0.15,0.19,9.3,9.1,0.2,0.04,-0.24,Matches,FRA-L1,19-20
90eb507d,221,Thomas Foket,BEL,DF,Reims,24,1994,27,2430,90,96.4,27.0,27,90,27,0,,1,1.52,26,18,8,0.3,3.3,30.3,25.7,4.6,0.17,2.66,Matches,FRA-L1,19-20
2145368f,222,Lamine Fomba,FRA,MF,Nîmes,21,1998,20,1373,69,54.5,15.3,15,84,9,5,23,4,1.15,10,27,-17,-1.11,-1.27,12.6,23.1,-10.5,-0.69,-0.68,Matches,FRA-L1,19-20
90f87966,223,José Fonte,POR,DF,Lille,35,1983,25,2205,88,87.5,24.5,25,88,24,0,,3,1.84,30,24,6,0.24,-0.33,35.2,28.8,6.4,0.26,-0.45,Matches,FRA-L1,19-20
f84a807c,224,Lyle Foster,RSA,FW,Monaco,18,2000,2,62,31,2.5,0.7,1,46,0,1,16,0,0.0,0,2,-2,-2.9,-2.98,0.6,0.7,-0.1,-0.12,-0.35,Matches,FRA-L1,19-20
4b96c347,225,Angelo Fulgini,FRA,MF,Angers,22,1996,20,1579,79,62.7,17.5,19,82,12,1,29,2,1.35,12,17,-5,-0.28,-0.28,15.9,17.3,-1.4,-0.08,-0.3,Matches,FRA-L1,19-20
9e64fc85,226,Ruben Gabrielsen,NOR,DF,Toulouse,27,1992,8,656,82,26.0,7.3,8,82,7,0,,0,0.13,3,15,-12,-1.65,-0.49,7.1,8.7,-1.5,-0.21,0.38,Matches,FRA-L1,19-20
7ebfac0f,227,Nicolás Gaitán,ARG,"MF,FW",Lille,31,1988,4,54,14,2.1,0.6,0,,0,4,13,1,3.0,1,0,1,1.67,1.41,1.5,0.8,0.7,1.2,0.91,Matches,FRA-L1,19-20
c1b16364,228,Marvin Gakpa,FRA,"MF,FW",Metz,25,1993,13,468,36,18.6,5.2,4,81,1,9,16,9,0.62,3,9,-6,-1.15,-1.07,4.5,6.3,-1.8,-0.34,0.07,Matches,FRA-L1,19-20
72c812f3,229,Idrissa Gana Gueye,SEN,MF,Paris S-G,29,1989,20,1653,83,68.0,18.4,19,83,16,1,73,1,2.65,47,15,32,1.74,-0.46,49.4,16.0,33.4,1.82,-0.24,Matches,FRA-L1,19-20
23c63b7f,230,Ignatius Ganago,CMR,"FW,MF",Nice,20,1999,26,1239,48,49.2,13.8,12,76,4,14,23,1,1.35,19,19,0,0.0,-0.21,18.7,23.9,-5.2,-0.38,-0.17,Matches,FRA-L1,19-20
6be41a31,231,Yann Gboho,FRA,FW,Rennes,18,2001,8,226,28,9.0,2.5,2,67,0,6,16,9,1.75,6,4,2,0.8,0.33,5.6,2.7,2.9,1.17,1.01,Matches,FRA-L1,19-20
4c700f46,232,Jérémy Gélin,FRA,"DF,MF",Rennes,22,1997,14,924,66,36.7,10.3,10,86,8,4,17,7,1.64,14,9,5,0.49,-0.02,11.4,14.0,-2.7,-0.26,-0.8,Matches,FRA-L1,19-20
822ed0ec,233,Valentin Gendrey,FRA,DF,Amiens,19,2000,0,,,,,0,,0,0,,2,,,,,,,,,,,,Matches,FRA-L1,19-20
ea0ff634,234,Valère Germain,FRA,FW,Marseille,29,1990,25,1350,54,53.6,15.0,14,84,6,11,16,3,1.88,26,22,4,0.27,-0.35,18.1,20.2,-2.1,-0.14,-0.64,Matches,FRA-L1,19-20
f7b1d4e0,235,Saman Ghoddos,IRN,FW,Amiens,25,1993,5,231,46,9.2,2.6,2,80,1,3,24,0,0.8,5,2,3,1.17,2.03,4.7,1.7,3.0,1.18,1.77,Matches,FRA-L1,19-20
3befc2b6,236,Andrei Girotto,BRA,DF,Nantes,27,1992,25,2177,87,86.4,24.2,25,87,23,0,,0,1.44,24,24,0,0.0,0.79,27.2,26.1,1.0,0.04,0.64,Matches,FRA-L1,19-20
c6056d58,237,Kamil Glik,POL,DF,Monaco,31,1988,23,2070,90,82.1,23.0,23,90,23,0,,5,1.43,36,36,0,0.0,0.0,40.5,36.3,4.2,0.18,-0.2,Matches,FRA-L1,19-20
1232e1dc,238,Joris Gnagnon,FRA,DF,Rennes,22,1997,19,1278,67,50.7,14.2,14,89,13,5,6,4,1.58,21,15,6,0.42,-0.16,23.3,16.3,6.9,0.49,0.49,Matches,FRA-L1,19-20
a0434482,239,Eddy Gnahoré,FRA,MF,Amiens,25,1993,17,1133,67,45.0,12.6,14,79,8,3,10,3,0.88,14,21,-7,-0.56,0.22,12.9,17.1,-4.2,-0.34,0.16,Matches,FRA-L1,19-20
132bb875,240,Mauro Goicoechea,URU,GK,Toulouse,31,1988,2,180,90,7.1,2.0,2,90,2,0,,22,0.0,0,5,-5,-2.5,-1.31,1.3,3.5,-2.2,-1.08,-0.62,Matches,FRA-L1,19-20
3708e9fa,241,Aleksandr Golovin,RUS,MF,Monaco,23,1996,25,2061,82,81.8,22.9,24,85,15,1,26,0,1.44,35,34,1,0.04,0.24,39.4,35.1,4.3,0.19,-0.17,Matches,FRA-L1,19-20
cecbce23,242,Alfred Gomis,SEN,GK,Dijon,25,1993,19,1619,85,64.2,18.0,19,85,17,0,,2,1.32,19,20,-1,-0.06,0.84,19.3,24.1,-4.8,-0.26,0.06,Matches,FRA-L1,19-20
d26cd32d,243,Mathieu Goncalves,FRA,DF,Toulouse,18,2001,4,314,79,12.5,3.5,3,84,2,1,63,11,0.75,5,8,-3,-0.86,0.49,5.4,9.7,-4.3,-1.23,-0.84,Matches,FRA-L1,19-20
42dcf26d,244,Álvaro González,ESP,DF,Marseille,29,1990,20,1628,81,64.6,18.1,19,84,17,1,27,2,2.25,30,17,13,0.72,0.82,22.0,19.4,2.6,0.15,-0.03,Matches,FRA-L1,19-20
7c6d6c96,245,Prince-Désir Gouano,FRA,DF,Amiens,25,1993,3,270,90,10.7,3.0,3,90,3,0,,0,1.0,3,4,-1,-0.33,0.39,2.1,4.5,-2.4,-0.81,-0.43,Matches,FRA-L1,19-20
aad56ca3,246,Amine Gouiri,ALG,FW,Lyon,19,2000,1,1,1,0.0,0.0,0,,0,1,0,2,3.0,0,0,0,0.0,-0.54,0.0,0.0,0.0,0.0,-0.38,Matches,FRA-L1,19-20
3cd7820a,247,Lucas Gourna-Douath,FRA,MF,Saint-Étienne,15,2003,0,,,,,0,,0,0,,1,,,,,,,,,,,,Matches,FRA-L1,19-20
c5a500ca,248,Max Gradel,CIV,"MF,FW",Toulouse,31,1987,21,1635,78,64.9,18.2,19,84,11,2,23,0,0.57,19,40,-21,-1.16,0.37,22.0,31.3,-9.4,-0.51,-0.05,Matches,FRA-L1,19-20
d2448564,249,Samuel Grandsir,FRA,"FW,MF",Brest,22,1996,24,1492,62,59.2,16.6,17,77,2,7,26,2,1.08,19,23,-4,-0.24,-0.33,19.3,25.4,-6.1,-0.37,0.39,Matches,FRA-L1,19-20
8b298f56,250,Clément Grenier,FRA,MF,Rennes,28,1991,11,839,76,33.3,9.3,10,82,6,1,16,2,1.27,9,9,0,0.0,-0.75,8.9,13.5,-4.6,-0.49,-1.11,Matches,FRA-L1,19-20
53283127,251,Jérémy Grimm,FRA,MF,Strasbourg,32,1987,1,1,1,0.0,0.0,0,,0,1,0,5,3.0,0,0,0,0.0,0.0,0.0,0.1,-0.1,-6.55,-6.63,Matches,FRA-L1,19-20
b73f17f8,252,Evann Guessand,CIV,FW,Nice,18,2001,0,,,,,0,,0,0,,2,,,,,,,,,,,,Matches,FRA-L1,19-20
fe296c72,253,Kelyan Guessoum,FRA,DF,Nîmes,20,1999,0,,,,,0,,0,0,,5,,,,,,,,,,,,Matches,FRA-L1,19-20
82518f62,254,Bruno Guimarães,BRA,MF,Lyon,21,1997,3,270,90,10.7,3.0,3,90,3,0,,1,2.0,4,1,3,1.0,0.52,6.1,1.8,4.3,1.44,1.19,Matches,FRA-L1,19-20
923f4dda,255,Serhou Guirassy,GUI,FW,Amiens,23,1996,23,1921,84,76.2,21.3,23,84,17,0,,0,0.91,25,34,-9,-0.42,1.08,21.5,25.9,-4.4,-0.21,0.92,Matches,FRA-L1,19-20
7091324a,256,Rafik Guitane,FRA,MF,Rennes,20,1999,2,16,8,0.6,0.2,0,,0,2,7,6,1.5,1,1,0,0.0,-0.5,1.1,0.1,1.0,5.89,5.68,Matches,FRA-L1,19-20
bc270726,257,Régis Gurtner,FRA,GK,Amiens,32,1986,28,2520,90,100.0,28.0,28,90,28,0,,0,0.82,31,50,-19,-0.68,,27.4,39.3,-11.9,-0.43,,Matches,FRA-L1,19-20
82671804,258,Luiz Gustavo,BRA,MF,Marseille,32,1987,3,190,63,7.5,2.1,2,91,2,1,9,0,1.33,0,2,-2,-0.95,-1.49,2.3,1.7,0.5,0.26,0.11,Matches,FRA-L1,19-20
0b4d8274,259,Romain Hamouma,FRA,"FW,MF",Saint-Étienne,32,1987,14,865,62,34.3,9.6,9,80,4,5,30,3,1.29,15,20,-5,-0.52,0.08,13.3,12.8,0.4,0.05,0.47,Matches,FRA-L1,19-20
45071d80,260,Ewan Hatfout,FRA,GK,Dijon,19,2000,0,,,,,0,,0,0,,6,,,,,,,,,,,,Matches,FRA-L1,19-20
0a89e877,261,Benjamin Henrichs,GER,"DF,MF",Monaco,22,1997,13,890,68,35.3,9.9,10,86,8,3,9,3,1.31,11,19,-8,-0.81,-1.25,14.0,16.2,-2.1,-0.22,-0.67,Matches,FRA-L1,19-20
3681cfff,262,Christophe Hérelle,MTQ,DF,Nice,26,1992,15,1103,74,43.8,12.3,13,80,8,2,33,0,1.53,19,15,4,0.33,0.39,18.4,19.1,-0.7,-0.05,0.43,Matches,FRA-L1,19-20
436a9dd0,263,Ander Herrera,ESP,"MF,DF",Paris S-G,29,1989,8,547,68,22.5,6.1,6,85,4,2,18,4,2.38,17,7,10,1.65,-0.31,15.8,4.9,10.9,1.79,-0.13,Matches,FRA-L1,19-20
c4bbea9f,264,Vitorino Hilton,BRA,DF,Montpellier,41,1977,28,2510,90,99.6,27.9,28,90,27,0,,0,1.43,35,33,2,0.07,9.07,35.1,34.4,0.7,0.03,1.93,Matches,FRA-L1,19-20
fa060e71,265,Josué Homawoo,FRA,DF,Nantes,21,1997,1,45,45,1.8,0.5,0,,0,1,45,4,1.0,1,1,0,0.0,0.11,0.2,0.7,-0.5,-0.98,-0.95,Matches,FRA-L1,19-20
db7849ca,266,Franck Honorat,FRA,"FW,DF",Saint-Étienne,22,1996,12,849,71,33.7,9.4,9,83,6,3,35,2,0.92,14,15,-1,-0.11,0.7,12.0,10.9,1.1,0.12,0.58,Matches,FRA-L1,19-20
d14229f3,267,Adrien Hunou,FRA,"FW,MF",Rennes,25,1994,23,1210,53,48.0,13.4,13,80,4,10,17,1,1.74,21,12,9,0.67,0.33,21.5,14.0,7.6,0.56,0.61,Matches,FRA-L1,19-20
7ffaf233,268,Suk Hyun-jun,KOR,"FW,MF",Reims,28,1991,13,262,20,10.4,2.9,1,71,0,12,16,5,1.31,3,2,1,0.34,0.18,2.9,3.6,-0.7,-0.24,-0.35,Matches,FRA-L1,19-20
885b7aa7,269,Didier Ibrahim Ndong,GAB,MF,Dijon,25,1994,27,2386,88,94.7,26.5,27,88,24,0,,0,1.07,25,35,-10,-0.38,-0.38,28.8,37.1,-8.3,-0.31,-0.57,Matches,FRA-L1,19-20
43b78598,270,Mauro Icardi,ARG,FW,Paris S-G,26,1993,20,1267,63,52.1,14.1,14,83,7,6,17,1,2.65,47,16,31,2.2,0.65,42.8,13.3,29.4,2.09,0.41,Matches,FRA-L1,19-20
42eaa028,271,Jonathan Ikone,FRA,"MF,FW",Lille,21,1998,28,2057,73,81.6,22.9,26,76,5,2,36,0,1.75,28,17,11,0.48,1.06,30.6,21.7,9.0,0.39,0.42,Matches,FRA-L1,19-20
23bf644d,272,Yun Il-lok,KOR,"MF,FW",Montpellier,27,1992,5,121,24,4.8,1.3,1,78,0,4,11,3,0.8,0,2,-2,-1.49,-1.6,1.6,2.6,-1.0,-0.74,-0.8,Matches,FRA-L1,19-20
3e6f30a9,273,Garissone Innocent,HAI,GK,Paris S-G,19,2000,0,,,,,0,,0,0,,1,,,,,,,,,,,,Matches,FRA-L1,19-20
14e8e9d7,274,Nicolas Isimat-Mirin,FRA,DF,Toulouse,27,1991,14,1260,90,50.0,14.0,14,90,14,0,,6,0.29,13,34,-21,-1.5,-0.43,15.1,25.8,-10.7,-0.76,-0.54,Matches,FRA-L1,19-20
46d50339,275,Christophe Jallet,FRA,DF,Amiens,35,1983,12,855,71,33.9,9.5,10,83,8,2,14,10,0.75,9,15,-6,-0.63,0.07,7.2,12.5,-5.2,-0.55,-0.19,Matches,FRA-L1,19-20
f5dfc256,276,Léo Jardim,BRA,GK,Lille,24,1995,0,,,,,0,,0,0,,28,,,,,,,,,,,,Matches,FRA-L1,19-20
7d9b37bf,277,Corentin Jean,FRA,DF,Toulouse,24,1995,1,7,7,0.3,0.1,0,,0,1,6,1,0.0,0,0,0,0.0,1.29,0.1,0.8,-0.7,-8.78,-8.3,Matches,FRA-L1,19-20
2e52206e,278,Benjamin Jeannot,FRA,"MF,FW",Dijon,27,1992,2,167,84,6.6,1.9,2,84,1,0,,0,0.0,1,3,-2,-1.08,-0.77,3.1,2.5,0.6,0.33,0.65,Matches,FRA-L1,19-20
7cab69b5,279,Jemerson,BRA,"DF,MF",Monaco,26,1992,13,1056,81,41.9,11.7,13,81,9,0,,2,1.77,20,15,5,0.43,0.73,23.1,14.4,8.8,0.75,0.91,Matches,FRA-L1,19-20
4a537185,280,Jesé,ESP,FW,Paris S-G,26,1993,1,1,1,0.0,0.0,0,,0,1,0,0,3.0,0,0,0,0.0,-1.89,0.0,0.0,0.0,0.0,-1.89,Matches,FRA-L1,19-20
e4a26a91,281,Jakob Johansson,SWE,MF,Rennes,29,1990,0,,,,,0,,0,0,,4,,,,,,,,,,,,Matches,FRA-L1,19-20
13c44fc5,282,Jorge,BRA,DF,Monaco,23,1996,0,,,,,0,,0,0,,3,,,,,,,,,,,,Matches,FRA-L1,19-20
0eb03d5b,283,Vukašin Jovanović,SRB,DF,Bordeaux,23,1996,9,573,64,22.7,6.4,5,82,4,4,41,9,1.44,11,9,2,0.31,0.13,7.8,7.7,0.2,0.03,0.34,Matches,FRA-L1,19-20
f36c432f,284,Stevan Jovetić,MNE,"FW,MF",Monaco,29,1989,9,473,53,18.8,5.3,5,79,0,4,19,0,1.22,6,6,0,0.0,0.0,7.0,5.1,1.9,0.37,0.19,Matches,FRA-L1,19-20
32f3d97e,285,Abdoul Kader Bamba,FRA,"FW,MF",Nantes,25,1994,27,1468,54,58.3,16.3,16,82,5,11,15,0,1.37,19,14,5,0.31,0.99,20.0,17.6,2.4,0.15,0.46,Matches,FRA-L1,19-20
e8f9acf4,286,Kylian Kaïboué,FRA,"DF,MF",Montpellier,20,1998,0,,,,,0,,0,0,,1,,,,,,,,,,,,Matches,FRA-L1,19-20
5b1bf5e3,287,Gaël Kakuta,COD,"MF,FW",Amiens,28,1991,24,2001,83,79.4,22.2,23,85,13,1,37,0,0.92,23,35,-12,-0.54,0.67,21.4,28.4,-7.0,-0.32,0.53,Matches,FRA-L1,19-20
bf4c41f9,288,Arnaud Kalimuendo,FRA,FW,Paris S-G,17,2002,0,,,,,0,,0,0,,2,,,,,,,,,,,,Matches,FRA-L1,19-20
3a74f92b,289,Lovre Kalinić,CRO,GK,Toulouse,29,1990,4,305,76,12.1,3.4,4,76,3,0,,0,0.25,0,4,-4,-1.18,0.12,3.4,3.2,0.2,0.06,0.64,Matches,FRA-L1,19-20
b8d22478,290,Samuel Kalu,NGA,"DF,FW",Bordeaux,21,1997,20,1357,68,53.8,15.1,15,82,8,5,25,2,1.1,22,18,4,0.27,0.11,14.6,22.6,-8.0,-0.53,-0.64,Matches,FRA-L1,19-20
85f7d1be,291,Pierre Kalulu,FRA,DF,Lyon,19,2000,0,,,,,0,,0,0,,1,,,,,,,,,,,,Matches,FRA-L1,19-20
81d3318f,292,François Kamano,GUI,"DF,MF",Bordeaux,23,1996,11,648,59,25.7,7.2,7,84,4,4,15,5,1.36,9,8,1,0.14,-0.1,7.2,9.0,-1.8,-0.25,-0.02,Matches,FRA-L1,19-20
3814120d,293,Bingourou Kamara,SEN,GK,Strasbourg,22,1996,0,,,,,0,,0,0,,26,,,,,,,,,,,,Matches,FRA-L1,19-20
cc77354e,294,Boubacar Kamara,FRA,"DF,MF",Marseille,19,1999,24,2139,89,84.9,23.8,24,89,22,0,,0,2.21,39,24,15,0.63,1.34,33.2,26.2,7.0,0.3,0.91,Matches,FRA-L1,19-20
19a12bed,295,Hassane Kamara,CIV,"DF,FW",Reims,25,1994,23,1709,74,67.8,19.0,18,89,16,5,20,3,1.57,17,14,3,0.16,-0.06,20.3,19.4,0.9,0.05,-0.09,Matches,FRA-L1,19-20
b4c816a9,296,Wilfried Kanga,CIV,FW,Angers,21,1998,4,68,17,2.7,0.8,0,,0,4,16,8,0.5,1,2,-1,-1.32,-1.18,1.0,1.0,0.1,0.08,0.05,Matches,FRA-L1,19-20
a4527d33,297,Eiji Kawashima,JPN,GK,Strasbourg,36,1983,0,,,,,0,,0,0,,1,,,,,,,,,,,,Matches,FRA-L1,19-20
4657faba,298,Joris Kayembe,COD,"DF,FW",Nantes,24,1994,0,,,,,0,,0,0,,3,,,,,,,,,,,,Matches,FRA-L1,19-20
51dbeea9,299,Thilo Kehrer,GER,DF,Paris S-G,22,1996,7,480,69,19.8,5.3,5,87,4,2,22,3,3.0,20,7,13,2.44,0.68,18.7,6.1,12.5,2.35,0.57,Matches,FRA-L1,19-20
8c955557,300,Jules Keita,GUI,"MF,FW",Dijon,21,1998,3,158,53,6.3,1.8,1,91,1,2,34,0,0.0,0,2,-2,-1.14,-0.83,1.6,1.4,0.1,0.08,0.39,Matches,FRA-L1,19-20
796b1c41,301,Saîf-Eddine Khaoui,TUN,"MF,FW",Marseille,24,1995,7,106,15,4.2,1.2,0,,0,7,14,19,2.0,1,1,0,0.0,-0.45,2.1,2.1,0.0,-0.01,-0.18,Matches,FRA-L1,19-20
2677a1de,302,Wahbi Khazri,TUN,"FW,MF",Saint-Étienne,28,1991,16,1149,72,45.6,12.8,13,82,6,3,27,0,1.31,12,21,-9,-0.7,-0.25,12.8,16.3,-3.5,-0.27,-0.02,Matches,FRA-L1,19-20
aef6e670,303,Presnel Kimpembe,FRA,DF,Paris S-G,23,1995,16,1225,77,50.4,13.6,14,85,13,2,18,5,2.63,42,12,30,2.2,0.64,39.5,12.8,26.7,1.96,0.14,Matches,FRA-L1,19-20
ab096c6f,304,Timothée Kolodziejczak,FRA,DF,Saint-Étienne,27,1991,15,1305,87,51.8,14.5,14,90,14,1,45,3,1.27,15,21,-6,-0.41,0.33,13.6,21.7,-8.1,-0.56,-0.61,Matches,FRA-L1,19-20
6b2c894b,305,Ghislain Konan,CIV,DF,Reims,23,1995,16,1333,83,52.9,14.8,15,89,14,1,5,6,1.56,15,12,3,0.2,0.05,16.0,18.9,-3.0,-0.2,-0.59,Matches,FRA-L1,19-20
fcbcbd94,306,Moussa Konaté,SEN,FW,Amiens,26,1993,12,614,51,24.4,6.8,6,80,5,6,23,3,0.58,5,13,-8,-1.17,-0.65,5.4,12.8,-7.4,-1.08,-0.87,Matches,FRA-L1,19-20
a46472d0,307,Lamine Koné,CIV,DF,Strasbourg,30,1989,18,1473,82,60.6,16.4,17,86,15,1,16,4,1.33,13,23,-10,-0.61,-1.55,17.9,21.7,-3.8,-0.23,-0.78,Matches,FRA-L1,19-20
86574238,308,Manu Koné,FRA,MF,Toulouse,18,2001,13,875,67,34.7,9.7,11,79,9,2,2,6,0.08,3,19,-16,-1.65,-0.55,8.0,12.8,-4.8,-0.49,0.0,Matches,FRA-L1,19-20
3ef68782,309,Moussa Koné,SEN,"FW,MF",Nîmes,22,1996,5,140,28,5.6,1.6,1,68,0,4,18,0,1.2,4,2,2,1.29,1.93,2.4,2.1,0.3,0.18,0.59,Matches,FRA-L1,19-20
e6eadfb8,310,Youssouf Koné,MLI,DF,Lyon,24,1995,11,818,74,32.5,9.1,10,77,6,1,53,2,1.73,18,10,8,0.88,0.51,9.9,10.2,-0.3,-0.03,-0.61,Matches,FRA-L1,19-20
f5efb153,311,Laurent Koscielny,FRA,DF,Bordeaux,33,1985,25,2183,87,86.6,24.3,25,87,24,0,,2,1.32,36,28,8,0.33,0.86,25.8,30.6,-4.8,-0.2,0.28,Matches,FRA-L1,19-20
21f8d950,312,Efthimis Koulouris,GRE,FW,Toulouse,23,1996,24,1541,64,61.2,17.1,17,80,8,7,26,4,0.54,18,29,-11,-0.64,1.66,17.5,24.3,-6.8,-0.4,0.25,Matches,FRA-L1,19-20
9a506145,313,Rene Krhin,SVN,"DF,MF",Nantes,29,1990,8,327,41,13.0,3.6,4,81,2,4,1,11,1.5,5,6,-1,-0.28,-0.19,3.2,5.7,-2.5,-0.68,-0.74,Matches,FRA-L1,19-20
41e7ef1c,314,Layvin Kurzawa,FRA,DF,Paris S-G,26,1992,14,858,61,35.3,9.5,9,86,7,5,18,4,2.57,24,7,17,1.78,-0.16,23.2,8.7,14.5,1.52,-0.57,Matches,FRA-L1,19-20
1b6862e8,315,Dereck Kutesa,SUI,"FW,MF",Reims,21,1997,14,528,38,21.0,5.9,4,79,1,10,21,9,0.71,2,7,-5,-0.85,-1.3,4.4,7.0,-2.6,-0.44,-0.65,Matches,FRA-L1,19-20
4bf69118,316,Enock Kwateng,FRA,DF,Bordeaux,22,1997,14,983,70,39.0,10.9,13,75,8,1,10,9,1.86,16,11,5,0.46,0.4,12.1,15.6,-3.6,-0.33,-0.15,Matches,FRA-L1,19-20
7cdda3bf,317,Gaëtan Laborde,FRA,FW,Montpellier,25,1994,28,2237,80,88.8,24.9,27,82,13,1,29,0,1.43,32,26,6,0.24,1.83,31.3,29.1,2.2,0.09,0.62,Matches,FRA-L1,19-20
5413ef36,318,Lenny Lacroix,FRA,DF,Metz,16,2003,0,,,,,0,,0,0,,1,,,,,,,,,,,,Matches,FRA-L1,19-20
4e7db402,319,Alban Lafont,FRA,GK,Nantes,20,1999,27,2430,90,96.4,27.0,27,90,27,0,,0,1.37,27,29,-2,-0.07,0.93,27.5,27.8,-0.3,-0.01,0.92,Matches,FRA-L1,19-20
07f73a4f,320,Jack Lahne,SWE,FW,Amiens,17,2001,1,9,9,0.4,0.1,0,,0,1,8,2,0.0,1,0,1,10.0,10.72,0.4,0.1,0.2,2.38,2.82,Matches,FRA-L1,19-20
c8546c72,321,Sami Lahssaini,BEL,MF,Metz,20,1998,0,,,,,0,,0,0,,2,,,,,,,,,,,,Matches,FRA-L1,19-20
770d7eb8,322,Kenny Lala,MAD,"DF,MF",Strasbourg,27,1991,25,2043,82,84.1,22.7,22,90,22,3,20,1,1.52,31,22,9,0.4,2.49,28.9,24.9,4.0,0.18,0.63,Matches,FRA-L1,19-20
08082af0,323,Loïck Landre,FRA,DF,Nîmes,27,1992,11,929,84,36.9,10.3,10,89,9,1,42,13,1.18,16,15,1,0.1,1.0,13.6,13.2,0.4,0.04,0.66,Matches,FRA-L1,19-20
b49729cb,324,Gautier Larsonneur,FRA,GK,Brest,22,1997,27,2397,89,95.1,26.6,27,89,26,0,,0,1.15,31,34,-3,-0.11,-0.11,29.9,43.0,-13.2,-0.49,0.69,Matches,FRA-L1,19-20
542cc80f,325,Paul Lasne,FRA,"MF,FW",Brest,30,1989,19,1224,64,48.6,13.6,14,83,9,5,13,6,1.26,15,21,-6,-0.44,-0.65,14.0,25.7,-11.7,-0.86,-0.64,Matches,FRA-L1,19-20
6e5b5a45,326,Wesley Lautoa,NCL,"MF,DF",Dijon,31,1987,23,1869,81,74.2,20.8,21,85,16,2,40,1,1.17,24,29,-5,-0.24,0.45,21.7,30.7,-9.0,-0.43,-0.58,Matches,FRA-L1,19-20
d512db65,327,Mickaël Le Bihan,FRA,"FW,DF",Nice,29,1990,2,100,50,4.0,1.1,1,91,1,1,9,0,1.5,2,1,1,0.9,0.83,1.8,0.9,0.9,0.82,1.16,Matches,FRA-L1,19-20
8f4d116f,328,Damien Le Tallec,FRA,"MF,DF",Montpellier,29,1990,28,2458,88,97.5,27.3,28,88,24,0,,0,1.43,34,33,1,0.04,0.04,34.4,33.7,0.7,0.03,0.29,Matches,FRA-L1,19-20
7cf431a5,329,James Lea Siliki,CMR,MF,Rennes,23,1996,20,1079,54,42.8,12.0,12,81,5,8,14,6,1.8,12,7,5,0.42,-0.15,14.6,12.3,2.4,0.2,-0.09,Matches,FRA-L1,19-20
ca122e29,330,Adrien Lebeau,FRA,"MF,FW",Strasbourg,20,1999,2,13,7,0.5,0.1,0,,0,2,6,8,0.5,0,0,0,0.0,0.0,0.9,0.0,0.8,5.75,5.71,Matches,FRA-L1,19-20
2fa2a875,331,Benjamin Lecomte,FRA,GK,Monaco,28,1991,28,2520,90,100.0,28.0,28,90,28,0,,0,1.43,44,44,0,0.0,,48.9,42.7,6.1,0.22,,Matches,FRA-L1,19-20
f5044e54,332,Pierre Lees-Melou,FRA,MF,Nice,26,1993,26,2252,87,89.4,25.0,25,90,23,1,12,0,1.46,38,34,4,0.16,0.5,32.4,39.8,-7.3,-0.29,0.01,Matches,FRA-L1,19-20
c3e4ecbb,333,Jordan Lefort,FRA,DF,Amiens,25,1993,10,842,84,33.4,9.4,8,90,8,2,60,10,0.5,11,23,-12,-1.28,-0.91,6.3,18.2,-11.9,-1.27,-1.27,Matches,FRA-L1,19-20
586ef3a3,334,Nicolas Lemaître,FRA,GK,Reims,22,1997,1,90,90,3.6,1.0,1,90,1,0,,27,0.0,0,3,-3,-3.0,-3.3,0.3,2.8,-2.5,-2.49,-2.66,Matches,FRA-L1,19-20
51c83a90,335,Donovan Léon,GUF,GK,Brest,26,1992,2,123,62,4.9,1.4,1,91,1,1,32,26,1.5,3,3,0,0.0,0.11,0.9,2.5,-1.6,-1.18,-0.69,Matches,FRA-L1,19-20
29ef0f49,336,Aaron Leya Iseka,BEL,FW,Toulouse,21,1997,22,777,35,30.8,8.6,6,81,2,16,18,3,0.27,5,25,-20,-2.32,-1.49,12.4,17.4,-5.0,-0.58,-0.12,Matches,FRA-L1,19-20
f7691f63,337,Dimitri Liénard,FRA,MF,Strasbourg,31,1988,22,1489,68,61.3,16.5,16,85,11,6,22,2,1.45,24,23,1,0.06,0.16,24.4,23.5,0.9,0.05,-0.06,Matches,FRA-L1,19-20
57a46f3f,338,Isaac Lihadji,FRA,MF,Marseille,17,2002,2,25,13,1.0,0.3,0,,0,2,12,4,0.5,0,1,-1,-3.6,-4.07,0.2,0.9,-0.7,-2.54,-2.72,Matches,FRA-L1,19-20
0f52f925,339,Lucas Lima,BRA,"FW,DF",Nantes,27,1991,3,270,90,10.7,3.0,3,90,3,0,,0,1.33,3,3,0,0.0,0.12,3.5,2.9,0.6,0.2,0.28,Matches,FRA-L1,19-20
ccee698e,340,Anthony Limbombe,BEL,"FW,MF",Nantes,25,1994,4,151,38,6.0,1.7,2,66,0,2,10,0,1.0,2,1,1,0.6,0.75,1.3,2.2,-0.9,-0.55,-0.54,Matches,FRA-L1,19-20
ac89503b,341,Gautier Lloris,FRA,DF,Nice,24,1995,3,270,90,10.7,3.0,3,90,3,0,,5,1.0,4,7,-3,-1.0,-1.24,4.0,5.2,-1.2,-0.4,-0.12,Matches,FRA-L1,19-20
6bca20fe,342,Enzo Loiodice,FRA,MF,Dijon,18,2000,5,192,38,7.6,2.1,2,76,1,3,13,5,0.6,0,2,-2,-0.94,-0.63,2.6,2.8,-0.3,-0.12,0.18,Matches,FRA-L1,19-20
f00de885,343,Anthony Lopes,POR,GK,Lyon,28,1990,26,2340,90,92.9,26.0,26,90,26,0,,0,1.42,38,25,13,0.5,-0.5,35.1,25.1,10.0,0.39,0.12,Matches,FRA-L1,19-20
7c2965bb,344,Rony Lopes,POR,FW,Monaco,23,1995,1,80,80,3.2,0.9,1,80,0,0,,0,0.0,0,3,-3,-3.38,-3.49,0.5,0.8,-0.2,-0.26,-0.5,Matches,FRA-L1,19-20
20094685,345,Maxime Lopez,FRA,"MF,FW",Marseille,21,1997,23,1110,48,44.0,12.3,13,77,4,10,11,5,2.17,17,18,-1,-0.08,-0.91,12.6,16.6,-4.0,-0.32,-0.86,Matches,FRA-L1,19-20
934a0957,346,Albert Lottin,FRA,MF,Bordeaux,17,2001,1,45,45,1.8,0.5,1,45,0,0,,0,0.0,1,3,-2,-4.0,-4.29,0.8,1.0,-0.2,-0.47,-0.24,Matches,FRA-L1,19-20
e1df6989,347,Imran Louza,MAR,"MF,FW",Nantes,20,1999,24,2009,84,79.7,22.3,22,89,17,2,24,2,1.42,24,27,-3,-0.13,-0.13,23.9,25.7,-1.8,-0.08,-0.17,Matches,FRA-L1,19-20
a99138af,348,Jean Lucas,BRA,MF,Lyon,21,1998,11,200,18,7.9,2.2,1,74,0,10,13,11,1.45,4,2,2,0.9,0.4,3.5,1.5,2.0,0.91,0.58,Matches,FRA-L1,19-20
54131505,349,Arnaud Lusamba,COD,"MF,FW",Nice,22,1997,15,982,65,39.0,10.9,11,83,5,4,18,10,1.4,14,14,0,0.0,-0.18,13.1,16.9,-3.9,-0.36,-0.1,Matches,FRA-L1,19-20
d4133fa1,350,Yann M'Vila,FRA,"MF,DF",Saint-Étienne,29,1990,23,1942,84,77.1,21.6,21,90,20,2,31,2,1.0,19,37,-18,-0.83,-1.15,22.0,32.1,-10.1,-0.47,-0.89,Matches,FRA-L1,19-20
0bb6e193,351,Yvann Macon,FRA,DF,Saint-Étienne,20,1998,2,95,48,3.8,1.1,2,48,0,0,,4,0.0,0,4,-4,-3.79,-3.34,1.3,2.5,-1.1,-1.07,-0.84,Matches,FRA-L1,19-20
67ac5bb8,352,Gabriel Magalhães,BRA,DF,Lille,21,1997,24,2087,87,82.8,23.2,23,89,22,1,31,1,1.88,30,21,9,0.39,0.6,34.4,25.1,9.2,0.4,0.48,Matches,FRA-L1,19-20
d4d35152,353,Hugo Magnetti,FRA,MF,Brest,21,1998,8,236,30,9.4,2.6,2,86,1,6,11,8,1.13,2,4,-2,-0.76,-0.72,2.8,3.0,-0.2,-0.07,0.5,Matches,FRA-L1,19-20
91e58f66,354,Thiago Maia,BRA,MF,Lille,22,1997,3,48,16,1.9,0.5,0,,0,3,15,4,1.0,2,0,2,3.75,3.53,0.7,0.3,0.4,0.83,0.52,Matches,FRA-L1,19-20
e768de1f,355,Habib Maïga,CIV,MF,Metz,23,1996,26,2266,87,89.9,25.2,26,87,21,0,,1,1.31,26,30,-4,-0.16,1.26,25.1,33.6,-8.5,-0.34,0.56,Matches,FRA-L1,19-20
fcb38f57,356,Mike Maignan,FRA,GK,Lille,24,1995,28,2520,90,100.0,28.0,28,90,28,0,,0,1.75,35,27,8,0.29,,40.3,31.4,8.8,0.32,,Matches,FRA-L1,19-20
bc0bfc64,357,Josh Maja,NGA,FW,Bordeaux,20,1998,21,735,35,29.2,8.2,6,87,4,15,14,5,1.29,12,9,3,0.37,0.22,10.2,9.3,0.9,0.11,0.49,Matches,FRA-L1,19-20
46907171,358,Abdul Majeed Waris,GHA,FW,Strasbourg,27,1991,7,371,53,15.3,4.1,4,81,1,3,15,0,1.57,6,3,3,0.73,0.86,6.2,2.8,3.4,0.83,0.89,Matches,FRA-L1,19-20
22bfb57e,359,Jean-Victor Makengo,FRA,MF,Toulouse,21,1998,19,988,52,39.2,11.0,12,76,5,7,12,7,0.68,10,23,-13,-1.18,0.17,12.2,18.4,-6.1,-0.56,-0.1,Matches,FRA-L1,19-20
0f86995c,360,Hianga Mananga Mbock,FRA,MF,Brest,19,1999,2,141,71,5.6,1.6,1,91,1,1,50,2,2.0,5,1,4,2.55,2.82,2.3,1.7,0.6,0.37,0.96,Matches,FRA-L1,19-20
c26a3918,361,Vincent Manceau,FRA,DF,Angers,30,1989,22,1980,90,78.6,22.0,22,90,22,0,,2,1.18,19,29,-10,-0.45,-1.29,23.2,22.7,0.6,0.03,-0.03,Matches,FRA-L1,19-20
1d2d5cc8,362,Steve Mandanda,FRA,GK,Marseille,34,1985,27,2370,88,94.0,26.3,27,88,26,0,,0,1.96,37,27,10,0.38,-0.82,32.5,29.8,2.7,0.1,-0.92,Matches,FRA-L1,19-20
c20bdcd7,363,Reinildo Mandava,MOZ,"DF,MF",Lille,25,1994,16,1110,69,44.0,12.3,12,90,11,4,8,6,1.88,13,12,1,0.08,-0.37,15.0,12.8,2.2,0.18,-0.25,Matches,FRA-L1,19-20
f7d3a773,364,Anthony Mandrea,ALG,GK,Angers,22,1996,0,,,,,0,,0,0,,2,,,,,,,,,,,,Matches,FRA-L1,19-20
c801616a,365,Thomas Mangani,FRA,MF,Angers,32,1987,24,1871,78,74.2,20.8,21,84,15,3,32,2,1.25,21,29,-8,-0.38,-0.8,22.0,20.9,1.1,0.05,0.08,Matches,FRA-L1,19-20
706a60e1,366,Myziane Maolida,COM,"FW,MF",Nice,20,1999,18,675,38,26.8,7.5,7,77,2,11,12,4,1.17,12,10,2,0.27,0.22,11.9,11.5,0.4,0.06,0.48,Matches,FRA-L1,19-20
e54a9890,367,Faitout Maouassa,FRA,DF,Rennes,21,1998,23,1803,78,71.5,20.0,23,78,13,0,,3,1.87,26,14,12,0.6,0.35,23.4,19.9,3.4,0.17,-0.26,Matches,FRA-L1,19-20
9ae9eaea,368,Fernando Marçal,BRA,DF,Lyon,30,1989,11,829,75,32.9,9.2,11,75,8,0,,1,1.55,13,7,6,0.65,0.17,14.2,6.1,8.1,0.88,0.75,Matches,FRA-L1,19-20
54d4d5f3,369,Jean Marcelin,FRA,DF,Monaco,19,2000,0,,,,,0,,0,0,,2,,,,,,,,,,,,Matches,FRA-L1,19-20
e3d0b0c4,370,Marcelo,BRA,DF,Lyon,32,1987,17,1503,88,59.6,16.7,17,88,15,0,,10,1.18,18,15,3,0.18,-0.88,22.9,14.3,8.6,0.52,0.34,Matches,FRA-L1,19-20
5d93ccee,371,Dario Maresic,AUT,DF,Reims,19,1999,1,90,90,3.6,1.0,1,90,1,0,,10,3.0,1,0,1,1.0,0.85,1.7,1.3,0.3,0.31,0.24,Matches,FRA-L1,19-20
0d2158d5,372,Jordan Marié,FRA,"MF,FW",Dijon,27,1991,8,201,25,8.0,2.2,1,25,0,7,25,3,1.13,4,3,1,0.45,0.87,2.6,3.0,-0.4,-0.19,0.1,Matches,FRA-L1,19-20
d9764034,373,Guillermo Maripán,CHI,DF,Monaco,25,1994,20,1753,88,69.6,19.5,20,88,18,0,,5,1.45,32,31,1,0.05,0.17,33.8,29.8,4.0,0.21,-0.04,Matches,FRA-L1,19-20
d5f2f82b,374,Marquinhos,BRA,"MF,DF",Paris S-G,25,1994,19,1476,78,60.7,16.4,15,90,15,4,31,0,2.32,46,14,32,1.95,0.16,50.6,13.3,37.3,2.27,0.97,Matches,FRA-L1,19-20
468fdbad,375,Jonas Martin,FRA,MF,Rennes,29,1990,3,113,38,4.5,1.3,1,92,1,2,11,2,1.0,1,1,0,0.0,-0.52,1.3,1.1,0.2,0.14,-0.11,Matches,FRA-L1,19-20
468fdbad,376,Jonas Martin,FRA,MF,Strasbourg,29,1990,3,247,82,10.2,2.7,3,82,2,0,,0,0.67,1,3,-2,-0.73,-0.81,3.8,1.4,2.4,0.86,0.87,Matches,FRA-L1,19-20
1ad8cb67,377,Pablo Martinez,FRA,DF,Nîmes,30,1989,26,2339,90,92.8,26.0,26,90,25,0,,0,1.0,26,40,-14,-0.54,-0.04,27.4,36.4,-9.0,-0.35,0.45,Matches,FRA-L1,19-20
3ef0fa48,378,Gelson Martins,POR,"DF,FW",Monaco,24,1995,21,1674,80,66.4,18.6,20,83,11,1,23,0,1.24,31,33,-2,-0.11,-0.32,32.9,29.9,3.0,0.16,-0.17,Matches,FRA-L1,19-20
30144daa,379,Stephy Mavididi,ENG,"FW,MF",Dijon,21,1998,24,1391,58,55.2,15.5,16,73,6,8,29,0,1.13,15,19,-4,-0.26,0.22,15.6,22.6,-7.0,-0.45,-0.37,Matches,FRA-L1,19-20
0e6bc38c,380,Eric Maxim Choupo-Moting,CMR,"FW,MF",Paris S-G,30,1989,9,451,50,18.6,5.0,5,69,1,4,26,7,2.67,11,1,10,2.0,0.13,11.4,2.5,8.9,1.78,-0.14,Matches,FRA-L1,19-20
6a26e528,381,Kévin Mayi,GAB,"FW,MF",Brest,26,1993,2,4,2,0.2,0.0,0,,0,2,1,3,1.0,0,0,0,0.0,0.11,0.0,0.2,-0.2,-4.48,-3.96,Matches,FRA-L1,19-20
42fd9c7f,382,Kylian Mbappé,FRA,FW,Paris S-G,20,1998,20,1513,76,62.3,16.8,17,85,12,3,21,0,2.6,54,16,38,2.26,0.98,52.1,15.4,36.7,2.18,0.77,Matches,FRA-L1,19-20
8f534f8e,383,Loïc Mbe Soh,FRA,DF,Paris S-G,18,2001,1,58,58,2.4,0.6,1,58,0,0,,3,0.0,0,1,-1,-1.55,-3.52,0.4,0.7,-0.3,-0.52,-2.47,Matches,FRA-L1,19-20
6c9642ae,384,Nolan Mbemba,CGO,MF,Reims,24,1995,0,,,,,0,,0,0,,5,,,,,,,,,,,,Matches,FRA-L1,19-20
aa1a8c7e,385,Isaac Mbenza,BEL,FW,Amiens,23,1996,3,84,28,3.3,0.9,1,63,0,2,11,1,0.67,1,2,-1,-1.07,-0.41,1.1,1.3,-0.2,-0.19,0.24,Matches,FRA-L1,19-20
890bc029,386,Jason Mbock,FRA,FW,Angers,19,1999,0,,,,,0,,0,0,,2,,,,,,,,,,,,Matches,FRA-L1,19-20
46750e9c,387,Nathanael Mbuku,FRA,"FW,MF",Reims,17,2002,11,395,36,15.7,4.4,3,70,0,8,23,9,1.73,10,7,3,0.68,0.6,6.8,6.5,0.3,0.06,-0.01,Matches,FRA-L1,19-20
d21e361a,388,Farid El Melali,ALG,"MF,FW",Angers,22,1997,8,306,38,12.1,3.4,4,65,0,4,12,1,2.13,6,1,5,1.47,1.88,4.7,1.7,3.1,0.9,0.99,Matches,FRA-L1,19-20
8f696594,389,Memphis,NED,"FW,MF",Lyon,25,1994,13,1018,78,40.4,11.3,12,83,7,1,26,1,1.31,19,8,11,0.97,0.73,13.3,10.7,2.6,0.23,-0.24,Matches,FRA-L1,19-20
6690ef25,390,Pedro Mendes,POR,DF,Montpellier,28,1990,16,1376,86,54.6,15.3,16,86,14,0,,0,1.25,17,16,1,0.07,0.07,20.9,17.1,3.7,0.24,0.49,Matches,FRA-L1,19-20
c6e5d20f,391,Thiago Mendes,BRA,MF,Lyon,27,1992,22,1812,82,71.9,20.1,21,85,15,1,24,0,1.36,33,20,13,0.65,0.39,25.8,19.9,5.9,0.29,-0.29,Matches,FRA-L1,19-20
e68f2cb4,392,Stiven Mendoza,COL,"FW,MF",Amiens,27,1992,15,1101,73,43.7,12.2,12,85,8,3,29,1,0.8,13,27,-14,-1.14,-0.83,13.8,17.4,-3.6,-0.29,0.23,Matches,FRA-L1,19-20
e067808c,393,Alexandre Mendy,GNB,FW,Brest,25,1994,20,899,45,35.7,10.0,9,74,2,11,21,4,1.05,13,16,-3,-0.3,-0.3,12.0,19.1,-7.1,-0.71,-0.29,Matches,FRA-L1,19-20
e472a6f6,394,Batista Mendy,FRA,"DF,MF",Nantes,19,2000,0,,,,,0,,0,0,,1,,,,,,,,,,,,Matches,FRA-L1,19-20
33887998,395,Edouard Mendy,SEN,GK,Rennes,27,1992,24,2160,90,85.7,24.0,24,90,24,0,,1,1.83,33,19,14,0.58,0.58,32.2,23.4,8.8,0.37,0.83,Matches,FRA-L1,19-20
f99fe221,396,Hamza Mendyl,MAR,DF,Dijon,21,1997,18,1441,80,57.2,16.0,16,86,13,2,36,1,1.39,21,21,0,0.0,0.83,19.7,23.3,-3.6,-0.22,0.14,Matches,FRA-L1,19-20
e162b013,397,Thomas Meunier,BEL,DF,Paris S-G,27,1991,16,1242,78,51.1,13.8,14,85,11,2,23,5,2.5,37,12,25,1.81,-0.16,35.2,12.6,22.7,1.64,-0.51,Matches,FRA-L1,19-20
ce492295,398,Mexer,MOZ,DF,Bordeaux,30,1988,19,1488,78,59.0,16.5,16,87,13,3,35,5,1.16,19,18,1,0.06,-0.38,14.7,20.6,-5.9,-0.36,-0.3,Matches,FRA-L1,19-20
b66d1d8a,399,Florian Miguel,FRA,DF,Nîmes,22,1996,24,2056,86,81.6,22.8,23,88,18,1,35,1,1.08,23,34,-11,-0.48,0.29,25.0,33.1,-8.1,-0.35,0.13,Matches,FRA-L1,19-20
4788cb6b,400,Georges Mikautadze,GEO,FW,Metz,18,2000,1,8,8,0.3,0.1,0,,0,1,7,2,0.0,0,0,0,0.0,0.29,0.1,0.1,0.0,-0.03,0.36,Matches,FRA-L1,19-20
e6777e6b,401,Stefan Mitrović,SRB,DF,Strasbourg,29,1990,23,2053,89,84.5,22.8,23,89,22,0,,3,1.39,26,26,0,0.0,0.0,28.0,26.8,1.1,0.05,-0.16,Matches,FRA-L1,19-20
7e82a78f,402,Florent Mollet,FRA,"MF,FW",Montpellier,27,1991,25,1684,67,66.8,18.7,19,82,10,6,21,0,1.44,28,25,3,0.16,0.38,25.0,25.6,-0.7,-0.04,-0.17,Matches,FRA-L1,19-20
84d94b91,403,Thomas Monconduit,FRA,MF,Amiens,28,1991,19,1364,72,54.1,15.2,15,84,7,4,27,7,0.53,11,25,-14,-0.92,-0.53,12.0,22.8,-10.8,-0.71,-0.62,Matches,FRA-L1,19-20
4a57580c,404,Kévin Monnet-Paquet,FRA,"FW,MF",Saint-Étienne,30,1988,0,,,,,0,,0,0,,1,,,,,,,,,,,,Matches,FRA-L1,19-20
f10983ae,405,Steven Moreira,CPV,DF,Toulouse,24,1994,17,1389,82,55.1,15.4,16,86,14,1,12,4,0.59,11,26,-15,-0.97,0.7,16.2,21.8,-5.5,-0.36,0.31,Matches,FRA-L1,19-20
e97150c0,406,Jérémy Morel,MAD,DF,Rennes,35,1984,21,1806,86,71.7,20.1,20,89,19,1,17,1,1.67,23,18,5,0.25,-0.89,25.2,23.3,1.8,0.09,-0.55,Matches,FRA-L1,19-20
3eaf8817,407,Lebo Mothiba,RSA,FW,Strasbourg,23,1996,21,1047,50,43.1,11.6,12,76,3,9,15,1,1.33,17,21,-4,-0.34,-0.6,19.1,16.5,2.6,0.22,0.26,Matches,FRA-L1,19-20
5f26e0c5,408,Harold Moukoudi,CMR,DF,Saint-Étienne,21,1997,11,990,90,39.3,11.0,11,90,11,0,,5,1.09,11,18,-7,-0.64,-0.11,9.8,16.0,-6.2,-0.57,-0.5,Matches,FRA-L1,19-20
28a65a2c,409,Jessy Moulin,FRA,GK,Saint-Étienne,33,1986,5,450,90,17.9,5.0,5,90,5,0,,21,1.6,4,4,0,0.0,0.7,3.5,7.3,-3.8,-0.76,-0.6,Matches,FRA-L1,19-20
4c93a97f,410,Wesley Moustache,FRA,DF,Nantes,20,1999,1,45,45,1.8,0.5,1,45,0,0,,1,1.0,2,2,0,0.0,0.11,0.5,0.6,-0.1,-0.22,-0.18,Matches,FRA-L1,19-20
af0c835b,411,Samuel Moutoussamy,COD,"DF,MF",Nantes,22,1996,18,523,29,20.8,5.8,3,92,2,15,17,10,1.61,3,9,-6,-1.03,-1.17,6.0,7.6,-1.6,-0.28,-0.3,Matches,FRA-L1,19-20
2acf0cd7,412,Marshall Munetsi,ZIM,MF,Reims,23,1996,17,838,49,33.3,9.3,8,89,7,9,14,7,1.59,11,8,3,0.32,0.22,9.3,10.3,-1.1,-0.11,-0.29,Matches,FRA-L1,19-20
e50623a0,413,Kévin N'Doram,FRA,MF,Metz,23,1996,20,1646,82,65.3,18.3,19,86,18,1,11,3,1.4,18,24,-6,-0.33,-0.12,16.3,26.2,-10.0,-0.54,-0.44,Matches,FRA-L1,19-20
4749367a,414,Abdallah N'dour,SEN,DF,Strasbourg,25,1993,6,373,62,15.3,4.1,4,88,2,2,10,8,1.17,1,4,-3,-0.72,-0.86,3.5,4.4,-0.8,-0.2,-0.32,Matches,FRA-L1,19-20
2b3d9aad,415,Ferris N'Goma,FRA,"MF,FW",Brest,26,1993,4,25,6,1.0,0.3,0,,0,4,5,5,1.25,1,1,0,0.0,0.11,1.4,0.9,0.5,1.92,2.47,Matches,FRA-L1,19-20
e110ea4b,416,Nathan N'Goumou,FRA,FW,Toulouse,19,2000,1,9,9,0.4,0.1,0,,0,1,8,5,0.0,0,0,0,0.0,1.29,0.0,0.3,-0.3,-2.52,-2.03,Matches,FRA-L1,19-20
fb04404b,417,Pierre-Daniel N'Guinda,FRA,DF,Monaco,23,1996,0,,,,,0,,0,0,,1,,,,,,,,,,,,Matches,FRA-L1,19-20
61590953,418,Stanley N'Soki,FRA,DF,Nice,20,1999,17,1273,75,50.5,14.1,14,89,12,3,8,4,1.65,24,18,6,0.42,0.64,19.1,21.5,-2.4,-0.17,0.25,Matches,FRA-L1,19-20
a6b6fa6e,419,Mickael Nade,FRA,DF,Saint-Étienne,20,1999,0,,,,,0,,0,0,,5,,,,,,,,,,,,Matches,FRA-L1,19-20
03bd0bf4,420,Naldo,BRA,DF,Monaco,36,1982,0,,,,,0,,0,0,,2,,,,,,,,,,,,Matches,FRA-L1,19-20
ecada4fc,421,Keylor Navas,CRC,GK,Paris S-G,32,1986,21,1890,90,77.8,21.0,21,90,21,0,,1,2.52,59,18,41,1.95,0.29,56.4,18.2,38.2,1.82,-0.33,Matches,FRA-L1,19-20
87e9c7cd,422,Papa Ndiaga Yade,MTN,FW,Metz,19,2000,2,4,2,0.2,0.0,0,,0,2,1,4,1.5,0,1,-1,-22.5,-22.25,0.1,0.2,-0.2,-3.75,-3.36,Matches,FRA-L1,19-20
602fc7b5,423,Bridge Ndilu,FRA,FW,Nantes,19,2000,0,,,,,0,,0,0,,5,,,,,,,,,,,,Matches,FRA-L1,19-20
69384e5d,424,Neymar,BRA,"MF,FW",Paris S-G,27,1992,15,1318,88,54.2,14.6,15,88,11,0,,0,2.67,40,11,29,1.98,0.2,38.9,11.2,27.8,1.9,0.01,Matches,FRA-L1,19-20
18563ea7,425,Simon Ngapandouetnbu,CMR,GK,Marseille,16,2003,0,,,,,0,,0,0,,1,,,,,,,,,,,,Matches,FRA-L1,19-20
b748968d,426,Muzinga Ngonda,COD,DF,Dijon,24,1994,6,540,90,21.4,6.0,6,90,6,0,,6,0.67,3,9,-6,-1.0,-0.82,3.5,10.4,-6.9,-1.15,-1.1,Matches,FRA-L1,19-20
8413ceb1,427,Ahmad Ngouyamsa,CMR,DF,Dijon,18,2000,1,55,55,2.2,0.6,0,,0,1,54,5,3.0,1,0,1,1.64,2.04,0.7,0.4,0.3,0.52,0.82,Matches,FRA-L1,19-20
75a63397,428,Opa Nguette,SEN,FW,Metz,25,1994,26,1826,70,72.5,20.3,23,77,3,3,18,2,1.27,21,23,-2,-0.1,0.68,17.3,26.8,-9.6,-0.47,-0.28,Matches,FRA-L1,19-20
46faabfa,429,Ibrahima Niane,SEN,FW,Metz,20,1999,21,951,45,37.7,10.6,9,81,3,12,19,5,1.19,11,10,1,0.09,0.61,9.6,14.1,-4.5,-0.42,-0.05,Matches,FRA-L1,19-20
2054d037,430,M'Baye Niang,SEN,FW,Rennes,24,1994,26,2126,82,84.4,23.6,24,86,15,2,32,1,1.77,30,23,7,0.3,-1.3,30.0,26.4,3.6,0.15,-0.6,Matches,FRA-L1,19-20
5853ac44,431,Tanguy Nianzou,FRA,"DF,MF",Paris S-G,17,2002,6,452,75,18.6,5.0,4,86,3,2,55,8,2.67,18,6,12,2.39,0.61,14.6,3.5,11.1,2.21,0.39,Matches,FRA-L1,19-20
ff20acfe,432,Cheikh Niasse,SEN,MF,Lille,19,2000,1,15,15,0.6,0.2,0,,0,1,14,4,3.0,0,0,0,0.0,-0.29,0.2,0.2,0.0,-0.18,-0.5,Matches,FRA-L1,19-20
91f2da4c,433,Casimir Ninga,CHA,"MF,FW",Angers,26,1993,16,683,43,27.1,7.6,6,75,2,10,23,1,1.31,8,9,-1,-0.13,0.06,10.0,9.6,0.5,0.06,0.04,Matches,FRA-L1,19-20
80d1adb3,434,Timothée Nkada,FRA,FW,Reims,20,1999,8,148,19,5.9,1.6,0,,0,8,18,4,1.13,1,0,1,0.61,0.46,1.7,3.4,-1.7,-1.05,-1.19,Matches,FRA-L1,19-20
f5b281e7,435,Niels Nkounkou,FRA,"DF,MF",Marseille,18,2000,0,,,,,0,,0,0,,1,,,,,,,,,,,,Matches,FRA-L1,19-20
7b9a9e25,436,Arnaud Nordin,FRA,"FW,MF",Saint-Étienne,21,1998,18,908,50,36.0,10.1,9,83,4,9,18,3,1.28,9,15,-6,-0.59,-0.04,11.3,15.5,-4.1,-0.41,-0.23,Matches,FRA-L1,19-20
04a5861a,437,Kahamba Ntumba,FRA,GK,Dijon,18,2001,0,,,,,0,,0,0,,3,,,,,,,,,,,,Matches,FRA-L1,19-20
6043997c,438,Gerzino Nyamsi,FRA,DF,Rennes,22,1997,4,116,29,4.6,1.3,0,,0,4,29,11,2.5,2,2,0,0.0,-0.52,1.5,2.1,-0.6,-0.45,-0.73,Matches,FRA-L1,19-20
c7526c18,439,Steven Nzonzi,FRA,MF,Rennes,30,1988,5,386,77,15.3,4.3,4,90,4,1,25,0,2.0,9,2,7,1.63,1.34,7.0,3.8,3.2,0.74,0.59,Matches,FRA-L1,19-20
c977ef13,440,Alexandre Olliero,FRA,GK,Nantes,23,1996,0,,,,,0,,0,0,,23,,,,,,,,,,,,Matches,FRA-L1,19-20
b5bb8188,441,Jean Onana,CMR,MF,Lille,19,2000,1,79,79,3.1,0.9,1,79,0,0,,0,0.0,1,2,-1,-1.14,-1.47,1.2,1.6,-0.4,-0.41,-0.75,Matches,FRA-L1,19-20
e90dc1d5,442,Henry Onyekuru,NGA,"MF,FW",Monaco,22,1997,4,160,40,6.3,1.8,2,72,0,2,8,4,0.75,2,4,-2,-1.13,-1.2,2.1,4.3,-2.2,-1.25,-1.57,Matches,FRA-L1,19-20
b871bf55,443,Nicholas Opoku,GHA,DF,Amiens,21,1997,7,630,90,25.0,7.0,7,90,7,0,,0,0.71,7,9,-2,-0.29,0.52,6.4,8.7,-2.4,-0.34,0.12,Matches,FRA-L1,19-20
8c90fd7a,444,Victor Osimhen,NGA,FW,Lille,20,1998,27,2287,85,90.8,25.4,25,88,21,2,48,0,1.81,33,23,10,0.39,1.17,37.2,26.7,10.5,0.41,1.06,Matches,FRA-L1,19-20
243f4a0b,445,Otávio,BRA,MF,Bordeaux,25,1994,25,2211,88,87.7,24.6,25,88,23,0,,0,1.32,35,28,7,0.28,0.58,26.4,31.1,-4.6,-0.19,0.37,Matches,FRA-L1,19-20
6578600f,446,Abou Ouattara,BFA,FW,Lille,19,1999,1,9,9,0.4,0.1,0,,0,1,8,2,3.0,0,1,-1,-10.0,-10.32,0.0,0.5,-0.5,-4.74,-5.08,Matches,FRA-L1,19-20
ea02beaf,447,Remi Oudin,FRA,"FW,MF",Bordeaux,22,1996,8,562,70,22.3,6.2,5,83,3,3,48,0,1.38,7,5,2,0.32,0.14,8.0,7.0,1.0,0.16,0.51,Matches,FRA-L1,19-20
ea02beaf,448,Remi Oudin,FRA,"FW,MF",Reims,22,1996,18,1397,78,55.4,15.5,16,85,8,2,20,0,1.56,13,9,4,0.26,0.18,17.7,13.7,4.0,0.26,0.41,Matches,FRA-L1,19-20
ae7d0ecd,449,Alexandre Oukidja,ALG,GK,Metz,31,1988,27,2384,88,94.6,26.5,27,88,26,0,,0,1.26,26,31,-5,-0.19,1.8,24.9,36.1,-11.2,-0.42,-0.52,Matches,FRA-L1,19-20
6b4436ba,450,Zinédine Ould Khaled,FRA,MF,Angers,19,2000,1,59,59,2.3,0.7,1,59,0,0,,6,3.0,2,0,2,3.05,3.31,0.6,0.9,-0.3,-0.47,-0.52,Matches,FRA-L1,19-20
83299cc0,451,Azzedine Ounahi,MAR,MF,Strasbourg,19,2000,0,,,,,0,,0,0,,1,,,,,,,,,,,,Matches,FRA-L1,19-20
ed90babd,452,Adam Ounas,ALG,"FW,MF",Nice,22,1996,16,1123,70,44.6,12.5,14,76,4,2,30,0,1.69,20,15,5,0.4,0.53,16.3,18.6,-2.3,-0.19,0.19,Matches,FRA-L1,19-20
e3e05edf,453,Ambroise Oyongo,CMR,"DF,FW",Montpellier,28,1991,21,1821,87,72.3,20.2,21,87,17,0,,6,1.57,25,21,4,0.2,0.58,21.9,22.8,-0.9,-0.05,-0.23,Matches,FRA-L1,19-20
29d8ad3f,454,Pablo,BRA,DF,Bordeaux,28,1991,25,2173,87,86.2,24.1,25,87,23,0,,1,1.36,37,30,7,0.29,0.55,25.5,32.8,-7.3,-0.3,-0.49,Matches,FRA-L1,19-20
f86ca403,455,Vincent Pajot,FRA,MF,Angers,28,1990,6,113,19,4.5,1.3,1,58,0,5,11,11,1.5,4,4,0,0.0,0.19,1.7,0.8,0.9,0.71,0.71,Matches,FRA-L1,19-20
f86ca403,456,Vincent Pajot,FRA,MF,Metz,28,1990,7,519,74,20.6,5.8,7,74,3,0,,0,2.29,9,2,7,1.21,1.89,6.5,6.9,-0.4,-0.07,0.4,Matches,FRA-L1,19-20
19f8e480,457,Sergi Palencia,ESP,DF,Saint-Étienne,23,1996,6,468,78,18.6,5.2,6,78,3,0,,5,0.67,3,7,-4,-0.77,-0.24,3.2,5.7,-2.5,-0.47,-0.26,Matches,FRA-L1,19-20
779847d6,458,Nicolas Pallois,FRA,DF,Nantes,31,1987,21,1890,90,75.0,21.0,21,90,21,0,,0,1.52,19,20,-1,-0.05,0.24,22.4,21.4,1.0,0.05,0.37,Matches,FRA-L1,19-20
c795c408,459,Jonathan Panzo,ENG,DF,Monaco,18,2000,2,107,54,4.2,1.2,1,91,1,1,16,1,0.5,0,4,-4,-3.36,-3.51,0.9,1.6,-0.6,-0.54,-0.79,Matches,FRA-L1,19-20
475583ff,460,Gaëtan Paquiez,FRA,DF,Nîmes,25,1994,21,1530,73,60.7,17.0,17,85,12,4,22,6,1.1,20,28,-8,-0.47,0.17,17.6,27.8,-10.2,-0.6,-0.57,Matches,FRA-L1,19-20
2306bfde,461,Rubén Pardo,ESP,MF,Bordeaux,26,1992,6,188,31,7.5,2.1,1,68,0,5,24,0,1.17,4,5,-1,-0.48,-0.75,3.3,3.5,-0.2,-0.07,0.18,Matches,FRA-L1,19-20
dff153a4,462,Leandro Paredes,ARG,MF,Paris S-G,25,1994,17,814,48,33.5,9.0,8,85,6,9,15,9,2.24,25,10,15,1.66,-0.35,24.5,7.9,16.6,1.83,-0.09,Matches,FRA-L1,19-20
450e277f,463,Mateo Pavlović,BIH,DF,Angers,29,1990,11,812,74,32.2,9.0,8,90,8,3,30,15,1.09,8,16,-8,-0.89,-1.04,9.7,8.3,1.3,0.15,0.17,Matches,FRA-L1,19-20
58ae47b2,464,Dimitri Payet,FRA,"FW,MF",Marseille,32,1987,22,1930,88,76.6,21.4,22,88,15,0,,0,2.14,34,19,15,0.7,1.16,29.1,21.6,7.5,0.35,0.82,Matches,FRA-L1,19-20
b684a484,465,Jordan Pefok,USA,FW,Rennes,23,1996,14,440,31,17.5,4.9,4,68,0,10,17,5,1.79,5,3,2,0.41,-0.11,4.1,4.3,-0.2,-0.05,-0.36,Matches,FRA-L1,19-20
76806215,466,Yohann Pelé,FRA,GK,Marseille,36,1982,2,150,75,6.0,1.7,1,91,1,1,59,26,2.0,4,2,2,1.2,0.82,3.7,2.0,1.7,1.03,0.92,Matches,FRA-L1,19-20
a44d3a3c,467,Pietro Pellegri,ITA,FW,Monaco,18,2001,0,,,,,0,,0,0,,1,,,,,,,,,,,,Matches,FRA-L1,19-20
97fb4608,468,Théo Pellenard,FRA,DF,Angers,25,1994,8,455,57,18.1,5.1,4,86,3,4,28,9,1.38,4,6,-2,-0.4,-0.26,5.8,3.8,1.9,0.38,0.43,Matches,FRA-L1,19-20
f18d7ab2,469,Andy Pelmard,FRA,DF,Nice,19,2000,10,766,77,30.4,8.5,8,89,6,2,28,3,1.0,8,14,-6,-0.7,-1.17,8.8,14.0,-5.1,-0.6,-0.45,Matches,FRA-L1,19-20
8846a40f,470,Mathias Pereira Lage,POR,MF,Angers,22,1996,25,1542,62,61.2,17.1,17,79,9,8,26,0,1.28,17,24,-7,-0.41,-0.59,19.1,18.2,0.8,0.05,0.04,Matches,FRA-L1,19-20
6dfd8f05,471,Romain Perraud,FRA,DF,Brest,21,1997,20,1670,84,66.3,18.6,19,88,18,1,4,5,1.15,20,28,-8,-0.43,-0.96,18.2,32.2,-13.9,-0.75,-0.66,Matches,FRA-L1,19-20
6b200d45,472,Loïc Perrin,FRA,DF,Saint-Étienne,33,1985,21,1714,82,68.0,19.0,20,86,18,1,3,3,1.05,18,29,-11,-0.58,-0.02,22.2,25.9,-3.7,-0.19,0.22,Matches,FRA-L1,19-20
49070d66,473,Lucas Perrin,FRA,DF,Marseille,20,1998,4,360,90,14.3,4.0,4,90,4,0,,8,1.25,4,4,0,0.0,-0.5,3.8,6.1,-2.3,-0.57,-0.85,Matches,FRA-L1,19-20
b98cea65,474,Danijel Petković,MNE,GK,Angers,26,1993,2,180,90,7.1,2.0,2,90,2,0,,25,1.5,1,1,0,0.0,0.19,1.5,1.5,0.0,0.01,-0.03,Matches,FRA-L1,19-20
dab1b8dc,475,Denis Petrić,SRB,GK,Nantes,31,1988,1,90,90,3.6,1.0,1,90,1,0,,5,0.0,1,2,-1,-1.0,-0.93,2.7,3.6,-0.9,-0.93,-0.92,Matches,FRA-L1,19-20
a046fc35,476,Rayan Philippe,FRA,FW,Dijon,18,2000,1,30,30,1.2,0.3,0,,0,1,29,1,0.0,0,0,0,0.0,0.36,0.1,0.1,0.1,0.24,0.53,Matches,FRA-L1,19-20
f98b15f0,477,Romain Philippoteaux,FRA,"FW,MF",Nîmes,31,1988,27,1994,74,79.1,22.2,23,85,13,4,13,1,1.0,21,32,-11,-0.5,0.19,24.5,31.9,-7.5,-0.34,0.2,Matches,FRA-L1,19-20
60161521,478,Alexandre Phliponeau,FRA,MF,Marseille,19,2000,0,,,,,0,,0,0,,2,,,,,,,,,,,,Matches,FRA-L1,19-20
a634b9d2,479,Jérémy Pied,FRA,DF,Lille,30,1989,5,450,90,17.9,5.0,5,90,5,0,,18,1.4,5,5,0,0.0,-0.35,5.9,6.3,-0.4,-0.08,-0.48,Matches,FRA-L1,19-20
c269463b,480,Balthazar Pierret,FRA,MF,Nice,19,2000,0,,,,,0,,0,0,,1,,,,,,,,,,,,Matches,FRA-L1,19-20
fca455cc,481,Facundo Píriz,URU,MF,Montpellier,29,1990,0,,,,,0,,0,0,,1,,,,,,,,,,,,Matches,FRA-L1,19-20
99ac8a32,482,Virgiliu Postolachi,MDA,FW,Lille,19,2000,0,,,,,0,,0,0,,1,,,,,,,,,,,,Matches,FRA-L1,19-20
b92edde2,483,Maxime Poundjé,FRA,DF,Bordeaux,26,1992,2,4,2,0.2,0.0,0,,0,2,1,13,1.5,0,0,0,0.0,-0.21,0.1,0.1,0.1,1.27,1.51,Matches,FRA-L1,19-20
c252c705,484,Gaëtan Poussin,FRA,GK,Bordeaux,20,1999,0,,,0.0,0.0,0,,0,0,,26,0.0,1,2,-1,,,,,,,,Matches,FRA-L1,19-20
9bb0b9f1,485,Percy Prado,PER,DF,Nantes,23,1996,3,185,62,7.3,2.1,2,91,2,1,4,3,0.33,4,7,-3,-1.46,-1.46,3.3,5.8,-2.4,-1.18,-1.23,Matches,FRA-L1,19-20
51c30111,486,Sanjin Prcić,BIH,"MF,FW",Strasbourg,25,1993,3,78,26,3.2,0.9,1,57,0,2,11,4,0.0,0,2,-2,-2.31,-2.38,0.6,1.2,-0.6,-0.64,-0.74,Matches,FRA-L1,19-20
b0547a87,487,Nicolas de Préville,FRA,"MF,FW",Bordeaux,28,1991,24,1995,83,79.2,22.2,23,85,15,1,34,0,1.33,31,29,2,0.09,-0.6,25.2,29.3,-4.1,-0.18,0.24,Matches,FRA-L1,19-20
9b2dea32,488,Valentin Rabouille,FRA,GK,Nîmes,19,2000,0,,,,,0,,0,0,,3,,,,,,,,,,,,Matches,FRA-L1,19-20
abc06eb3,489,Anthony Racioppi,SUI,GK,Lyon,20,1998,0,,,,,0,,0,0,,5,,,,,,,,,,,,Matches,FRA-L1,19-20
0630eb63,490,Nemanja Radonjić,SRB,"FW,MF",Marseille,23,1996,21,880,42,34.9,9.8,8,76,2,13,21,4,2.05,16,7,9,0.92,0.76,11.6,10.6,1.0,0.1,-0.09,Matches,FRA-L1,19-20
9a1f2e1c,491,Rafael,BRA,DF,Lyon,29,1990,13,700,54,27.8,7.8,9,70,4,4,17,7,1.54,10,8,2,0.26,-0.39,11.1,7.7,3.4,0.44,0.08,Matches,FRA-L1,19-20
58ad9383,492,Predrag Rajković,SRB,GK,Reims,23,1995,27,2430,90,96.4,27.0,27,90,27,0,,0,1.52,26,18,8,0.3,3.3,30.3,25.7,4.6,0.17,2.66,Matches,FRA-L1,19-20
3423f250,493,Raphinha,BRA,"MF,FW",Rennes,22,1996,22,1690,77,67.1,18.8,20,83,13,2,20,0,1.82,25,16,9,0.48,-0.06,26.4,17.4,8.9,0.47,0.69,Matches,FRA-L1,19-20
d504b3e1,494,Jeff Reine-Adélaïde,FRA,MF,Angers,21,1998,1,79,79,3.1,0.9,1,79,0,0,,0,3.0,3,1,2,2.28,2.54,1.6,1.0,0.6,0.69,0.68,Matches,FRA-L1,19-20
d504b3e1,495,Jeff Reine-Adélaïde,FRA,"MF,FW",Lyon,21,1998,14,783,56,31.1,8.7,11,66,2,3,19,2,1.36,12,9,3,0.34,-0.28,11.1,7.5,3.7,0.42,0.06,Matches,FRA-L1,19-20
5c2da10f,496,Loïc Rémy,FRA,FW,Lille,32,1987,20,963,48,38.2,10.7,11,71,1,9,20,5,1.5,16,7,9,0.84,0.9,17.6,11.4,6.2,0.58,0.42,Matches,FRA-L1,19-20
bcf1b2e9,497,Baptiste Reynet,FRA,GK,Toulouse,28,1990,23,2035,88,80.8,22.6,22,90,22,1,54,2,0.52,22,49,-27,-1.19,0.48,27.0,39.0,-11.9,-0.53,-0.17,Matches,FRA-L1,19-20
5f0241b2,498,Sergio Rico,ESP,GK,Paris S-G,25,1993,2,180,90,7.4,2.0,2,90,2,0,,21,3.0,6,4,2,1.0,-0.96,7.6,2.6,5.0,2.5,0.65,Matches,FRA-L1,19-20
beae3a73,499,Renaud Ripart,FRA,"FW,DF",Nîmes,26,1993,24,2027,84,80.4,22.5,23,87,18,1,24,0,0.75,20,38,-18,-0.8,-1.35,23.6,35.0,-11.4,-0.51,-0.65,Matches,FRA-L1,19-20
ea0aa7e0,500,Mihailo Ristić,SRB,"DF,MF",Montpellier,23,1995,18,811,45,32.2,9.0,8,88,5,10,11,7,1.56,8,15,-7,-0.78,-1.2,13.6,13.0,0.6,0.06,0.07,Matches,FRA-L1,19-20
46a7b605,501,Maxence Rivera,FRA,"MF,FW",Saint-Étienne,17,2002,1,25,25,1.0,0.3,0,,0,1,24,1,0.0,0,0,0,0.0,0.58,0.2,0.1,0.1,0.27,0.54,Matches,FRA-L1,19-20
ea42c03f,502,Agustín Rogel,URU,DF,Toulouse,21,1997,10,858,86,34.0,9.5,9,89,8,1,60,5,0.1,5,20,-15,-1.57,-0.44,11.4,18.6,-7.2,-0.76,-0.4,Matches,FRA-L1,19-20
0aa874f4,503,Alaixys Romao,TOG,MF,Reims,35,1984,22,1781,81,70.7,19.8,21,84,16,1,11,3,1.41,15,13,2,0.1,-0.26,21.5,20.8,0.7,0.04,-0.14,Matches,FRA-L1,19-20
ed45c4a5,504,Valentin Rongier,FRA,MF,Marseille,24,1994,23,1790,78,71.0,19.9,20,88,14,3,10,1,2.0,30,20,10,0.5,0.26,26.5,21.3,5.2,0.26,0.36,Matches,FRA-L1,19-20
ed45c4a5,505,Valentin Rongier,FRA,MF,Nantes,24,1994,3,270,90,10.7,3.0,3,90,3,0,,0,1.33,3,3,0,0.0,0.12,3.5,2.9,0.6,0.2,0.28,Matches,FRA-L1,19-20
3071a619,506,Nolan Roux,FRA,FW,Nîmes,31,1988,7,584,83,23.2,6.5,7,83,3,0,,0,1.71,12,8,4,0.62,1.5,9.0,7.1,1.9,0.29,0.87,Matches,FRA-L1,19-20
29f0b0ba,507,Davy Rouyard,GLP,GK,Bordeaux,19,1999,0,,,,,0,,0,0,,1,,,,,,,,,,,,Matches,FRA-L1,19-20
cac76a72,508,Stéphane Ruffier,FRA,GK,Saint-Étienne,32,1986,22,1980,90,78.6,22.0,22,90,22,0,,0,1.0,25,40,-15,-0.68,-0.52,26.6,30.7,-4.1,-0.19,0.36,Matches,FRA-L1,19-20
625c144a,509,Gerónimo Rulli,ARG,GK,Montpellier,27,1992,25,2250,90,89.3,25.0,25,90,25,0,,0,1.6,35,27,8,0.32,2.65,31.1,28.7,2.4,0.1,0.72,Matches,FRA-L1,19-20
60f58477,510,Roli Pereira de Sa,FRA,MF,Nantes,22,1996,1,6,6,0.2,0.1,0,,0,1,5,4,0.0,0,0,0,0.0,0.11,0.2,0.1,0.1,1.95,2.0,Matches,FRA-L1,19-20
fbbb9269,511,Youssouf Sabaly,SEN,DF,Bordeaux,26,1993,12,913,76,36.2,10.1,10,85,7,2,32,0,1.08,17,16,1,0.1,-0.18,12.7,15.4,-2.6,-0.26,-0.04,Matches,FRA-L1,19-20
68a87d66,512,Ihsan Sacko,FRA,FW,Nice,22,1997,3,145,48,5.8,1.6,2,72,1,1,2,0,2.0,4,3,1,0.62,0.54,3.6,2.6,1.1,0.65,1.0,Matches,FRA-L1,19-20
90fcf472,513,Wesley Saïd,FRA,"MF,FW",Toulouse,24,1995,23,1160,50,46.0,12.9,14,74,4,9,14,0,0.52,8,27,-19,-1.47,-0.35,13.4,19.8,-6.4,-0.5,0.0,Matches,FRA-L1,19-20
93c942fb,514,Théo Sainte-Luce,FRA,"MF,DF",Nîmes,20,1998,3,22,7,0.9,0.2,0,,0,3,6,5,0.0,0,1,-1,-4.09,-3.59,0.1,0.5,-0.4,-1.75,-1.39,Matches,FRA-L1,19-20
d63e2912,515,Hiroki Sakai,JPN,DF,Marseille,29,1990,21,1620,77,64.3,18.0,19,84,15,2,9,1,1.9,22,19,3,0.17,-0.73,24.7,21.5,3.2,0.18,0.06,Matches,FRA-L1,19-20
329e7a13,516,Moïse Sakava,CMR,MF,Reims,18,2000,0,,,,,0,,0,0,,1,,,,,,,,,,,,Matches,FRA-L1,19-20
57c433c8,517,Diafra Sakho,SEN,FW,Rennes,29,1989,0,,,,,0,,0,0,,1,,,,,,,,,,,,Matches,FRA-L1,19-20
972aeb2a,518,William Saliba,FRA,DF,Saint-Étienne,18,2001,12,992,83,39.4,11.0,11,90,11,1,1,1,1.25,10,15,-5,-0.45,0.19,12.4,14.0,-1.6,-0.15,0.2,Matches,FRA-L1,19-20
74733221,519,Romain Salin,FRA,GK,Rennes,35,1984,4,360,90,14.3,4.0,4,90,4,0,,21,1.8,6,5,1,0.25,-0.29,5.0,6.8,-1.9,-0.46,-0.83,Matches,FRA-L1,19-20
fb14aa28,520,Mama Samba Baldé,GNB,"FW,MF",Dijon,23,1995,24,1676,70,66.5,18.6,20,76,9,4,40,0,1.08,21,29,-8,-0.43,-0.22,21.2,25.4,-4.2,-0.23,0.17,Matches,FRA-L1,19-20
24eb7ed6,521,Junior Sambia,FRA,"DF,MF",Montpellier,22,1996,17,587,35,23.3,6.5,5,72,1,12,19,4,1.71,11,12,-1,-0.15,-0.25,8.3,10.3,-2.0,-0.31,-0.43,Matches,FRA-L1,19-20
8802c1d5,522,Frédéric Sammaritano,FRA,"MF,FW",Dijon,33,1986,10,518,52,20.6,5.8,6,66,0,4,31,6,1.1,8,10,-2,-0.35,0.01,6.5,8.6,-2.2,-0.38,-0.12,Matches,FRA-L1,19-20
032f894e,523,Renato Sanches,POR,"MF,FW",Lille,21,1997,19,1483,78,58.8,16.5,16,88,14,3,25,1,1.95,19,15,4,0.24,-0.1,24.4,19.2,5.2,0.32,0.0,Matches,FRA-L1,19-20
bced0375,524,Ibrahim Sangaré,CIV,MF,Toulouse,21,1997,25,2175,87,86.3,24.2,25,87,23,0,,0,0.4,15,52,-37,-1.53,-1.79,27.0,40.8,-13.7,-0.57,-0.53,Matches,FRA-L1,19-20
166ba501,525,Sam Sanna,FRA,MF,Toulouse,20,1999,0,,,,,0,,0,0,,3,,,,,,,,,,,,Matches,FRA-L1,19-20
11ced928,526,Yaya Sanogo,FRA,FW,Toulouse,26,1993,15,910,61,36.1,10.1,9,80,6,6,31,5,0.27,11,24,-13,-1.29,0.0,12.4,18.2,-5.7,-0.57,-0.11,Matches,FRA-L1,19-20
6e7f1353,527,Morgan Sanson,FRA,MF,Marseille,24,1994,27,2173,80,86.2,24.1,26,83,12,1,8,0,1.96,34,20,14,0.58,1.1,30.9,25.1,5.9,0.24,0.62,Matches,FRA-L1,19-20
5e22e2a4,528,Baptiste Santamaria,FRA,MF,Angers,24,1995,28,2505,89,99.4,27.8,28,89,27,0,,0,1.39,28,33,-5,-0.18,-0.18,29.2,28.4,0.8,0.03,-0.3,Matches,FRA-L1,19-20
9744ff80,529,Pablo Sarabia,ESP,"FW,MF",Paris S-G,27,1992,21,1164,55,47.9,12.9,13,80,5,8,15,4,2.62,32,8,24,1.86,-0.06,31.1,9.2,21.9,1.69,-0.38,Matches,FRA-L1,19-20
1a4b9094,530,Bouna Sarr,SEN,"DF,FW",Marseille,27,1992,27,2164,80,85.9,24.0,25,85,17,2,21,0,2.04,35,24,11,0.46,0.2,30.1,27.2,2.9,0.12,-0.28,Matches,FRA-L1,19-20
4315f30d,531,Malang Sarr,FRA,DF,Nice,20,1999,19,1454,77,57.7,16.2,16,86,13,3,28,4,1.63,25,18,7,0.43,0.77,19.0,26.0,-6.9,-0.43,-0.32,Matches,FRA-L1,19-20
a0b65401,532,Sidy Sarr,SEN,MF,Nîmes,23,1996,22,1165,53,46.2,12.9,12,86,10,10,13,1,0.95,15,22,-7,-0.54,-0.01,14.4,18.1,-3.8,-0.29,0.16,Matches,FRA-L1,19-20
6bde367b,533,Téji Savanier,FRA,MF,Montpellier,27,1991,19,1524,80,60.5,16.9,18,83,9,1,26,0,1.37,24,22,2,0.12,0.21,20.2,22.6,-2.4,-0.14,-0.41,Matches,FRA-L1,19-20
834b5c4c,534,Matz Sels,BEL,GK,Strasbourg,27,1992,27,2430,90,100.0,27.0,27,90,27,0,,0,1.41,32,32,0,0.0,,34.2,32.2,2.0,0.07,,Matches,FRA-L1,19-20
8b28686a,535,Gen Shoji,JPN,DF,Toulouse,26,1992,1,45,45,1.8,0.5,1,45,0,0,,1,0.0,0,0,0,0.0,1.31,0.1,0.4,-0.3,-0.56,-0.06,Matches,FRA-L1,19-20
ea540835,536,Kalidou Sidibé,FRA,MF,Toulouse,20,1999,4,91,23,3.6,1.0,0,,0,4,22,3,1.75,0,1,-1,-0.99,0.31,1.3,1.2,0.1,0.1,0.61,Matches,FRA-L1,19-20
9c2b1f11,537,Kaj Sierhuis,NED,FW,Reims,21,1998,1,12,12,0.5,0.1,1,12,0,0,,0,1.0,0,0,0,0.0,-0.18,0.1,0.1,0.1,0.45,0.38,Matches,FRA-L1,19-20
d6f88a1d,538,Adrien Silva,POR,MF,Monaco,30,1989,22,1221,56,48.5,13.6,13,86,9,9,12,1,1.64,21,15,6,0.44,0.86,23.5,19.6,3.9,0.29,0.14,Matches,FRA-L1,19-20
4914ed4a,539,Gabriel Silva,BRA,DF,Saint-Étienne,28,1991,4,231,58,9.2,2.6,3,75,2,1,5,5,1.0,2,6,-4,-1.56,-1.09,2.7,4.8,-2.1,-0.82,-0.61,Matches,FRA-L1,19-20
bef22bc4,540,Matheus Pereira da Silva,BRA,"MF,FW",Dijon,21,1998,10,465,47,18.5,5.2,6,71,1,4,10,5,1.3,2,5,-3,-0.58,-0.27,4.7,5.3,-0.6,-0.11,0.21,Matches,FRA-L1,19-20
86e7deaf,541,Thiago Silva,BRA,DF,Paris S-G,34,1984,21,1571,75,64.7,17.5,20,76,13,1,50,0,2.67,45,11,34,1.95,0.17,45.3,13.2,32.0,1.84,-0.16,Matches,FRA-L1,19-20
fcb27134,542,Mohamed Simakan,FRA,DF,Strasbourg,19,2000,19,1503,79,61.9,16.7,17,88,15,2,7,3,1.32,18,21,-3,-0.18,-0.47,20.6,20.3,0.3,0.02,-0.15,Matches,FRA-L1,19-20
5f3eaaf5,543,Moses Simon,NGA,"FW,MF",Nantes,24,1995,26,2177,84,86.4,24.2,25,86,19,1,17,0,1.38,25,26,-1,-0.04,0.48,27.2,27.3,-0.1,0.0,0.29,Matches,FRA-L1,19-20
0f8418aa,544,Ibrahima Sissoko,MLI,MF,Strasbourg,21,1997,23,1598,69,65.8,17.8,18,86,14,5,10,1,1.57,22,20,2,0.11,0.33,20.8,21.4,-0.6,-0.03,-0.32,Matches,FRA-L1,19-20
12bd0579,545,Nelson Sissoko,FRA,DF,Saint-Étienne,22,1997,0,,,,,0,,0,0,,1,,,,,,,,,,,,Matches,FRA-L1,19-20
e4bb1f08,546,Sambou Sissoko,FRA,"MF,FW",Reims,20,1999,3,32,11,1.3,0.4,0,,0,3,10,10,2.33,1,0,1,2.81,2.67,0.4,0.2,0.2,0.42,0.35,Matches,FRA-L1,19-20
d9a66c60,547,Petar Škuletić,SRB,"FW,MF",Montpellier,29,1990,5,106,21,4.2,1.2,1,64,0,4,11,12,0.2,1,2,-1,-0.85,-0.92,2.3,1.3,1.0,0.87,0.89,Matches,FRA-L1,19-20
ffec9769,548,Islam Slimani,ALG,FW,Monaco,31,1988,18,1285,71,51.0,14.3,14,86,10,4,19,1,1.67,28,19,9,0.63,1.29,28.0,21.1,6.9,0.48,0.54,Matches,FRA-L1,19-20
0670ee51,549,Oumar Solet,FRA,DF,Lyon,19,2000,1,9,9,0.4,0.1,0,,0,1,8,0,1.0,0,1,-1,-10.0,-10.57,0.0,0.2,-0.2,-2.01,-2.4,Matches,FRA-L1,19-20
2dee43e1,550,Mazire Soula,FRA,FW,Angers,21,1998,0,,,,,0,,0,0,,1,,,,,,,,,,,,Matches,FRA-L1,19-20
7b075c75,551,Adama Soumaoro,FRA,DF,Lille,27,1992,6,415,69,16.5,4.6,4,90,4,2,27,7,1.67,7,5,2,0.43,0.18,7.8,4.5,3.3,0.72,0.48,Matches,FRA-L1,19-20
ae59b359,552,Boubakary Soumaré,FRA,MF,Lille,20,1999,20,1213,61,48.1,13.5,15,77,7,5,11,6,1.4,12,19,-7,-0.52,-1.55,16.1,17.0,-0.9,-0.07,-0.75,Matches,FRA-L1,19-20
85e2d218,553,Bryan Soumaré,FRA,"MF,FW",Dijon,20,1999,12,384,32,15.2,4.3,4,69,1,8,13,9,0.58,3,3,0,0.0,0.42,5.9,3.6,2.2,0.52,0.95,Matches,FRA-L1,19-20
4e0afc5d,554,Arnaud Souquet,FRA,"DF,FW",Montpellier,27,1992,24,2016,84,80.0,22.4,22,89,21,2,27,1,1.42,26,24,2,0.09,0.27,24.5,26.9,-2.3,-0.1,-0.61,Matches,FRA-L1,19-20
84549a07,555,Bassem Srarfi,TUN,"FW,MF",Nice,22,1997,3,133,44,5.3,1.5,1,76,0,2,29,5,2.0,2,2,0,0.0,-0.11,1.8,1.5,0.3,0.18,0.5,Matches,FRA-L1,19-20
bb67bff1,556,Vlatko Stojanovski,MKD,FW,Nîmes,22,1997,6,123,21,4.9,1.4,1,63,0,5,12,11,0.17,0,1,-1,-0.73,-0.21,1.3,1.5,-0.2,-0.18,0.21,Matches,FRA-L1,19-20
ef2e5e1a,557,Kevin Strootman,NED,MF,Marseille,29,1990,25,1416,57,56.2,15.7,15,88,13,10,9,0,2.0,21,17,4,0.25,-0.4,22.6,19.1,3.5,0.22,0.15,Matches,FRA-L1,19-20
0c291a1a,558,Mathías Suárez,URU,DF,Montpellier,23,1996,1,60,60,2.4,0.7,1,60,0,0,,9,0.0,0,1,-1,-1.5,-1.57,0.9,0.3,0.6,0.96,0.97,Matches,FRA-L1,19-20
f6db3bd5,559,Danijel Subašić,CRO,GK,Monaco,34,1984,0,,,0.0,0.0,0,,0,0,,17,3.0,4,1,3,,,,,,,,Matches,FRA-L1,19-20
1bab7b66,560,Stoppila Sunzu,ZAM,DF,Metz,30,1989,17,1352,80,53.7,15.0,14,87,12,3,46,1,0.94,13,23,-10,-0.67,-0.82,15.7,20.4,-4.7,-0.31,0.17,Matches,FRA-L1,19-20
62a54183,561,Sanasi Sy,FRA,DF,Amiens,20,1999,0,,,,,0,,0,0,,1,,,,,,,,,,,,Matches,FRA-L1,19-20
8417953b,562,Seydou Sy,SEN,GK,Monaco,23,1995,0,,,,,0,,0,0,,1,,,,,,,,,,,,Matches,FRA-L1,19-20
b99bec05,563,Issiaga Sylla,GUI,DF,Toulouse,25,1994,28,2520,90,100.0,28.0,28,90,28,0,,0,0.46,22,58,-36,-1.29,,31.7,45.6,-13.9,-0.5,,Matches,FRA-L1,19-20
d8b97bb3,564,Moussa Sylla,MLI,FW,Monaco,19,1999,1,10,10,0.4,0.1,0,,0,1,9,0,0.0,0,0,0,0.0,0.0,0.1,0.1,0.0,0.15,-0.07,Matches,FRA-L1,19-20
ff3a6a60,565,Eddy Sylvestre,FRA,MF,Nice,19,1999,1,37,37,1.5,0.4,0,,0,1,36,2,3.0,1,1,0,0.0,-0.11,0.4,0.5,-0.1,-0.26,0.03,Matches,FRA-L1,19-20
a0f9b535,566,Flavien Tait,FRA,"MF,FW",Rennes,26,1993,17,885,52,35.1,9.8,9,82,5,8,18,5,1.65,14,9,5,0.51,0.01,13.7,11.9,1.8,0.19,-0.09,Matches,FRA-L1,19-20
814ac171,567,Madih Talal,FRA,FW,Amiens,21,1997,2,20,10,0.8,0.2,0,,0,2,9,5,2.0,0,0,0,0.0,0.68,0.0,0.1,-0.1,-0.24,0.19,Matches,FRA-L1,19-20
8da74c05,568,Adrien Tameze,CMR,MF,Nice,25,1994,8,519,65,20.6,5.8,6,81,4,2,18,5,1.25,8,11,-3,-0.52,-0.79,8.2,9.1,-0.9,-0.16,0.17,Matches,FRA-L1,19-20
53e585f2,569,Adil Taoui,FRA,MF,Toulouse,17,2001,2,25,13,1.0,0.3,0,,0,2,12,2,0.0,0,0,0,0.0,1.3,0.7,0.4,0.3,1.1,1.61,Matches,FRA-L1,19-20
b056e3da,570,Ciprian Tătărușanu,ROU,GK,Lyon,33,1986,2,180,90,7.1,2.0,2,90,2,0,,23,1.5,4,2,2,1.0,0.5,2.5,2.0,0.5,0.27,-0.12,Matches,FRA-L1,19-20
d520120b,571,Júlio Tavares,CPV,FW,Dijon,30,1988,23,1997,87,79.2,22.2,22,89,21,1,33,0,1.22,24,29,-5,-0.23,0.64,25.8,31.9,-6.1,-0.27,0.05,Matches,FRA-L1,19-20
4f255115,572,Aurélien Tchouaméni,FRA,MF,Bordeaux,19,2000,15,1110,74,44.0,12.3,13,83,8,2,17,5,1.6,21,13,8,0.65,0.78,11.1,17.1,-6.0,-0.49,-0.45,Matches,FRA-L1,19-20
4f255115,573,Aurélien Tchouaméni,FRA,MF,Monaco,19,2000,3,65,22,2.6,0.7,0,,0,3,21,3,1.33,0,1,-1,-1.38,-1.42,1.3,1.4,-0.1,-0.08,-0.3,Matches,FRA-L1,19-20
5148dcc5,574,Martin Terrier,FRA,"FW,MF",Lyon,22,1997,23,1198,52,47.5,13.3,13,77,6,10,20,3,1.35,16,12,4,0.3,-0.45,17.0,13.3,3.7,0.28,-0.18,Matches,FRA-L1,19-20
77d7c96f,575,Kenny Tete,NED,DF,Lyon,23,1995,18,1072,60,42.5,11.9,9,86,8,9,33,5,1.06,15,14,1,0.08,-0.79,15.8,11.8,4.0,0.33,-0.08,Matches,FRA-L1,19-20
2b9fdeea,576,Florian Thauvin,FRA,FW,Marseille,26,1993,2,22,11,0.9,0.2,0,,0,2,10,0,2.0,0,2,-2,-8.18,-8.69,0.4,1.9,-1.5,-6.21,-6.42,Matches,FRA-L1,19-20
f4bc42b1,577,Sada Thioub,SEN,"MF,FW",Angers,24,1995,23,1508,66,59.8,16.8,15,86,10,8,27,1,1.3,17,17,0,0.0,0.44,16.1,19.1,-3.0,-0.18,-0.52,Matches,FRA-L1,19-20
275e2c51,578,Romain Thomas,FRA,DF,Angers,31,1988,27,2340,87,92.9,26.0,27,87,25,0,,1,1.44,27,31,-4,-0.15,0.35,25.9,27.9,-1.9,-0.07,-1.49,Matches,FRA-L1,19-20
c76b7567,579,Adrien Thomasson,FRA,"MF,FW",Strasbourg,25,1993,25,2072,83,85.3,23.0,24,86,13,1,18,0,1.52,28,25,3,0.13,0.88,28.8,25.7,3.1,0.13,0.4,Matches,FRA-L1,19-20
7d9397f8,580,Khéphren Thuram,FRA,MF,Nice,18,2001,14,590,42,23.4,6.6,7,75,2,7,9,6,1.64,9,7,2,0.31,0.26,7.6,10.1,-2.4,-0.37,-0.1,Matches,FRA-L1,19-20
2c92d3c0,581,Cheick Timite,CIV,"MF,FW",Amiens,21,1997,3,115,38,4.6,1.3,2,54,0,1,8,1,0.0,0,1,-1,-0.78,-0.11,0.5,2.2,-1.7,-1.31,-0.92,Matches,FRA-L1,19-20
5ceba7fc,582,Karl Toko Ekambi,CMR,"FW,MF",Lyon,26,1992,8,538,67,21.3,6.0,5,84,2,3,39,0,1.38,8,5,3,0.5,-0.04,8.0,5.7,2.3,0.39,0.02,Matches,FRA-L1,19-20
ef7cd87a,583,Abdoulaye Touré,GUI,MF,Nantes,25,1994,27,2221,82,88.1,24.7,24,89,22,3,29,0,1.37,23,24,-1,-0.04,0.56,26.9,24.5,2.4,0.1,1.19,Matches,FRA-L1,19-20
71ec39ef,584,Lucas Tousart,FRA,MF,Lyon,22,1997,24,1763,73,70.0,19.6,19,87,16,5,23,2,1.5,30,21,9,0.46,-0.25,26.0,18.5,7.4,0.38,0.01,Matches,FRA-L1,19-20
1a6f2a66,585,Adama Traoré,MLI,"FW,MF",Metz,24,1995,15,1007,67,40.0,11.2,12,79,5,3,18,2,1.2,11,11,0,0.0,0.48,12.3,13.1,-0.8,-0.07,0.54,Matches,FRA-L1,19-20
1a6f2a66,586,Adama Traoré,MLI,MF,Monaco,24,1995,2,25,13,1.0,0.3,0,,0,2,12,1,0.5,0,1,-1,-3.6,-3.64,0.1,0.2,-0.1,-0.25,-0.47,Matches,FRA-L1,19-20
c47541e0,587,Bertrand Traoré,BFA,"FW,MF",Lyon,23,1995,23,1253,54,49.7,13.9,14,75,4,9,22,4,1.35,28,11,17,1.22,1.36,22.3,13.3,8.9,0.64,0.53,Matches,FRA-L1,19-20
999ceb5f,588,Boubacar Traoré,MLI,MF,Metz,17,2001,0,,,,,0,,0,0,,5,,,,,,,,,,,,Matches,FRA-L1,19-20
de488e56,589,Charles Traore,MLI,DF,Nantes,27,1992,20,1738,87,69.0,19.3,20,87,16,0,,0,1.2,20,21,-1,-0.05,0.18,20.2,23.0,-2.8,-0.14,-0.32,Matches,FRA-L1,19-20
a4b1028a,590,Hamari Traoré,MLI,DF,Rennes,27,1992,27,2411,89,95.7,26.8,27,89,25,0,,0,1.81,37,22,15,0.56,1.39,34.7,27.4,7.3,0.27,0.58,Matches,FRA-L1,19-20
b666421b,591,Ismaël Traoré,CIV,DF,Angers,32,1986,23,2052,89,81.4,22.8,23,89,22,0,,2,1.3,21,22,-1,-0.04,0.73,23.8,23.1,0.7,0.03,-0.02,Matches,FRA-L1,19-20
e4b72e34,592,Miguel Trauco,PER,DF,Saint-Étienne,26,1992,19,1476,78,58.6,16.4,17,85,13,2,17,3,1.11,17,27,-10,-0.61,-0.09,19.1,22.1,-3.0,-0.18,0.19,Matches,FRA-L1,19-20
0a8d6b91,593,Alexis Trouillet,FRA,MF,Nice,18,2000,0,,,,,0,,0,0,,1,,,,,,,,,,,,Matches,FRA-L1,19-20
7a0b1e96,594,Marvin Tshibuabua,FRA,DF,Saint-Étienne,17,2002,0,,,,,0,,0,0,,1,,,,,,,,,,,,Matches,FRA-L1,19-20
cc41f558,595,Matthieu Udol,FRA,DF,Metz,23,1996,13,1102,85,43.7,12.2,12,90,11,1,24,5,1.38,14,15,-1,-0.08,0.36,11.1,18.7,-7.6,-0.62,-0.4,Matches,FRA-L1,19-20
a2d873dd,596,Hwang Ui-jo,KOR,"FW,MF",Bordeaux,26,1992,24,1633,68,64.8,18.1,19,80,9,5,24,2,1.25,24,26,-2,-0.11,-0.92,21.1,26.8,-5.7,-0.31,-0.23,Matches,FRA-L1,19-20
92cd4bef,597,William Vainqueur,FRA,MF,Toulouse,30,1988,21,1715,82,68.1,19.1,21,82,12,0,,2,0.62,16,40,-24,-1.26,0.08,21.9,29.8,-7.9,-0.41,0.26,Matches,FRA-L1,19-20
e562a02e,598,Pierrick Valdivia,FRA,MF,Nîmes,31,1988,2,68,34,2.7,0.8,1,58,0,1,10,0,0.0,1,2,-1,-1.32,-0.81,1.1,1.8,-0.7,-0.87,-0.51,Matches,FRA-L1,19-20
95981861,599,Antoine Valerio,FRA,MF,Nîmes,19,1999,5,87,17,3.5,1.0,1,71,0,4,4,7,0.8,1,2,-1,-1.03,-0.52,1.0,1.9,-0.9,-0.9,-0.54,Matches,FRA-L1,19-20
254c927d,600,Luca Valls,FRA,MF,Nîmes,20,1998,1,11,11,0.4,0.1,0,,0,1,10,1,0.0,0,0,0,0.0,0.54,0.0,0.4,-0.4,-3.64,-3.28,Matches,FRA-L1,19-20
c8090cb3,601,Theo Valls,FRA,MF,Nîmes,23,1995,23,1632,71,64.8,18.1,20,79,8,3,15,2,0.91,17,26,-9,-0.5,0.11,18.3,24.9,-6.6,-0.36,0.04,Matches,FRA-L1,19-20
e9743d8a,602,Thibaut Vargas,FRA,"DF,MF",Montpellier,19,2000,3,151,50,6.0,1.7,2,71,0,1,10,4,2.0,3,2,1,0.6,0.6,4.3,2.4,1.9,1.13,1.18,Matches,FRA-L1,19-20
b1d72aed,603,Théo Vermot,FRA,GK,Saint-Étienne,22,1997,0,,,,,0,,0,0,,2,,,,,,,,,,,,Matches,FRA-L1,19-20
1467af0d,604,Marco Verratti,ITA,MF,Paris S-G,26,1992,20,1482,74,61.0,16.5,15,87,11,5,35,1,2.65,52,15,37,2.25,0.92,46.1,15.0,31.1,1.89,-0.01,Matches,FRA-L1,19-20
b2791a55,605,Clément Vidal,FRA,DF,Montpellier,19,2000,1,90,90,3.6,1.0,1,90,1,0,,12,1.0,2,2,0,0.0,-0.04,1.1,1.5,-0.4,-0.37,-0.41,Matches,FRA-L1,19-20
a440d8ca,606,Molla Wagué,MLI,DF,Nantes,28,1991,9,682,76,27.1,7.6,8,81,6,1,35,16,0.89,10,13,-3,-0.4,-0.4,7.8,11.4,-3.6,-0.47,-0.59,Matches,FRA-L1,19-20
808df563,607,Moussa Wagué,SEN,"DF,MF",Nice,20,1998,5,200,40,7.9,2.2,2,92,2,3,6,2,2.2,3,2,1,0.45,0.37,2.4,3.5,-1.1,-0.5,-0.23,Matches,FRA-L1,19-20
eb78322b,608,Anthony Walongwa,,DF,Nantes,25,1993,0,,,,,0,,0,0,,1,,,,,,,,,,,,Matches,FRA-L1,19-20
0984c5d5,609,Rémi Walter,FRA,MF,Nice,24,1995,1,53,53,2.1,0.6,1,53,0,0,,2,3.0,1,0,1,1.7,1.63,1.3,0.2,1.1,1.91,2.25,Matches,FRA-L1,19-20
8eec784d,610,Timothy Weah,USA,"MF,FW",Lille,19,2000,3,85,28,3.4,0.9,1,69,0,2,8,0,1.0,1,1,0,0.0,-0.3,1.1,0.6,0.6,0.59,0.29,Matches,FRA-L1,19-20
f3600c02,611,Xeka,POR,MF,Lille,24,1994,17,709,42,28.1,7.9,8,73,2,9,14,3,1.94,9,8,1,0.13,-0.22,12.7,11.1,1.6,0.2,-0.16,Matches,FRA-L1,19-20
f5c8b425,612,Yusuf Yazıcı,TUR,"MF,FW",Lille,22,1997,18,848,47,33.7,9.4,9,78,4,9,17,0,1.56,14,8,6,0.64,0.53,14.5,10.4,4.1,0.44,0.18,Matches,FRA-L1,19-20
698b37b8,613,Elie Youan,FRA,"FW,MF",Nantes,20,1999,5,163,33,6.5,1.8,2,69,0,3,8,8,0.0,0,4,-4,-2.21,-2.25,1.2,2.3,-1.1,-0.61,-0.61,Matches,FRA-L1,19-20
e2f9bb5f,614,Zaydou Youssouf,FRA,MF,Saint-Étienne,20,1999,16,1077,67,42.7,12.0,9,90,7,7,38,3,1.38,14,16,-2,-0.17,0.71,13.7,16.1,-2.5,-0.21,0.1,Matches,FRA-L1,19-20
3225654e,615,Arthur Zagre,FRA,DF,Monaco,17,2001,0,,,,,0,,0,0,,9,,,,,,,,,,,,Matches,FRA-L1,19-20
3225654e,616,Arthur Zagre,FRA,MF,Paris S-G,17,2001,1,25,25,1.0,0.3,0,,0,1,24,0,3.0,2,0,2,7.2,5.37,2.1,0.3,1.8,6.43,4.58,Matches,FRA-L1,19-20
242b350c,617,Mootaz Zemzemi,TUN,MF,Strasbourg,19,1999,1,23,23,0.9,0.3,0,,0,1,22,0,0.0,0,0,0,0.0,0.0,0.2,0.0,0.2,0.61,0.54,Matches,FRA-L1,19-20
095e4199,618,Arber Zeneli,KVX,MF,Reims,24,1995,1,6,6,0.2,0.1,0,,0,1,5,1,1.0,0,0,0,0.0,-0.18,0.3,0.5,-0.2,-3.25,-3.34,Matches,FRA-L1,19-20
53f6306f,619,Mehdi Zerkane,ALG,MF,Bordeaux,20,1999,0,,,,,0,,0,0,,5,,,,,,,,,,,,Matches,FRA-L1,19-20
775185ae,620,Kévin Zohi,MLI,"FW,MF",Strasbourg,22,1996,17,530,31,21.8,5.9,5,77,0,12,12,3,1.29,6,4,2,0.34,0.43,6.1,5.3,0.8,0.14,0.08,Matches,FRA-L1,19-20
a8797cf1,621,Bongani Zungu,RSA,MF,Amiens,26,1992,21,992,47,39.4,11.0,10,86,6,11,12,3,0.9,16,29,-13,-1.18,-0.83,11.6,20.2,-8.6,-0.78,-0.58,Matches,FRA-L1,19-20
