id,Unnamed: 0_level_0,Unnamed: 1_level_0,Unnamed: 2_level_0,Unnamed: 3_level_0,Unnamed: 4_level_0,Unnamed: 5_level_0,Unnamed: 6_level_0,Unnamed: 7_level_0,Performance,Performance,Performance,Performance,Performance,Performance,Performance,Performance,Performance,Performance,Performance,Performance,Performance,Aerial Duels,Aerial Duels,Aerial Duels,Unnamed: 24_level_0,Unnamed: league,Unnamed: season
,Rk,Player,Nation,Pos,Squad,Age,Born,90s,CrdY,CrdR,2CrdY,Fls,Fld,Off,Crs,Int,TklW,PKwon,PKcon,OG,Recov,Won,Lost,Won%,Matches,league,season
7310786d,1,Keyliane Abdallah,FRA,FW,Marseille,18-147,2006,0.0,0,0,0,0,0,0,0,0,1,0,0,0,0,0,0,,Matches,FRA-L1,24-25
32c2d95f,2,Yunis Abdelhamid,MAR,DF,Saint-Étienne,36-337,1987,2.0,0,0,0,4,3,0,0,1,1,0,0,0,9,5,1,83.3,Matches,FRA-L1,24-25
7978cbf0,3,Himad Abdelli,ALG,"FW,MF",Angers,24-287,1999,2.0,0,0,0,3,4,0,8,2,3,0,0,0,12,2,0,100.0,Matches,FRA-L1,24-25
0e46fa2f,4,Matthis Abline,FRA,FW,Nantes,21-155,2003,1.8,0,0,0,2,4,0,2,0,0,0,0,0,4,2,10,16.7,Matches,FRA-L1,24-25
7f9c5d2d,5,Abner,BRA,DF,Lyon,24-095,2000,1.7,0,0,0,4,0,0,1,1,4,0,0,0,9,0,0,,Matches,FRA-L1,24-25
c2a6033c,6,Zakaria Aboukhlal,MAR,"FW,MF",Toulouse,24-194,2000,2.0,0,0,0,3,1,1,4,1,0,0,0,0,5,2,4,33.3,Matches,FRA-L1,24-25
2ccd39ed,7,Akor Adams,NGA,FW,Montpellier,24-214,2000,1.1,0,0,0,5,2,0,0,0,1,1,0,0,3,5,1,83.3,Matches,FRA-L1,24-25
7587446d,8,Martin Adeline,FRA,MF,Reims,20-272,2003,0.3,0,0,0,0,1,0,0,0,1,0,0,0,0,0,1,0.0,Matches,FRA-L1,24-25
75f1ed80,9,Emmanuel Agbadou,CIV,DF,Reims,27-074,1997,2.0,0,0,0,4,3,0,0,3,1,0,0,0,9,1,1,50.0,Matches,FRA-L1,24-25
3dd738a1,10,Ruben Aguilar,FRA,DF,Lens,31-126,1993,2.0,0,0,0,1,2,1,5,5,4,0,0,0,9,2,2,50.0,Matches,FRA-L1,24-25
48b28bfd,11,Jean-Eudes Aholou,CIV,MF,Angers,30-163,1994,1.0,0,0,0,4,1,0,0,2,3,0,0,0,3,2,0,100.0,Matches,FRA-L1,24-25
8399c416,12,Ayman Aiki,FRA,MF,Saint-Étienne,19-066,2005,0.3,0,0,0,1,0,0,0,1,1,0,0,0,1,0,2,0.0,Matches,FRA-L1,24-25
462475ed,13,Ludovic Ajorque,FRA,FW,Brest,30-187,1994,1.6,0,0,0,0,2,0,0,0,1,1,0,0,3,3,7,30.0,Matches,FRA-L1,24-25
06efa9dc,14,Sergio Akieme,ESP,DF,Reims,26-258,1997,2.0,0,0,0,1,2,0,6,0,2,0,0,0,9,3,3,50.0,Matches,FRA-L1,24-25
b625b241,15,Maghnes Akliouche,FRA,FW,Monaco,22-187,2002,1.2,0,0,0,0,3,0,2,0,3,0,0,0,11,0,0,,Matches,FRA-L1,24-25
0abb5072,16,Clément Akpa,CIV,DF,Auxerre,22-280,2001,0.6,0,0,0,0,1,0,2,0,0,0,0,0,5,0,1,0.0,Matches,FRA-L1,24-25
f8405304,17,Mohamed Ali Cho,FRA,FW,Nice,20-224,2004,1.6,0,0,0,0,6,1,5,0,1,0,0,0,2,1,1,50.0,Matches,FRA-L1,24-25
22721b88,18,Jordan Amavi,FRA,DF,Brest,30-174,1994,1.9,2,0,0,4,1,0,5,4,6,0,1,0,6,1,1,50.0,Matches,FRA-L1,24-25
bcc81786,19,Kelvin Amian,FRA,DF,Nantes,26-204,1998,2.0,0,0,0,1,1,0,4,0,7,0,0,0,6,2,4,33.3,Matches,FRA-L1,24-25
349cae8f,20,Michael Amir Murillo,PAN,DF,Marseille,28-201,1996,2.0,0,0,0,1,2,0,1,1,2,0,0,0,11,4,1,80.0,Matches,FRA-L1,24-25
f93cca97,21,Mathis Amougou,FRA,MF,Saint-Étienne,18-225,2006,2.0,0,0,0,0,1,0,1,4,0,0,0,0,12,0,2,0.0,Matches,FRA-L1,24-25
ef9c1c95,22,Benjamin André,FRA,MF,Lille,34-027,1990,1.0,0,0,0,0,4,0,1,1,2,0,0,0,7,1,1,50.0,Matches,FRA-L1,24-25
feb5d3ab,23,Dennis Appiah,FRA,DF,Saint-Étienne,32-082,1992,0.5,0,0,0,1,0,0,2,0,1,0,1,0,0,1,0,100.0,Matches,FRA-L1,24-25
5e837126,24,Carlens Arcus,HAI,DF,Angers,28-063,1996,1.8,0,0,0,1,1,0,5,3,4,0,0,0,9,2,2,50.0,Matches,FRA-L1,24-25
e2ae54db,25,Hákon Arnar Haraldsson,ISL,MF,Lille,21-142,2003,1.4,0,0,0,2,3,1,4,0,1,0,0,0,9,0,1,0.0,Matches,FRA-L1,24-25
45af8a54,26,Marco Asensio,ESP,"MF,FW",Paris S-G,28-222,1996,1.5,0,0,0,0,0,0,4,0,1,0,0,0,4,1,1,50.0,Matches,FRA-L1,24-25
b026bbf6,27,Lorenz Assignon,TOG,DF,Rennes,24-069,2000,1.4,1,0,0,5,1,0,2,5,1,0,1,0,8,2,0,100.0,Matches,FRA-L1,24-25
6b5edd5d,28,Valentin Atangana Edoa,FRA,MF,Reims,19-005,2005,1.8,1,0,0,5,2,0,1,4,2,0,0,0,8,1,0,100.0,Matches,FRA-L1,24-25
718b8afd,29,Florian Ayé,FRA,FW,Auxerre,27-224,1997,0.4,0,0,0,1,1,0,0,0,0,0,0,0,1,0,1,0.0,Matches,FRA-L1,24-25
c6f0d5d4,30,Shavy Babicka,GAB,MF,Toulouse,24-090,2000,0.3,0,0,0,1,1,0,0,0,1,0,0,0,1,0,0,,Matches,FRA-L1,24-25
c724745e,31,Theo Bair,CAN,FW,Auxerre,25-003,1999,1.4,0,0,0,1,1,1,1,0,0,0,0,0,0,6,2,75.0,Matches,FRA-L1,24-25
2b5a35e5,32,Dilane Bakwa,FRA,DF,Strasbourg,22-004,2002,2.0,0,0,0,1,6,1,10,3,1,0,0,0,8,1,0,100.0,Matches,FRA-L1,24-25
7c3ed041,33,Leonardo Balerdi,ARG,DF,Marseille,25-217,1999,2.0,0,0,0,2,1,0,0,3,2,0,0,0,7,2,0,100.0,Matches,FRA-L1,24-25
31822f8c,34,Folarin Balogun,USA,FW,Monaco,23-058,2001,0.8,0,0,0,0,1,0,0,0,0,0,0,0,1,0,0,,Matches,FRA-L1,24-25
7fecbcdb,35,Abdoulaye Bamba,CIV,DF,Angers,34-127,1990,1.9,0,0,0,1,0,0,1,2,1,0,0,0,2,2,1,66.7,Matches,FRA-L1,24-25
a0d55a09,36,Bradley Barcola,FRA,FW,Paris S-G,21-363,2002,0.9,0,0,0,0,2,0,0,0,2,0,0,0,2,1,1,50.0,Matches,FRA-L1,24-25
1ddbc7ca,37,Melvin Bard,FRA,DF,Nice,23-298,2000,0.9,1,0,0,2,3,0,4,0,0,0,0,0,2,0,2,0.0,Matches,FRA-L1,24-25
5475a510,38,Gabriel Bares,SUI,MF,Montpellier,24-001,2000,0.1,0,0,0,0,0,0,0,0,1,0,0,0,1,0,0,,Matches,FRA-L1,24-25
37d39918,39,Dylan Batubinsika,COD,DF,Saint-Étienne,28-197,1996,2.0,0,0,0,1,1,0,0,3,1,0,0,0,8,5,2,71.4,Matches,FRA-L1,24-25
e21d1928,40,Yassin Belkhdim,FRA,MF,Angers,22-198,2002,1.8,0,0,0,4,1,0,1,2,2,0,0,0,11,0,1,0.0,Matches,FRA-L1,24-25
3bd65247,41,Eliesse Ben Seghir,MAR,"MF,FW",Monaco,19-196,2005,1.7,0,0,0,5,5,1,2,0,6,0,0,0,8,1,2,33.3,Matches,FRA-L1,24-25
5a04fd92,42,Saïd Benrahma,ALG,"FW,MF",Lyon,29-020,1995,1.9,0,0,0,3,2,1,13,1,1,0,0,0,3,0,0,,Matches,FRA-L1,24-25
b8aedf06,43,Lucas Beraldo,BRA,DF,Paris S-G,20-280,2003,1.0,0,0,0,1,0,0,0,0,2,0,0,0,3,0,1,0.0,Matches,FRA-L1,24-25
e5a94f46,44,Emmanuel Biumla,FRA,DF,Angers,19-114,2005,0.1,0,0,0,3,0,0,0,0,0,0,0,0,0,0,0,,Matches,FRA-L1,24-25
3d214e5f,45,Marco Bizot,NED,GK,Brest,33-173,1991,2.0,0,0,0,0,0,0,0,0,0,0,0,0,4,0,0,,Matches,FRA-L1,24-25
6191093d,46,Ludovic Blas,FRA,"FW,MF",Rennes,26-243,1997,2.0,0,0,0,2,5,0,7,1,1,0,0,0,6,2,7,22.2,Matches,FRA-L1,24-25
59e9edb5,47,Augustine Boakye,GHA,MF,Saint-Étienne,23-301,2000,0.6,0,0,0,2,1,0,0,0,1,0,0,0,2,0,1,0.0,Matches,FRA-L1,24-25
c2f23fc8,48,Moïse Bombito,CAN,DF,Nice,24-153,2000,1.0,0,0,0,0,1,0,0,1,0,0,0,0,5,3,4,42.9,Matches,FRA-L1,24-25
8006228f,49,Ayyoub Bouaddi,FRA,MF,Lille,16-333,2007,0.2,0,0,0,0,0,0,0,0,0,0,0,0,0,0,1,0.0,Matches,FRA-L1,24-25
0400dd2f,50,Badredine Bouanani,ALG,"FW,MF",Nice,19-266,2004,0.4,0,0,0,2,2,0,3,0,0,0,0,0,1,0,1,0.0,Matches,FRA-L1,24-25
f9d5908e,51,Hicham Boudaoui,ALG,MF,Nice,24-342,1999,2.0,0,0,0,5,6,0,2,2,3,0,0,0,19,3,1,75.0,Matches,FRA-L1,24-25
20e73fac,52,Benjamin Bourigeaud,FRA,MF,Rennes,30-229,1994,0.9,0,0,0,0,0,0,6,2,0,0,0,0,4,2,2,50.0,Matches,FRA-L1,24-25
02bcaf8e,53,Bilal Brahimi,ALG,MF,Nice,24-169,2000,0.8,0,0,0,3,0,0,5,0,0,0,0,0,1,0,0,,Matches,FRA-L1,24-25
5b146df3,54,Lilian Brassier,FRA,DF,Marseille,24-302,1999,1.0,0,0,0,1,0,0,0,1,0,0,0,0,9,4,0,100.0,Matches,FRA-L1,24-25
db87a2c4,55,Marcin Bułka,POL,GK,Nice,24-331,1999,2.0,0,0,0,0,0,0,0,0,0,0,0,0,2,1,0,100.0,Matches,FRA-L1,24-25
148e136f,56,Rémy Cabella,FRA,MF,Lille,34-175,1990,1.2,0,0,0,3,2,0,4,2,1,0,0,0,7,1,2,33.3,Matches,FRA-L1,24-25
2a657da0,57,Mathieu Cafaro,FRA,MF,Saint-Étienne,27-158,1997,1.7,1,0,0,3,6,1,7,1,1,0,0,0,3,1,1,50.0,Matches,FRA-L1,24-25
94f8d10c,58,Duje Ćaleta-Car,CRO,DF,Lyon,27-348,1996,2.0,1,0,0,5,1,0,0,5,2,0,0,0,4,2,3,40.0,Matches,FRA-L1,24-25
9a34200f,59,Issiaga Camara,GUI,MF,Nice,19-210,2005,0.0,0,0,0,0,0,0,0,1,0,0,0,0,0,0,1,0.0,Matches,FRA-L1,24-25
19c2ffa4,60,Lamine Camara,SEN,MF,Monaco,20-242,2004,2.0,2,1,1,6,5,0,10,3,6,0,0,0,16,2,1,66.7,Matches,FRA-L1,24-25
8577e60a,61,Mahdi Camara,FRA,MF,Brest,26-061,1998,2.0,0,0,0,0,3,1,2,3,2,0,0,0,7,1,2,33.3,Matches,FRA-L1,24-25
9f4a940f,62,Axel Camblan,FRA,MF,Brest,21-000,2003,0.2,0,0,0,0,0,0,1,0,1,0,0,0,0,0,0,,Matches,FRA-L1,24-25
79b2399c,63,Pierrick Capelle,FRA,MF,Angers,37-137,1987,1.6,0,0,0,2,0,1,6,1,3,0,0,0,4,1,1,50.0,Matches,FRA-L1,24-25
f81ef10d,64,Maxence Caqueret,FRA,MF,Lyon,24-197,2000,1.8,0,0,0,0,3,0,2,3,2,0,0,0,6,0,1,0.0,Matches,FRA-L1,24-25
707b98f1,65,Valentin Carboni,ARG,FW,Marseille,19-178,2005,0.1,0,0,0,1,1,0,1,0,1,0,0,0,0,0,0,,Matches,FRA-L1,24-25
481f76cf,66,Josué Casimir,FRA,FW,Le Havre,22-341,2001,1.7,1,0,0,4,5,2,1,0,1,1,0,0,3,1,3,25.0,Matches,FRA-L1,24-25
f86fe8c1,67,Cristian Cásseres Jr.,VEN,MF,Toulouse,24-223,2000,2.0,0,0,0,8,4,0,3,4,10,0,0,0,10,0,4,0.0,Matches,FRA-L1,24-25
e0f3a1f6,68,Jean-Charles Castelletto,CMR,DF,Nantes,29-217,1995,2.0,1,0,0,1,1,0,1,0,0,0,0,0,5,2,3,40.0,Matches,FRA-L1,24-25
16aa7d4c,69,Brendan Chardonnet,FRA,DF,Brest,29-252,1994,2.0,0,0,0,2,1,0,1,0,5,0,0,0,7,2,3,40.0,Matches,FRA-L1,24-25
649b57e9,70,Jhoanner Chávez,ECU,DF,Lens,22-127,2002,1.5,0,0,0,0,0,0,8,2,0,0,0,0,8,1,1,50.0,Matches,FRA-L1,24-25
78430598,71,Sidiki Cherif,FRA,FW,Angers,17-259,2006,1.7,0,0,0,2,5,5,1,0,2,0,0,0,6,2,10,16.7,Matches,FRA-L1,24-25
b3d76d84,72,Lucas Chevalier,FRA,GK,Lille,22-298,2001,2.0,0,0,0,0,0,0,0,0,0,0,0,0,5,0,0,,Matches,FRA-L1,24-25
68a26d51,73,Pedro Chirivella,ESP,MF,Nantes,27-099,1997,2.0,0,0,0,2,0,0,2,1,0,0,0,0,5,1,1,50.0,Matches,FRA-L1,24-25
7909ffa4,74,Joris Chotard,FRA,MF,Montpellier,22-341,2001,2.0,1,0,0,1,0,1,0,1,3,0,0,0,11,1,3,25.0,Matches,FRA-L1,24-25
5219ab4a,75,Jonathan Clauss,FRA,"DF,MF",Nice,31-340,1992,2.0,0,0,0,3,0,0,8,3,5,0,0,0,6,3,1,75.0,Matches,FRA-L1,24-25
3010aefb,76,Marcus Coco,FRA,"DF,FW",Nantes,28-067,1996,1.0,1,0,0,3,2,0,4,0,4,0,0,0,5,0,1,0.0,Matches,FRA-L1,24-25
577744b8,77,Derek Cornelius,CAN,DF,Marseille,26-279,1997,1.0,1,0,0,1,2,0,0,0,2,0,1,0,3,1,0,100.0,Matches,FRA-L1,24-25
59948ef7,78,David Pereira da Costa,POR,MF,Lens,23-238,2001,0.3,0,0,0,0,1,0,2,0,0,0,0,0,2,0,1,0.0,Matches,FRA-L1,24-25
bfb2056e,79,Logan Costa,CPV,DF,Toulouse,23-151,2001,1.0,0,0,0,0,0,0,1,2,1,0,0,0,4,4,2,66.7,Matches,FRA-L1,24-25
78310540,80,Lasso Coulibaly,GHA,"FW,MF",Auxerre,21-316,2002,0.4,0,0,0,0,1,0,1,0,0,0,0,0,1,0,2,0.0,Matches,FRA-L1,24-25
05ba9d7c,81,Tanguy Coulibaly,FRA,FW,Montpellier,23-194,2001,0.0,0,0,0,0,0,0,0,0,0,0,0,0,0,0,2,0.0,Matches,FRA-L1,24-25
4654e5f5,82,Charlie Cresswell,ENG,DF,Toulouse,22-013,2002,2.0,0,0,0,6,2,0,0,3,1,0,0,0,9,11,1,91.7,Matches,FRA-L1,24-25
e76f6fbe,83,Kévin Danois,FRA,DF,Auxerre,20-063,2004,0.1,0,0,0,0,0,0,0,0,0,0,0,0,0,0,0,,Matches,FRA-L1,24-25
6e33125f,84,Kevin Danso,AUT,DF,Lens,25-346,1998,2.0,0,0,0,1,1,0,0,2,0,0,0,0,10,7,4,63.6,Matches,FRA-L1,24-25
fd2bc67d,85,Dante,BRA,DF,Nice,40-317,1983,2.0,1,0,0,1,1,0,1,1,0,0,0,0,10,5,3,62.5,Matches,FRA-L1,24-25
d4925a40,86,Pape Daouda Diongue,SEN,MF,Strasbourg,,,0.5,0,0,0,0,0,0,0,1,0,0,0,0,0,3,0,100.0,Matches,FRA-L1,24-25
ce50fd99,87,Jonathan David,CAN,FW,Lille,24-229,2000,1.5,0,0,0,1,1,0,0,0,0,0,0,0,4,0,3,0.0,Matches,FRA-L1,24-25
88b4d2e3,88,Zuriko Davitashvili,GEO,MF,Saint-Étienne,23-197,2001,1.7,0,0,0,0,1,0,4,1,1,0,0,0,4,4,4,50.0,Matches,FRA-L1,24-25
0be95d34,89,Romain Del Castillo,FRA,FW,Brest,28-154,1996,2.0,0,0,0,1,4,0,11,0,4,0,0,0,15,1,2,33.3,Matches,FRA-L1,24-25
b19db005,90,Ousmane Dembélé,FRA,FW,Paris S-G,27-107,1997,0.9,1,0,0,1,3,0,7,3,0,0,0,0,1,0,0,,Matches,FRA-L1,24-25
e8c5dd4d,91,Arthur Desmas,FRA,GK,Le Havre,30-145,1994,2.0,0,0,0,0,0,0,0,0,0,0,0,0,2,0,0,,Matches,FRA-L1,24-25
331c5a98,92,Mamadou Diakhon,FRA,"MF,FW",Reims,18-343,2005,0.2,0,0,0,0,2,0,0,0,2,0,0,0,1,0,1,0.0,Matches,FRA-L1,24-25
1bfb6fef,93,Bafodé Diakité,FRA,DF,Lille,23-237,2001,2.0,0,0,0,2,1,0,0,1,0,0,0,0,13,4,0,100.0,Matches,FRA-L1,24-25
44435c8f,94,Oumar Diakité,CIV,FW,Reims,20-254,2003,1.4,1,0,0,3,2,0,0,0,2,0,0,0,6,0,8,0.0,Matches,FRA-L1,24-25
6d0fe035,95,Habib Diarra,SEN,MF,Strasbourg,20-240,2004,1.8,0,0,0,3,5,0,1,0,1,0,0,0,6,2,1,66.7,Matches,FRA-L1,24-25
1f038218,96,Kandet Diawara,GUI,FW,Le Havre,24-202,2000,0.0,0,0,0,0,0,0,0,0,0,0,0,0,0,0,0,,Matches,FRA-L1,24-25
1906b842,97,Mahamadou Diawara,FRA,MF,Lyon,19-195,2005,0.2,0,0,0,1,0,0,0,0,0,0,0,0,3,0,0,,Matches,FRA-L1,24-25
4be0b467,98,Lois Diony,FRA,FW,Angers,31-254,1992,0.2,0,0,0,0,0,0,0,0,0,0,0,0,0,1,0,100.0,Matches,FRA-L1,24-25
9b5237b1,99,Andy Diouf,FRA,MF,Lens,21-105,2003,1.2,0,0,0,2,0,0,1,1,3,0,0,0,9,0,0,,Matches,FRA-L1,24-25
eedea60b,100,Yehvann Diouf,FRA,GK,Reims,24-288,1999,2.0,0,0,0,0,0,0,0,0,0,0,0,0,2,0,0,,Matches,FRA-L1,24-25
08f5afaa,101,Gianluigi Donnarumma,ITA,GK,Paris S-G,25-187,1999,2.0,0,0,0,0,0,0,0,0,0,0,0,0,5,0,0,,Matches,FRA-L1,24-25
9e7483ff,102,Désiré Doué,FRA,FW,Paris S-G,19-088,2005,0.3,0,0,0,1,0,0,2,0,0,0,0,0,2,0,0,,Matches,FRA-L1,24-25
b4ef3fb5,103,Guela Doué,CIV,DF,Strasbourg,21-318,2002,2.0,0,0,0,3,3,0,1,2,4,0,0,0,18,2,2,50.0,Matches,FRA-L1,24-25
301c287b,104,Douglas,BRA,MF,Nantes,27-230,1997,2.0,1,0,0,3,5,0,2,2,3,0,0,0,6,0,5,0.0,Matches,FRA-L1,24-25
0512a60a,105,Ismaël Doukouré,FRA,MF,Strasbourg,21-037,2003,1.7,1,0,0,1,2,0,0,2,1,0,0,0,6,2,0,100.0,Matches,FRA-L1,24-25
0cbc8baa,106,Jean-Kevin Duverne,HAI,DF,Nantes,27-049,1997,1.2,0,0,0,2,2,0,4,2,2,0,0,0,4,3,1,75.0,Matches,FRA-L1,24-25
10cff752,107,Aron Dønnum,NOR,"DF,MF",Toulouse,26-132,1998,1.6,1,0,0,4,2,0,5,1,3,0,0,0,3,2,2,50.0,Matches,FRA-L1,24-25
8d5016e6,108,Jacques Ekomie,GAB,DF,Angers,21-011,2003,1.8,0,0,0,2,3,0,4,0,5,0,0,0,4,2,2,50.0,Matches,FRA-L1,24-25
0b4f388a,109,Breel Embolo,SUI,FW,Monaco,27-198,1997,1.7,1,0,0,2,4,0,1,1,0,0,0,0,7,4,0,100.0,Matches,FRA-L1,24-25
a0c590b9,110,Emanuel Emegha,NED,FW,Strasbourg,21-209,2003,1.7,0,0,0,3,5,1,0,0,1,0,0,0,1,3,0,100.0,Matches,FRA-L1,24-25
745ca0a3,111,Romain Faivre,FRA,FW,Brest,26-047,1998,1.2,1,0,0,0,0,0,1,2,0,0,0,0,6,2,3,40.0,Matches,FRA-L1,24-25
005c0807,112,Zinedine Ferhat,ALG,MF,Angers,31-182,1993,0.3,0,0,0,0,1,0,1,0,0,0,0,0,3,0,0,,Matches,FRA-L1,24-25
375622c5,113,Jordan Ferri,FRA,MF,Montpellier,32-171,1992,1.7,1,0,0,1,3,0,2,1,6,0,0,0,16,0,0,,Matches,FRA-L1,24-25
50ac8941,114,Karol Fila,POL,MF,Strasbourg,26-078,1998,0.1,1,0,0,0,0,0,0,0,0,0,0,0,1,0,0,,Matches,FRA-L1,24-25
8236f673,115,Malick Fofana,BEL,"FW,MF",Lyon,19-152,2005,1.1,0,0,0,0,2,0,3,0,1,1,0,0,3,0,1,0.0,Matches,FRA-L1,24-25
9d420dad,116,Yahia Fofana,CIV,GK,Angers,24-009,2000,2.0,0,0,0,0,0,0,0,0,0,0,0,0,4,0,0,,Matches,FRA-L1,24-25
2145368f,117,Lamine Fomba,FRA,MF,Saint-Étienne,26-217,1998,0.1,0,0,0,0,0,0,0,1,1,0,0,0,1,0,0,,Matches,FRA-L1,24-25
00a8d210,118,Przemysław Frankowski,POL,MF,Lens,29-140,1995,0.0,0,0,0,0,0,0,0,0,0,0,0,0,0,0,0,,Matches,FRA-L1,24-25
4b96c347,119,Angelo Fulgini,FRA,MF,Lens,28-010,1996,1.0,0,0,0,1,3,1,2,0,2,0,0,0,5,1,3,25.0,Matches,FRA-L1,24-25
6be41a31,120,Yann Gboho,FRA,"MF,FW",Toulouse,23-229,2001,2.0,0,0,0,0,5,0,6,0,1,0,0,0,6,0,1,0.0,Matches,FRA-L1,24-25
645a3363,121,Angel Gomes,ENG,MF,Lille,23-365,2000,0.5,0,0,0,0,2,0,0,0,0,0,0,0,0,0,0,,Matches,FRA-L1,24-25
aad56ca3,122,Amine Gouiri,ALG,FW,Rennes,24-196,2000,1.8,0,0,0,5,2,1,0,0,0,0,0,0,4,1,3,25.0,Matches,FRA-L1,24-25
06c48679,123,Jonathan Gradit,FRA,DF,Lens,31-280,1992,1.8,0,0,0,5,0,0,2,3,3,0,0,0,8,8,4,66.7,Matches,FRA-L1,24-25
d2448564,124,Samuel Grandsir,FRA,MF,Le Havre,28-016,1996,0.2,0,0,0,1,0,0,0,0,3,0,0,0,1,0,1,0.0,Matches,FRA-L1,24-25
58eee997,125,Mason Greenwood,ENG,"FW,MF",Marseille,22-334,2001,2.0,0,0,0,0,4,0,0,0,0,1,0,0,7,1,0,100.0,Matches,FRA-L1,24-25
0da5076f,126,Albert Grønbaek,DEN,MF,Rennes,23-099,2001,1.7,0,0,0,2,0,0,5,0,1,0,0,0,4,0,1,0.0,Matches,FRA-L1,24-25
d5d22a58,127,Gabriel Gudmundsson,SWE,DF,Lille,25-123,1999,1.1,0,0,0,3,2,1,5,0,3,0,0,0,3,0,1,0.0,Matches,FRA-L1,24-25
b73f17f8,128,Evann Guessand,CIV,FW,Nice,23-060,2001,2.0,0,0,0,5,7,2,3,1,1,0,0,0,4,3,2,60.0,Matches,FRA-L1,24-25
a08bb82c,129,Bahereba Guirassy,FRA,FW,Nantes,18-001,2006,0.0,0,0,0,0,0,0,0,0,0,0,0,0,3,0,1,0.0,Matches,FRA-L1,24-25
e42d61c7,130,Achraf Hakimi,MAR,DF,Paris S-G,25-300,1998,2.0,0,0,0,1,2,0,7,3,6,0,0,0,11,1,1,50.0,Matches,FRA-L1,24-25
6bfb4303,131,Florent Hanin,ALG,DF,Angers,34-208,1990,0.2,0,0,0,0,0,0,1,1,0,0,0,0,1,0,0,,Matches,FRA-L1,24-25
e7d59f4f,132,Amine Harit,MAR,MF,Marseille,27-073,1997,1.8,0,0,0,0,4,0,3,1,1,1,0,0,8,1,2,33.3,Matches,FRA-L1,24-25
3b333ac3,133,Hans Hateboer,NED,DF,Rennes,30-234,1994,0.6,0,0,0,0,1,0,3,2,1,0,0,0,0,2,0,100.0,Matches,FRA-L1,24-25
f36d5624,134,Luis Henrique,BRA,FW,Marseille,22-260,2001,2.0,0,0,0,0,0,0,2,1,1,0,0,0,6,0,0,,Matches,FRA-L1,24-25
9a71e978,135,Ki-Jana Hoever,NED,DF,Auxerre,22-225,2002,0.9,0,0,0,0,0,0,5,1,3,0,0,0,0,0,0,,Matches,FRA-L1,24-25
00891164,136,Cédric Hountondji,BEN,DF,Angers,30-224,1994,2.0,0,0,0,1,1,0,0,3,3,0,0,0,5,2,2,50.0,Matches,FRA-L1,24-25
8b04d6c1,137,Pierre Højbjerg,DEN,MF,Marseille,29-025,1995,2.0,0,0,0,0,3,0,0,6,3,0,0,0,21,1,1,50.0,Matches,FRA-L1,24-25
78c3ad07,138,George Ilenikhena,FRA,"FW,MF",Monaco,18-014,2006,0.4,0,0,0,0,1,1,0,1,0,0,0,0,1,0,0,,Matches,FRA-L1,24-25
cf182add,139,Ismaily,BRA,DF,Lille,34-232,1990,0.9,1,0,0,1,0,0,3,0,0,0,0,0,5,2,0,100.0,Matches,FRA-L1,24-25
5d004b30,140,Yanis Issoufou,FRA,MF,Montpellier,17-307,2006,0.3,0,0,0,1,0,0,0,0,0,0,0,0,0,0,1,0.0,Matches,FRA-L1,24-25
dbd3a428,141,Junya Ito,JPN,FW,Reims,31-174,1993,2.0,0,0,0,0,1,0,9,1,2,0,0,0,11,1,2,33.3,Matches,FRA-L1,24-25
a0415710,142,Ismail Jakobs,SEN,DF,Monaco,25-013,1999,2.0,0,0,0,1,3,0,14,2,5,0,0,0,5,1,6,14.3,Matches,FRA-L1,24-25
f719ad7f,143,Jordan James,WAL,MF,Rennes,20-059,2004,0.2,1,0,0,2,0,0,0,0,0,0,0,0,2,0,0,,Matches,FRA-L1,24-25
a56bd2ee,144,Karl-Johan Johnsson,SWE,GK,Strasbourg,34-215,1990,2.0,0,0,0,1,0,0,0,0,0,0,1,0,2,0,0,,Matches,FRA-L1,24-25
5b4bc323,145,Paul Joly,FRA,DF,Auxerre,24-084,2000,2.0,0,0,0,0,7,0,14,5,6,0,0,0,8,3,1,75.0,Matches,FRA-L1,24-25
f9124307,146,Antoine Joujou,FRA,"FW,MF",Le Havre,21-171,2003,1.8,1,0,0,1,1,0,5,1,2,0,0,0,8,0,4,0.0,Matches,FRA-L1,24-25
56ae428b,147,Jubal,BRA,DF,Auxerre,31-001,1993,2.0,0,0,0,1,0,0,0,1,3,0,0,0,9,3,1,75.0,Matches,FRA-L1,24-25
cedc53d2,148,Yaya Kader Fofana,MLI,MF,Reims,20-079,2004,0.9,1,0,0,3,1,0,1,0,1,0,0,0,2,0,1,0.0,Matches,FRA-L1,24-25
7d08063d,149,Tino Kadewere,ZIM,"MF,FW",Nantes,28-238,1996,1.1,1,0,0,1,0,1,0,1,2,0,0,0,5,3,2,60.0,Matches,FRA-L1,24-25
bf4c41f9,150,Arnaud Kalimuendo,FRA,FW,Rennes,22-223,2002,0.4,0,0,0,0,0,0,1,0,0,0,0,0,0,0,0,,Matches,FRA-L1,24-25
a426a912,151,Waren Kamanzi,NOR,"DF,MF",Toulouse,23-293,2000,1.9,1,0,0,5,1,0,1,0,3,0,0,0,6,2,0,100.0,Matches,FRA-L1,24-25
4da9191b,152,Glen Kamara,FIN,MF,Rennes,28-307,1995,2.0,0,0,0,3,1,0,0,3,4,0,0,0,14,0,1,0.0,Matches,FRA-L1,24-25
c5908bc4,153,Nordine Kandil,FRA,MF,Strasbourg,22-304,2001,0.1,0,0,0,2,0,0,0,0,0,0,0,0,0,1,1,50.0,Matches,FRA-L1,24-25
8455ad90,154,Lee Kang-in,KOR,FW,Paris S-G,23-193,2001,1.1,0,0,0,2,0,0,4,0,0,0,0,0,1,0,0,,Matches,FRA-L1,24-25
abefc3af,155,Yassine Kechta,MAR,"FW,MF",Le Havre,22-187,2002,1.9,0,0,0,0,8,0,2,2,5,0,0,0,8,0,2,0.0,Matches,FRA-L1,24-25
51dbeea9,156,Thilo Kehrer,GER,DF,Monaco,27-344,1996,2.0,0,0,0,2,1,0,0,0,5,0,0,0,9,4,2,66.7,Matches,FRA-L1,24-25
88acf83f,157,Reda Khadra,GER,MF,Reims,23-057,2001,0.3,0,0,0,0,2,0,2,0,1,0,0,0,4,0,0,,Matches,FRA-L1,24-25
2677a1de,158,Wahbi Khazri,TUN,FW,Montpellier,33-204,1991,0.7,1,0,0,2,1,0,1,0,0,0,0,0,1,1,0,100.0,Matches,FRA-L1,24-25
d17ce930,159,Abdukodir Khusanov,UZB,"DF,FW",Lens,20-183,2004,0.2,1,0,0,3,0,0,1,1,0,0,0,0,0,2,1,66.7,Matches,FRA-L1,24-25
9f30e7ed,160,Cédric Kipré,CIV,DF,Reims,27-265,1996,0.0,0,0,0,0,0,0,0,0,0,0,0,0,1,0,0,,Matches,FRA-L1,24-25
ff74841d,161,Philipp Köhn,SUI,GK,Monaco,26-150,1998,2.0,0,0,0,0,0,0,0,0,0,0,0,0,2,0,0,,Matches,FRA-L1,24-25
c0b3669f,162,Randal Kolo Muani,FRA,FW,Paris S-G,25-269,1998,1.1,0,0,0,1,3,0,0,0,0,1,0,0,2,1,0,100.0,Matches,FRA-L1,24-25
cce181df,163,Geoffrey Kondogbia,CTA,MF,Marseille,31-197,1993,1.0,0,0,0,2,0,0,0,0,0,0,0,0,1,1,0,100.0,Matches,FRA-L1,24-25
c1ebf5d2,164,Abdoul Koné,FRA,DF,Reims,19-130,2005,0.7,0,0,0,0,0,0,0,1,2,0,0,0,5,1,0,100.0,Matches,FRA-L1,24-25
2eb1ec07,165,Amadou Koné,MLI,MF,Reims,19-108,2005,0.2,0,1,0,2,0,0,0,0,0,0,0,0,1,0,0,,Matches,FRA-L1,24-25
562a4799,166,Boubakar Kouyaté,MLI,DF,Montpellier,27-137,1997,1.0,1,0,0,3,1,0,0,3,1,0,0,0,3,3,0,100.0,Matches,FRA-L1,24-25
d4e93bab,167,Daler Kuzyaev,RUS,MF,Le Havre,31-228,1993,1.0,0,0,0,0,1,0,3,1,2,0,0,0,3,0,0,,Matches,FRA-L1,24-25
c90f380c,168,Rémy Labeau Lascary,GLP,FW,Lens,21-180,2003,1.0,1,0,0,1,1,5,3,0,0,0,0,0,3,4,2,66.7,Matches,FRA-L1,24-25
7cdda3bf,169,Gaëtan Laborde,FRA,FW,Nice,30-119,1994,0.9,0,0,0,0,0,0,4,1,0,0,0,0,0,1,1,50.0,Matches,FRA-L1,24-25
9dbb75ca,170,Alexandre Lacazette,FRA,FW,Lyon,33-094,1991,1.0,0,0,0,2,0,2,1,0,0,0,0,0,1,1,1,50.0,Matches,FRA-L1,24-25
4e7db402,171,Alban Lafont,FRA,GK,Nantes,25-220,1999,2.0,0,0,0,0,0,0,0,0,0,0,0,0,0,2,0,100.0,Matches,FRA-L1,24-25
770d7eb8,172,Kenny Lala,MAD,DF,Brest,32-332,1991,2.0,1,0,0,1,0,0,9,5,4,0,0,0,14,0,1,0.0,Matches,FRA-L1,24-25
01870104,173,Mohamed Lamine Bayo,GUI,FW,Lille,26-087,1998,0.5,0,0,0,1,0,0,0,0,0,0,0,0,3,0,1,0.0,Matches,FRA-L1,24-25
b49729cb,174,Gautier Larsonneur,FRA,GK,Saint-Étienne,27-189,1997,2.0,1,0,0,0,0,0,0,0,0,0,0,0,1,0,0,,Matches,FRA-L1,24-25
547a72ad,175,Julien Le Cardinal,FRA,DF,Brest,27-027,1997,2.0,0,0,0,2,0,0,0,5,2,0,0,1,6,2,2,50.0,Matches,FRA-L1,24-25
88c4d190,176,Jérémy Le Douaron,FRA,FW,Brest,26-131,1998,1.1,0,0,0,2,0,2,0,0,0,0,0,0,2,3,2,60.0,Matches,FRA-L1,24-25
2fa2a875,177,Benjamin Lecomte,FRA,GK,Montpellier,33-126,1991,2.0,0,0,0,0,0,0,0,0,0,0,0,0,5,0,0,,Matches,FRA-L1,24-25
c3e4ecbb,178,Jordan Lefort,FRA,DF,Angers,31-021,1993,2.0,1,0,0,2,1,0,1,2,1,0,0,0,6,4,2,66.7,Matches,FRA-L1,24-25
8ca9415f,179,Félix Lemaréchal,FRA,FW,Strasbourg,21-023,2003,0.3,0,0,0,0,0,0,1,0,0,0,0,0,1,0,1,0.0,Matches,FRA-L1,24-25
51c83a90,180,Donovan Léon,GUF,GK,Auxerre,31-301,1992,2.0,0,0,0,0,1,0,0,0,0,0,0,0,3,1,0,100.0,Matches,FRA-L1,24-25
85ce1949,181,Esteban Lepaul,FRA,FW,Angers,24-134,2000,0.1,0,0,0,0,0,0,0,0,0,0,0,0,0,0,0,,Matches,FRA-L1,24-25
1e52971c,182,Johann Lepenant,FRA,MF,Nantes,21-313,2002,1.1,0,0,0,2,1,0,3,2,2,0,0,0,5,0,0,,Matches,FRA-L1,24-25
ff800ed8,183,Pol Lirola,ESP,DF,Marseille,27-017,1997,0.8,0,0,0,1,1,0,0,0,1,0,0,0,0,0,0,,Matches,FRA-L1,24-25
ac89503b,184,Gautier Lloris,FRA,DF,Le Havre,29-043,1995,2.0,1,0,0,2,0,0,0,0,2,0,1,0,7,5,6,45.5,Matches,FRA-L1,24-25
fc4cf6a7,185,Jordan Lotomba,SUI,"MF,DF",Nice,25-336,1998,0.4,0,0,0,2,0,1,2,0,0,0,0,0,2,0,0,,Matches,FRA-L1,24-25
5bdb4a7b,186,Othmane Maamma,FRA,FW,Montpellier,18-329,2005,0.1,0,0,0,0,1,0,0,0,0,0,0,0,0,0,0,,Matches,FRA-L1,24-25
b3f8bdef,187,Deiver Machado,COL,DF,Lens,30-363,1993,0.4,0,1,0,1,0,0,2,1,0,0,0,0,0,1,1,50.0,Matches,FRA-L1,24-25
0bb6e193,188,Yvann Macon,FRA,DF,Saint-Étienne,25-334,1998,1.0,0,0,0,3,1,0,2,0,0,0,0,0,4,0,1,0.0,Matches,FRA-L1,24-25
dfc5d4fa,189,Soungoutou Magassa,FRA,MF,Monaco,20-327,2003,0.2,0,0,0,0,1,0,0,1,3,0,0,0,4,0,0,,Matches,FRA-L1,24-25
d4d35152,190,Hugo Magnetti,FRA,MF,Brest,26-092,1998,1.0,1,0,0,2,2,0,2,2,0,0,0,0,5,0,3,0.0,Matches,FRA-L1,24-25
42fdb11d,191,Frank Magri,CMR,FW,Toulouse,24-361,1999,1.7,0,0,0,0,0,0,0,1,0,0,0,0,1,8,7,53.3,Matches,FRA-L1,24-25
e3a5814e,192,Ainsley Maitland-Niles,ENG,"MF,DF",Lyon,27-001,1997,1.1,0,0,0,3,2,0,1,4,3,0,0,0,6,0,2,0.0,Matches,FRA-L1,24-25
0f86995c,193,Hianga Mananga Mbock,FRA,MF,Brest,24-246,1999,0.2,0,0,0,1,0,0,0,1,0,0,0,0,0,1,0,100.0,Matches,FRA-L1,24-25
1d2d5cc8,194,Steve Mandanda,FRA,GK,Rennes,39-155,1985,2.0,0,0,0,0,0,0,0,0,0,0,0,0,0,0,0,,Matches,FRA-L1,24-25
fbd6378b,195,Aïssa Mandi,ALG,DF,Lille,32-313,1991,1.8,0,0,0,0,1,0,3,2,2,0,0,0,3,2,0,100.0,Matches,FRA-L1,24-25
a572e291,196,Orel Mangala,BEL,MF,Lyon,26-165,1998,0.7,0,0,0,0,0,0,1,0,0,0,0,0,6,0,0,,Matches,FRA-L1,24-25
3544641e,197,Sekou Mara,FRA,FW,Strasbourg,22-031,2002,0.3,1,0,0,2,0,1,0,0,0,0,0,0,0,0,2,0.0,Matches,FRA-L1,24-25
d5f2f82b,198,Marquinhos,BRA,DF,Paris S-G,30-108,1994,1.2,0,0,0,1,2,0,0,0,1,0,0,0,5,3,2,60.0,Matches,FRA-L1,24-25
468fdbad,199,Jonas Martin,FRA,MF,Brest,34-143,1990,1.5,1,0,0,2,2,0,0,4,0,0,1,0,8,0,1,0.0,Matches,FRA-L1,24-25
55abe554,200,Clinton Mata,ANG,DF,Lyon,31-297,1992,2.0,1,0,0,6,4,0,3,6,1,0,0,0,11,4,1,80.0,Matches,FRA-L1,24-25
eb7822d7,201,Nemanja Matić,SRB,MF,Lyon,36-029,1988,1.1,0,0,0,0,1,0,0,1,1,0,0,0,1,1,1,50.0,Matches,FRA-L1,24-25
a17a94d6,202,Azor Matusiwa,NED,MF,Rennes,26-124,1998,2.0,0,0,0,4,0,0,1,2,5,0,0,0,17,3,0,100.0,Matches,FRA-L1,24-25
d595de71,203,Ethan Mbappé,FRA,MF,Lille,17-245,2006,0.8,1,0,0,3,0,0,0,0,0,0,0,0,4,1,1,50.0,Matches,FRA-L1,24-25
201b4ee4,204,Ibrahim Mbaye,FRA,"FW,MF",Paris S-G,16-219,2008,0.6,0,0,0,2,1,0,0,0,0,0,0,0,4,0,0,,Matches,FRA-L1,24-25
a5f5d094,205,Mark McKenzie,USA,DF,Toulouse,25-187,1999,0.7,0,0,0,2,0,0,0,0,1,0,0,0,3,1,2,33.3,Matches,FRA-L1,24-25
6f5ec8bb,206,Facundo Medina,ARG,DF,Lens,25-094,1999,2.0,0,0,0,2,0,0,0,2,2,0,0,0,8,1,0,100.0,Matches,FRA-L1,24-25
e1a873eb,207,Henrik Meister,DEN,FW,Rennes,20-287,2003,0.3,0,0,0,1,1,0,0,0,0,0,0,0,3,0,0,,Matches,FRA-L1,24-25
04ac78d2,208,Bamo Meïté,CIV,DF,Marseille,22-271,2001,0.2,0,0,0,1,1,0,0,0,0,0,0,0,0,0,0,,Matches,FRA-L1,24-25
d21e361a,209,Farid El Melali,ALG,FW,Angers,27-117,1997,0.5,1,0,0,2,0,1,0,1,0,0,0,0,1,0,0,,Matches,FRA-L1,24-25
f20e4cc9,210,Nuno Mendes,POR,DF,Paris S-G,22-072,2002,1.0,0,0,0,0,2,0,4,0,1,0,0,0,3,0,0,,Matches,FRA-L1,24-25
3322e296,211,Antoine Mendy,FRA,DF,Nice,20-095,2004,2.0,1,0,0,2,2,0,2,1,3,0,0,0,16,5,4,55.6,Matches,FRA-L1,24-25
1598599e,212,Nampalys Mendy,SEN,MF,Lens,32-068,1992,0.8,0,0,0,1,2,0,0,0,1,0,0,0,2,0,1,0.0,Matches,FRA-L1,24-25
0bfca6a1,213,Quentin Merlin,FRA,"DF,MF",Marseille,22-106,2002,2.0,1,0,0,3,1,0,8,2,0,0,0,0,7,1,3,25.0,Matches,FRA-L1,24-25
e162b013,214,Thomas Meunier,BEL,DF,Lille,32-353,1991,1.1,0,0,0,0,0,0,2,2,1,0,0,0,7,2,1,66.7,Matches,FRA-L1,24-25
4788cb6b,215,Georges Mikautadze,GEO,FW,Lyon,23-304,2000,1.8,0,0,0,1,3,2,2,1,1,0,0,0,12,0,9,0.0,Matches,FRA-L1,24-25
f833a830,216,Takumi Minamino,JPN,MF,Monaco,29-227,1995,1.9,0,0,0,2,3,1,1,0,0,0,0,0,6,1,0,100.0,Matches,FRA-L1,24-25
595e6f3e,217,Mostafa Mohamed,EGY,FW,Nantes,26-276,1997,0.3,0,0,0,1,0,0,0,0,0,0,0,0,1,2,1,66.7,Matches,FRA-L1,24-25
12de1b0d,218,Diego Moreira,POR,"FW,MF",Strasbourg,20-024,2004,1.2,1,0,0,1,3,0,1,1,2,0,0,0,3,1,2,33.3,Matches,FRA-L1,24-25
c37823fe,219,Louis Mouton,FRA,MF,Saint-Étienne,22-088,2002,0.3,0,0,0,0,0,0,1,0,2,0,0,0,2,0,0,,Matches,FRA-L1,24-25
bb461b8a,220,Ngal'Ayel Mukau,BEL,MF,Lille,19-274,2004,0.9,1,0,0,3,1,0,0,1,4,0,0,0,5,3,2,60.0,Matches,FRA-L1,24-25
2acf0cd7,221,Marshall Munetsi,ZIM,MF,Reims,28-069,1996,2.0,0,0,0,1,4,1,1,2,3,0,0,0,6,4,4,50.0,Matches,FRA-L1,24-25
ee158be5,222,Junior Mwanga,FRA,MF,Strasbourg,21-111,2003,1.2,0,0,0,2,0,0,0,0,3,0,0,0,3,1,0,100.0,Matches,FRA-L1,24-25
d97af612,223,Keito Nakamura,JPN,FW,Reims,24-033,2000,1.8,0,0,0,0,2,0,2,1,4,0,0,0,4,0,2,0.0,Matches,FRA-L1,24-25
ce747d2a,224,Sebastian Nanasi,SWE,MF,Strasbourg,22-106,2002,0.1,0,0,0,0,0,0,0,0,0,0,0,0,0,0,1,0.0,Matches,FRA-L1,24-25
65c55288,225,Youssouf Ndayishimiye,BDI,DF,Nice,25-308,1998,0.0,0,0,0,0,0,0,0,0,0,0,0,0,1,0,1,0.0,Matches,FRA-L1,24-25
36f65bdf,226,Rassoul Ndiaye,SEN,"MF,FW",Le Havre,22-263,2001,1.1,1,0,0,1,0,0,0,2,3,0,0,0,7,0,0,,Matches,FRA-L1,24-25
5cdddffa,227,Tanguy Ndombele,FRA,MF,Nice,27-246,1996,1.8,0,0,0,1,3,0,1,1,3,0,0,0,4,0,0,,Matches,FRA-L1,24-25
c3b6fa1e,228,Loïc Nego,HUN,DF,Le Havre,33-228,1991,2.0,0,0,0,3,3,1,3,4,5,0,0,0,12,1,1,50.0,Matches,FRA-L1,24-25
c2a15a27,229,João Neves,POR,"MF,FW",Paris S-G,19-338,2004,1.2,0,0,0,3,2,0,2,1,2,0,0,0,3,2,0,100.0,Matches,FRA-L1,24-25
731f1f5a,230,Steve Ngoura,FRA,FW,Le Havre,19-190,2005,0.2,0,0,0,1,0,0,0,0,0,0,0,0,1,1,1,50.0,Matches,FRA-L1,24-25
00242715,231,Moussa Niakhate,SEN,DF,Lyon,28-175,1996,2.0,0,0,0,5,0,0,0,1,6,0,0,0,6,1,0,100.0,Matches,FRA-L1,24-25
46faabfa,232,Ibrahima Niane,SEN,FW,Angers,25-172,1999,0.2,0,0,0,0,1,1,1,0,0,0,0,0,0,1,0,100.0,Matches,FRA-L1,24-25
3f319bb9,233,Rasmus Nicolaisen,DEN,DF,Toulouse,27-167,1997,2.0,0,0,0,3,3,0,0,1,3,0,0,0,8,4,3,57.1,Matches,FRA-L1,24-25
7b9a9e25,234,Arnaud Nordin,FRA,FW,Montpellier,26-074,1998,1.7,1,0,0,2,5,0,2,0,1,0,0,0,2,1,3,25.0,Matches,FRA-L1,24-25
234a703c,235,Ernest Nuamah,GHA,FW,Lyon,20-303,2003,1.0,0,0,0,0,2,1,1,1,1,0,0,0,7,1,1,50.0,Matches,FRA-L1,24-25
165787d9,236,Marwann Nzuzi,FRA,DF,Saint-Étienne,20-106,2004,1.4,2,0,0,2,1,0,1,2,2,0,0,0,3,2,1,66.7,Matches,FRA-L1,24-25
039f1983,237,Joseph Okumu,KEN,DF,Reims,27-096,1997,2.0,0,0,0,0,3,0,0,4,2,0,0,0,10,1,0,100.0,Matches,FRA-L1,24-25
e14e818c,238,Ben Old,NZL,MF,Saint-Étienne,22-017,2002,1.7,0,0,0,1,3,0,0,0,3,0,0,0,6,0,0,,Matches,FRA-L1,24-25
c284d6fb,239,Becir Omeragic,SUI,DF,Montpellier,22-223,2002,2.0,0,0,0,2,1,0,0,2,3,0,0,0,8,1,2,33.3,Matches,FRA-L1,24-25
ff4df82e,240,Ado Onaiwu,JPN,"FW,MF",Auxerre,28-296,1995,1.6,0,1,0,2,1,0,0,0,3,0,0,0,10,5,4,55.6,Matches,FRA-L1,24-25
914bb955,241,Christopher Operi,CIV,DF,Le Havre,27-123,1997,1.0,0,0,0,0,0,0,4,1,0,0,0,0,4,1,0,100.0,Matches,FRA-L1,24-25
cbfb7cd7,242,Victor Orakpo,NGA,FW,Nice,18-077,2006,0.1,0,0,0,0,0,0,0,0,0,0,0,0,1,0,0,,Matches,FRA-L1,24-25
cd889153,243,Gabriel Osho,NGA,DF,Auxerre,26-016,1998,2.0,0,0,0,2,1,0,0,1,0,0,0,0,4,3,1,75.0,Matches,FRA-L1,24-25
967bb460,244,Jibril Othman,TUN,FW,Saint-Étienne,20-126,2004,0.1,0,0,0,0,0,0,0,0,0,0,0,0,1,0,0,,Matches,FRA-L1,24-25
6620c21a,245,Kassoum Ouattara,FRA,FW,Monaco,19-321,2004,0.2,0,0,0,1,0,0,0,0,0,0,0,0,2,0,1,0.0,Matches,FRA-L1,24-25
6b4436ba,246,Zinédine Ould Khaled,FRA,MF,Angers,24-229,2000,0.6,1,0,0,3,1,0,0,0,1,0,0,0,2,1,1,50.0,Matches,FRA-L1,24-25
32c61db3,247,Beres Owusu,FRA,DF,Saint-Étienne,20-346,2003,1.0,0,0,0,1,1,0,1,0,2,0,0,0,2,2,0,100.0,Matches,FRA-L1,24-25
e2781082,248,Elisha Owusu,GHA,MF,Auxerre,26-297,1997,1.9,0,0,0,3,2,0,0,5,3,0,0,0,12,4,1,80.0,Matches,FRA-L1,24-25
ecbe2839,249,Willian Pacho,ECU,DF,Paris S-G,22-319,2001,2.0,0,0,0,3,1,0,0,7,2,0,0,0,8,4,3,57.1,Matches,FRA-L1,24-25
779847d6,250,Nicolas Pallois,FRA,FW,Nantes,36-346,1987,0.0,0,0,0,0,0,0,0,0,0,0,0,0,0,0,0,,Matches,FRA-L1,24-25
ff1f24ca,251,Kévin Pedro,FRA,DF,Saint-Étienne,18-191,2006,0.1,0,0,0,1,0,0,1,2,0,0,0,0,2,0,0,,Matches,FRA-L1,24-25
97fb4608,252,Théo Pellenard,FRA,DF,Auxerre,30-179,1994,0.4,0,0,0,3,1,0,2,0,2,0,0,0,0,0,0,,Matches,FRA-L1,24-25
58aae0a9,253,Faris Pemi Moumbagna,CMR,FW,Marseille,24-060,2000,0.1,0,0,0,1,0,0,0,0,0,0,0,0,0,0,0,,Matches,FRA-L1,24-25
8846a40f,254,Mathias Pereira Lage,POR,"MF,FW",Brest,27-274,1996,0.9,1,0,0,1,0,0,2,1,0,0,0,0,2,3,1,75.0,Matches,FRA-L1,24-25
5dbd461a,255,Lucas Perri,BRA,GK,Lyon,26-264,1997,2.0,0,0,0,0,0,0,0,0,0,0,0,0,1,0,0,,Matches,FRA-L1,24-25
10dd88f9,256,Gaëtan Perrin,FRA,"MF,FW",Auxerre,28-084,1996,1.8,0,0,0,0,0,0,16,1,2,0,0,0,9,0,0,,Matches,FRA-L1,24-25
f63cda26,257,Gonçalo Ramos,POR,FW,Paris S-G,23-071,2001,0.2,0,0,0,0,2,1,0,0,0,0,0,0,0,1,0,100.0,Matches,FRA-L1,24-25
79a793b7,258,Lilian Raolisoa,FRA,DF,Angers,24-075,2000,0.2,0,0,0,0,0,0,1,0,0,0,0,0,0,1,0,100.0,Matches,FRA-L1,24-25
fb3236a7,259,Rayan Raveloson,MAD,MF,Auxerre,27-227,1997,2.0,1,0,0,1,5,0,2,1,2,0,0,0,13,0,1,0.0,Matches,FRA-L1,24-25
6b91b999,260,Guillaume Restes,FRA,GK,Toulouse,19-172,2005,2.0,0,0,0,0,1,0,0,0,0,0,0,0,5,0,0,,Matches,FRA-L1,24-25
102c9665,261,Alexsandro Ribeiro,BRA,DF,Lille,25-021,1999,2.0,0,0,0,1,1,0,1,2,3,0,0,0,14,3,0,100.0,Matches,FRA-L1,24-25
ed45c4a5,262,Valentin Rongier,FRA,MF,Marseille,29-267,1994,0.0,0,0,0,0,0,0,0,0,0,0,0,0,2,0,1,0.0,Matches,FRA-L1,24-25
1a6b7ea4,263,Pablo Rosario,NED,"MF,DF",Nice,27-236,1997,2.0,1,0,0,3,1,0,0,2,1,0,0,0,5,2,2,50.0,Matches,FRA-L1,24-25
8c12f884,264,Jon Rowe,ENG,FW,Marseille,21-122,2003,0.3,0,0,0,0,0,0,1,0,0,0,0,0,0,0,0,,Matches,FRA-L1,24-25
c0c7ff58,265,Fabián Ruiz Peña,ESP,MF,Paris S-G,28-149,1996,0.3,0,0,0,0,0,0,1,0,0,0,0,0,1,0,0,,Matches,FRA-L1,24-25
625c144a,266,Gerónimo Rulli,ARG,GK,Marseille,32-102,1992,2.0,0,0,0,0,1,0,0,0,0,0,0,0,1,0,0,,Matches,FRA-L1,24-25
2e1b7c83,267,Emmanuel Sabbi,USA,"DF,FW",Le Havre,26-250,1997,0.2,0,0,0,0,0,0,2,0,1,0,0,0,0,0,0,,Matches,FRA-L1,24-25
6388e356,268,Falaye Sacko,MLI,DF,Montpellier,29-121,1995,2.0,1,0,0,5,0,1,1,3,2,0,0,0,8,0,2,0.0,Matches,FRA-L1,24-25
76d679c7,269,Modibo Sagnan,MLI,DF,Montpellier,25-138,1999,2.0,1,0,0,6,2,0,0,3,3,0,0,0,10,1,4,20.0,Matches,FRA-L1,24-25
6f9fa232,270,Osame Sahraoui,NOR,MF,Lille,23-080,2001,2.0,0,0,0,1,2,0,4,1,1,0,0,0,9,0,1,0.0,Matches,FRA-L1,24-25
90fcf472,271,Wesley Saïd,FRA,FW,Lens,29-133,1995,0.8,0,0,0,2,0,1,2,0,0,0,0,0,1,1,0,100.0,Matches,FRA-L1,24-25
bc7cc472,272,Amine Salama,FRA,FW,Reims,24-043,2000,0.3,0,0,0,0,0,0,0,0,0,0,0,0,1,0,0,,Matches,FRA-L1,24-25
0b33f6ad,273,Mohammed Salisu,GHA,DF,Monaco,25-135,1999,2.0,1,0,0,0,0,0,0,0,1,0,0,0,8,4,1,80.0,Matches,FRA-L1,24-25
c3725db2,274,Yoann Salmier,GUF,DF,Le Havre,31-283,1992,0.2,0,0,0,0,0,0,0,0,0,0,0,0,0,2,0,100.0,Matches,FRA-L1,24-25
fb14aa28,275,Mama Samba Baldé,GNB,FW,Lyon,28-298,1995,0.4,0,0,0,1,1,0,0,1,2,0,0,0,1,1,0,100.0,Matches,FRA-L1,24-25
60d90c55,276,Brice Samba,FRA,GK,Lens,30-127,1994,2.0,0,0,0,0,0,0,0,0,0,0,0,0,1,0,0,,Matches,FRA-L1,24-25
17bb562c,277,Arouna Sangante,SEN,DF,Le Havre,22-140,2002,0.8,1,0,0,1,1,0,0,1,0,0,0,0,1,2,1,66.7,Matches,FRA-L1,24-25
3f465a66,278,Nhoa Sangui,FRA,DF,Reims,18-185,2006,1.3,0,0,0,0,0,0,1,0,1,0,0,0,3,0,0,,Matches,FRA-L1,24-25
5e22e2a4,279,Baptiste Santamaria,FRA,MF,Rennes,29-174,1995,0.1,0,0,0,0,0,0,0,0,1,0,0,0,3,1,1,50.0,Matches,FRA-L1,24-25
dd745366,280,Andrey Santos,BRA,MF,Strasbourg,20-119,2004,1.0,0,0,0,1,4,0,0,0,1,0,0,0,8,1,1,50.0,Matches,FRA-L1,24-25
3eeebc87,281,Tiago Santos,POR,DF,Lille,22-038,2002,1.1,0,0,0,3,3,1,4,1,1,0,0,0,5,3,2,60.0,Matches,FRA-L1,24-25
86383d0e,282,Martin Satriano,URU,FW,Lens,23-192,2001,0.2,0,0,0,0,0,0,0,0,1,0,0,0,1,1,1,50.0,Matches,FRA-L1,24-25
6bde367b,283,Téji Savanier,FRA,MF,Montpellier,32-252,1991,1.9,0,0,0,3,4,0,13,0,2,0,0,0,11,0,1,0.0,Matches,FRA-L1,24-25
b9ae8560,284,Niklas Schmidt,GER,MF,Toulouse,26-182,1998,0.8,0,0,0,1,1,0,8,0,2,0,0,0,9,0,0,,Matches,FRA-L1,24-25
0b6911e4,285,Jérémy Sebas,MTQ,DF,Strasbourg,21-138,2003,0.0,0,0,0,0,1,0,0,0,0,0,0,0,1,0,0,,Matches,FRA-L1,24-25
cea59f02,286,Alidu Seidu,GHA,DF,Rennes,24-087,2000,1.6,1,0,0,1,4,0,2,3,2,0,0,0,4,1,1,50.0,Matches,FRA-L1,24-25
1d383c10,287,Marvin Senaya,TOG,DF,Strasbourg,23-215,2001,0.6,0,0,0,1,2,0,0,2,1,0,0,0,2,2,0,100.0,Matches,FRA-L1,24-25
4c5b714f,288,Djibril Sidibé,FRA,"MF,DF",Toulouse,32-032,1992,0.1,0,0,0,0,0,0,0,0,0,0,0,0,2,2,0,100.0,Matches,FRA-L1,24-25
92ffb8f9,289,Vincent Sierro,SUI,MF,Toulouse,28-327,1995,1.2,0,0,0,1,0,0,6,0,0,0,0,0,7,1,1,50.0,Matches,FRA-L1,24-25
fdbde523,290,Abdallah Sima,SEN,MF,Brest,23-074,2001,0.3,0,0,0,0,2,0,1,0,0,0,0,0,1,2,2,50.0,Matches,FRA-L1,24-25
5f3eaaf5,291,Moses Simon,NGA,FW,Nantes,29-049,1995,1.7,0,0,0,1,1,0,6,1,1,0,0,0,18,0,6,0.0,Matches,FRA-L1,24-25
5e5249c8,292,Lassine Sinayoko,MLI,"FW,MF",Auxerre,24-266,1999,2.0,0,0,0,3,4,2,4,1,4,0,0,0,7,2,3,40.0,Matches,FRA-L1,24-25
8b609c34,293,Wilfried Singo,CIV,MF,Monaco,23-249,2000,0.1,0,0,0,0,0,0,0,0,0,0,0,0,1,1,0,100.0,Matches,FRA-L1,24-25
a170541f,294,Ibrahim Sissoko,MLI,FW,Saint-Étienne,28-277,1995,1.8,0,0,0,5,1,4,0,0,2,0,0,0,5,5,10,33.3,Matches,FRA-L1,24-25
b35a7399,295,Leo Skiri Østigård,NOR,DF,Rennes,24-276,1999,2.0,2,0,0,2,3,0,0,2,4,0,0,0,13,2,1,66.7,Matches,FRA-L1,24-25
d7547531,296,Naatan Skyttä,FIN,FW,Toulouse,22-115,2002,0.1,0,0,0,1,0,0,0,0,0,0,0,0,1,0,0,,Matches,FRA-L1,24-25
7a42d0df,297,Florian Sotoca,FRA,FW,Lens,33-310,1990,2.0,0,0,0,0,4,1,5,1,1,0,0,0,7,5,3,62.5,Matches,FRA-L1,24-25
1d8aa290,298,Issa Soumaré,SEN,"MF,FW",Le Havre,23-325,2000,0.2,0,0,0,0,0,0,0,0,0,0,0,0,2,1,3,25.0,Matches,FRA-L1,24-25
f6b94e8d,299,Saidou Sow,GUI,DF,Strasbourg,22-057,2002,2.0,0,0,0,1,1,0,0,2,2,0,0,0,2,3,6,33.3,Matches,FRA-L1,24-25
c2e3ceb7,300,Enzo Sternal,FRA,FW,Marseille,17-094,2007,0.1,0,0,0,0,0,0,0,0,0,0,0,0,0,0,1,0.0,Matches,FRA-L1,24-25
39b326ed,301,Gabriel Suazo,CHI,"MF,DF",Toulouse,27-021,1997,0.6,0,0,0,0,0,0,6,0,1,0,0,0,2,0,1,0.0,Matches,FRA-L1,24-25
29c91632,302,Abakar Sylla,CIV,DF,Strasbourg,21-249,2002,1.5,1,0,0,4,3,0,0,1,4,0,0,0,7,6,1,85.7,Matches,FRA-L1,24-25
f15f8b2b,303,Musa Al-Taamari,JOR,FW,Montpellier,27-081,1997,1.3,1,0,0,2,2,0,1,1,0,0,0,0,3,0,2,0.0,Matches,FRA-L1,24-25
ed39121c,304,Florian Tardieu,FRA,MF,Saint-Étienne,32-130,1992,1.6,0,0,0,1,2,0,1,3,0,0,0,0,16,1,1,50.0,Matches,FRA-L1,24-25
abd56820,305,Oussama Targhalline,MAR,MF,Le Havre,22-102,2002,0.8,0,0,0,2,0,0,0,1,1,0,0,0,3,0,0,,Matches,FRA-L1,24-25
7f783431,306,Enzo Tchato,CMR,DF,Montpellier,21-281,2002,2.0,0,0,0,3,4,0,8,1,1,0,0,0,5,0,1,0.0,Matches,FRA-L1,24-25
82e9b1bb,307,Jordan Teze,NED,DF,Monaco,24-335,1999,0.3,0,0,0,0,0,0,0,0,0,0,0,0,1,0,0,,Matches,FRA-L1,24-25
8725a42e,308,Sorba Thomas,WAL,FW,Nantes,25-008,1999,1.8,0,0,0,0,1,1,16,1,1,0,0,0,11,0,2,0.0,Matches,FRA-L1,24-25
c76b7567,309,Adrien Thomasson,FRA,MF,Lens,30-264,1993,2.0,0,0,0,4,1,0,2,3,3,0,0,0,11,2,6,25.0,Matches,FRA-L1,24-25
652d4c37,310,Corentin Tolisso,FRA,MF,Lyon,30-027,1994,0.2,1,0,0,0,1,0,0,0,1,0,0,0,1,1,1,50.0,Matches,FRA-L1,24-25
ef7cd87a,311,Abdoulaye Touré,GUI,MF,Le Havre,30-180,1994,2.0,0,0,0,3,1,0,0,3,2,0,0,0,12,2,1,66.7,Matches,FRA-L1,24-25
5d0e0a1f,312,Adrien Truffert,FRA,"MF,DF",Rennes,22-284,2001,1.0,0,0,0,2,1,1,1,0,0,0,0,0,8,2,1,66.7,Matches,FRA-L1,24-25
ee45fd85,313,Vanderson,BRA,DF,Monaco,23-070,2001,1.7,0,0,0,3,2,0,6,2,5,0,0,0,11,4,1,80.0,Matches,FRA-L1,24-25
88fe0c2d,314,Ben Viadere,FRA,MF,Auxerre,18-363,2005,0.1,0,0,0,0,0,0,4,0,0,0,0,0,0,0,1,0.0,Matches,FRA-L1,24-25
3b029691,315,Vitinha,POR,MF,Paris S-G,24-199,2000,2.0,0,0,0,1,2,0,0,0,2,0,0,0,10,0,1,0.0,Matches,FRA-L1,24-25
c844f6f9,316,Ibrahima Wadji,SEN,FW,Saint-Étienne,29-117,1995,0.1,0,0,0,0,0,0,0,0,0,0,0,0,1,0,0,,Matches,FRA-L1,24-25
0d7b6576,317,Elye Wahi,FRA,FW,Marseille,21-241,2003,1.5,0,0,0,4,3,3,0,0,0,0,0,0,0,1,0,100.0,Matches,FRA-L1,24-25
64796fe0,318,Caleb Wiley,USA,DF,Strasbourg,19-252,2004,1.9,0,0,0,1,2,0,4,1,0,0,0,0,9,0,1,0.0,Matches,FRA-L1,24-25
b003239d,319,Christopher Wooh,CMR,DF,Rennes,22-347,2001,2.0,1,0,0,3,1,0,0,2,2,0,0,1,4,6,1,85.7,Matches,FRA-L1,24-25
12a4e38c,320,Etienne Youte Kinkoue,FRA,DF,Le Havre,22-229,2002,2.0,1,0,0,2,0,0,0,3,1,0,0,0,4,0,1,0.0,Matches,FRA-L1,24-25
5ce497e2,321,Yoram Zague,FRA,DF,Paris S-G,18-107,2006,0.8,0,0,0,0,0,0,0,0,2,0,0,0,3,0,0,,Matches,FRA-L1,24-25
6b9960cf,322,Warren Zaïre-Emery,FRA,MF,Paris S-G,18-175,2006,1.9,0,0,0,3,1,0,1,0,1,0,0,0,16,1,1,50.0,Matches,FRA-L1,24-25
384d58d9,323,Denis Zakaria,SUI,MF,Monaco,27-284,1996,1.8,0,0,0,0,2,0,1,4,1,0,0,0,15,2,1,66.7,Matches,FRA-L1,24-25
07d65234,324,Anass Zaroury,MAR,MF,Lens,23-297,2000,0.7,0,0,0,0,2,0,2,0,1,0,0,0,2,0,0,,Matches,FRA-L1,24-25
fb4c5b6e,325,Nathan Zeze,FRA,DF,Nantes,19-073,2005,2.0,1,0,0,1,1,0,0,5,2,0,0,0,6,3,3,50.0,Matches,FRA-L1,24-25
3725b44f,326,Luc Zogbé,CIV,DF,Brest,19-159,2005,0.1,0,0,0,1,1,0,1,1,0,0,0,0,1,0,0,,Matches,FRA-L1,24-25
ec724366,327,Yanis Zouaoui,ALG,DF,Le Havre,30-051,1994,0.8,0,0,0,0,1,1,9,0,0,0,0,0,2,0,1,0.0,Matches,FRA-L1,24-25
