id,Unnamed: 0_level_0,Unnamed: 1_level_0,Unnamed: 2_level_0,Unnamed: 3_level_0,Unnamed: 4_level_0,Unnamed: 5_level_0,Unnamed: 6_level_0,Unnamed: 7_level_0,Performance,Performance,Performance,Performance,Performance,Performance,Performance,Performance,Performance,Performance,Performance,Performance,Performance,Aerial Duels,Aerial Duels,Aerial Duels,Unnamed: 24_level_0,Unnamed: league,Unnamed: season
,Rk,Player,Nation,Pos,Squad,Age,Born,90s,CrdY,CrdR,2CrdY,Fls,Fld,Off,Crs,Int,TklW,PKwon,PKcon,OG,Recov,Won,Lost,Won%,Matches,league,season
565bf0da,1,David Abraham,ARG,DF,Eint Frankfurt,31,1986,25.6,3,0,0,11,20,0,7,40,32,0,0,1,113,78,42,65.0,Matches,GER-BL1,17-18
1c08a3c8,2,Amir Abrashi,ALB,MF,Freiburg,27,1990,9.4,2,0,0,20,27,0,5,19,32,0,0,0,55,17,17,50.0,Matches,GER-BL1,17-18
f71890f5,3,René Adler,GER,GK,Mainz 05,32,1985,14.0,0,0,0,1,4,0,0,0,1,0,1,0,33,5,0,100.0,Matches,GER-BL1,17-18
74ced675,4,Ailton,BRA,"DF,MF",Stuttgart,22,1995,1.2,0,0,0,3,3,0,3,2,5,0,0,0,9,4,2,66.7,Matches,GER-BL1,17-18
89ac64a6,5,Manuel Akanji,SUI,DF,Dortmund,22,1995,10.0,2,0,0,9,4,0,1,7,15,0,0,0,35,14,15,48.3,Matches,GER-BL1,17-18
debc2f28,6,Chadrac Akolo,COD,"MF,FW",Stuttgart,22,1995,12.2,2,0,0,13,12,8,14,5,14,0,0,0,43,10,25,28.6,Matches,GER-BL1,17-18
6ec6fde0,7,Kevin Akpoguma,NGA,DF,Hoffenheim,22,1995,18.8,1,0,0,22,17,1,6,22,39,0,0,1,91,27,21,56.3,Matches,GER-BL1,17-18
05439de2,8,David Alaba,AUT,DF,Bayern Munich,25,1992,17.2,1,0,0,9,6,2,94,10,14,0,0,0,85,15,17,46.9,Matches,GER-BL1,17-18
834d0be5,9,Lucas Alario,ARG,FW,Leverkusen,24,1992,17.2,4,1,0,40,41,14,3,4,10,1,0,0,38,47,92,33.8,Matches,GER-BL1,17-18
d459281d,10,Miiko Albornoz,CHI,"DF,MF",Hannover 96,26,1990,7.8,1,0,0,9,14,0,23,5,20,0,0,0,31,10,17,37.0,Matches,GER-BL1,17-18
77e84962,11,Thiago Alcántara,ESP,"MF,FW",Bayern Munich,26,1991,13.9,3,0,0,24,14,1,13,27,35,1,0,0,77,21,17,55.3,Matches,GER-BL1,17-18
2930c9d8,12,Stephan Ambrosius,GHA,DF,Hamburger SV,18,1998,0.5,0,0,0,0,0,1,0,1,0,0,0,0,3,0,2,0.0,Matches,GER-BL1,17-18
555d5edd,13,Nadiem Amiri,GER,MF,Hoffenheim,20,1996,19.4,4,0,0,42,38,3,49,17,26,0,0,0,106,6,14,30.0,Matches,GER-BL1,17-18
5e66fa06,14,Waldemar Anton,GER,"DF,MF",Hannover 96,21,1996,25.3,1,0,0,20,30,0,8,39,49,0,1,0,154,73,46,61.3,Matches,GER-BL1,17-18
c311243f,15,Dennis Aogo,GER,"MF,DF",Stuttgart,30,1987,21.7,5,0,0,33,12,0,104,29,26,0,1,0,96,11,12,47.8,Matches,GER-BL1,17-18
56413b1f,16,Charles Aránguiz,CHI,MF,Leverkusen,28,1989,25.6,4,0,0,41,52,1,22,48,61,0,1,0,177,13,29,31.0,Matches,GER-BL1,17-18
86e119e0,17,Maximilian Arnold,GER,MF,Wolfsburg,23,1994,27.3,9,1,0,52,80,3,114,28,41,0,1,0,127,21,34,38.2,Matches,GER-BL1,17-18
c21fb312,18,Jann-Fiete Arp,GER,"FW,MF",Hamburger SV,17,2000,9.4,1,0,0,22,18,3,2,2,5,0,0,0,17,18,46,28.1,Matches,GER-BL1,17-18
13ddc856,19,Takuma Asano,JPN,"FW,MF",Stuttgart,22,1994,8.0,1,0,0,11,8,13,11,3,5,0,0,0,32,6,31,16.2,Matches,GER-BL1,17-18
e26fcca3,20,Santiago Ascacíbar,ARG,MF,Stuttgart,20,1997,26.5,11,1,1,34,58,0,7,47,65,1,0,0,161,27,36,42.9,Matches,GER-BL1,17-18
dfc85b89,21,Simon Asta,GER,MF,Augsburg,16,2001,0.1,0,0,0,0,0,0,0,0,1,0,0,0,0,0,0,,Matches,GER-BL1,17-18
d5dd5f1f,22,Pierre-Emerick Aubameyang,GAB,FW,Dortmund,28,1989,15.7,1,1,1,17,8,14,23,3,5,1,0,0,16,24,31,43.6,Matches,GER-BL1,17-18
97bfa797,23,Jean-Kévin Augustin,FRA,FW,RB Leipzig,20,1997,14.1,1,0,0,21,43,13,12,4,11,2,0,0,29,17,51,25.0,Matches,GER-BL1,17-18
9fec8860,24,Ludwig Augustinsson,SWE,"DF,FW",Werder Bremen,23,1994,28.1,3,0,0,29,14,4,117,39,34,0,0,0,90,42,44,48.8,Matches,GER-BL1,17-18
3963c25b,25,Yann Aurel Bisseck,GER,"DF,MF",Köln,16,2000,1.7,0,0,0,1,1,0,1,3,2,0,0,0,6,5,2,71.4,Matches,GER-BL1,17-18
45b7edae,26,Holger Badstuber,GER,"DF,MF",Stuttgart,28,1989,24.1,2,0,0,22,17,0,2,41,32,0,0,0,119,58,30,65.9,Matches,GER-BL1,17-18
f261abcb,27,Daniel Baier,GER,MF,Augsburg,33,1984,28.2,6,0,0,45,57,0,29,57,62,0,0,0,213,29,38,43.3,Matches,GER-BL1,17-18
3a233281,28,Leon Bailey,JAM,"FW,DF",Leverkusen,19,1997,24.6,2,0,0,26,31,5,196,15,12,0,0,0,131,23,26,46.9,Matches,GER-BL1,17-18
04c11885,29,Marvin Bakalorz,GER,MF,Hannover 96,27,1989,22.8,4,0,0,33,53,3,11,20,25,0,0,0,91,32,27,54.2,Matches,GER-BL1,17-18
442b56fa,30,Ridle Baku,GER,MF,Mainz 05,19,1998,2.6,1,0,0,5,4,1,3,3,3,0,0,0,16,2,5,28.6,Matches,GER-BL1,17-18
78e68b4d,31,Leon Balogun,NGA,DF,Mainz 05,29,1988,13.0,5,1,1,23,4,0,2,32,32,0,2,0,52,43,28,60.6,Matches,GER-BL1,17-18
3f7cd8f1,32,Philipp Bargfrede,GER,MF,Werder Bremen,28,1989,20.7,5,0,0,42,27,0,4,47,45,0,0,0,139,39,35,52.7,Matches,GER-BL1,17-18
a2a85828,33,Aymen Barkok,MAR,"FW,MF",Eint Frankfurt,19,1998,3.5,1,0,0,6,2,3,4,2,11,0,0,0,21,4,9,30.8,Matches,GER-BL1,17-18
acc7b7ec,34,Fin Bartels,GER,FW,Werder Bremen,30,1987,12.5,0,0,0,10,15,5,13,7,9,0,0,0,32,8,12,40.0,Matches,GER-BL1,17-18
b742cc0d,35,Marc Bartra,ESP,DF,Dortmund,26,1991,9.0,1,0,0,10,9,1,7,28,19,0,0,0,41,36,18,66.7,Matches,GER-BL1,17-18
2973d8ff,36,Michy Batshuayi,BEL,FW,Dortmund,23,1993,9.3,2,0,0,17,3,12,0,0,6,0,0,0,14,16,20,44.4,Matches,GER-BL1,17-18
9b88e120,37,Robert Bauer,GER,"DF,FW",Werder Bremen,22,1995,10.6,4,0,0,13,11,0,16,21,25,0,0,0,54,9,13,40.9,Matches,GER-BL1,17-18
47064058,38,Oliver Baumann,GER,GK,Hoffenheim,27,1990,34.0,0,0,0,0,5,0,0,1,0,0,0,0,83,8,1,88.9,Matches,GER-BL1,17-18
bd7d2e6d,39,Timo Baumgartl,GER,DF,Stuttgart,21,1996,29.0,4,0,0,40,28,1,8,34,71,0,1,0,109,73,44,62.4,Matches,GER-BL1,17-18
69374ff5,40,Julian Baumgartlinger,AUT,"MF,DF",Leverkusen,29,1988,15.5,3,0,0,18,26,0,2,18,37,1,0,0,100,14,16,46.7,Matches,GER-BL1,17-18
fbbc8e15,41,Noah Joel Sarenren Bazee,NGA,"FW,MF",Hannover 96,20,1996,1.3,1,0,0,3,5,2,5,0,0,0,0,0,3,3,4,42.9,Matches,GER-BL1,17-18
da59a197,42,Riechedly Bazoer,NED,MF,Wolfsburg,20,1996,6.6,2,0,0,11,13,2,3,8,7,1,0,0,21,2,9,18.2,Matches,GER-BL1,17-18
a53b661f,43,Ihlas Bebou,TOG,"MF,FW",Hannover 96,23,1994,23.8,3,0,0,20,43,7,55,24,29,0,0,0,125,60,60,50.0,Matches,GER-BL1,17-18
00a6485f,44,Andreas Beck,GER,DF,Stuttgart,30,1987,21.4,5,0,0,34,47,1,69,19,29,0,0,0,80,47,43,52.2,Matches,GER-BL1,17-18
ff182fdc,45,Ishak Belfodil,ALG,FW,Werder Bremen,25,1992,15.0,1,0,0,64,14,21,23,1,6,0,0,0,34,73,66,52.5,Matches,GER-BL1,17-18
857a5abe,46,Stefan Bell,GER,DF,Mainz 05,25,1991,24.2,8,0,0,45,19,1,1,46,25,0,0,1,107,83,47,63.8,Matches,GER-BL1,17-18
bee0bab1,47,Karim Bellarabi,GER,"MF,FW",Leverkusen,27,1990,12.7,2,0,0,19,21,3,56,13,17,0,0,0,58,2,6,25.0,Matches,GER-BL1,17-18
c50281a0,48,Lars Bender,GER,"DF,MF",Leverkusen,28,1989,17.7,5,0,0,10,23,1,33,28,52,0,0,0,68,35,25,58.3,Matches,GER-BL1,17-18
070ec0b1,49,Sven Bender,GER,DF,Leverkusen,28,1989,26.1,0,0,0,19,18,2,0,50,37,0,0,0,121,78,63,55.3,Matches,GER-BL1,17-18
fe888e39,50,László Bénes,SVK,MF,Gladbach,19,1997,0.4,0,0,0,2,1,0,1,1,0,0,0,0,2,0,0,,Matches,GER-BL1,17-18
379c0717,51,Marcel Benger,GER,MF,Gladbach,19,1998,0.0,0,0,0,0,0,0,0,0,0,0,0,0,1,0,0,,Matches,GER-BL1,17-18
fc93fdf1,52,Charlison Benschop,CUW,"MF,DF",Hannover 96,27,1989,2.0,0,0,0,4,1,0,3,2,4,0,0,0,8,4,4,50.0,Matches,GER-BL1,17-18
3189f61a,53,Nabil Bentaleb,ALG,MF,Schalke 04,22,1994,11.2,3,1,0,25,6,1,4,23,22,0,0,0,86,12,5,70.6,Matches,GER-BL1,17-18
8be4fd6a,54,Emil Berggreen,DEN,FW,Mainz 05,24,1993,7.4,2,0,0,21,5,2,2,1,2,0,0,0,16,45,45,50.0,Matches,GER-BL1,17-18
17370b95,55,Bernardo,BRA,DF,RB Leipzig,22,1995,15.0,2,0,0,28,19,2,20,18,30,0,1,0,79,49,20,71.0,Matches,GER-BL1,17-18
433dc9a2,56,Juan Bernat,ESP,"DF,FW",Bayern Munich,24,1993,9.9,1,0,0,5,12,1,23,10,19,0,0,0,34,11,17,39.3,Matches,GER-BL1,17-18
7aac47fe,57,Ermin Bičakčić,BIH,DF,Hoffenheim,27,1990,6.1,4,0,0,10,4,0,0,9,15,0,1,0,18,12,13,48.0,Matches,GER-BL1,17-18
dc62fbee,58,Leonardo Bittencourt,GER,"MF,FW",Köln,23,1993,17.9,4,0,0,34,41,7,57,17,42,0,0,0,82,5,12,29.4,Matches,GER-BL1,17-18
9ab48bde,59,Pablo de Blasis,ARG,"FW,MF",Mainz 05,29,1988,18.4,2,0,0,26,23,12,20,10,23,1,0,0,110,25,55,31.3,Matches,GER-BL1,17-18
eb61713c,60,Danny Blum,GER,"MF,DF",Eint Frankfurt,26,1991,0.3,0,0,0,3,0,0,0,1,0,0,0,0,2,0,2,0.0,Matches,GER-BL1,17-18
2db2fd7b,61,Jérôme Boateng,GER,DF,Bayern Munich,28,1988,18.2,4,0,0,14,7,0,19,21,18,0,0,0,106,33,13,71.7,Matches,GER-BL1,17-18
f4ec4fd0,62,Kevin-Prince Boateng,GHA,"MF,FW",Eint Frankfurt,30,1987,26.2,4,0,0,72,95,14,17,23,22,0,1,0,142,62,78,44.3,Matches,GER-BL1,17-18
9b285700,63,Raúl Bobadilla,PAR,"FW,MF",Gladbach,30,1987,5.0,2,0,0,17,12,5,3,0,6,0,0,0,13,5,16,23.8,Matches,GER-BL1,17-18
a167537f,64,Julian Brandt,GER,"FW,MF",Leverkusen,21,1996,25.8,0,0,0,12,19,1,115,16,18,1,0,0,119,20,29,40.8,Matches,GER-BL1,17-18
d4a2533d,65,Josip Brekalo,CRO,FW,Wolfsburg,19,1998,9.7,2,0,0,9,12,1,37,4,12,0,0,0,35,1,10,9.1,Matches,GER-BL1,17-18
d4a2533d,66,Josip Brekalo,CRO,"MF,FW",Stuttgart,19,1998,8.1,1,0,0,11,23,2,34,3,12,0,0,0,39,8,9,47.1,Matches,GER-BL1,17-18
e27da244,67,John Brooks,USA,DF,Wolfsburg,24,1993,8.1,1,0,0,9,9,0,0,10,13,0,0,0,27,19,8,70.4,Matches,GER-BL1,17-18
a7813ac4,68,Daniel Brosinski,GER,"DF,FW",Mainz 05,29,1988,27.8,0,0,0,16,26,5,171,24,35,0,0,0,102,29,47,38.2,Matches,GER-BL1,17-18
5caa62a7,69,Bruma,POR,"MF,FW",RB Leipzig,22,1994,17.9,0,0,0,11,32,4,32,12,16,0,0,0,116,0,13,0.0,Matches,GER-BL1,17-18
fbffc4b1,70,Jeffrey Bruma,NED,DF,Wolfsburg,25,1991,11.0,1,0,0,12,2,0,1,14,11,0,0,0,32,34,24,58.6,Matches,GER-BL1,17-18
4e204552,71,Jacob Bruun Larsen,DEN,"MF,DF",Stuttgart,18,1998,1.2,0,0,0,6,1,1,2,1,0,0,1,0,3,1,1,50.0,Matches,GER-BL1,17-18
4e204552,72,Jacob Bruun Larsen,DEN,DF,Dortmund,18,1998,0.1,0,0,0,1,0,0,0,0,1,0,0,0,1,0,0,,Matches,GER-BL1,17-18
32e96d52,73,Onur Bulut,TUR,FW,Freiburg,23,1994,0.4,0,0,0,0,0,0,1,0,0,0,0,0,2,0,2,0.0,Matches,GER-BL1,17-18
2bcc6d52,74,Guido Burgstaller,AUT,FW,Schalke 04,28,1989,25.8,8,0,0,43,52,30,21,10,9,0,0,0,81,32,81,28.3,Matches,GER-BL1,17-18
9d12e142,75,Roman Bürki,SUI,GK,Dortmund,26,1990,33.0,4,0,0,2,5,0,0,0,1,0,2,0,95,6,2,75.0,Matches,GER-BL1,17-18
0dabaf14,76,Dženis Burnić,BIH,MF,Stuttgart,19,1998,3.4,3,1,1,14,1,0,9,4,6,0,0,0,20,1,0,100.0,Matches,GER-BL1,17-18
2b350e6b,77,Jakub Błaszczykowski,POL,"FW,MF",Wolfsburg,31,1985,5.8,0,0,0,4,8,0,17,5,8,0,0,0,24,9,7,56.3,Matches,GER-BL1,17-18
c6637acf,78,Caiuby,BRA,FW,Augsburg,29,1988,31.7,8,0,0,68,48,7,57,15,40,0,0,0,137,159,137,53.7,Matches,GER-BL1,17-18
226008f1,79,Luca Caldirola,ITA,DF,Werder Bremen,26,1991,1.0,0,0,0,0,0,0,0,3,0,0,0,0,5,0,0,,Matches,GER-BL1,17-18
d1273f09,80,Daniel Caligiuri,ITA,"DF,MF",Schalke 04,29,1988,32.4,4,0,0,38,43,0,168,67,66,0,0,0,235,26,24,52.0,Matches,GER-BL1,17-18
8ed9b33a,81,Ignacio Camacho,ESP,"MF,DF",Wolfsburg,27,1990,10.6,1,0,0,14,22,1,0,41,21,0,0,0,29,54,19,74.0,Matches,GER-BL1,17-18
db401046,82,Koen Casteels,BEL,GK,Wolfsburg,25,1992,34.0,1,0,0,1,8,0,0,1,1,0,0,0,55,16,0,100.0,Matches,GER-BL1,17-18
68829001,83,Gonzalo Castro,GER,MF,Dortmund,30,1987,13.4,3,0,0,19,9,0,51,10,18,0,0,0,46,7,15,31.8,Matches,GER-BL1,17-18
33ec696b,84,Marijan Ćavar,BIH,MF,Eint Frankfurt,19,1998,0.4,0,0,0,0,0,0,0,0,0,0,0,0,2,0,0,,Matches,GER-BL1,17-18
b3b7f5a6,85,Timothy Chandler,USA,"DF,FW",Eint Frankfurt,27,1990,21.0,3,0,0,23,19,4,90,33,21,0,0,0,63,31,40,43.7,Matches,GER-BL1,17-18
ecab64a0,86,Per Ciljan Skjelbred,NOR,MF,Hertha BSC,30,1987,24.3,2,0,0,43,14,0,3,45,66,0,1,0,107,22,25,46.8,Matches,GER-BL1,17-18
612cb8d3,87,Christian Clemens,GER,"MF,FW",Köln,25,1991,7.2,2,0,0,13,6,0,38,4,11,0,0,0,30,4,10,28.6,Matches,GER-BL1,17-18
6d8f8441,88,Coke,ESP,MF,Schalke 04,30,1987,0.0,1,0,0,1,0,0,0,0,0,0,0,0,1,0,0,,Matches,GER-BL1,17-18
042e8a49,89,Kingsley Coman,FRA,"FW,MF",Bayern Munich,21,1996,12.8,0,0,0,7,20,2,57,7,10,1,0,0,62,15,11,57.7,Matches,GER-BL1,17-18
3e99c613,90,Marvin Compper,GER,DF,RB Leipzig,32,1985,1.0,0,0,0,1,0,0,0,0,2,0,0,0,3,4,1,80.0,Matches,GER-BL1,17-18
9f381d8b,91,Jhon Córdoba,COL,FW,Köln,24,1993,10.6,1,0,0,28,38,14,8,1,10,0,0,0,33,30,54,35.7,Matches,GER-BL1,17-18
229cd98a,92,Sergio Córdova,VEN,"FW,MF",Augsburg,19,1997,6.5,3,0,0,21,12,7,9,0,5,0,0,0,14,13,29,31.0,Matches,GER-BL1,17-18
5ddb8f9f,93,Danny da Costa,GER,"DF,FW",Eint Frankfurt,24,1993,13.4,1,0,0,11,5,0,35,13,34,0,0,0,55,20,22,47.6,Matches,GER-BL1,17-18
5722eced,94,Mickaël Cuisance,FRA,"MF,FW",Gladbach,17,1999,13.4,2,0,0,30,16,1,32,10,20,0,0,0,69,4,13,23.5,Matches,GER-BL1,17-18
db4ed67b,95,Mahmoud Dahoud,GER,MF,Dortmund,21,1996,12.7,4,0,0,31,8,0,6,12,23,0,0,0,80,3,11,21.4,Matches,GER-BL1,17-18
6e33125f,96,Kevin Danso,AUT,DF,Augsburg,18,1998,12.3,2,0,0,18,17,0,4,20,12,0,0,0,61,30,34,46.9,Matches,GER-BL1,17-18
db7161ed,97,Palkó Dárdai,HUN,"FW,MF",Hertha BSC,18,1999,0.3,1,0,0,1,1,0,0,0,0,0,0,0,0,0,3,0.0,Matches,GER-BL1,17-18
3eb0f2df,98,Vladimír Darida,CZE,MF,Hertha BSC,26,1990,18.2,2,0,0,31,37,1,22,24,28,0,1,0,101,14,25,35.9,Matches,GER-BL1,17-18
fe641c1a,99,Thomas Delaney,DEN,MF,Werder Bremen,25,1991,31.1,5,0,0,83,73,6,28,43,61,0,0,0,106,107,73,59.4,Matches,GER-BL1,17-18
54b4dc4e,100,Kerem Demirbay,GER,MF,Hoffenheim,24,1993,13.5,3,0,0,29,19,4,73,14,30,0,0,0,73,14,9,60.9,Matches,GER-BL1,17-18
dc3fa3b5,101,Diego Demme,GER,MF,RB Leipzig,25,1991,25.4,4,0,0,45,72,0,18,48,57,1,0,0,145,12,41,22.6,Matches,GER-BL1,17-18
549c6ba7,102,Franco Di Santo,ARG,"FW,MF",Schalke 04,28,1989,18.4,4,0,0,57,21,18,32,2,13,1,0,0,54,50,52,49.0,Matches,GER-BL1,17-18
fc62f087,103,Abdou Diallo,SEN,DF,Mainz 05,21,1996,26.8,5,0,0,59,9,5,24,50,53,0,1,0,110,75,38,66.4,Matches,GER-BL1,17-18
d3096421,104,Daniel Didavi,GER,MF,Wolfsburg,27,1990,24.9,4,0,0,37,48,7,95,7,19,1,0,0,90,15,36,29.4,Matches,GER-BL1,17-18
6873f3bc,105,Dennis Diekmeier,GER,DF,Hamburger SV,27,1989,20.8,4,0,0,18,33,5,86,16,43,0,1,0,62,32,17,65.3,Matches,GER-BL1,17-18
b5f63410,106,Landry Dimata,BEL,FW,Wolfsburg,19,1997,10.0,1,1,1,25,40,1,8,2,6,1,0,0,28,16,36,30.8,Matches,GER-BL1,17-18
22051fbe,107,Giulio Donati,ITA,"DF,FW",Mainz 05,27,1990,25.4,3,2,1,20,44,0,69,35,42,0,1,0,83,25,20,55.6,Matches,GER-BL1,17-18
7d841904,108,Ji Dong-won,KOR,"FW,MF",Augsburg,26,1991,0.2,0,0,0,2,0,0,1,1,1,0,0,0,1,0,1,0.0,Matches,GER-BL1,17-18
0f26fd24,109,Anastasios Donis,GRE,"MF,FW",Stuttgart,20,1996,10.5,1,0,0,18,15,3,41,9,14,0,0,0,40,9,16,36.0,Matches,GER-BL1,17-18
7f73bdf4,110,Niklas Dorsch,GER,MF,Bayern Munich,19,1998,1.0,0,0,0,2,0,0,0,1,1,0,0,0,7,0,1,0.0,Matches,GER-BL1,17-18
8954fddc,111,Mohamed Dräger,TUN,"MF,FW",Freiburg,21,1996,0.6,0,0,0,2,1,0,0,0,0,0,0,0,4,0,0,,Matches,GER-BL1,17-18
6fd8a334,112,Aleksandar Dragović,AUT,DF,Leverkusen,26,1991,0.5,0,0,0,1,1,0,0,0,0,0,0,0,3,1,2,33.3,Matches,GER-BL1,17-18
15ea94de,113,Josip Drmić,SUI,"FW,MF",Gladbach,24,1992,5.2,1,0,0,4,7,4,1,0,0,0,0,0,10,17,20,45.9,Matches,GER-BL1,17-18
f0797d57,114,Rick van Drongelen,NED,DF,Hamburger SV,18,1998,16.0,4,0,0,11,6,0,5,19,25,0,0,1,73,30,37,44.8,Matches,GER-BL1,17-18
79ca3e23,115,Ondrej Duda,SVK,MF,Hertha BSC,22,1994,8.3,3,0,0,23,17,1,6,4,12,0,0,0,38,13,26,33.3,Matches,GER-BL1,17-18
5603d397,116,Mandela Egbo,ENG,"DF,MF",Gladbach,19,1997,0.1,0,0,0,0,0,0,0,0,0,0,0,0,0,1,0,100.0,Matches,GER-BL1,17-18
d571df78,117,Johannes Eggestein,GER,"FW,DF",Werder Bremen,19,1998,1.1,0,0,0,0,2,0,3,1,0,0,0,0,4,0,7,0.0,Matches,GER-BL1,17-18
beb882a8,118,Maximilian Eggestein,GER,MF,Werder Bremen,20,1996,29.9,3,0,0,48,45,2,26,40,48,0,0,0,107,54,56,49.1,Matches,GER-BL1,17-18
f503ea63,119,Albin Ekdal,SWE,MF,Hamburger SV,28,1989,12.3,3,0,0,14,33,2,0,21,28,0,0,0,65,28,30,48.3,Matches,GER-BL1,17-18
eafac393,120,Josip Elez,CRO,DF,Hannover 96,23,1994,8.6,1,0,0,9,3,0,3,16,8,0,0,0,42,11,21,34.4,Matches,GER-BL1,17-18
48035304,121,Nico Elvedi,SUI,DF,Gladbach,20,1996,32.4,6,0,0,19,30,1,23,51,46,1,0,0,129,86,48,64.2,Matches,GER-BL1,17-18
0b4f388a,122,Breel Embolo,SUI,"FW,MF",Schalke 04,20,1997,10.2,4,0,0,42,30,11,7,6,10,2,0,0,38,13,30,30.2,Matches,GER-BL1,17-18
83e0eeb4,123,Michael Esser,GER,GK,Hannover 96,29,1987,3.0,0,0,0,0,0,0,0,0,0,0,0,0,10,2,0,100.0,Matches,GER-BL1,17-18
b48215cd,124,Alexander Esswein,GER,"FW,MF",Hertha BSC,27,1990,6.9,0,0,0,15,13,7,15,9,16,0,0,0,17,9,8,52.9,Matches,GER-BL1,17-18
44e471ca,125,Franck Evina,CMR,FW,Bayern Munich,17,2000,1.2,0,0,0,1,1,0,3,0,2,0,0,0,6,2,1,66.7,Matches,GER-BL1,17-18
e665a2db,126,Marco Fabián,MEX,"MF,FW",Eint Frankfurt,28,1989,4.7,0,0,0,10,8,2,12,3,3,0,0,0,18,5,12,29.4,Matches,GER-BL1,17-18
1e43fad8,127,Ralf Fährmann,GER,GK,Schalke 04,28,1988,33.5,1,0,0,0,10,0,0,1,0,0,0,0,31,9,0,100.0,Matches,GER-BL1,17-18
b82880c6,128,Simon Falette,GUI,DF,Eint Frankfurt,25,1992,24.6,10,1,0,39,25,0,10,58,30,0,0,0,104,72,32,69.2,Matches,GER-BL1,17-18
de164de6,129,Felipe,BRA,DF,Hannover 96,30,1987,5.1,0,0,0,9,9,0,4,11,8,0,0,0,14,12,5,70.6,Matches,GER-BL1,17-18
677da306,130,Ohis Felix Uduokhai,GER,DF,Wolfsburg,19,1997,17.3,2,1,1,18,11,1,1,34,23,0,0,0,67,36,22,62.1,Matches,GER-BL1,17-18
8e58987d,131,Gelson Fernandes,SUI,MF,Eint Frankfurt,30,1986,11.5,4,0,0,33,1,0,0,16,46,0,0,0,64,8,14,36.4,Matches,GER-BL1,17-18
f9e7c4ac,132,Alfreð Finnbogason,ISL,FW,Augsburg,28,1989,20.2,2,0,0,34,16,12,4,14,13,1,0,0,59,17,63,21.3,Matches,GER-BL1,17-18
b5920350,133,Viktor Fischer,DEN,"FW,MF",Mainz 05,23,1994,3.7,1,0,0,4,2,3,5,3,4,0,0,0,21,2,8,20.0,Matches,GER-BL1,17-18
9a2e0ccc,134,Emil Forsberg,SWE,MF,RB Leipzig,25,1991,15.2,0,1,0,16,23,0,87,8,17,0,0,0,63,6,14,30.0,Matches,GER-BL1,17-18
ce218223,135,Iver Fossum,NOR,MF,Hannover 96,21,1996,14.5,0,0,0,13,6,0,30,15,19,0,0,0,60,18,27,40.0,Matches,GER-BL1,17-18
626fab5f,136,Raphael Framberger,GER,DF,Augsburg,21,1995,7.7,3,0,0,8,10,0,36,14,18,0,0,0,29,11,11,50.0,Matches,GER-BL1,17-18
482b70ad,137,Mike Frantz,GER,MF,Freiburg,30,1986,11.6,0,0,0,20,18,0,12,13,16,0,0,0,17,25,22,53.2,Matches,GER-BL1,17-18
9fb640a8,138,Fabian Frei,SUI,MF,Mainz 05,28,1989,8.9,1,0,0,12,9,0,1,16,15,0,0,0,35,6,6,50.0,Matches,GER-BL1,17-18
f86ad3f5,139,Marco Friedl,AUT,MF,Bayern Munich,19,1998,0.5,0,0,0,0,2,0,6,1,0,0,0,0,3,1,0,100.0,Matches,GER-BL1,17-18
f86ad3f5,140,Marco Friedl,AUT,"DF,MF",Werder Bremen,19,1998,6.7,0,0,0,5,9,0,12,8,8,0,0,0,28,8,6,57.1,Matches,GER-BL1,17-18
0cf778df,141,Chris Führich,GER,MF,Köln,19,1998,1.1,0,0,0,0,1,0,0,0,3,0,0,0,5,1,1,50.0,Matches,GER-BL1,17-18
4f16405e,142,Niclas Füllkrug,GER,FW,Hannover 96,24,1993,26.5,2,0,0,60,46,11,17,8,11,0,0,0,65,153,132,53.7,Matches,GER-BL1,17-18
16daec92,143,Mijat Gaćinović,SRB,"MF,FW",Eint Frankfurt,22,1995,20.2,4,0,0,25,36,1,38,39,44,1,0,0,116,16,29,35.6,Matches,GER-BL1,17-18
c952f633,144,Ulisses Garcia,SUI,FW,Werder Bremen,21,1996,1.0,0,0,0,4,0,0,0,0,1,0,0,0,5,2,0,100.0,Matches,GER-BL1,17-18
6bd603db,145,Jean-Philippe Gbamin,CIV,"MF,DF",Mainz 05,21,1995,28.8,4,0,0,44,36,0,6,50,63,0,0,0,206,65,38,63.1,Matches,GER-BL1,17-18
3f65898c,146,Theodor Gebre Selassie,CZE,"DF,FW",Werder Bremen,30,1986,31.4,4,0,0,44,37,2,26,51,41,0,0,0,103,100,83,54.6,Matches,GER-BL1,17-18
37f606f0,147,Dennis Geiger,GER,MF,Hoffenheim,19,1998,17.6,9,0,0,53,25,0,26,15,36,0,0,0,96,10,15,40.0,Matches,GER-BL1,17-18
a4f94a0d,148,Christian Gentner,GER,MF,Stuttgart,31,1985,26.8,3,0,0,56,41,4,52,35,67,0,0,0,142,23,47,32.9,Matches,GER-BL1,17-18
62ab9184,149,Yannick Gerhardt,GER,"DF,MF",Wolfsburg,23,1994,13.6,1,0,0,10,17,4,24,15,28,1,0,0,49,21,28,42.9,Matches,GER-BL1,17-18
17376543,150,Rafał Gikiewicz,POL,GK,Freiburg,29,1987,1.7,0,0,0,0,0,0,0,0,0,0,0,0,1,0,0,,Matches,GER-BL1,17-18
e5f63987,151,Daniel Ginczek,GER,FW,Stuttgart,26,1991,16.9,3,0,0,32,18,8,6,5,4,0,0,0,33,47,71,39.8,Matches,GER-BL1,17-18
f521b80a,152,Matthias Ginter,GER,DF,Gladbach,23,1994,34.0,2,0,0,9,39,1,3,40,37,0,0,0,118,90,59,60.4,Matches,GER-BL1,17-18
88e357ef,153,Serge Gnabry,GER,FW,Hoffenheim,22,1995,16.7,0,0,0,20,16,12,27,8,22,2,0,0,58,7,30,18.9,Matches,GER-BL1,17-18
71a20ce8,154,Mario Gómez,GER,FW,Wolfsburg,32,1985,10.4,0,0,0,11,6,5,5,0,6,1,0,0,14,44,46,48.9,Matches,GER-BL1,17-18
71a20ce8,155,Mario Gómez,GER,FW,Stuttgart,32,1985,15.4,3,0,0,26,26,6,13,4,11,0,0,0,35,56,58,49.1,Matches,GER-BL1,17-18
01e5f06e,156,Sergio Gómez,ESP,MF,Dortmund,16,2000,0.1,0,0,0,0,0,0,1,0,0,0,0,0,0,0,0,,Matches,GER-BL1,17-18
49ffe0f2,157,Jérôme Gondorf,GER,"MF,FW",Werder Bremen,29,1988,8.9,4,0,0,21,25,6,18,6,9,0,0,0,39,11,17,39.3,Matches,GER-BL1,17-18
cc86b9a3,158,Leon Goretzka,GER,MF,Schalke 04,22,1995,22.0,3,0,0,34,55,3,23,41,34,1,0,0,149,32,34,48.5,Matches,GER-BL1,17-18
9efa1d25,159,Mario Götze,GER,MF,Dortmund,25,1992,17.8,1,0,0,25,29,5,42,8,43,0,0,0,78,9,11,45.0,Matches,GER-BL1,17-18
d45472b2,160,Mohamed Gouaida,TUN,MF,Hamburger SV,24,1993,0.6,0,0,0,0,2,0,1,0,3,0,0,0,1,1,2,33.3,Matches,GER-BL1,17-18
1025db8e,161,Jeffrey Gouweleeuw,NED,DF,Augsburg,26,1991,26.5,4,0,0,31,8,5,3,54,44,0,0,0,143,58,56,50.9,Matches,GER-BL1,17-18
8e235926,162,Michael Gregoritsch,AUT,"MF,FW",Augsburg,23,1994,28.1,3,0,0,22,34,11,16,10,27,2,0,0,82,101,101,50.0,Matches,GER-BL1,17-18
126cf855,163,Anto Grgić,SUI,MF,Stuttgart,20,1996,0.1,0,0,0,1,0,0,0,0,0,0,0,0,1,0,0,,Matches,GER-BL1,17-18
54e4866f,164,Vincenzo Grifo,ITA,"MF,FW",Gladbach,24,1993,8.7,0,0,0,2,6,2,39,5,5,1,0,0,38,5,5,50.0,Matches,GER-BL1,17-18
ffbbc83b,165,Florian Grillitsch,AUT,MF,Hoffenheim,21,1995,21.0,5,0,0,29,43,0,11,39,46,0,0,0,120,28,33,45.9,Matches,GER-BL1,17-18
79fa1799,166,Karim Guédé,SVK,FW,Freiburg,32,1985,0.7,0,0,0,1,2,0,0,1,2,0,0,0,0,0,2,0.0,Matches,GER-BL1,17-18
048a1cbc,167,Raphaël Guerreiro,POR,"DF,MF",Dortmund,23,1993,6.1,0,0,0,1,8,0,24,11,8,0,0,0,20,3,9,25.0,Matches,GER-BL1,17-18
e6c43eec,168,Josuha Guilavogui,FRA,MF,Wolfsburg,26,1990,26.7,7,1,1,43,19,5,12,66,46,0,2,1,165,67,25,72.8,Matches,GER-BL1,17-18
923f4dda,169,Serhou Guirassy,GUI,FW,Köln,21,1996,9.5,2,0,0,19,34,9,1,1,3,1,1,0,32,52,46,53.1,Matches,GER-BL1,17-18
bcb2ccd8,170,Péter Gulácsi,HUN,GK,RB Leipzig,27,1990,33.0,1,0,0,0,0,0,0,0,0,0,0,0,44,5,0,100.0,Matches,GER-BL1,17-18
25ab9c9c,171,Manuel Gulde,GER,DF,Freiburg,26,1991,17.0,1,0,0,6,8,0,5,14,10,0,1,0,49,40,23,63.5,Matches,GER-BL1,17-18
8593f88c,172,Christian Günter,GER,"DF,MF",Freiburg,24,1993,34.0,2,0,0,24,28,0,177,20,54,1,0,0,108,10,26,27.8,Matches,GER-BL1,17-18
1bcca8b8,173,Jonathan de Guzmán,NED,MF,Eint Frankfurt,29,1987,12.1,2,0,0,16,12,0,73,13,16,0,0,0,72,11,12,47.8,Matches,GER-BL1,17-18
70dcf94d,174,Janik Haberer,GER,"MF,FW",Freiburg,23,1994,30.5,9,0,0,73,67,6,16,30,49,0,0,0,117,70,102,40.7,Matches,GER-BL1,17-18
a5ec3ede,175,Alexander Hack,GER,DF,Mainz 05,23,1993,14.3,2,0,0,10,19,1,4,26,34,0,0,0,60,65,28,69.9,Matches,GER-BL1,17-18
0174ba21,176,Robin Hack,GER,"FW,MF",Hoffenheim,18,1998,0.8,0,0,0,1,3,0,3,0,2,0,0,0,2,1,1,50.0,Matches,GER-BL1,17-18
cd82452e,177,André Hahn,GER,FW,Hamburger SV,26,1990,15.1,0,0,0,38,18,12,38,10,24,0,0,0,43,71,86,45.2,Matches,GER-BL1,17-18
55537f53,178,Izet Hajrović,BIH,"MF,FW",Werder Bremen,25,1991,2.1,3,0,0,6,3,1,12,2,0,0,0,0,13,2,7,22.2,Matches,GER-BL1,17-18
ba115a40,179,Sébastien Haller,CIV,FW,Eint Frankfurt,23,1994,26.1,2,0,0,55,52,21,6,8,16,0,0,0,78,134,130,50.8,Matches,GER-BL1,17-18
8ff2354e,180,Marcel Halstenberg,GER,DF,RB Leipzig,25,1991,13.1,3,0,0,10,10,0,28,23,19,0,0,0,63,51,21,70.8,Matches,GER-BL1,17-18
33a81b3d,181,Tim Handwerker,GER,"MF,DF",Köln,19,1998,4.4,0,0,0,1,5,1,29,6,7,0,0,0,18,4,7,36.4,Matches,GER-BL1,17-18
f24ea523,182,Genki Haraguchi,JPN,FW,Hertha BSC,26,1991,2.3,2,1,0,6,4,0,2,2,6,0,0,0,8,4,2,66.7,Matches,GER-BL1,17-18
e7d59f4f,183,Amine Harit,MAR,"MF,FW",Schalke 04,20,1997,22.7,3,0,0,19,94,7,26,19,27,3,0,0,135,12,17,41.4,Matches,GER-BL1,17-18
99b7584f,184,Martin Harnik,AUT,"FW,MF",Hannover 96,30,1987,21.0,2,0,0,40,21,6,19,8,10,0,1,0,60,59,66,47.2,Matches,GER-BL1,17-18
9ab16552,185,Makoto Hasebe,JPN,"DF,MF",Eint Frankfurt,33,1984,23.2,3,1,0,16,28,0,5,25,23,0,2,0,113,15,29,34.1,Matches,GER-BL1,17-18
fed7cb61,186,Kai Havertz,GER,"MF,FW",Leverkusen,18,1999,23.8,3,0,0,30,46,4,19,19,23,1,0,0,122,78,89,46.7,Matches,GER-BL1,17-18
50871bcc,187,Thorgan Hazard,BEL,"MF,FW",Gladbach,24,1993,32.7,1,0,0,25,55,21,146,28,32,1,0,0,119,31,62,33.3,Matches,GER-BL1,17-18
c2009df3,188,Jonas Hector,GER,"DF,MF",Köln,27,1990,19.5,4,0,0,20,30,0,57,28,35,0,1,0,107,47,40,54.0,Matches,GER-BL1,17-18
699fb8db,189,Dominique Heintz,GER,DF,Köln,23,1993,31.0,3,0,0,25,18,0,21,53,42,0,0,0,145,49,45,52.1,Matches,GER-BL1,17-18
11dbba47,190,Marcel Heller,GER,"FW,MF",Augsburg,31,1986,14.4,1,1,0,22,15,11,84,10,24,1,0,0,62,3,22,12.0,Matches,GER-BL1,17-18
0a89e877,191,Benjamin Henrichs,GER,DF,Leverkusen,20,1997,14.1,1,1,0,16,21,2,36,31,28,0,1,0,88,20,18,52.6,Matches,GER-BL1,17-18
dfb6490a,192,Patrick Herrmann,GER,"MF,FW",Gladbach,26,1991,12.5,0,0,0,22,14,8,39,17,21,0,0,0,52,11,24,31.4,Matches,GER-BL1,17-18
fdd5d298,193,Kaylen Hinds,ENG,FW,Wolfsburg,19,1998,1.0,0,0,0,0,1,1,2,1,1,0,0,0,1,2,4,33.3,Matches,GER-BL1,17-18
080440a4,194,Martin Hinteregger,AUT,DF,Augsburg,24,1992,29.5,3,0,0,27,22,0,5,49,51,0,0,0,155,59,50,54.1,Matches,GER-BL1,17-18
2e7ff968,195,Marwin Hitz,SUI,GK,Augsburg,29,1987,32.0,2,0,0,2,4,0,0,0,1,0,1,0,50,8,0,100.0,Matches,GER-BL1,17-18
5d8e331f,196,Nicolas Höfler,GER,MF,Freiburg,27,1990,25.1,7,1,1,43,53,0,3,44,36,1,1,0,125,50,36,58.1,Matches,GER-BL1,17-18
2903a856,197,Jonas Hofmann,GER,"MF,FW",Gladbach,25,1992,11.5,0,0,0,8,18,3,35,12,19,1,1,0,48,5,15,25.0,Matches,GER-BL1,17-18
4114f306,198,Marco Höger,GER,MF,Köln,27,1989,18.6,4,0,0,35,32,0,8,25,40,0,1,0,130,49,37,57.0,Matches,GER-BL1,17-18
ca618d23,199,Lucas Höler,GER,"FW,MF",Freiburg,23,1994,10.1,0,0,0,20,23,2,4,7,20,0,0,0,31,24,15,61.5,Matches,GER-BL1,17-18
410ab123,200,Lewis Holtby,GER,"MF,FW",Hamburger SV,26,1990,13.3,1,0,0,20,27,5,29,10,29,0,0,0,70,11,24,31.4,Matches,GER-BL1,17-18
2979c05a,201,Gerrit Holtmann,PHI,"FW,DF",Mainz 05,22,1995,10.0,1,0,0,14,9,1,45,12,13,0,0,0,35,11,11,50.0,Matches,GER-BL1,17-18
2b83fa49,202,Jannes Horn,GER,DF,Köln,20,1997,9.2,0,0,0,5,13,0,22,17,11,0,0,0,54,2,10,16.7,Matches,GER-BL1,17-18
3cd9e95a,203,Timo Horn,GER,GK,Köln,24,1993,34.0,0,0,0,1,6,0,0,0,2,0,1,0,58,10,1,90.9,Matches,GER-BL1,17-18
ad3389d5,204,Lukáš Hrádecký,FIN,GK,Eint Frankfurt,27,1989,34.0,1,0,0,0,2,0,0,0,0,0,0,0,74,7,0,100.0,Matches,GER-BL1,17-18
710fbdd1,205,Branimir Hrgota,SWE,"MF,FW",Eint Frankfurt,24,1993,2.2,1,0,0,6,3,3,2,0,4,0,0,0,11,0,13,0.0,Matches,GER-BL1,17-18
94302c52,206,Timo Hübers,GER,DF,Hannover 96,21,1996,5.0,2,0,0,9,10,1,0,9,10,0,0,0,33,11,8,57.9,Matches,GER-BL1,17-18
99de6b6f,207,Benjamin Hübner,GER,DF,Hoffenheim,28,1989,25.7,9,0,0,46,28,0,4,51,56,1,0,0,75,82,43,65.6,Matches,GER-BL1,17-18
e87ad81a,208,Florian Hübner,GER,DF,Hannover 96,26,1991,3.6,2,0,0,6,7,0,0,6,9,0,0,0,4,10,10,50.0,Matches,GER-BL1,17-18
05d548d8,209,Mats Hummels,GER,DF,Bayern Munich,28,1988,24.6,3,0,0,18,6,1,5,55,52,0,0,0,145,72,39,64.9,Matches,GER-BL1,17-18
5f9f0531,210,Aaron Hunt,GER,"MF,FW",Hamburger SV,30,1986,23.1,1,0,0,27,41,5,169,14,24,0,0,0,114,17,26,39.5,Matches,GER-BL1,17-18
c3fd9887,211,Vedad Ibišević,BIH,FW,Hertha BSC,32,1984,16.1,4,1,0,41,24,7,5,4,8,0,0,0,31,50,66,43.1,Matches,GER-BL1,17-18
8494acc4,212,Stefan Ilsanker,AUT,"DF,MF",RB Leipzig,28,1989,14.3,3,1,1,32,13,0,10,25,29,0,0,0,72,36,32,52.9,Matches,GER-BL1,17-18
f3cccffe,213,Emiliano Insúa,ARG,DF,Stuttgart,28,1989,23.4,2,0,0,22,22,5,89,36,34,0,0,0,121,23,27,46.0,Matches,GER-BL1,17-18
4b5e7e90,214,Pablo Insua,ESP,DF,Schalke 04,23,1993,0.3,1,0,0,1,0,0,0,0,0,0,0,0,0,0,2,0.0,Matches,GER-BL1,17-18
8e92be30,215,Alexander Isak,SWE,"FW,MF",Dortmund,17,1999,1.3,0,0,0,2,0,2,1,0,0,0,0,0,1,4,4,50.0,Matches,GER-BL1,17-18
6743cef5,216,Tatsuya Ito,JPN,"MF,FW",Hamburger SV,20,1997,11.2,1,0,0,15,28,1,27,6,13,1,0,0,54,0,11,0.0,Matches,GER-BL1,17-18
e6c15f6e,217,Gian-Luca Itter,GER,DF,Wolfsburg,18,1999,4.6,1,0,0,4,4,0,9,5,12,0,1,0,22,2,1,66.7,Matches,GER-BL1,17-18
3c05e082,218,Koo Ja-cheol,KOR,MF,Augsburg,28,1989,22.7,2,0,0,35,54,7,7,27,41,0,1,0,107,52,56,48.1,Matches,GER-BL1,17-18
a93b6f4e,219,Paul Jaeckel,GER,DF,Wolfsburg,19,1998,3.0,0,0,0,3,0,0,4,1,3,0,0,0,7,10,3,76.9,Matches,GER-BL1,17-18
99d6044d,220,Kilian Jakob,GER,FW,Augsburg,19,1998,0.6,0,0,,0,1,1,4,0,0,0,0,0,2,2,0,100.0,Matches,GER-BL1,17-18
8279c033,221,Vasilije Janjicic,SUI,MF,Hamburger SV,18,1998,3.6,1,0,0,6,5,0,0,3,11,0,0,0,29,3,9,25.0,Matches,GER-BL1,17-18
cf01fe3a,222,Christoph Janker,GER,"DF,MF",Augsburg,32,1985,0.9,0,0,0,1,0,0,0,1,3,0,1,0,3,2,4,33.3,Matches,GER-BL1,17-18
34b54da7,223,Tony Jantschke,GER,DF,Gladbach,27,1990,8.1,2,0,0,8,9,0,11,6,11,0,0,0,21,16,9,64.0,Matches,GER-BL1,17-18
27d2618c,224,Rune Jarstein,NOR,GK,Hertha BSC,32,1984,31.0,2,0,0,1,6,0,0,0,1,0,0,0,62,9,0,100.0,Matches,GER-BL1,17-18
34c313d5,225,Bakery Jatta,GAM,"MF,FW",Hamburger SV,19,1998,3.3,1,0,0,8,7,1,5,3,12,0,0,0,15,11,15,42.3,Matches,GER-BL1,17-18
f820504e,226,Tin Jedvaj,CRO,DF,Leverkusen,21,1995,6.7,1,0,0,7,6,1,9,9,6,0,0,0,29,12,13,48.0,Matches,GER-BL1,17-18
c0dc9fc7,227,Aron Jóhannsson,USA,"MF,FW",Werder Bremen,26,1990,3.1,0,0,0,4,7,2,5,1,3,0,1,0,16,9,11,45.0,Matches,GER-BL1,17-18
76e5da9d,228,Fabian Johnson,USA,"MF,DF",Gladbach,29,1987,5.2,0,0,0,2,5,1,6,2,10,0,0,0,11,5,13,27.8,Matches,GER-BL1,17-18
fb59286d,229,Miloš Jojić,SRB,MF,Köln,25,1992,16.2,3,0,0,26,23,1,86,15,26,0,0,0,78,18,21,46.2,Matches,GER-BL1,17-18
531807b3,230,Jonathas,BRA,FW,Hannover 96,28,1989,7.0,2,0,0,20,12,11,5,0,3,0,0,0,14,26,41,38.8,Matches,GER-BL1,17-18
a0e209bc,231,Nigel de Jong,NED,MF,Mainz 05,32,1984,8.2,2,0,0,11,11,0,0,12,12,0,1,0,35,13,5,72.2,Matches,GER-BL1,17-18
4d8cd038,232,Luka Jović,SRB,FW,Eint Frankfurt,19,1997,10.4,2,0,0,21,10,7,5,1,5,0,0,0,25,20,44,31.3,Matches,GER-BL1,17-18
a2e7de6f,233,Gideon Jung,GER,"MF,DF",Hamburger SV,22,1994,28.6,7,1,0,60,54,2,4,38,41,0,1,0,152,42,45,48.3,Matches,GER-BL1,17-18
86b30561,234,Sebastian Jung,GER,DF,Wolfsburg,27,1990,0.9,1,0,0,1,1,0,0,0,2,0,0,0,4,0,0,,Matches,GER-BL1,17-18
dba67bc4,235,Zlatko Junuzović,AUT,"MF,FW",Werder Bremen,29,1987,18.1,2,0,0,26,27,4,82,18,23,0,0,0,78,8,18,30.8,Matches,GER-BL1,17-18
cc58c4ea,236,Gojko Kačar,SRB,DF,Augsburg,30,1987,2.5,1,0,0,1,1,0,1,4,6,0,0,0,4,6,11,35.3,Matches,GER-BL1,17-18
79c90e45,237,Pavel Kadeřábek,CZE,"FW,DF",Hoffenheim,25,1992,24.4,5,0,0,35,21,1,85,34,30,0,0,0,71,56,40,58.3,Matches,GER-BL1,17-18
5afafbfe,238,Shinji Kagawa,JPN,MF,Dortmund,28,1989,13.0,0,0,0,9,17,1,36,6,22,1,0,0,59,2,15,11.8,Matches,GER-BL1,17-18
94c18565,239,Florian Kainz,AUT,"MF,FW",Werder Bremen,24,1992,19.0,5,0,0,35,29,3,116,17,25,0,0,0,89,13,20,39.4,Matches,GER-BL1,17-18
733fecf1,240,Dominik Kaiser,GER,"MF,FW",RB Leipzig,28,1988,3.1,0,0,0,4,7,0,18,1,5,0,0,0,12,2,7,22.2,Matches,GER-BL1,17-18
2042d931,241,Salomon Kalou,CIV,"FW,MF",Hertha BSC,31,1985,24.5,0,0,0,22,34,11,16,10,11,0,0,0,90,33,63,34.4,Matches,GER-BL1,17-18
15b287da,242,Daichi Kamada,JPN,"MF,FW",Eint Frankfurt,20,1996,1.6,0,0,0,2,2,3,1,1,1,0,0,0,6,2,9,18.2,Matches,GER-BL1,17-18
463503e2,243,Marcin Kamiński,POL,DF,Stuttgart,25,1992,12.6,0,0,0,7,0,0,8,30,14,0,0,0,46,33,30,52.4,Matches,GER-BL1,17-18
b825a650,244,Kevin Kampl,SVN,MF,RB Leipzig,26,1990,22.4,3,0,0,30,21,7,80,33,33,0,0,0,155,9,16,36.0,Matches,GER-BL1,17-18
b825a650,245,Kevin Kampl,SVN,MF,Leverkusen,26,1990,0.3,0,0,0,0,0,0,0,0,1,0,0,0,5,0,1,0.0,Matches,GER-BL1,17-18
7364c4d1,246,Bartosz Kapustka,POL,"FW,MF",Freiburg,20,1996,2.6,0,0,0,4,3,2,5,3,5,0,0,0,8,4,10,28.6,Matches,GER-BL1,17-18
8f0f2230,247,Kenan Karaman,TUR,"MF,FW",Hannover 96,23,1994,9.5,2,0,0,11,18,1,13,1,13,0,0,0,38,12,18,40.0,Matches,GER-BL1,17-18
6a81a181,248,Florian Kath,GER,"FW,MF",Freiburg,22,1994,7.5,3,0,0,21,34,0,11,8,10,0,0,0,26,15,23,39.5,Matches,GER-BL1,17-18
e5d652c1,249,Ole Käuper,GER,MF,Werder Bremen,20,1997,0.8,1,0,0,6,0,0,0,2,5,0,0,0,4,1,1,50.0,Matches,GER-BL1,17-18
51dbeea9,250,Thilo Kehrer,GER,DF,Schalke 04,20,1996,26.3,4,0,0,35,29,2,3,35,64,1,0,0,125,55,48,53.4,Matches,GER-BL1,17-18
f25c8e3a,251,Naby Keïta,GUI,MF,RB Leipzig,22,1995,21.8,8,2,1,52,60,0,18,36,48,0,0,0,190,14,22,38.9,Matches,GER-BL1,17-18
815c314f,252,Marc-Oliver Kempf,GER,DF,Freiburg,22,1995,10.0,1,0,0,7,5,0,0,17,12,0,1,0,43,23,16,59.0,Matches,GER-BL1,17-18
316de854,253,Ryan Kent,ENG,"FW,MF",Freiburg,20,1996,2.7,1,0,0,3,3,0,5,1,3,0,0,0,10,1,12,7.7,Matches,GER-BL1,17-18
59e4b92e,254,Rani Khedira,GER,"MF,DF",Augsburg,23,1994,25.3,8,0,0,48,32,1,8,36,47,0,0,0,88,55,61,47.4,Matches,GER-BL1,17-18
c419e035,255,Stefan Kießling,GER,"DF,MF",Leverkusen,33,1984,0.9,0,0,0,1,3,1,0,0,0,0,0,0,3,7,6,53.8,Matches,GER-BL1,17-18
49296448,256,Joshua Kimmich,GER,DF,Bayern Munich,22,1995,25.9,1,0,0,17,52,2,212,20,23,1,1,0,140,20,18,52.6,Matches,GER-BL1,17-18
aeda1f69,257,Felix Klaus,GER,"MF,FW",Hannover 96,24,1992,22.0,5,0,0,28,59,7,73,8,38,4,0,0,83,22,48,31.4,Matches,GER-BL1,17-18
258a6f4d,258,Tim Kleindienst,GER,"FW,DF",Freiburg,21,1995,12.6,2,0,0,31,13,4,9,6,15,0,0,0,27,83,72,53.5,Matches,GER-BL1,17-18
ca8033cb,259,Lukas Klostermann,GER,DF,RB Leipzig,21,1996,24.3,2,0,0,13,16,1,41,33,41,0,0,0,106,41,34,54.7,Matches,GER-BL1,17-18
92948149,260,Lukas Klünter,GER,"DF,FW",Köln,21,1996,14.8,6,0,0,22,18,5,53,13,20,0,1,0,55,17,12,58.6,Matches,GER-BL1,17-18
6bd5cd5d,261,Robin Knoche,GER,DF,Wolfsburg,25,1992,23.4,2,0,0,18,11,1,3,25,20,1,1,1,77,66,37,64.1,Matches,GER-BL1,17-18
b883006f,262,Törles Knöll,GER,"MF,FW",Hamburger SV,19,1997,0.2,0,0,0,0,0,0,0,0,0,0,0,0,0,0,2,0.0,Matches,GER-BL1,17-18
ea6bc03a,263,Robin Koch,GER,"MF,DF",Freiburg,21,1996,21.3,3,0,0,31,16,0,1,35,24,0,0,0,106,78,58,57.4,Matches,GER-BL1,17-18
e82d2807,264,Kenan Kodro,BIH,"FW,DF",Mainz 05,23,1993,2.6,0,0,0,2,2,1,1,3,1,0,0,0,5,8,6,57.1,Matches,GER-BL1,17-18
0fbecd11,265,Dominik Kohr,GER,MF,Leverkusen,23,1994,18.5,9,1,1,45,23,1,3,30,26,0,0,0,86,22,36,37.9,Matches,GER-BL1,17-18
5ed9b537,266,Ibrahima Konaté,FRA,DF,RB Leipzig,18,1999,13.6,1,0,0,13,10,0,0,20,25,0,1,0,58,36,19,65.5,Matches,GER-BL1,17-18
d9a5d930,267,Yevhen Konoplyanka,UKR,"FW,MF",Schalke 04,27,1989,17.4,1,0,0,23,22,4,107,5,9,1,0,0,56,8,21,27.6,Matches,GER-BL1,17-18
3dffff26,268,Julian Korb,GER,"DF,MF",Hannover 96,25,1992,26.0,8,0,0,41,15,2,64,22,41,0,0,0,104,13,27,32.5,Matches,GER-BL1,17-18
b1cd37e6,269,Filip Kostić,SRB,"FW,MF",Hamburger SV,24,1992,27.1,2,0,0,35,40,8,125,10,38,0,1,0,111,30,64,31.9,Matches,GER-BL1,17-18
9a493fb7,270,Vincent Koziello,FRA,MF,Köln,21,1995,8.8,3,0,0,16,14,0,4,10,21,0,0,0,44,5,3,62.5,Matches,GER-BL1,17-18
bb25c778,271,Thomas Kraft,GER,GK,Hertha BSC,29,1988,3.0,1,0,0,0,0,0,0,0,0,0,0,0,6,0,0,,Matches,GER-BL1,17-18
603cb947,272,Andrej Kramarić,CRO,"FW,MF",Hoffenheim,26,1991,24.8,1,0,0,10,28,12,139,6,6,0,0,0,65,6,18,25.0,Matches,GER-BL1,17-18
496aeede,273,Christoph Kramer,GER,MF,Gladbach,26,1991,23.9,5,0,0,45,27,0,7,43,70,0,1,0,143,19,23,45.2,Matches,GER-BL1,17-18
f9446dcd,274,Max Kruse,GER,FW,Werder Bremen,29,1988,27.3,2,0,0,14,31,8,119,11,12,0,0,0,94,19,42,31.1,Matches,GER-BL1,17-18
2a29eb9b,275,Lukas Kübler,GER,"DF,MF",Freiburg,24,1992,12.8,3,0,0,9,13,0,14,18,19,0,0,0,49,23,13,63.9,Matches,GER-BL1,17-18
de1a2530,276,Filip Kusić,SRB,"DF,MF",Köln,21,1996,0.2,0,0,0,1,1,0,0,0,0,0,0,0,0,0,0,,Matches,GER-BL1,17-18
c1b7847c,277,Konrad Laimer,AUT,"DF,MF",RB Leipzig,20,1997,14.9,2,0,0,33,6,0,13,11,39,0,0,0,62,21,22,48.8,Matches,GER-BL1,17-18
74d70fb5,278,Sebastian Langkamp,GER,DF,Hertha BSC,29,1988,10.6,2,0,0,11,14,1,0,21,12,0,0,0,27,23,13,63.9,Matches,GER-BL1,17-18
74d70fb5,279,Sebastian Langkamp,GER,DF,Werder Bremen,29,1988,4.6,2,0,0,3,5,0,0,8,3,0,0,0,10,8,3,72.7,Matches,GER-BL1,17-18
33b554b7,280,Danny Latza,GER,MF,Mainz 05,27,1989,26.1,7,0,0,53,69,1,33,26,48,0,0,0,127,61,55,52.6,Matches,GER-BL1,17-18
016ff750,281,Valentino Lazaro,AUT,"MF,FW",Hertha BSC,21,1996,20.7,4,0,0,18,14,5,82,15,28,0,0,0,77,20,42,32.3,Matches,GER-BL1,17-18
b93b7882,282,Mathew Leckie,AUS,"FW,MF",Hertha BSC,26,1991,20.6,3,0,0,44,45,1,28,19,30,0,0,0,99,94,82,53.4,Matches,GER-BL1,17-18
abb42ce6,283,Matthias Lehmann,GER,MF,Köln,34,1983,16.8,3,0,0,11,8,0,3,26,23,0,1,0,71,9,13,40.9,Matches,GER-BL1,17-18
2628fd2b,284,Bernd Leno,GER,GK,Leverkusen,25,1992,33.0,1,0,0,0,9,0,0,1,0,0,0,0,56,10,1,90.9,Matches,GER-BL1,17-18
8d78e732,285,Robert Lewandowski,POL,FW,Bayern Munich,28,1988,24.1,1,0,0,37,37,25,15,5,3,2,0,0,51,49,61,44.5,Matches,GER-BL1,17-18
302527b2,286,Philipp Lienhart,AUT,DF,Freiburg,21,1996,9.6,2,0,0,9,5,0,0,11,14,0,0,0,33,15,15,50.0,Matches,GER-BL1,17-18
7c104bb7,287,Ademola Lookman,NGA,"MF,FW",RB Leipzig,19,1997,6.4,1,0,0,12,14,1,10,2,4,0,0,0,33,1,5,16.7,Matches,GER-BL1,17-18
95173427,288,Lars Lukas Mai,GER,DF,Bayern Munich,17,2000,2.0,0,0,,2,0,0,0,3,4,0,0,0,11,3,4,42.9,Matches,GER-BL1,17-18
a63a995f,289,Fabian Lustenberger,SUI,"MF,DF",Hertha BSC,29,1988,17.6,3,0,0,19,34,0,3,24,34,0,1,0,65,42,20,67.7,Matches,GER-BL1,17-18
7fe12375,290,Andreas Luthe,GER,GK,Augsburg,30,1987,2.0,0,0,0,0,0,0,0,0,0,0,0,0,2,2,0,100.0,Matches,GER-BL1,17-18
ab700320,291,Arne Maier,GER,MF,Hertha BSC,18,1999,13.6,1,0,0,4,10,0,10,24,23,1,0,0,63,8,16,33.3,Matches,GER-BL1,17-18
e8385ec4,292,Sebastian Maier,GER,MF,Hannover 96,23,1993,2.9,0,0,0,5,1,0,13,4,6,0,1,0,10,5,6,45.5,Matches,GER-BL1,17-18
e5d85da8,293,Linton Maina,GER,MF,Hannover 96,18,1999,0.1,0,0,0,0,1,0,0,1,1,0,0,0,2,0,1,0.0,Matches,GER-BL1,17-18
f3722c97,294,Yunus Mallı,TUR,"FW,MF",Wolfsburg,25,1992,24.9,3,0,0,14,44,3,47,12,17,0,0,0,95,11,40,21.6,Matches,GER-BL1,17-18
a572e291,295,Orel Mangala,BEL,MF,Stuttgart,19,1998,8.7,2,0,0,17,12,0,2,18,18,0,1,0,43,6,8,42.9,Matches,GER-BL1,17-18
3f30b506,296,Dominic Maroh,SVN,DF,Köln,30,1987,10.2,0,0,0,5,11,1,0,21,15,0,0,0,37,31,16,66.0,Matches,GER-BL1,17-18
7f97771d,297,Javi Martínez,ESP,"MF,DF",Bayern Munich,28,1988,17.9,1,0,0,16,18,0,7,33,22,0,0,0,70,57,30,65.5,Matches,GER-BL1,17-18
11fd2b75,298,Omar Mascarell,EQG,MF,Eint Frankfurt,24,1993,8.6,4,0,0,17,8,0,4,21,16,0,0,0,76,17,12,58.6,Matches,GER-BL1,17-18
4a15e95b,299,Christian Mathenia,GER,GK,Hamburger SV,25,1992,24.0,2,0,0,1,2,0,0,0,0,0,0,0,23,1,0,100.0,Matches,GER-BL1,17-18
ee57792b,300,Ville Matti Steinmann,GER,MF,Hamburger SV,22,1995,6.6,2,0,0,14,10,0,0,18,10,0,0,0,41,17,15,53.1,Matches,GER-BL1,17-18
0eb5720b,301,Mërgim Mavraj,ALB,DF,Hamburger SV,31,1986,16.1,3,1,1,20,10,0,4,21,32,0,0,0,76,62,45,57.9,Matches,GER-BL1,17-18
826e8b63,302,Philipp Max,GER,DF,Augsburg,23,1993,32.9,5,0,0,28,16,3,318,33,47,0,0,0,165,25,35,41.7,Matches,GER-BL1,17-18
61fc9685,303,Alexandru Maxim,ROU,MF,Mainz 05,27,1990,10.6,4,0,0,19,16,1,76,6,12,0,0,0,59,1,22,4.3,Matches,GER-BL1,17-18
45870256,304,Florian Mayer,GER,DF,Gladbach,19,1998,0.2,0,0,0,0,1,0,0,0,1,0,0,0,0,1,1,50.0,Matches,GER-BL1,17-18
01c3aff5,305,Weston McKennie,USA,MF,Schalke 04,18,1998,14.0,3,0,0,37,9,0,3,20,23,0,0,0,92,26,21,55.3,Matches,GER-BL1,17-18
2e64bb49,306,Slobodan Medojević,SRB,MF,Eint Frankfurt,26,1990,0.3,0,0,0,0,0,0,0,0,0,0,0,0,1,1,0,100.0,Matches,GER-BL1,17-18
b500b384,307,Admir Mehmedi,SUI,"FW,MF",Wolfsburg,26,1991,3.2,0,0,0,4,3,3,9,1,2,0,0,0,6,8,5,61.5,Matches,GER-BL1,17-18
b500b384,308,Admir Mehmedi,SUI,"DF,MF",Leverkusen,26,1991,7.8,3,0,0,21,20,1,37,13,18,0,1,0,36,14,11,56.0,Matches,GER-BL1,17-18
362aa29d,309,Alexander Meier,GER,FW,Eint Frankfurt,34,1983,0.0,0,0,0,0,0,0,0,0,0,0,0,0,0,1,0,100.0,Matches,GER-BL1,17-18
9f979eb2,310,Jorge Meré,ESP,DF,Köln,20,1997,21.0,6,0,0,16,14,1,3,34,23,0,0,0,100,44,35,55.7,Matches,GER-BL1,17-18
eba42d2b,311,Max Meyer,GER,MF,Schalke 04,21,1995,19.2,6,0,0,25,22,0,2,54,38,0,0,0,149,14,18,43.8,Matches,GER-BL1,17-18
88d4144a,312,Maximilian Mittelstädt,GER,"MF,DF",Hertha BSC,20,1997,4.7,0,0,0,5,11,0,14,9,11,0,0,0,17,10,4,71.4,Matches,GER-BL1,17-18
00844823,313,Niklas Moisander,FIN,DF,Werder Bremen,31,1985,25.0,6,0,0,34,16,0,7,38,28,0,2,1,128,40,30,57.1,Matches,GER-BL1,17-18
e7d22eae,314,Jan Morávek,CZE,MF,Augsburg,27,1989,7.8,5,1,1,26,2,0,2,11,37,0,0,0,38,16,14,53.3,Matches,GER-BL1,17-18
cbac6ec9,315,Florian Müller,GER,GK,Mainz 05,19,1997,5.0,0,0,0,0,0,0,0,0,0,0,0,0,4,3,0,100.0,Matches,GER-BL1,17-18
5e1df051,316,Nicolai Müller,GER,"DF,MF",Hamburger SV,29,1987,1.1,0,0,0,0,0,0,0,0,0,0,0,0,2,0,1,0.0,Matches,GER-BL1,17-18
3c6089ab,317,Thomas Müller,GER,"MF,FW",Bayern Munich,27,1989,22.3,4,0,0,21,14,10,79,7,30,0,0,0,52,33,47,41.3,Matches,GER-BL1,17-18
5343eb4e,318,Yoshinori Mutō,JPN,FW,Mainz 05,25,1992,21.2,2,0,0,36,43,16,10,6,15,2,0,0,47,32,62,34.0,Matches,GER-BL1,17-18
dc29b608,319,Yvon Mvogo,SUI,GK,RB Leipzig,23,1994,1.0,0,0,0,0,0,0,0,0,0,0,0,0,4,0,0,,Matches,GER-BL1,17-18
03bd0bf4,320,Naldo,BRA,DF,Schalke 04,34,1982,34.0,5,0,0,34,18,1,0,55,36,0,2,0,180,159,40,79.9,Matches,GER-BL1,17-18
30261ba1,321,Nikolas Nartey,DEN,MF,Köln,17,2000,0.1,0,0,0,0,0,0,0,0,0,0,0,0,0,0,0,,Matches,GER-BL1,17-18
f35430a4,322,Matija Nastasić,SRB,DF,Schalke 04,24,1993,22.1,6,1,1,36,6,1,1,36,38,0,1,0,101,43,27,61.4,Matches,GER-BL1,17-18
8778c910,323,Manuel Neuer,GER,GK,Bayern Munich,31,1986,3.0,0,0,0,0,0,0,0,0,0,0,0,0,14,0,0,,Matches,GER-BL1,17-18
d6862409,324,Florian Niederlechner,GER,"FW,MF",Freiburg,26,1990,7.7,1,0,0,16,21,9,3,3,6,1,0,0,24,10,24,29.4,Matches,GER-BL1,17-18
6cafd68d,325,Håvard Nordtveit,NOR,DF,Hoffenheim,27,1990,10.8,0,0,0,10,7,0,0,10,16,0,0,0,35,13,5,72.2,Matches,GER-BL1,17-18
81aeb1dd,326,Paul-Georges Ntep,CMR,"FW,MF",Wolfsburg,25,1992,1.8,2,1,1,7,5,1,8,1,2,0,0,0,10,0,4,0.0,Matches,GER-BL1,17-18
afb0c500,327,Alexander Nübel,GER,GK,Schalke 04,20,1996,0.5,0,0,0,0,0,0,0,0,0,0,0,0,1,0,0,,Matches,GER-BL1,17-18
78952998,328,Philipp Ochs,GER,"FW,DF",Hoffenheim,20,1997,0.8,0,0,0,0,0,1,3,1,4,0,0,0,4,1,1,50.0,Matches,GER-BL1,17-18
d1661819,329,Bastian Oczipka,GER,"DF,MF",Schalke 04,28,1989,25.8,2,0,0,20,52,2,164,40,48,0,1,0,127,13,25,34.2,Matches,GER-BL1,17-18
a5d77c4e,330,Ebenezer Ofori,GHA,MF,Stuttgart,22,1995,0.1,0,0,0,2,0,0,0,0,0,0,0,0,1,0,0,,Matches,GER-BL1,17-18
7124239e,331,Kwasi Okyere Wriedt,GHA,MF,Bayern Munich,23,1994,0.3,0,0,0,0,0,0,1,0,2,0,0,0,1,0,2,0.0,Matches,GER-BL1,17-18
896c126c,332,Paweł Olkowski,POL,DF,Köln,27,1990,5.0,1,0,0,9,4,0,15,3,12,0,1,0,22,2,8,20.0,Matches,GER-BL1,17-18
f26834c7,333,Karim Onisiwo,AUT,"DF,FW",Mainz 05,25,1992,2.8,0,0,0,9,10,1,2,1,5,0,0,0,12,6,6,50.0,Matches,GER-BL1,17-18
49d53c68,334,Daniel Opare,GHA,DF,Augsburg,26,1990,15.7,6,0,0,20,22,0,59,28,27,0,0,0,92,23,20,53.5,Matches,GER-BL1,17-18
20030c06,335,Willi Orban,HUN,DF,RB Leipzig,24,1992,23.6,5,1,0,27,31,4,3,28,30,0,0,0,91,110,64,63.2,Matches,GER-BL1,17-18
43a166b4,336,Divock Origi,BEL,FW,Wolfsburg,22,1995,21.9,2,0,0,32,40,16,13,3,5,0,0,0,46,45,63,41.7,Matches,GER-BL1,17-18
f69fba57,337,Yuya Osako,JPN,"FW,MF",Köln,27,1990,21.1,3,1,1,24,39,6,25,8,10,0,0,0,71,35,51,40.7,Matches,GER-BL1,17-18
8c90fd7a,338,Victor Osimhen,NGA,"FW,MF",Wolfsburg,18,1998,3.2,0,0,0,9,8,2,5,2,4,0,0,0,8,20,31,39.2,Matches,GER-BL1,17-18
1cd87320,339,Matthias Ostrzolek,GER,"DF,MF",Hannover 96,27,1990,26.4,5,0,0,30,35,1,80,30,53,1,0,0,113,20,26,43.5,Matches,GER-BL1,17-18
f04f45a2,340,Anas Ouahim,GER,MF,Köln,19,1997,0.2,0,0,0,0,0,0,1,0,1,0,0,0,1,0,0,,Matches,GER-BL1,17-18
8b6e0db2,341,Reece Oxford,ENG,"DF,MF",Gladbach,18,1998,5.1,1,0,0,9,5,0,4,9,6,0,0,0,23,15,12,55.6,Matches,GER-BL1,17-18
31114001,342,Berkay Özcan,TUR,"MF,FW",Stuttgart,19,1998,11.1,1,0,0,8,9,1,47,3,10,0,0,0,38,11,34,24.4,Matches,GER-BL1,17-18
a165a577,343,Ramazan Özcan,AUT,GK,Leverkusen,33,1984,1.0,0,0,0,0,0,0,0,0,0,0,0,0,2,0,0,,Matches,GER-BL1,17-18
15413fa5,344,Salih Özcan,TUR,MF,Köln,19,1998,18.6,5,0,0,52,44,1,1,29,42,0,1,0,115,68,54,55.7,Matches,GER-BL1,17-18
66385c46,345,Levin Öztunalı,GER,"FW,MF",Mainz 05,21,1996,19.3,3,0,0,29,24,8,57,11,19,0,0,0,78,21,22,48.8,Matches,GER-BL1,17-18
931b7c30,346,Kyriakos Papadopoulos,GRE,DF,Hamburger SV,25,1992,29.0,12,1,1,36,28,2,2,43,54,0,1,0,132,107,62,63.3,Matches,GER-BL1,17-18
b682dcf6,347,Sokratis Papastathopoulos,GRE,DF,Dortmund,29,1988,26.4,5,1,0,39,33,1,3,30,47,0,1,0,99,78,32,70.9,Matches,GER-BL1,17-18
b9ebc83e,348,Shawn Parker,GER,"FW,MF",Augsburg,24,1993,0.5,0,0,0,1,1,2,0,0,0,0,0,0,1,0,0,,Matches,GER-BL1,17-18
5c899683,349,Felix Passlack,GER,"FW,DF",Hoffenheim,19,1998,0.7,0,0,0,0,0,0,0,0,2,0,0,0,2,1,0,100.0,Matches,GER-BL1,17-18
5c899683,350,Felix Passlack,GER,DF,Dortmund,19,1998,0.1,0,0,0,0,0,0,0,1,0,0,0,0,0,0,0,,Matches,GER-BL1,17-18
45a03961,351,Benjamin Pavard,FRA,DF,Stuttgart,21,1996,34.0,2,0,0,24,21,2,9,70,40,0,2,0,124,100,86,53.8,Matches,GER-BL1,17-18
0a1cb833,352,Jiří Pavlenka,CZE,GK,Werder Bremen,25,1992,34.0,1,0,0,0,8,0,0,0,1,0,0,0,42,9,1,90.0,Matches,GER-BL1,17-18
c18d22f5,353,Peter Pekarík,SVK,DF,Hertha BSC,30,1986,15.3,1,0,0,14,13,0,19,18,33,0,0,0,54,14,13,51.9,Matches,GER-BL1,17-18
f93e6e94,354,Nils Petersen,GER,FW,Freiburg,28,1988,24.9,4,1,1,16,19,9,18,17,18,4,0,0,54,89,156,36.3,Matches,GER-BL1,17-18
061e8e23,355,Maximilian Philipp,GER,FW,Dortmund,23,1994,13.4,0,0,0,17,24,11,12,6,19,0,0,0,29,23,23,50.0,Matches,GER-BL1,17-18
fe2db476,356,Łukasz Piszczek,POL,DF,Dortmund,32,1985,23.8,3,0,0,22,24,2,56,42,37,1,0,0,91,63,37,63.0,Matches,GER-BL1,17-18
54b6ee79,357,Claudio Pizarro,PER,"FW,MF",Köln,38,1978,6.4,0,0,0,6,6,8,2,3,9,0,0,0,24,17,26,39.5,Matches,GER-BL1,17-18
2c38b327,358,Marko Pjaca,CRO,"FW,MF",Schalke 04,22,1995,2.9,0,0,0,5,5,0,0,1,3,0,0,0,6,4,13,23.5,Matches,GER-BL1,17-18
f7aa75bd,359,Marvin Plattenhardt,GER,DF,Hertha BSC,25,1992,33.0,6,0,0,34,32,1,195,27,43,0,0,0,135,32,18,64.0,Matches,GER-BL1,17-18
ea003d07,360,Joel Pohjanpalo,FIN,"MF,FW",Leverkusen,22,1994,1.3,0,0,0,2,2,0,0,0,0,0,0,0,4,3,6,33.3,Matches,GER-BL1,17-18
fb2a63bb,361,Eugen Polanski,POL,MF,Hoffenheim,31,1986,2.9,1,0,0,4,3,0,0,4,7,0,0,0,23,0,2,0.0,Matches,GER-BL1,17-18
d6f6ce93,362,Julian Pollersbeck,GER,GK,Hamburger SV,22,1994,10.0,1,0,0,0,0,0,0,0,0,0,0,0,29,0,0,,Matches,GER-BL1,17-18
7f609bfc,363,Stefan Posch,AUT,DF,Hoffenheim,20,1997,8.4,3,0,0,11,3,0,7,24,21,0,2,0,35,14,10,58.3,Matches,GER-BL1,17-18
d2416c2e,364,Yussuf Poulsen,DEN,FW,RB Leipzig,23,1994,18.5,1,0,0,32,38,12,12,9,19,0,0,0,50,93,69,57.4,Matches,GER-BL1,17-18
1bf33a9a,365,Christian Pulisic,USA,"FW,DF",Dortmund,18,1998,25.6,1,0,0,16,34,9,75,16,30,1,0,0,97,16,58,21.6,Matches,GER-BL1,17-18
74c7c2db,366,Robin Quaison,SWE,FW,Mainz 05,23,1993,15.7,3,0,0,31,16,4,7,7,14,0,0,0,35,23,66,25.8,Matches,GER-BL1,17-18
791af558,367,Raffael,BRA,FW,Gladbach,32,1985,23.0,0,0,0,17,35,7,15,8,32,0,0,0,94,3,16,15.8,Matches,GER-BL1,17-18
d003e213,368,Rafinha,BRA,DF,Bayern Munich,31,1985,20.6,4,0,0,23,30,0,59,32,33,0,0,0,117,18,20,47.4,Matches,GER-BL1,17-18
e4086af3,369,Baba Rahman,GHA,DF,Schalke 04,23,1994,0.4,0,0,0,0,0,0,0,2,0,0,0,0,5,0,0,,Matches,GER-BL1,17-18
7483d9f9,370,André Ramalho,BRA,"DF,FW",Leverkusen,25,1992,0.4,0,0,0,0,0,0,0,1,1,0,0,0,2,0,2,0.0,Matches,GER-BL1,17-18
6c6a3300,371,Milot Rashica,KVX,"FW,MF",Werder Bremen,21,1996,4.3,0,0,0,4,9,3,20,3,2,0,0,0,23,2,4,33.3,Matches,GER-BL1,17-18
6435e737,372,Konstantin Rausch,RUS,DF,Köln,27,1990,10.3,3,0,0,11,8,1,70,17,16,0,1,0,50,10,11,47.6,Matches,GER-BL1,17-18
4d74201d,373,Yoric Ravet,FRA,"FW,MF",Freiburg,27,1989,5.5,0,1,0,10,6,5,46,3,7,0,0,0,15,10,14,41.7,Matches,GER-BL1,17-18
536cebe5,374,Ante Rebić,CRO,FW,Eint Frankfurt,23,1993,19.5,8,0,0,56,36,11,36,6,29,1,0,0,62,33,59,35.9,Matches,GER-BL1,17-18
b1823b08,375,Fabian Reese,GER,"FW,MF",Schalke 04,19,1997,0.8,0,0,0,3,0,0,0,2,2,0,0,0,7,0,7,0.0,Matches,GER-BL1,17-18
3376a776,376,Karim Rekik,NED,DF,Hertha BSC,22,1994,25.6,4,0,0,27,18,2,1,28,29,0,2,0,95,56,39,58.9,Matches,GER-BL1,17-18
4bd00a50,377,Panagiotis Retsos,GRE,DF,Leverkusen,18,1998,19.1,6,0,0,37,19,2,16,29,40,0,2,0,105,42,29,59.2,Matches,GER-BL1,17-18
36a3ff67,378,Marco Reus,GER,"MF,FW",Dortmund,28,1989,10.3,1,0,0,13,20,5,31,4,8,0,0,0,42,3,11,21.4,Matches,GER-BL1,17-18
1ae836b1,379,Elvis Rexhbeçaj,GER,"DF,MF",Wolfsburg,19,1997,1.4,0,0,0,3,2,0,1,2,2,0,0,0,1,2,9,18.2,Matches,GER-BL1,17-18
f61c7c4e,380,Franck Ribéry,FRA,"FW,MF",Bayern Munich,34,1983,13.4,3,0,0,11,41,2,39,7,16,0,0,0,72,2,5,28.6,Matches,GER-BL1,17-18
f972644c,381,Marco Richter,GER,FW,Augsburg,19,1997,7.2,0,0,0,17,22,1,9,1,14,0,0,0,32,7,11,38.9,Matches,GER-BL1,17-18
c70b221c,382,Birk Risa,NOR,FW,Köln,19,1998,0.9,0,0,0,2,1,1,2,0,1,0,0,0,3,1,4,20.0,Matches,GER-BL1,17-18
140afefb,383,Marcel Risse,GER,"DF,MF",Köln,27,1989,13.0,2,0,0,9,6,3,121,6,14,0,0,0,72,1,7,12.5,Matches,GER-BL1,17-18
09586899,384,Arjen Robben,NED,"FW,MF",Bayern Munich,33,1984,16.7,0,0,0,10,25,9,65,4,11,1,0,0,52,16,11,59.3,Matches,GER-BL1,17-18
715bf047,385,James Rodríguez,COL,"MF,FW",Bayern Munich,26,1991,18.0,2,0,0,22,33,4,132,12,27,0,0,0,126,6,12,33.3,Matches,GER-BL1,17-18
80f36c88,386,Sebastian Rudy,GER,MF,Bayern Munich,27,1990,16.8,2,0,0,21,15,0,37,18,40,0,0,0,81,18,7,72.0,Matches,GER-BL1,17-18
3faa1780,387,Lukas Rupp,GER,"MF,FW",Hoffenheim,26,1991,12.9,1,0,0,32,23,0,17,13,32,0,0,0,84,4,28,12.5,Matches,GER-BL1,17-18
e26c4233,388,Marco Russ,GER,DF,Eint Frankfurt,31,1985,12.7,3,0,0,11,14,0,0,24,11,0,0,1,45,57,32,64.0,Matches,GER-BL1,17-18
e280527c,389,Marcel Sabitzer,AUT,"MF,FW",RB Leipzig,23,1994,19.9,4,0,0,14,33,4,65,24,28,1,0,0,118,13,15,46.4,Matches,GER-BL1,17-18
f4081572,390,Nuri Şahin,TUR,MF,Dortmund,28,1988,13.6,2,0,0,21,20,0,24,20,34,0,0,0,72,32,22,59.3,Matches,GER-BL1,17-18
c8e25f78,391,Gōtoku Sakai,JPN,"DF,MF",Hamburger SV,26,1991,25.4,2,0,0,30,26,0,40,44,40,0,0,0,130,37,42,46.8,Matches,GER-BL1,17-18
64c07ae1,392,Carlos Salcedo,MEX,DF,Eint Frankfurt,23,1993,17.9,5,0,0,27,13,0,6,21,22,0,0,0,77,44,25,63.8,Matches,GER-BL1,17-18
a4e14205,393,Sejad Salihović,BIH,MF,Hamburger SV,32,1984,4.1,1,0,0,8,4,0,33,5,5,0,0,0,38,7,6,53.8,Matches,GER-BL1,17-18
c0a0c18f,394,Jairo Samperio,ESP,"MF,FW",Mainz 05,24,1993,0.4,1,0,0,0,1,0,0,0,1,0,0,0,0,0,1,0.0,Matches,GER-BL1,17-18
dbf053da,395,Jadon Sancho,ENG,FW,Dortmund,17,2000,7.7,0,0,0,1,9,1,14,5,5,0,0,0,36,5,6,45.5,Matches,GER-BL1,17-18
125cb9fe,396,Lamine Sané,SEN,DF,Werder Bremen,30,1987,8.7,1,0,0,6,9,1,0,20,14,0,0,0,36,26,19,57.8,Matches,GER-BL1,17-18
791abba1,397,Salif Sané,SEN,DF,Hannover 96,26,1990,32.0,6,0,0,35,36,1,4,57,43,0,1,0,217,174,41,80.9,Matches,GER-BL1,17-18
c50e5bba,398,Douglas Santos,BRA,DF,Hamburger SV,23,1994,26.4,6,0,0,39,19,1,83,56,60,0,0,0,156,35,39,47.3,Matches,GER-BL1,17-18
37c213cf,399,Julian Schieber,GER,"MF,FW",Hertha BSC,28,1989,0.6,0,0,0,2,1,0,0,0,1,0,0,0,1,4,0,100.0,Matches,GER-BL1,17-18
53eeaf6a,400,Sven Schipplock,GER,"FW,MF",Hamburger SV,28,1988,3.8,0,0,0,10,11,0,0,1,6,0,0,0,4,18,19,48.6,Matches,GER-BL1,17-18
89565ac5,401,Marcel Schmelzer,GER,DF,Dortmund,29,1988,16.6,3,0,0,16,24,0,37,30,27,0,0,0,73,39,38,50.6,Matches,GER-BL1,17-18
088ca1bd,402,Jonathan Schmid,FRA,"DF,FW",Augsburg,27,1990,16.4,1,0,0,11,15,1,88,10,16,0,0,0,63,21,20,51.2,Matches,GER-BL1,17-18
d8f5dc3d,403,Manuel Schmiedebach,GER,MF,Hannover 96,28,1988,1.8,1,0,0,4,1,0,2,5,5,0,0,0,12,1,6,14.3,Matches,GER-BL1,17-18
ad00b1a8,404,Benno Schmitz,GER,DF,RB Leipzig,22,1994,0.9,0,0,0,0,1,0,1,0,2,0,0,0,4,3,1,75.0,Matches,GER-BL1,17-18
106bca06,405,Alessandro Schöpf,AUT,"DF,FW",Schalke 04,23,1994,9.0,3,0,0,26,15,1,19,15,17,0,0,0,71,8,13,38.1,Matches,GER-BL1,17-18
fa274d97,406,Nico Schulz,GER,"FW,MF",Hoffenheim,24,1993,19.8,3,0,0,22,21,4,81,23,29,1,0,0,101,8,27,22.9,Matches,GER-BL1,17-18
ecbb3fdf,407,André Schürrle,GER,FW,Dortmund,26,1990,13.7,0,0,0,13,15,11,55,7,19,0,0,0,46,18,22,45.0,Matches,GER-BL1,17-18
d0421d25,408,Julian Schuster,GER,"DF,MF",Freiburg,32,1985,14.5,1,0,0,7,9,0,74,19,10,0,2,2,55,19,16,54.3,Matches,GER-BL1,17-18
5528407e,409,Pirmin Schwegler,SUI,MF,Hannover 96,30,1987,25.8,10,0,0,60,54,0,122,49,57,0,0,0,103,40,21,65.6,Matches,GER-BL1,17-18
0d55d942,410,Alexander Schwolow,GER,GK,Freiburg,25,1992,32.3,0,0,0,0,1,0,0,0,0,0,0,1,52,8,0,100.0,Matches,GER-BL1,17-18
1238a3f9,411,Davie Selke,GER,FW,Hertha BSC,22,1995,21.0,4,0,0,60,39,10,13,2,10,4,0,0,34,98,100,49.5,Matches,GER-BL1,17-18
b3325a30,412,Suat Serdar,GER,MF,Mainz 05,20,1997,18.9,3,0,0,36,28,0,5,21,47,0,0,0,94,18,21,46.2,Matches,GER-BL1,17-18
012c38ec,413,Meritan Shabani,ALB,FW,Bayern Munich,18,1999,0.6,0,0,0,0,1,1,0,0,1,0,0,0,3,0,1,0.0,Matches,GER-BL1,17-18
92ffb8f9,414,Vincent Sierro,SUI,"MF,FW",Freiburg,21,1995,2.4,0,0,0,7,1,0,6,4,6,0,0,0,1,3,3,50.0,Matches,GER-BL1,17-18
0d8a37c2,415,Tobias Sippel,GER,GK,Gladbach,29,1988,4.8,0,0,0,0,0,0,0,0,1,0,0,0,4,0,0,,Matches,GER-BL1,17-18
420c18a1,416,Yann Sommer,SUI,GK,Gladbach,28,1988,29.2,1,0,0,0,3,0,0,3,0,0,0,0,48,8,1,88.9,Matches,GER-BL1,17-18
541cdd20,417,Oliver Sorg,GER,"DF,MF",Hannover 96,27,1990,18.7,4,0,0,18,17,0,25,42,28,0,0,0,71,15,18,45.5,Matches,GER-BL1,17-18
21166ff4,418,Çağlar Söyüncü,TUR,DF,Freiburg,21,1996,23.9,5,2,1,26,18,2,2,54,26,0,0,0,98,52,37,58.4,Matches,GER-BL1,17-18
861e0116,419,Kostas Stafylidis,GRE,"FW,DF",Augsburg,23,1993,0.4,0,0,0,0,0,0,0,0,1,0,0,0,3,0,0,,Matches,GER-BL1,17-18
5939baa2,420,Benjamin Stambouli,FRA,"DF,MF",Schalke 04,26,1990,24.4,4,0,0,45,15,0,2,64,75,0,2,1,138,42,32,56.8,Matches,GER-BL1,17-18
381e52af,421,Caleb Stanko,USA,DF,Freiburg,24,1993,2.1,0,0,0,3,2,0,0,1,2,0,0,1,14,3,7,30.0,Matches,GER-BL1,17-18
aad48be9,422,Niklas Stark,GER,"DF,MF",Hertha BSC,22,1995,24.6,2,0,0,26,28,0,2,34,31,0,2,1,64,64,43,59.8,Matches,GER-BL1,17-18
5b52d1f7,423,Tom Starke,GER,GK,Bayern Munich,36,1981,2.0,0,0,0,0,0,0,0,0,0,0,0,0,1,0,0,,Matches,GER-BL1,17-18
dd669209,424,Renato Steffen,SUI,"FW,MF",Wolfsburg,25,1991,7.3,3,0,0,20,15,0,9,5,9,0,1,0,22,4,15,21.1,Matches,GER-BL1,17-18
500cd987,425,Marc Stendera,GER,MF,Eint Frankfurt,21,1995,4.1,1,0,0,9,10,1,8,8,20,0,0,0,26,3,3,50.0,Matches,GER-BL1,17-18
99f7e9aa,426,Pascal Stenzel,GER,"MF,DF",Freiburg,21,1996,21.6,3,0,0,23,16,0,42,35,45,0,0,0,115,18,22,45.0,Matches,GER-BL1,17-18
7cd6badb,427,Lars Stindl,GER,"FW,MF",Gladbach,28,1988,30.3,5,0,0,61,66,9,19,31,39,1,0,0,121,55,61,47.4,Matches,GER-BL1,17-18
6b85f966,428,Valentin Stocker,SUI,MF,Hertha BSC,28,1989,0.6,0,0,0,4,1,0,1,0,0,0,0,0,2,3,2,60.0,Matches,GER-BL1,17-18
17780d2b,429,Tobias Strobl,GER,MF,Gladbach,27,1990,1.3,0,0,0,1,0,0,0,6,1,0,0,0,6,5,0,100.0,Matches,GER-BL1,17-18
821233cc,430,Neven Subotić,SRB,DF,Dortmund,28,1988,3.0,1,0,0,4,2,0,0,5,9,0,0,0,15,7,7,50.0,Matches,GER-BL1,17-18
e33c06cf,431,Niklas Süle,GER,DF,Bayern Munich,21,1995,21.4,1,0,0,16,11,0,5,33,25,0,2,3,108,43,28,60.6,Matches,GER-BL1,17-18
53e07d0b,432,Ádám Szalai,HUN,FW,Hoffenheim,29,1987,10.0,2,0,0,14,22,12,1,0,7,0,0,0,7,30,33,47.6,Matches,GER-BL1,17-18
68635c10,433,Frederik Sørensen,DEN,DF,Köln,25,1992,22.2,9,0,0,41,12,1,15,37,45,0,0,0,98,56,39,58.9,Matches,GER-BL1,17-18
bd142efb,434,Jonathan Tah,GER,DF,Leverkusen,21,1996,27.0,1,0,0,15,23,0,4,34,34,0,1,0,175,70,35,66.7,Matches,GER-BL1,17-18
bbb496b5,435,Taleb Tawatha,ISR,"DF,MF",Eint Frankfurt,25,1992,4.9,1,0,0,7,5,1,24,6,7,0,0,0,19,5,11,31.3,Matches,GER-BL1,17-18
863ff1ee,436,Simon Terodde,GER,FW,Stuttgart,29,1988,10.6,2,0,0,16,24,15,2,5,6,1,0,0,22,50,60,45.5,Matches,GER-BL1,17-18
863ff1ee,437,Simon Terodde,GER,FW,Köln,29,1988,12.9,2,0,0,31,35,15,2,4,9,1,0,0,17,51,68,42.9,Matches,GER-BL1,17-18
7e689867,438,Marco Terrazzino,GER,"MF,FW",Freiburg,26,1991,16.5,3,0,0,14,17,1,12,9,24,1,0,0,53,17,28,37.8,Matches,GER-BL1,17-18
f956479d,439,Cedric Teuchert,GER,FW,Schalke 04,20,1997,0.4,0,0,0,0,0,0,1,0,0,0,0,0,3,0,0,,Matches,GER-BL1,17-18
df8e7b62,440,Erik Thommy,GER,FW,Augsburg,22,1994,1.9,1,0,0,2,2,1,13,5,5,0,0,0,10,1,0,100.0,Matches,GER-BL1,17-18
df8e7b62,441,Erik Thommy,GER,MF,Stuttgart,22,1994,10.9,0,0,0,12,21,2,76,9,11,0,0,0,40,10,22,31.3,Matches,GER-BL1,17-18
45954ec7,442,Marcel Tisserand,COD,DF,Wolfsburg,24,1993,13.9,4,0,0,25,14,0,23,31,10,0,2,0,63,26,23,53.1,Matches,GER-BL1,17-18
652d4c37,443,Corentin Tolisso,FRA,MF,Bayern Munich,22,1994,17.5,3,0,0,21,39,0,12,16,22,1,0,0,64,20,27,42.6,Matches,GER-BL1,17-18
a96e5dc0,444,Jeremy Toljan,GER,"DF,FW",Hoffenheim,22,1994,2.0,0,0,0,3,3,0,1,0,1,0,0,0,7,2,1,66.7,Matches,GER-BL1,17-18
a96e5dc0,445,Jeremy Toljan,GER,DF,Dortmund,22,1994,13.5,1,0,0,6,21,2,25,12,20,0,0,0,61,12,16,42.9,Matches,GER-BL1,17-18
c5fd13e9,446,Ömer Toprak,TUR,DF,Dortmund,28,1989,22.4,1,0,0,20,25,0,0,21,25,0,0,0,145,78,34,69.6,Matches,GER-BL1,17-18
f86cabbd,447,Jordan Torunarigha,GER,DF,Hertha BSC,19,1997,7.4,0,1,0,10,7,0,0,23,12,0,0,0,32,20,16,55.6,Matches,GER-BL1,17-18
096a77c4,448,Ibrahima Traoré,GUI,MF,Gladbach,29,1988,2.2,0,0,0,1,2,2,17,0,2,0,0,0,9,0,0,,Matches,GER-BL1,17-18
73e2f6eb,449,Philipp Tschauner,GER,GK,Hannover 96,31,1985,31.0,1,0,0,0,6,0,0,0,0,0,0,0,35,1,1,50.0,Matches,GER-BL1,17-18
99be8fb5,450,Anthony Ujah,NGA,FW,Mainz 05,26,1990,2.3,0,0,0,4,2,4,2,0,3,0,0,0,2,12,13,48.0,Matches,GER-BL1,17-18
7d3e7da6,451,Sven Ulreich,GER,GK,Bayern Munich,28,1988,29.0,1,0,0,1,2,0,0,3,0,0,1,0,84,8,2,80.0,Matches,GER-BL1,17-18
d248cd8f,452,Dayot Upamecano,FRA,DF,RB Leipzig,18,1998,25.2,3,1,1,32,11,1,0,55,43,0,3,0,157,101,53,65.6,Matches,GER-BL1,17-18
a3ddb1b9,453,Mark Uth,GER,FW,Hoffenheim,25,1991,24.2,5,0,0,50,25,26,22,9,23,1,0,0,42,24,47,33.8,Matches,GER-BL1,17-18
fb377d11,454,Josha Vagnoman,GER,MF,Hamburger SV,16,2000,0.2,0,0,0,0,0,0,0,0,1,0,0,0,0,0,0,,Matches,GER-BL1,17-18
a5ae8f8e,455,Miloš Veljković,SRB,DF,Werder Bremen,21,1995,29.5,2,0,0,21,27,1,8,34,32,0,1,1,89,46,49,48.4,Matches,GER-BL1,17-18
97655ccd,456,Paul Verhaegh,NED,DF,Wolfsburg,33,1983,29.0,6,0,0,20,32,0,61,33,38,0,0,0,90,29,22,56.9,Matches,GER-BL1,17-18
1900032e,457,Jannik Vestergaard,DEN,DF,Gladbach,24,1992,32.0,5,0,0,27,22,4,0,40,41,0,1,1,113,97,55,63.8,Matches,GER-BL1,17-18
67cdbc0e,458,Arturo Vidal,CHI,MF,Bayern Munich,30,1987,16.2,6,0,0,45,17,4,8,28,51,0,0,0,108,38,33,53.5,Matches,GER-BL1,17-18
57200916,459,Julio Villalba,PAR,DF,Gladbach,18,1998,0.1,1,0,0,1,0,0,1,0,0,0,0,0,0,1,1,50.0,Matches,GER-BL1,17-18
1d8e9add,460,Kevin Vogt,GER,DF,Hoffenheim,25,1991,31.0,9,0,0,20,33,0,0,25,28,0,1,1,207,31,25,55.4,Matches,GER-BL1,17-18
64f69877,461,Kevin Volland,GER,"FW,MF",Leverkusen,25,1992,28.8,5,0,0,59,60,18,39,3,20,0,0,0,64,23,61,27.4,Matches,GER-BL1,17-18
61b0b44d,462,Sandro Wagner,GER,FW,Hoffenheim,29,1987,9.7,3,0,0,27,26,2,2,3,5,0,0,0,25,44,42,51.2,Matches,GER-BL1,17-18
61b0b44d,463,Sandro Wagner,GER,FW,Bayern Munich,29,1987,8.1,1,0,0,23,10,3,2,2,6,0,0,0,7,17,24,41.5,Matches,GER-BL1,17-18
26db8853,464,Walace,BRA,MF,Hamburger SV,22,1995,14.6,3,0,0,22,6,0,4,21,25,0,0,0,113,29,23,55.8,Matches,GER-BL1,17-18
e5a35ae9,465,Luca Waldschmidt,GER,"MF,FW",Hamburger SV,21,1996,8.8,0,0,0,14,14,6,6,3,6,2,0,0,29,6,12,33.3,Matches,GER-BL1,17-18
16b8fabd,466,Roman Weidenfeller,GER,GK,Dortmund,36,1980,1.0,0,0,0,0,0,0,0,0,0,0,0,0,1,0,0,,Matches,GER-BL1,17-18
346d51d9,467,Julian Weigl,GER,MF,Dortmund,21,1995,21.6,4,0,0,40,42,0,4,34,49,0,0,0,113,33,27,55.0,Matches,GER-BL1,17-18
30c220c3,468,Mitchell Weiser,GER,"DF,FW",Hertha BSC,23,1994,22.0,2,0,0,33,48,0,91,44,43,0,0,0,96,23,41,35.9,Matches,GER-BL1,17-18
f9acca3a,469,Wendell,BRA,DF,Leverkusen,24,1993,23.5,7,1,0,32,21,1,68,28,41,0,0,0,125,18,22,45.0,Matches,GER-BL1,17-18
b69261a0,470,Oscar Wendt,SWE,DF,Gladbach,31,1985,27.3,2,0,0,31,13,3,86,27,40,0,0,0,101,19,26,42.2,Matches,GER-BL1,17-18
49fe9070,471,Timo Werner,GER,FW,RB Leipzig,21,1996,27.7,1,0,0,26,25,38,53,7,11,0,0,0,46,14,24,36.8,Matches,GER-BL1,17-18
9050ddc4,472,Jetro Willems,NED,"FW,DF",Eint Frankfurt,23,1994,18.5,4,0,0,24,24,9,96,20,42,0,0,0,99,19,23,45.2,Matches,GER-BL1,17-18
d4d0a9ad,473,William,BRA,DF,Wolfsburg,22,1995,17.9,5,1,1,28,24,0,45,46,61,0,1,0,85,21,30,41.2,Matches,GER-BL1,17-18
fa661778,474,Marius Wolf,GER,"MF,FW",Eint Frankfurt,22,1995,26.3,4,0,0,26,23,5,107,27,28,0,0,0,92,11,26,29.7,Matches,GER-BL1,17-18
9853983f,475,Bobby Wood,USA,"FW,MF",Hamburger SV,24,1992,17.9,2,1,1,31,25,7,5,2,8,0,0,0,49,65,98,39.9,Matches,GER-BL1,17-18
849c826a,476,Andriy Yarmolenko,UKR,"FW,MF",Dortmund,27,1989,11.5,0,0,0,19,25,6,46,7,12,0,0,0,42,9,13,40.9,Matches,GER-BL1,17-18
a4effc55,477,Dan-Axel Zagadou,FRA,DF,Dortmund,18,1999,7.3,0,1,0,13,4,0,11,11,8,0,0,0,24,40,19,67.8,Matches,GER-BL1,17-18
384d58d9,478,Denis Zakaria,SUI,MF,Gladbach,20,1996,25.5,11,0,0,57,25,1,2,45,48,0,1,0,135,17,24,41.5,Matches,GER-BL1,17-18
5c4bf6ba,479,Robin Zentner,GER,GK,Mainz 05,22,1994,15.0,1,0,0,1,0,0,0,1,0,0,1,0,28,4,2,66.7,Matches,GER-BL1,17-18
a0606ae8,480,Ron-Robert Zieler,GER,GK,Stuttgart,28,1989,34.0,3,0,0,0,10,0,0,1,1,0,0,0,75,11,2,84.6,Matches,GER-BL1,17-18
e199d5b0,481,Matthias Zimmermann,GER,DF,Stuttgart,25,1992,0.9,0,0,0,0,0,0,2,1,1,0,0,0,5,2,0,100.0,Matches,GER-BL1,17-18
29f7cfd9,482,Simon Zoller,GER,"MF,FW",Köln,26,1991,10.7,3,0,0,15,9,6,18,8,7,0,0,0,35,20,16,55.6,Matches,GER-BL1,17-18
b6a6e0a7,483,Steven Zuber,SUI,"FW,DF",Hoffenheim,25,1991,15.9,2,0,0,11,19,0,33,17,30,0,0,0,71,5,11,31.3,Matches,GER-BL1,17-18
f2e3b81c,484,Robert Žulj,AUT,"MF,FW",Hoffenheim,25,1992,2.3,1,0,0,5,6,0,2,0,3,0,0,0,12,7,9,43.8,Matches,GER-BL1,17-18
