id,Unnamed: 0_level_0,Unnamed: 1_level_0,Unnamed: 2_level_0,Unnamed: 3_level_0,Unnamed: 4_level_0,Unnamed: 5_level_0,Unnamed: 6_level_0,Unnamed: 7_level_0,Standard,Standard,Standard,Standard,Standard,Standard,Standard,Standard,Standard,Standard,Standard,Standard,Expected,Expected,Expected,Expected,Expected,Unnamed: 25_level_0,Unnamed: league,Unnamed: season
,Rk,Player,Nation,Pos,Squad,Age,Born,90s,Gls,Sh,SoT,SoT%,Sh/90,SoT/90,G/Sh,G/SoT,Dist,FK,PK,PKatt,xG,npxG,npxG/Sh,G-xG,np:G-xG,Matches,league,season
cadfa7d1,1,Nabil Aberdin,FRA,DF,Getafe,20,2002,2.0,0,0,0,,0.0,0.0,,,,0,0,0,0.0,0.0,,0.0,0.0,Matches,ESP-LALIGA,23-24
7f9c5d2d,2,Abner,BRA,DF,Betis,23,2000,15.6,0,4,0,0.0,0.26,0.0,0.0,,15.4,0,0,0,0.1,0.1,0.03,-0.1,-0.1,Matches,ESP-LALIGA,23-24
2bc7f211,3,Abdel Abqar,MAR,DF,Alavés,24,1999,25.7,0,10,3,30.0,0.39,0.12,0.0,0.0,12.1,0,0,0,0.5,0.5,0.05,-0.5,-0.5,Matches,ESP-LALIGA,23-24
81442ecb,4,Marcos Acuña,ARG,DF,Sevilla,31,1991,14.4,1,9,4,44.4,0.63,0.28,0.11,0.25,27.9,0,0,0,0.3,0.3,0.03,0.7,0.7,Matches,ESP-LALIGA,23-24
a2c1a8d3,5,Julen Agirrezabala,ESP,GK,Athletic Club,22,2000,2.6,0,0,0,,0.0,0.0,,,,0,0,0,0.0,0.0,,0.0,0.0,Matches,ESP-LALIGA,23-24
8bc8829a,6,Lucien Agoume,FRA,MF,Sevilla,21,2002,8.6,0,6,2,33.3,0.69,0.23,0.0,0.0,13.2,0,0,0,0.9,0.9,0.14,-0.9,-0.9,Matches,ESP-LALIGA,23-24
18abe173,7,Joseph Aidoo,GHA,DF,Celta Vigo,27,1995,4.5,0,3,0,0.0,0.66,0.0,0.0,,15.8,0,0,0,0.1,0.1,0.03,-0.1,-0.1,Matches,ESP-LALIGA,23-24
b8bd60fe,8,Ilias Akhomach,MAR,"MF,FW",Villarreal,19,2004,16.8,2,30,7,23.3,1.79,0.42,0.07,0.29,18.1,0,0,0,3.2,3.2,0.11,-1.2,-1.2,Matches,ESP-LALIGA,23-24
06efa9dc,9,Sergio Akieme,ESP,DF,Almería,25,1997,18.6,2,9,5,55.6,0.48,0.27,0.22,0.4,17.4,0,0,0,1.2,1.2,0.13,0.8,0.8,Matches,ESP-LALIGA,23-24
31f5b89b,10,Paul Akouokou,CIV,MF,Betis,25,1997,0.3,0,0,0,,0.0,0.0,,,,0,0,0,0.0,0.0,,0.0,0.0,Matches,ESP-LALIGA,23-24
05439de2,11,David Alaba,AUT,DF,Real Madrid,31,1992,12.8,0,14,3,21.4,1.09,0.23,0.0,0.0,19.8,6,0,0,1.0,1.0,0.07,-1.0,-1.0,Matches,ESP-LALIGA,23-24
4bd414c1,12,Raúl Albiol,ESP,DF,Villarreal,37,1985,22.6,0,6,1,16.7,0.27,0.04,0.0,0.0,9.5,0,0,0,0.4,0.4,0.07,-0.4,-0.4,Matches,ESP-LALIGA,23-24
036bba5f,13,Rubén Alcaraz,ESP,MF,Cádiz,32,1991,34.8,3,46,10,21.7,1.32,0.29,0.02,0.1,24.9,8,2,2,3.3,1.7,0.04,-0.3,-0.7,Matches,ESP-LALIGA,23-24
bb08bce9,14,Omar Alderete,PAR,DF,Getafe,26,1996,24.4,0,24,5,20.8,0.98,0.21,0.0,0.0,19.7,3,0,0,1.2,1.2,0.05,-1.2,-1.2,Matches,ESP-LALIGA,23-24
3d7e48ce,15,Iván Alejo,ESP,MF,Cádiz,28,1995,18.8,0,11,2,18.2,0.59,0.11,0.0,0.0,21.9,0,0,0,0.5,0.5,0.04,-0.5,-0.5,Matches,ESP-LALIGA,23-24
6c811eb7,16,Carles Aleñá,ESP,MF,Getafe,25,1998,11.3,1,16,5,31.3,1.41,0.44,0.06,0.2,18.8,0,0,0,1.2,1.2,0.08,-0.2,-0.2,Matches,ESP-LALIGA,23-24
f8405304,17,Mohamed Ali Cho,FRA,"FW,MF",Real Sociedad,19,2004,2.8,0,3,0,0.0,1.08,0.0,0.0,,17.4,0,0,0,0.4,0.4,0.13,-0.4,-0.4,Matches,ESP-LALIGA,23-24
75a66bed,18,Tadeo Allende,ARG,"MF,FW",Celta Vigo,24,1999,3.7,1,8,2,25.0,2.14,0.54,0.13,0.5,17.4,0,0,0,1.2,1.2,0.16,-0.2,-0.2,Matches,ESP-LALIGA,23-24
e6697917,19,Domingos André Ribeiro Almeida,POR,"FW,MF",Valencia,23,2000,10.7,2,10,4,40.0,0.93,0.37,0.2,0.5,19.3,0,0,0,0.6,0.6,0.06,1.4,1.4,Matches,ESP-LALIGA,23-24
f4290206,20,Marcos Alonso,ESP,DF,Barcelona,32,1990,2.8,0,3,2,66.7,1.07,0.71,0.0,0.0,20.8,0,0,0,0.1,0.1,0.03,-0.1,-0.1,Matches,ESP-LALIGA,23-24
757a3431,21,Adrià Altimira,ESP,"DF,MF",Villarreal,22,2001,8.6,0,1,0,0.0,0.12,0.0,0.0,,27.2,0,0,0,0.0,0.0,0.03,0.0,0.0,Matches,ESP-LALIGA,23-24
94acdd4e,22,Sergi Altimira,ESP,MF,Betis,21,2001,6.3,1,7,2,28.6,1.11,0.32,0.14,0.5,22.3,0,0,0,0.2,0.2,0.03,0.8,0.8,Matches,ESP-LALIGA,23-24
852ddfb8,23,Gastón Álvarez,URU,DF,Getafe,23,2000,28.2,2,14,3,21.4,0.5,0.11,0.14,0.67,16.5,0,0,0,0.7,0.7,0.05,1.3,1.3,Matches,ESP-LALIGA,23-24
6f392eb8,24,Hugo Álvarez,ESP,"MF,DF",Celta Vigo,20,2003,8.5,1,12,4,33.3,1.42,0.47,0.08,0.25,13.9,0,0,0,1.0,1.0,0.09,0.0,0.0,Matches,ESP-LALIGA,23-24
3ecc11d8,25,Yeray Álvarez,ESP,DF,Athletic Club,28,1995,12.8,0,7,2,28.6,0.55,0.16,0.0,0.0,14.2,0,0,0,0.3,0.3,0.04,-0.3,-0.3,Matches,ESP-LALIGA,23-24
00eba9c9,26,Selim Amallah,MAR,"FW,MF",Valencia,26,1996,6.7,0,11,4,36.4,1.64,0.6,0.0,0.0,21.9,0,0,0,0.4,0.4,0.04,-0.4,-0.4,Matches,ESP-LALIGA,23-24
f3b1d9a2,27,Amath,SEN,"FW,MF",Mallorca,27,1996,4.4,0,12,2,16.7,2.74,0.46,0.0,0.0,14.1,0,0,0,1.6,1.6,0.13,-1.6,-1.6,Matches,ESP-LALIGA,23-24
56cafd0a,28,Miguel Ángel Rubio,ESP,DF,Granada,25,1998,17.3,1,9,2,22.2,0.52,0.12,0.11,0.5,10.4,0,0,0,0.8,0.8,0.09,0.2,0.2,Matches,ESP-LALIGA,23-24
fdd26d71,29,Fabrizio Angileri,ARG,"DF,MF",Getafe,29,1994,1.8,0,0,0,,0.0,0.0,,,,0,0,0,0.0,0.0,,0.0,0.0,Matches,ESP-LALIGA,23-24
58afe001,30,Mauro Arambarri,URU,MF,Getafe,27,1995,3.8,0,9,2,22.2,2.39,0.53,0.0,0.0,21.7,0,0,0,0.5,0.5,0.06,-0.5,-0.5,Matches,ESP-LALIGA,23-24
dc7a172e,31,Jon Aramburu,VEN,DF,Real Sociedad,21,2002,6.0,0,4,0,0.0,0.66,0.0,0.0,,23.2,0,0,0,0.1,0.1,0.04,-0.1,-0.1,Matches,ESP-LALIGA,23-24
8f4541c2,32,Julian Araujo,MEX,DF,Las Palmas,21,2001,16.2,1,7,2,28.6,0.43,0.12,0.14,0.5,20.5,0,0,0,0.7,0.7,0.1,0.3,0.3,Matches,ESP-LALIGA,23-24
2bef2bca,33,Ronald Araújo,URU,DF,Barcelona,24,1999,22.2,1,23,9,39.1,1.04,0.41,0.04,0.11,12.4,0,0,0,2.1,2.1,0.09,-1.1,-1.1,Matches,ESP-LALIGA,23-24
a461f098,34,Adu Ares,ESP,FW,Athletic Club,21,2001,2.9,0,4,0,0.0,1.36,0.0,0.0,,21.2,0,0,0,0.1,0.1,0.03,-0.1,-0.1,Matches,ESP-LALIGA,23-24
94e01ec6,35,Jesús Areso,ESP,DF,Osasuna,24,1999,29.6,1,9,2,22.2,0.3,0.07,0.11,0.5,27.1,0,0,0,0.2,0.2,0.02,0.8,0.8,Matches,ESP-LALIGA,23-24
484ebdb0,36,Matias Arezo,URU,FW,Granada,20,2002,4.1,0,12,4,33.3,2.93,0.98,0.0,0.0,18.1,0,0,0,1.2,1.2,0.1,-1.2,-1.2,Matches,ESP-LALIGA,23-24
d80d7f17,37,Iñigo Arguibide,ESP,DF,Osasuna,18,2005,0.2,0,0,0,,0.0,0.0,,,,0,0,0,0.0,0.0,,0.0,0.0,Matches,ESP-LALIGA,23-24
46e07328,38,José Arnaiz,ESP,"FW,MF",Osasuna,28,1995,10.3,2,29,9,31.0,2.81,0.87,0.07,0.22,22.7,5,0,0,1.7,1.7,0.06,0.3,0.3,Matches,ESP-LALIGA,23-24
1e465e70,39,Sergio Arribas,ESP,"MF,FW",Almería,21,2001,22.7,9,60,22,36.7,2.64,0.97,0.15,0.41,16.8,1,0,0,8.6,8.6,0.15,0.4,0.4,Matches,ESP-LALIGA,23-24
28d596a0,40,Kepa Arrizabalaga,ESP,GK,Real Madrid,28,1994,13.3,0,0,0,,0.0,0.0,,,,0,0,0,0.0,0.0,,0.0,0.0,Matches,ESP-LALIGA,23-24
7dcf86f6,41,Iago Aspas,ESP,FW,Celta Vigo,35,1987,30.1,9,74,23,31.1,2.46,0.76,0.08,0.26,20.0,6,3,5,11.5,7.5,0.1,-2.5,-1.5,Matches,ESP-LALIGA,23-24
253a06b9,42,Ezequiel Ávila,ARG,"FW,MF",Osasuna,29,1994,9.6,1,27,6,22.2,2.81,0.62,0.04,0.17,21.2,0,0,0,2.0,2.0,0.08,-1.0,-1.0,Matches,ESP-LALIGA,23-24
253a06b9,43,Ezequiel Ávila,ARG,FW,Betis,29,1994,3.3,1,9,3,33.3,2.72,0.91,0.11,0.33,21.9,0,0,0,0.7,0.7,0.08,0.3,0.3,Matches,ESP-LALIGA,23-24
53cad200,44,César Azpilicueta,ESP,DF,Atlético Madrid,33,1989,15.8,0,2,2,100.0,0.13,0.13,0.0,0.0,20.3,0,0,0,0.6,0.6,0.32,-0.6,-0.6,Matches,ESP-LALIGA,23-24
bfd381b3,45,Iddrisu Baba,GHA,MF,Almería,27,1996,15.9,0,8,2,25.0,0.5,0.13,0.0,0.0,25.6,0,0,0,0.7,0.7,0.09,-0.7,-0.7,Matches,ESP-LALIGA,23-24
075fe5a3,46,Srđan Babić,SRB,DF,Almería,27,1996,1.0,0,1,0,0.0,1.0,0.0,0.0,,11.6,0,0,0,0.0,0.0,0.04,0.0,0.0,Matches,ESP-LALIGA,23-24
114bbdee,47,Loïc Bade,FRA,DF,Sevilla,23,2000,25.3,0,14,3,21.4,0.55,0.12,0.0,0.0,12.7,0,0,0,0.9,0.9,0.06,-0.9,-0.9,Matches,ESP-LALIGA,23-24
518f2234,48,Alex Baena,ESP,"MF,FW",Villarreal,22,2001,28.7,2,72,25,34.7,2.51,0.87,0.03,0.08,20.8,5,0,1,7.9,7.1,0.1,-5.9,-5.1,Matches,ESP-LALIGA,23-24
a1232f4e,49,Eric Bailly,CIV,DF,Villarreal,29,1994,9.3,0,2,0,0.0,0.21,0.0,0.0,,9.7,0,0,0,0.2,0.2,0.11,-0.2,-0.2,Matches,ESP-LALIGA,23-24
0af4dcf0,50,Cédric Bakambu,COD,FW,Betis,32,1991,2.2,0,4,1,25.0,1.86,0.46,0.0,0.0,15.8,0,0,0,0.4,0.4,0.11,-0.4,-0.4,Matches,ESP-LALIGA,23-24
5ccc9672,51,Alejandro Balde,ESP,DF,Barcelona,19,2003,15.3,0,5,1,20.0,0.33,0.07,0.0,0.0,21.2,0,0,0,0.1,0.1,0.03,-0.1,-0.1,Matches,ESP-LALIGA,23-24
cee88597,52,Iván Balliu,ALB,DF,Rayo Vallecano,31,1992,31.9,0,11,4,36.4,0.34,0.13,0.0,0.0,18.9,0,0,0,0.7,0.7,0.06,-0.7,-0.7,Matches,ESP-LALIGA,23-24
b2bd0f6c,53,Jonathan Bamba,CIV,"MF,FW",Celta Vigo,27,1996,22.0,3,41,14,34.1,1.86,0.64,0.07,0.21,19.2,0,0,0,3.0,3.0,0.07,0.0,0.0,Matches,ESP-LALIGA,23-24
35f6db55,54,Léo Baptistão,BRA,FW,Almería,30,1992,20.4,6,48,18,37.5,2.35,0.88,0.13,0.33,16.7,0,0,0,5.3,5.3,0.11,0.7,0.7,Matches,ESP-LALIGA,23-24
aad53e64,55,Kike Barja,ESP,"FW,MF",Osasuna,26,1997,3.4,0,4,2,50.0,1.19,0.59,0.0,0.0,14.1,0,0,0,0.2,0.2,0.06,-0.2,-0.2,Matches,ESP-LALIGA,23-24
200e89e1,56,Ander Barrenetxea,ESP,"FW,MF",Real Sociedad,21,2001,15.9,4,37,12,32.4,2.33,0.76,0.11,0.33,17.7,1,0,0,3.5,3.5,0.1,0.5,0.5,Matches,ESP-LALIGA,23-24
45736cec,57,Pablo Barrios,ESP,MF,Atlético Madrid,20,2003,17.3,0,17,7,41.2,0.98,0.41,0.0,0.0,21.8,0,0,0,0.9,0.9,0.05,-0.9,-0.9,Matches,ESP-LALIGA,23-24
b742cc0d,58,Marc Bartra,ESP,DF,Betis,32,1991,2.5,0,3,0,0.0,1.2,0.0,0.0,,11.6,0,0,0,0.2,0.2,0.07,-0.2,-0.2,Matches,ESP-LALIGA,23-24
fc627681,59,Augusto Batalla,ARG,GK,Granada,27,1996,17.0,0,1,0,0.0,0.06,0.0,0.0,,13.5,0,0,0,0.0,0.0,0.02,0.0,0.0,Matches,ESP-LALIGA,23-24
d8712bf9,60,Bebé,CPV,"MF,FW",Rayo Vallecano,33,1990,2.4,2,15,4,26.7,6.37,1.7,0.07,0.25,30.2,3,1,1,1.4,0.7,0.04,0.6,0.3,Matches,ESP-LALIGA,23-24
8eb55dbb,61,Sheraldo Becker,SUR,"FW,MF",Real Sociedad,28,1995,8.6,2,21,9,42.9,2.45,1.05,0.1,0.22,17.1,0,0,0,1.4,1.4,0.07,0.6,0.6,Matches,ESP-LALIGA,23-24
f874dd44,62,Héctor Bellerín,ESP,DF,Betis,28,1995,19.0,0,2,0,0.0,0.11,0.0,0.0,,18.7,0,0,0,0.2,0.2,0.08,-0.2,-0.2,Matches,ESP-LALIGA,23-24
57d88cf9,63,Jude Bellingham,ENG,MF,Real Madrid,20,2003,25.7,19,62,34,54.8,2.41,1.32,0.29,0.53,14.8,0,1,1,11.1,10.3,0.17,7.9,7.7,Matches,ESP-LALIGA,23-24
ed5c5fa3,64,Fran Beltrán,ESP,MF,Celta Vigo,24,1999,27.0,0,21,3,14.3,0.78,0.11,0.0,0.0,25.8,0,0,0,0.7,0.7,0.03,-0.7,-0.7,Matches,ESP-LALIGA,23-24
9fb45456,65,Carlos Benavídez,URU,MF,Alavés,25,1998,12.6,3,14,7,50.0,1.11,0.55,0.21,0.43,19.8,0,0,0,1.0,1.0,0.07,2.0,2.0,Matches,ESP-LALIGA,23-24
b6e50615,66,Yuri Berchiche,ESP,DF,Athletic Club,33,1990,21.4,3,18,6,33.3,0.84,0.28,0.17,0.5,19.1,0,0,0,0.9,0.7,0.04,2.1,2.3,Matches,ESP-LALIGA,23-24
dc1c2fce,67,Álex Berenguer,ESP,FW,Athletic Club,28,1995,17.7,7,31,11,35.5,1.75,0.62,0.19,0.55,16.4,3,1,1,5.2,4.4,0.14,1.8,1.6,Matches,ESP-LALIGA,23-24
506daeac,68,Antonio Blanco,ESP,MF,Alavés,23,2000,27.0,0,20,3,15.0,0.74,0.11,0.0,0.0,25.1,0,0,0,0.8,0.8,0.04,-0.8,-0.8,Matches,ESP-LALIGA,23-24
691bef82,69,Daley Blind,NED,DF,Girona,33,1990,33.0,1,17,6,35.3,0.51,0.18,0.06,0.17,16.6,1,0,0,1.7,1.7,0.1,-0.7,-0.7,Matches,ESP-LALIGA,23-24
cb1e5807,70,Adri Bosch,ESP,DF,Granada,22,2001,0.3,0,0,0,,0.0,0.0,,,,0,0,0,0.0,0.0,,0.0,0.0,Matches,ESP-LALIGA,23-24
f6798fc3,71,Yassine Bounou,MAR,GK,Sevilla,32,1991,1.0,0,0,0,,0.0,0.0,,,,0,0,0,0.0,0.0,,0.0,0.0,Matches,ESP-LALIGA,23-24
d49f3e6b,72,Lucas Boyé,ARG,FW,Granada,27,1996,28.2,6,56,15,26.8,1.98,0.53,0.11,0.4,13.3,1,0,0,6.2,6.2,0.11,-0.2,-0.2,Matches,ESP-LALIGA,23-24
4accb7e0,73,Darko Brašanac,SRB,MF,Osasuna,31,1992,0.5,0,0,0,,0.0,0.0,,,,0,0,0,0.0,0.0,,0.0,0.0,Matches,ESP-LALIGA,23-24
3e707ad4,74,Brau,ESP,DF,Granada,21,2001,0.3,0,0,0,,0.0,0.0,,,,0,0,0,0.0,0.0,,0.0,0.0,Matches,ESP-LALIGA,23-24
10072610,75,Claudio Bravo,CHI,GK,Betis,40,1983,7.0,0,0,0,,0.0,0.0,,,,0,0,0,0.0,0.0,,0.0,0.0,Matches,ESP-LALIGA,23-24
57827369,76,Ben Brereton,CHI,"FW,MF",Villarreal,24,1999,3.0,0,5,1,20.0,1.67,0.33,0.0,0.0,18.1,0,0,0,0.2,0.2,0.04,-0.2,-0.2,Matches,ESP-LALIGA,23-24
8f3565b3,77,Ante Budimir,CRO,FW,Osasuna,32,1991,27.1,17,73,31,42.5,2.7,1.15,0.19,0.45,12.8,0,3,4,14.2,11.1,0.15,2.8,2.9,Matches,ESP-LALIGA,23-24
c5642098,78,Manu Bueno,ESP,MF,Sevilla,19,2004,1.3,0,1,0,0.0,0.77,0.0,0.0,,31.7,0,0,0,0.0,0.0,0.03,0.0,0.0,Matches,ESP-LALIGA,23-24
da82ccb1,79,Pablo Busto,ESP,DF,Betis,17,2005,0.5,0,1,0,0.0,2.05,0.0,0.0,,28.3,0,0,0,0.0,0.0,0.01,0.0,0.0,Matches,ESP-LALIGA,23-24
78841da9,80,José Callejón,ESP,"MF,FW",Granada,36,1987,8.9,0,12,4,33.3,1.34,0.45,0.0,0.0,14.5,1,0,0,1.3,1.3,0.11,-1.3,-1.3,Matches,ESP-LALIGA,23-24
7b9c2d84,81,Eduardo Camavinga,FRA,"MF,DF",Real Madrid,20,2002,20.2,0,17,7,41.2,0.84,0.35,0.0,0.0,22.7,0,0,0,0.9,0.9,0.05,-0.9,-0.9,Matches,ESP-LALIGA,23-24
873619c6,82,Sergio Camello,ESP,FW,Rayo Vallecano,22,2001,18.5,3,33,13,39.4,1.79,0.7,0.09,0.23,15.6,0,0,0,4.5,4.5,0.14,-1.5,-1.5,Matches,ESP-LALIGA,23-24
61220da2,83,José Campaña,ESP,MF,Las Palmas,30,1993,1.9,0,1,0,0.0,0.53,0.0,0.0,,28.8,0,0,0,0.0,0.0,0.02,0.0,0.0,Matches,ESP-LALIGA,23-24
bd6351cd,84,João Cancelo,POR,DF,Barcelona,29,1994,27.8,2,32,9,28.1,1.15,0.32,0.06,0.22,21.3,0,0,0,1.6,1.6,0.05,0.4,0.4,Matches,ESP-LALIGA,23-24
1137759d,85,Sergi Canós,ESP,"MF,FW",Valencia,26,1997,13.7,1,43,17,39.5,3.15,1.24,0.02,0.06,21.4,0,0,0,2.8,2.8,0.07,-1.8,-1.8,Matches,ESP-LALIGA,23-24
5acc4a10,86,Étienne Capoue,FRA,MF,Villarreal,35,1988,16.2,1,14,5,35.7,0.87,0.31,0.07,0.2,15.0,0,0,0,1.0,1.0,0.07,0.0,0.0,Matches,ESP-LALIGA,23-24
c4b888df,87,Isaac Carcelen,ESP,DF,Cádiz,30,1993,29.0,0,10,3,30.0,0.34,0.1,0.0,0.0,20.2,1,0,0,0.6,0.6,0.06,-0.6,-0.6,Matches,ESP-LALIGA,23-24
e1846dde,88,Cárdenas,ESP,GK,Rayo Vallecano,26,1997,1.0,0,0,0,,0.0,0.0,,,,0,0,0,0.0,0.0,,0.0,0.0,Matches,ESP-LALIGA,23-24
b92b456a,89,Marc Cardona,ESP,FW,Las Palmas,28,1995,8.0,4,21,10,47.6,2.61,1.24,0.14,0.3,14.3,0,1,1,4.2,3.5,0.16,-0.2,-0.5,Matches,ESP-LALIGA,23-24
74e90475,90,Sergi Cardona,ESP,DF,Las Palmas,24,1999,31.3,1,26,5,19.2,0.83,0.16,0.04,0.2,13.9,0,0,0,2.7,2.7,0.1,-1.7,-1.7,Matches,ESP-LALIGA,23-24
7426f085,91,Johnny Cardoso,USA,MF,Betis,21,2001,14.8,1,12,3,25.0,0.81,0.2,0.08,0.33,18.3,0,0,0,1.1,1.1,0.09,-0.1,-0.1,Matches,ESP-LALIGA,23-24
2dce876a,92,Carmona,ESP,"DF,MF",Getafe,21,2002,14.6,1,12,3,25.0,0.82,0.21,0.08,0.33,16.8,0,0,0,0.8,0.8,0.07,0.2,0.2,Matches,ESP-LALIGA,23-24
de39485a,93,Yannick Carrasco,BEL,DF,Atlético Madrid,29,1993,2.5,0,2,1,50.0,0.81,0.41,0.0,0.0,21.9,0,0,0,0.1,0.1,0.03,-0.1,-0.1,Matches,ESP-LALIGA,23-24
33a68b9b,94,Álvaro Carreras,ESP,"MF,FW",Granada,20,2003,5.3,0,7,1,14.3,1.33,0.19,0.0,0.0,12.3,0,0,0,0.4,0.4,0.06,-0.4,-0.4,Matches,ESP-LALIGA,23-24
4958bfb2,95,Dani Carvajal,ESP,DF,Real Madrid,31,1992,24.1,4,18,10,55.6,0.75,0.41,0.22,0.4,14.3,0,0,0,1.7,1.7,0.1,2.3,2.3,Matches,ESP-LALIGA,23-24
dee86451,96,William Carvalho,POR,MF,Betis,31,1992,7.6,1,8,3,37.5,1.06,0.4,0.13,0.33,24.0,0,0,0,0.4,0.4,0.05,0.6,0.6,Matches,ESP-LALIGA,23-24
2ef08833,97,Marc Casado,ESP,MF,Barcelona,19,2003,0.2,0,0,0,,0.0,0.0,,,,0,0,0,0.0,0.0,,0.0,0.0,Matches,ESP-LALIGA,23-24
274ab13c,98,Catena,ESP,DF,Osasuna,28,1994,28.2,1,18,5,27.8,0.64,0.18,0.06,0.2,13.3,1,0,0,1.3,1.3,0.07,-0.3,-0.3,Matches,ESP-LALIGA,23-24
c0617e2b,99,Dani Ceballos,ESP,"MF,FW",Real Madrid,26,1996,6.6,0,7,1,14.3,1.05,0.15,0.0,0.0,18.4,1,0,0,0.3,0.3,0.05,-0.3,-0.3,Matches,ESP-LALIGA,23-24
ae852b7d,100,Álex Centelles,ESP,DF,Almería,25,1997,10.9,0,2,1,50.0,0.18,0.09,0.0,0.0,21.2,0,0,0,0.0,0.0,0.02,0.0,0.0,Matches,ESP-LALIGA,23-24
5e1028e5,101,Franco Cervi,ARG,"MF,DF",Celta Vigo,29,1994,6.1,0,8,1,12.5,1.32,0.16,0.0,0.0,19.7,0,0,0,0.5,0.5,0.06,-0.5,-0.5,Matches,ESP-LALIGA,23-24
63c5e56b,102,Pep Chavarría,ESP,"DF,MF",Rayo Vallecano,25,1998,13.0,1,11,2,18.2,0.85,0.15,0.09,0.5,18.3,0,0,0,1.0,1.0,0.09,0.0,0.0,Matches,ESP-LALIGA,23-24
1cb49278,103,Andreas Christensen,DEN,"DF,MF",Barcelona,27,1996,22.0,2,12,4,33.3,0.55,0.18,0.17,0.5,13.0,0,0,0,1.0,1.0,0.09,1.0,1.0,Matches,ESP-LALIGA,23-24
2475cf9b,104,Chumi,ESP,DF,Almería,24,1999,27.0,0,5,0,0.0,0.18,0.0,0.0,,13.8,0,0,0,1.0,1.0,0.19,-1.0,-1.0,Matches,ESP-LALIGA,23-24
ec1a731e,105,Víctor Chust,ESP,DF,Cádiz,23,2000,20.7,0,4,0,0.0,0.19,0.0,0.0,,9.7,0,0,0,0.3,0.3,0.08,-0.3,-0.3,Matches,ESP-LALIGA,23-24
9a0408b6,106,Pathé Ciss,SEN,MF,Rayo Vallecano,29,1994,18.5,1,22,8,36.4,1.19,0.43,0.05,0.13,23.6,0,0,0,1.5,1.5,0.07,-0.5,-0.5,Matches,ESP-LALIGA,23-24
b793dea2,107,Silvi Clúa,ESP,MF,Girona,18,2005,0.0,0,0,0,,0.0,0.0,,,,0,0,0,0.0,0.0,,0.0,0.0,Matches,ESP-LALIGA,23-24
d0ee1652,108,Saúl Coco,EQG,DF,Las Palmas,24,1999,25.5,1,20,4,20.0,0.78,0.16,0.05,0.25,25.6,8,0,0,1.1,1.1,0.05,-0.1,-0.1,Matches,ESP-LALIGA,23-24
5ae499d0,109,Santi Comesaña,ESP,MF,Villarreal,26,1996,18.4,2,17,7,41.2,0.93,0.38,0.12,0.29,13.0,0,0,0,1.9,1.9,0.11,0.1,0.1,Matches,ESP-LALIGA,23-24
0f26ffd7,110,Copete,ESP,DF,Mallorca,23,1999,14.8,1,7,1,14.3,0.47,0.07,0.14,1.0,13.4,0,0,0,0.5,0.5,0.08,0.5,0.5,Matches,ESP-LALIGA,23-24
a6951bf8,111,Francis Coquelin,FRA,MF,Villarreal,32,1991,10.1,0,3,0,0.0,0.3,0.0,0.0,,16.6,0,0,0,0.1,0.1,0.04,-0.1,-0.1,Matches,ESP-LALIGA,23-24
25b82f9a,112,Theo Corbeanu,CAN,"MF,FW",Granada,21,2002,2.0,1,5,2,40.0,2.47,0.99,0.2,0.5,23.6,1,0,0,0.3,0.3,0.06,0.7,0.7,Matches,ESP-LALIGA,23-24
fb938d24,113,Jesús Corona,MEX,"MF,DF",Sevilla,30,1993,0.2,0,0,0,,0.0,0.0,,,,0,0,0,0.0,0.0,,0.0,0.0,Matches,ESP-LALIGA,23-24
01eb744d,114,Ángel Correa,ARG,"FW,MF",Atlético Madrid,28,1995,17.0,9,42,19,45.2,2.47,1.12,0.19,0.42,17.0,1,1,1,7.9,7.1,0.17,1.1,0.9,Matches,ESP-LALIGA,23-24
c78b352d,115,Thierry Correia,POR,DF,Valencia,24,1999,23.9,0,5,2,40.0,0.21,0.08,0.0,0.0,20.9,0,0,0,0.6,0.6,0.12,-0.6,-0.6,Matches,ESP-LALIGA,23-24
808d48f3,116,Jaume Costa,ESP,DF,Mallorca,35,1988,18.7,0,6,2,33.3,0.32,0.11,0.0,0.0,16.3,0,0,0,0.3,0.3,0.05,-0.3,-0.3,Matches,ESP-LALIGA,23-24
76c2a023,117,Samu Costa,POR,MF,Mallorca,22,2000,25.6,1,22,3,13.6,0.86,0.12,0.05,0.33,20.9,1,0,0,1.1,1.1,0.05,-0.1,-0.1,Matches,ESP-LALIGA,23-24
1840e36d,118,Thibaut Courtois,BEL,GK,Real Madrid,31,1992,3.7,0,0,0,,0.0,0.0,,,,0,0,0,0.0,0.0,,0.0,0.0,Matches,ESP-LALIGA,23-24
1944818c,119,Yan Couto,BRA,"DF,FW",Girona,21,2002,24.9,1,29,11,37.9,1.16,0.44,0.03,0.09,21.3,0,0,0,1.5,1.5,0.05,-0.5,-0.5,Matches,ESP-LALIGA,23-24
922dfade,120,Crespo,POR,MF,Rayo Vallecano,26,1996,5.9,0,3,0,0.0,0.51,0.0,0.0,,17.7,0,0,0,0.1,0.1,0.04,-0.1,-0.1,Matches,ESP-LALIGA,23-24
9ad74b4d,121,Cristian,ESP,GK,Valencia,25,1998,0.6,0,0,0,,0.0,0.0,,,,0,0,0,0.0,0.0,,0.0,0.0,Matches,ESP-LALIGA,23-24
a56da3ba,122,Juan Cruz Armada,ESP,DF,Osasuna,31,1992,18.5,0,3,0,0.0,0.16,0.0,0.0,,28.7,0,0,0,0.0,0.0,0.01,0.0,0.0,Matches,ESP-LALIGA,23-24
cc2dd8a5,123,Juan Cruz,ESP,FW,Betis,23,2000,0.8,0,2,0,0.0,2.37,0.0,0.0,,21.6,0,0,0,0.1,0.1,0.04,-0.1,-0.1,Matches,ESP-LALIGA,23-24
cc7888f3,124,Pau Cubarsí,ESP,DF,Barcelona,16,2007,17.3,0,3,0,0.0,0.17,0.0,0.0,,18.4,0,0,0,0.1,0.1,0.03,-0.1,-0.1,Matches,ESP-LALIGA,23-24
75751c99,125,Iván Cuéllar,ESP,GK,Mallorca,39,1984,1.0,0,0,0,,0.0,0.0,,,,0,0,0,0.0,0.0,,0.0,0.0,Matches,ESP-LALIGA,23-24
0abc51f2,126,Jorge Cuenca,ESP,DF,Villarreal,23,1999,21.8,3,20,7,35.0,0.92,0.32,0.15,0.43,11.7,0,0,0,1.2,1.2,0.06,1.8,1.8,Matches,ESP-LALIGA,23-24
34e39a18,127,Eric Curbelo,ESP,"DF,MF",Las Palmas,29,1994,1.1,0,0,0,,0.0,0.0,,,,0,0,0,0.0,0.0,,0.0,0.0,Matches,ESP-LALIGA,23-24
cc851506,128,Alberto Dadie,ESP,MF,Real Sociedad,21,2002,0.3,0,0,0,,0.0,0.0,,,,0,0,0,0.0,0.0,,0.0,0.0,Matches,ESP-LALIGA,23-24
070a3904,129,Sergi Darder,ESP,MF,Mallorca,29,1993,24.0,2,32,12,37.5,1.34,0.5,0.06,0.17,22.4,1,0,0,2.2,2.2,0.07,-0.2,-0.2,Matches,ESP-LALIGA,23-24
162efffd,130,Rodrigo De Paul,ARG,MF,Atlético Madrid,29,1994,23.1,3,30,12,40.0,1.3,0.52,0.1,0.25,19.8,1,0,0,1.8,1.8,0.06,1.2,1.2,Matches,ESP-LALIGA,23-24
d2110326,131,Mouctar Diakhaby,GUI,"DF,MF",Valencia,26,1996,11.9,1,7,3,42.9,0.59,0.25,0.14,0.33,13.9,0,0,0,0.7,0.7,0.1,0.3,0.3,Matches,ESP-LALIGA,23-24
d925b04e,132,Moussa Diakité,MLI,MF,Cádiz,19,2003,0.0,0,0,0,,0.0,0.0,,,,0,0,0,0.0,0.0,,0.0,0.0,Matches,ESP-LALIGA,23-24
8ae7d0ec,133,Assane Diao,ESP,FW,Betis,17,2005,11.6,2,21,3,14.3,1.8,0.26,0.1,0.67,13.7,0,0,0,2.5,2.5,0.12,-0.5,-0.5,Matches,ESP-LALIGA,23-24
407feb71,134,Brahim Díaz,MAR,"FW,MF",Real Madrid,23,1999,17.2,8,38,17,44.7,2.21,0.99,0.21,0.47,16.0,0,0,0,5.7,5.7,0.15,2.3,2.3,Matches,ESP-LALIGA,23-24
3624ce4c,135,Víctor Díaz,ESP,"DF,MF",Granada,35,1988,1.8,0,0,0,,0.0,0.0,,,,0,0,0,0.0,0.0,,0.0,0.0,Matches,ESP-LALIGA,23-24
e447352c,136,Famara Diedhiou,SEN,"FW,MF",Granada,30,1992,1.0,0,5,3,60.0,5.06,3.03,0.0,0.0,18.1,0,0,0,0.5,0.5,0.1,-0.5,-0.5,Matches,ESP-LALIGA,23-24
fc70e345,137,Stole Dimitrievski,MKD,GK,Rayo Vallecano,29,1993,37.0,0,0,0,,0.0,0.0,,,,0,0,0,0.0,0.0,,0.0,0.0,Matches,ESP-LALIGA,23-24
a4971d84,138,Djené,TOG,"DF,MF",Getafe,31,1991,27.6,0,6,1,16.7,0.22,0.04,0.0,0.0,23.2,0,0,0,0.1,0.1,0.02,-0.1,-0.1,Matches,ESP-LALIGA,23-24
ac295d9e,139,Marko Dmitrović,SRB,GK,Sevilla,31,1992,13.0,0,0,0,,0.0,0.0,,,,0,0,0,0.0,0.0,,0.0,0.0,Matches,ESP-LALIGA,23-24
c9cb972b,140,Jaume Doménech,ESP,GK,Valencia,32,1990,0.9,0,0,0,,0.0,0.0,,,,0,0,0,0.0,0.0,,0.0,0.0,Matches,ESP-LALIGA,23-24
3521abfe,141,Carlos Dominguez,ESP,DF,Celta Vigo,22,2001,17.6,0,5,0,0.0,0.28,0.0,0.0,,15.6,0,0,0,0.3,0.3,0.06,-0.3,-0.3,Matches,ESP-LALIGA,23-24
d709cd5c,142,Mario Dominguez,ESP,FW,Valencia,19,2004,0.3,0,3,1,33.3,10.8,3.6,0.0,0.0,17.3,0,0,0,0.2,0.2,0.05,-0.2,-0.2,Matches,ESP-LALIGA,23-24
daa2eab3,143,Carlos Dotor,ESP,MF,Celta Vigo,22,2001,7.9,0,4,0,0.0,0.51,0.0,0.0,,22.9,0,0,0,0.2,0.2,0.04,-0.2,-0.2,Matches,ESP-LALIGA,23-24
853ca71c,144,Anastasios Douvikas,GRE,FW,Celta Vigo,23,1999,10.1,7,26,15,57.7,2.59,1.49,0.27,0.47,13.5,0,0,0,4.6,4.6,0.18,2.4,2.4,Matches,ESP-LALIGA,23-24
5b847bb0,145,Artem Dovbyk,UKR,FW,Girona,26,1997,28.7,24,77,36,46.8,2.68,1.25,0.22,0.47,12.4,1,7,8,24.2,17.9,0.23,-0.2,-0.9,Matches,ESP-LALIGA,23-24
93090f69,146,Domingos Duarte,POR,DF,Getafe,28,1995,10.1,0,1,0,0.0,0.1,0.0,0.0,,2.8,0,0,0,0.3,0.3,0.27,-0.3,-0.3,Matches,ESP-LALIGA,23-24
1fe0492d,147,Rubén Duarte,ESP,DF,Alavés,27,1995,20.9,2,15,5,33.3,0.72,0.24,0.13,0.4,24.6,3,0,0,0.7,0.7,0.05,1.3,1.3,Matches,ESP-LALIGA,23-24
37e103f8,148,Hugo Duro,ESP,FW,Valencia,23,1999,33.1,13,66,29,43.9,2.0,0.88,0.2,0.45,12.9,2,0,0,11.5,11.5,0.17,1.5,1.5,Matches,ESP-LALIGA,23-24
f7dc2ae5,149,Aritz Elustondo,ESP,DF,Real Sociedad,29,1994,9.0,0,7,2,28.6,0.78,0.22,0.0,0.0,11.0,0,0,0,0.3,0.3,0.04,-0.3,-0.3,Matches,ESP-LALIGA,23-24
db8f0eba,150,Adri Embarba,ESP,"FW,MF",Almería,31,1992,27.5,3,63,24,38.1,2.29,0.87,0.03,0.08,24.1,12,1,1,4.3,3.5,0.06,-1.3,-1.5,Matches,ESP-LALIGA,23-24
04e17fd5,151,Youssef En-Nesyri,MAR,FW,Sevilla,26,1997,28.6,16,72,29,40.3,2.52,1.02,0.21,0.52,12.1,0,1,1,10.8,10.0,0.14,5.2,5.0,Matches,ESP-LALIGA,23-24
3f79a1c8,152,Gonzalo Escalante,ARG,MF,Cádiz,30,1993,18.9,1,14,3,21.4,0.74,0.16,0.07,0.33,17.4,0,0,0,1.9,1.9,0.14,-0.9,-0.9,Matches,ESP-LALIGA,23-24
67669ce7,153,Aarón Escandell,ESP,GK,Las Palmas,27,1995,1.7,0,0,0,,0.0,0.0,,,,0,0,0,0.0,0.0,,0.0,0.0,Matches,ESP-LALIGA,23-24
db001fa9,154,Alfonso Espino,URU,DF,Rayo Vallecano,31,1992,27.9,0,18,5,27.8,0.65,0.18,0.0,0.0,22.2,0,0,0,1.0,1.0,0.06,-1.0,-1.0,Matches,ESP-LALIGA,23-24
4242011c,155,Bernardo Espinosa,COL,DF,Girona,34,1989,0.0,0,0,0,,0.0,0.0,,,,0,0,0,0.0,0.0,,0.0,0.0,Matches,ESP-LALIGA,23-24
f0f499ea,156,Karl Etta,CMR,FW,Cádiz,19,2004,0.2,0,0,0,,0.0,0.0,,,,0,0,0,0.0,0.0,,0.0,0.0,Matches,ESP-LALIGA,23-24
bed68338,157,Abde Ezzalzouli,MAR,"FW,MF",Barcelona,21,2001,0.8,0,4,1,25.0,5.29,1.32,0.0,0.0,19.1,0,0,0,0.2,0.2,0.05,-0.2,-0.2,Matches,ESP-LALIGA,23-24
bed68338,158,Abde Ezzalzouli,MAR,FW,Betis,21,2001,9.6,1,33,8,24.2,3.43,0.83,0.03,0.13,17.8,0,0,1,3.0,2.2,0.07,-2.0,-1.2,Matches,ESP-LALIGA,23-24
66116290,159,Radamel Falcao,COL,"FW,DF",Rayo Vallecano,37,1986,4.5,1,16,6,37.5,3.54,1.33,0.0,0.0,14.5,0,1,1,2.7,2.0,0.12,-1.7,-2.0,Matches,ESP-LALIGA,23-24
72a84002,160,Fali,ESP,DF,Cádiz,29,1993,28.3,0,11,3,27.3,0.39,0.11,0.0,0.0,15.6,0,0,0,0.8,0.8,0.07,-0.8,-0.8,Matches,ESP-LALIGA,23-24
0ba976e4,161,Ansu Fati,ESP,"MF,FW",Barcelona,20,2002,0.6,0,7,1,14.3,12.6,1.8,0.0,0.0,18.6,0,0,0,0.7,0.7,0.11,-0.7,-0.7,Matches,ESP-LALIGA,23-24
1ccd3dae,162,Peter Federico,DOM,"MF,FW",Valencia,21,2002,7.2,0,17,5,29.4,2.36,0.69,0.0,0.0,19.3,0,0,0,1.7,1.7,0.1,-1.7,-1.7,Matches,ESP-LALIGA,23-24
bece776f,163,Nabil Fekir,FRA,"MF,FW",Betis,30,1993,11.7,1,28,7,25.0,2.4,0.6,0.04,0.14,19.2,6,0,0,2.2,2.2,0.08,-1.2,-1.2,Matches,ESP-LALIGA,23-24
15d0c248,164,Luiz Felipe,ITA,DF,Betis,26,1997,4.0,0,2,0,0.0,0.5,0.0,0.0,,10.8,0,0,0,0.1,0.1,0.03,-0.1,-0.1,Matches,ESP-LALIGA,23-24
8aafd64f,165,João Félix,POR,FW,Barcelona,23,1999,17.1,7,61,25,41.0,3.56,1.46,0.11,0.28,15.8,1,0,0,8.7,8.7,0.14,-1.7,-1.7,Matches,ESP-LALIGA,23-24
e5d01ecf,166,Kiko Femenía,ESP,DF,Villarreal,32,1991,17.6,0,1,0,0.0,0.06,0.0,0.0,,51.1,1,0,0,0.0,0.0,0.01,0.0,0.0,Matches,ESP-LALIGA,23-24
a01c3d54,167,Aitor Fernández,ESP,GK,Osasuna,32,1991,6.1,0,0,0,,0.0,0.0,,,,0,0,0,0.0,0.0,,0.0,0.0,Matches,ESP-LALIGA,23-24
aa677a35,168,Álex Fernández,ESP,MF,Cádiz,30,1992,14.3,0,7,1,14.3,0.49,0.07,0.0,0.0,24.0,0,0,0,0.3,0.3,0.04,-0.3,-0.3,Matches,ESP-LALIGA,23-24
e08647d6,169,Carlos Fernández,ESP,FW,Real Sociedad,27,1996,4.5,2,8,3,37.5,1.76,0.66,0.13,0.33,15.1,0,1,1,1.5,0.7,0.09,0.5,0.3,Matches,ESP-LALIGA,23-24
6fb59070,170,Raúl Fernández,ESP,GK,Granada,35,1988,3.1,0,0,0,,0.0,0.0,,,,0,0,0,0.0,0.0,,0.0,0.0,Matches,ESP-LALIGA,23-24
4acd733a,171,Valery Fernández,ESP,"MF,FW",Girona,23,1999,5.6,2,5,2,40.0,0.89,0.36,0.4,1.0,18.9,0,0,0,0.7,0.7,0.14,1.3,1.3,Matches,ESP-LALIGA,23-24
dabb2827,172,Fernando,ESP,GK,Almería,33,1990,4.0,0,0,0,,0.0,0.0,,,,0,0,0,0.0,0.0,,0.0,0.0,Matches,ESP-LALIGA,23-24
41f32541,173,Fernando,BRA,MF,Sevilla,36,1987,5.1,0,1,0,0.0,0.2,0.0,0.0,,16.2,0,0,0,0.0,0.0,0.02,0.0,0.0,Matches,ESP-LALIGA,23-24
12c6cbef,174,André Ferreira,POR,GK,Granada,27,1996,14.9,0,0,0,,0.0,0.0,,,,0,0,0,0.0,0.0,,0.0,0.0,Matches,ESP-LALIGA,23-24
ae9a9b2d,175,Rachad Fettal,MAR,FW,Almería,18,2005,0.2,0,1,0,0.0,5.29,0.0,0.0,,8.8,0,0,0,0.1,0.1,0.08,-0.1,-0.1,Matches,ESP-LALIGA,23-24
82927de4,176,Pablo Fornals,ESP,"FW,MF",Betis,27,1996,12.8,3,17,5,29.4,1.33,0.39,0.18,0.6,18.2,0,0,0,1.8,1.8,0.11,1.2,1.2,Matches,ESP-LALIGA,23-24
2e31f3a6,177,Héctor Fort,ESP,DF,Barcelona,16,2006,3.5,0,1,0,0.0,0.28,0.0,0.0,,27.2,0,0,0,0.0,0.0,0.01,0.0,0.0,Matches,ESP-LALIGA,23-24
45e17712,178,Dimitri Foulquier,FRA,"DF,MF",Valencia,30,1993,20.5,0,7,1,14.3,0.34,0.05,0.0,0.0,16.9,0,0,0,0.6,0.6,0.09,-0.6,-0.6,Matches,ESP-LALIGA,23-24
6c7762c3,179,Juan Foyth,ARG,DF,Villarreal,25,1998,11.8,1,6,2,33.3,0.51,0.17,0.17,0.5,12.8,0,0,0,0.4,0.4,0.07,0.6,0.6,Matches,ESP-LALIGA,23-24
38ce1150,180,Jorge de Frutos,ESP,"FW,MF",Rayo Vallecano,26,1997,17.2,2,29,11,37.9,1.68,0.64,0.07,0.18,17.8,0,0,0,2.6,2.6,0.09,-0.6,-0.6,Matches,ESP-LALIGA,23-24
82328faf,181,Daniel Fuzato,BRA,GK,Getafe,26,1997,0.1,0,0,0,,0.0,0.0,,,,0,0,0,0.0,0.0,,0.0,0.0,Matches,ESP-LALIGA,23-24
c235e803,182,Matteo Gabbia,ITA,DF,Villarreal,23,1999,5.3,0,0,0,,0.0,0.0,,,,0,0,0,0.0,0.0,,0.0,0.0,Matches,ESP-LALIGA,23-24
a4b00319,183,Javi Galán,ESP,DF,Atlético Madrid,28,1994,1.0,0,0,0,,0.0,0.0,,,,0,0,0,0.0,0.0,,0.0,0.0,Matches,ESP-LALIGA,23-24
a4b00319,184,Javi Galán,ESP,DF,Real Sociedad,28,1994,11.9,0,3,1,33.3,0.25,0.08,0.0,0.0,20.8,0,0,0,0.1,0.1,0.05,-0.1,-0.1,Matches,ESP-LALIGA,23-24
91f7631f,185,Iñigo Ruiz de Galarreta,ESP,MF,Athletic Club,29,1993,23.2,1,11,2,18.2,0.47,0.09,0.09,0.5,25.4,0,0,0,0.3,0.3,0.03,0.7,0.7,Matches,ESP-LALIGA,23-24
a10361d2,186,Aleix García,ESP,MF,Girona,26,1997,35.5,3,39,12,30.8,1.1,0.34,0.08,0.25,26.4,8,0,0,1.8,1.8,0.05,1.2,1.2,Matches,ESP-LALIGA,23-24
90bbd822,187,Álvaro García,ESP,"FW,MF",Rayo Vallecano,30,1992,27.5,6,45,17,37.8,1.64,0.62,0.13,0.35,16.0,0,0,0,6.2,6.2,0.14,-0.2,-0.2,Matches,ESP-LALIGA,23-24
240d3a0b,188,Dani García,ESP,MF,Athletic Club,33,1990,8.3,1,6,3,50.0,0.72,0.36,0.17,0.33,13.6,0,0,0,0.8,0.8,0.13,0.2,0.2,Matches,ESP-LALIGA,23-24
3e42f707,189,David García,ESP,DF,Osasuna,29,1994,25.9,0,15,2,13.3,0.58,0.08,0.0,0.0,9.8,0,0,0,1.0,1.0,0.06,-1.0,-1.0,Matches,ESP-LALIGA,23-24
2bed3eab,190,Eric García,ESP,DF,Barcelona,22,2001,0.6,0,1,0,0.0,1.58,0.0,0.0,,11.0,0,0,0,0.0,0.0,0.05,0.0,0.0,Matches,ESP-LALIGA,23-24
2bed3eab,191,Eric García,ESP,DF,Girona,22,2001,29.3,5,16,6,37.5,0.55,0.2,0.31,0.83,9.4,0,0,0,2.8,2.8,0.18,2.2,2.2,Matches,ESP-LALIGA,23-24
7226539b,192,Fran Garcia,ESP,DF,Real Madrid,23,1999,15.5,1,9,1,11.1,0.58,0.06,0.11,1.0,20.9,0,0,0,0.5,0.5,0.06,0.5,0.5,Matches,ESP-LALIGA,23-24
8c4e56cb,193,Francisco Jesús Crespo García,ESP,FW,Las Palmas,27,1996,5.6,2,17,8,47.1,3.04,1.43,0.12,0.25,22.2,0,0,0,1.3,1.3,0.08,0.7,0.7,Matches,ESP-LALIGA,23-24
74c2d562,194,Gonzalo García,ESP,"FW,MF",Real Madrid,19,2004,0.2,0,1,1,100.0,4.74,4.74,0.0,0.0,19.1,0,0,0,0.0,0.0,0.03,0.0,0.0,Matches,ESP-LALIGA,23-24
0302f7b4,195,Jastin García,ESP,FW,Girona,19,2004,0.4,0,0,0,,0.0,0.0,,,,0,0,0,0.0,0.0,,0.0,0.0,Matches,ESP-LALIGA,23-24
b418dbd4,196,Raúl García,ESP,"FW,MF",Athletic Club,37,1986,4.7,1,10,1,10.0,2.14,0.21,0.1,1.0,14.3,0,0,0,0.9,0.9,0.09,0.1,0.1,Matches,ESP-LALIGA,23-24
5c96b017,197,Rubén García,ESP,"FW,MF",Osasuna,30,1993,17.2,3,28,10,35.7,1.63,0.58,0.11,0.3,18.0,3,0,0,2.3,2.3,0.08,0.7,0.7,Matches,ESP-LALIGA,23-24
b4b4d0a6,198,Santiago García,ESP,FW,Getafe,21,2001,0.3,0,0,0,,0.0,0.0,,,,0,0,0,0.0,0.0,,0.0,0.0,Matches,ESP-LALIGA,23-24
4a633cfe,199,Unai García,ESP,DF,Osasuna,31,1992,6.2,1,2,1,50.0,0.32,0.16,0.5,1.0,14.4,0,0,0,0.1,0.1,0.06,0.9,0.9,Matches,ESP-LALIGA,23-24
20a65cdf,200,Yarek Gasiorowski,ESP,DF,Valencia,18,2005,8.2,0,1,0,0.0,0.12,0.0,0.0,,15.9,0,0,0,0.0,0.0,0.01,0.0,0.0,Matches,ESP-LALIGA,23-24
86087757,201,Federico Gattoni,ARG,"DF,FW",Sevilla,24,1999,0.1,0,0,0,,0.0,0.0,,,,0,0,0,0.0,0.0,,0.0,0.0,Matches,ESP-LALIGA,23-24
19cae58d,202,Gavi,ESP,"MF,FW",Barcelona,18,2004,10.5,1,9,4,44.4,0.86,0.38,0.11,0.25,15.2,0,0,0,0.9,0.9,0.11,0.1,0.1,Matches,ESP-LALIGA,23-24
63d17038,203,Paulo Gazzaniga,ARG,GK,Girona,31,1992,38.0,0,0,0,,0.0,0.0,,,,0,0,0,0.0,0.0,,0.0,0.0,Matches,ESP-LALIGA,23-24
fea23125,204,David Gil,ESP,GK,Cádiz,29,1994,4.1,0,0,0,,0.0,0.0,,,,0,0,0,0.0,0.0,,0.0,0.0,Matches,ESP-LALIGA,23-24
4c2e9442,205,Maxi Gómez,URU,FW,Cádiz,26,1996,12.9,0,16,6,37.5,1.24,0.46,0.0,0.0,14.3,1,0,0,1.6,1.6,0.1,-1.6,-1.6,Matches,ESP-LALIGA,23-24
5a626448,206,Moi Gómez,ESP,"MF,FW",Osasuna,29,1994,22.3,3,19,7,36.8,0.85,0.31,0.16,0.43,21.3,1,0,0,1.7,1.7,0.09,1.3,1.3,Matches,ESP-LALIGA,23-24
37db6cae,207,Unai Gómez,ESP,MF,Athletic Club,20,2003,9.7,2,16,7,43.8,1.65,0.72,0.13,0.29,17.0,0,0,0,1.5,1.5,0.09,0.5,0.5,Matches,ESP-LALIGA,23-24
49d028db,208,Édgar González,ESP,"DF,MF",Almería,26,1997,28.0,2,13,3,23.1,0.46,0.11,0.15,0.67,10.3,0,0,0,2.3,2.3,0.18,-0.3,-0.3,Matches,ESP-LALIGA,23-24
5418d47c,209,Fabio González,ESP,MF,Las Palmas,26,1997,1.4,0,0,0,,0.0,0.0,,,,0,0,0,0.0,0.0,,0.0,0.0,Matches,ESP-LALIGA,23-24
1fc474ae,210,Giovanni González,URU,DF,Mallorca,28,1994,27.4,1,14,4,28.6,0.51,0.15,0.07,0.25,21.3,0,0,0,0.5,0.5,0.03,0.5,0.5,Matches,ESP-LALIGA,23-24
2cfb6e88,211,Hugo González,ESP,"MF,FW",Valencia,20,2003,1.0,0,1,0,0.0,1.03,0.0,0.0,,29.8,0,0,0,0.0,0.0,0.02,0.0,0.0,Matches,ESP-LALIGA,23-24
63787ec5,212,Iñaki González,ESP,MF,Las Palmas,19,2004,0.1,0,0,0,,0.0,0.0,,,,0,0,0,0.0,0.0,,0.0,0.0,Matches,ESP-LALIGA,23-24
c4f5eb61,213,Urko González,ESP,MF,Real Sociedad,22,2001,1.7,0,2,0,0.0,1.15,0.0,0.0,,17.1,0,0,0,0.1,0.1,0.04,-0.1,-0.1,Matches,ESP-LALIGA,23-24
6f5f82c0,214,Andoni Gorosabel,ESP,DF,Alavés,26,1996,31.7,1,15,6,40.0,0.47,0.19,0.07,0.17,23.4,0,0,0,0.7,0.7,0.05,0.3,0.3,Matches,ESP-LALIGA,23-24
f33b6ee6,215,Pablo Gozalbez,ESP,"MF,FW",Valencia,22,2001,1.1,0,1,0,0.0,0.87,0.0,0.0,,30.8,0,0,0,0.0,0.0,0.02,0.0,0.0,Matches,ESP-LALIGA,23-24
58eee997,216,Mason Greenwood,ENG,"MF,FW",Getafe,21,2001,29.6,8,99,31,31.3,3.35,1.05,0.06,0.19,20.9,5,2,3,8.8,6.4,0.06,-0.8,-0.4,Matches,ESP-LALIGA,23-24
30061f53,217,Dominik Greif,SVK,GK,Mallorca,26,1997,1.0,0,0,0,,0.0,0.0,,,,0,0,0,0.0,0.0,,0.0,0.0,Matches,ESP-LALIGA,23-24
df69b544,218,Antoine Griezmann,FRA,"FW,MF",Atlético Madrid,32,1991,29.4,16,75,29,38.7,2.55,0.99,0.16,0.41,17.3,3,4,4,12.3,9.3,0.12,3.7,2.7,Matches,ESP-LALIGA,23-24
ab13a5aa,219,Vicente Guaita,ESP,GK,Celta Vigo,36,1987,26.7,0,0,0,,0.0,0.0,,,,0,0,0,0.0,0.0,,0.0,0.0,Matches,ESP-LALIGA,23-24
ef322658,220,Andrés Guardado,MEX,MF,Betis,36,1986,5.0,0,5,0,0.0,1.01,0.0,0.0,,24.4,0,0,0,0.1,0.1,0.03,-0.1,-0.1,Matches,ESP-LALIGA,23-24
32974271,221,Sergi Guardiola,ESP,"FW,MF",Cádiz,32,1991,5.5,1,14,5,35.7,2.55,0.91,0.07,0.2,16.9,0,0,0,1.8,1.8,0.13,-0.8,-0.8,Matches,ESP-LALIGA,23-24
0076ab7f,222,Nemanja Gudelj,SRB,"DF,MF",Sevilla,31,1991,19.4,1,19,3,15.8,0.98,0.15,0.05,0.33,24.1,4,0,0,0.8,0.8,0.04,0.2,0.2,Matches,ESP-LALIGA,23-24
e6bc67d7,223,Gonçalo Guedes,POR,"FW,MF",Villarreal,26,1996,10.6,3,26,8,30.8,2.46,0.76,0.12,0.38,19.6,0,0,0,2.3,2.3,0.09,0.7,0.7,Matches,ESP-LALIGA,23-24
3828f130,224,Javier Guerra,ESP,MF,Valencia,20,2003,27.8,4,42,14,33.3,1.51,0.5,0.1,0.29,24.3,1,0,0,2.7,2.7,0.06,1.3,1.3,Matches,ESP-LALIGA,23-24
8e48dc61,225,Ander Guevara,ESP,MF,Alavés,26,1997,32.6,1,16,2,12.5,0.49,0.06,0.06,0.5,23.2,0,0,0,0.7,0.7,0.04,0.3,0.3,Matches,ESP-LALIGA,23-24
f7c12fbf,226,Hugo Guillamón,ESP,MF,Valencia,23,2000,14.6,1,3,2,66.7,0.21,0.14,0.33,0.5,18.3,0,0,0,0.2,0.2,0.07,0.8,0.8,Matches,ESP-LALIGA,23-24
d3d774cc,227,Marc Guiu,ESP,"FW,MF",Barcelona,17,2006,0.8,1,4,1,25.0,4.86,1.22,0.25,1.0,12.1,0,0,0,0.8,0.8,0.19,0.2,0.2,Matches,ESP-LALIGA,23-24
3741ca58,228,Arda Güler,TUR,"FW,MF",Real Madrid,18,2005,4.2,6,15,6,40.0,3.58,1.43,0.4,1.0,21.9,1,0,0,1.4,1.4,0.1,4.6,4.6,Matches,ESP-LALIGA,23-24
ac454a4f,229,Gerard Gumbau,ESP,MF,Granada,28,1994,29.7,0,45,9,20.0,1.51,0.3,0.0,0.0,28.3,8,0,0,1.8,1.8,0.04,-1.8,-1.8,Matches,ESP-LALIGA,23-24
819b3158,230,İlkay Gündoğan,GER,MF,Barcelona,32,1990,33.3,5,41,15,36.6,1.23,0.45,0.1,0.27,17.8,5,1,2,7.3,5.7,0.14,-2.3,-1.7,Matches,ESP-LALIGA,23-24
4c0a6a48,231,Jon Guridi,ESP,MF,Alavés,28,1995,29.8,3,36,8,22.2,1.21,0.27,0.08,0.38,13.0,0,0,0,4.0,4.0,0.11,-1.0,-1.0,Matches,ESP-LALIGA,23-24
6b5ea2f4,232,Gorka Guruzeta,ESP,FW,Athletic Club,26,1996,24.6,14,63,28,44.4,2.56,1.14,0.22,0.5,13.5,3,0,1,11.6,10.8,0.17,2.4,3.2,Matches,ESP-LALIGA,23-24
7e98cff1,233,Miguel Gutiérrez,ESP,DF,Girona,22,2001,33.7,2,34,5,14.7,1.01,0.15,0.06,0.4,22.3,0,0,0,2.8,2.8,0.08,-0.8,-0.8,Matches,ESP-LALIGA,23-24
8696bc90,234,Munir El Haddadi,MAR,FW,Las Palmas,27,1995,27.2,3,42,11,26.2,1.54,0.4,0.07,0.27,16.7,3,0,1,4.3,3.5,0.08,-1.3,-0.5,Matches,ESP-LALIGA,23-24
0127419a,235,Ianis Hagi,ROU,"MF,FW",Alavés,24,1998,8.9,0,26,8,30.8,2.91,0.9,0.0,0.0,23.9,4,0,1,2.8,2.0,0.08,-2.8,-2.0,Matches,ESP-LALIGA,23-24
8059806f,236,Luiz Henrique,BRA,FW,Betis,22,2001,6.8,0,18,3,16.7,2.63,0.44,0.0,0.0,15.9,0,0,0,1.2,1.2,0.07,-1.2,-1.2,Matches,ESP-LALIGA,23-24
555f3a0b,237,Mario Hermoso,ESP,DF,Atlético Madrid,28,1995,28.4,0,17,4,23.5,0.6,0.14,0.0,0.0,15.0,0,0,0,1.4,1.4,0.08,-1.4,-1.4,Matches,ESP-LALIGA,23-24
9a76c2e9,238,Javi Hernández,ESP,DF,Cádiz,25,1998,27.9,1,30,8,26.7,1.07,0.29,0.03,0.13,24.0,6,0,0,1.4,1.4,0.05,-0.4,-0.4,Matches,ESP-LALIGA,23-24
132ac341,239,Aridane Hernández,ESP,DF,Rayo Vallecano,34,1989,18.8,0,5,0,0.0,0.27,0.0,0.0,,16.0,0,0,0,0.3,0.3,0.06,-0.3,-0.3,Matches,ESP-LALIGA,23-24
02d2c436,240,Luis Hernández,ESP,DF,Cádiz,34,1989,8.0,1,1,1,100.0,0.12,0.12,1.0,1.0,2.2,0,0,0,1.0,1.0,0.95,0.0,0.0,Matches,ESP-LALIGA,23-24
e19c989c,241,Jorge Herrando,ESP,DF,Osasuna,22,2001,18.3,0,4,0,0.0,0.22,0.0,0.0,,14.5,0,0,0,0.4,0.4,0.09,-0.4,-0.4,Matches,ESP-LALIGA,23-24
436a9dd0,242,Ander Herrera,ESP,MF,Athletic Club,33,1989,11.4,0,14,2,14.3,1.22,0.17,0.0,0.0,21.2,0,0,0,0.7,0.7,0.05,-0.7,-0.7,Matches,ESP-LALIGA,23-24
f814e5d3,243,Cristian Herrera,ESP,"FW,MF",Las Palmas,32,1991,1.8,1,1,1,100.0,0.54,0.54,1.0,1.0,3.8,0,0,0,0.9,0.9,0.87,0.1,0.1,Matches,ESP-LALIGA,23-24
a4995f48,244,Sergio Herrera,ESP,GK,Osasuna,30,1993,31.9,0,0,0,,0.0,0.0,,,,0,0,0,0.0,0.0,,0.0,0.0,Matches,ESP-LALIGA,23-24
5083a734,245,Yangel Herrera,VEN,MF,Girona,25,1998,23.4,5,52,18,34.6,2.22,0.77,0.1,0.28,16.5,0,0,0,4.9,4.9,0.09,0.1,0.1,Matches,ESP-LALIGA,23-24
3a18abe2,246,Juan Herzog,ESP,DF,Las Palmas,20,2003,3.2,2,3,3,100.0,0.92,0.92,0.67,0.67,6.2,0,0,0,0.7,0.7,0.23,1.3,1.3,Matches,ESP-LALIGA,23-24
b85bf253,247,Martin Hongla,CMR,"MF,DF",Granada,25,1998,6.2,0,3,1,33.3,0.48,0.16,0.0,0.0,18.5,0,0,0,0.2,0.2,0.06,-0.2,-0.2,Matches,ESP-LALIGA,23-24
e83e8928,248,Xabier Huarte Armendáriz,ESP,MF,Osasuna,22,2001,0.1,0,0,0,,0.0,0.0,,,,0,0,0,0.0,0.0,,0.0,0.0,Matches,ESP-LALIGA,23-24
3701906c,249,Pablo Ibáñez,ESP,MF,Osasuna,24,1998,12.8,1,27,7,25.9,2.11,0.55,0.04,0.14,18.1,0,0,0,2.3,2.3,0.08,-1.3,-1.3,Matches,ESP-LALIGA,23-24
974322dc,250,Iglesias,ESP,"DF,FW",Getafe,25,1998,15.7,0,15,6,40.0,0.96,0.38,0.0,0.0,25.2,0,0,0,0.6,0.6,0.04,-0.6,-0.6,Matches,ESP-LALIGA,23-24
75645f0e,251,Borja Iglesias,ESP,FW,Betis,30,1993,4.5,0,10,0,0.0,2.21,0.0,0.0,,16.3,0,0,0,0.6,0.6,0.06,-0.6,-0.6,Matches,ESP-LALIGA,23-24
9e095d72,252,Imanol,ESP,DF,Athletic Club,23,2000,5.8,0,1,0,0.0,0.17,0.0,0.0,,23.7,0,0,0,0.0,0.0,0.01,0.0,0.0,Matches,ESP-LALIGA,23-24
a0b4bb3e,253,Isco,ESP,MF,Betis,31,1992,25.8,8,62,24,38.7,2.4,0.93,0.1,0.25,18.0,4,2,2,8.3,6.7,0.11,-0.3,-0.7,Matches,ESP-LALIGA,23-24
9d33c71a,254,Diego Iturralde,ESP,DF,Sevilla,20,2003,0.4,0,0,0,,0.0,0.0,,,,0,0,0,0.0,0.0,,0.0,0.0,Matches,ESP-LALIGA,23-24
4737cebe,255,Adnan Januzaj,BEL,"FW,MF",Sevilla,28,1995,2.1,0,6,1,16.7,2.8,0.47,0.0,0.0,16.8,0,0,0,0.6,0.6,0.1,-0.6,-0.6,Matches,ESP-LALIGA,23-24
2f5c78ca,256,Mikel Jauregizar,ESP,MF,Athletic Club,19,2003,1.7,0,2,0,0.0,1.19,0.0,0.0,,28.2,0,0,0,0.0,0.0,0.02,0.0,0.0,Matches,ESP-LALIGA,23-24
eeba07f8,257,Luis Javier Suárez,COL,FW,Almería,25,1997,10.2,6,39,13,33.3,3.83,1.28,0.13,0.38,14.2,0,1,1,6.5,5.7,0.15,-0.5,-0.7,Matches,ESP-LALIGA,23-24
d068118b,258,Salim El Jebari,MAR,MF,Atlético Madrid,19,2004,0.1,0,0,0,,0.0,0.0,,,,0,0,0,0.0,0.0,,0.0,0.0,Matches,ESP-LALIGA,23-24
1bacc518,259,Frenkie de Jong,NED,MF,Barcelona,26,1997,18.2,2,7,4,57.1,0.39,0.22,0.29,0.5,20.4,0,0,0,0.7,0.7,0.1,1.3,1.3,Matches,ESP-LALIGA,23-24
2a0c8ba4,260,Joan Jordán,ESP,MF,Sevilla,29,1994,4.2,0,6,1,16.7,1.42,0.24,0.0,0.0,21.9,1,0,0,0.2,0.2,0.03,-0.2,-0.2,Matches,ESP-LALIGA,23-24
5556d20b,261,Jordi,ESP,"MF,DF",Getafe,22,2001,6.4,0,7,3,42.9,1.1,0.47,0.0,0.0,12.9,0,0,0,1.3,1.3,0.18,-1.3,-1.3,Matches,ESP-LALIGA,23-24
454d07c9,262,Jeremy Jorge,ESP,FW,Getafe,20,2003,0.0,0,0,0,,0.0,0.0,,,,0,0,0,0.0,0.0,,0.0,0.0,Matches,ESP-LALIGA,23-24
d87e2cae,263,Willian José,BRA,FW,Betis,31,1991,21.9,10,48,24,50.0,2.19,1.1,0.21,0.42,16.3,4,0,0,5.7,5.7,0.12,4.3,4.3,Matches,ESP-LALIGA,23-24
6265208f,264,Joselu,ESP,FW,Real Madrid,33,1990,18.7,10,61,28,45.9,3.25,1.49,0.16,0.36,12.8,0,0,2,11.6,10.0,0.16,-1.6,0.0,Matches,ESP-LALIGA,23-24
bd4e3824,265,Kamil Jóźwiak,POL,MF,Granada,25,1998,6.3,0,4,1,25.0,0.63,0.16,0.0,0.0,21.8,0,0,0,0.1,0.1,0.03,-0.1,-0.1,Matches,ESP-LALIGA,23-24
84399660,266,Juanmi,ESP,FW,Cádiz,30,1993,9.7,3,14,7,50.0,1.44,0.72,0.21,0.43,12.6,0,0,0,2.5,2.5,0.18,0.5,0.5,Matches,ESP-LALIGA,23-24
1633fc8a,267,Juanpe,ESP,DF,Girona,32,1991,8.3,0,4,0,0.0,0.48,0.0,0.0,,12.6,0,0,0,0.2,0.2,0.05,-0.2,-0.2,Matches,ESP-LALIGA,23-24
7111d552,268,Vinicius Júnior,BRA,FW,Real Madrid,23,2000,20.7,15,77,38,49.4,3.72,1.83,0.18,0.37,14.6,0,1,1,13.1,12.3,0.16,1.9,1.7,Matches,ESP-LALIGA,23-24
0107757e,269,Filip Jørgensen,DEN,GK,Villarreal,21,2002,36.0,0,0,0,,0.0,0.0,,,,0,0,0,0.0,0.0,,0.0,0.0,Matches,ESP-LALIGA,23-24
d29202c2,270,Sory Kaba,GUI,FW,Las Palmas,28,1995,8.0,1,13,1,7.7,1.62,0.12,0.08,1.0,17.1,0,0,0,1.5,1.5,0.11,-0.5,-0.5,Matches,ESP-LALIGA,23-24
55634fb8,271,Kaiky,BRA,DF,Almería,19,2004,5.8,1,3,1,33.3,0.52,0.17,0.33,1.0,11.4,0,0,0,0.2,0.2,0.08,0.8,0.8,Matches,ESP-LALIGA,23-24
211589b8,272,Jon Karrikaburu,ESP,"MF,FW",Alavés,20,2002,0.2,0,0,0,,0.0,0.0,,,,0,0,0,0.0,0.0,,0.0,0.0,Matches,ESP-LALIGA,23-24
047759a0,273,Ibrahima Kebe,MLI,MF,Girona,22,2000,0.1,0,0,0,,0.0,0.0,,,,0,0,0,0.0,0.0,,0.0,0.0,Matches,ESP-LALIGA,23-24
e897d8ba,274,Kiké,ESP,"FW,MF",Alavés,33,1989,15.8,3,56,23,41.1,3.54,1.45,0.05,0.13,13.1,0,0,1,7.7,6.9,0.12,-4.7,-3.9,Matches,ESP-LALIGA,23-24
55126f3b,275,Koke,ESP,MF,Atlético Madrid,31,1992,27.7,0,10,2,20.0,0.36,0.07,0.0,0.0,21.9,0,0,0,0.4,0.4,0.04,-0.4,-0.4,Matches,ESP-LALIGA,23-24
04bb2b06,276,Ibrahima Koné,MLI,FW,Almería,24,1999,3.1,0,4,2,50.0,1.3,0.65,0.0,0.0,12.9,0,0,0,0.4,0.4,0.11,-0.4,-0.4,Matches,ESP-LALIGA,23-24
86a2ba20,277,Rominigue Kouamé,MLI,MF,Cádiz,26,1996,9.1,0,5,0,0.0,0.55,0.0,0.0,,22.3,0,0,0,0.3,0.3,0.06,-0.3,-0.3,Matches,ESP-LALIGA,23-24
4d1666ff,278,Jules Koundé,FRA,DF,Barcelona,24,1998,32.2,1,24,6,25.0,0.75,0.19,0.04,0.17,15.3,0,0,0,2.0,2.0,0.08,-1.0,-1.0,Matches,ESP-LALIGA,23-24
6ce1f46f,279,Toni Kroos,GER,MF,Real Madrid,33,1990,23.6,1,35,13,37.1,1.48,0.55,0.03,0.08,25.2,10,0,0,1.6,1.6,0.05,-0.6,-0.6,Matches,ESP-LALIGA,23-24
16aa3654,280,Takefusa Kubo,JPN,"FW,MF",Real Sociedad,22,2001,23.9,7,46,21,45.7,1.93,0.88,0.15,0.33,17.5,2,0,0,3.5,3.5,0.08,3.5,3.5,Matches,ESP-LALIGA,23-24
e9241b40,281,Luca de la Torre,USA,MF,Celta Vigo,25,1998,21.7,1,24,8,33.3,1.1,0.37,0.04,0.13,16.4,0,0,0,2.5,2.5,0.1,-1.5,-1.5,Matches,ESP-LALIGA,23-24
edd4e7a5,282,Yoel Lago,ESP,DF,Celta Vigo,19,2004,1.0,0,0,0,,0.0,0.0,,,,0,0,0,0.0,0.0,,0.0,0.0,Matches,ESP-LALIGA,23-24
abe66106,283,Érik Lamela,ARG,"FW,MF",Sevilla,31,1992,5.1,2,9,4,44.4,1.75,0.78,0.22,0.5,14.2,0,0,0,1.0,1.0,0.11,1.0,1.0,Matches,ESP-LALIGA,23-24
72947847,284,Bruno Langa,MOZ,DF,Almería,25,1997,9.1,1,8,2,25.0,0.88,0.22,0.13,0.5,24.6,0,0,0,0.2,0.2,0.02,0.8,0.8,Matches,ESP-LALIGA,23-24
e7af9060,285,Cyle Larin,CAN,FW,Mallorca,28,1995,20.3,3,69,25,36.2,3.41,1.23,0.04,0.12,12.7,0,0,0,9.0,9.0,0.13,-6.0,-6.0,Matches,ESP-LALIGA,23-24
2bea832e,286,Juanmi Latasa,ESP,FW,Getafe,22,2001,17.3,2,44,15,34.1,2.55,0.87,0.05,0.13,12.7,0,0,0,3.6,3.5,0.08,-1.6,-1.5,Matches,ESP-LALIGA,23-24
8e088e04,287,Toni Lato,ESP,DF,Mallorca,25,1997,17.2,0,5,1,20.0,0.29,0.06,0.0,0.0,17.6,0,0,0,0.2,0.2,0.05,-0.2,-0.2,Matches,ESP-LALIGA,23-24
86ff856b,288,Lázaro,BRA,"FW,MF",Almería,21,2002,3.2,0,8,4,50.0,2.53,1.26,0.0,0.0,18.3,0,0,0,0.9,0.9,0.11,-0.9,-0.9,Matches,ESP-LALIGA,23-24
9a64e67e,289,Robin Le Normand,ESP,DF,Real Sociedad,26,1996,27.4,2,8,5,62.5,0.29,0.18,0.25,0.4,12.2,0,0,0,1.0,1.0,0.13,1.0,1.0,Matches,ESP-LALIGA,23-24
6c4776b1,290,Jeremías Ledesma,ARG,GK,Cádiz,30,1993,33.9,0,0,0,,0.0,0.0,,,,0,0,0,0.0,0.0,,0.0,0.0,Matches,ESP-LALIGA,23-24
6eaed4eb,291,Florian Lejeune,FRA,DF,Rayo Vallecano,32,1991,37.0,3,67,21,31.3,1.81,0.57,0.04,0.14,27.9,32,0,0,3.3,3.3,0.05,-0.3,-0.3,Matches,ESP-LALIGA,23-24
d633fd46,292,Stefan Lekovic,SRB,DF,Villarreal,19,2004,0.3,0,0,0,,0.0,0.0,,,,0,0,0,0.0,0.0,,0.0,0.0,Matches,ESP-LALIGA,23-24
59b7d823,293,Iñigo Lekue,ESP,DF,Athletic Club,30,1993,22.2,0,5,0,0.0,0.22,0.0,0.0,,22.3,0,0,0,0.2,0.2,0.03,-0.2,-0.2,Matches,ESP-LALIGA,23-24
4dbd0916,294,Thomas Lemar,FRA,MF,Atlético Madrid,27,1995,1.8,0,2,0,0.0,1.1,0.0,0.0,,23.0,0,0,0,0.2,0.2,0.08,-0.2,-0.2,Matches,ESP-LALIGA,23-24
31d45cc8,295,Álvaro Lemos,ESP,DF,Las Palmas,30,1993,2.8,0,1,0,0.0,0.36,0.0,0.0,,29.3,0,0,0,0.0,0.0,0.02,0.0,0.0,Matches,ESP-LALIGA,23-24
755da865,296,Ruben Lendinez,ESP,DF,Valencia,20,2003,0.1,0,0,0,,0.0,0.0,,,,0,0,0,0.0,0.0,,0.0,0.0,Matches,ESP-LALIGA,23-24
8d78e732,297,Robert Lewandowski,POL,FW,Barcelona,34,1988,30.6,19,90,37,41.1,2.95,1.21,0.17,0.41,13.9,3,4,4,18.1,15.0,0.17,0.9,0.0,Matches,ESP-LALIGA,23-24
2a295d33,298,Samuel Lino,BRA,"DF,MF",Atlético Madrid,23,1999,23.1,4,54,21,38.9,2.34,0.91,0.07,0.19,16.6,0,0,0,5.6,5.6,0.1,-1.6,-1.6,Matches,ESP-LALIGA,23-24
38b0cf42,299,Javier Llabrés,ESP,"MF,FW",Mallorca,20,2002,2.7,1,9,4,44.4,3.28,1.46,0.11,0.25,19.9,0,0,0,0.7,0.7,0.08,0.3,0.3,Matches,ESP-LALIGA,23-24
02c15616,300,Marcos Llorente,ESP,"MF,DF",Atlético Madrid,28,1995,28.5,6,30,19,63.3,1.05,0.67,0.2,0.32,15.4,0,0,0,4.1,4.1,0.14,1.9,1.9,Matches,ESP-LALIGA,23-24
6bca20fe,301,Enzo Loiodice,FRA,MF,Las Palmas,22,2000,19.9,0,16,6,37.5,0.8,0.3,0.0,0.0,23.7,0,0,0,0.5,0.5,0.03,-0.5,-0.5,Matches,ESP-LALIGA,23-24
f03f284b,302,David López,ESP,DF,Girona,33,1989,21.8,3,16,5,31.3,0.73,0.23,0.19,0.6,15.0,0,0,0,2.1,1.9,0.12,0.9,1.1,Matches,ESP-LALIGA,23-24
c487901c,303,Diego López,ESP,"MF,FW",Valencia,21,2002,29.5,3,41,15,36.6,1.39,0.51,0.07,0.2,15.4,0,0,0,3.7,3.7,0.09,-0.7,-0.7,Matches,ESP-LALIGA,23-24
c1fe5f0b,304,Fermin López,ESP,"MF,FW",Barcelona,20,2003,16.1,8,51,24,47.1,3.17,1.49,0.16,0.33,15.9,0,0,0,7.5,7.5,0.15,0.5,0.5,Matches,ESP-LALIGA,23-24
e9ada8cf,305,Javi López,ESP,DF,Alavés,21,2002,26.5,1,18,3,16.7,0.68,0.11,0.06,0.33,17.4,0,0,0,0.9,0.9,0.05,0.1,0.1,Matches,ESP-LALIGA,23-24
88050721,306,Unai López,ESP,MF,Rayo Vallecano,27,1995,23.4,1,32,5,15.6,1.37,0.21,0.03,0.2,28.0,3,0,0,1.1,1.1,0.04,-0.1,-0.1,Matches,ESP-LALIGA,23-24
64c14d49,307,Dion Lopy,SEN,MF,Almería,21,2002,21.3,0,23,8,34.8,1.08,0.38,0.0,0.0,26.2,0,0,0,1.3,1.3,0.06,-1.3,-1.3,Matches,ESP-LALIGA,23-24
38699c72,308,Anthony Lozano,HON,"MF,FW",Getafe,30,1993,1.0,0,4,0,0.0,3.91,0.0,0.0,,15.2,0,0,0,0.2,0.2,0.05,-0.2,-0.2,Matches,ESP-LALIGA,23-24
38699c72,309,Anthony Lozano,HON,FW,Almería,30,1993,8.6,3,23,9,39.1,2.68,1.05,0.13,0.33,13.3,0,0,0,3.3,3.3,0.14,-0.3,-0.3,Matches,ESP-LALIGA,23-24
5d68f5b2,310,Lucas,BRA,DF,Cádiz,22,2001,17.1,1,11,4,36.4,0.64,0.23,0.09,0.25,21.5,3,0,0,0.8,0.8,0.07,0.2,0.2,Matches,ESP-LALIGA,23-24
b05e2dbd,311,José Luis Gayà,ESP,DF,Valencia,28,1995,19.9,1,10,1,10.0,0.5,0.05,0.1,1.0,20.1,1,0,0,0.5,0.5,0.05,0.5,0.5,Matches,ESP-LALIGA,23-24
4a478107,312,José Luis Morales,ESP,"FW,MF",Villarreal,36,1987,11.6,7,26,12,46.2,2.23,1.03,0.27,0.58,13.3,0,0,0,5.6,5.6,0.21,1.4,1.4,Matches,ESP-LALIGA,23-24
0c61c77c,313,Dodi Lukebakio,BEL,"FW,MF",Sevilla,25,1997,12.5,5,42,17,40.5,3.36,1.36,0.12,0.29,14.4,1,0,0,5.6,5.6,0.13,-0.6,-0.6,Matches,ESP-LALIGA,23-24
3061e1ec,314,Andriy Lunin,UKR,GK,Real Madrid,24,1999,21.0,0,0,0,,0.0,0.0,,,,0,0,0,0.0,0.0,,0.0,0.0,Matches,ESP-LALIGA,23-24
ed6ea4d9,315,Darwin Machís,VEN,MF,Cádiz,30,1993,8.7,4,20,9,45.0,2.29,1.03,0.15,0.33,24.2,1,1,1,1.4,0.6,0.03,2.6,2.4,Matches,ESP-LALIGA,23-24
5db04597,316,Pablo Maffeo,ESP,DF,Mallorca,26,1997,16.2,1,11,4,36.4,0.68,0.25,0.09,0.25,23.3,0,0,0,0.8,0.8,0.07,0.2,0.2,Matches,ESP-LALIGA,23-24
d4808594,317,Jon Magunacelaya,ESP,"FW,MF",Real Sociedad,23,2000,1.3,0,4,0,0.0,2.98,0.0,0.0,,15.5,0,0,0,0.3,0.3,0.07,-0.3,-0.3,Matches,ESP-LALIGA,23-24
00b28772,318,Nemanja Maksimović,SRB,MF,Getafe,28,1995,36.3,4,34,15,44.1,0.94,0.41,0.12,0.27,11.7,0,0,0,5.5,5.5,0.16,-1.5,-1.5,Matches,ESP-LALIGA,23-24
d4b73232,319,Giorgi Mamardashvili,GEO,GK,Valencia,22,2000,36.5,0,0,0,,0.0,0.0,,,,0,0,0,0.0,0.0,,0.0,0.0,Matches,ESP-LALIGA,23-24
e27fdbca,320,Wilson Manafá,POR,"DF,MF",Granada,29,1994,2.7,0,1,0,0.0,0.37,0.0,0.0,,29.4,0,0,0,0.0,0.0,0.01,0.0,0.0,Matches,ESP-LALIGA,23-24
c20bdcd7,321,Reinildo Mandava,MOZ,DF,Atlético Madrid,29,1994,8.1,2,5,3,60.0,0.62,0.37,0.4,0.67,10.4,0,0,0,0.9,0.9,0.17,1.1,1.1,Matches,ESP-LALIGA,23-24
fbd6378b,322,Aïssa Mandi,ALG,DF,Villarreal,31,1991,12.4,1,4,2,50.0,0.32,0.16,0.25,0.5,12.8,0,0,0,0.6,0.6,0.16,0.4,0.4,Matches,ESP-LALIGA,23-24
758dd7f0,323,Javier Manquillo,ESP,"DF,MF",Celta Vigo,29,1994,8.3,0,1,0,0.0,0.12,0.0,0.0,,13.5,0,0,0,0.1,0.1,0.11,-0.1,-0.1,Matches,ESP-LALIGA,23-24
e54a9890,324,Faitout Maouassa,FRA,"DF,MF",Granada,25,1998,2.5,0,5,0,0.0,1.97,0.0,0.0,,20.0,0,0,0,0.2,0.2,0.03,-0.2,-0.2,Matches,ESP-LALIGA,23-24
133faa84,325,Marcão,BRA,DF,Sevilla,27,1996,3.9,0,0,0,,0.0,0.0,,,,0,0,0,0.0,0.0,,0.0,0.0,Matches,ESP-LALIGA,23-24
9f323c71,326,Óscar de Marcos,ESP,DF,Athletic Club,34,1989,25.1,1,5,2,40.0,0.2,0.08,0.2,0.5,15.7,0,0,0,0.6,0.6,0.13,0.4,0.4,Matches,ESP-LALIGA,23-24
44330c36,327,Alberto Marí,ESP,FW,Valencia,22,2001,3.1,1,6,2,33.3,1.96,0.65,0.0,0.0,11.4,0,1,1,1.8,1.2,0.2,-0.8,-1.2,Matches,ESP-LALIGA,23-24
6f4c734d,328,José Mari,ESP,"MF,FW",Cádiz,35,1987,0.2,0,0,0,,0.0,0.0,,,,0,0,0,0.0,0.0,,0.0,0.0,Matches,ESP-LALIGA,23-24
f0da930c,329,José María Giménez,URU,DF,Atlético Madrid,28,1995,14.7,0,7,1,14.3,0.48,0.07,0.0,0.0,12.4,0,0,0,0.4,0.4,0.06,-0.4,-0.4,Matches,ESP-LALIGA,23-24
5c4dc0ff,330,Mariano,DOM,"FW,MF",Sevilla,29,1993,2.7,0,14,2,14.3,5.16,0.74,0.0,0.0,14.7,0,0,0,1.2,1.2,0.09,-1.2,-1.2,Matches,ESP-LALIGA,23-24
3239a8ed,331,Rafa Marín,ESP,DF,Alavés,21,2002,27.1,0,13,3,23.1,0.48,0.11,0.0,0.0,14.5,0,0,0,0.7,0.7,0.05,-0.7,-0.7,Matches,ESP-LALIGA,23-24
d9235a45,332,Diego Mariño,ESP,GK,Almería,33,1990,1.0,0,0,0,,0.0,0.0,,,,0,0,0,0.0,0.0,,0.0,0.0,Matches,ESP-LALIGA,23-24
e7630876,333,Mika Màrmol,ESP,DF,Las Palmas,21,2002,35.3,0,3,0,0.0,0.08,0.0,0.0,,15.9,0,0,0,0.2,0.2,0.05,-0.2,-0.2,Matches,ESP-LALIGA,23-24
f0fe87dc,334,Unai Marrero,ESP,GK,Real Sociedad,21,2001,1.6,0,0,0,,0.0,0.0,,,,0,0,0,0.0,0.0,,0.0,0.0,Matches,ESP-LALIGA,23-24
0ae4e09a,335,Roger Martí,ESP,FW,Cádiz,32,1991,15.1,2,33,12,36.4,2.19,0.79,0.06,0.17,17.8,0,0,0,2.8,2.8,0.08,-0.8,-0.8,Matches,ESP-LALIGA,23-24
ae48c5cb,336,Iván Martín,ESP,MF,Girona,24,1999,30.3,5,19,11,57.9,0.63,0.36,0.26,0.45,16.4,0,0,0,2.9,2.9,0.15,2.1,2.1,Matches,ESP-LALIGA,23-24
df33ecb5,337,Jon Martin,ESP,DF,Real Sociedad,17,2006,0.3,0,0,0,,0.0,0.0,,,,0,0,0,0.0,0.0,,0.0,0.0,Matches,ESP-LALIGA,23-24
a9aff11a,338,Mario Martín,ESP,MF,Real Madrid,19,2004,0.2,0,0,0,,0.0,0.0,,,,0,0,0,0.0,0.0,,0.0,0.0,Matches,ESP-LALIGA,23-24
c3e66ffe,339,Arnau Martinez,ESP,DF,Girona,20,2003,13.8,0,1,0,0.0,0.07,0.0,0.0,,7.9,0,0,0,0.2,0.2,0.2,-0.2,-0.2,Matches,ESP-LALIGA,23-24
3fc45c73,340,Iñigo Martínez,ESP,DF,Barcelona,32,1991,14.4,0,8,1,12.5,0.56,0.07,0.0,0.0,11.6,0,0,0,0.4,0.4,0.05,-0.4,-0.4,Matches,ESP-LALIGA,23-24
3496ff67,341,Marc Martínez,ESP,GK,Granada,33,1990,3.0,0,0,0,,0.0,0.0,,,,0,0,0,0.0,0.0,,0.0,0.0,Matches,ESP-LALIGA,23-24
efaefda0,342,Marvin,ESP,"FW,DF",Las Palmas,23,2000,20.6,0,14,3,21.4,0.68,0.15,0.0,0.0,17.3,0,0,0,0.9,0.9,0.07,-0.9,-0.9,Matches,ESP-LALIGA,23-24
11fd2b75,343,Omar Mascarell,EQG,MF,Mallorca,30,1993,17.5,0,6,0,0.0,0.34,0.0,0.0,,21.7,0,0,0,0.4,0.4,0.06,-0.4,-0.4,Matches,ESP-LALIGA,23-24
02319ad7,344,Jaime Mata,ESP,"FW,MF",Getafe,34,1988,19.9,5,32,12,37.5,1.61,0.6,0.16,0.42,13.8,0,0,0,5.6,5.6,0.18,-0.6,-0.6,Matches,ESP-LALIGA,23-24
3318286e,345,Luís Maximiano,POR,GK,Almería,24,1999,33.0,0,0,0,,0.0,0.0,,,,0,0,0,0.0,0.0,,0.0,0.0,Matches,ESP-LALIGA,23-24
64e8ed6d,346,Borja Mayoral,ESP,FW,Getafe,26,1997,23.9,15,43,23,53.5,1.8,0.96,0.26,0.48,15.8,0,4,4,11.9,8.7,0.2,3.1,2.3,Matches,ESP-LALIGA,23-24
8aae94b9,347,Mamadou Mbaye,SEN,DF,Cádiz,25,1998,3.2,0,2,1,50.0,0.62,0.31,0.0,0.0,7.9,0,0,0,0.3,0.3,0.17,-0.3,-0.3,Matches,ESP-LALIGA,23-24
ca22ccb0,348,Hannibal Mejbri,TUN,MF,Sevilla,20,2003,1.2,0,1,0,0.0,0.87,0.0,0.0,,24.9,0,0,0,0.0,0.0,0.01,0.0,0.0,Matches,ESP-LALIGA,23-24
379652be,349,Óscar Melendo,ESP,"MF,FW",Granada,25,1997,12.5,0,6,2,33.3,0.48,0.16,0.0,0.0,14.9,0,0,0,0.4,0.4,0.07,-0.4,-0.4,Matches,ESP-LALIGA,23-24
3902e91b,350,Gonzalo Melero,ESP,"MF,FW",Almería,29,1994,12.3,1,14,4,28.6,1.14,0.33,0.07,0.25,11.7,0,0,0,2.0,2.0,0.14,-1.0,-1.0,Matches,ESP-LALIGA,23-24
8f696594,351,Memphis,NED,FW,Atlético Madrid,29,1994,9.9,5,38,15,39.5,3.83,1.51,0.13,0.33,17.5,3,0,0,5.8,5.8,0.15,-0.8,-0.8,Matches,ESP-LALIGA,23-24
1545cf15,352,Houboulang Mendes,GNB,DF,Almería,25,1998,4.4,0,1,0,0.0,0.23,0.0,0.0,,23.2,0,0,0,0.0,0.0,0.01,0.0,0.0,Matches,ESP-LALIGA,23-24
45f771db,353,Tomás Mendes,ESP,MF,Alavés,18,2004,0.1,0,0,0,,0.0,0.0,,,,0,0,0,0.0,0.0,,0.0,0.0,Matches,ESP-LALIGA,23-24
c9e39d91,354,Brais Méndez,ESP,"MF,FW",Real Sociedad,26,1997,26.8,5,66,15,22.7,2.46,0.56,0.08,0.33,20.7,10,0,0,4.2,4.2,0.06,0.8,0.8,Matches,ESP-LALIGA,23-24
66017b9d,355,Bruno Méndez,URU,DF,Granada,23,1999,14.8,2,8,4,50.0,0.54,0.27,0.25,0.5,15.8,0,0,0,0.6,0.6,0.08,1.4,1.4,Matches,ESP-LALIGA,23-24
b151a3f2,356,Diego Méndez,ESP,MF,Rayo Vallecano,19,2003,0.1,0,0,0,,0.0,0.0,,,,0,0,0,0.0,0.0,,0.0,0.0,Matches,ESP-LALIGA,23-24
3cefcaef,357,Ferland Mendy,FRA,DF,Real Madrid,28,1995,19.1,0,5,1,20.0,0.26,0.05,0.0,0.0,19.8,0,0,0,0.2,0.2,0.05,-0.2,-0.2,Matches,ESP-LALIGA,23-24
9f979eb2,358,Jorge Meré,ESP,DF,Cádiz,26,1997,7.5,0,4,1,25.0,0.53,0.13,0.0,0.0,18.2,0,0,0,0.2,0.2,0.04,-0.2,-0.2,Matches,ESP-LALIGA,23-24
d080ed5e,359,Mikel Merino,ESP,MF,Real Sociedad,27,1996,27.6,5,30,11,36.7,1.09,0.4,0.17,0.45,13.9,0,0,0,3.3,3.3,0.11,1.7,1.7,Matches,ESP-LALIGA,23-24
bdc14559,360,Omenuke Mfulu,COD,"MF,FW",Las Palmas,29,1994,0.9,0,0,0,,0.0,0.0,,,,0,0,0,0.0,0.0,,0.0,0.0,Matches,ESP-LALIGA,23-24
6763373d,361,Miguel,ESP,"FW,MF",Alavés,23,1999,0.7,0,2,1,50.0,2.77,1.38,0.0,0.0,19.6,0,0,0,0.1,0.1,0.05,-0.1,-0.1,Matches,ESP-LALIGA,23-24
2784f898,362,Éder Militão,BRA,DF,Real Madrid,25,1998,5.5,0,2,2,100.0,0.36,0.36,0.0,0.0,22.4,0,0,0,0.1,0.1,0.06,-0.1,-0.1,Matches,ESP-LALIGA,23-24
19c36442,363,Luis Milla,ESP,MF,Getafe,28,1994,23.5,0,16,5,31.3,0.68,0.21,0.0,0.0,25.1,1,0,0,0.6,0.6,0.04,-0.6,-0.6,Matches,ESP-LALIGA,23-24
1fda2b14,364,Marko Milovanović,SRB,"FW,MF",Almería,19,2003,3.4,1,5,1,20.0,1.46,0.29,0.2,1.0,16.2,0,0,0,1.5,1.5,0.31,-0.5,-0.5,Matches,ESP-LALIGA,23-24
056269d7,365,Óscar Mingueza,ESP,"DF,MF",Celta Vigo,24,1999,33.3,2,28,13,46.4,0.84,0.39,0.07,0.15,20.4,0,0,0,2.6,2.6,0.09,-0.6,-0.6,Matches,ESP-LALIGA,23-24
174f09a6,366,Ignasi Miquel,ESP,DF,Granada,30,1992,33.2,1,22,8,36.4,0.66,0.24,0.05,0.13,12.7,0,0,0,1.4,1.4,0.06,-0.4,-0.4,Matches,ESP-LALIGA,23-24
bbf5c11b,367,Rafa Mir,ESP,"FW,MF",Sevilla,26,1997,4.3,2,15,7,46.7,3.45,1.61,0.13,0.29,16.9,0,0,0,1.4,1.4,0.1,0.6,0.6,Matches,ESP-LALIGA,23-24
ead61f73,368,Juan Miranda,ESP,DF,Betis,23,2000,20.6,1,16,6,37.5,0.78,0.29,0.06,0.17,18.6,1,0,0,1.6,1.6,0.11,-0.6,-0.6,Matches,ESP-LALIGA,23-24
e6777e6b,369,Stefan Mitrović,SRB,DF,Getafe,33,1990,7.8,1,1,1,100.0,0.13,0.13,1.0,1.0,8.7,0,0,0,0.1,0.1,0.09,0.9,0.9,Matches,ESP-LALIGA,23-24
6025fab1,370,Luka Modrić,CRO,MF,Real Madrid,37,1985,18.8,2,25,10,40.0,1.33,0.53,0.08,0.2,21.9,1,0,0,1.3,1.3,0.05,0.7,0.7,Matches,ESP-LALIGA,23-24
608f2092,371,Johan Mojica,COL,DF,Osasuna,30,1992,22.7,0,17,1,5.9,0.75,0.04,0.0,0.0,22.1,2,0,0,1.0,1.0,0.06,-1.0,-1.0,Matches,ESP-LALIGA,23-24
c2c8897d,372,Alberto Moleiro,ESP,"FW,MF",Las Palmas,19,2003,20.0,3,33,10,30.3,1.65,0.5,0.09,0.3,20.0,0,0,0,2.0,2.0,0.06,1.0,1.0,Matches,ESP-LALIGA,23-24
23610943,373,Nahuel Molina,ARG,DF,Atlético Madrid,25,1998,20.6,2,12,4,33.3,0.58,0.19,0.17,0.5,17.4,1,0,0,1.3,1.3,0.11,0.7,0.7,Matches,ESP-LALIGA,23-24
9939e168,374,Jon Moncayola,ESP,MF,Osasuna,25,1998,20.0,1,16,5,31.3,0.8,0.25,0.06,0.2,23.0,0,0,0,0.6,0.6,0.04,0.4,0.4,Matches,ESP-LALIGA,23-24
28e957d7,375,César Montes,MEX,DF,Almería,26,1997,19.9,0,13,2,15.4,0.65,0.1,0.0,0.0,11.0,0,0,0,0.7,0.7,0.05,-0.7,-0.7,Matches,ESP-LALIGA,23-24
129af0db,376,Álvaro Morata,ESP,FW,Atlético Madrid,30,1992,21.2,15,66,33,50.0,3.12,1.56,0.23,0.45,11.4,0,0,1,13.8,12.9,0.2,1.2,2.1,Matches,ESP-LALIGA,23-24
11b9265b,377,Alberto Moreno,ESP,DF,Villarreal,31,1992,16.5,2,17,5,29.4,1.03,0.3,0.12,0.4,19.8,0,0,0,0.7,0.7,0.04,1.3,1.3,Matches,ESP-LALIGA,23-24
81f0781e,378,Gerard Moreno,ESP,FW,Villarreal,31,1992,24.6,10,60,18,30.0,2.44,0.73,0.13,0.44,15.3,0,2,3,9.7,7.3,0.12,0.3,0.7,Matches,ESP-LALIGA,23-24
1f875ef8,379,Jorge Moreno,ESP,DF,Osasuna,22,2001,0.2,0,0,0,,0.0,0.0,,,,0,0,0,0.0,0.0,,0.0,0.0,Matches,ESP-LALIGA,23-24
f4c69aa6,380,Ilaix Moriba,GUI,"MF,FW",Getafe,20,2003,6.7,0,4,1,25.0,0.6,0.15,0.0,0.0,21.4,0,0,0,0.3,0.3,0.09,-0.3,-0.3,Matches,ESP-LALIGA,23-24
a0255c67,381,Manu Morlanes,ESP,MF,Mallorca,24,1999,17.9,0,11,4,36.4,0.61,0.22,0.0,0.0,16.3,0,0,0,1.0,1.0,0.1,-1.0,-1.0,Matches,ESP-LALIGA,23-24
dc1ce4f5,382,Cristhian Mosquera,ESP,DF,Valencia,19,2004,34.2,0,9,2,22.2,0.26,0.06,0.0,0.0,14.3,0,0,0,0.7,0.7,0.07,-0.7,-0.7,Matches,ESP-LALIGA,23-24
1e159d70,383,Yerson Mosquera,COL,DF,Villarreal,22,2001,13.7,2,10,4,40.0,0.73,0.29,0.2,0.5,8.4,0,0,0,1.6,1.6,0.16,0.4,0.4,Matches,ESP-LALIGA,23-24
5487adcd,384,Abdul Mumin,GHA,DF,Rayo Vallecano,25,1998,18.8,1,6,1,16.7,0.32,0.05,0.17,1.0,15.9,0,0,0,0.4,0.4,0.06,0.6,0.6,Matches,ESP-LALIGA,23-24
c05dfb74,385,Iker Muniain,ESP,"MF,FW",Athletic Club,30,1992,6.6,2,13,7,53.8,1.97,1.06,0.15,0.29,14.3,0,0,0,1.7,1.7,0.13,0.3,0.3,Matches,ESP-LALIGA,23-24
228b0d9d,386,Aihen Muñoz,ESP,DF,Real Sociedad,25,1997,12.5,0,7,2,28.6,0.56,0.16,0.0,0.0,24.2,0,0,0,0.3,0.3,0.04,-0.3,-0.3,Matches,ESP-LALIGA,23-24
49a6ecbb,387,Álvaro Muñoz,URU,FW,Real Madrid,19,2004,0.0,0,0,0,,0.0,0.0,,,,0,0,0,0.0,0.0,,0.0,0.0,Matches,ESP-LALIGA,23-24
175ece4c,388,Iker Muñoz,ESP,MF,Osasuna,20,2002,20.6,4,23,6,26.1,1.12,0.29,0.17,0.67,21.6,0,0,0,1.1,1.1,0.05,2.9,2.9,Matches,ESP-LALIGA,23-24
ec7c84c2,389,Javier Muñoz,ESP,MF,Las Palmas,28,1995,29.3,2,38,9,23.7,1.3,0.31,0.05,0.22,21.0,0,0,0,2.5,2.5,0.07,-0.5,-0.5,Matches,ESP-LALIGA,23-24
0cadc46d,390,Vedat Muriqi,KVX,FW,Mallorca,29,1994,25.9,7,62,21,33.9,2.4,0.81,0.1,0.29,14.1,0,1,3,10.4,8.0,0.13,-3.4,-2.0,Matches,ESP-LALIGA,23-24
2946f9a1,391,Nacho,ESP,DF,Real Madrid,33,1990,19.4,0,5,1,20.0,0.26,0.05,0.0,0.0,11.7,0,0,0,0.5,0.5,0.1,-0.5,-0.5,Matches,ESP-LALIGA,23-24
f35430a4,392,Matija Nastasić,SRB,DF,Mallorca,30,1993,25.1,2,8,2,25.0,0.32,0.08,0.25,1.0,10.2,0,0,0,1.0,1.0,0.13,1.0,1.0,Matches,ESP-LALIGA,23-24
c997b942,393,Roberto Navarro,ESP,"MF,FW",Cádiz,21,2002,21.0,1,30,9,30.0,1.43,0.43,0.03,0.11,19.1,0,0,0,2.1,2.1,0.07,-1.1,-1.1,Matches,ESP-LALIGA,23-24
3f10bd22,394,Jesús Navas,ESP,DF,Sevilla,37,1985,22.3,0,7,2,28.6,0.31,0.09,0.0,0.0,25.0,0,0,0,0.1,0.1,0.02,-0.1,-0.1,Matches,ESP-LALIGA,23-24
63b0ca6b,395,Álvaro Negredo,ESP,"FW,MF",Cádiz,37,1985,0.6,0,3,1,33.3,5.0,1.67,0.0,0.0,29.1,1,0,0,0.1,0.1,0.03,-0.1,-0.1,Matches,ESP-LALIGA,23-24
8d47bb39,396,Carlos Neva,ESP,DF,Granada,27,1996,35.0,0,4,0,0.0,0.11,0.0,0.0,,20.4,0,0,0,0.1,0.1,0.03,-0.1,-0.1,Matches,ESP-LALIGA,23-24
5853ac44,397,Tanguy Nianzou,FRA,DF,Sevilla,21,2002,3.5,0,1,0,0.0,0.28,0.0,0.0,,12.9,0,0,0,0.0,0.0,0.03,0.0,0.0,Matches,ESP-LALIGA,23-24
c14bc029,398,Saúl Ñíguez,ESP,MF,Atlético Madrid,28,1994,15.3,1,16,4,25.0,1.05,0.26,0.06,0.25,14.5,0,0,0,1.5,1.5,0.09,-0.5,-0.5,Matches,ESP-LALIGA,23-24
857cb4f3,399,Peru Nolaskoain,ESP,"DF,MF",Athletic Club,24,1998,0.1,0,0,0,,0.0,0.0,,,,0,0,0,0.0,0.0,,0.0,0.0,Matches,ESP-LALIGA,23-24
a6103274,400,Randy Nteka,ANG,"FW,MF",Rayo Vallecano,25,1997,6.4,1,14,5,35.7,2.2,0.79,0.0,0.0,15.9,0,1,1,2.3,1.5,0.11,-1.3,-1.5,Matches,ESP-LALIGA,23-24
be170419,401,Unai Núñez,ESP,DF,Celta Vigo,26,1997,31.1,1,22,5,22.7,0.71,0.16,0.05,0.2,14.4,1,0,0,1.4,1.4,0.07,-0.4,-0.4,Matches,ESP-LALIGA,23-24
bdedffac,402,Ørjan Nyland,NOR,GK,Sevilla,32,1990,24.0,0,0,0,,0.0,0.0,,,,0,0,0,0.0,0.0,,0.0,0.0,Matches,ESP-LALIGA,23-24
ee8508c0,403,Jan Oblak,SVN,GK,Atlético Madrid,30,1993,38.0,0,0,0,,0.0,0.0,,,,0,0,0,0.0,0.0,,0.0,0.0,Matches,ESP-LALIGA,23-24
2e3995cd,404,Brian Ocampo,URU,"MF,FW",Cádiz,24,1999,2.8,1,5,2,40.0,1.81,0.73,0.2,0.5,23.0,0,0,0,0.3,0.3,0.06,0.7,0.7,Matches,ESP-LALIGA,23-24
a08b974a,405,Lucas Ocampos,ARG,"FW,MF",Sevilla,29,1994,31.9,4,63,23,36.5,1.97,0.72,0.05,0.13,16.9,0,1,1,5.4,4.6,0.07,-1.4,-1.6,Matches,ESP-LALIGA,23-24
1d1691ad,406,Álvaro Odriozola,ESP,DF,Real Sociedad,27,1995,4.4,0,0,0,,0.0,0.0,,,,0,0,0,0.0,0.0,,0.0,0.0,Matches,ESP-LALIGA,23-24
b7e92b0e,407,Aingeru Olabarrieta,ESP,FW,Athletic Club,17,2005,0.1,0,1,0,0.0,10.0,0.0,0.0,,25.4,0,0,0,0.0,0.0,0.01,0.0,0.0,Matches,ESP-LALIGA,23-24
3d99999d,408,Olasagasti,ESP,MF,Real Sociedad,22,2000,4.0,0,9,0,0.0,2.25,0.0,0.0,,17.0,0,0,0,0.9,0.9,0.09,-0.9,-0.9,Matches,ESP-LALIGA,23-24
dc44b03c,409,Samu Omorodion,ESP,FW,Alavés,19,2004,21.3,8,64,24,37.5,3.0,1.13,0.13,0.33,13.5,0,0,0,10.8,10.8,0.17,-2.8,-2.8,Matches,ESP-LALIGA,23-24
dc44b03c,410,Samu Omorodion,ESP,FW,Granada,19,2004,0.9,1,3,2,66.7,3.38,2.25,0.33,0.5,8.6,0,0,0,0.7,0.7,0.23,0.3,0.3,Matches,ESP-LALIGA,23-24
7c363088,411,Aimar Oroz,ESP,MF,Osasuna,21,2001,26.0,2,24,5,20.8,0.92,0.19,0.04,0.2,18.0,1,1,1,3.5,2.8,0.11,-1.5,-1.8,Matches,ESP-LALIGA,23-24
dc5ea86b,412,Eneko Ortiz,ESP,DF,Alavés,20,2003,0.2,0,0,0,,0.0,0.0,,,,0,0,0,0.0,0.0,,0.0,0.0,Matches,ESP-LALIGA,23-24
e87c44a9,413,Asier Osambela,ESP,MF,Osasuna,19,2004,0.1,0,0,0,,0.0,0.0,,,,0,0,0,0.0,0.0,,0.0,0.0,Matches,ESP-LALIGA,23-24
375ed9d7,414,Milutin Osmajić,MNE,MF,Cádiz,24,1999,0.1,0,2,0,0.0,36.0,0.0,0.0,,12.8,0,0,0,0.1,0.1,0.04,-0.1,-0.1,Matches,ESP-LALIGA,23-24
2973a975,415,Aiham Ousou,SYR,DF,Cádiz,23,2000,4.8,0,2,0,0.0,0.42,0.0,0.0,,13.3,0,0,0,0.2,0.2,0.09,-0.2,-0.2,Matches,ESP-LALIGA,23-24
d6e3d7fb,416,Jesús Owono,EQG,GK,Alavés,22,2001,4.0,0,0,0,,0.0,0.0,,,,0,0,0,0.0,0.0,,0.0,0.0,Matches,ESP-LALIGA,23-24
8c3c640c,417,Mikel Oyarzabal,ESP,"FW,MF",Real Sociedad,26,1997,24.0,9,38,16,42.1,1.59,0.67,0.18,0.44,15.2,3,2,2,9.1,7.5,0.2,-0.1,-0.5,Matches,ESP-LALIGA,23-24
9a93efc9,418,Cenk Özkacar,TUR,DF,Valencia,22,2000,17.8,0,6,3,50.0,0.34,0.17,0.0,0.0,14.3,0,0,0,0.3,0.3,0.04,-0.3,-0.3,Matches,ESP-LALIGA,23-24
44150beb,419,Jon Pacheco,ESP,DF,Real Sociedad,22,2001,17.0,1,6,3,50.0,0.35,0.18,0.17,0.33,8.2,0,0,0,1.1,1.1,0.18,-0.1,-0.1,Matches,ESP-LALIGA,23-24
49dbab27,420,Isaac Palazón Camacho,ESP,"MF,FW",Rayo Vallecano,28,1994,31.0,4,70,31,44.3,2.26,1.0,0.03,0.06,22.5,5,2,2,5.9,4.4,0.06,-1.9,-2.4,Matches,ESP-LALIGA,23-24
ae14af56,421,Joaquín Panichelli,ARG,"FW,MF",Alavés,20,2002,2.5,0,9,2,22.2,3.58,0.8,0.0,0.0,17.8,0,0,0,0.6,0.6,0.06,-0.6,-0.6,Matches,ESP-LALIGA,23-24
b682dcf6,422,Sokratis Papastathopoulos,GRE,DF,Betis,35,1988,12.6,0,2,1,50.0,0.16,0.08,0.0,0.0,7.9,0,0,0,0.3,0.3,0.13,-0.3,-0.3,Matches,ESP-LALIGA,23-24
8ca358c5,423,Victor Parada,ESP,"FW,MF",Alavés,21,2002,0.0,0,0,0,,0.0,0.0,,,,0,0,0,0.0,0.0,,0.0,0.0,Matches,ESP-LALIGA,23-24
b906757a,424,Aitor Paredes,ESP,DF,Athletic Club,23,2000,30.0,1,14,3,21.4,0.47,0.1,0.07,0.33,9.7,0,0,0,1.2,1.2,0.08,-0.2,-0.2,Matches,ESP-LALIGA,23-24
7460ca0d,425,Daniel Parejo,ESP,MF,Villarreal,34,1989,28.7,3,9,3,33.3,0.31,0.1,0.0,0.0,27.1,2,3,3,2.9,0.6,0.06,0.1,-0.6,Matches,ESP-LALIGA,23-24
a2d9cf74,426,Pascu,ESP,FW,Villarreal,20,2003,0.2,0,0,0,,0.0,0.0,,,,0,0,0,0.0,0.0,,0.0,0.0,Matches,ESP-LALIGA,23-24
b7ca5c51,427,Gabriel Paulista,BRA,DF,Atlético Madrid,32,1990,4.5,0,1,1,100.0,0.22,0.22,0.0,0.0,4.7,0,0,0,0.2,0.2,0.19,-0.2,-0.2,Matches,ESP-LALIGA,23-24
b7ca5c51,428,Gabriel Paulista,BRA,DF,Valencia,32,1990,15.5,0,7,0,0.0,0.45,0.0,0.0,,13.3,0,0,0,0.4,0.4,0.05,-0.4,-0.4,Matches,ESP-LALIGA,23-24
01bb93d5,429,Nicolás Paz,ARG,"MF,FW",Real Madrid,18,2004,0.3,0,2,0,0.0,7.83,0.0,0.0,,26.2,0,0,0,0.1,0.1,0.04,-0.1,-0.1,Matches,ESP-LALIGA,23-24
63f04c6c,430,Alfonso Pedraza,ESP,DF,Villarreal,27,1996,12.4,1,9,4,44.4,0.73,0.32,0.11,0.25,16.5,0,0,0,0.6,0.6,0.07,0.4,0.4,Matches,ESP-LALIGA,23-24
0d9b2d31,431,Pedri,ESP,"MF,FW",Barcelona,20,2002,16.4,4,15,7,46.7,0.91,0.43,0.27,0.57,14.5,0,0,0,3.1,3.1,0.21,0.9,0.9,Matches,ESP-LALIGA,23-24
112521d1,432,Adrià Pedrosa,ESP,DF,Sevilla,25,1998,19.5,1,16,4,25.0,0.82,0.21,0.06,0.25,22.0,0,0,0,0.7,0.7,0.04,0.3,0.3,Matches,ESP-LALIGA,23-24
ac7e7b1c,433,Facundo Pellistri,URU,"MF,FW",Granada,21,2001,13.7,2,17,6,35.3,1.24,0.44,0.12,0.33,14.5,0,0,0,2.5,2.5,0.14,-0.5,-0.5,Matches,ESP-LALIGA,23-24
cc1c5035,434,Iñaki Peña,ESP,GK,Barcelona,24,1999,10.0,0,0,0,,0.0,0.0,,,,0,0,0,0.0,0.0,,0.0,0.0,Matches,ESP-LALIGA,23-24
736c14ec,435,Marcos Peña,ESP,MF,Almería,18,2005,4.9,0,4,1,25.0,0.82,0.2,0.0,0.0,28.1,0,0,0,0.2,0.2,0.04,-0.2,-0.2,Matches,ESP-LALIGA,23-24
1f079188,436,Rubén Peña,ESP,"DF,FW",Osasuna,32,1991,23.2,0,17,5,29.4,0.73,0.22,0.0,0.0,21.0,0,0,0,0.9,0.9,0.05,-0.9,-0.9,Matches,ESP-LALIGA,23-24
5496cc91,437,Alberto Perea,ESP,"MF,FW",Granada,32,1990,0.0,0,0,0,,0.0,0.0,,,,0,0,0,0.0,0.0,,0.0,0.0,Matches,ESP-LALIGA,23-24
819aa8e7,438,Ayoze Pérez,ESP,FW,Betis,30,1993,25.5,9,68,26,38.2,2.67,1.02,0.13,0.35,13.5,0,0,0,7.4,7.4,0.11,1.6,1.6,Matches,ESP-LALIGA,23-24
a8f21b9f,439,Carles Pérez,ESP,"MF,DF",Celta Vigo,25,1998,8.6,1,24,6,25.0,2.8,0.7,0.04,0.17,21.4,2,0,0,1.2,1.2,0.05,-0.2,-0.2,Matches,ESP-LALIGA,23-24
3d79a68c,440,Francisco Perez,ESP,"MF,FW",Valencia,20,2002,22.8,1,20,2,10.0,0.88,0.09,0.05,0.5,18.4,0,0,0,1.1,1.1,0.05,-0.1,-0.1,Matches,ESP-LALIGA,23-24
237a3851,441,Kike Pérez,ESP,"MF,FW",Rayo Vallecano,26,1997,9.3,1,13,5,38.5,1.4,0.54,0.08,0.2,18.7,1,0,0,1.9,1.9,0.14,-0.9,-0.9,Matches,ESP-LALIGA,23-24
53552942,442,Máximo Perrone,ARG,MF,Las Palmas,20,2003,18.0,0,7,3,42.9,0.39,0.17,0.0,0.0,23.6,0,0,0,0.2,0.2,0.03,-0.2,-0.2,Matches,ESP-LALIGA,23-24
0cb29e91,443,Njegoš Petrović,SRB,"MF,FW",Granada,24,1999,1.7,0,2,1,50.0,1.15,0.57,0.0,0.0,31.9,1,0,0,0.0,0.0,0.02,0.0,0.0,Matches,ESP-LALIGA,23-24
8c725b43,444,Germán Pezzella,ARG,DF,Betis,32,1991,30.7,1,23,5,21.7,0.75,0.16,0.04,0.2,11.2,0,0,0,2.0,2.0,0.09,-1.0,-1.0,Matches,ESP-LALIGA,23-24
2cf496fb,445,Kamil Piątkowski,POL,DF,Granada,23,2000,5.6,0,4,2,50.0,0.71,0.36,0.0,0.0,7.3,0,0,0,0.8,0.8,0.2,-0.8,-0.8,Matches,ESP-LALIGA,23-24
540ec57b,446,Yeremi Pino,ESP,"MF,FW",Villarreal,20,2002,5.3,0,9,4,44.4,1.71,0.76,0.0,0.0,12.5,0,0,0,1.4,1.4,0.16,-1.4,-1.4,Matches,ESP-LALIGA,23-24
1bda5842,447,Portu,ESP,FW,Getafe,31,1992,1.1,0,1,1,100.0,0.93,0.93,0.0,0.0,8.5,0,0,0,0.2,0.2,0.16,-0.2,-0.2,Matches,ESP-LALIGA,23-24
1bda5842,448,Portu,ESP,"MF,FW",Girona,31,1992,13.2,7,21,10,47.6,1.59,0.76,0.33,0.7,11.5,0,0,0,3.4,3.4,0.16,3.6,3.6,Matches,ESP-LALIGA,23-24
fc8b614b,449,José Pozo,ESP,MF,Rayo Vallecano,27,1996,0.2,0,0,0,,0.0,0.0,,,,0,0,0,0.0,0.0,,0.0,0.0,Matches,ESP-LALIGA,23-24
3c16d927,450,Alejandro Pozo Pozo,ESP,"DF,MF",Almería,24,1999,10.8,0,4,3,75.0,0.37,0.28,0.0,0.0,23.3,0,0,0,0.4,0.4,0.1,-0.4,-0.4,Matches,ESP-LALIGA,23-24
1f60244a,451,Beñat Prados,ESP,"MF,DF",Athletic Club,22,2001,16.1,0,7,4,57.1,0.43,0.25,0.0,0.0,18.5,0,0,0,0.5,0.5,0.07,-0.5,-0.5,Matches,ESP-LALIGA,23-24
d1b060e2,452,Abdón Prats,ESP,"FW,MF",Mallorca,30,1992,14.1,6,33,14,42.4,2.34,0.99,0.18,0.43,14.8,2,0,0,3.2,3.2,0.1,2.8,2.8,Matches,ESP-LALIGA,23-24
365113c0,453,Marc Pubill,ESP,DF,Almería,20,2003,20.9,1,20,5,25.0,0.96,0.24,0.05,0.2,20.8,0,0,0,0.7,0.7,0.04,0.3,0.3,Matches,ESP-LALIGA,23-24
c77a8043,454,Antonio Puertas,ESP,"MF,FW",Granada,31,1992,8.1,0,17,4,23.5,2.1,0.49,0.0,0.0,16.0,0,0,2,3.2,1.6,0.09,-3.2,-1.6,Matches,ESP-LALIGA,23-24
39352da2,455,Arnau Puigmal,ESP,"FW,DF",Almería,22,2001,2.8,0,0,0,,0.0,0.0,,,,0,0,0,0.0,0.0,,0.0,0.0,Matches,ESP-LALIGA,23-24
0630eb63,456,Nemanja Radonjić,SRB,"MF,DF",Mallorca,27,1996,3.9,0,10,7,70.0,2.55,1.78,0.0,0.0,17.5,0,0,0,1.6,1.6,0.16,-1.6,-1.6,Matches,ESP-LALIGA,23-24
09507ffa,457,Aleksandar Radovanović,SRB,DF,Almería,29,1993,6.3,0,1,0,0.0,0.16,0.0,0.0,,10.5,0,0,0,0.0,0.0,0.04,0.0,0.0,Matches,ESP-LALIGA,23-24
16ec501b,458,Abdellah Raihani,MAR,FW,Atlético Madrid,19,2004,0.1,0,0,0,,0.0,0.0,,,,0,0,0,0.0,0.0,,0.0,0.0,Matches,ESP-LALIGA,23-24
b857bd29,459,Antonio Raillo,ESP,DF,Mallorca,31,1991,24.4,3,29,9,31.0,1.19,0.37,0.1,0.33,17.3,0,0,0,1.4,1.4,0.05,1.6,1.6,Matches,ESP-LALIGA,23-24
58ad9383,460,Predrag Rajković,SRB,GK,Mallorca,27,1995,36.0,0,0,0,,0.0,0.0,,,,0,0,0,0.0,0.0,,0.0,0.0,Matches,ESP-LALIGA,23-24
89f951b5,461,Ivan Rakitić,CRO,MF,Sevilla,35,1988,15.8,2,32,7,21.9,2.02,0.44,0.06,0.29,26.9,3,0,0,1.3,1.3,0.04,0.7,0.7,Matches,ESP-LALIGA,23-24
cc9256ef,462,Largie Ramazani,BEL,"FW,MF",Almería,22,2001,17.3,3,40,12,30.0,2.32,0.69,0.08,0.25,17.5,1,0,0,4.7,4.7,0.12,-1.7,-1.7,Matches,ESP-LALIGA,23-24
db714daf,463,Benito Ramírez,ESP,"FW,MF",Las Palmas,28,1995,4.3,1,10,3,30.0,2.34,0.7,0.1,0.33,22.5,1,0,0,0.4,0.4,0.04,0.6,0.6,Matches,ESP-LALIGA,23-24
833fb62e,464,Sandro Ramírez,ESP,FW,Las Palmas,28,1995,20.1,1,51,18,35.3,2.54,0.9,0.02,0.06,21.7,5,0,1,3.7,3.0,0.06,-2.7,-2.0,Matches,ESP-LALIGA,23-24
44e07fac,465,Chris Ramos,ESP,"FW,MF",Cádiz,26,1997,29.0,5,76,27,35.5,2.62,0.93,0.07,0.19,12.0,0,0,0,10.1,10.1,0.13,-5.1,-5.1,Matches,ESP-LALIGA,23-24
08511d65,466,Sergio Ramos,ESP,DF,Sevilla,37,1986,28.0,3,28,11,39.3,1.0,0.39,0.11,0.27,18.9,5,0,0,1.9,1.9,0.07,1.1,1.1,Matches,ESP-LALIGA,23-24
3423f250,467,Raphinha,BRA,"FW,MF",Barcelona,26,1996,15.2,6,58,20,34.5,3.82,1.32,0.09,0.25,19.8,10,1,1,7.4,6.6,0.12,-1.4,-1.6,Matches,ESP-LALIGA,23-24
b1b99435,468,Andrei Ratiu,ROU,"DF,MF",Rayo Vallecano,25,1998,7.0,0,6,1,16.7,0.86,0.14,0.0,0.0,16.5,0,0,0,0.3,0.3,0.05,-0.3,-0.3,Matches,ESP-LALIGA,23-24
18f0a9f0,469,Raúl,ESP,FW,Osasuna,22,2000,15.1,6,33,12,36.4,2.19,0.8,0.18,0.5,11.6,0,0,0,4.9,4.9,0.15,1.1,1.1,Matches,ESP-LALIGA,23-24
9a796115,470,Abderrahman Rebbach,ALG,"FW,MF",Alavés,24,1998,8.0,1,17,4,23.5,2.12,0.5,0.06,0.25,19.4,1,0,0,0.8,0.8,0.05,0.2,0.2,Matches,ESP-LALIGA,23-24
e358587b,471,Pepe Reina,ESP,GK,Villarreal,40,1982,2.0,0,0,0,,0.0,0.0,,,,0,0,0,0.0,0.0,,0.0,0.0,Matches,ESP-LALIGA,23-24
374ee424,472,Álex Remiro,ESP,GK,Real Sociedad,28,1995,36.4,0,0,0,,0.0,0.0,,,,0,0,0,0.0,0.0,,0.0,0.0,Matches,ESP-LALIGA,23-24
b3b9b8b8,473,Chadi Riad,MAR,DF,Betis,20,2003,24.0,0,11,5,45.5,0.46,0.21,0.0,0.0,11.1,0,0,0,0.7,0.7,0.07,-0.7,-0.7,Matches,ESP-LALIGA,23-24
d9ba39fc,474,Diego Rico,ESP,DF,Getafe,30,1993,28.2,0,18,5,27.8,0.64,0.18,0.0,0.0,27.0,0,0,0,0.3,0.3,0.02,-0.3,-0.3,Matches,ESP-LALIGA,23-24
eb3dd471,475,Luis Rioja,ESP,"FW,MF",Alavés,29,1993,27.8,5,53,15,28.3,1.91,0.54,0.04,0.13,21.6,4,3,4,6.1,3.0,0.06,-1.1,-1.0,Matches,ESP-LALIGA,23-24
65154df0,476,Rodrigo Riquelme,ESP,"DF,MF",Atlético Madrid,23,2000,17.0,3,37,16,43.2,2.18,0.94,0.08,0.19,18.0,0,0,0,2.7,2.7,0.07,0.3,0.3,Matches,ESP-LALIGA,23-24
36286814,477,Alberto Risco,ESP,MF,Getafe,17,2005,1.5,0,2,1,50.0,1.31,0.66,0.0,0.0,8.9,0,0,0,0.1,0.1,0.04,-0.1,-0.1,Matches,ESP-LALIGA,23-24
ea0aa7e0,478,Mihailo Ristić,SRB,"DF,MF",Celta Vigo,27,1995,9.0,0,10,4,40.0,1.11,0.45,0.0,0.0,23.7,1,0,0,0.3,0.3,0.03,-0.3,-0.3,Matches,ESP-LALIGA,23-24
f1124008,479,Gorka Rivera Alonso,ESP,DF,Getafe,18,2004,0.0,0,0,0,,0.0,0.0,,,,0,0,0,0.0,0.0,,0.0,0.0,Matches,ESP-LALIGA,23-24
335fa267,480,Sergi Roberto,ESP,"MF,DF",Barcelona,31,1992,9.6,3,10,4,40.0,1.05,0.42,0.3,0.75,12.5,0,0,0,1.7,1.7,0.17,1.3,1.3,Matches,ESP-LALIGA,23-24
a8981944,481,Lucas Robertone,ARG,MF,Almería,26,1997,26.5,0,37,13,35.1,1.4,0.49,0.0,0.0,28.1,3,0,0,1.0,1.0,0.03,-1.0,-1.0,Matches,ESP-LALIGA,23-24
da27e268,482,Marc Roca,ESP,MF,Betis,26,1996,22.0,2,20,7,35.0,0.91,0.32,0.1,0.29,24.3,0,0,0,1.1,1.1,0.06,0.9,0.9,Matches,ESP-LALIGA,23-24
2c9e6bc3,483,Sergio Rodelas,ESP,"FW,DF",Granada,18,2004,1.4,0,2,0,0.0,1.48,0.0,0.0,,27.3,0,0,0,0.0,0.0,0.02,0.0,0.0,Matches,ESP-LALIGA,23-24
85bed4ee,484,Rodri,ESP,"FW,MF",Betis,23,2000,11.7,0,18,5,27.8,1.54,0.43,0.0,0.0,18.6,0,0,0,1.1,1.1,0.06,-1.1,-1.1,Matches,ESP-LALIGA,23-24
19709006,485,Óscar Rodríguez Arnaiz,ESP,"MF,FW",Getafe,25,1998,10.7,2,34,9,26.5,3.16,0.84,0.06,0.22,24.9,4,0,0,1.5,1.5,0.04,0.5,0.5,Matches,ESP-LALIGA,23-24
22371dee,486,Damián Rodríguez,ESP,MF,Celta Vigo,20,2003,2.9,0,1,0,0.0,0.35,0.0,0.0,,31.6,0,0,0,0.0,0.0,0.03,0.0,0.0,Matches,ESP-LALIGA,23-24
70f8e0bd,487,Dani Rodríguez,ESP,MF,Mallorca,35,1988,29.1,2,27,4,14.8,0.93,0.14,0.07,0.5,19.8,0,0,0,1.4,1.4,0.05,0.6,0.6,Matches,ESP-LALIGA,23-24
34e393f2,488,Guido Rodríguez,ARG,MF,Betis,29,1994,20.5,2,18,7,38.9,0.88,0.34,0.11,0.29,20.5,0,0,0,0.7,0.7,0.04,1.3,1.3,Matches,ESP-LALIGA,23-24
9b130479,489,Kirian Rodríguez,ESP,MF,Las Palmas,27,1996,35.7,6,43,14,32.6,1.21,0.39,0.14,0.43,25.4,2,0,0,2.1,2.1,0.05,3.9,3.9,Matches,ESP-LALIGA,23-24
958d67bb,490,Miguel Rodríguez,ESP,MF,Celta Vigo,20,2003,3.3,0,6,0,0.0,1.8,0.0,0.0,,26.5,0,0,0,0.2,0.2,0.04,-0.2,-0.2,Matches,ESP-LALIGA,23-24
8f5e92a6,491,Rodrygo,BRA,FW,Real Madrid,22,2001,26.4,10,86,35,40.7,3.25,1.32,0.12,0.29,15.2,4,0,1,11.7,10.9,0.13,-1.7,-0.9,Matches,ESP-LALIGA,23-24
23cbf863,492,Carlos Romero,ESP,DF,Villarreal,21,2001,2.9,0,2,1,50.0,0.69,0.34,0.0,0.0,11.1,0,0,0,0.4,0.4,0.2,-0.4,-0.4,Matches,ESP-LALIGA,23-24
be719093,493,Isaac Romero,ESP,FW,Sevilla,23,2000,11.5,4,42,17,40.5,3.64,1.47,0.1,0.24,14.8,0,0,0,7.3,7.3,0.17,-3.3,-3.3,Matches,ESP-LALIGA,23-24
ca6edaa0,494,Luka Romero,ARG,FW,Almería,18,2004,4.9,3,8,3,37.5,1.64,0.62,0.38,1.0,15.9,0,0,0,1.3,1.3,0.18,1.7,1.7,Matches,ESP-LALIGA,23-24
4b511457,495,Oriol Romeu,ESP,MF,Barcelona,31,1991,10.4,0,10,2,20.0,0.96,0.19,0.0,0.0,23.6,0,0,0,0.7,0.7,0.07,-0.7,-0.7,Matches,ESP-LALIGA,23-24
7868c973,496,Unai Ropero,ESP,MF,Alavés,21,2001,0.1,0,0,0,,0.0,0.0,,,,0,0,0,0.0,0.0,,0.0,0.0,Matches,ESP-LALIGA,23-24
cb00f1e6,497,Vitor Roque,BRA,FW,Barcelona,18,2005,3.6,2,13,6,46.2,3.57,1.65,0.15,0.33,13.7,0,0,0,2.5,2.5,0.2,-0.5,-0.5,Matches,ESP-LALIGA,23-24
18b896d6,498,Antonio Rüdiger,GER,DF,Real Madrid,30,1993,30.1,1,19,2,10.5,0.63,0.07,0.05,0.5,16.0,0,0,0,1.5,1.5,0.08,-0.5,-0.5,Matches,ESP-LALIGA,23-24
9ace87ba,499,Javier Rueda Garcia,ESP,"MF,DF",Celta Vigo,21,2002,0.2,0,0,0,,0.0,0.0,,,,0,0,0,0.0,0.0,,0.0,0.0,Matches,ESP-LALIGA,23-24
a55d8df5,500,Aitor Ruibal,ESP,"DF,FW",Betis,27,1996,11.3,2,13,2,15.4,1.15,0.18,0.15,1.0,22.1,0,0,0,0.8,0.8,0.06,1.2,1.2,Matches,ESP-LALIGA,23-24
1f423a54,501,Sergio Ruiz,ESP,MF,Granada,28,1994,27.7,0,13,1,7.7,0.47,0.04,0.0,0.0,18.2,0,0,0,0.7,0.7,0.05,-0.7,-0.7,Matches,ESP-LALIGA,23-24
fbbb9269,502,Youssouf Sabaly,SEN,DF,Betis,30,1993,11.6,0,4,0,0.0,0.34,0.0,0.0,,22.2,0,0,0,0.1,0.1,0.03,-0.1,-0.1,Matches,ESP-LALIGA,23-24
686cbe7d,503,Umar Sadiq,NGA,FW,Real Sociedad,26,1997,12.0,3,33,10,30.3,2.76,0.84,0.09,0.3,14.7,0,0,0,3.6,3.6,0.12,-0.6,-0.6,Matches,ESP-LALIGA,23-24
2f9ef1a8,504,Pablo Saenz,ESP,MF,Granada,22,2001,0.2,0,0,0,,0.0,0.0,,,,0,0,0,0.0,0.0,,0.0,0.0,Matches,ESP-LALIGA,23-24
0a69de7b,505,Kike Salas,ESP,DF,Sevilla,21,2002,17.8,3,16,5,31.3,0.9,0.28,0.19,0.6,12.0,0,0,0,0.8,0.8,0.05,2.2,2.2,Matches,ESP-LALIGA,23-24
405f267a,506,Salvi,ESP,MF,Rayo Vallecano,32,1991,0.3,0,0,0,,0.0,0.0,,,,0,0,0,0.0,0.0,,0.0,0.0,Matches,ESP-LALIGA,23-24
08593525,507,Diadie Samassékou,MLI,MF,Cádiz,27,1996,1.0,0,1,1,100.0,0.98,0.98,0.0,0.0,25.6,0,0,0,0.0,0.0,0.03,0.0,0.0,Matches,ESP-LALIGA,23-24
efecd633,508,Fede San Emeterio,ESP,MF,Cádiz,26,1997,1.7,1,1,1,100.0,0.59,0.59,1.0,1.0,5.0,0,0,0,0.1,0.1,0.06,0.9,0.9,Matches,ESP-LALIGA,23-24
bdb624a3,509,Oihan Sancet,ESP,MF,Athletic Club,23,2000,21.9,4,41,11,26.8,1.87,0.5,0.1,0.36,15.6,0,0,1,6.3,5.5,0.13,-2.3,-1.5,Matches,ESP-LALIGA,23-24
fce521d7,510,Ricard Sánchez,ESP,DF,Granada,23,2000,25.5,3,14,5,35.7,0.55,0.2,0.21,0.6,19.0,0,0,0,1.0,1.0,0.07,2.0,2.0,Matches,ESP-LALIGA,23-24
a254bbe0,511,Antonio Sánchez,ESP,MF,Mallorca,26,1997,16.1,3,23,9,39.1,1.43,0.56,0.13,0.33,20.1,0,0,0,2.5,2.5,0.11,0.5,0.5,Matches,ESP-LALIGA,23-24
cc6de655,512,Juanlu Sánchez,ESP,DF,Sevilla,19,2003,13.1,0,11,2,18.2,0.84,0.15,0.0,0.0,20.5,0,0,0,0.9,0.9,0.08,-0.9,-0.9,Matches,ESP-LALIGA,23-24
ffacd3d5,513,Manu Sánchez,ESP,"DF,MF",Celta Vigo,22,2000,19.7,0,9,1,11.1,0.46,0.05,0.0,0.0,18.6,0,0,0,0.5,0.5,0.05,-0.5,-0.5,Matches,ESP-LALIGA,23-24
bc49fd34,514,Jesús Santiago,ESP,MF,Getafe,19,2004,7.3,1,5,2,40.0,0.69,0.27,0.2,0.5,18.5,0,0,0,0.6,0.6,0.12,0.4,0.4,Matches,ESP-LALIGA,23-24
b7aa8fd8,515,Paco Sanz,ESP,DF,Almería,18,2004,0.3,0,0,0,,0.0,0.0,,,,0,0,0,0.0,0.0,,0.0,0.0,Matches,ESP-LALIGA,23-24
f6ac68c1,516,Stefan Savić,MNE,DF,Atlético Madrid,32,1991,18.1,0,5,1,20.0,0.28,0.06,0.0,0.0,11.9,0,0,0,0.3,0.3,0.07,-0.3,-0.3,Matches,ESP-LALIGA,23-24
fe6e7156,517,Sávio,BRA,"FW,MF",Girona,19,2004,33.1,9,45,20,44.4,1.36,0.6,0.2,0.45,16.6,0,0,0,6.1,6.1,0.13,2.9,2.9,Matches,ESP-LALIGA,23-24
a35134ae,518,Aleksandar Sedlar,SRB,DF,Alavés,31,1991,10.5,1,4,1,25.0,0.38,0.1,0.25,1.0,10.7,0,0,0,0.3,0.3,0.07,0.7,0.7,Matches,ESP-LALIGA,23-24
3effaa34,519,André Silva,POR,FW,Real Sociedad,27,1995,8.1,3,15,5,33.3,1.85,0.62,0.13,0.4,19.1,1,1,1,3.3,2.5,0.17,-0.3,-0.5,Matches,ESP-LALIGA,23-24
ea83bfa6,520,Rui Silva,POR,GK,Betis,29,1994,27.5,0,0,0,,0.0,0.0,,,,0,0,0,0.0,0.0,,0.0,0.0,Matches,ESP-LALIGA,23-24
a6536561,521,Giuliano Simeone,ARG,FW,Alavés,20,2002,7.0,1,14,2,14.3,2.0,0.29,0.07,0.5,19.7,0,0,1,2.4,1.6,0.12,-1.4,-0.6,Matches,ESP-LALIGA,23-24
5dcf3e90,522,Unai Simón,ESP,GK,Athletic Club,26,1997,35.4,0,0,0,,0.0,0.0,,,,0,0,0,0.0,0.0,,0.0,0.0,Matches,ESP-LALIGA,23-24
73000a79,523,Daley Sinkgraven,NED,DF,Las Palmas,28,1995,4.3,0,0,0,,0.0,0.0,,,,0,0,0,0.0,0.0,,0.0,0.0,Matches,ESP-LALIGA,23-24
b4819112,524,Jailson Siqueira,BRA,"DF,MF",Celta Vigo,27,1995,10.0,0,5,3,60.0,0.5,0.3,0.0,0.0,22.2,1,0,0,0.2,0.2,0.04,-0.2,-0.2,Matches,ESP-LALIGA,23-24
9970da54,525,Antonio Sivera,ESP,GK,Alavés,26,1996,34.0,0,0,0,,0.0,0.0,,,,0,0,0,0.0,0.0,,0.0,0.0,Matches,ESP-LALIGA,23-24
19b776e9,526,Rubén Sobrino,ESP,"MF,FW",Cádiz,31,1992,18.3,0,21,3,14.3,1.15,0.16,0.0,0.0,17.9,0,0,0,1.8,1.8,0.09,-1.8,-1.8,Matches,ESP-LALIGA,23-24
5fa714d5,527,Alex Sola,ESP,"FW,MF",Alavés,24,1999,14.0,0,28,7,25.0,2.0,0.5,0.0,0.0,17.6,2,0,0,1.6,1.6,0.06,-1.6,-1.6,Matches,ESP-LALIGA,23-24
5fa714d5,528,Alex Sola,ESP,"DF,MF",Real Sociedad,24,1999,0.3,0,0,0,,0.0,0.0,,,,0,0,0,0.0,0.0,,0.0,0.0,Matches,ESP-LALIGA,23-24
1282939a,529,Jhon Solis,COL,MF,Girona,18,2004,4.3,0,9,2,22.2,2.11,0.47,0.0,0.0,17.3,0,0,0,1.0,1.0,0.12,-1.0,-1.0,Matches,ESP-LALIGA,23-24
8f8c6934,530,David Soria,ESP,GK,Getafe,30,1993,37.9,0,0,0,,0.0,0.0,,,,0,0,0,0.0,0.0,,0.0,0.0,Matches,ESP-LALIGA,23-24
452c3055,531,Alberto Soro,ESP,MF,Granada,24,1999,0.1,0,0,0,,0.0,0.0,,,,0,0,0,0.0,0.0,,0.0,0.0,Matches,ESP-LALIGA,23-24
3aa74860,532,Hugo Sotelo,ESP,MF,Celta Vigo,19,2003,8.0,0,8,1,12.5,1.0,0.12,0.0,0.0,23.2,1,0,0,0.3,0.3,0.04,-0.3,-0.3,Matches,ESP-LALIGA,23-24
ae59b359,533,Boubakary Soumaré,FRA,MF,Sevilla,24,1999,25.4,0,1,0,0.0,0.04,0.0,0.0,,19.6,0,0,0,0.0,0.0,0.02,0.0,0.0,Matches,ESP-LALIGA,23-24
4c6facae,534,Djibril Sow,SUI,MF,Sevilla,26,1997,16.2,1,18,5,27.8,1.11,0.31,0.06,0.2,17.7,0,0,0,1.5,1.5,0.08,-0.5,-0.5,Matches,ESP-LALIGA,23-24
21166ff4,535,Çağlar Söyüncü,TUR,DF,Atlético Madrid,27,1996,1.3,0,0,0,,0.0,0.0,,,,0,0,0,0.0,0.0,,0.0,0.0,Matches,ESP-LALIGA,23-24
5cfec13d,536,Carl Starfelt,SWE,DF,Celta Vigo,28,1995,24.6,1,12,5,41.7,0.49,0.2,0.08,0.2,8.5,0,0,0,1.4,1.4,0.12,-0.4,-0.4,Matches,ESP-LALIGA,23-24
f553b2b3,537,Jørgen Strand Larsen,NOR,FW,Celta Vigo,23,2000,31.8,13,82,35,42.7,2.58,1.1,0.16,0.37,11.2,0,0,0,14.5,14.5,0.18,-1.5,-1.5,Matches,ESP-LALIGA,23-24
220c11f1,538,Cristhian Stuani,URU,FW,Girona,36,1986,8.9,9,34,17,50.0,3.81,1.9,0.26,0.53,9.0,0,0,0,9.6,9.6,0.3,-0.6,-0.6,Matches,ESP-LALIGA,23-24
9c137b36,539,Álex Suárez,ESP,DF,Las Palmas,30,1993,28.5,2,7,5,71.4,0.25,0.18,0.29,0.4,9.9,0,0,0,1.2,1.2,0.22,0.8,0.8,Matches,ESP-LALIGA,23-24
ba5004e1,540,Damián Suárez,URU,DF,Getafe,35,1988,14.4,0,4,1,25.0,0.28,0.07,0.0,0.0,25.3,1,0,0,0.3,0.3,0.08,-0.3,-0.3,Matches,ESP-LALIGA,23-24
12c50af5,541,Denis Suárez,ESP,"MF,FW",Villarreal,29,1994,1.5,0,1,0,0.0,0.68,0.0,0.0,,11.5,0,0,0,0.1,0.1,0.09,-0.1,-0.1,Matches,ESP-LALIGA,23-24
4e219ad2,542,Suso,ESP,"MF,FW",Sevilla,29,1993,16.9,1,26,6,23.1,1.54,0.36,0.04,0.17,24.3,1,0,0,1.4,1.4,0.05,-0.4,-0.4,Matches,ESP-LALIGA,23-24
cf603737,543,Max Svensson,ESP,FW,Osasuna,,,0.0,0,0,0,,0.0,0.0,,,,0,0,0,0.0,0.0,,0.0,0.0,Matches,ESP-LALIGA,23-24
184fe4b2,544,Williot Swedberg,SWE,"FW,MF",Celta Vigo,19,2004,4.9,5,12,6,50.0,2.46,1.23,0.42,0.83,14.8,0,0,0,2.3,2.3,0.19,2.7,2.7,Matches,ESP-LALIGA,23-24
e5ec95f8,545,Mamadou Sylla,SEN,"FW,MF",Alavés,29,1994,0.2,0,0,0,,0.0,0.0,,,,0,0,0,0.0,0.0,,0.0,0.0,Matches,ESP-LALIGA,23-24
e92cd3f7,546,Alexander Sørloth,NOR,FW,Villarreal,27,1995,27.7,23,78,36,46.2,2.82,1.3,0.29,0.64,12.1,0,0,0,12.3,12.3,0.16,10.7,10.7,Matches,ESP-LALIGA,23-24
8388ba65,547,Yassin Tallal,ESP,FW,Getafe,18,2005,0.0,0,0,0,,0.0,0.0,,,,0,0,0,0.0,0.0,,0.0,0.0,Matches,ESP-LALIGA,23-24
34269bdf,548,Renato Tapia,PER,"MF,DF",Celta Vigo,28,1995,14.9,0,19,1,5.3,1.28,0.07,0.0,0.0,20.8,2,0,0,1.0,1.0,0.05,-1.0,-1.0,Matches,ESP-LALIGA,23-24
59c29820,549,César Tárrega,ESP,DF,Valencia,21,2002,0.1,0,0,0,,0.0,0.0,,,,0,0,0,0.0,0.0,,0.0,0.0,Matches,ESP-LALIGA,23-24
19a5c0b6,550,Marciano Tchami,GNB,"FW,MF",Almería,19,2004,0.5,0,1,0,0.0,2.09,0.0,0.0,,22.7,0,0,0,0.0,0.0,0.03,0.0,0.0,Matches,ESP-LALIGA,23-24
4f255115,551,Aurélien Tchouaméni,FRA,"MF,DF",Real Madrid,23,2000,22.1,3,27,7,25.9,1.22,0.32,0.11,0.43,22.2,0,0,0,1.3,1.3,0.05,1.7,1.7,Matches,ESP-LALIGA,23-24
66654daa,552,Nahuel Tenaglia,ARG,DF,Alavés,27,1996,12.7,1,8,1,12.5,0.63,0.08,0.13,1.0,14.1,0,0,0,0.6,0.6,0.08,0.4,0.4,Matches,ESP-LALIGA,23-24
6f51e382,553,Marc-André ter Stegen,GER,GK,Barcelona,31,1992,28.0,0,0,0,,0.0,0.0,,,,0,0,0,0.0,0.0,,0.0,0.0,Matches,ESP-LALIGA,23-24
f36016a5,554,Ramón Terrats,ESP,"MF,DF",Villarreal,22,2000,8.7,0,8,1,12.5,0.92,0.11,0.0,0.0,21.2,0,0,0,0.4,0.4,0.05,-0.4,-0.4,Matches,ESP-LALIGA,23-24
fce2302c,555,Kieran Tierney,SCO,DF,Real Sociedad,26,1997,13.8,0,2,0,0.0,0.15,0.0,0.0,,12.2,0,0,0,0.2,0.2,0.09,-0.2,-0.2,Matches,ESP-LALIGA,23-24
02ef8778,556,Raúl de Tomás,ESP,FW,Rayo Vallecano,28,1994,14.1,1,38,11,28.9,2.69,0.78,0.0,0.0,18.5,3,1,1,3.4,2.6,0.07,-2.4,-2.6,Matches,ESP-LALIGA,23-24
04e531b6,557,Pablo Torre,ESP,"MF,FW",Girona,20,2003,7.8,0,13,1,7.7,1.67,0.13,0.0,0.0,19.3,0,0,0,0.8,0.8,0.06,-0.8,-0.8,Matches,ESP-LALIGA,23-24
4d753a3f,558,Raúl Torrente,ESP,DF,Granada,21,2001,13.9,0,3,0,0.0,0.22,0.0,0.0,,14.7,0,0,0,0.2,0.2,0.05,-0.2,-0.2,Matches,ESP-LALIGA,23-24
9e1035f8,559,Ferrán Torres,ESP,FW,Barcelona,23,2000,13.5,7,38,15,39.5,2.82,1.11,0.18,0.47,16.6,2,0,0,5.5,5.5,0.15,1.5,1.5,Matches,ESP-LALIGA,23-24
58a9a4d9,560,Óliver Torres,ESP,MF,Sevilla,28,1994,18.0,0,9,3,33.3,0.5,0.17,0.0,0.0,20.4,0,0,0,0.5,0.5,0.06,-0.5,-0.5,Matches,ESP-LALIGA,23-24
0e4fef6e,561,Lucas Torró,ESP,MF,Osasuna,29,1994,19.9,1,30,7,23.3,1.51,0.35,0.03,0.14,22.3,1,0,0,1.5,1.5,0.05,-0.5,-0.5,Matches,ESP-LALIGA,23-24
c47541e0,562,Bertrand Traoré,BFA,MF,Villarreal,27,1995,6.3,1,20,7,35.0,3.17,1.11,0.05,0.14,19.4,0,0,0,0.9,0.9,0.05,0.1,0.1,Matches,ESP-LALIGA,23-24
a4b1028a,563,Hamari Traoré,MLI,DF,Real Sociedad,31,1992,25.5,0,18,2,11.1,0.71,0.08,0.0,0.0,24.3,0,0,0,0.5,0.5,0.03,-0.5,-0.5,Matches,ESP-LALIGA,23-24
fc647b34,564,Óscar Trejo,ARG,"FW,MF",Rayo Vallecano,35,1988,15.3,0,18,3,16.7,1.17,0.2,0.0,0.0,19.6,0,0,0,0.9,0.9,0.05,-0.9,-0.9,Matches,ESP-LALIGA,23-24
963829d0,565,Manu Trigueros,ESP,MF,Villarreal,31,1991,3.4,0,6,3,50.0,1.75,0.87,0.0,0.0,20.5,0,0,0,0.5,0.5,0.08,-0.5,-0.5,Matches,ESP-LALIGA,23-24
f7e87032,566,Viktor Tsyhankov,UKR,"MF,FW",Girona,25,1997,22.8,8,44,15,34.1,1.93,0.66,0.18,0.53,17.0,3,0,0,6.2,6.2,0.14,1.8,1.8,Matches,ESP-LALIGA,23-24
068f4dec,567,Beñat Turrientes,ESP,MF,Real Sociedad,21,2002,18.7,0,23,10,43.5,1.23,0.53,0.0,0.0,24.6,1,0,0,1.2,1.2,0.05,-1.2,-1.2,Matches,ESP-LALIGA,23-24
f8eca1b6,568,Enes Ünal,TUR,"FW,MF",Getafe,26,1997,1.6,0,1,0,0.0,0.64,0.0,0.0,,18.5,0,0,0,0.1,0.1,0.1,-0.1,-0.1,Matches,ESP-LALIGA,23-24
01da7812,569,Myrto Uzuni,ALB,FW,Granada,28,1995,27.2,11,58,24,41.4,2.13,0.88,0.12,0.29,17.9,2,4,5,12.9,9.0,0.16,-1.9,-2.0,Matches,ESP-LALIGA,23-24
592f3158,570,Óscar Valentín,ESP,MF,Rayo Vallecano,28,1994,29.9,1,15,7,46.7,0.5,0.23,0.07,0.14,12.7,0,0,0,1.7,1.7,0.11,-0.7,-0.7,Matches,ESP-LALIGA,23-24
f2c6ac01,571,Martin Valjent,SVK,DF,Mallorca,27,1995,26.1,0,9,0,0.0,0.34,0.0,0.0,,19.6,0,0,0,0.3,0.3,0.04,-0.3,-0.3,Matches,ESP-LALIGA,23-24
c2111b45,572,Jesús Vallejo,ESP,DF,Granada,26,1997,1.2,0,0,0,,0.0,0.0,,,,0,0,0,0.0,0.0,,0.0,0.0,Matches,ESP-LALIGA,23-24
0166a73e,573,Álvaro Vallés,ESP,GK,Las Palmas,26,1997,36.3,0,0,0,,0.0,0.0,,,,0,0,0,0.0,0.0,,0.0,0.0,Matches,ESP-LALIGA,23-24
0959c2a2,574,Federico Valverde,URU,MF,Real Madrid,25,1998,32.3,2,56,18,32.1,1.74,0.56,0.04,0.11,23.0,1,0,0,3.5,3.5,0.06,-1.5,-1.5,Matches,ESP-LALIGA,23-24
cf9bdd43,575,Siebe Van Der Heyden,BEL,DF,Mallorca,25,1998,3.2,0,2,0,0.0,0.63,0.0,0.0,,9.8,0,0,0,0.2,0.2,0.08,-0.2,-0.2,Matches,ESP-LALIGA,23-24
27dc1378,576,José Luis García Vayá,ESP,MF,Valencia,24,1998,36.7,7,27,5,18.5,0.74,0.14,0.0,0.0,33.8,12,7,8,7.3,1.0,0.04,-0.3,-1.0,Matches,ESP-LALIGA,23-24
8c6d0e32,577,Borja Vázquez,ESP,FW,Cádiz,18,2005,0.0,0,0,0,,0.0,0.0,,,,0,0,0,0.0,0.0,,0.0,0.0,Matches,ESP-LALIGA,23-24
106c142c,578,Jesus Vazquez,ESP,"DF,MF",Valencia,20,2003,8.0,1,7,2,28.6,0.88,0.25,0.14,0.5,14.1,0,0,0,1.2,1.2,0.17,-0.2,-0.2,Matches,ESP-LALIGA,23-24
ee923664,579,Kevin Vázquez,ESP,DF,Celta Vigo,30,1993,7.8,0,2,1,50.0,0.26,0.13,0.0,0.0,20.8,0,0,0,0.0,0.0,0.02,0.0,0.0,Matches,ESP-LALIGA,23-24
fd51b456,580,Lucas Vázquez,ESP,DF,Real Madrid,32,1991,15.8,3,12,7,58.3,0.76,0.44,0.25,0.43,13.4,0,0,0,1.2,1.1,0.09,1.8,1.9,Matches,ESP-LALIGA,23-24
35a6e5c7,581,Gabriel Veiga,ESP,FW,Celta Vigo,21,2002,0.2,0,0,0,,0.0,0.0,,,,0,0,0,0.0,0.0,,0.0,0.0,Matches,ESP-LALIGA,23-24
3f7bafbe,582,Alejo Véliz,ARG,FW,Sevilla,19,2003,0.4,0,2,2,100.0,5.14,5.14,0.0,0.0,10.1,0,0,0,0.2,0.2,0.11,-0.2,-0.2,Matches,ESP-LALIGA,23-24
722494dc,583,Arthur Vermeeren,BEL,MF,Atlético Madrid,18,2005,1.8,0,0,0,,0.0,0.0,,,,0,0,0,0.0,0.0,,0.0,0.0,Matches,ESP-LALIGA,23-24
b0fce72c,584,Mikel Vesga,ESP,MF,Athletic Club,30,1993,17.0,3,17,5,29.4,1.0,0.29,0.06,0.2,20.7,0,2,2,2.7,1.1,0.07,0.3,-0.1,Matches,ESP-LALIGA,23-24
90df343e,585,Carlos Vicente,ESP,FW,Alavés,24,1999,12.4,2,15,8,53.3,1.21,0.65,0.13,0.25,15.2,1,0,0,2.3,2.3,0.16,-0.3,-0.3,Matches,ESP-LALIGA,23-24
3a9c4b7b,586,Nacho Vidal,ESP,"DF,FW",Osasuna,28,1995,1.1,1,3,1,33.3,2.81,0.94,0.33,1.0,12.4,0,0,0,0.3,0.3,0.1,0.7,0.7,Matches,ESP-LALIGA,23-24
3a9c4b7b,587,Nacho Vidal,ESP,DF,Mallorca,28,1995,4.6,0,8,3,37.5,1.73,0.65,0.0,0.0,12.3,0,0,0,1.0,1.0,0.13,-1.0,-1.0,Matches,ESP-LALIGA,23-24
2ae958ab,588,Fran Vieites,ESP,GK,Betis,24,1999,3.5,0,0,0,,0.0,0.0,,,,0,0,0,0.0,0.0,,0.0,0.0,Matches,ESP-LALIGA,23-24
efa708aa,589,Jonathan Viera,ESP,"MF,FW",Las Palmas,33,1989,6.9,2,12,4,33.3,1.75,0.58,0.0,0.0,24.0,2,2,2,2.3,0.7,0.06,-0.3,-0.7,Matches,ESP-LALIGA,23-24
efa708aa,590,Jonathan Viera,ESP,MF,Almería,33,1989,10.1,0,12,5,41.7,1.18,0.49,0.0,0.0,18.7,1,0,0,1.3,1.3,0.11,-1.3,-1.3,Matches,ESP-LALIGA,23-24
636eae97,591,Toni Villa,ESP,FW,Girona,28,1995,0.1,0,1,1,100.0,6.92,6.92,0.0,0.0,18.9,0,0,0,0.0,0.0,0.02,0.0,0.0,Matches,ESP-LALIGA,23-24
57be54ec,592,Asier Villalibre,ESP,FW,Athletic Club,25,1997,5.7,2,12,6,50.0,2.11,1.05,0.17,0.33,11.5,0,0,0,1.7,1.7,0.14,0.3,0.3,Matches,ESP-LALIGA,23-24
bdc74a8f,593,Gonzalo Villar,ESP,MF,Granada,25,1998,20.0,1,22,4,18.2,1.1,0.2,0.05,0.25,22.5,0,0,0,1.9,1.9,0.08,-0.9,-0.9,Matches,ESP-LALIGA,23-24
cde52ef5,594,Iván Villar,ESP,GK,Celta Vigo,26,1997,11.3,0,0,0,,0.0,0.0,,,,0,0,0,0.0,0.0,,0.0,0.0,Matches,ESP-LALIGA,23-24
7016332f,595,Ricardo Visus,ESP,DF,Betis,22,2001,1.8,0,0,0,,0.0,0.0,,,,0,0,0,0.0,0.0,,0.0,0.0,Matches,ESP-LALIGA,23-24
ab7bf91d,596,Daniel Vivian,ESP,DF,Athletic Club,24,1999,32.0,0,11,1,9.1,0.34,0.03,0.0,0.0,13.5,0,0,0,0.6,0.6,0.05,-0.6,-0.6,Matches,ESP-LALIGA,23-24
379dc075,597,Shon Weissman,ISR,FW,Granada,27,1996,0.9,0,1,0,0.0,1.1,0.0,0.0,,13.1,0,0,0,0.0,0.0,0.04,0.0,0.0,Matches,ESP-LALIGA,23-24
6a99e0b1,598,Iñaki Williams,GHA,FW,Athletic Club,29,1994,31.6,12,93,43,46.2,2.94,1.36,0.13,0.28,15.4,0,0,0,9.4,9.4,0.1,2.6,2.6,Matches,ESP-LALIGA,23-24
afdc14d7,599,Nico Williams,ESP,FW,Athletic Club,21,2002,25.1,5,56,19,33.9,2.23,0.76,0.09,0.26,15.7,1,0,0,6.0,6.0,0.11,-1.0,-1.0,Matches,ESP-LALIGA,23-24
5dfc6ad5,600,Axel Witsel,BEL,DF,Atlético Madrid,34,1989,30.9,2,7,3,42.9,0.23,0.1,0.29,0.67,8.0,0,0,0,1.0,1.0,0.14,1.0,1.0,Matches,ESP-LALIGA,23-24
d2c8aacc,601,Xeber,ESP,"FW,MF",Alavés,26,1997,3.4,0,5,0,0.0,1.49,0.0,0.0,,16.4,0,0,0,0.4,0.4,0.07,-0.4,-0.4,Matches,ESP-LALIGA,23-24
cd59a7e6,602,Antal Yaakobishvili,HUN,DF,Girona,19,2004,0.7,0,0,0,,0.0,0.0,,,,0,0,0,0.0,0.0,,0.0,0.0,Matches,ESP-LALIGA,23-24
82ec26c1,603,Lamine Yamal,ESP,FW,Barcelona,16,2007,24.5,5,58,21,36.2,2.37,0.86,0.09,0.24,17.5,0,0,0,5.2,5.2,0.09,-0.2,-0.2,Matches,ESP-LALIGA,23-24
cb641b9d,604,Roman Yaremchuk,UKR,FW,Valencia,27,1995,10.3,3,18,9,50.0,1.75,0.87,0.17,0.33,12.3,0,0,0,4.6,4.6,0.26,-1.6,-1.6,Matches,ESP-LALIGA,23-24
7f14ec2a,605,Arsen Zakharyan,RUS,"MF,FW",Real Sociedad,20,2003,13.6,1,33,9,27.3,2.42,0.66,0.03,0.11,21.6,6,0,0,2.4,2.4,0.07,-1.4,-1.4,Matches,ESP-LALIGA,23-24
5ca20b7a,606,Joseba Zaldúa,ESP,DF,Cádiz,31,1992,7.8,0,1,0,0.0,0.13,0.0,0.0,,34.5,0,0,0,0.0,0.0,0.01,0.0,0.0,Matches,ESP-LALIGA,23-24
a96103b2,607,Bryan Zaragoza,ESP,"MF,FW",Granada,22,2001,18.2,6,33,18,54.5,1.81,0.99,0.15,0.28,17.7,1,1,1,3.8,3.0,0.09,2.2,2.0,Matches,ESP-LALIGA,23-24
5c7845f6,608,Igor Zubeldia,ESP,DF,Real Sociedad,26,1997,28.0,0,12,0,0.0,0.43,0.0,0.0,,13.4,0,0,0,0.8,0.8,0.06,-0.8,-0.8,Matches,ESP-LALIGA,23-24
3ee0dd59,609,Martín Zubimendi,ESP,MF,Real Sociedad,24,1999,29.5,4,22,11,50.0,0.75,0.37,0.18,0.36,14.8,0,0,0,2.7,2.7,0.12,1.3,1.3,Matches,ESP-LALIGA,23-24
