id,Unnamed: 0_level_0,Unnamed: 1_level_0,Unnamed: 2_level_0,Unnamed: 3_level_0,Unnamed: 4_level_0,Unnamed: 5_level_0,Unnamed: 6_level_0,Unnamed: 7_level_0,Standard,Standard,Standard,Standard,Standard,Standard,Standard,Standard,Standard,Standard,Standard,Standard,Expected,Expected,Expected,Expected,Expected,Unnamed: 25_level_0,Unnamed: league,Unnamed: season
,Rk,Player,Nation,Pos,Squad,Age,Born,90s,Gls,Sh,SoT,SoT%,Sh/90,SoT/90,G/Sh,G/SoT,Dist,FK,PK,PKatt,xG,npxG,npxG/Sh,G-xG,np:G-xG,Matches,league,season
4b7a9fcc,1,James Abankwah,IRL,DF,Udinese,18,2004,0.7,0,0,0,,0.0,0.0,,,,0,0,0,0.0,0.0,,0.0,0.0,Matches,ITA-SERIA_A,22-23
8f5cdf66,2,Oliver Abildgaard,DEN,MF,Hellas Verona,26,1996,6.6,0,3,2,66.7,0.46,0.3,0.0,0.0,14.0,0,0,0,0.1,0.1,0.05,-0.1,-0.1,Matches,ITA-SERIA_A,22-23
f586779e,3,Tammy Abraham,ENG,FW,Roma,24,1997,24.3,8,62,28,45.2,2.55,1.15,0.13,0.29,12.0,0,0,0,10.8,10.8,0.17,-2.8,-2.8,Matches,ITA-SERIA_A,22-23
771a2cfe,4,Christian Acella,ITA,MF,Cremonese,20,2002,0.2,0,0,0,,0.0,0.0,,,,0,0,0,0.0,0.0,,0.0,0.0,Matches,ITA-SERIA_A,22-23
b96b595c,5,Francesco Acerbi,ITA,DF,Inter,34,1988,26.9,0,18,2,11.1,0.67,0.07,0.0,0.0,15.9,0,0,0,1.0,1.0,0.06,-1.0,-1.0,Matches,ITA-SERIA_A,22-23
26777636,6,Yacine Adli,FRA,"MF,FW",Milan,22,2000,1.6,0,2,2,100.0,1.25,1.25,0.0,0.0,18.5,0,0,0,0.1,0.1,0.04,-0.1,-0.1,Matches,ITA-SERIA_A,22-23
f9c927de,7,Michel Aebischer,SUI,"FW,MF",Bologna,25,1997,17.1,1,15,2,13.3,0.88,0.12,0.07,0.5,17.1,1,0,0,1.5,1.5,0.1,-0.5,-0.5,Matches,ITA-SERIA_A,22-23
0154d290,8,Felix Afena-Gyan,GHA,"FW,MF",Cremonese,19,2003,9.1,0,21,2,9.5,2.31,0.22,0.0,0.0,18.7,0,0,0,1.9,1.9,0.09,-1.9,-1.9,Matches,ITA-SERIA_A,22-23
46fa7204,9,Kevin Agudelo,COL,"MF,FW",Spezia,23,1998,23.7,0,28,7,25.0,1.18,0.3,0.0,0.0,21.4,0,0,0,1.5,1.5,0.05,-1.5,-1.5,Matches,ITA-SERIA_A,22-23
246d153b,10,Ola Aina,NGA,DF,Torino,25,1996,9.7,1,8,3,37.5,0.82,0.31,0.13,0.33,15.2,0,0,0,0.8,0.8,0.1,0.2,0.2,Matches,ITA-SERIA_A,22-23
d810c13b,11,Emanuel Aiwum,AUT,DF,Cremonese,21,2000,18.4,0,3,1,33.3,0.16,0.05,0.0,0.0,17.7,0,0,0,0.2,0.2,0.05,-0.2,-0.2,Matches,ITA-SERIA_A,22-23
fdf4b948,12,Jean-Daniel Akpa-Akpro,CIV,"MF,FW",Empoli,29,1992,15.1,1,14,5,35.7,0.93,0.33,0.07,0.2,19.5,0,0,0,1.5,1.5,0.1,-0.5,-0.5,Matches,ITA-SERIA_A,22-23
5294a83f,13,Luis Alberto,ESP,MF,Lazio,29,1992,27.1,6,45,17,37.8,1.66,0.63,0.11,0.29,23.2,4,1,2,4.4,2.7,0.06,1.6,2.3,Matches,ITA-SERIA_A,22-23
ab472696,14,Agustín Álvarez Martínez,URU,"FW,MF",Sassuolo,21,2001,4.1,1,14,4,28.6,3.42,0.98,0.07,0.25,15.8,0,0,0,1.5,1.5,0.11,-0.5,-0.5,Matches,ITA-SERIA_A,22-23
bcc81786,15,Kelvin Amian,FRA,DF,Spezia,24,1998,26.4,0,26,7,26.9,0.99,0.27,0.0,0.0,16.7,1,0,0,2.7,2.7,0.1,-2.7,-2.7,Matches,ITA-SERIA_A,22-23
2df7cc43,16,Bruno Amione,ARG,DF,Hellas Verona,20,2002,0.6,0,0,0,,0.0,0.0,,,,0,0,0,0.0,0.0,,0.0,0.0,Matches,ITA-SERIA_A,22-23
2df7cc43,17,Bruno Amione,ARG,DF,Sampdoria,20,2002,23.2,1,12,2,16.7,0.52,0.09,0.08,0.5,11.5,0,0,0,0.9,0.9,0.07,0.1,0.1,Matches,ITA-SERIA_A,22-23
10b9fa99,18,Ethan Ampadu,WAL,"DF,MF",Spezia,21,2000,29.3,0,16,5,31.3,0.55,0.17,0.0,0.0,18.1,0,0,0,1.1,1.1,0.07,-1.1,-1.1,Matches,ITA-SERIA_A,22-23
5a2cb25d,19,Sofyan Amrabat,MAR,MF,Fiorentina,25,1996,22.2,0,13,4,30.8,0.59,0.18,0.0,0.0,26.6,0,0,0,0.5,0.5,0.04,-0.5,-0.5,Matches,ITA-SERIA_A,22-23
9f1893b9,20,Felipe Anderson,BRA,FW,Lazio,29,1993,32.9,9,41,23,56.1,1.25,0.7,0.22,0.39,15.1,0,0,0,6.0,6.0,0.15,3.0,3.0,Matches,ITA-SERIA_A,22-23
38d9ce53,21,Janis Antiste,FRA,FW,Sassuolo,19,2002,0.6,1,1,1,100.0,1.73,1.73,1.0,1.0,17.3,0,0,0,0.2,0.2,0.18,0.8,0.8,Matches,ITA-SERIA_A,22-23
108fe016,22,Marcos Antônio,BRA,MF,Lazio,22,2000,6.6,1,3,1,33.3,0.45,0.15,0.33,1.0,18.3,0,0,0,1.2,1.2,0.41,-0.2,-0.2,Matches,ITA-SERIA_A,22-23
8f68aa41,23,Valentin Antov,BUL,DF,Monza,21,2000,3.4,0,0,0,,0.0,0.0,,,,0,0,0,0.0,0.0,,0.0,0.0,Matches,ITA-SERIA_A,22-23
00459419,24,Marko Arnautović,AUT,FW,Bologna,33,1989,17.0,10,28,15,53.6,1.65,0.88,0.25,0.47,15.5,0,3,3,7.2,4.8,0.17,2.8,2.2,Matches,ITA-SERIA_A,22-23
963a328b,25,Tolgay Arslan,GER,MF,Udinese,31,1990,13.5,1,25,5,20.0,1.86,0.37,0.04,0.2,21.1,1,0,0,2.2,2.2,0.09,-1.2,-1.2,Matches,ITA-SERIA_A,22-23
e26fcca3,26,Santiago Ascacíbar,ARG,MF,Cremonese,25,1997,8.1,0,14,3,21.4,1.73,0.37,0.0,0.0,27.2,0,0,0,0.4,0.4,0.03,-0.4,-0.4,Matches,ITA-SERIA_A,22-23
a69cc629,27,Kristoffer Askildsen,NOR,MF,Lecce,21,2001,8.1,0,10,3,30.0,1.24,0.37,0.0,0.0,24.0,1,0,0,0.5,0.5,0.05,-0.5,-0.5,Matches,ITA-SERIA_A,22-23
0fdcef0e,28,Kristjan Asllani,ALB,MF,Inter,20,2002,6.6,0,11,0,0.0,1.67,0.0,0.0,,27.0,2,0,0,0.5,0.5,0.05,-0.5,-0.5,Matches,ITA-SERIA_A,22-23
649b01d8,29,Emil Audero,ITA,GK,Sampdoria,25,1997,25.0,0,0,0,,0.0,0.0,,,,0,0,0,0.0,0.0,,0.0,0.0,Matches,ITA-SERIA_A,22-23
3cd3b384,30,Tommaso Augello,ITA,DF,Sampdoria,27,1994,34.0,2,11,4,36.4,0.32,0.12,0.18,0.5,14.5,0,0,0,1.0,1.0,0.09,1.0,1.0,Matches,ITA-SERIA_A,22-23
8d3cd59d,31,Carlos Augusto,BRA,DF,Monza,23,1999,34.3,6,42,16,38.1,1.23,0.47,0.14,0.38,15.0,0,0,0,4.4,4.4,0.11,1.6,1.6,Matches,ITA-SERIA_A,22-23
2200181e,32,Kaan Ayhan,TUR,DF,Sassuolo,27,1994,6.1,0,1,1,100.0,0.17,0.17,0.0,0.0,37.5,0,0,0,0.0,0.0,0.01,0.0,0.0,Matches,ITA-SERIA_A,22-23
dfd24c07,33,Jaime Báez,URU,DF,Cremonese,27,1995,1.1,0,2,0,0.0,1.87,0.0,0.0,,23.7,0,0,0,0.1,0.1,0.06,-0.1,-0.1,Matches,ITA-SERIA_A,22-23
f42d6c13,34,Nedim Bajrami,ALB,"MF,FW",Empoli,23,1999,10.4,1,21,7,33.3,2.01,0.67,0.05,0.14,24.1,6,0,0,1.2,1.2,0.06,-0.2,-0.2,Matches,ITA-SERIA_A,22-23
f42d6c13,35,Nedim Bajrami,ALB,"FW,MF",Sassuolo,23,1999,9.1,1,23,8,34.8,2.53,0.88,0.04,0.13,20.7,4,0,0,1.9,1.9,0.08,-0.9,-0.9,Matches,ITA-SERIA_A,22-23
59bf127b,36,Tiemoué Bakayoko,FRA,MF,Milan,27,1994,0.5,0,0,0,,0.0,0.0,,,,0,0,0,0.0,0.0,,0.0,0.0,Matches,ITA-SERIA_A,22-23
102e2599,37,Tommaso Baldanzi,ITA,MF,Empoli,19,2003,19.7,4,33,12,36.4,1.68,0.61,0.12,0.33,20.1,0,0,0,2.4,2.4,0.07,1.6,1.6,Matches,ITA-SERIA_A,22-23
f449640d,38,Fodé Ballo-Touré,SEN,DF,Milan,25,1997,5.8,1,5,3,60.0,0.86,0.52,0.2,0.33,11.4,0,0,0,0.6,0.6,0.12,0.4,0.4,Matches,ITA-SERIA_A,22-23
8a6de8c7,39,Lameck Banda,ZAM,"FW,MF",Lecce,21,2001,18.2,2,36,12,33.3,1.98,0.66,0.06,0.17,19.0,0,0,0,3.1,3.1,0.09,-1.1,-1.1,Matches,ITA-SERIA_A,22-23
d44360be,40,Filippo Bandinelli,ITA,MF,Empoli,27,1995,25.1,2,24,7,29.2,0.95,0.28,0.08,0.29,23.4,0,0,0,1.7,1.7,0.07,0.3,0.3,Matches,ITA-SERIA_A,22-23
01efac19,41,Antonín Barák,CZE,MF,Hellas Verona,27,1994,0.3,0,0,0,,0.0,0.0,,,,0,0,0,0.0,0.0,,0.0,0.0,Matches,ITA-SERIA_A,22-23
01efac19,42,Antonín Barák,CZE,MF,Fiorentina,27,1994,20.0,2,32,7,21.9,1.6,0.35,0.06,0.29,17.7,0,0,0,2.6,2.6,0.08,-0.6,-0.6,Matches,ITA-SERIA_A,22-23
32ebfe1e,43,Andrea Barberis,ITA,MF,Monza,28,1993,3.8,0,2,0,0.0,0.53,0.0,0.0,,26.7,0,0,0,0.1,0.1,0.05,-0.1,-0.1,Matches,ITA-SERIA_A,22-23
6f1d7aa8,44,Tommaso Barbieri,ITA,DF,Juventus,19,2002,1.2,0,0,0,,0.0,0.0,,,,0,0,0,0.0,0.0,,0.0,0.0,Matches,ITA-SERIA_A,22-23
0acda699,45,Francesco Bardi,ITA,GK,Bologna,30,1992,1.0,0,0,0,,0.0,0.0,,,,0,0,0,0.0,0.0,,0.0,0.0,Matches,ITA-SERIA_A,22-23
6928979a,46,Nicolò Barella,ITA,MF,Inter,25,1997,29.0,6,33,13,39.4,1.14,0.45,0.18,0.46,20.6,1,0,0,3.2,3.2,0.1,2.8,2.8,Matches,ITA-SERIA_A,22-23
6caffe81,47,Enzo Barrenechea,ARG,MF,Juventus,21,2001,1.8,0,2,0,0.0,1.14,0.0,0.0,,11.4,0,0,0,0.1,0.1,0.03,-0.1,-0.1,Matches,ITA-SERIA_A,22-23
e5bf73f3,48,Musa Barrow,GAM,"FW,MF",Bologna,23,1998,21.8,3,65,16,24.6,2.98,0.73,0.05,0.19,23.2,1,0,0,3.0,3.0,0.05,0.0,0.0,Matches,ITA-SERIA_A,22-23
5a08ee41,49,Federico Baschirotto,ITA,DF,Lecce,25,1996,37.0,3,21,6,28.6,0.57,0.16,0.14,0.5,11.8,0,0,0,1.9,1.9,0.09,1.1,1.1,Matches,ITA-SERIA_A,22-23
80556f08,50,Toma Bašić,CRO,MF,Lazio,25,1996,5.7,1,11,5,45.5,1.93,0.88,0.09,0.2,19.6,0,0,0,1.8,1.8,0.17,-0.8,-0.8,Matches,ITA-SERIA_A,22-23
2ce215f2,51,Alberto Basso,ITA,MF,Cremonese,18,2004,0.2,0,1,1,100.0,5.63,5.63,0.0,0.0,13.7,0,0,0,0.0,0.0,0.04,0.0,0.0,Matches,ITA-SERIA_A,22-23
75b86fb3,52,Alessandro Bastoni,ITA,DF,Inter,23,1999,24.0,0,12,3,25.0,0.5,0.13,0.0,0.0,13.1,0,0,0,1.0,1.0,0.09,-1.0,-1.0,Matches,ITA-SERIA_A,22-23
1ac232b8,53,Simone Bastoni,ITA,"MF,DF",Spezia,25,1996,13.2,2,22,7,31.8,1.67,0.53,0.09,0.29,20.9,2,0,0,1.1,1.1,0.05,0.9,0.9,Matches,ITA-SERIA_A,22-23
78e6bf2c,54,Brian Bayeye,COD,DF,Torino,22,2000,0.7,0,0,0,,0.0,0.0,,,,0,0,0,0.0,0.0,,0.0,0.0,Matches,ITA-SERIA_A,22-23
19e4eab9,55,Rodrigo Becão,BRA,DF,Udinese,26,1996,27.6,2,19,5,26.3,0.69,0.18,0.11,0.4,12.1,0,0,0,1.5,1.5,0.08,0.5,0.5,Matches,ITA-SERIA_A,22-23
e892c325,56,Julius Beck,DEN,MF,Spezia,17,2005,0.1,0,0,0,,0.0,0.0,,,,0,0,0,0.0,0.0,,0.0,0.0,Matches,ITA-SERIA_A,22-23
e3756e72,57,Raoul Bellanova,ITA,DF,Inter,22,2000,5.5,0,4,1,25.0,0.73,0.18,0.0,0.0,8.1,0,0,0,0.6,0.6,0.16,-0.6,-0.6,Matches,ITA-SERIA_A,22-23
d705ba44,58,Andrea Belotti,ITA,FW,Roma,28,1993,12.7,0,19,9,47.4,1.49,0.71,0.0,0.0,12.7,0,0,1,3.5,2.7,0.14,-3.5,-2.7,Matches,ITA-SERIA_A,22-23
0000acda,59,Marco Benassi,ITA,DF,Fiorentina,27,1994,1.0,0,0,0,,0.0,0.0,,,,0,0,0,0.0,0.0,,0.0,0.0,Matches,ITA-SERIA_A,22-23
0000acda,60,Marco Benassi,ITA,MF,Cremonese,27,1994,11.1,0,19,8,42.1,1.71,0.72,0.0,0.0,19.9,0,0,0,1.3,1.3,0.07,-1.3,-1.3,Matches,ITA-SERIA_A,22-23
db092d3b,61,Ismaël Bennacer,ALG,MF,Milan,24,1997,22.3,2,16,3,18.8,0.72,0.13,0.13,0.67,25.0,3,0,0,1.0,1.0,0.06,1.0,1.0,Matches,ITA-SERIA_A,22-23
53a0e358,62,Domenico Berardi,ITA,FW,Sassuolo,27,1994,20.7,12,75,19,25.3,3.62,0.92,0.07,0.26,22.0,4,7,8,11.4,5.1,0.07,0.6,-0.1,Matches,ITA-SERIA_A,22-23
61b3978f,63,Bartosz Bereszyński,POL,DF,Sampdoria,30,1992,13.3,0,3,0,0.0,0.23,0.0,0.0,,21.4,0,0,0,0.1,0.1,0.04,-0.1,-0.1,Matches,ITA-SERIA_A,22-23
61b3978f,64,Bartosz Bereszyński,POL,DF,Napoli,30,1992,1.8,0,0,0,,0.0,0.0,,,,0,0,0,0.0,0.0,,0.0,0.0,Matches,ITA-SERIA_A,22-23
4b520f96,65,Marco Bertini,ITA,MF,Lazio,19,2002,0.0,0,0,0,,0.0,0.0,,,,0,0,0,0.0,0.0,,0.0,0.0,Matches,ITA-SERIA_A,22-23
ed5c0319,66,Beto,GNB,FW,Udinese,24,1998,23.7,10,60,20,33.3,2.54,0.85,0.15,0.45,13.7,0,1,1,10.9,10.1,0.17,-0.9,-1.1,Matches,ITA-SERIA_A,22-23
b3a20f18,67,Matteo Bianchetti,ITA,DF,Cremonese,29,1993,23.7,1,7,4,57.1,0.3,0.17,0.14,0.25,10.9,0,0,0,0.8,0.8,0.11,0.2,0.2,Matches,ITA-SERIA_A,22-23
d65cf468,68,Alessandro Bianco,ITA,MF,Fiorentina,19,2002,1.7,0,2,1,50.0,1.18,0.59,0.0,0.0,25.2,0,0,0,0.1,0.1,0.03,-0.1,-0.1,Matches,ITA-SERIA_A,22-23
6fdac234,69,Jaka Bijol,SVN,DF,Udinese,23,1999,30.3,3,20,7,35.0,0.66,0.23,0.15,0.43,9.5,0,0,0,2.2,2.2,0.11,0.8,0.8,Matches,ITA-SERIA_A,22-23
9e1577aa,70,Cristiano Biraghi,ITA,DF,Fiorentina,29,1992,28.3,2,24,5,20.8,0.85,0.18,0.08,0.4,27.4,15,0,1,1.8,1.1,0.04,0.2,0.9,Matches,ITA-SERIA_A,22-23
204ac005,71,Samuele Birindelli,ITA,DF,Monza,23,1999,15.6,0,14,4,28.6,0.9,0.26,0.0,0.0,17.6,0,0,0,1.1,1.1,0.08,-1.1,-1.1,Matches,ITA-SERIA_A,22-23
79370f8c,72,Kristijan Bistrović,CRO,MF,Lecce,24,1998,5.1,0,8,1,12.5,1.56,0.2,0.0,0.0,24.4,4,0,0,0.3,0.3,0.04,-0.3,-0.3,Matches,ITA-SERIA_A,22-23
c69ef855,73,Alexis Blin,FRA,MF,Lecce,25,1996,26.4,1,22,4,18.2,0.83,0.15,0.05,0.25,12.9,0,0,0,2.8,2.8,0.13,-1.8,-1.8,Matches,ITA-SERIA_A,22-23
fe012aca,74,Jeremie Boga,CIV,"MF,FW",Atalanta,25,1997,8.7,2,13,3,23.1,1.5,0.35,0.15,0.67,20.2,2,0,0,1.9,1.9,0.14,0.1,0.1,Matches,ITA-SERIA_A,22-23
c83c203f,75,Emil Bohinen,NOR,MF,Salernitana,23,1999,9.2,0,4,0,0.0,0.43,0.0,0.0,,25.9,0,0,0,0.1,0.1,0.04,-0.1,-0.1,Matches,ITA-SERIA_A,22-23
d995ed27,76,Giacomo Bonaventura,ITA,MF,Fiorentina,32,1989,21.2,5,49,14,28.6,2.31,0.66,0.1,0.36,19.6,2,0,0,4.3,4.3,0.09,0.7,0.7,Matches,ITA-SERIA_A,22-23
bf57eaab,77,Federico Bonazzoli,ITA,"FW,MF",Salernitana,25,1997,12.4,2,32,7,21.9,2.57,0.56,0.06,0.29,18.9,1,0,0,2.4,2.4,0.07,-0.4,-0.4,Matches,ITA-SERIA_A,22-23
0def2376,78,Warren Bondo,FRA,MF,Monza,18,2003,0.7,0,1,0,0.0,1.5,0.0,0.0,,21.2,0,0,0,0.1,0.1,0.06,-0.1,-0.1,Matches,ITA-SERIA_A,22-23
fb77bfef,79,Kevin Bonifazi,ITA,DF,Bologna,26,1996,10.0,0,2,0,0.0,0.2,0.0,0.0,,11.3,0,0,0,0.2,0.2,0.1,-0.2,-0.2,Matches,ITA-SERIA_A,22-23
52ec54d0,80,Leonardo Bonucci,ITA,DF,Juventus,35,1987,9.8,1,4,1,25.0,0.41,0.1,0.25,1.0,12.0,0,0,1,1.1,0.3,0.07,-0.1,0.7,Matches,ITA-SERIA_A,22-23
3d13d9e4,81,Erik Botheim,NOR,"MF,FW",Salernitana,22,2000,9.6,1,7,1,14.3,0.73,0.1,0.14,1.0,13.5,0,0,0,0.6,0.6,0.08,0.4,0.4,Matches,ITA-SERIA_A,22-23
0d077b88,82,Mehdi Bourabia,MAR,MF,Spezia,30,1991,30.8,1,33,5,15.2,1.07,0.16,0.03,0.2,24.3,1,0,0,2.1,2.1,0.06,-1.1,-1.1,Matches,ITA-SERIA_A,22-23
ae94a6c5,83,Edoardo Bove,ITA,MF,Roma,20,2002,11.0,1,7,2,28.6,0.64,0.18,0.14,0.5,12.9,0,0,0,0.8,0.5,0.07,0.2,0.5,Matches,ITA-SERIA_A,22-23
c609e90e,84,Jayden Braaf,NED,"MF,FW",Hellas Verona,19,2002,3.2,0,9,3,33.3,2.81,0.94,0.0,0.0,16.8,0,0,0,0.8,0.8,0.08,-0.8,-0.8,Matches,ITA-SERIA_A,22-23
8bbe2df5,85,Domagoj Bradarić,CRO,DF,Salernitana,22,1999,25.0,0,7,0,0.0,0.28,0.0,0.0,,23.8,1,0,0,0.2,0.2,0.03,-0.2,-0.2,Matches,ITA-SERIA_A,22-23
d4a2533d,86,Josip Brekalo,CRO,"FW,MF",Fiorentina,24,1998,2.5,0,5,0,0.0,1.97,0.0,0.0,,22.5,0,0,0,0.7,0.7,0.13,-0.7,-0.7,Matches,ITA-SERIA_A,22-23
5fd5ed86,87,Gleison Bremer,BRA,DF,Juventus,25,1997,29.3,4,32,7,21.9,1.09,0.24,0.13,0.57,9.3,0,0,0,4.9,4.9,0.15,-0.9,-0.9,Matches,ITA-SERIA_A,22-23
edd81e2a,88,Dylan Bronn,TUN,DF,Salernitana,27,1995,18.7,0,8,1,12.5,0.43,0.05,0.0,0.0,15.8,0,0,0,0.7,0.7,0.08,-0.7,-0.7,Matches,ITA-SERIA_A,22-23
33b8d077,89,Marcelo Brozović,CRO,MF,Inter,29,1992,19.7,3,25,7,28.0,1.27,0.36,0.12,0.43,21.1,1,0,0,2.5,2.5,0.1,0.5,0.5,Matches,ITA-SERIA_A,22-23
f3a9fa26,90,Cristian Buonaiuto,ITA,"MF,FW",Cremonese,29,1992,10.9,1,42,11,26.2,3.86,1.01,0.0,0.0,19.7,6,1,1,3.3,2.5,0.06,-2.3,-2.5,Matches,ITA-SERIA_A,22-23
4ae67f27,91,Alessandro Buongiorno,ITA,DF,Torino,23,1999,30.2,1,20,1,5.0,0.66,0.03,0.05,1.0,8.6,0,0,0,2.2,2.2,0.11,-1.2,-1.2,Matches,ITA-SERIA_A,22-23
dee3d535,92,Leonardo Buta,POR,DF,Udinese,20,2002,0.2,0,0,0,,0.0,0.0,,,,0,0,0,0.0,0.0,,0.0,0.0,Matches,ITA-SERIA_A,22-23
a820e429,93,Arthur Cabral,BRA,FW,Fiorentina,24,1998,15.9,8,52,20,38.5,3.27,1.26,0.12,0.3,13.1,0,2,2,7.9,6.3,0.12,0.1,-0.3,Matches,ITA-SERIA_A,22-23
dd86e8e4,94,Liberato Cacace,NZL,DF,Empoli,21,2000,6.5,0,7,1,14.3,1.07,0.15,0.0,0.0,19.7,0,0,0,0.6,0.6,0.09,-0.6,-0.6,Matches,ITA-SERIA_A,22-23
2146785a,95,Davide Calabria,ITA,DF,Milan,25,1996,18.8,1,16,2,12.5,0.85,0.11,0.06,0.5,23.9,0,0,0,1.2,1.2,0.07,-0.2,-0.2,Matches,ITA-SERIA_A,22-23
ac7e640b,96,Mattia Caldara,ITA,DF,Spezia,28,1994,13.9,0,11,4,36.4,0.79,0.29,0.0,0.0,10.5,0,0,0,0.8,0.8,0.07,-0.8,-0.8,Matches,ITA-SERIA_A,22-23
226008f1,97,Luca Caldirola,ITA,DF,Monza,31,1991,26.1,2,10,4,40.0,0.38,0.15,0.2,0.5,10.9,0,0,0,1.1,1.1,0.11,0.9,0.9,Matches,ITA-SERIA_A,22-23
cd0fa27b,98,Hakan Çalhanoğlu,TUR,MF,Inter,28,1994,26.3,3,55,16,29.1,2.09,0.61,0.04,0.13,26.5,10,1,1,3.1,2.3,0.04,-0.1,-0.3,Matches,ITA-SERIA_A,22-23
13ea2544,99,Mohamed Camara,GUI,MF,Roma,25,1997,7.7,0,11,1,9.1,1.42,0.13,0.0,0.0,23.6,1,0,0,0.6,0.6,0.06,-0.6,-0.6,Matches,ITA-SERIA_A,22-23
91ff775f,100,Nicolò Cambiaghi,ITA,"FW,MF",Empoli,21,2000,14.3,6,36,14,38.9,2.52,0.98,0.17,0.43,18.1,0,0,0,3.4,3.4,0.09,2.6,2.6,Matches,ITA-SERIA_A,22-23
247ed022,101,Andrea Cambiaso,ITA,DF,Bologna,22,2000,24.1,0,17,5,29.4,0.71,0.21,0.0,0.0,20.5,0,0,0,0.9,0.9,0.05,-0.9,-0.9,Matches,ITA-SERIA_A,22-23
b6a1cdf9,102,Matteo Cancellieri,ITA,FW,Lazio,20,2002,2.8,0,6,1,16.7,2.11,0.35,0.0,0.0,17.8,0,0,0,0.4,0.4,0.06,-0.4,-0.4,Matches,ITA-SERIA_A,22-23
356c9002,103,Antonio Candreva,ITA,"MF,DF",Salernitana,35,1987,30.3,7,46,20,43.5,1.52,0.66,0.15,0.35,22.2,3,0,0,3.7,3.7,0.08,3.3,3.3,Matches,ITA-SERIA_A,22-23
54e53b7e,104,Gianluca Caprari,ITA,"MF,FW",Monza,29,1993,27.1,5,50,13,26.0,1.84,0.48,0.08,0.31,20.0,1,1,1,5.0,4.2,0.08,0.0,-0.2,Matches,ITA-SERIA_A,22-23
5bd72174,105,Francesco Caputo,ITA,FW,Sampdoria,34,1987,12.2,1,19,5,26.3,1.56,0.41,0.05,0.2,14.8,0,0,0,1.9,1.9,0.1,-0.9,-0.9,Matches,ITA-SERIA_A,22-23
5bd72174,106,Francesco Caputo,ITA,FW,Empoli,34,1987,19.0,5,40,15,37.5,2.11,0.79,0.08,0.2,12.7,0,2,2,7.5,5.9,0.16,-2.5,-2.9,Matches,ITA-SERIA_A,22-23
f7e2af2c,107,Andrea Carboni,ITA,DF,Monza,21,2001,1.9,0,1,1,100.0,0.54,0.54,0.0,0.0,10.8,0,0,0,0.1,0.1,0.05,-0.1,-0.1,Matches,ITA-SERIA_A,22-23
b033f803,108,Franco Carboni,ITA,"DF,FW",Monza,19,2003,0.7,0,1,0,0.0,1.36,0.0,0.0,,16.1,0,0,0,0.1,0.1,0.08,-0.1,-0.1,Matches,ITA-SERIA_A,22-23
707b98f1,109,Valentin Carboni,ARG,"MF,DF",Inter,17,2005,0.3,0,0,0,,0.0,0.0,,,,0,0,0,0.0,0.0,,0.0,0.0,Matches,ITA-SERIA_A,22-23
8ec56e62,110,Marco Carnesecchi,ITA,GK,Cremonese,22,2000,27.0,0,0,0,,0.0,0.0,,,,0,0,0,0.0,0.0,,0.0,0.0,Matches,ITA-SERIA_A,22-23
3f5f38fb,111,Nicolò Casale,ITA,DF,Lazio,24,1998,27.1,1,8,2,25.0,0.3,0.07,0.13,0.5,10.9,0,0,0,0.6,0.6,0.08,0.4,0.4,Matches,ITA-SERIA_A,22-23
6c4307ee,112,Tommaso Cassandro,ITA,DF,Lecce,22,2000,0.1,0,0,0,,0.0,0.0,,,,0,0,0,0.0,0.0,,0.0,0.0,Matches,ITA-SERIA_A,22-23
ad92526f,113,Michele Castagnetti,ITA,MF,Cremonese,32,1989,15.7,0,12,1,8.3,0.76,0.06,0.0,0.0,26.6,2,0,0,0.6,0.6,0.05,-0.6,-0.6,Matches,ITA-SERIA_A,22-23
0728bebe,114,Gaetano Castrovilli,ITA,MF,Fiorentina,25,1997,8.0,2,18,8,44.4,2.26,1.0,0.11,0.25,17.7,1,0,0,1.2,1.2,0.07,0.8,0.8,Matches,ITA-SERIA_A,22-23
ba3d3bea,115,Danilo Cataldi,ITA,MF,Lazio,27,1994,21.3,0,7,1,14.3,0.33,0.05,0.0,0.0,28.8,1,0,0,0.2,0.2,0.03,-0.2,-0.2,Matches,ITA-SERIA_A,22-23
4d1efb48,116,Pietro Ceccaroni,ITA,DF,Lecce,26,1995,0.5,0,2,0,0.0,4.19,0.0,0.0,,17.9,0,0,0,0.1,0.1,0.06,-0.1,-0.1,Matches,ITA-SERIA_A,22-23
d9624b51,117,Federico Ceccherini,ITA,DF,Hellas Verona,30,1992,15.7,2,7,2,28.6,0.44,0.13,0.29,1.0,15.0,0,0,0,0.8,0.8,0.11,1.2,1.2,Matches,ITA-SERIA_A,22-23
07f8bcc8,118,Assan Ceesay,GAM,FW,Lecce,28,1994,20.1,6,41,10,24.4,2.04,0.5,0.12,0.5,14.7,0,1,1,5.1,4.3,0.11,0.9,0.7,Matches,ITA-SERIA_A,22-23
98a84572,119,Emil Ceide,NOR,FW,Sassuolo,20,2001,5.7,0,10,3,30.0,1.75,0.52,0.0,0.0,15.7,0,0,0,0.8,0.8,0.08,-0.8,-0.8,Matches,ITA-SERIA_A,22-23
31a62dc7,120,Zeki Çelik,TUR,DF,Roma,25,1997,16.7,0,5,1,20.0,0.3,0.06,0.0,0.0,17.6,0,0,0,0.3,0.3,0.07,-0.3,-0.3,Matches,ITA-SERIA_A,22-23
efdeaff3,121,Michele Cerofolini,ITA,GK,Fiorentina,23,1999,5.0,0,0,0,,0.0,0.0,,,,0,0,0,0.0,0.0,,0.0,0.0,Matches,ITA-SERIA_A,22-23
b0f7e36c,122,Federico Chiesa,ITA,"DF,MF",Juventus,24,1997,9.5,2,26,3,11.5,2.75,0.32,0.08,0.67,18.9,1,0,0,1.5,1.5,0.06,0.5,0.5,Matches,ITA-SERIA_A,22-23
c316607a,123,Vlad Chiricheș,ROU,DF,Cremonese,32,1989,10.9,0,0,0,,0.0,0.0,,,,0,0,0,0.0,0.0,,0.0,0.0,Matches,ITA-SERIA_A,22-23
b09a3ecc,124,Daniel Ciofani,ITA,FW,Cremonese,37,1985,11.8,8,28,13,46.4,2.38,1.1,0.18,0.38,15.7,0,3,4,5.5,2.3,0.08,2.5,2.7,Matches,ITA-SERIA_A,22-23
039a4fb6,125,Tio Cipot,SVN,"FW,MF",Spezia,19,2003,1.5,0,2,1,50.0,1.29,0.65,0.0,0.0,30.0,0,0,0,0.0,0.0,0.02,0.0,0.0,Matches,ITA-SERIA_A,22-23
5de3866c,126,Patrick Ciurria,ITA,"DF,MF",Monza,27,1995,30.6,6,50,23,46.0,1.63,0.75,0.12,0.26,20.2,0,0,0,4.8,4.8,0.1,1.2,1.2,Matches,ITA-SERIA_A,22-23
1faa06d5,127,Nicolò Cocetta,ITA,DF,Udinese,18,2003,0.4,0,0,0,,0.0,0.0,,,,0,0,0,0.0,0.0,,0.0,0.0,Matches,ITA-SERIA_A,22-23
8b95acda,128,Omar Colley,GAM,DF,Sampdoria,29,1992,15.4,1,6,4,66.7,0.39,0.26,0.17,0.25,9.0,0,0,0,1.2,1.2,0.2,-0.2,-0.2,Matches,ITA-SERIA_A,22-23
04df29a5,129,Lorenzo Colombo,ITA,FW,Lecce,20,2002,16.8,5,43,11,25.6,2.55,0.65,0.09,0.36,16.8,0,1,2,6.2,4.6,0.11,-1.2,-0.6,Matches,ITA-SERIA_A,22-23
6499048c,130,Andrea Colpani,ITA,MF,Monza,23,1999,10.5,4,25,10,40.0,2.37,0.95,0.16,0.4,19.1,0,0,0,2.1,2.1,0.09,1.9,1.9,Matches,ITA-SERIA_A,22-23
8cabdc1e,131,Andrea Consigli,ITA,GK,Sassuolo,35,1987,35.0,0,0,0,,0.0,0.0,,,,0,0,0,0.0,0.0,,0.0,0.0,Matches,ITA-SERIA_A,22-23
8fef5412,132,Andrea Conti,ITA,DF,Sampdoria,28,1994,0.3,0,0,0,,0.0,0.0,,,,0,0,0,0.0,0.0,,0.0,0.0,Matches,ITA-SERIA_A,22-23
22ae86f9,133,Diego Coppola,ITA,DF,Hellas Verona,18,2003,13.1,0,3,0,0.0,0.23,0.0,0.0,,11.8,0,0,0,0.3,0.3,0.11,-0.3,-0.3,Matches,ITA-SERIA_A,22-23
e66ebabb,134,Alex Cordaz,ITA,GK,Inter,39,1983,0.3,0,0,0,,0.0,0.0,,,,0,0,0,0.0,0.0,,0.0,0.0,Matches,ITA-SERIA_A,22-23
45b9b619,135,Joaquín Correa,ARG,FW,Inter,27,1994,10.6,3,22,8,36.4,2.08,0.76,0.14,0.38,13.6,0,0,0,3.4,3.4,0.16,-0.4,-0.4,Matches,ITA-SERIA_A,22-23
bfc359ed,136,Alessandro Cortinovis,ITA,MF,Hellas Verona,21,2001,0.1,0,0,0,,0.0,0.0,,,,0,0,0,0.0,0.0,,0.0,0.0,Matches,ITA-SERIA_A,22-23
85a44ecc,137,Lassana Coulibaly,MLI,MF,Salernitana,26,1996,32.1,3,16,6,37.5,0.5,0.19,0.19,0.5,20.8,0,0,0,0.8,0.8,0.05,2.2,2.2,Matches,ITA-SERIA_A,22-23
f554e29b,138,Alessio Cragno,ITA,GK,Monza,28,1994,1.0,0,0,0,,0.0,0.0,,,,0,0,0,0.0,0.0,,0.0,0.0,Matches,ITA-SERIA_A,22-23
16657b95,139,Bryan Cristante,ITA,"MF,DF",Roma,27,1995,32.6,1,28,5,17.9,0.86,0.15,0.04,0.2,16.8,0,0,1,2.6,1.9,0.07,-1.6,-0.9,Matches,ITA-SERIA_A,22-23
22cd43d2,140,Domen Črnigoj,SVN,MF,Salernitana,26,1995,3.3,0,1,0,0.0,0.3,0.0,0.0,,6.9,0,0,0,0.1,0.1,0.1,-0.1,-0.1,Matches,ITA-SERIA_A,22-23
0ab1f153,141,Juan Cuadrado,COL,"DF,FW",Juventus,34,1988,23.1,1,32,10,31.3,1.39,0.43,0.03,0.1,21.0,6,0,0,1.4,1.4,0.04,-0.4,-0.4,Matches,ITA-SERIA_A,22-23
5722eced,142,Mickaël Cuisance,FRA,MF,Sampdoria,22,1999,6.9,0,10,2,20.0,1.46,0.29,0.0,0.0,21.5,1,0,0,0.5,0.5,0.05,-0.5,-0.5,Matches,ITA-SERIA_A,22-23
060606ec,143,Marco D'Alessandro,ITA,"DF,FW",Monza,31,1991,3.2,0,4,1,25.0,1.24,0.31,0.0,0.0,16.1,0,0,0,0.3,0.3,0.08,-0.3,-0.3,Matches,ITA-SERIA_A,22-23
44eb9093,144,Danilo D'Ambrosio,ITA,DF,Inter,33,1988,8.1,0,3,2,66.7,0.37,0.25,0.0,0.0,8.4,0,0,0,0.3,0.3,0.09,-0.3,-0.3,Matches,ITA-SERIA_A,22-23
f778fe3f,145,Luca D'Andrea,ITA,FW,Sassuolo,17,2004,3.5,0,7,3,42.9,1.99,0.85,0.0,0.0,17.0,0,0,0,0.3,0.3,0.04,-0.3,-0.3,Matches,ITA-SERIA_A,22-23
7ef972c3,146,Flavius Daniliuc,AUT,DF,Salernitana,21,2001,24.4,0,10,4,40.0,0.41,0.16,0.0,0.0,13.1,1,0,0,0.6,0.6,0.07,-0.6,-0.6,Matches,ITA-SERIA_A,22-23
94b2001f,147,Danilo,BRA,DF,Juventus,31,1991,35.4,3,32,5,15.6,0.9,0.14,0.09,0.6,15.0,1,0,0,2.8,2.8,0.09,0.2,0.2,Matches,ITA-SERIA_A,22-23
96e0490d,148,Matteo Darmian,ITA,DF,Inter,32,1989,22.5,1,7,1,14.3,0.31,0.04,0.14,1.0,20.5,0,0,0,1.0,1.0,0.14,0.0,0.0,Matches,ITA-SERIA_A,22-23
ef6eef89,149,Juan David Cabal,COL,DF,Hellas Verona,21,2001,4.9,0,1,1,100.0,0.2,0.2,0.0,0.0,32.6,0,0,0,0.0,0.0,0.02,0.0,0.0,Matches,ITA-SERIA_A,22-23
16bb656a,150,Paweł Dawidowicz,POL,DF,Hellas Verona,27,1995,18.1,1,11,2,18.2,0.61,0.11,0.09,0.5,10.7,0,0,0,1.1,1.1,0.1,-0.1,-0.1,Matches,ITA-SERIA_A,22-23
2ef7c612,151,Charles De Ketelaere,BEL,"MF,FW",Milan,21,2001,12.4,0,19,3,15.8,1.53,0.24,0.0,0.0,12.5,0,0,0,2.0,2.0,0.11,-2.0,-2.0,Matches,ITA-SERIA_A,22-23
60e3603d,152,Manuel De Luca,ITA,"FW,MF",Sampdoria,24,1998,0.5,0,0,0,,0.0,0.0,,,,0,0,0,0.0,0.0,,0.0,0.0,Matches,ITA-SERIA_A,22-23
7f9d956a,153,Tommaso De Nipoti,ITA,MF,Atalanta,19,2003,0.0,0,0,0,,0.0,0.0,,,,0,0,0,0.0,0.0,,0.0,0.0,Matches,ITA-SERIA_A,22-23
ae4e2852,154,Mattia De Sciglio,ITA,DF,Juventus,29,1992,11.6,0,4,0,0.0,0.35,0.0,0.0,,27.6,0,0,0,0.1,0.1,0.02,-0.1,-0.1,Matches,ITA-SERIA_A,22-23
e74f0e59,155,Lorenzo De Silvestri,ITA,DF,Bologna,34,1988,7.5,1,5,3,60.0,0.67,0.4,0.2,0.33,12.0,0,0,0,0.6,0.6,0.13,0.4,0.4,Matches,ITA-SERIA_A,22-23
f4797849,156,Koni De Winter,BEL,DF,Empoli,20,2002,11.4,0,0,0,,0.0,0.0,,,,0,0,0,0.0,0.0,,0.0,0.0,Matches,ITA-SERIA_A,22-23
854ee61a,157,Grégoire Defrel,MTQ,FW,Sassuolo,31,1991,13.0,2,16,10,62.5,1.23,0.77,0.13,0.2,11.8,0,0,0,3.5,3.5,0.22,-1.5,-1.5,Matches,ITA-SERIA_A,22-23
0e0d6c53,158,Duccio Degl'Innocenti,ITA,MF,Empoli,19,2003,0.0,0,0,0,,0.0,0.0,,,,0,0,0,0.0,0.0,,0.0,0.0,Matches,ITA-SERIA_A,22-23
e3cceee6,159,Merih Demiral,TUR,DF,Atalanta,24,1998,17.1,1,6,1,16.7,0.35,0.06,0.17,1.0,13.7,0,0,0,0.7,0.7,0.12,0.3,0.3,Matches,ITA-SERIA_A,22-23
dc3fa3b5,160,Diego Demme,GER,MF,Napoli,30,1991,1.6,0,0,0,,0.0,0.0,,,,0,0,0,0.0,0.0,,0.0,0.0,Matches,ITA-SERIA_A,22-23
d97f2e8d,161,Fabio Depaoli,ITA,DF,Hellas Verona,25,1997,24.1,2,19,4,21.1,0.79,0.17,0.11,0.5,16.0,0,0,0,1.7,1.7,0.09,0.3,0.3,Matches,ITA-SERIA_A,22-23
d97f2e8d,162,Fabio Depaoli,ITA,"DF,MF",Sampdoria,25,1997,1.5,0,2,0,0.0,1.32,0.0,0.0,,13.6,0,0,0,0.2,0.2,0.09,-0.2,-0.2,Matches,ITA-SERIA_A,22-23
2990c466,163,Kastriot Dermaku,ALB,DF,Lecce,30,1992,0.4,0,0,0,,0.0,0.0,,,,0,0,0,0.0,0.0,,0.0,0.0,Matches,ITA-SERIA_A,22-23
dcb38abe,164,Cyriel Dessers,NGA,FW,Cremonese,27,1994,17.6,6,49,12,24.5,2.78,0.68,0.12,0.5,13.6,0,0,1,7.1,6.4,0.13,-1.1,-0.4,Matches,ITA-SERIA_A,22-23
5976f83e,165,Sergiño Dest,USA,DF,Milan,21,2000,3.7,0,2,1,50.0,0.55,0.27,0.0,0.0,20.3,0,0,0,0.3,0.3,0.15,-0.3,-0.3,Matches,ITA-SERIA_A,22-23
d7d32194,166,Mattia Destro,ITA,"FW,MF",Empoli,31,1991,6.4,1,20,7,35.0,3.15,1.1,0.05,0.14,14.8,0,0,0,1.4,1.4,0.07,-0.4,-0.4,Matches,ITA-SERIA_A,22-23
39583cfd,167,Gerard Deulofeu,ESP,FW,Udinese,28,1994,13.5,2,44,12,27.3,3.27,0.89,0.05,0.17,17.4,10,0,0,5.1,5.1,0.11,-3.1,-3.1,Matches,ITA-SERIA_A,22-23
ef94dc2f,168,Samuel Di Carmine,ITA,"FW,MF",Cremonese,33,1988,0.3,0,1,0,0.0,3.21,0.0,0.0,,11.0,0,0,0,0.1,0.1,0.09,-0.1,-0.1,Matches,ITA-SERIA_A,22-23
1fca9171,169,Federico Di Francesco,ITA,"FW,MF",Lecce,28,1994,22.6,2,39,16,41.0,1.73,0.71,0.05,0.13,17.4,1,0,0,3.3,3.3,0.08,-1.3,-1.3,Matches,ITA-SERIA_A,22-23
4e0c8d66,170,Michele Di Gregorio,ITA,GK,Monza,25,1997,37.0,0,0,0,,0.0,0.0,,,,0,0,0,0.0,0.0,,0.0,0.0,Matches,ITA-SERIA_A,22-23
230a2fac,171,Giovanni Di Lorenzo,ITA,DF,Napoli,28,1993,36.2,3,31,13,41.9,0.86,0.36,0.1,0.23,11.8,0,0,0,2.7,2.7,0.09,0.3,0.3,Matches,ITA-SERIA_A,22-23
19cda00b,172,Ángel Di María,ARG,"FW,MF",Juventus,34,1988,15.1,4,37,12,32.4,2.44,0.79,0.08,0.25,21.5,1,1,1,3.1,2.3,0.06,0.9,0.7,Matches,ITA-SERIA_A,22-23
244bc2c8,173,Boulaye Dia,SEN,"FW,MF",Salernitana,25,1996,28.0,16,47,21,44.7,1.68,0.75,0.32,0.71,15.0,0,1,1,8.8,8.0,0.17,7.2,7.0,Matches,ITA-SERIA_A,22-23
407feb71,174,Brahim Díaz,MAR,"MF,FW",Milan,22,1999,21.4,6,35,16,45.7,1.64,0.75,0.17,0.38,14.5,1,0,0,6.0,6.0,0.17,0.0,0.0,Matches,ITA-SERIA_A,22-23
970b8574,175,Federico Dimarco,ITA,DF,Inter,24,1997,23.0,4,49,15,30.6,2.13,0.65,0.08,0.27,20.7,7,0,0,3.1,3.1,0.06,0.9,0.9,Matches,ITA-SERIA_A,22-23
933d3b51,176,Koffi Djidji,CIV,DF,Torino,29,1992,26.9,1,8,4,50.0,0.3,0.15,0.13,0.25,12.2,0,0,0,0.9,0.9,0.12,0.1,0.1,Matches,ITA-SERIA_A,22-23
6eee05f1,177,Berat Djimsiti,ALB,DF,Atalanta,29,1993,20.0,0,5,0,0.0,0.25,0.0,0.0,,7.6,0,0,0,0.6,0.6,0.12,-0.6,-0.6,Matches,ITA-SERIA_A,22-23
b5f7d10b,178,Dodô,BRA,DF,Fiorentina,23,1998,25.9,1,11,4,36.4,0.42,0.15,0.09,0.25,20.5,0,0,0,0.7,0.7,0.06,0.3,0.3,Matches,ITA-SERIA_A,22-23
2f69d881,179,Josh Doig,SCO,DF,Hellas Verona,20,2002,15.0,2,18,6,33.3,1.2,0.4,0.11,0.33,16.1,0,0,0,1.8,1.8,0.1,0.2,0.2,Matches,ITA-SERIA_A,22-23
20b3a502,180,Nicolás Domínguez,ARG,MF,Bologna,24,1998,25.6,3,42,17,40.5,1.64,0.67,0.07,0.18,22.5,0,0,0,2.6,2.6,0.06,0.4,0.4,Matches,ITA-SERIA_A,22-23
22051fbe,181,Giulio Donati,ITA,DF,Monza,32,1990,4.7,1,2,1,50.0,0.43,0.21,0.5,1.0,19.2,0,0,0,0.4,0.4,0.2,0.6,0.6,Matches,ITA-SERIA_A,22-23
085e71a7,182,Bartłomiej Drągowski,POL,GK,Spezia,24,1997,32.7,0,0,0,,0.0,0.0,,,,0,0,0,0.0,0.0,,0.0,0.0,Matches,ITA-SERIA_A,22-23
79ca3e23,183,Ondrej Duda,SVK,MF,Hellas Verona,27,1994,11.8,0,13,4,30.8,1.1,0.34,0.0,0.0,22.6,1,0,0,0.8,0.8,0.07,-0.8,-0.8,Matches,ITA-SERIA_A,22-23
481c9ece,184,Denzel Dumfries,NED,DF,Inter,26,1996,24.6,1,33,13,39.4,1.34,0.53,0.03,0.08,11.4,0,0,0,3.6,3.6,0.11,-2.6,-2.6,Matches,ITA-SERIA_A,22-23
528492ea,185,Alfred Duncan,GHA,MF,Fiorentina,29,1993,12.3,1,9,2,22.2,0.73,0.16,0.11,0.5,24.1,0,0,0,0.5,0.5,0.05,0.5,0.5,Matches,ITA-SERIA_A,22-23
e0921a4f,186,Paulo Dybala,ARG,"MF,FW",Roma,28,1993,19.3,12,60,18,30.0,3.11,0.93,0.12,0.39,20.7,3,5,5,9.3,5.3,0.09,2.7,1.7,Matches,ITA-SERIA_A,22-23
3bb7f478,187,Edin Džeko,BIH,FW,Inter,36,1986,19.2,9,73,24,32.9,3.79,1.25,0.12,0.38,14.4,0,0,0,9.7,9.7,0.13,-0.7,-0.7,Matches,ITA-SERIA_A,22-23
dbfa4f16,188,Festy Ebosele,IRL,DF,Udinese,19,2002,4.6,0,4,1,25.0,0.88,0.22,0.0,0.0,21.5,0,0,0,0.2,0.2,0.05,-0.2,-0.2,Matches,ITA-SERIA_A,22-23
9ba7b4fa,189,Enzo Ebosse,CMR,DF,Udinese,23,1999,10.3,0,3,0,0.0,0.29,0.0,0.0,,26.4,0,0,0,0.1,0.1,0.03,-0.1,-0.1,Matches,ITA-SERIA_A,22-23
6af30900,190,Tyronne Ebuehi,NGA,DF,Empoli,26,1995,21.4,2,19,4,21.1,0.89,0.19,0.11,0.5,10.9,0,0,0,3.1,3.1,0.16,-1.1,-1.1,Matches,ITA-SERIA_A,22-23
a9202def,191,Éderson,BRA,MF,Atalanta,23,1999,24.6,1,36,10,27.8,1.46,0.41,0.03,0.1,21.3,0,0,0,2.0,2.0,0.06,-1.0,-1.0,Matches,ITA-SERIA_A,22-23
76b2817e,192,Kingsley Ehizibue,NED,DF,Udinese,27,1995,17.1,2,13,6,46.2,0.76,0.35,0.15,0.33,15.1,0,0,0,2.0,2.0,0.16,0.0,0.0,Matches,ITA-SERIA_A,22-23
f503ea63,193,Albin Ekdal,SWE,MF,Spezia,33,1989,19.3,0,19,4,21.1,0.99,0.21,0.0,0.0,14.4,0,0,0,2.9,2.9,0.16,-2.9,-2.9,Matches,ITA-SERIA_A,22-23
c20892ee,194,Emmanuel Ekong,SWE,"FW,MF",Empoli,20,2002,0.2,0,1,0,0.0,4.5,0.0,0.0,,28.2,0,0,0,0.0,0.0,0.04,0.0,0.0,Matches,ITA-SERIA_A,22-23
c55967eb,195,Mikael Ellertsson,ISL,"MF,DF",Spezia,20,2002,1.9,0,2,0,0.0,1.05,0.0,0.0,,21.8,0,0,0,0.1,0.1,0.07,-0.1,-0.1,Matches,ITA-SERIA_A,22-23
cf007308,196,Elif Elmas,MKD,"FW,MF",Napoli,22,1999,18.1,6,32,10,31.3,1.77,0.55,0.16,0.5,17.7,1,1,1,4.0,3.3,0.1,2.0,1.7,Matches,ITA-SERIA_A,22-23
0fee6bda,197,Martin Erlic,CRO,DF,Sassuolo,24,1998,25.9,0,4,0,0.0,0.15,0.0,0.0,,8.8,0,0,0,0.5,0.5,0.12,-0.5,-0.5,Matches,ITA-SERIA_A,22-23
3f79a1c8,198,Gonzalo Escalante,ARG,MF,Cremonese,29,1993,6.2,0,6,1,16.7,0.97,0.16,0.0,0.0,17.9,0,0,0,0.2,0.2,0.03,-0.2,-0.2,Matches,ITA-SERIA_A,22-23
5cf5c9ad,199,Salvatore Esposito,ITA,MF,Spezia,21,2000,10.8,1,14,2,14.3,1.3,0.19,0.07,0.5,28.5,11,0,0,0.7,0.7,0.05,0.3,0.3,Matches,ITA-SERIA_A,22-23
366be751,200,Nicolò Fagioli,ITA,MF,Juventus,21,2001,16.9,3,13,8,61.5,0.77,0.47,0.23,0.38,19.7,0,0,0,1.5,1.5,0.12,1.5,1.5,Matches,ITA-SERIA_A,22-23
9f5a610b,201,Wladimiro Falcone,ITA,GK,Lecce,27,1995,38.0,0,0,0,,0.0,0.0,,,,0,0,0,0.0,0.0,,0.0,0.0,Matches,ITA-SERIA_A,22-23
aae9d04a,202,Davide Faraoni,ITA,DF,Hellas Verona,30,1991,16.5,2,20,5,25.0,1.21,0.3,0.1,0.4,18.6,0,0,0,2.7,2.7,0.14,-0.7,-0.7,Matches,ITA-SERIA_A,22-23
4e358a2d,203,Federico Fazio,ARG,DF,Salernitana,35,1987,11.9,1,11,2,18.2,0.92,0.17,0.09,0.5,10.7,0,0,0,0.7,0.7,0.06,0.3,0.3,Matches,ITA-SERIA_A,22-23
06b08c45,204,Jacopo Fazzini,ITA,MF,Empoli,19,2003,9.2,0,14,1,7.1,1.53,0.11,0.0,0.0,20.5,1,0,0,1.0,1.0,0.07,-1.0,-1.0,Matches,ITA-SERIA_A,22-23
ee64a822,205,Lewis Ferguson,SCO,"MF,FW",Bologna,22,1999,25.7,7,43,18,41.9,1.67,0.7,0.16,0.39,15.5,0,0,0,4.7,4.7,0.11,2.3,2.3,Matches,ITA-SERIA_A,22-23
d0dbca9f,206,Alex Ferrari,ITA,DF,Sampdoria,28,1994,9.6,0,5,0,0.0,0.52,0.0,0.0,,20.0,0,0,0,0.2,0.2,0.04,-0.2,-0.2,Matches,ITA-SERIA_A,22-23
d0dbca9f,207,Alex Ferrari,ITA,DF,Cremonese,28,1994,11.2,0,0,0,,0.0,0.0,,,,0,0,0,0.0,0.0,,0.0,0.0,Matches,ITA-SERIA_A,22-23
eb76987d,208,Salvador Ferrer,ESP,DF,Spezia,24,1998,1.5,0,0,0,,0.0,0.0,,,,0,0,0,0.0,0.0,,0.0,0.0,Matches,ITA-SERIA_A,22-23
a2565f79,209,Vincenzo Fiorillo,ITA,GK,Salernitana,32,1990,1.0,0,0,0,,0.0,0.0,,,,0,0,0,0.0,0.0,,0.0,0.0,Matches,ITA-SERIA_A,22-23
e288d4b3,210,Alessandro Florenzi,ITA,DF,Milan,31,1991,2.3,0,5,1,20.0,2.22,0.44,0.0,0.0,16.2,1,0,0,0.8,0.8,0.15,-0.8,-0.8,Matches,ITA-SERIA_A,22-23
2a7d27c1,211,Davide Frattesi,ITA,MF,Sassuolo,22,1999,31.9,7,64,24,37.5,2.0,0.75,0.11,0.29,13.9,0,0,0,7.8,7.8,0.12,-0.8,-0.8,Matches,ITA-SERIA_A,22-23
c235e803,212,Matteo Gabbia,ITA,DF,Milan,22,1999,6.8,0,1,0,0.0,0.15,0.0,0.0,,19.8,0,0,0,0.0,0.0,0.04,0.0,0.0,Matches,ITA-SERIA_A,22-23
8f866fe8,213,Manolo Gabbiadini,ITA,"FW,MF",Sampdoria,30,1991,26.2,7,72,28,38.9,2.75,1.07,0.1,0.25,19.3,6,0,0,7.4,7.4,0.1,-0.4,-0.4,Matches,ITA-SERIA_A,22-23
3b387cc7,214,Gianluca Gaetano,ITA,MF,Napoli,22,2000,0.8,1,7,5,71.4,8.29,5.92,0.14,0.2,18.3,0,0,0,1.1,1.1,0.15,-0.1,-0.1,Matches,ITA-SERIA_A,22-23
ce30bfc8,215,Roberto Gagliardini,ITA,MF,Inter,28,1994,8.7,0,16,2,12.5,1.84,0.23,0.0,0.0,16.1,0,0,0,0.9,0.9,0.05,-0.9,-0.9,Matches,ITA-SERIA_A,22-23
8dfed6e9,216,Adolfo Gaich,ARG,FW,Hellas Verona,23,1999,8.1,2,24,8,33.3,2.98,0.99,0.08,0.25,16.8,0,0,0,2.5,2.5,0.1,-0.5,-0.5,Matches,ITA-SERIA_A,22-23
dd403465,217,Pablo Galdames Millán,CHI,MF,Cremonese,25,1996,8.2,1,7,4,57.1,0.86,0.49,0.14,0.25,23.3,1,0,0,0.3,0.3,0.05,0.7,0.7,Matches,ITA-SERIA_A,22-23
c74d63ac,218,Antonino Gallo,ITA,DF,Lecce,22,2000,27.6,0,10,2,20.0,0.36,0.07,0.0,0.0,25.8,0,0,0,0.6,0.6,0.06,-0.6,-0.6,Matches,ITA-SERIA_A,22-23
18dd3219,219,Federico Gatti,ITA,DF,Juventus,24,1998,16.1,0,13,4,30.8,0.81,0.25,0.0,0.0,15.5,0,0,0,0.6,0.6,0.04,-0.6,-0.6,Matches,ITA-SERIA_A,22-23
822ed0ec,220,Valentin Gendrey,FRA,DF,Lecce,22,2000,34.5,0,10,0,0.0,0.29,0.0,0.0,,22.0,0,0,0,0.6,0.6,0.06,-0.6,-0.6,Matches,ITA-SERIA_A,22-23
71dc23da,221,Paolo Ghiglione,ITA,DF,Cremonese,25,1997,7.9,1,7,2,28.6,0.89,0.25,0.14,0.5,17.0,0,0,0,0.8,0.8,0.12,0.2,0.2,Matches,ITA-SERIA_A,22-23
9c435456,222,Mario Gila,ESP,DF,Lazio,21,2000,1.0,0,0,0,,0.0,0.0,,,,0,0,0,0.0,0.0,,0.0,0.0,Matches,ITA-SERIA_A,22-23
548bd0de,223,Gvidas Gineitis,LTU,MF,Torino,18,2004,1.5,0,1,0,0.0,0.66,0.0,0.0,,27.7,0,0,0,0.0,0.0,0.02,0.0,0.0,Matches,ITA-SERIA_A,22-23
16ceb862,224,Olivier Giroud,FRA,FW,Milan,35,1986,23.8,13,77,29,37.7,3.24,1.22,0.13,0.34,12.7,6,3,3,12.7,10.4,0.14,0.3,-0.4,Matches,ITA-SERIA_A,22-23
f0f7f62f,225,Pierluigi Gollini,ITA,GK,Fiorentina,27,1995,3.0,0,0,0,,0.0,0.0,,,,0,0,0,0.0,0.0,,0.0,0.0,Matches,ITA-SERIA_A,22-23
f0f7f62f,226,Pierluigi Gollini,ITA,GK,Napoli,27,1995,4.0,0,0,0,,0.0,0.0,,,,0,0,0,0.0,0.0,,0.0,0.0,Matches,ITA-SERIA_A,22-23
f025eade,227,Joan Gonzàlez,ESP,MF,Lecce,20,2002,24.4,1,17,4,23.5,0.7,0.16,0.06,0.25,16.4,0,0,0,1.5,1.5,0.09,-0.5,-0.5,Matches,ITA-SERIA_A,22-23
2374aaca,228,Nicolás González,ARG,"FW,MF",Fiorentina,24,1998,15.0,6,58,17,29.3,3.86,1.13,0.07,0.24,17.4,1,2,2,6.7,5.4,0.09,-0.7,-1.4,Matches,ITA-SERIA_A,22-23
2d970560,229,Robin Gosens,GER,DF,Inter,28,1994,13.2,3,26,5,19.2,1.98,0.38,0.12,0.6,12.7,0,0,0,3.0,3.0,0.11,0.0,0.0,Matches,ITA-SERIA_A,22-23
6cc97b6a,230,Alberto Grassi,ITA,MF,Empoli,27,1995,13.3,0,10,3,30.0,0.75,0.23,0.0,0.0,15.7,0,0,0,0.6,0.6,0.06,-0.6,-0.6,Matches,ITA-SERIA_A,22-23
49136c42,231,Andrew Gravillon,GLP,DF,Torino,24,1998,3.5,0,1,0,0.0,0.29,0.0,0.0,,26.5,0,0,0,0.0,0.0,0.01,0.0,0.0,Matches,ITA-SERIA_A,22-23
e04dca4a,232,Axel Guessand,FRA,DF,Udinese,17,2004,0.9,0,0,0,,0.0,0.0,,,,0,0,0,0.0,0.0,,0.0,0.0,Matches,ITA-SERIA_A,22-23
f1f1f238,233,Koray Günter,GER,DF,Hellas Verona,27,1994,11.1,1,9,1,11.1,0.81,0.09,0.11,1.0,14.2,0,0,0,0.9,0.9,0.1,0.1,0.1,Matches,ITA-SERIA_A,22-23
f1f1f238,234,Koray Günter,GER,DF,Sampdoria,27,1994,8.6,0,1,0,0.0,0.12,0.0,0.0,,9.6,0,0,0,0.1,0.1,0.07,-0.1,-0.1,Matches,ITA-SERIA_A,22-23
f9758dae,235,Emmanuel Gyasi,GHA,"FW,DF",Spezia,28,1994,31.2,2,34,13,38.2,1.09,0.42,0.06,0.15,13.7,0,0,0,4.0,4.0,0.12,-2.0,-2.0,Matches,ITA-SERIA_A,22-23
0be276c6,236,Norbert Gyömbér,SVK,DF,Salernitana,30,1992,19.3,0,8,0,0.0,0.41,0.0,0.0,,12.9,0,0,0,0.7,0.7,0.09,-0.7,-0.7,Matches,ITA-SERIA_A,22-23
9250bcff,237,Christian Gytkjær,DEN,"FW,MF",Monza,32,1990,6.2,1,12,5,41.7,1.93,0.81,0.08,0.2,12.8,1,0,1,3.9,3.1,0.26,-2.9,-2.1,Matches,ITA-SERIA_A,22-23
fa449bba,238,Nicolas Haas,SUI,MF,Empoli,26,1996,12.8,1,8,3,37.5,0.62,0.23,0.13,0.33,16.5,0,0,0,1.2,1.2,0.15,-0.2,-0.2,Matches,ITA-SERIA_A,22-23
74419746,239,Samir Handanović,SVN,GK,Inter,38,1984,13.7,0,0,0,,0.0,0.0,,,,0,0,0,0.0,0.0,,0.0,0.0,Matches,ITA-SERIA_A,22-23
65fd099c,240,Abdou Harroui,NED,MF,Sassuolo,24,1998,7.2,2,14,4,28.6,1.95,0.56,0.14,0.5,23.4,0,0,0,1.5,1.5,0.1,0.5,0.5,Matches,ITA-SERIA_A,22-23
3b333ac3,241,Hans Hateboer,NED,DF,Atalanta,28,1994,15.5,1,12,4,33.3,0.77,0.26,0.08,0.25,10.5,0,0,0,1.3,1.3,0.11,-0.3,-0.3,Matches,ITA-SERIA_A,22-23
d7918b13,242,Liam Henderson,SCO,MF,Empoli,26,1996,11.2,0,12,5,41.7,1.07,0.45,0.0,0.0,23.5,1,0,0,0.5,0.5,0.04,-0.5,-0.5,Matches,ITA-SERIA_A,22-23
ffed43e3,243,Jack Hendry,SCO,DF,Cremonese,27,1995,2.4,0,0,0,,0.0,0.0,,,,0,0,0,0.0,0.0,,0.0,0.0,Matches,ITA-SERIA_A,22-23
a2d9f138,244,Matheus Henrique,BRA,MF,Sassuolo,24,1997,21.6,4,25,12,48.0,1.16,0.55,0.16,0.33,16.9,0,0,0,2.9,2.9,0.11,1.1,1.1,Matches,ITA-SERIA_A,22-23
9ef42479,245,Thomas Henry,FRA,FW,Hellas Verona,27,1994,11.4,2,18,5,27.8,1.57,0.44,0.11,0.4,17.4,0,0,0,1.7,1.7,0.1,0.3,0.3,Matches,ITA-SERIA_A,22-23
d4c9725f,246,Theo Hernández,FRA,DF,Milan,24,1997,30.8,4,51,11,21.6,1.66,0.36,0.06,0.27,23.1,5,1,1,4.1,3.3,0.06,-0.1,-0.3,Matches,ITA-SERIA_A,22-23
12806697,247,Isak Hien,SWE,DF,Hellas Verona,23,1999,29.0,0,3,0,0.0,0.1,0.0,0.0,,8.6,0,0,0,0.3,0.3,0.09,-0.3,-0.3,Matches,ITA-SERIA_A,22-23
d4456fb3,248,Morten Hjulmand,DEN,MF,Lecce,23,1999,32.9,0,17,4,23.5,0.52,0.12,0.0,0.0,26.2,0,0,0,0.6,0.6,0.03,-0.6,-0.6,Matches,ITA-SERIA_A,22-23
c2357b65,249,Emil Holm,SWE,DF,Spezia,22,2000,15.5,1,15,5,33.3,0.97,0.32,0.07,0.2,14.9,0,0,0,1.2,1.2,0.08,-0.2,-0.2,Matches,ITA-SERIA_A,22-23
b85bf253,250,Martin Hongla,CMR,MF,Hellas Verona,24,1998,5.8,0,5,2,40.0,0.86,0.34,0.0,0.0,28.1,0,0,0,0.2,0.2,0.03,-0.2,-0.2,Matches,ITA-SERIA_A,22-23
d8800a46,251,Petko Hristov,BUL,DF,Spezia,23,1999,4.1,0,1,0,0.0,0.25,0.0,0.0,,10.0,0,0,0,0.1,0.1,0.08,-0.1,-0.1,Matches,ITA-SERIA_A,22-23
1f2d714c,252,Ajdin Hrustic,AUS,MF,Hellas Verona,26,1996,2.5,0,3,0,0.0,1.19,0.0,0.0,,19.4,0,0,0,0.3,0.3,0.11,-0.3,-0.3,Matches,ITA-SERIA_A,22-23
2f3452eb,253,Elseid Hysaj,ALB,DF,Lazio,28,1994,22.2,1,4,2,50.0,0.18,0.09,0.25,0.5,20.8,0,0,0,0.2,0.2,0.04,0.8,0.8,Matches,ITA-SERIA_A,22-23
491a433d,254,Rasmus Højlund,DEN,FW,Atalanta,19,2003,20.4,9,54,28,51.9,2.65,1.37,0.17,0.32,12.9,0,0,0,9.5,9.5,0.18,-0.5,-0.5,Matches,ITA-SERIA_A,22-23
82efe6fa,255,Roger Ibanez,BRA,DF,Roma,23,1998,31.1,3,29,10,34.5,0.93,0.32,0.1,0.3,12.3,0,0,0,3.0,3.0,0.1,0.0,0.0,Matches,ITA-SERIA_A,22-23
4cde5509,256,Zlatan Ibrahimović,SWE,FW,Milan,40,1981,1.6,1,5,2,40.0,3.08,1.23,0.0,0.0,24.8,1,1,1,1.2,0.4,0.08,-0.2,-0.4,Matches,ITA-SERIA_A,22-23
daa4c94c,257,Antonio Iervolino,ITA,MF,Salernitana,19,2003,0.1,0,0,0,,0.0,0.0,,,,0,0,0,0.0,0.0,,0.0,0.0,Matches,ITA-SERIA_A,22-23
a4e85758,258,Igor,BRA,DF,Fiorentina,24,1998,22.9,0,7,0,0.0,0.31,0.0,0.0,,12.4,0,0,0,0.5,0.5,0.08,-0.5,-0.5,Matches,ITA-SERIA_A,22-23
42eaa028,259,Jonathan Ikone,FRA,FW,Fiorentina,24,1998,22.3,4,51,9,17.6,2.29,0.4,0.08,0.44,16.6,0,0,0,4.1,4.1,0.08,-0.1,-0.1,Matches,ITA-SERIA_A,22-23
bb376bed,260,Ivan Ilić,SRB,MF,Hellas Verona,21,2001,9.5,0,9,2,22.2,0.95,0.21,0.0,0.0,21.6,0,0,0,0.4,0.4,0.04,-0.4,-0.4,Matches,ITA-SERIA_A,22-23
bb376bed,261,Ivan Ilić,SRB,MF,Torino,21,2001,13.1,2,5,2,40.0,0.38,0.15,0.4,1.0,27.2,0,0,0,0.2,0.2,0.04,1.8,1.8,Matches,ITA-SERIA_A,22-23
ba492306,262,Samuel Iling-Junior,ENG,"DF,FW",Juventus,18,2003,3.5,1,4,1,25.0,1.13,0.28,0.25,1.0,22.4,0,0,0,0.7,0.7,0.19,0.3,0.3,Matches,ITA-SERIA_A,22-23
a47c6309,263,Emirhan İlkhan,TUR,MF,Torino,18,2004,1.0,0,2,0,0.0,2.07,0.0,0.0,,31.8,0,0,0,0.0,0.0,0.02,0.0,0.0,Matches,ITA-SERIA_A,22-23
a47c6309,264,Emirhan İlkhan,TUR,MF,Sampdoria,18,2004,1.3,0,1,0,0.0,0.8,0.0,0.0,,27.3,0,0,0,0.0,0.0,0.03,0.0,0.0,Matches,ITA-SERIA_A,22-23
4431aed2,265,Ciro Immobile,ITA,FW,Lazio,32,1990,24.7,12,72,30,41.7,2.92,1.22,0.11,0.27,15.0,0,4,5,14.2,10.3,0.14,-2.2,-2.3,Matches,ITA-SERIA_A,22-23
6b635f5c,266,Ardian Ismajli,ALB,DF,Empoli,25,1996,23.3,0,9,2,22.2,0.39,0.09,0.0,0.0,12.0,0,0,0,0.7,0.7,0.08,-0.7,-0.7,Matches,ITA-SERIA_A,22-23
71c620d7,267,Mihailo Ivanović,SRB,FW,Sampdoria,17,2004,0.0,0,0,0,,0.0,0.0,,,,0,0,0,0.0,0.0,,0.0,0.0,Matches,ITA-SERIA_A,22-23
89976232,268,Armando Izzo,ITA,DF,Monza,30,1992,27.4,1,16,4,25.0,0.58,0.15,0.06,0.25,10.4,0,0,0,2.1,2.1,0.13,-1.1,-1.1,Matches,ITA-SERIA_A,22-23
8c65eb5f,269,Mato Jajalo,BIH,MF,Udinese,34,1988,0.7,0,2,0,0.0,2.86,0.0,0.0,,26.3,0,0,0,0.0,0.0,0.02,0.0,0.0,Matches,ITA-SERIA_A,22-23
4a537185,270,Jesé,ESP,FW,Sampdoria,29,1993,2.3,1,3,2,66.7,1.29,0.86,0.33,0.5,20.4,0,0,0,0.3,0.3,0.1,0.7,0.7,Matches,ITA-SERIA_A,22-23
79083382,271,Juan Jesus,BRA,DF,Napoli,31,1991,10.4,1,5,1,20.0,0.48,0.1,0.2,1.0,17.3,0,0,0,0.2,0.2,0.04,0.8,0.8,Matches,ITA-SERIA_A,22-23
dc765618,272,Þórir Jóhann Helgason,ISL,MF,Lecce,21,2000,2.5,0,2,0,0.0,0.81,0.0,0.0,,32.6,1,0,0,0.1,0.1,0.03,-0.1,-0.1,Matches,ITA-SERIA_A,22-23
4d8cd038,273,Luka Jović,SRB,"FW,MF",Fiorentina,24,1997,17.0,6,56,19,33.9,3.29,1.11,0.11,0.32,13.3,0,0,1,7.9,7.1,0.13,-1.9,-1.1,Matches,ITA-SERIA_A,22-23
570bb4b9,274,Hamed Junior Traorè,CIV,"MF,FW",Sassuolo,22,2000,6.6,0,8,4,50.0,1.22,0.61,0.0,0.0,20.1,2,0,0,1.0,1.0,0.12,-1.0,-1.0,Matches,ITA-SERIA_A,22-23
f95f49d2,275,Yayah Kallon,SLE,"MF,FW",Hellas Verona,21,2001,9.6,1,20,6,30.0,2.09,0.63,0.05,0.17,19.4,0,0,0,1.7,1.7,0.08,-0.7,-0.7,Matches,ITA-SERIA_A,22-23
85f7d1be,276,Pierre Kalulu,FRA,DF,Milan,22,2000,28.3,1,11,2,18.2,0.39,0.07,0.09,0.5,10.0,0,0,0,1.5,1.5,0.14,-0.5,-0.5,Matches,ITA-SERIA_A,22-23
8b66d9cc,277,Yann Karamoh,FRA,"MF,FW",Torino,24,1998,8.0,4,20,12,60.0,2.51,1.51,0.2,0.33,15.5,0,0,0,3.3,3.3,0.16,0.7,0.7,Matches,ITA-SERIA_A,22-23
9f84febe,278,Rick Karsdorp,NED,DF,Roma,27,1995,7.9,0,2,0,0.0,0.25,0.0,0.0,,19.4,0,0,0,0.3,0.3,0.14,-0.3,-0.3,Matches,ITA-SERIA_A,22-23
7ae36711,279,Denso Kasius,NED,DF,Bologna,19,2002,3.8,0,4,0,0.0,1.05,0.0,0.0,,23.9,0,0,0,0.1,0.1,0.03,-0.1,-0.1,Matches,ITA-SERIA_A,22-23
2a82aa85,280,Grigoris Kastanos,CYP,"MF,DF",Salernitana,24,1998,14.3,2,30,9,30.0,2.1,0.63,0.07,0.22,22.2,0,0,0,1.9,1.9,0.06,0.1,0.1,Matches,ITA-SERIA_A,22-23
3d50bcdb,281,Moise Kean,ITA,FW,Juventus,22,2000,11.1,6,38,14,36.8,3.44,1.27,0.16,0.43,14.4,0,0,0,6.3,6.3,0.16,-0.3,-0.3,Matches,ITA-SERIA_A,22-23
dc3e663e,282,Jakub Kiwior,POL,DF,Spezia,22,2000,16.0,0,10,2,20.0,0.62,0.12,0.0,0.0,16.6,1,0,0,0.6,0.6,0.06,-0.6,-0.6,Matches,ITA-SERIA_A,22-23
8b8a56ce,283,Simon Kjær,DEN,DF,Milan,33,1989,11.2,0,0,0,,0.0,0.0,,,,0,0,0,0.0,0.0,,0.0,0.0,Matches,ITA-SERIA_A,22-23
a26fb8aa,284,Teun Koopmeiners,NED,MF,Atalanta,24,1998,31.8,10,55,23,41.8,1.73,0.72,0.15,0.35,21.9,6,2,4,7.6,4.3,0.08,2.4,3.7,Matches,ITA-SERIA_A,22-23
b1cd37e6,285,Filip Kostić,SRB,"DF,FW",Juventus,29,1992,28.5,3,37,11,29.7,1.3,0.39,0.08,0.27,19.6,0,0,0,2.4,2.4,0.06,0.6,0.6,Matches,ITA-SERIA_A,22-23
58e933d2,286,Christian Kouamé,CIV,FW,Fiorentina,24,1997,20.7,4,42,13,31.0,2.03,0.63,0.1,0.31,13.8,1,0,0,5.3,5.3,0.13,-1.3,-1.3,Matches,ITA-SERIA_A,22-23
9d60028d,287,Viktor Kovalenko,UKR,MF,Spezia,26,1996,6.1,0,11,1,9.1,1.81,0.16,0.0,0.0,15.4,1,0,0,1.6,1.6,0.15,-1.6,-1.6,Matches,ITA-SERIA_A,22-23
b804c280,288,Julian Kristoffersen,NOR,FW,Salernitana,25,1997,0.2,0,0,0,,0.0,0.0,,,,0,0,0,0.0,0.0,,0.0,0.0,Matches,ITA-SERIA_A,22-23
b4101c2e,289,Raimonds Krollis,LVA,"FW,DF",Spezia,20,2001,0.4,0,2,1,50.0,5.0,2.5,0.0,0.0,18.3,0,0,0,0.1,0.1,0.05,-0.1,-0.1,Matches,ITA-SERIA_A,22-23
817c6964,290,Rade Krunić,BIH,MF,Milan,28,1993,18.4,0,14,2,14.3,0.76,0.11,0.0,0.0,14.9,0,0,0,1.1,1.1,0.08,-1.1,-1.1,Matches,ITA-SERIA_A,22-23
a40819d9,291,Marash Kumbulla,ALB,DF,Roma,22,2000,2.9,0,1,0,0.0,0.35,0.0,0.0,,13.8,0,0,0,0.0,0.0,0.02,0.0,0.0,Matches,ITA-SERIA_A,22-23
dea88efd,292,Khvicha Kvaratskhelia,GEO,FW,Napoli,21,2001,28.0,12,83,30,36.1,2.97,1.07,0.12,0.33,19.1,3,2,2,8.2,6.6,0.08,3.8,3.4,Matches,ITA-SERIA_A,22-23
0a483542,293,Giorgos Kyriakopoulos,GRE,"DF,FW",Bologna,26,1996,7.8,0,7,3,42.9,0.89,0.38,0.0,0.0,19.5,0,0,0,0.2,0.2,0.03,-0.2,-0.2,Matches,ITA-SERIA_A,22-23
0a483542,294,Giorgos Kyriakopoulos,GRE,"FW,DF",Sassuolo,26,1996,8.5,1,13,4,30.8,1.53,0.47,0.08,0.25,15.4,0,0,0,1.1,1.1,0.08,-0.1,-0.1,Matches,ITA-SERIA_A,22-23
c283ddef,295,Sam Lammers,NED,FW,Sampdoria,25,1997,12.2,1,23,8,34.8,1.88,0.65,0.04,0.13,11.6,0,0,0,2.5,2.5,0.11,-1.5,-1.5,Matches,ITA-SERIA_A,22-23
c283ddef,296,Sam Lammers,NED,FW,Empoli,25,1997,9.8,1,28,7,25.0,2.85,0.71,0.04,0.14,15.5,0,0,0,2.3,2.3,0.08,-1.3,-1.3,Matches,ITA-SERIA_A,22-23
09538fdb,297,Kevin Lasagna,ITA,"FW,MF",Hellas Verona,29,1992,17.5,1,52,11,21.2,2.98,0.63,0.02,0.09,18.2,0,0,0,6.0,6.0,0.12,-5.0,-5.0,Matches,ITA-SERIA_A,22-23
2d22cea7,298,Armand Lauriente,FRA,FW,Sassuolo,23,1998,24.2,7,55,21,38.2,2.28,0.87,0.11,0.29,20.4,10,1,1,4.7,3.9,0.07,2.3,2.1,Matches,ITA-SERIA_A,22-23
016ff750,299,Valentino Lazaro,AUT,DF,Torino,26,1996,15.3,0,7,2,28.6,0.46,0.13,0.0,0.0,14.0,0,0,0,0.4,0.4,0.06,-0.4,-0.4,Matches,ITA-SERIA_A,22-23
93088fbb,300,Marko Lazetić,SRB,FW,Milan,18,2004,0.1,0,1,0,0.0,10.0,0.0,0.0,,13.2,0,0,0,0.1,0.1,0.06,-0.1,-0.1,Matches,ITA-SERIA_A,22-23
5128bde4,301,Darko Lazović,SRB,"MF,DF",Hellas Verona,31,1990,24.9,4,43,14,32.6,1.73,0.56,0.09,0.29,18.8,4,0,0,3.6,3.6,0.08,0.4,0.4,Matches,ITA-SERIA_A,22-23
02caf6e0,302,Manuel Lazzari,ITA,DF,Lazio,28,1993,20.9,0,6,2,33.3,0.29,0.1,0.0,0.0,17.7,0,0,0,0.3,0.3,0.05,-0.3,-0.3,Matches,ITA-SERIA_A,22-23
20730eae,303,Rafael Leão,POR,"FW,MF",Milan,23,1999,26.9,15,92,29,31.5,3.42,1.08,0.16,0.52,17.9,0,0,0,10.8,10.8,0.12,4.2,4.2,Matches,ITA-SERIA_A,22-23
7d3cbc67,304,Mehdi Léris,ALG,"MF,DF",Sampdoria,24,1998,27.3,1,30,12,40.0,1.1,0.44,0.03,0.08,12.8,0,0,0,3.4,3.4,0.11,-2.4,-2.4,Matches,ITA-SERIA_A,22-23
d023d70f,305,Karol Linetty,POL,MF,Torino,27,1995,21.0,1,16,4,25.0,0.76,0.19,0.06,0.25,20.9,0,0,0,1.0,1.0,0.06,0.0,0.0,Matches,ITA-SERIA_A,22-23
a3695ac2,306,Marcin Listkowski,POL,"MF,FW",Lecce,24,1998,0.9,0,1,0,0.0,1.17,0.0,0.0,,13.9,0,0,0,0.1,0.1,0.05,-0.1,-0.1,Matches,ITA-SERIA_A,22-23
bba30585,307,Diego Llorente,ESP,DF,Roma,28,1993,6.4,0,4,1,25.0,0.63,0.16,0.0,0.0,11.4,0,0,0,0.4,0.4,0.1,-0.4,-0.4,Matches,ITA-SERIA_A,22-23
e1cbb531,308,Stanislav Lobotka,SVK,MF,Napoli,27,1994,34.5,1,11,4,36.4,0.32,0.12,0.09,0.25,22.3,0,0,0,0.6,0.6,0.06,0.4,0.4,Matches,ITA-SERIA_A,22-23
a8a874f1,309,Manuel Locatelli,ITA,MF,Juventus,24,1998,27.2,0,29,12,41.4,1.07,0.44,0.0,0.0,23.9,0,0,0,1.5,1.5,0.05,-1.5,-1.5,Matches,ITA-SERIA_A,22-23
c8ad0857,310,Luka Lochoshvili,GEO,DF,Cremonese,24,1998,20.4,1,8,2,25.0,0.39,0.1,0.13,0.5,16.3,0,0,0,0.6,0.6,0.08,0.4,0.4,Matches,ITA-SERIA_A,22-23
7c104bb7,311,Ademola Lookman,NGA,"FW,MF",Atalanta,24,1997,19.2,13,49,23,46.9,2.55,1.2,0.2,0.43,15.8,1,3,3,9.1,6.7,0.14,3.9,3.3,Matches,ITA-SERIA_A,22-23
20094685,312,Maxime Lopez,FRA,MF,Sassuolo,24,1997,25.5,0,16,5,31.3,0.63,0.2,0.0,0.0,22.7,0,0,0,1.0,1.0,0.06,-1.0,-1.0,Matches,ITA-SERIA_A,22-23
5fa57166,313,Matteo Lovato,ITA,DF,Salernitana,22,2000,9.0,0,1,0,0.0,0.11,0.0,0.0,,22.0,0,0,0,0.0,0.0,0.02,0.0,0.0,Matches,ITA-SERIA_A,22-23
966eea58,314,Sandi Lovrić,SVN,MF,Udinese,24,1998,25.9,5,71,18,25.4,2.74,0.69,0.07,0.28,22.3,4,0,0,4.8,4.8,0.07,0.2,0.2,Matches,ITA-SERIA_A,22-23
a69e4806,315,Hirving Lozano,MEX,FW,Napoli,27,1995,17.8,3,41,13,31.7,2.3,0.73,0.05,0.15,18.5,0,1,1,5.4,4.6,0.11,-2.4,-2.6,Matches,ITA-SERIA_A,22-23
80490d7f,316,Jhon Lucumí,COL,DF,Bologna,24,1998,32.2,0,11,2,18.2,0.34,0.06,0.0,0.0,14.5,0,0,0,0.7,0.7,0.06,-0.7,-0.7,Matches,ITA-SERIA_A,22-23
921f6058,317,José Luis Palomino,ARG,DF,Atalanta,32,1990,8.4,1,6,3,50.0,0.71,0.36,0.17,0.33,12.6,0,0,0,0.5,0.5,0.09,0.5,0.5,Matches,ITA-SERIA_A,22-23
5eae500a,318,Romelu Lukaku,BEL,FW,Inter,29,1993,18.4,10,49,20,40.8,2.66,1.08,0.16,0.4,15.0,0,2,2,9.0,7.4,0.15,1.0,0.6,Matches,ITA-SERIA_A,22-23
c6e8cf1f,319,Saša Lukić,SRB,MF,Torino,25,1996,13.3,2,15,3,20.0,1.13,0.23,0.07,0.33,20.2,1,1,1,1.7,0.9,0.06,0.3,0.1,Matches,ITA-SERIA_A,22-23
997fff07,320,Sebastiano Luperto,ITA,DF,Empoli,25,1996,34.8,2,18,4,22.2,0.52,0.11,0.11,0.5,12.7,0,0,0,1.2,1.2,0.07,0.8,0.8,Matches,ITA-SERIA_A,22-23
5efc5389,321,Charalambos Lykogiannis,GRE,DF,Bologna,28,1993,12.3,2,19,6,31.6,1.54,0.49,0.11,0.33,25.1,5,0,0,0.8,0.8,0.04,1.2,1.2,Matches,ITA-SERIA_A,22-23
957e4c87,322,Giulio Maggiore,ITA,MF,Salernitana,24,1998,9.9,0,6,0,0.0,0.6,0.0,0.0,,16.7,0,0,0,0.5,0.5,0.08,-0.5,-0.5,Matches,ITA-SERIA_A,22-23
cce9f582,323,Giangiacomo Magnani,ITA,DF,Hellas Verona,26,1995,17.0,0,7,1,14.3,0.41,0.06,0.0,0.0,19.1,0,0,0,0.5,0.5,0.07,-0.5,-0.5,Matches,ITA-SERIA_A,22-23
fcb38f57,324,Mike Maignan,FRA,GK,Milan,27,1995,22.0,0,0,0,,0.0,0.0,,,,0,0,0,0.0,0.0,,0.0,0.0,Matches,ITA-SERIA_A,22-23
2e7dafe5,325,Jordan Majchrzak,POL,FW,Roma,17,2004,0.2,0,0,0,,0.0,0.0,,,,0,0,0,0.0,0.0,,0.0,0.0,Matches,ITA-SERIA_A,22-23
22bfb57e,326,Jean-Victor Makengo,FRA,MF,Udinese,24,1998,8.9,0,7,0,0.0,0.78,0.0,0.0,,21.4,0,0,0,0.4,0.4,0.05,-0.4,-0.4,Matches,ITA-SERIA_A,22-23
2bffcbf2,327,Lorenzo Malagrida,ITA,"MF,DF",Sampdoria,18,2003,1.2,0,2,2,100.0,1.65,1.65,0.0,0.0,13.3,0,0,0,0.2,0.2,0.08,-0.2,-0.2,Matches,ITA-SERIA_A,22-23
801831fe,328,Daniel Maldini,ITA,"FW,MF",Spezia,20,2001,7.0,2,15,6,40.0,2.15,0.86,0.13,0.33,19.0,1,0,0,1.2,1.2,0.08,0.8,0.8,Matches,ITA-SERIA_A,22-23
4c8845f7,329,Youssef Maleh,MAR,MF,Fiorentina,23,1998,3.3,0,7,0,0.0,2.12,0.0,0.0,,15.9,0,0,0,0.6,0.6,0.08,-0.6,-0.6,Matches,ITA-SERIA_A,22-23
4c8845f7,330,Youssef Maleh,MAR,MF,Lecce,23,1998,7.5,0,6,1,16.7,0.8,0.13,0.0,0.0,21.0,0,0,0,0.3,0.3,0.05,-0.3,-0.3,Matches,ITA-SERIA_A,22-23
48d5bd33,331,Ruslan Malinovskyi,UKR,"MF,FW",Atalanta,29,1993,6.1,1,19,6,31.6,3.09,0.98,0.05,0.17,25.6,0,0,0,0.6,0.6,0.03,0.4,0.4,Matches,ITA-SERIA_A,22-23
5aa53281,332,Gianluca Mancini,ITA,DF,Roma,26,1996,31.8,1,22,5,22.7,0.69,0.16,0.05,0.2,13.1,0,0,0,2.3,2.3,0.1,-1.3,-1.3,Matches,ITA-SERIA_A,22-23
c7259b83,333,Rolando Mandragora,ITA,MF,Fiorentina,25,1997,21.7,2,37,5,13.5,1.71,0.23,0.05,0.4,22.9,2,0,0,1.5,1.5,0.04,0.5,0.5,Matches,ITA-SERIA_A,22-23
f794b426,334,Federico Marchetti,ITA,GK,Spezia,39,1983,0.7,0,0,0,,0.0,0.0,,,,0,0,0,0.0,0.0,,0.0,0.0,Matches,ITA-SERIA_A,22-23
91d0fabf,335,Riccardo Marchizza,ITA,DF,Sassuolo,24,1998,3.1,0,0,0,,0.0,0.0,,,,0,0,0,0.0,0.0,,0.0,0.0,Matches,ITA-SERIA_A,22-23
8650af85,336,Gian Marco Ferrari,ITA,DF,Sassuolo,30,1992,24.7,1,8,1,12.5,0.32,0.04,0.13,1.0,10.6,0,0,0,1.2,1.2,0.15,-0.2,-0.2,Matches,ITA-SERIA_A,22-23
aa54ec6f,337,Pablo Marí,ESP,DF,Monza,28,1993,27.6,1,10,2,20.0,0.36,0.07,0.1,0.5,15.2,0,0,0,0.6,0.6,0.06,0.4,0.4,Matches,ITA-SERIA_A,22-23
7fac99d4,338,Răzvan Marin,ROU,MF,Empoli,26,1996,28.2,2,33,8,24.2,1.17,0.28,0.06,0.25,27.6,10,0,0,1.4,1.4,0.04,0.6,0.6,Matches,ITA-SERIA_A,22-23
cdf65d12,339,Marlon,BRA,DF,Monza,26,1995,17.7,0,5,1,20.0,0.28,0.06,0.0,0.0,11.0,0,0,0,0.3,0.2,0.05,-0.3,-0.2,Matches,ITA-SERIA_A,22-23
ea468ea8,340,Luca Marrone,ITA,DF,Monza,32,1990,1.5,0,1,0,0.0,0.67,0.0,0.0,,17.6,0,0,0,0.1,0.1,0.1,-0.1,-0.1,Matches,ITA-SERIA_A,22-23
f7036e1c,341,Lautaro Martínez,ARG,FW,Inter,24,1997,28.6,21,125,51,40.8,4.37,1.78,0.16,0.39,15.1,0,1,2,18.1,16.5,0.14,2.9,3.5,Matches,ITA-SERIA_A,22-23
3ec3c1c9,342,Lucas Martínez Quarta,ARG,DF,Fiorentina,26,1996,24.1,1,27,10,37.0,1.12,0.41,0.04,0.1,13.9,0,0,0,2.5,2.5,0.09,-1.5,-1.5,Matches,ITA-SERIA_A,22-23
d4535821,343,Adam Marušić,MNE,DF,Lazio,29,1992,30.7,0,16,7,43.8,0.52,0.23,0.0,0.0,24.0,0,0,0,0.7,0.7,0.04,-0.7,-0.7,Matches,ITA-SERIA_A,22-23
de0f152c,344,Adam Masina,MAR,DF,Udinese,28,1994,8.8,2,2,2,100.0,0.23,0.23,1.0,1.0,12.3,0,0,0,0.1,0.1,0.04,1.9,1.9,Matches,ITA-SERIA_A,22-23
eb7822d7,345,Nemanja Matić,SRB,MF,Roma,33,1988,20.6,2,11,4,36.4,0.53,0.19,0.18,0.5,16.3,0,0,0,1.0,1.0,0.09,1.0,1.0,Matches,ITA-SERIA_A,22-23
3318286e,346,Luís Maximiano,POR,GK,Lazio,23,1999,0.1,0,0,0,,0.0,0.0,,,,0,0,0,0.0,0.0,,0.0,0.0,Matches,ITA-SERIA_A,22-23
eb0ec070,347,Pasquale Mazzocchi,ITA,DF,Salernitana,27,1995,21.8,2,18,6,33.3,0.83,0.28,0.11,0.33,21.0,1,0,0,1.3,1.3,0.07,0.7,0.7,Matches,ITA-SERIA_A,22-23
01c3aff5,348,Weston McKennie,USA,"MF,DF",Juventus,23,1998,11.7,1,8,4,50.0,0.68,0.34,0.13,0.25,10.1,0,0,0,0.9,0.9,0.11,0.1,0.1,Matches,ITA-SERIA_A,22-23
563a68ad,349,Gary Medel,CHI,"MF,DF",Bologna,34,1987,16.4,0,2,0,0.0,0.12,0.0,0.0,,26.5,0,0,0,0.1,0.1,0.03,-0.1,-0.1,Matches,ITA-SERIA_A,22-23
5cec2c74,350,Soualiho Meïté,FRA,MF,Cremonese,28,1994,26.3,0,17,3,17.6,0.65,0.11,0.0,0.0,24.4,0,0,0,0.5,0.5,0.03,-0.5,-0.5,Matches,ITA-SERIA_A,22-23
9413b19f,351,Alex Meret,ITA,GK,Napoli,25,1997,34.0,0,0,0,,0.0,0.0,,,,0,0,0,0.0,0.0,,0.0,0.0,Matches,ITA-SERIA_A,22-23
c730da00,352,Yıldırım Mert Çetin,TUR,DF,Lecce,25,1997,0.2,0,0,0,,0.0,0.0,,,,0,0,0,0.0,0.0,,0.0,0.0,Matches,ITA-SERIA_A,22-23
f49c4ae9,353,Junior Messias,BRA,"FW,DF",Milan,31,1991,16.6,5,32,11,34.4,1.92,0.66,0.16,0.45,18.7,1,0,0,2.3,2.3,0.07,2.7,2.7,Matches,ITA-SERIA_A,22-23
b2561711,354,Tommaso Milanese,ITA,MF,Cremonese,20,2002,0.3,0,0,0,,0.0,0.0,,,,0,0,0,0.0,0.0,,0.0,0.0,Matches,ITA-SERIA_A,22-23
bee704fc,355,Nikola Milenković,SRB,DF,Fiorentina,24,1997,23.7,2,19,5,26.3,0.8,0.21,0.11,0.4,9.4,0,0,0,1.9,1.9,0.1,0.1,0.1,Matches,ITA-SERIA_A,22-23
85613cf0,356,Arkadiusz Milik,POL,FW,Juventus,28,1994,17.6,7,43,22,51.2,2.44,1.25,0.16,0.32,14.2,2,0,1,6.5,5.7,0.13,0.5,1.3,Matches,ITA-SERIA_A,22-23
4e6dbac4,357,Sergej Milinković-Savić,SRB,MF,Lazio,27,1995,33.6,9,64,19,29.7,1.91,0.57,0.14,0.47,17.3,8,0,0,6.8,6.8,0.11,2.2,2.2,Matches,ITA-SERIA_A,22-23
9fa26bc2,358,Vanja Milinković-Savić,SRB,GK,Torino,25,1997,38.0,0,0,0,,0.0,0.0,,,,0,0,0,0.0,0.0,,0.0,0.0,Matches,ITA-SERIA_A,22-23
e0f8151c,359,Kim Min-jae,KOR,DF,Napoli,25,1996,33.9,2,8,3,37.5,0.24,0.09,0.25,0.67,6.6,0,0,0,1.0,1.0,0.13,1.0,1.0,Matches,ITA-SERIA_A,22-23
a9aa0d1d,360,Aleksei Miranchuk,RUS,MF,Torino,26,1995,23.2,4,40,15,37.5,1.72,0.65,0.1,0.27,20.2,1,0,0,2.9,2.9,0.07,1.1,1.1,Matches,ITA-SERIA_A,22-23
30223b33,361,Antonio Mirante,ITA,GK,Milan,39,1983,0.0,0,0,0,,0.0,0.0,,,,0,0,0,0.0,0.0,,0.0,0.0,Matches,ITA-SERIA_A,22-23
34693494,362,Fabio Miretti,ITA,"MF,FW",Juventus,18,2003,13.7,0,20,5,25.0,1.46,0.36,0.0,0.0,17.0,0,0,0,2.4,2.4,0.12,-2.4,-2.4,Matches,ITA-SERIA_A,22-23
2d3d7c0d,363,Filippo Missori,ITA,DF,Roma,18,2004,2.0,0,0,0,,0.0,0.0,,,,0,0,0,0.0,0.0,,0.0,0.0,Matches,ITA-SERIA_A,22-23
dd0daf32,364,Henrikh Mkhitaryan,ARM,MF,Inter,33,1989,22.1,3,35,6,17.1,1.59,0.27,0.09,0.5,19.9,0,0,0,2.8,2.8,0.08,0.2,0.2,Matches,ITA-SERIA_A,22-23
54ab971f,365,Salvatore Molina,ITA,DF,Monza,30,1992,2.5,0,1,0,0.0,0.39,0.0,0.0,,16.1,0,0,0,0.0,0.0,0.04,0.0,0.0,Matches,ITA-SERIA_A,22-23
ca73910d,366,Daniele Montevago,ITA,FW,Sampdoria,19,2003,2.6,0,7,1,14.3,2.73,0.39,0.0,0.0,13.1,0,0,0,0.5,0.5,0.07,-0.5,-0.5,Matches,ITA-SERIA_A,22-23
c1d95617,367,Lorenzo Montipò,ITA,GK,Hellas Verona,26,1996,37.0,0,0,0,,0.0,0.0,,,,0,0,0,0.0,0.0,,0.0,0.0,Matches,ITA-SERIA_A,22-23
ff579c7e,368,Nikola Moro,CRO,MF,Bologna,24,1998,13.6,1,21,3,14.3,1.54,0.22,0.05,0.33,23.9,0,0,0,0.8,0.8,0.04,0.2,0.2,Matches,ITA-SERIA_A,22-23
efc9e31f,369,Dany Mota,POR,"FW,MF",Monza,24,1998,21.2,5,28,11,39.3,1.32,0.52,0.18,0.45,12.1,0,0,0,5.1,5.1,0.18,-0.1,-0.1,Matches,ITA-SERIA_A,22-23
a0aee24e,370,João Moutinho,POR,"DF,FW",Spezia,24,1998,0.6,0,0,0,,0.0,0.0,,,,0,0,0,0.0,0.0,,0.0,0.0,Matches,ITA-SERIA_A,22-23
1295552e,371,Mert Müldür,TUR,"FW,DF",Sassuolo,23,1999,0.1,0,0,0,,0.0,0.0,,,,0,0,0,0.0,0.0,,0.0,0.0,Matches,ITA-SERIA_A,22-23
eb2fe5b6,372,Luis Muriel,COL,"FW,MF",Atalanta,31,1991,11.9,3,33,8,24.2,2.77,0.67,0.06,0.25,20.6,4,1,1,2.8,2.0,0.06,0.2,0.0,Matches,ITA-SERIA_A,22-23
b233e8e4,373,Jeison Murillo,COL,DF,Sampdoria,30,1992,11.7,0,3,0,0.0,0.26,0.0,0.0,,14.8,0,0,0,0.2,0.2,0.06,-0.2,-0.2,Matches,ITA-SERIA_A,22-23
d183e9d6,374,Nicola Murru,ITA,DF,Sampdoria,27,1994,8.7,0,2,0,0.0,0.23,0.0,0.0,,26.0,0,0,0,0.0,0.0,0.02,0.0,0.0,Matches,ITA-SERIA_A,22-23
a111cf41,375,Juan Musso,ARG,GK,Atalanta,28,1994,23.1,0,0,0,,0.0,0.0,,,,0,0,0,0.0,0.0,,0.0,0.0,Matches,ITA-SERIA_A,22-23
c459a650,376,Joakim Mæhle,DEN,"DF,MF",Atalanta,25,1997,24.5,3,26,6,23.1,1.06,0.24,0.12,0.5,18.5,0,0,0,3.0,3.0,0.12,0.0,0.0,Matches,ITA-SERIA_A,22-23
c39babc1,377,Herculano Nabian,POR,MF,Empoli,18,2004,0.0,0,0,0,,0.0,0.0,,,,0,0,0,0.0,0.0,,0.0,0.0,Matches,ITA-SERIA_A,22-23
599d91d0,378,Michel Ndary Adopo,FRA,"MF,DF",Torino,22,2000,2.9,0,2,0,0.0,0.68,0.0,0.0,,14.1,0,0,0,0.1,0.1,0.04,-0.1,-0.1,Matches,ITA-SERIA_A,22-23
5cdddffa,379,Tanguy Ndombele,FRA,MF,Napoli,25,1996,9.0,1,16,2,12.5,1.78,0.22,0.06,0.5,22.4,0,0,0,1.0,1.0,0.06,0.0,0.0,Matches,ITA-SERIA_A,22-23
b1236c63,380,Ilija Nestorovski,MKD,"FW,MF",Udinese,32,1990,7.1,2,14,4,28.6,1.97,0.56,0.14,0.5,15.2,0,0,0,1.6,1.6,0.11,0.4,0.4,Matches,ITA-SERIA_A,22-23
2b8360f1,381,Cyril Ngonge,BEL,"MF,FW",Hellas Verona,22,2000,8.3,3,26,10,38.5,3.14,1.21,0.12,0.3,23.5,0,0,0,2.0,2.0,0.08,1.0,1.0,Matches,ITA-SERIA_A,22-23
b136c945,382,Hans Nicolussi Caviglia,ITA,MF,Salernitana,22,2000,6.5,1,5,1,20.0,0.77,0.15,0.2,1.0,23.4,0,0,0,0.4,0.4,0.09,0.6,0.6,Matches,ITA-SERIA_A,22-23
cf961d8d,383,Dimitris Nikolaou,GRE,DF,Spezia,23,1998,32.9,1,10,3,30.0,0.3,0.09,0.1,0.33,20.3,0,0,0,0.8,0.8,0.08,0.2,0.2,Matches,ITA-SERIA_A,22-23
48329ff8,384,Samuel Ntanda,BEL,MF,Sampdoria,17,2005,0.0,0,1,1,100.0,22.5,22.5,0.0,0.0,15.4,0,0,0,0.1,0.1,0.08,-0.1,-0.1,Matches,ITA-SERIA_A,22-23
e33f36d5,385,Bram Nuytinck,NED,DF,Udinese,32,1990,4.3,0,1,0,0.0,0.23,0.0,0.0,,8.4,0,0,0,0.0,0.0,0.03,0.0,0.0,Matches,ITA-SERIA_A,22-23
e33f36d5,386,Bram Nuytinck,NED,DF,Sampdoria,32,1990,16.6,0,4,0,0.0,0.24,0.0,0.0,,10.7,0,0,0,0.3,0.3,0.06,-0.3,-0.3,Matches,ITA-SERIA_A,22-23
a4948e67,387,M'Bala Nzola,ANG,FW,Spezia,25,1996,29.5,13,60,20,33.3,2.04,0.68,0.17,0.5,14.9,0,3,3,11.0,8.6,0.14,2.0,1.4,Matches,ITA-SERIA_A,22-23
ba1e04b3,388,Pedro Obiang,EQG,MF,Sassuolo,30,1992,9.7,0,7,0,0.0,0.72,0.0,0.0,,19.9,0,0,0,0.4,0.4,0.06,-0.4,-0.4,Matches,ITA-SERIA_A,22-23
1e9bde92,389,Guillermo Ochoa,MEX,GK,Salernitana,37,1985,20.0,0,0,0,,0.0,0.0,,,,0,0,0,0.0,0.0,,0.0,0.0,Matches,ITA-SERIA_A,22-23
3b9858f5,390,Marios Oikonomou,GRE,DF,Sampdoria,29,1992,2.4,0,3,0,0.0,1.23,0.0,0.0,,13.9,0,0,0,0.3,0.3,0.11,-0.3,-0.3,Matches,ITA-SERIA_A,22-23
d125f22f,391,David Okereke,NGA,"FW,MF",Cremonese,24,1997,25.2,7,60,20,33.3,2.38,0.79,0.1,0.3,17.2,0,1,1,5.9,5.2,0.09,1.1,0.8,Matches,ITA-SERIA_A,22-23
8ec109e6,392,Caleb Okoli,ITA,DF,Atalanta,21,2001,10.7,0,7,2,28.6,0.66,0.19,0.0,0.0,12.2,0,0,0,0.5,0.5,0.06,-0.5,-0.5,Matches,ITA-SERIA_A,22-23
41c12f75,393,Mathías Olivera,URU,DF,Napoli,24,1997,18.3,2,9,4,44.4,0.49,0.22,0.22,0.5,12.8,0,0,0,0.7,0.7,0.08,1.3,1.3,Matches,ITA-SERIA_A,22-23
e9c0c1b2,394,André Onana,CMR,GK,Inter,26,1996,24.0,0,0,0,,0.0,0.0,,,,0,0,0,0.0,0.0,,0.0,0.0,Matches,ITA-SERIA_A,22-23
43a166b4,395,Divock Origi,BEL,FW,Milan,27,1995,11.4,2,29,12,41.4,2.54,1.05,0.07,0.17,18.2,0,0,0,2.1,2.1,0.07,-0.1,-0.1,Matches,ITA-SERIA_A,22-23
e14ec482,396,Riccardo Orsolini,ITA,FW,Bologna,25,1997,23.6,11,89,27,30.3,3.77,1.14,0.09,0.3,20.8,8,3,3,10.5,8.1,0.09,0.5,-0.1,Matches,ITA-SERIA_A,22-23
8c90fd7a,397,Victor Osimhen,NGA,FW,Napoli,23,1998,28.5,26,132,52,39.4,4.63,1.82,0.18,0.46,12.8,1,2,3,21.3,18.9,0.14,4.7,5.1,Matches,ITA-SERIA_A,22-23
ea02beaf,398,Remi Oudin,FRA,"FW,MF",Lecce,25,1996,14.7,3,38,13,34.2,2.59,0.89,0.08,0.23,22.6,3,0,0,2.0,2.0,0.05,1.0,1.0,Matches,ITA-SERIA_A,22-23
ed90babd,399,Adam Ounas,ALG,FW,Napoli,25,1996,0.2,0,1,0,0.0,6.0,0.0,0.0,,27.5,0,0,0,0.0,0.0,0.04,0.0,0.0,Matches,ITA-SERIA_A,22-23
8daee720,400,Simone Pafundi,ITA,"MF,FW",Udinese,16,2006,0.9,0,1,0,0.0,1.06,0.0,0.0,,20.5,0,0,0,0.1,0.1,0.08,-0.1,-0.1,Matches,ITA-SERIA_A,22-23
3d6cee81,401,Flavio Paoletti,ITA,MF,Sampdoria,19,2003,3.2,0,0,0,,0.0,0.0,,,,0,0,0,0.0,0.0,,0.0,0.0,Matches,ITA-SERIA_A,22-23
dff153a4,402,Leandro Paredes,ARG,MF,Juventus,28,1994,10.9,1,16,2,12.5,1.47,0.18,0.06,0.5,26.6,4,0,0,0.6,0.6,0.04,0.4,0.4,Matches,ITA-SERIA_A,22-23
0967845b,403,Fabiano Parisi,ITA,DF,Empoli,21,2000,31.4,2,21,2,9.5,0.67,0.06,0.1,1.0,21.9,0,0,0,1.8,1.8,0.09,0.2,0.2,Matches,ITA-SERIA_A,22-23
e599253a,404,Mario Pašalić,CRO,"MF,FW",Atalanta,27,1995,19.7,5,32,8,25.0,1.63,0.41,0.16,0.63,12.1,0,0,0,5.7,5.7,0.18,-0.7,-0.7,Matches,ITA-SERIA_A,22-23
f7223718,405,Patric,ESP,DF,Lazio,29,1993,15.7,0,2,1,50.0,0.13,0.06,0.0,0.0,21.9,0,0,0,0.1,0.1,0.06,-0.1,-0.1,Matches,ITA-SERIA_A,22-23
79b0d6a0,406,Rui Patrício,POR,GK,Roma,34,1988,35.0,0,0,0,,0.0,0.0,,,,0,0,0,0.0,0.0,,0.0,0.0,Matches,ITA-SERIA_A,22-23
3ca7254a,407,Pedro,ESP,FW,Lazio,35,1987,21.1,4,42,16,38.1,1.99,0.76,0.1,0.25,19.3,0,0,0,3.4,3.4,0.08,0.6,0.6,Matches,ITA-SERIA_A,22-23
f058ed1f,408,Gianluca Pegolo,ITA,GK,Sassuolo,41,1981,2.0,0,0,0,,0.0,0.0,,,,0,0,0,0.0,0.0,,0.0,0.0,Matches,ITA-SERIA_A,22-23
a44d3a3c,409,Pietro Pellegri,ITA,FW,Torino,21,2001,5.2,2,10,5,50.0,1.94,0.97,0.2,0.4,12.5,0,0,0,1.5,1.5,0.15,0.5,0.5,Matches,ITA-SERIA_A,22-23
4a5a45c7,410,Lorenzo Pellegrini,ITA,MF,Roma,26,1996,28.3,4,62,17,27.4,2.19,0.6,0.03,0.12,21.5,9,2,3,8.0,5.7,0.09,-4.0,-3.7,Matches,ITA-SERIA_A,22-23
3b61c9ec,411,Luca Pellegrini,ITA,DF,Lazio,23,1999,2.0,0,3,0,0.0,1.5,0.0,0.0,,22.4,0,0,0,0.1,0.1,0.03,-0.1,-0.1,Matches,ITA-SERIA_A,22-23
7afb1573,412,Pepín,EQG,MF,Monza,25,1996,12.5,0,10,3,30.0,0.8,0.24,0.0,0.0,23.2,1,0,0,0.5,0.5,0.05,-0.5,-0.5,Matches,ITA-SERIA_A,22-23
75f2c59f,413,Roberto Pereyra,ARG,"DF,MF",Udinese,31,1991,31.3,5,41,16,39.0,1.31,0.51,0.12,0.31,17.0,1,0,1,4.7,3.9,0.1,0.3,1.1,Matches,ITA-SERIA_A,22-23
f7c491f1,414,Nehuén Pérez,ARG,DF,Udinese,22,2000,31.3,2,16,8,50.0,0.51,0.26,0.13,0.25,18.9,0,0,0,1.0,1.0,0.06,1.0,1.0,Matches,ITA-SERIA_A,22-23
b9e11c1d,415,Simone Perilli,ITA,GK,Hellas Verona,27,1995,1.0,0,0,0,,0.0,0.0,,,,0,0,0,0.0,0.0,,0.0,0.0,Matches,ITA-SERIA_A,22-23
4c62d0c8,416,Mattia Perin,ITA,GK,Juventus,29,1992,10.5,0,0,0,,0.0,0.0,,,,0,0,0,0.0,0.0,,0.0,0.0,Matches,ITA-SERIA_A,22-23
00a17eba,417,Samuele Perisan,ITA,GK,Empoli,24,1997,7.0,0,0,0,,0.0,0.0,,,,0,0,0,0.0,0.0,,0.0,0.0,Matches,ITA-SERIA_A,22-23
780e3631,418,Matteo Pessina,ITA,MF,Monza,25,1997,32.6,5,25,6,24.0,0.77,0.18,0.08,0.33,19.2,0,3,3,5.1,2.8,0.11,-0.1,-0.8,Matches,ITA-SERIA_A,22-23
03f946ed,419,Andrea Petagna,ITA,FW,Monza,27,1995,18.5,4,35,12,34.3,1.89,0.65,0.09,0.25,13.2,0,1,1,5.7,4.9,0.14,-1.7,-1.9,Matches,ITA-SERIA_A,22-23
149c5f5d,420,Giuseppe Pezzella,ITA,DF,Lecce,24,1997,10.2,0,4,0,0.0,0.39,0.0,0.0,,20.7,0,0,0,0.1,0.1,0.04,-0.1,-0.1,Matches,ITA-SERIA_A,22-23
17f3620a,421,Krzysztof Piątek,POL,FW,Salernitana,27,1995,23.8,4,57,19,33.3,2.4,0.8,0.05,0.16,15.5,1,1,1,8.3,7.6,0.13,-4.3,-4.6,Matches,ITA-SERIA_A,22-23
1cadaf34,422,Roberto Piccoli,ITA,FW,Hellas Verona,21,2001,2.1,0,4,2,50.0,1.87,0.94,0.0,0.0,12.7,0,0,0,0.4,0.4,0.1,-0.4,-0.4,Matches,ITA-SERIA_A,22-23
1cadaf34,423,Roberto Piccoli,ITA,FW,Empoli,21,2001,5.7,2,12,6,50.0,2.09,1.05,0.17,0.33,15.5,0,0,0,1.3,1.3,0.1,0.7,0.7,Matches,ITA-SERIA_A,22-23
f71ad8cb,424,Charles Pickel,COD,MF,Cremonese,25,1997,27.6,1,23,7,30.4,0.83,0.25,0.04,0.14,15.9,0,0,0,1.6,1.6,0.07,-0.6,-0.6,Matches,ITA-SERIA_A,22-23
08aa9cd1,425,Andrea Pinamonti,ITA,FW,Sassuolo,23,1999,24.0,5,66,21,31.8,2.75,0.87,0.06,0.19,15.3,0,1,1,7.1,6.3,0.1,-2.1,-2.3,Matches,ITA-SERIA_A,22-23
caec77da,426,Lorenzo Pirola,ITA,DF,Salernitana,20,2002,21.6,2,13,2,15.4,0.6,0.09,0.15,1.0,11.5,0,0,0,1.5,1.5,0.11,0.5,0.5,Matches,ITA-SERIA_A,22-23
c84dcc88,427,Niccolò Pisilli,ITA,MF,Roma,17,2004,0.0,0,0,0,,0.0,0.0,,,,0,0,0,0.0,0.0,,0.0,0.0,Matches,ITA-SERIA_A,22-23
2c38b327,428,Marko Pjaca,CRO,"MF,FW",Empoli,27,1995,5.8,0,15,2,13.3,2.57,0.34,0.0,0.0,19.5,0,0,0,0.7,0.7,0.04,-0.7,-0.7,Matches,ITA-SERIA_A,22-23
55a1cac2,429,Tommaso Pobega,ITA,MF,Milan,23,1999,9.8,2,20,5,25.0,2.04,0.51,0.1,0.4,18.7,0,0,0,1.4,1.4,0.07,0.6,0.6,Matches,ITA-SERIA_A,22-23
867239d3,430,Paul Pogba,FRA,"MF,FW",Juventus,29,1993,1.2,0,5,2,40.0,4.05,1.62,0.0,0.0,18.5,0,0,0,0.3,0.3,0.07,-0.3,-0.3,Matches,ITA-SERIA_A,22-23
5e861944,431,Matteo Politano,ITA,FW,Napoli,28,1993,13.0,3,30,6,20.0,2.32,0.46,0.03,0.17,20.7,1,2,3,4.1,1.7,0.06,-1.1,-0.7,Matches,ITA-SERIA_A,22-23
2a6cd437,432,Marin Pongračić,CRO,DF,Lecce,24,1997,8.8,0,1,0,0.0,0.11,0.0,0.0,,16.5,0,0,0,0.0,0.0,0.02,0.0,0.0,Matches,ITA-SERIA_A,22-23
7f609bfc,433,Stefan Posch,AUT,DF,Bologna,25,1997,28.1,6,28,10,35.7,1.0,0.36,0.21,0.6,14.2,1,0,0,3.3,3.3,0.12,2.7,2.7,Matches,ITA-SERIA_A,22-23
277da414,434,Ivan Provedel,ITA,GK,Lazio,28,1994,37.9,0,0,0,,0.0,0.0,,,,0,0,0,0.0,0.0,,0.0,0.0,Matches,ITA-SERIA_A,22-23
62437b4f,435,Ignacio Pussetto,ARG,"MF,DF",Sampdoria,26,1995,1.7,0,2,2,100.0,1.18,1.18,0.0,0.0,14.2,0,0,0,0.2,0.2,0.08,-0.2,-0.2,Matches,ITA-SERIA_A,22-23
88f53b75,436,Niklas Pyyhtiä,FIN,MF,Bologna,18,2003,1.2,0,3,0,0.0,2.45,0.0,0.0,,17.7,0,0,0,0.2,0.2,0.05,-0.2,-0.2,Matches,ITA-SERIA_A,22-23
ee4f2f3b,437,Fabio Quagliarella,ITA,FW,Sampdoria,39,1983,8.9,1,36,6,16.7,4.05,0.68,0.03,0.17,16.5,0,0,0,2.8,2.8,0.08,-1.8,-1.8,Matches,ITA-SERIA_A,22-23
1b9c7401,438,Giacomo Quagliata,ITA,DF,Cremonese,22,2000,7.8,0,9,1,11.1,1.16,0.13,0.0,0.0,19.9,1,0,0,0.5,0.5,0.05,-0.5,-0.5,Matches,ITA-SERIA_A,22-23
8794e251,439,Adrien Rabiot,FRA,MF,Juventus,27,1995,30.5,8,48,22,45.8,1.57,0.72,0.17,0.36,16.4,0,0,0,6.2,5.8,0.13,1.8,2.2,Matches,ITA-SERIA_A,22-23
0630eb63,440,Nemanja Radonjić,SRB,"MF,FW",Torino,26,1996,16.2,2,52,17,32.7,3.2,1.05,0.04,0.12,17.5,0,0,0,5.0,5.0,0.1,-3.0,-3.0,Matches,ITA-SERIA_A,22-23
023937a9,441,Ivan Radovanović,SRB,"MF,DF",Salernitana,33,1988,7.5,0,7,0,0.0,0.94,0.0,0.0,,33.0,0,0,0,0.2,0.2,0.03,-0.2,-0.2,Matches,ITA-SERIA_A,22-23
67f649be,442,Ionuț Radu,ROU,GK,Cremonese,25,1997,9.0,0,0,0,,0.0,0.0,,,,0,0,0,0.0,0.0,,0.0,0.0,Matches,ITA-SERIA_A,22-23
53de807a,443,Ștefan Radu,ROU,FW,Lazio,35,1986,0.0,0,0,0,,0.0,0.0,,,,0,0,0,0.0,0.0,,0.0,0.0,Matches,ITA-SERIA_A,22-23
ce1a6c7e,444,Antonio Raimondo,ITA,FW,Bologna,18,2004,0.2,0,0,0,,0.0,0.0,,,,0,0,0,0.0,0.0,,0.0,0.0,Matches,ITA-SERIA_A,22-23
8c63fae5,445,Luca Ranieri,ITA,DF,Fiorentina,23,1999,5.6,0,1,0,0.0,0.18,0.0,0.0,,5.9,0,0,0,0.1,0.1,0.07,-0.1,-0.1,Matches,ITA-SERIA_A,22-23
539230cf,446,Andrea Ranocchia,ITA,DF,Monza,34,1988,0.5,0,0,0,,0.0,0.0,,,,0,0,0,0.0,0.0,,0.0,0.0,Matches,ITA-SERIA_A,22-23
d9ebed1c,447,Filippo Ranocchia,ITA,MF,Monza,21,2001,5.9,1,19,8,42.1,3.23,1.36,0.05,0.13,25.2,5,0,0,1.2,1.2,0.07,-0.2,-0.2,Matches,ITA-SERIA_A,22-23
6e058f06,448,Giacomo Raspadori,ITA,FW,Sassuolo,22,2000,0.5,0,0,0,,0.0,0.0,,,,0,0,0,0.0,0.0,,0.0,0.0,Matches,ITA-SERIA_A,22-23
6e058f06,449,Giacomo Raspadori,ITA,"FW,MF",Napoli,22,2000,10.1,2,41,16,39.0,4.05,1.58,0.05,0.13,17.1,3,0,0,3.5,3.5,0.09,-1.5,-1.5,Matches,ITA-SERIA_A,22-23
d7a35008,450,Nicola Ravaglia,ITA,GK,Sampdoria,33,1988,9.0,0,0,0,,0.0,0.0,,,,0,0,0,0.0,0.0,,0.0,0.0,Matches,ITA-SERIA_A,22-23
536cebe5,451,Ante Rebić,CRO,"FW,MF",Milan,28,1993,10.9,3,27,13,48.1,2.48,1.19,0.11,0.23,16.0,2,0,0,3.5,3.5,0.13,-0.5,-0.5,Matches,ITA-SERIA_A,22-23
6213fd82,452,Arkadiusz Reca,POL,DF,Spezia,27,1995,24.1,1,22,8,36.4,0.91,0.33,0.05,0.13,23.7,0,0,0,1.0,1.0,0.04,0.0,0.0,Matches,ITA-SERIA_A,22-23
4bd00a50,453,Panagiotis Retsos,GRE,DF,Hellas Verona,23,1998,1.4,0,1,0,0.0,0.74,0.0,0.0,,16.8,0,0,0,0.1,0.1,0.06,-0.1,-0.1,Matches,ITA-SERIA_A,22-23
f61c7c4e,454,Franck Ribéry,FRA,MF,Salernitana,39,1983,0.4,0,0,0,,0.0,0.0,,,,0,0,0,0.0,0.0,,0.0,0.0,Matches,ITA-SERIA_A,22-23
9823be92,455,Samuele Ricci,ITA,MF,Torino,20,2001,23.0,2,21,7,33.3,0.91,0.3,0.1,0.29,21.5,0,0,0,1.7,1.7,0.08,0.3,0.3,Matches,ITA-SERIA_A,22-23
f1cfc209,456,Tomás Rincón,VEN,MF,Sampdoria,34,1988,28.4,0,11,3,27.3,0.39,0.11,0.0,0.0,22.0,0,0,0,0.6,0.6,0.05,-0.6,-0.6,Matches,ITA-SERIA_A,22-23
1d4e63b6,457,Pablo Rodríguez,ESP,"FW,MF",Lecce,20,2001,0.6,0,0,0,,0.0,0.0,,,,0,0,0,0.0,0.0,,0.0,0.0,Matches,ITA-SERIA_A,22-23
7f78ad23,458,Ricardo Rodríguez,SUI,DF,Torino,29,1992,29.7,0,11,4,36.4,0.37,0.13,0.0,0.0,23.9,1,0,0,0.4,0.4,0.04,-0.4,-0.4,Matches,ITA-SERIA_A,22-23
10e7f486,459,Rogério,BRA,DF,Sassuolo,24,1998,33.3,0,15,5,33.3,0.45,0.15,0.0,0.0,23.4,0,0,0,0.5,0.5,0.04,-0.5,-0.5,Matches,ITA-SERIA_A,22-23
84594618,460,Filippo Romagna,ITA,DF,Sassuolo,25,1997,0.5,0,0,0,,0.0,0.0,,,,0,0,0,0.0,0.0,,0.0,0.0,Matches,ITA-SERIA_A,22-23
3ead85f9,461,Alessio Romagnoli,ITA,DF,Lazio,27,1995,32.5,2,13,5,38.5,0.4,0.15,0.15,0.4,11.9,0,0,0,1.4,1.4,0.11,0.6,0.6,Matches,ITA-SERIA_A,22-23
09899de8,462,Simone Romagnoli,ITA,DF,Lecce,32,1990,1.9,0,1,0,0.0,0.54,0.0,0.0,,11.2,0,0,0,0.0,0.0,0.01,0.0,0.0,Matches,ITA-SERIA_A,22-23
ca6edaa0,463,Luka Romero,ARG,FW,Lazio,17,2004,1.7,1,5,1,20.0,2.98,0.6,0.2,1.0,15.7,0,0,0,0.9,0.9,0.17,0.1,0.1,Matches,ITA-SERIA_A,22-23
2a1beb34,464,Marten de Roon,NED,MF,Atalanta,31,1991,32.9,3,19,5,26.3,0.58,0.15,0.16,0.6,20.6,0,0,0,1.1,1.1,0.06,1.9,1.9,Matches,ITA-SERIA_A,22-23
7b5f516f,465,Francesco Rossi,ITA,GK,Atalanta,31,1991,0.0,0,0,0,,0.0,0.0,,,,0,0,0,0.0,0.0,,0.0,0.0,Matches,ITA-SERIA_A,22-23
e58cbfd5,466,Nicolò Rovella,ITA,MF,Monza,20,2001,19.3,1,21,6,28.6,1.09,0.31,0.05,0.17,25.5,1,0,0,1.2,1.2,0.06,-0.2,-0.2,Matches,ITA-SERIA_A,22-23
e58cbfd5,467,Nicolò Rovella,ITA,MF,Juventus,20,2001,0.3,0,2,0,0.0,6.67,0.0,0.0,,27.0,0,0,0,0.1,0.1,0.04,-0.1,-0.1,Matches,ITA-SERIA_A,22-23
4b3e1a38,468,Amir Rrahmani,KVX,DF,Napoli,28,1994,27.2,2,21,3,14.3,0.77,0.11,0.1,0.67,13.4,0,0,0,1.8,1.8,0.09,0.2,0.2,Matches,ITA-SERIA_A,22-23
a378a02a,469,Ruan,BRA,DF,Sassuolo,23,1999,19.0,0,5,1,20.0,0.26,0.05,0.0,0.0,10.4,0,0,0,0.5,0.5,0.1,-0.5,-0.5,Matches,ITA-SERIA_A,22-23
14b8fcdf,470,Daniele Rugani,ITA,DF,Juventus,28,1994,6.3,0,4,1,25.0,0.64,0.16,0.0,0.0,12.1,0,0,0,0.5,0.5,0.12,-0.5,-0.5,Matches,ITA-SERIA_A,22-23
ae9898c5,471,Matteo Ruggeri,ITA,"DF,MF",Atalanta,20,2002,9.2,0,10,1,10.0,1.09,0.11,0.0,0.0,16.7,0,0,0,0.6,0.6,0.06,-0.6,-0.6,Matches,ITA-SERIA_A,22-23
0b5a292a,472,Mário Rui,POR,DF,Napoli,31,1991,19.4,0,11,4,36.4,0.57,0.21,0.0,0.0,21.9,2,0,0,0.6,0.6,0.06,-0.6,-0.6,Matches,ITA-SERIA_A,22-23
3945ac70,473,Alessandro Russo,ITA,GK,Sassuolo,21,2001,1.0,0,0,0,,0.0,0.0,,,,0,0,0,0.0,0.0,,0.0,0.0,Matches,ITA-SERIA_A,22-23
4830e0af,474,Abdelhamid Sabiri,MAR,"MF,FW",Sampdoria,25,1996,11.9,2,31,9,29.0,2.61,0.76,0.03,0.11,25.5,8,1,2,3.0,1.4,0.04,-1.0,-0.4,Matches,ITA-SERIA_A,22-23
ee251371,475,Alexis Saelemaekers,BEL,"FW,DF",Milan,23,1999,15.6,2,35,10,28.6,2.25,0.64,0.06,0.2,20.7,0,0,0,2.5,2.5,0.07,-0.5,-0.5,Matches,ITA-SERIA_A,22-23
da5a981b,476,Jacopo Sala,ITA,MF,Spezia,30,1991,1.2,0,0,0,,0.0,0.0,,,,0,0,0,0.0,0.0,,0.0,0.0,Matches,ITA-SERIA_A,22-23
217c93a1,477,Lazar Samardzic,SRB,MF,Udinese,20,2002,20.5,5,50,18,36.0,2.44,0.88,0.1,0.28,25.7,7,0,0,2.4,2.4,0.05,2.6,2.6,Matches,ITA-SERIA_A,22-23
24eb7ed6,478,Junior Sambia,FRA,DF,Salernitana,25,1996,7.7,0,13,5,38.5,1.68,0.65,0.0,0.0,24.1,5,0,0,0.6,0.6,0.05,-0.6,-0.6,Matches,ITA-SERIA_A,22-23
0a447501,479,Antonio Sanabria,PAR,FW,Torino,26,1996,27.0,12,67,24,35.8,2.48,0.89,0.16,0.46,13.5,0,1,1,9.3,8.5,0.13,2.7,2.5,Matches,ITA-SERIA_A,22-23
4295f19c,480,Leandro Sanca,GNB,"FW,MF",Spezia,22,2000,0.4,0,0,0,,0.0,0.0,,,,0,0,0,0.0,0.0,,0.0,0.0,Matches,ITA-SERIA_A,22-23
0d82903c,481,Alex Sandro,BRA,DF,Juventus,31,1991,19.9,0,5,0,0.0,0.25,0.0,0.0,,22.7,0,0,0,0.2,0.2,0.04,-0.2,-0.2,Matches,ITA-SERIA_A,22-23
7eb97a8e,482,Nicola Sansone,ITA,FW,Bologna,30,1991,8.2,4,22,8,36.4,2.68,0.97,0.18,0.5,18.0,2,0,0,2.8,2.8,0.13,1.2,1.2,Matches,ITA-SERIA_A,22-23
3bb7af3b,483,Riccardo Saponara,ITA,FW,Fiorentina,30,1991,13.4,4,37,13,35.1,2.76,0.97,0.11,0.31,19.4,0,0,0,2.8,2.8,0.08,1.2,1.2,Matches,ITA-SERIA_A,22-23
b959a0d1,484,Mouhamadou Sarr,SEN,GK,Cremonese,25,1997,2.0,0,0,0,,0.0,0.0,,,,0,0,0,0.0,0.0,,0.0,0.0,Matches,ITA-SERIA_A,22-23
86383d0e,485,Martin Satriano,URU,FW,Empoli,21,2001,18.9,2,38,10,26.3,2.01,0.53,0.05,0.2,15.3,0,0,0,3.9,3.9,0.1,-1.9,-1.9,Matches,ITA-SERIA_A,22-23
1e9aa637,486,Giorgio Scalvini,ITA,DF,Atalanta,18,2003,25.9,2,17,4,23.5,0.66,0.15,0.12,0.5,11.2,0,0,0,2.0,2.0,0.12,0.0,0.0,Matches,ITA-SERIA_A,22-23
2cfae697,487,Jerdy Schouten,NED,MF,Bologna,25,1997,27.9,0,8,2,25.0,0.29,0.07,0.0,0.0,18.0,0,0,0,0.4,0.4,0.05,-0.4,-0.4,Matches,ITA-SERIA_A,22-23
e613313c,488,Perr Schuurs,NED,DF,Torino,22,1999,25.8,0,14,1,7.1,0.54,0.04,0.0,0.0,14.9,2,0,0,0.9,0.9,0.07,-0.9,-0.9,Matches,ITA-SERIA_A,22-23
16463a79,489,Demba Seck,SEN,"MF,FW",Torino,21,2001,5.8,0,10,3,30.0,1.73,0.52,0.0,0.0,16.0,0,0,0,0.6,0.6,0.06,-0.6,-0.6,Matches,ITA-SERIA_A,22-23
9142b22f,490,Telasco Segovia,VEN,MF,Sampdoria,19,2003,0.0,0,0,0,,0.0,0.0,,,,0,0,0,0.0,0.0,,0.0,0.0,Matches,ITA-SERIA_A,22-23
3cb132e6,491,Jacopo Segre,ITA,DF,Torino,25,1997,0.2,0,0,0,,0.0,0.0,,,,0,0,0,0.0,0.0,,0.0,0.0,Matches,ITA-SERIA_A,22-23
b6baba31,492,Vivaldo Semedo,POR,"FW,MF",Udinese,17,2005,0.4,0,1,0,0.0,2.5,0.0,0.0,,11.6,0,0,0,0.1,0.1,0.1,-0.1,-0.1,Matches,ITA-SERIA_A,22-23
b70bde8f,493,Stefano Sensi,ITA,MF,Monza,26,1995,18.0,3,18,7,38.9,1.0,0.39,0.17,0.43,24.8,4,0,0,1.4,1.4,0.08,1.6,1.6,Matches,ITA-SERIA_A,22-23
343f753a,494,Luigi Sepe,ITA,GK,Salernitana,31,1991,17.0,0,0,0,,0.0,0.0,,,,0,0,0,0.0,0.0,,0.0,0.0,Matches,ITA-SERIA_A,22-23
dd7febd8,495,Leonardo Sernicola,ITA,DF,Cremonese,25,1997,25.7,2,25,5,20.0,0.97,0.19,0.08,0.4,21.3,0,0,0,1.3,1.3,0.05,0.7,0.7,Matches,ITA-SERIA_A,22-23
d3aaad90,496,Stephan El Shaarawy,ITA,"DF,MF",Roma,29,1992,16.9,7,42,19,45.2,2.48,1.12,0.17,0.37,19.2,0,0,0,5.5,5.5,0.13,1.5,1.5,Matches,ITA-SERIA_A,22-23
57469b2d,497,Eldor Shomurodov,UZB,FW,Spezia,27,1995,9.0,1,18,4,22.2,2.0,0.44,0.06,0.25,15.7,0,0,0,2.8,2.8,0.16,-1.8,-1.8,Matches,ITA-SERIA_A,22-23
57469b2d,498,Eldor Shomurodov,UZB,FW,Roma,27,1995,1.3,0,6,3,50.0,4.54,2.27,0.0,0.0,19.8,0,0,0,0.6,0.6,0.1,-0.6,-0.6,Matches,ITA-SERIA_A,22-23
0d422df7,499,Marco Silvestri,ITA,GK,Udinese,31,1991,38.0,0,0,0,,0.0,0.0,,,,0,0,0,0.0,0.0,,0.0,0.0,Matches,ITA-SERIA_A,22-23
343c0d52,500,Giovanni Simeone,ARG,FW,Napoli,27,1995,4.5,4,14,8,57.1,3.1,1.77,0.29,0.5,17.5,0,0,0,1.4,1.4,0.1,2.6,2.6,Matches,ITA-SERIA_A,22-23
8b609c34,501,Wilfried Singo,CIV,DF,Torino,21,2000,22.7,2,34,10,29.4,1.5,0.44,0.06,0.2,14.0,0,0,0,2.7,2.7,0.08,-0.7,-0.7,Matches,ITA-SERIA_A,22-23
10dc46f0,502,Salvatore Sirigu,ITA,GK,Fiorentina,35,1987,1.0,0,0,0,,0.0,0.0,,,,0,0,0,0.0,0.0,,0.0,0.0,Matches,ITA-SERIA_A,22-23
b35a7399,503,Leo Skiri Østigård,NOR,DF,Napoli,22,1999,4.7,0,3,0,0.0,0.64,0.0,0.0,,20.5,0,0,0,0.1,0.1,0.03,-0.1,-0.1,Matches,ITA-SERIA_A,22-23
ab4449d6,504,Łukasz Skorupski,POL,GK,Bologna,31,1991,37.0,0,0,0,,0.0,0.0,,,,0,0,0,0.0,0.0,,0.0,0.0,Matches,ITA-SERIA_A,22-23
30f5ffa9,505,Milan Škriniar,SVK,DF,Inter,27,1995,19.7,0,9,2,22.2,0.46,0.1,0.0,0.0,13.0,0,0,0,0.8,0.8,0.09,-0.8,-0.8,Matches,ITA-SERIA_A,22-23
b6964eb6,506,Chris Smalling,ENG,DF,Roma,32,1989,31.2,3,17,4,23.5,0.54,0.13,0.18,0.75,8.5,0,0,0,1.7,1.7,0.1,1.3,1.3,Matches,ITA-SERIA_A,22-23
78f13530,507,Ola Solbakken,NOR,"MF,FW",Roma,23,1998,5.6,1,9,1,11.1,1.61,0.18,0.11,1.0,17.1,1,0,0,0.6,0.6,0.07,0.4,0.4,Matches,ITA-SERIA_A,22-23
28f66c2e,508,Brandon Soppy,FRA,DF,Udinese,20,2002,1.0,0,2,1,50.0,2.0,1.0,0.0,0.0,18.5,0,0,0,0.1,0.1,0.04,-0.1,-0.1,Matches,ITA-SERIA_A,22-23
28f66c2e,509,Brandon Soppy,FRA,DF,Atalanta,20,2002,7.1,0,7,2,28.6,0.98,0.28,0.0,0.0,18.9,0,0,0,0.3,0.3,0.05,-0.3,-0.3,Matches,ITA-SERIA_A,22-23
9d4c45d6,510,Roberto Soriano,ITA,"FW,MF",Bologna,31,1991,14.7,1,13,2,15.4,0.88,0.14,0.08,0.5,20.3,0,0,0,0.6,0.6,0.05,0.4,0.4,Matches,ITA-SERIA_A,22-23
50841bef,511,Joaquin Sosa,URU,DF,Bologna,20,2002,7.6,0,3,1,33.3,0.39,0.13,0.0,0.0,34.8,0,0,0,0.1,0.1,0.02,-0.1,-0.1,Matches,ITA-SERIA_A,22-23
94816803,512,Riccardo Sottil,ITA,FW,Fiorentina,23,1999,9.3,0,21,8,38.1,2.27,0.86,0.0,0.0,19.9,1,0,0,1.0,1.0,0.05,-1.0,-1.0,Matches,ITA-SERIA_A,22-23
c13ddd3e,513,Matìas Soulé,ARG,"MF,FW",Juventus,19,2003,4.7,1,10,5,50.0,2.14,1.07,0.1,0.2,16.7,0,0,0,1.5,1.5,0.15,-0.5,-0.5,Matches,ITA-SERIA_A,22-23
7b075c75,514,Adama Soumaoro,FRA,DF,Bologna,30,1992,20.7,0,2,1,50.0,0.1,0.05,0.0,0.0,8.8,0,0,0,0.3,0.3,0.16,-0.3,-0.3,Matches,ITA-SERIA_A,22-23
3626daea,515,Leonardo Spinazzola,ITA,DF,Roma,29,1993,18.4,1,10,6,60.0,0.54,0.33,0.1,0.17,18.7,0,0,0,1.0,1.0,0.1,0.0,0.0,Matches,ITA-SERIA_A,22-23
ac4003af,516,Marco Sportiello,ITA,GK,Atalanta,30,1992,14.9,0,0,0,,0.0,0.0,,,,0,0,0,0.0,0.0,,0.0,0.0,Matches,ITA-SERIA_A,22-23
13b44b02,517,Petar Stojanović,SVN,DF,Empoli,26,1995,17.0,0,10,2,20.0,0.59,0.12,0.0,0.0,25.1,1,0,0,0.3,0.3,0.03,-0.3,-0.3,Matches,ITA-SERIA_A,22-23
ac4a4508,518,Gabriel Strefezza,BRA,"FW,MF",Lecce,25,1997,27.1,8,68,18,26.5,2.51,0.66,0.09,0.33,21.4,4,2,3,6.2,3.9,0.06,1.8,2.1,Matches,ITA-SERIA_A,22-23
2cb9486d,519,Dávid Strelec,SVK,FW,Spezia,21,2001,1.9,0,3,1,33.3,1.6,0.53,0.0,0.0,11.2,0,0,0,0.5,0.5,0.17,-0.5,-0.5,Matches,ITA-SERIA_A,22-23
f573a8bf,520,Isaac Success,NGA,FW,Udinese,26,1996,20.2,1,35,5,14.3,1.74,0.25,0.03,0.2,16.3,0,0,0,3.3,3.3,0.1,-2.3,-2.3,Matches,ITA-SERIA_A,22-23
230c3f3a,521,Ibrahim Sulemana,GHA,MF,Hellas Verona,19,2003,7.2,0,9,3,33.3,1.24,0.41,0.0,0.0,24.4,0,0,0,0.3,0.3,0.04,-0.3,-0.3,Matches,ITA-SERIA_A,22-23
bcf5058a,522,Mile Svilar,SRB,GK,Roma,22,1999,3.0,0,0,0,,0.0,0.0,,,,0,0,0,0.0,0.0,,0.0,0.0,Matches,ITA-SERIA_A,22-23
01b8a2b2,523,Wojciech Szczęsny,POL,GK,Juventus,32,1990,27.5,0,0,0,,0.0,0.0,,,,0,0,0,0.0,0.0,,0.0,0.0,Matches,ITA-SERIA_A,22-23
eb3022c3,524,Benjamin Tahirovic,BIH,MF,Roma,19,2003,3.9,0,0,0,,0.0,0.0,,,,0,0,0,0.0,0.0,,0.0,0.0,Matches,ITA-SERIA_A,22-23
8da74c05,525,Adrien Tameze,CMR,MF,Hellas Verona,28,1994,33.7,0,12,2,16.7,0.36,0.06,0.0,0.0,22.8,0,0,0,0.9,0.9,0.07,-0.9,-0.9,Matches,ITA-SERIA_A,22-23
b056e3da,526,Ciprian Tătărușanu,ROU,GK,Milan,36,1986,16.0,0,0,0,,0.0,0.0,,,,0,0,0,0.0,0.0,,0.0,0.0,Matches,ITA-SERIA_A,22-23
5cbb5ad6,527,Filippo Terracciano,ITA,"DF,MF",Hellas Verona,19,2003,9.1,0,5,3,60.0,0.55,0.33,0.0,0.0,23.3,0,0,0,0.2,0.2,0.04,-0.2,-0.2,Matches,ITA-SERIA_A,22-23
e1b0a70d,528,Pietro Terracciano,ITA,GK,Fiorentina,32,1990,29.0,0,0,0,,0.0,0.0,,,,0,0,0,0.0,0.0,,0.0,0.0,Matches,ITA-SERIA_A,22-23
3ef0a2d7,529,Aleksa Terzić,SRB,DF,Fiorentina,22,1999,10.4,1,10,2,20.0,0.96,0.19,0.1,0.5,24.8,0,0,0,0.4,0.4,0.04,0.6,0.6,Matches,ITA-SERIA_A,22-23
2b9fdeea,530,Florian Thauvin,FRA,"FW,MF",Udinese,29,1993,6.1,0,10,3,30.0,1.65,0.49,0.0,0.0,22.3,0,0,0,0.7,0.7,0.07,-0.7,-0.7,Matches,ITA-SERIA_A,22-23
ff5ea0bf,531,Malick Thiaw,GER,DF,Milan,20,2001,15.1,0,8,3,37.5,0.53,0.2,0.0,0.0,10.9,0,0,0,0.8,0.8,0.11,-0.8,-0.8,Matches,ITA-SERIA_A,22-23
76ff8d0d,532,Kristian Thorstvedt,NOR,MF,Sassuolo,23,1999,12.6,2,20,8,40.0,1.58,0.63,0.1,0.25,16.4,0,0,0,2.1,2.1,0.11,-0.1,-0.1,Matches,ITA-SERIA_A,22-23
a96e5dc0,533,Jeremy Toljan,GER,DF,Sassuolo,27,1994,29.7,0,5,0,0.0,0.17,0.0,0.0,,18.1,0,0,0,0.5,0.5,0.1,-0.5,-0.5,Matches,ITA-SERIA_A,22-23
c56dc39e,534,Rafael Tolói,ITA,DF,Atalanta,31,1990,30.9,2,29,9,31.0,0.94,0.29,0.07,0.22,13.2,0,0,0,2.8,2.8,0.1,-0.8,-0.8,Matches,ITA-SERIA_A,22-23
7edfbb8a,535,Fikayo Tomori,ENG,DF,Milan,24,1997,30.7,1,9,4,44.4,0.29,0.13,0.11,0.25,14.1,0,0,0,1.3,1.3,0.15,-0.3,-0.3,Matches,ITA-SERIA_A,22-23
0db169ae,536,Sandro Tonali,ITA,MF,Milan,22,2000,30.1,2,32,14,43.8,1.06,0.46,0.06,0.14,22.2,6,0,0,2.4,2.4,0.07,-0.4,-0.4,Matches,ITA-SERIA_A,22-23
8cc29864,537,Lorenzo Tonelli,ITA,DF,Empoli,32,1990,0.2,0,0,0,,0.0,0.0,,,,0,0,0,0.0,0.0,,0.0,0.0,Matches,ITA-SERIA_A,22-23
7ed4921e,538,William Troost-Ekong,NGA,DF,Salernitana,28,1993,4.9,1,2,1,50.0,0.41,0.2,0.5,1.0,9.0,0,0,0,0.7,0.7,0.35,0.3,0.3,Matches,ITA-SERIA_A,22-23
0588a092,539,Frank Tsadjout,ITA,FW,Cremonese,23,1999,11.7,3,26,10,38.5,2.23,0.86,0.12,0.3,17.3,0,0,0,2.0,2.0,0.08,1.0,1.0,Matches,ITA-SERIA_A,22-23
26c54058,540,Alessandro Tuia,ITA,DF,Lecce,32,1990,5.7,0,2,1,50.0,0.35,0.18,0.0,0.0,11.6,0,0,0,0.1,0.1,0.05,-0.1,-0.1,Matches,ITA-SERIA_A,22-23
14ae023f,541,Martin Turk,SVN,GK,Sampdoria,18,2003,4.0,0,0,0,,0.0,0.0,,,,0,0,0,0.0,0.0,,0.0,0.0,Matches,ITA-SERIA_A,22-23
7cd520e8,542,Destiny Udogie,ITA,DF,Udinese,19,2002,30.0,3,27,7,25.9,0.9,0.23,0.11,0.43,13.7,0,0,0,2.9,2.9,0.11,0.1,0.1,Matches,ITA-SERIA_A,22-23
96640846,543,Samir Ujkani,KVX,GK,Empoli,34,1988,0.1,0,0,0,,0.0,0.0,,,,0,0,0,0.0,0.0,,0.0,0.0,Matches,ITA-SERIA_A,22-23
3eed9821,544,Samuel Umtiti,FRA,DF,Lecce,28,1993,23.5,0,12,0,0.0,0.51,0.0,0.0,,16.4,0,0,0,0.8,0.8,0.07,-0.8,-0.8,Matches,ITA-SERIA_A,22-23
71005acd,545,Diego Valencia,CHI,"MF,FW",Salernitana,22,2000,2.6,0,1,1,100.0,0.39,0.39,0.0,0.0,10.0,0,0,0,0.1,0.1,0.12,-0.1,-0.1,Matches,ITA-SERIA_A,22-23
ec52b661,546,Emanuele Valeri,ITA,DF,Cremonese,23,1998,30.9,2,40,6,15.0,1.29,0.19,0.05,0.33,21.5,3,0,0,2.2,2.2,0.05,-0.2,-0.2,Matches,ITA-SERIA_A,22-23
c414df9d,547,Mattia Valoti,ITA,"MF,FW",Monza,28,1993,5.0,0,2,1,50.0,0.4,0.2,0.0,0.0,9.0,0,0,0,0.2,0.2,0.08,-0.2,-0.2,Matches,ITA-SERIA_A,22-23
5eaed77a,548,Johan Vásquez,MEX,DF,Cremonese,23,1998,20.1,1,12,1,8.3,0.6,0.05,0.08,1.0,12.3,0,0,0,0.7,0.7,0.06,0.3,0.3,Matches,ITA-SERIA_A,22-23
44ac04e9,549,Matías Vecino,URU,MF,Lazio,30,1991,18.8,2,26,5,19.2,1.38,0.27,0.08,0.4,18.5,0,0,0,2.5,2.5,0.1,-0.5,-0.5,Matches,ITA-SERIA_A,22-23
ab1ca213,550,Miguel Veloso,POR,MF,Hellas Verona,36,1986,12.9,0,16,2,12.5,1.24,0.15,0.0,0.0,23.3,2,0,0,0.5,0.5,0.03,-0.5,-0.5,Matches,ITA-SERIA_A,22-23
983ff2c7,551,Lorenzo Venuti,ITA,DF,Fiorentina,27,1995,10.3,0,7,4,57.1,0.68,0.39,0.0,0.0,22.1,0,0,0,0.4,0.4,0.06,-0.4,-0.4,Matches,ITA-SERIA_A,22-23
d3298c99,552,Daniele Verde,ITA,"FW,MF",Spezia,26,1996,11.1,3,32,10,31.3,2.89,0.9,0.06,0.2,21.6,1,1,1,2.9,2.1,0.07,0.1,-0.1,Matches,ITA-SERIA_A,22-23
0375723e,553,Simone Verdi,ITA,"MF,FW",Hellas Verona,30,1992,12.2,5,29,10,34.5,2.38,0.82,0.14,0.4,20.9,6,1,1,2.6,1.8,0.06,2.4,2.2,Matches,ITA-SERIA_A,22-23
33ecf462,554,Valerio Verre,ITA,MF,Sampdoria,28,1994,7.5,0,14,3,21.4,1.86,0.4,0.0,0.0,25.3,0,0,0,0.6,0.6,0.04,-0.6,-0.6,Matches,ITA-SERIA_A,22-23
77d6fd4d,555,Guglielmo Vicario,ITA,GK,Empoli,25,1996,30.9,0,0,0,,0.0,0.0,,,,0,0,0,0.0,0.0,,0.0,0.0,Matches,ITA-SERIA_A,22-23
75e60d75,556,Ronaldo Vieira,ENG,MF,Torino,24,1998,0.2,0,0,0,,0.0,0.0,,,,0,0,0,0.0,0.0,,0.0,0.0,Matches,ITA-SERIA_A,22-23
75e60d75,557,Ronaldo Vieira,ENG,MF,Sampdoria,24,1998,9.1,0,5,1,20.0,0.55,0.11,0.0,0.0,23.8,0,0,0,0.4,0.4,0.08,-0.4,-0.4,Matches,ITA-SERIA_A,22-23
ec5dae45,558,Emanuel Vignato,ITA,"MF,FW",Bologna,21,2000,2.7,0,1,1,100.0,0.37,0.37,0.0,0.0,14.0,0,0,0,0.1,0.1,0.09,-0.1,-0.1,Matches,ITA-SERIA_A,22-23
ec5dae45,559,Emanuel Vignato,ITA,"MF,FW",Empoli,21,2000,0.6,1,2,1,50.0,3.16,1.58,0.5,1.0,19.7,0,0,0,0.2,0.2,0.1,0.8,0.8,Matches,ITA-SERIA_A,22-23
a14d0ab0,560,Samuele Vignato,ITA,"MF,FW",Monza,18,2004,0.7,0,1,0,0.0,1.45,0.0,0.0,,21.9,0,0,0,0.1,0.1,0.07,-0.1,-0.1,Matches,ITA-SERIA_A,22-23
c7069d87,561,Tonny Vilhena,NED,MF,Salernitana,27,1995,25.2,4,31,9,29.0,1.23,0.36,0.13,0.44,26.0,1,0,0,2.4,2.4,0.08,1.6,1.6,Matches,ITA-SERIA_A,22-23
bdc74a8f,562,Gonzalo Villar,ESP,MF,Sampdoria,24,1998,7.7,0,1,0,0.0,0.13,0.0,0.0,,26.1,0,0,0,0.0,0.0,0.03,0.0,0.0,Matches,ITA-SERIA_A,22-23
08eb3b58,563,Matías Viña,URU,DF,Roma,24,1997,0.6,0,0,0,,0.0,0.0,,,,0,0,0,0.0,0.0,,0.0,0.0,Matches,ITA-SERIA_A,22-23
79443529,564,Dušan Vlahović,SRB,FW,Juventus,22,2000,21.4,10,65,20,30.8,3.04,0.94,0.12,0.4,15.5,4,2,3,9.7,7.3,0.11,0.3,0.7,Matches,ITA-SERIA_A,22-23
aa8e289e,565,Nikola Vlašić,CRO,"MF,FW",Torino,24,1997,30.3,5,53,21,39.6,1.75,0.69,0.09,0.24,18.0,1,0,0,4.3,4.3,0.08,0.7,0.7,Matches,ITA-SERIA_A,22-23
b3ef6517,566,Joel Voelkerling Persson,SWE,"FW,MF",Lecce,19,2003,1.1,0,1,0,0.0,0.91,0.0,0.0,,13.1,0,0,0,0.0,0.0,0.04,0.0,0.0,Matches,ITA-SERIA_A,22-23
be2706c0,567,Mërgim Vojvoda,KVX,DF,Torino,27,1995,19.1,0,23,6,26.1,1.2,0.31,0.0,0.0,17.3,0,0,0,1.5,1.5,0.07,-1.5,-1.5,Matches,ITA-SERIA_A,22-23
72f87f25,568,Cristian Volpato,ITA,MF,Roma,18,2003,2.5,1,4,1,25.0,1.59,0.4,0.25,1.0,15.7,0,0,0,0.4,0.4,0.09,0.6,0.6,Matches,ITA-SERIA_A,22-23
f052fb01,569,Lukáš Vorlický,CZE,"MF,FW",Atalanta,20,2002,0.3,0,1,1,100.0,3.75,3.75,0.0,0.0,24.1,0,0,0,0.0,0.0,0.05,0.0,0.0,Matches,ITA-SERIA_A,22-23
f86cd5df,570,Aster Vranckx,BEL,MF,Milan,19,2002,2.7,0,2,0,0.0,0.75,0.0,0.0,,29.4,0,0,0,0.1,0.1,0.03,-0.1,-0.1,Matches,ITA-SERIA_A,22-23
d0d8dd44,571,Stefan de Vrij,NED,DF,Inter,30,1992,21.6,1,20,6,30.0,0.93,0.28,0.05,0.17,9.0,0,0,0,2.2,2.2,0.11,-1.2,-1.2,Matches,ITA-SERIA_A,22-23
26db8853,572,Walace,BRA,MF,Udinese,27,1995,35.4,0,32,6,18.8,0.9,0.17,0.0,0.0,26.4,0,0,0,1.1,1.1,0.04,-1.1,-1.1,Matches,ITA-SERIA_A,22-23
217875a4,573,Sebastian Walukiewicz,POL,DF,Empoli,22,2000,6.7,0,2,1,50.0,0.3,0.15,0.0,0.0,7.2,0,0,0,0.3,0.3,0.17,-0.3,-0.3,Matches,ITA-SERIA_A,22-23
eb58eef0,574,Georginio Wijnaldum,NED,MF,Roma,31,1990,8.5,2,20,4,20.0,2.34,0.47,0.1,0.5,15.2,0,0,0,2.2,2.2,0.11,-0.2,-0.2,Matches,ITA-SERIA_A,22-23
2f7acede,575,Harry Winks,ENG,MF,Sampdoria,26,1996,19.1,0,14,0,0.0,0.73,0.0,0.0,,24.7,0,0,0,0.6,0.6,0.04,-0.6,-0.6,Matches,ITA-SERIA_A,22-23
1bfe5ac9,576,Przemysław Wiśniewski,POL,DF,Spezia,24,1998,11.1,1,6,3,50.0,0.54,0.27,0.17,0.33,9.8,0,0,0,1.2,1.2,0.21,-0.2,-0.2,Matches,ITA-SERIA_A,22-23
ee9040b4,577,Gerard Yepes,ESP,MF,Sampdoria,19,2002,2.2,0,1,0,0.0,0.45,0.0,0.0,,18.7,0,0,0,0.1,0.1,0.06,-0.1,-0.1,Matches,ITA-SERIA_A,22-23
d85c238b,578,Mattia Zaccagni,ITA,FW,Lazio,27,1995,30.8,10,56,23,41.1,1.82,0.75,0.16,0.39,16.7,1,1,1,6.7,5.9,0.11,3.3,3.1,Matches,ITA-SERIA_A,22-23
384d58d9,579,Denis Zakaria,SUI,MF,Juventus,25,1996,1.4,0,0,0,,0.0,0.0,,,,0,0,0,0.0,0.0,,0.0,0.0,Matches,ITA-SERIA_A,22-23
45191c29,580,Nicola Zalewski,POL,DF,Roma,20,2002,24.4,2,29,9,31.0,1.19,0.37,0.07,0.22,23.1,1,0,0,1.3,1.3,0.05,0.7,0.7,Matches,ITA-SERIA_A,22-23
6bb2c084,581,Andre-Frank Zambo Anguissa,CMR,MF,Napoli,26,1995,33.9,3,50,15,30.0,1.48,0.44,0.06,0.2,18.1,1,0,0,4.4,4.4,0.09,-1.4,-1.4,Matches,ITA-SERIA_A,22-23
5e834dce,582,Luca Zanimacchia,ITA,"MF,FW",Cremonese,24,1998,8.3,0,19,4,21.1,2.29,0.48,0.0,0.0,19.9,2,0,0,1.2,1.2,0.06,-1.2,-1.2,Matches,ITA-SERIA_A,22-23
9907b1c8,583,Nicolò Zaniolo,ITA,"MF,FW",Roma,23,1999,9.9,1,28,7,25.0,2.83,0.71,0.04,0.14,17.2,0,0,0,2.9,2.9,0.1,-1.9,-1.9,Matches,ITA-SERIA_A,22-23
3b12b11f,584,Alessandro Zanoli,ITA,DF,Sampdoria,21,2000,17.1,2,15,7,46.7,0.88,0.41,0.13,0.29,13.8,0,0,0,2.6,2.6,0.17,-0.6,-0.6,Matches,ITA-SERIA_A,22-23
3b12b11f,585,Alessandro Zanoli,ITA,DF,Napoli,21,2000,0.1,0,1,1,100.0,7.5,7.5,0.0,0.0,13.0,0,0,0,0.1,0.1,0.06,-0.1,-0.1,Matches,ITA-SERIA_A,22-23
875d65d1,586,Mattia Zanotti,ITA,DF,Inter,19,2003,0.3,0,0,0,,0.0,0.0,,,,0,0,0,0.0,0.0,,0.0,0.0,Matches,ITA-SERIA_A,22-23
d3de9af0,587,Duván Zapata,COL,FW,Atalanta,31,1991,15.4,2,41,8,19.5,2.65,0.52,0.05,0.25,15.6,0,0,0,3.9,3.9,0.1,-1.9,-1.9,Matches,ITA-SERIA_A,22-23
7fe90ccd,588,Davide Zappacosta,ITA,DF,Atalanta,30,1992,16.3,4,25,10,40.0,1.53,0.61,0.16,0.4,16.6,0,0,0,1.5,1.5,0.06,2.5,2.5,Matches,ITA-SERIA_A,22-23
2f45300d,589,Karim Zedadka,FRA,FW,Napoli,22,2000,0.2,0,0,0,,0.0,0.0,,,,0,0,0,0.0,0.0,,0.0,0.0,Matches,ITA-SERIA_A,22-23
58a2e9f6,590,Deyovaisio Zeefuik,NED,DF,Hellas Verona,24,1998,0.1,0,0,0,,0.0,0.0,,,,0,0,0,0.0,0.0,,0.0,0.0,Matches,ITA-SERIA_A,22-23
8abd0c03,591,Marvin Zeegelaar,NED,DF,Udinese,31,1990,3.9,1,3,1,33.3,0.76,0.25,0.33,1.0,11.7,0,0,0,0.2,0.2,0.07,0.8,0.8,Matches,ITA-SERIA_A,22-23
d19ef4ef,592,Alessio Zerbin,ITA,FW,Napoli,23,1999,2.2,0,5,3,60.0,2.27,1.36,0.0,0.0,19.1,0,0,0,0.3,0.3,0.05,-0.3,-0.3,Matches,ITA-SERIA_A,22-23
a5296e55,593,Piotr Zieliński,POL,MF,Napoli,28,1994,25.4,3,53,19,35.8,2.09,0.75,0.06,0.16,22.4,6,0,0,3.5,3.5,0.07,-0.5,-0.5,Matches,ITA-SERIA_A,22-23
acf7e795,594,David Zima,CZE,DF,Torino,21,2000,4.5,0,4,2,50.0,0.89,0.44,0.0,0.0,12.0,0,0,0,0.8,0.8,0.2,-0.8,-0.8,Matches,ITA-SERIA_A,22-23
028e70b9,595,Joshua Zirkzee,NED,FW,Bologna,21,2001,9.1,2,29,8,27.6,3.18,0.88,0.07,0.25,16.3,0,0,0,3.1,3.1,0.11,-1.1,-1.1,Matches,ITA-SERIA_A,22-23
cc1a0c57,596,Jeroen Zoet,NED,GK,Spezia,31,1991,3.7,0,0,0,,0.0,0.0,,,,0,0,0,0.0,0.0,,0.0,0.0,Matches,ITA-SERIA_A,22-23
82598b71,597,Nadir Zortea,ITA,"DF,MF",Atalanta,23,1999,2.5,1,4,3,75.0,1.62,1.22,0.25,0.33,20.4,0,0,0,0.1,0.1,0.03,0.9,0.9,Matches,ITA-SERIA_A,22-23
82598b71,598,Nadir Zortea,ITA,DF,Sassuolo,23,1999,7.3,0,5,2,40.0,0.68,0.27,0.0,0.0,23.8,0,0,0,0.2,0.2,0.04,-0.2,-0.2,Matches,ITA-SERIA_A,22-23
54f6afe3,599,Petar Zovko,BIH,GK,Spezia,20,2002,0.8,0,0,0,,0.0,0.0,,,,0,0,0,0.0,0.0,,0.0,0.0,Matches,ITA-SERIA_A,22-23
4e1d5e59,600,Szymon Żurkowski,POL,MF,Fiorentina,24,1997,0.4,0,2,1,50.0,5.63,2.81,0.0,0.0,15.2,0,0,0,0.1,0.1,0.06,-0.1,-0.1,Matches,ITA-SERIA_A,22-23
4e1d5e59,601,Szymon Żurkowski,POL,MF,Spezia,24,1997,4.7,0,7,1,14.3,1.48,0.21,0.0,0.0,23.5,0,0,0,0.6,0.6,0.08,-0.6,-0.6,Matches,ITA-SERIA_A,22-23
405f6586,602,Milan Đurić,BIH,FW,Hellas Verona,32,1990,15.2,1,16,5,31.3,1.05,0.33,0.06,0.2,10.7,0,0,0,1.4,1.4,0.09,-0.4,-0.4,Matches,ITA-SERIA_A,22-23
eccbe56a,603,Filip Đuričić,SRB,"MF,FW",Sampdoria,30,1992,24.1,3,26,12,46.2,1.08,0.5,0.12,0.25,18.3,1,0,0,2.7,2.7,0.1,0.3,0.3,Matches,ITA-SERIA_A,22-23
