id,Unnamed: 0_level_0,Unnamed: 1_level_0,Unnamed: 2_level_0,Unnamed: 3_level_0,Unnamed: 4_level_0,Unnamed: 5_level_0,Unnamed: 6_level_0,Unnamed: 7_level_0,Total,Total,Total,Total,Total,Short,Short,Short,Medium,Medium,Medium,Long,Long,Long,Unnamed: 22_level_0,Unnamed: 23_level_0,Expected,Expected,Unnamed: 26_level_0,Unnamed: 27_level_0,Unnamed: 28_level_0,Unnamed: 29_level_0,Unnamed: 30_level_0,Unnamed: 31_level_0,Unnamed: league,Unnamed: season
,Rk,Player,Nation,Pos,Squad,Age,Born,90s,Cmp,Att,Cmp%,TotDist,PrgDist,Cmp,Att,Cmp%,Cmp,Att,Cmp%,Cmp,Att,Cmp%,Ast,xAG,xA,A-xAG,KP,1/3,PPA,CrsPA,PrgP,Matches,league,season
9f9e1b9c,1,Sabit Abdulai,GHA,MF,Getafe,21,1999,0.7,7,14,50.0,140,10,2,5,40.0,4,4,100.0,1,3,33.3,0,0.0,0.0,0.0,0,0,1,0,1,Matches,ESP-LALIGA,20-21
81442ecb,2,Marcos Acuña,ARG,DF,Sevilla,28,1991,25.9,1415,1767,80.1,24839,9704,675,730,92.5,542,639,84.8,159,310,51.3,2,2.6,2.9,-0.6,32,104,35,19,114,Matches,ESP-LALIGA,20-21
3ed84b2c,3,Bobby Adekanye,NED,"FW,MF",Cádiz,21,1999,0.4,7,10,70.0,99,0,5,5,100.0,1,3,33.3,0,1,0.0,0,0.0,0.0,0.0,0,0,0,0,0,Matches,ESP-LALIGA,20-21
355c883a,4,Martin Agirregabiria,ESP,"DF,MF",Alavés,24,1996,17.3,534,751,71.1,8856,4049,268,318,84.3,204,283,72.1,48,106,45.3,1,0.7,0.7,0.3,12,39,15,10,39,Matches,ESP-LALIGA,20-21
18abe173,5,Joseph Aidoo,GHA,DF,Celta Vigo,24,1995,14.3,511,629,81.2,10079,3604,164,183,89.6,285,324,88.0,56,95,58.9,0,0.3,0.1,-0.3,2,27,2,0,43,Matches,ESP-LALIGA,20-21
f2a68b97,6,Carlos Akapo,EQG,DF,Cádiz,27,1993,9.6,229,356,64.3,3877,1740,100,126,79.4,104,156,66.7,17,54,31.5,0,0.2,0.3,-0.2,2,14,4,3,15,Matches,ESP-LALIGA,20-21
31f5b89b,7,Paul Akouokou,CIV,MF,Betis,22,1997,4.2,170,187,90.9,3040,728,72,79,91.1,77,80,96.3,17,23,73.9,0,0.6,0.2,-0.6,2,21,1,1,13,Matches,ESP-LALIGA,20-21
788be7f9,8,Jony Álamo,ESP,MF,Elche,18,2001,0.8,14,16,87.5,255,64,5,6,83.3,7,8,87.5,1,1,100.0,0,0.0,0.0,0.0,0,1,0,0,1,Matches,ESP-LALIGA,20-21
4601e194,9,Jordi Alba,ESP,"DF,FW",Barcelona,31,1989,33.6,2479,2929,84.6,34728,9855,1520,1643,92.5,728,867,84.0,117,192,60.9,5,7.6,9.9,-2.6,52,149,76,16,197,Matches,ESP-LALIGA,20-21
4bd414c1,10,Raúl Albiol,ESP,DF,Villarreal,34,1985,34.6,1829,2065,88.6,37606,12938,519,557,93.2,1047,1126,93.0,242,333,72.7,0,1.0,1.0,-1.0,4,92,3,1,136,Matches,ESP-LALIGA,20-21
a7a9d95a,11,Paco Alcácer,ESP,FW,Villarreal,26,1993,17.2,193,270,71.5,2269,375,106,135,78.5,40,58,69.0,10,14,71.4,4,2.8,2.5,1.2,15,3,7,0,13,Matches,ESP-LALIGA,20-21
ba71d071,12,Pedro Alcalá,ESP,DF,Cádiz,31,1989,10.1,205,282,72.7,4573,1737,46,57,80.7,115,129,89.1,39,83,47.0,0,0.0,0.0,0.0,0,14,0,0,11,Matches,ESP-LALIGA,20-21
036bba5f,13,Rubén Alcaraz,ESP,MF,Valladolid,29,1991,24.1,930,1131,82.2,18393,5237,384,433,88.7,371,404,91.8,157,237,66.2,0,0.5,0.9,-0.5,9,100,11,3,107,Matches,ESP-LALIGA,20-21
3d7e48ce,14,Iván Alejo,ESP,"MF,FW",Cádiz,25,1995,9.2,127,229,55.5,1816,637,74,97,76.3,39,61,63.9,7,35,20.0,1,0.8,0.8,0.2,10,6,13,10,13,Matches,ESP-LALIGA,20-21
6c811eb7,15,Carles Aleñá,ESP,MF,Barcelona,22,1998,0.5,36,39,92.3,624,177,17,19,89.5,11,12,91.7,6,6,100.0,0,0.0,0.0,0.0,0,3,0,0,7,Matches,ESP-LALIGA,20-21
6c811eb7,16,Carles Aleñá,ESP,"MF,FW",Getafe,22,1998,15.2,390,591,66.0,6991,2309,185,218,84.9,142,200,71.0,51,124,41.1,2,2.7,2.0,-0.7,25,52,24,4,77,Matches,ESP-LALIGA,20-21
1c772b46,17,Alfon,ESP,MF,Celta Vigo,21,1999,0.4,16,16,100.0,172,31,12,12,100.0,3,3,100.0,0,0,,0,0.1,0.0,-0.1,1,0,1,0,1,Matches,ESP-LALIGA,20-21
88d91621,18,Sergio Álvarez,ESP,"MF,DF",Eibar,28,1992,17.4,531,698,76.1,9925,2527,199,257,77.4,244,288,84.7,72,114,63.2,0,0.3,0.2,-0.3,6,43,2,1,49,Matches,ESP-LALIGA,20-21
3ecc11d8,19,Yeray Álvarez,ESP,DF,Athletic Club,25,1995,21.6,907,1107,81.9,18676,6666,301,349,86.2,441,485,90.9,151,226,66.8,0,0.5,0.4,-0.5,6,53,3,2,65,Matches,ESP-LALIGA,20-21
69c5633e,20,Emmanuel Amankwaa Akurugu,GHA,DF,Getafe,18,2001,0.5,9,14,64.3,130,36,5,6,83.3,3,4,75.0,1,2,50.0,0,0.0,0.0,0.0,0,3,0,0,0,Matches,ESP-LALIGA,20-21
c46736ab,21,Jon Ander Garrido,ESP,MF,Cádiz,30,1989,8.9,180,230,78.3,2990,1025,78,96,81.3,74,92,80.4,17,21,81.0,0,0.1,0.1,-0.1,2,22,1,1,22,Matches,ESP-LALIGA,20-21
ae86d473,22,Marcos André,BRA,FW,Valladolid,23,1996,13.1,114,199,57.3,1687,369,63,101,62.4,30,50,60.0,9,16,56.3,1,0.7,0.3,0.3,6,10,0,0,15,Matches,ESP-LALIGA,20-21
b1e5bbec,23,Ángel,ESP,GK,Granada,18,2002,1.0,14,31,45.2,627,593,0,0,,5,6,83.3,9,25,36.0,0,0.0,0.0,0.0,0,0,0,0,0,Matches,ESP-LALIGA,20-21
3024e383,24,José Ángel,ESP,DF,Eibar,30,1989,10.0,510,692,73.7,9539,3682,226,260,86.9,187,245,76.3,80,143,55.9,0,1.0,1.0,-1.0,9,51,13,7,55,Matches,ESP-LALIGA,20-21
56cafd0a,25,Miguel Ángel Rubio,ESP,DF,Valladolid,22,1998,1.5,39,54,72.2,847,440,14,15,93.3,17,22,77.3,8,16,50.0,0,0.0,0.0,0.0,0,4,0,0,3,Matches,ESP-LALIGA,20-21
683788fd,26,José Antonio Miranda,EQG,"MF,DF",Getafe,22,1998,0.3,9,16,56.3,75,8,8,10,80.0,0,4,0.0,0,0,,0,0.0,0.2,0.0,0,0,0,0,0,Matches,ESP-LALIGA,20-21
f28876e5,27,Aritz Arambarri,ESP,DF,Real Sociedad,22,1998,0.3,13,19,68.4,240,92,4,6,66.7,7,8,87.5,2,4,50.0,0,0.0,0.0,0.0,0,1,0,0,2,Matches,ESP-LALIGA,20-21
58afe001,28,Mauro Arambarri,URU,MF,Getafe,24,1995,33.1,739,1093,67.6,15261,4087,268,339,79.1,289,389,74.3,153,291,52.6,0,2.0,2.4,-2.0,21,81,24,10,119,Matches,ESP-LALIGA,20-21
27a013f7,29,Néstor Araujo,MEX,DF,Celta Vigo,28,1991,27.0,1321,1590,83.1,26277,8454,412,464,88.8,734,807,91.0,161,278,57.9,0,0.8,0.9,-0.8,4,78,4,1,82,Matches,ESP-LALIGA,20-21
2bef2bca,30,Ronald Araújo,URU,DF,Barcelona,21,1999,16.8,985,1075,91.6,17665,4757,381,398,95.7,527,556,94.8,73,109,67.0,1,0.2,0.2,0.8,3,50,0,0,43,Matches,ESP-LALIGA,20-21
850c0a0d,31,Anaitz Arbilla,ESP,DF,Eibar,33,1987,31.2,1459,1932,75.5,31846,12343,482,547,88.1,656,790,83.0,300,543,55.2,1,0.9,1.3,0.1,10,179,17,8,173,Matches,ESP-LALIGA,20-21
74d9a90b,32,Unai Arietaleanizbeaskoa,ESP,"FW,MF",Eibar,21,1999,0.5,4,7,57.1,43,10,4,5,80.0,0,1,0.0,0,0,,0,0.0,0.0,0.0,0,1,0,0,1,Matches,ESP-LALIGA,20-21
1e465e70,33,Sergio Arribas,ESP,"MF,FW",Real Madrid,18,2001,1.5,72,89,80.9,967,229,47,50,94.0,20,24,83.3,3,4,75.0,0,0.0,0.1,0.0,1,3,3,0,8,Matches,ESP-LALIGA,20-21
9f0ea33f,34,Sergio Asenjo,ESP,GK,Villarreal,31,1989,36.0,1022,1308,78.1,26484,17800,229,229,100.0,509,520,97.9,276,548,50.4,0,0.0,0.0,0.0,0,11,0,0,0,Matches,ESP-LALIGA,20-21
45af8a54,35,Marco Asensio,ESP,"FW,MF",Real Madrid,24,1996,20.8,798,1012,78.9,11651,2592,456,513,88.9,244,304,80.3,48,90,53.3,2,3.3,3.8,-1.3,33,40,31,9,82,Matches,ESP-LALIGA,20-21
7dcf86f6,36,Iago Aspas,ESP,FW,Celta Vigo,32,1987,31.8,983,1275,77.1,13967,3377,560,681,82.2,267,328,81.4,66,87,75.9,13,9.0,7.5,4.0,62,69,53,5,144,Matches,ESP-LALIGA,20-21
12eda7be,37,Miguel Atienza,ESP,MF,Eibar,21,1999,9.3,271,341,79.5,4293,977,139,167,83.2,94,118,79.7,25,34,73.5,0,0.1,0.3,-0.1,4,25,4,1,31,Matches,ESP-LALIGA,20-21
253a06b9,38,Ezequiel Ávila,ARG,"FW,MF",Osasuna,26,1994,2.2,31,54,57.4,576,162,12,20,60.0,13,19,68.4,4,8,50.0,0,0.0,0.1,0.0,0,3,3,0,6,Matches,ESP-LALIGA,20-21
0cc474e7,39,Ramon Azeez,NGA,MF,Granada,27,1992,1.1,29,37,78.4,365,43,22,26,84.6,7,11,63.6,0,0,,0,0.0,0.0,0.0,0,3,0,0,1,Matches,ESP-LALIGA,20-21
09a9e921,40,Carlos Bacca,COL,FW,Villarreal,33,1986,8.7,105,168,62.5,1346,317,62,89,69.7,23,37,62.2,6,14,42.9,0,1.0,0.6,-1.0,5,9,5,0,14,Matches,ESP-LALIGA,20-21
e4346678,41,Édgar Badía,ESP,GK,Elche,28,1992,30.0,865,1150,75.2,24979,18958,154,155,99.4,385,396,97.2,306,578,52.9,0,0.0,0.0,0.0,0,13,0,0,1,Matches,ESP-LALIGA,20-21
518f2234,42,Alex Baena,ESP,MF,Villarreal,19,2001,1.5,43,56,76.8,615,112,22,24,91.7,20,25,80.0,0,2,0.0,0,0.1,0.1,-0.1,2,4,1,0,5,Matches,ESP-LALIGA,20-21
a98f3cbf,43,Miguel Baeza,ESP,"MF,FW",Celta Vigo,20,2000,6.0,169,212,79.7,2562,541,99,113,87.6,46,59,78.0,16,21,76.2,0,0.7,0.5,-0.7,8,10,6,2,15,Matches,ESP-LALIGA,20-21
1fe67e86,44,Mikel Balenziaga,ESP,DF,Athletic Club,32,1988,18.8,715,951,75.2,11409,3662,360,406,88.7,288,371,77.6,46,104,44.2,1,0.8,0.7,0.2,8,43,10,9,52,Matches,ESP-LALIGA,20-21
0c717ae6,45,Barcia,ESP,DF,Granada,19,2000,1.0,13,33,39.4,249,81,7,10,70.0,4,15,26.7,2,6,33.3,0,0.0,0.0,0.0,0,2,0,0,2,Matches,ESP-LALIGA,20-21
cac2537b,46,Enis Bardhi,MKD,MF,Levante,25,1995,18.7,656,888,73.9,11539,3260,303,342,88.6,236,306,77.1,83,155,53.5,2,1.1,1.5,0.9,21,63,27,10,117,Matches,ESP-LALIGA,20-21
aad53e64,47,Kike Barja,ESP,"MF,FW",Osasuna,23,1997,15.9,341,505,67.5,5488,1535,175,212,82.5,116,168,69.0,31,62,50.0,3,2.0,1.5,1.0,16,16,21,9,55,Matches,ESP-LALIGA,20-21
74aa6ab7,48,Marc Baró,ESP,DF,Cádiz,20,1999,1.0,11,19,57.9,224,156,5,6,83.3,3,6,50.0,3,6,50.0,0,0.1,0.2,-0.1,2,0,0,0,0,Matches,ESP-LALIGA,20-21
487d9b09,49,Antonio Barragán,ESP,DF,Elche,33,1987,24.8,1091,1326,82.3,18850,7126,522,562,92.9,422,508,83.1,117,190,61.6,3,0.7,0.8,2.3,10,67,14,9,69,Matches,ESP-LALIGA,20-21
200e89e1,50,Ander Barrenetxea,ESP,"MF,FW",Real Sociedad,18,2001,14.5,291,413,70.5,4473,1038,152,188,80.9,113,150,75.3,14,33,42.4,0,1.9,1.2,-1.9,15,24,15,4,37,Matches,ESP-LALIGA,20-21
b742cc0d,51,Marc Bartra,ESP,DF,Betis,29,1991,18.8,776,971,79.9,15090,4832,263,303,86.8,425,479,88.7,78,164,47.6,1,1.0,0.9,0.0,3,30,2,0,31,Matches,ESP-LALIGA,20-21
42a028c5,52,Álvaro Bastida,ESP,MF,Cádiz,16,2004,0.4,4,8,50.0,57,6,2,3,66.7,0,0,,1,3,33.3,0,0.0,0.0,0.0,0,0,0,0,0,Matches,ESP-LALIGA,20-21
d637fc22,53,Rodrigo Battaglia,ARG,MF,Alavés,29,1991,27.7,870,1039,83.7,14718,3574,396,450,88.0,362,406,89.2,77,117,65.8,0,0.2,0.4,-0.2,3,59,4,0,73,Matches,ESP-LALIGA,20-21
debc6b55,54,Jon Bautista,ESP,FW,Real Sociedad,25,1995,4.1,56,92,60.9,748,122,25,43,58.1,21,29,72.4,2,3,66.7,1,0.3,0.1,0.7,6,4,1,1,3,Matches,ESP-LALIGA,20-21
ed5c5fa3,55,Fran Beltrán,ESP,"MF,FW",Celta Vigo,21,1999,15.5,697,773,90.2,11826,2839,317,347,91.4,284,303,93.7,69,80,86.3,0,0.3,0.5,-0.3,4,57,9,1,55,Matches,ESP-LALIGA,20-21
608bcb88,56,Sergio Benito,ESP,FW,Valladolid,21,1999,0.0,0,0,,0,0,0,0,,0,0,,0,0,,0,0.0,0.0,0.0,0,0,0,0,0,Matches,ESP-LALIGA,20-21
70d74ece,57,Karim Benzema,FRA,FW,Real Madrid,32,1987,32.2,1029,1235,83.3,13128,2262,633,712,88.9,237,286,82.9,53,70,75.7,9,6.4,6.1,2.6,38,56,34,0,114,Matches,ESP-LALIGA,20-21
b6e50615,58,Yuri Berchiche,ESP,DF,Athletic Club,30,1990,18.7,909,1132,80.3,15028,5395,464,524,88.5,330,395,83.5,82,121,67.8,3,2.0,2.1,1.0,17,58,32,13,98,Matches,ESP-LALIGA,20-21
dc1c2fce,59,Álex Berenguer,ESP,"MF,FW",Athletic Club,25,1995,25.3,601,917,65.5,8373,2615,363,434,83.6,163,246,66.3,35,124,28.2,4,3.4,3.7,0.6,38,25,40,10,85,Matches,ESP-LALIGA,20-21
697295b1,60,Pedro Bigas,ESP,DF,Eibar,29,1990,17.0,474,676,70.1,11166,4436,113,149,75.8,246,304,80.9,111,203,54.7,0,0.0,0.1,0.0,1,31,1,0,42,Matches,ESP-LALIGA,20-21
c4dce677,61,Alejandro Blanco,ESP,MF,Valencia,21,1998,6.4,101,140,72.1,1274,142,63,80,78.8,31,38,81.6,1,4,25.0,0,0.5,0.3,-0.5,8,3,1,1,2,Matches,ESP-LALIGA,20-21
506daeac,62,Antonio Blanco,ESP,"MF,FW",Real Madrid,20,2000,2.4,157,171,91.8,2470,650,83,89,93.3,61,62,98.4,6,9,66.7,0,0.1,0.2,-0.1,2,12,1,1,18,Matches,ESP-LALIGA,20-21
967f34d3,63,Rubén Blanco,ESP,GK,Celta Vigo,25,1995,18.2,472,665,71.0,12793,9040,97,98,99.0,235,239,98.3,139,325,42.8,0,0.0,0.0,0.0,0,6,0,0,0,Matches,ESP-LALIGA,20-21
d2ed99b4,64,Alejandro Blesa,ESP,MF,Levante,18,2002,0.1,12,12,100.0,225,17,3,3,100.0,9,9,100.0,0,0,,0,0.0,0.0,0.0,0,1,0,0,1,Matches,ESP-LALIGA,20-21
8c2c48a9,65,Yann Bodiger,FRA,MF,Cádiz,25,1995,2.8,65,94,69.1,1091,262,29,38,76.3,29,35,82.9,5,12,41.7,0,0.1,0.1,-0.1,2,8,0,0,8,Matches,ESP-LALIGA,20-21
f6798fc3,66,Yassine Bounou,MAR,GK,Sevilla,29,1991,33.0,862,1096,78.6,24127,14214,122,123,99.2,451,455,99.1,288,514,56.0,0,0.0,0.0,0.0,1,6,0,0,0,Matches,ESP-LALIGA,20-21
d49f3e6b,67,Lucas Boyé,ARG,FW,Elche,24,1996,29.9,491,645,76.1,6856,1198,294,354,83.1,129,164,78.7,30,39,76.9,2,1.1,0.6,0.9,14,34,7,1,54,Matches,ESP-LALIGA,20-21
fd771f95,68,Martin Braithwaite,DEN,FW,Barcelona,29,1991,13.1,228,282,80.9,2656,275,158,175,90.3,31,51,60.8,10,13,76.9,2,2.3,1.8,-0.3,12,4,5,0,15,Matches,ESP-LALIGA,20-21
4accb7e0,69,Darko Brašanac,SRB,MF,Osasuna,28,1992,10.1,215,310,69.4,3018,761,121,149,81.2,74,103,71.8,6,15,40.0,0,0.1,0.4,-0.1,5,23,7,2,40,Matches,ESP-LALIGA,20-21
b3f97139,70,Álvaro Bravo,ESP,MF,Granada,22,1998,0.2,8,9,88.9,104,26,5,6,83.3,3,3,100.0,0,0,,0,0.0,0.0,0.0,0,1,0,0,1,Matches,ESP-LALIGA,20-21
10072610,71,Claudio Bravo,CHI,GK,Betis,37,1983,20.0,422,648,65.1,12642,9294,78,78,100.0,175,177,98.9,162,385,42.1,0,0.1,0.0,-0.1,3,13,0,0,1,Matches,ESP-LALIGA,20-21
3d688b46,72,Yan Brice Eteki,CMR,MF,Granada,22,1997,14.7,274,357,76.8,4348,994,130,150,86.7,118,146,80.8,17,34,50.0,0,0.1,0.2,-0.1,4,22,2,0,24,Matches,ESP-LALIGA,20-21
c960cfdb,73,Juan Brunet,ARG,MF,Granada,22,1998,0.3,7,8,87.5,63,32,7,7,100.0,0,1,0.0,0,0,,0,0.0,0.0,0.0,0,1,0,0,1,Matches,ESP-LALIGA,20-21
8f3565b3,74,Ante Budimir,CRO,FW,Osasuna,29,1991,18.1,238,399,59.6,2861,579,162,239,67.8,53,84,63.1,4,12,33.3,0,0.8,0.9,-0.8,9,19,3,0,29,Matches,ESP-LALIGA,20-21
40449bbd,75,Esteban Burgos,ARG,DF,Eibar,28,1992,12.3,417,558,74.7,10219,3093,93,116,80.2,194,242,80.2,126,184,68.5,1,0.8,0.2,0.2,2,22,0,0,25,Matches,ESP-LALIGA,20-21
45e304c8,76,Burgui,ESP,MF,Alavés,26,1993,0.2,9,10,90.0,118,31,5,5,100.0,3,3,100.0,0,0,,0,0.0,0.0,0.0,0,1,0,0,1,Matches,ESP-LALIGA,20-21
5ab0ea87,77,Sergio Busquets,ESP,MF,Barcelona,32,1988,28.0,2453,2691,91.2,38075,11748,1225,1298,94.4,925,996,92.9,161,205,78.5,5,3.2,4.1,1.8,30,287,30,0,254,Matches,ESP-LALIGA,20-21
e7ab4179,78,Erick Cabaco,URU,DF,Getafe,25,1995,14.7,301,489,61.6,7727,3411,72,102,70.6,139,185,75.1,86,178,48.3,0,0.0,0.3,0.0,0,43,1,0,44,Matches,ESP-LALIGA,20-21
fe05804b,79,Cala,ESP,DF,Cádiz,30,1989,25.2,523,750,69.7,12396,4893,126,158,79.7,272,342,79.5,120,231,51.9,0,0.2,0.1,-0.2,3,37,1,0,47,Matches,ESP-LALIGA,20-21
6922f806,80,Jonathan Calleri,ARG,FW,Osasuna,26,1993,17.2,211,354,59.6,2763,560,139,196,70.9,57,91,62.6,3,20,15.0,2,0.7,0.9,1.3,10,13,10,0,31,Matches,ESP-LALIGA,20-21
dd672e1f,81,Dani Calvo,ESP,DF,Elche,26,1994,19.8,637,776,82.1,12160,4389,221,242,91.3,334,367,91.0,68,141,48.2,0,0.0,0.1,0.0,0,19,0,0,31,Matches,ESP-LALIGA,20-21
61220da2,82,José Campaña,ESP,MF,Levante,27,1993,8.3,398,517,77.0,6663,2622,194,222,87.4,144,176,81.8,41,72,56.9,2,2.0,2.0,0.0,14,49,20,4,74,Matches,ESP-LALIGA,20-21
a6de370d,83,Sergio Canales,ESP,"MF,FW",Betis,29,1991,27.8,1497,1779,84.1,27142,5662,659,731,90.2,545,619,88.0,211,300,70.3,6,6.7,5.4,-0.7,59,120,47,12,200,Matches,ESP-LALIGA,20-21
4aa253fd,84,Álex Cantero,ESP,FW,Levante,20,2000,2.6,25,38,65.8,274,88,20,25,80.0,4,6,66.7,0,1,0.0,0,0.9,0.8,-0.9,3,0,2,0,4,Matches,ESP-LALIGA,20-21
37f1cf47,85,Ander Capa,ESP,DF,Athletic Club,28,1992,23.7,900,1199,75.1,13915,4957,466,537,86.8,354,447,79.2,54,127,42.5,1,1.1,1.6,-0.1,16,55,14,5,80,Matches,ESP-LALIGA,20-21
5acc4a10,86,Étienne Capoue,FRA,MF,Villarreal,32,1988,13.2,686,764,89.8,11117,2894,335,353,94.9,280,306,91.5,47,68,69.1,0,0.1,0.5,-0.1,3,56,8,0,58,Matches,ESP-LALIGA,20-21
c4b888df,87,Isaac Carcelen,ESP,DF,Cádiz,27,1993,28.7,769,1112,69.2,13578,6381,346,421,82.2,319,432,73.8,81,193,42.0,1,1.1,1.2,-0.1,13,71,9,6,92,Matches,ESP-LALIGA,20-21
e1846dde,88,Cárdenas,ESP,GK,Levante,23,1997,8.0,198,264,75.0,4965,3532,54,54,100.0,79,83,95.2,58,117,49.6,0,0.0,0.0,0.0,0,2,0,0,0,Matches,ESP-LALIGA,20-21
b92b456a,89,Marc Cardona,ESP,"FW,DF",Osasuna,25,1995,0.6,18,27,66.7,204,77,12,13,92.3,4,8,50.0,1,2,50.0,0,0.0,0.0,0.0,0,1,2,1,2,Matches,ESP-LALIGA,20-21
b4a014b1,90,Diego Carlos,BRA,DF,Sevilla,27,1993,31.0,1690,1887,89.6,35232,11840,498,526,94.7,903,949,95.2,259,370,70.0,0,0.6,0.3,-0.6,8,65,2,0,53,Matches,ESP-LALIGA,20-21
82803509,91,Juan Carlos,ESP,"MF,FW",Huesca,29,1991,3.2,76,98,77.6,1113,320,42,49,85.7,27,33,81.8,5,8,62.5,1,0.4,0.2,0.6,4,9,4,0,16,Matches,ESP-LALIGA,20-21
de39485a,92,Yannick Carrasco,BEL,"DF,MF",Atlético Madrid,26,1993,24.2,743,1010,73.6,9854,3150,470,540,87.0,179,261,68.6,32,102,31.4,10,6.0,5.2,4.0,47,35,46,5,86,Matches,ESP-LALIGA,20-21
8d6a9c93,93,Sergio Carreira,ESP,DF,Celta Vigo,19,2000,2.9,89,121,73.6,1266,483,55,64,85.9,27,38,71.1,5,11,45.5,0,0.1,0.2,-0.1,1,4,2,0,6,Matches,ESP-LALIGA,20-21
8f898ba8,94,Guido Carrillo,ARG,FW,Elche,29,1991,11.1,216,305,70.8,2855,551,127,160,79.4,54,81,66.7,12,18,66.7,2,1.1,0.8,0.9,8,20,2,0,31,Matches,ESP-LALIGA,20-21
4958bfb2,95,Dani Carvajal,ESP,DF,Real Madrid,28,1992,10.6,673,810,83.1,11455,2836,328,362,90.6,260,297,87.5,67,95,70.5,2,0.8,1.0,1.2,9,31,13,6,48,Matches,ESP-LALIGA,20-21
dee86451,96,William Carvalho,POR,MF,Betis,28,1992,13.6,812,965,84.1,13703,3679,397,442,89.8,303,344,88.1,86,126,68.3,0,0.7,0.8,-0.7,9,92,9,0,101,Matches,ESP-LALIGA,20-21
4d224fe8,97,Casemiro,BRA,MF,Real Madrid,28,1992,32.2,1630,1969,82.8,29223,8359,723,817,88.5,633,707,89.5,202,299,67.6,4,2.7,3.8,1.3,25,136,22,2,135,Matches,ESP-LALIGA,20-21
37f04799,98,Sofian Chakla,MAR,DF,Villarreal,26,1993,0.1,4,9,44.4,102,47,1,2,50.0,2,4,50.0,1,3,33.3,0,0.0,0.0,0.0,0,1,0,0,0,Matches,ESP-LALIGA,20-21
37f04799,99,Sofian Chakla,MAR,DF,Getafe,26,1993,10.0,147,248,59.3,2639,1057,59,88,67.0,72,95,75.8,13,57,22.8,0,0.1,0.2,-0.1,1,13,0,0,20,Matches,ESP-LALIGA,20-21
7f203b54,100,Chema,ESP,"DF,MF",Getafe,28,1992,6.2,102,170,60.0,2485,1087,30,42,71.4,40,58,69.0,29,60,48.3,0,0.2,0.2,-0.2,2,13,1,0,17,Matches,ESP-LALIGA,20-21
0ac94a23,101,Denis Cheryshev,RUS,MF,Valencia,29,1990,12.2,195,330,59.1,3191,1014,97,133,72.9,77,113,68.1,16,45,35.6,3,2.4,2.1,0.6,16,16,13,4,37,Matches,ESP-LALIGA,20-21
b8a642fc,102,Samuel Chukwueze,NGA,"MF,FW",Villarreal,21,1999,15.2,395,531,74.4,5913,1372,200,254,78.7,156,193,80.8,16,36,44.4,2,3.0,3.8,-1.0,29,18,30,3,53,Matches,ESP-LALIGA,20-21
ec1a731e,103,Víctor Chust,ESP,DF,Real Madrid,20,2000,1.1,68,76,89.5,1390,511,17,18,94.4,44,48,91.7,7,10,70.0,0,0.0,0.0,0.0,0,5,0,0,4,Matches,ESP-LALIGA,20-21
90f83973,104,Cifu,ESP,DF,Elche,29,1990,5.0,158,217,72.8,2266,859,85,98,86.7,53,72,73.6,8,13,61.5,0,0.0,0.1,0.0,0,5,1,1,10,Matches,ESP-LALIGA,20-21
94084f83,105,Alberto Cifuentes,ESP,GK,Cádiz,41,1979,2.0,27,68,39.7,1387,1283,2,2,100.0,0,1,0.0,25,65,38.5,0,0.0,0.0,0.0,1,0,0,0,0,Matches,ESP-LALIGA,20-21
04ac8285,106,Jasper Cillessen,NED,GK,Valencia,31,1989,10.0,194,323,60.1,6558,5427,38,38,100.0,65,65,100.0,90,216,41.7,0,0.0,0.0,0.0,0,4,0,0,0,Matches,ESP-LALIGA,20-21
33a61a52,107,Carlos Clerc,ESP,DF,Levante,28,1992,30.9,1304,1725,75.6,20112,8364,757,839,90.2,433,554,78.2,82,216,38.0,3,3.2,3.1,-0.2,22,103,38,13,147,Matches,ESP-LALIGA,20-21
6d8f8441,108,Coke,ESP,DF,Levante,33,1987,9.3,363,457,79.4,6263,2309,178,209,85.2,138,164,84.1,41,64,64.1,0,0.6,0.5,-0.6,5,26,11,2,39,Matches,ESP-LALIGA,20-21
a6951bf8,109,Francis Coquelin,FRA,MF,Villarreal,29,1991,8.2,447,506,88.3,6728,1479,252,276,91.3,150,161,93.2,26,31,83.9,0,0.6,0.5,-0.6,4,28,3,0,31,Matches,ESP-LALIGA,20-21
49ea92be,110,Iñigo Córdoba,ESP,"FW,MF",Athletic Club,23,1997,1.1,15,33,45.5,165,68,10,17,58.8,4,10,40.0,0,3,0.0,0,0.0,0.0,0.0,0,1,1,0,2,Matches,ESP-LALIGA,20-21
49ea92be,111,Iñigo Córdoba,ESP,MF,Alavés,23,1997,2.4,46,80,57.5,744,339,22,30,73.3,15,22,68.2,6,16,37.5,0,0.1,0.3,-0.1,3,2,3,1,7,Matches,ESP-LALIGA,20-21
01eb744d,112,Ángel Correa,ARG,"FW,MF",Atlético Madrid,25,1995,26.6,690,898,76.8,8438,1861,407,480,84.8,168,222,75.7,28,56,50.0,8,5.7,4.8,2.3,38,46,32,2,84,Matches,ESP-LALIGA,20-21
46bd3a5b,113,Rober Correa,ESP,DF,Eibar,27,1992,12.6,436,636,68.6,7653,2858,209,253,82.6,172,257,66.9,47,101,46.5,2,1.9,1.8,0.1,11,36,12,10,41,Matches,ESP-LALIGA,20-21
c78b352d,114,Thierry Correia,POR,DF,Valencia,21,1999,23.7,892,1217,73.3,15177,4935,425,505,84.2,359,467,76.9,83,164,50.6,1,1.2,1.3,-0.2,18,43,21,13,46,Matches,ESP-LALIGA,20-21
a190d597,115,Diego Costa,ESP,FW,Atlético Madrid,31,1988,2.3,57,74,77.0,716,71,37,45,82.2,10,13,76.9,4,4,100.0,0,0.5,0.4,-0.5,4,1,6,0,6,Matches,ESP-LALIGA,20-21
808d48f3,116,Jaume Costa,ESP,"DF,MF",Villarreal,32,1988,3.9,202,244,82.8,3067,1046,117,128,91.4,69,86,80.2,12,22,54.5,1,0.2,0.2,0.8,5,9,6,1,13,Matches,ESP-LALIGA,20-21
1840e36d,117,Thibaut Courtois,BEL,GK,Real Madrid,28,1992,38.0,1087,1323,82.2,27107,16751,175,175,100.0,665,675,98.5,245,468,52.4,0,0.0,0.0,0.0,0,12,1,0,0,Matches,ESP-LALIGA,20-21
0ef89a37,118,Philippe Coutinho,BRA,"MF,FW",Barcelona,28,1992,7.3,444,519,85.5,5834,1273,276,298,92.6,116,133,87.2,18,37,48.6,2,0.7,1.1,1.3,6,35,16,2,58,Matches,ESP-LALIGA,20-21
a56da3ba,119,Juan Cruz Armada,ESP,DF,Osasuna,28,1992,21.8,592,872,67.9,10021,5152,286,338,84.6,240,344,69.8,50,131,38.2,0,0.5,0.6,-0.5,11,49,11,8,58,Matches,ESP-LALIGA,20-21
d858d079,120,Sergio Cubero Ezcurra,ESP,MF,Eibar,20,1999,0.0,0,0,,0,0,0,0,,0,0,,0,0,,0,0.0,0.0,0.0,0,0,0,0,0,Matches,ESP-LALIGA,20-21
71b47ab9,121,Cucho,COL,"FW,MF",Getafe,21,1999,16.3,337,515,65.4,4784,1206,203,268,75.7,84,128,65.6,26,47,55.3,3,1.3,1.3,1.7,20,21,17,4,40,Matches,ESP-LALIGA,20-21
1daec722,122,Marc Cucurella,ESP,MF,Getafe,22,1998,36.0,923,1351,68.3,13451,4428,544,667,81.6,266,388,68.6,59,143,41.3,2,3.6,3.2,-1.6,39,64,36,16,103,Matches,ESP-LALIGA,20-21
a4fe8cda,123,Patrick Cutrone,ITA,FW,Valencia,22,1998,1.2,16,23,69.6,292,46,8,12,66.7,5,6,83.3,2,3,66.7,0,0.3,0.1,-0.3,1,1,2,0,3,Matches,ESP-LALIGA,20-21
e7986081,124,Moussa Dembélé,FRA,FW,Atlético Madrid,24,1996,1.1,20,32,62.5,221,15,14,15,93.3,5,11,45.5,0,0,,0,0.0,0.0,0.0,1,0,0,0,1,Matches,ESP-LALIGA,20-21
b19db005,125,Ousmane Dembélé,FRA,FW,Barcelona,23,1997,19.7,832,1019,81.6,11560,2341,505,569,88.8,242,296,81.8,39,63,61.9,3,4.2,5.3,-1.2,39,38,43,8,87,Matches,ESP-LALIGA,20-21
5976f83e,126,Sergiño Dest,USA,"DF,FW",Barcelona,19,2000,21.2,1142,1294,88.3,13863,3400,780,832,93.8,264,297,88.9,21,40,52.5,1,2.1,2.7,-1.1,23,47,30,4,76,Matches,ESP-LALIGA,20-21
2e5e846d,127,Deyverson,BRA,FW,Alavés,29,1991,9.7,150,299,50.2,2626,859,76,137,55.5,46,87,52.9,21,46,45.7,3,2.4,0.8,0.6,10,22,7,2,27,Matches,ESP-LALIGA,20-21
23c5db70,128,Abdoulay Diaby,MLI,DF,Getafe,29,1991,0.2,5,10,50.0,38,7,5,6,83.3,0,1,0.0,0,2,0.0,0,0.1,0.1,-0.1,1,0,0,0,0,Matches,ESP-LALIGA,20-21
d2110326,129,Mouctar Diakhaby,GUI,DF,Valencia,23,1996,23.1,841,997,84.4,17595,5973,255,279,91.4,462,503,91.8,117,186,62.9,0,0.0,0.1,0.0,1,44,0,0,47,Matches,ESP-LALIGA,20-21
3624ce4c,130,Víctor Díaz,ESP,DF,Granada,32,1988,9.2,258,391,66.0,4812,2203,108,127,85.0,112,155,72.3,34,89,38.2,2,0.5,0.5,1.5,8,22,5,4,32,Matches,ESP-LALIGA,20-21
7329018e,131,Papakouli Diop,SEN,MF,Eibar,34,1986,25.8,605,882,68.6,11709,3289,229,303,75.6,283,394,71.8,81,137,59.1,1,0.8,1.0,0.2,12,93,10,4,98,Matches,ESP-LALIGA,20-21
a4971d84,132,Djené,TOG,DF,Getafe,28,1991,32.7,757,1042,72.6,15294,5697,240,294,81.6,397,501,79.2,109,207,52.7,1,0.4,0.3,0.6,6,51,3,1,71,Matches,ESP-LALIGA,20-21
ac295d9e,133,Marko Dmitrović,SRB,GK,Eibar,28,1992,34.7,585,1071,54.6,25494,21674,51,52,98.1,175,175,100.0,356,838,42.5,0,0.7,0.2,-0.7,4,71,3,0,3,Matches,ESP-LALIGA,20-21
c9cb972b,134,Jaume Doménech,ESP,GK,Valencia,29,1990,28.0,612,894,68.5,20204,16325,111,113,98.2,201,203,99.0,293,566,51.8,0,0.0,0.0,0.0,0,9,0,0,0,Matches,ESP-LALIGA,20-21
3521abfe,135,Carlos Dominguez,ESP,DF,Celta Vigo,19,2001,4.0,126,157,80.3,2565,915,36,39,92.3,75,86,87.2,14,29,48.3,0,0.2,0.2,-0.2,2,5,0,0,7,Matches,ESP-LALIGA,20-21
5e95c000,136,John Donald,ESP,"DF,MF",Elche,19,2000,0.6,18,18,100.0,308,132,11,11,100.0,4,4,100.0,3,3,100.0,0,0.0,0.0,0.0,0,0,0,0,0,Matches,ESP-LALIGA,20-21
e208bcc8,137,Cheick Doukouré,CIV,"MF,FW",Levante,27,1992,1.1,36,43,83.7,638,148,16,17,94.1,16,20,80.0,2,2,100.0,0,0.1,0.0,-0.1,1,2,1,0,3,Matches,ESP-LALIGA,20-21
685857dc,138,Idrissa Doumbia,CIV,MF,Huesca,22,1998,8.7,382,415,92.0,6316,1275,188,198,94.9,162,173,93.6,26,32,81.3,0,0.1,0.1,-0.1,2,24,0,0,31,Matches,ESP-LALIGA,20-21
93090f69,139,Domingos Duarte,POR,DF,Granada,25,1995,26.3,742,964,77.0,15218,5887,231,263,87.8,385,443,86.9,115,226,50.9,0,0.5,0.2,-0.5,6,58,4,1,79,Matches,ESP-LALIGA,20-21
aa0ac32d,140,Óscar Duarte,CRC,DF,Levante,31,1989,22.9,1028,1235,83.2,21155,8156,301,346,87.0,562,616,91.2,152,249,61.0,0,0.2,0.4,-0.2,4,47,0,0,52,Matches,ESP-LALIGA,20-21
1fe0492d,141,Rubén Duarte,ESP,DF,Alavés,24,1995,28.3,938,1348,69.6,16839,8824,468,541,86.5,335,468,71.6,119,279,42.7,1,2.8,2.7,-1.8,29,85,27,11,111,Matches,ESP-LALIGA,20-21
c261b5dd,142,Unai Dufur,ESP,DF,Eibar,21,1999,0.7,36,48,75.0,584,257,16,19,84.2,15,21,71.4,3,4,75.0,0,0.0,0.0,0.0,0,1,0,0,3,Matches,ESP-LALIGA,20-21
37e103f8,143,Hugo Duro,ESP,FW,Real Madrid,20,1999,0.6,6,7,85.7,70,11,5,6,83.3,1,1,100.0,0,0,,0,0.1,0.1,-0.1,1,0,0,0,1,Matches,ESP-LALIGA,20-21
f7dc2ae5,144,Aritz Elustondo,ESP,DF,Real Sociedad,26,1994,20.9,1058,1245,85.0,20354,7250,369,410,90.0,568,625,90.9,108,183,59.0,0,0.2,0.7,-0.2,3,83,5,1,112,Matches,ESP-LALIGA,20-21
fd47b4f2,145,Rodrigo Ely,BRA,DF,Alavés,26,1993,5.2,127,165,77.0,2821,1085,30,39,76.9,73,81,90.1,22,39,56.4,0,0.3,0.1,-0.3,3,3,0,0,3,Matches,ESP-LALIGA,20-21
df8b52a5,146,Emerson,BRA,DF,Betis,21,1999,33.2,1533,1936,79.2,22046,8020,886,998,88.8,490,588,83.3,83,180,46.1,4,2.7,2.8,1.3,33,90,38,18,132,Matches,ESP-LALIGA,20-21
04e17fd5,147,Youssef En-Nesyri,MAR,FW,Sevilla,23,1997,25.7,260,396,65.7,3311,435,171,219,78.1,59,102,57.8,11,23,47.8,0,2.6,1.3,-2.6,14,7,1,0,13,Matches,ESP-LALIGA,20-21
bb4b1242,148,Sergi Enrich,ESP,FW,Eibar,30,1990,15.6,338,450,75.1,4507,719,210,260,80.8,77,100,77.0,21,29,72.4,0,0.8,1.0,-0.8,16,21,7,2,40,Matches,ESP-LALIGA,20-21
67669ce7,149,Aarón Escandell,ESP,GK,Granada,24,1995,5.0,78,159,49.1,3096,2637,7,7,100.0,28,29,96.6,43,122,35.2,0,0.0,0.0,0.0,0,11,0,0,0,Matches,ESP-LALIGA,20-21
5a36f180,150,Dani Escriche,ESP,"FW,MF",Huesca,22,1998,9.5,194,271,71.6,2461,437,119,140,85.0,59,82,72.0,4,14,28.6,1,1.3,0.7,-0.3,8,11,2,0,27,Matches,ESP-LALIGA,20-21
b0616e3d,151,Sergio Escudero,ESP,DF,Sevilla,30,1989,6.3,340,401,84.8,5348,1853,181,195,92.8,129,148,87.2,21,41,51.2,0,0.4,0.6,-0.4,6,18,9,4,22,Matches,ESP-LALIGA,20-21
db001fa9,152,Alfonso Espino,URU,DF,Cádiz,28,1992,28.9,650,1043,62.3,12016,6219,265,331,80.1,288,417,69.1,75,210,35.7,3,1.4,1.4,1.6,15,43,13,11,63,Matches,ESP-LALIGA,20-21
ced26057,153,Vicente Esquerdo,ESP,MF,Valencia,21,1999,2.6,81,99,81.8,1366,351,35,37,94.6,29,37,78.4,10,14,71.4,0,0.1,0.2,-0.1,2,4,1,1,4,Matches,ESP-LALIGA,20-21
d38fdf53,154,Pervis Estupiñán,ECU,DF,Villarreal,22,1998,13.0,516,662,77.9,8407,2702,270,303,89.1,184,227,81.1,47,75,62.7,0,1.5,1.4,-1.5,17,14,24,13,35,Matches,ESP-LALIGA,20-21
4a895384,155,Xabier Etxeita,ESP,DF,Getafe,32,1987,9.8,198,319,62.1,4536,1426,47,65,72.3,113,136,83.1,37,104,35.6,0,0.3,0.3,-0.3,1,13,0,0,25,Matches,ESP-LALIGA,20-21
283c7121,156,Edu Expósito,ESP,MF,Eibar,23,1996,27.3,853,1162,73.4,15309,4661,347,436,79.6,349,430,81.2,112,203,55.2,3,3.6,2.9,-0.6,43,109,22,3,169,Matches,ESP-LALIGA,20-21
0f7dbaf6,157,Jokin Ezkieta,ESP,GK,Athletic Club,23,1996,1.0,22,25,88.0,525,285,6,6,100.0,11,11,100.0,5,8,62.5,0,0.0,0.0,0.0,0,0,0,0,0,Matches,ESP-LALIGA,20-21
72a84002,158,Fali,ESP,"DF,MF",Cádiz,26,1993,29.3,505,731,69.1,10976,3814,157,192,81.8,232,289,80.3,105,228,46.1,0,0.6,1.3,-0.6,8,54,9,3,68,Matches,ESP-LALIGA,20-21
0ba976e4,159,Ansu Fati,ESP,FW,Barcelona,17,2002,4.8,168,202,83.2,1697,333,105,118,89.0,28,36,77.8,1,1,100.0,0,1.7,1.3,-1.7,9,3,6,0,12,Matches,ESP-LALIGA,20-21
bece776f,160,Nabil Fekir,FRA,"MF,FW",Betis,27,1993,29.1,1048,1309,80.1,15519,4235,555,611,90.8,325,399,81.5,85,155,54.8,6,5.2,5.5,0.8,51,105,43,7,152,Matches,ESP-LALIGA,20-21
51a3c4c8,161,Felipe,BRA,DF,Atlético Madrid,31,1989,22.9,889,1054,84.3,16048,5921,336,377,89.1,438,498,88.0,87,138,63.0,0,0.3,0.5,-0.3,4,26,0,0,36,Matches,ESP-LALIGA,20-21
8aafd64f,162,João Félix,POR,"FW,MF",Atlético Madrid,20,1999,17.5,567,689,82.3,7174,2182,357,397,89.9,108,136,79.4,36,51,70.6,5,4.3,2.6,0.7,21,55,16,0,73,Matches,ESP-LALIGA,20-21
a01c3d54,163,Aitor Fernández,ESP,GK,Levante,29,1991,29.0,709,928,76.4,17493,12539,166,168,98.8,335,342,98.0,191,400,47.8,0,0.0,0.0,0.0,0,6,0,0,0,Matches,ESP-LALIGA,20-21
aa677a35,164,Álex Fernández,ESP,MF,Cádiz,27,1992,21.6,692,936,73.9,12283,3707,307,353,87.0,271,332,81.6,86,183,47.0,1,1.5,1.9,-0.5,23,66,13,5,104,Matches,ESP-LALIGA,20-21
f127d782,165,Álvaro Fernández,ESP,GK,Huesca,22,1998,22.0,615,816,75.4,17429,11546,95,96,99.0,283,286,99.0,231,420,55.0,0,0.0,0.0,0.0,1,9,0,0,0,Matches,ESP-LALIGA,20-21
307fcd26,166,Andrés Fernández,ESP,GK,Huesca,33,1986,16.0,395,574,68.8,10689,7767,72,72,100.0,201,205,98.0,119,286,41.6,0,0.0,0.0,0.0,0,4,0,0,0,Matches,ESP-LALIGA,20-21
78c40e94,167,Augusto Fernández,ARG,MF,Cádiz,34,1986,4.1,91,119,76.5,1572,415,38,50,76.0,42,48,87.5,7,13,53.8,0,0.0,0.0,0.0,0,10,1,0,17,Matches,ESP-LALIGA,20-21
e08647d6,168,Carlos Fernández,ESP,FW,Sevilla,24,1996,1.6,28,38,73.7,301,59,19,22,86.4,6,11,54.5,0,0,,0,0.7,0.0,-0.7,2,2,0,0,3,Matches,ESP-LALIGA,20-21
e08647d6,169,Carlos Fernández,ESP,"FW,MF",Real Sociedad,24,1996,4.3,74,115,64.3,970,250,44,63,69.8,21,30,70.0,3,6,50.0,2,0.7,0.3,1.3,6,5,3,0,10,Matches,ESP-LALIGA,20-21
b86a64b2,170,Joaquín Fernández,ESP,DF,Valladolid,24,1996,23.0,615,778,79.0,12770,4844,196,223,87.9,307,362,84.8,106,177,59.9,0,0.5,0.1,-0.5,2,35,2,0,42,Matches,ESP-LALIGA,20-21
41f32541,171,Fernando,BRA,MF,Sevilla,33,1987,28.3,1423,1591,89.4,25214,7105,596,645,92.4,652,702,92.9,128,168,76.2,4,3.0,2.2,1.0,19,94,9,1,112,Matches,ESP-LALIGA,20-21
8970907e,172,David Ferreiro,ESP,"MF,FW",Huesca,32,1988,28.1,701,1090,64.3,13216,4057,316,384,82.3,254,372,68.3,114,257,44.4,4,6.0,5.5,-2.0,73,60,46,27,113,Matches,ESP-LALIGA,20-21
b39a793e,173,Facundo Ferreyra,ARG,FW,Celta Vigo,29,1991,3.3,33,50,66.0,410,65,22,30,73.3,4,7,57.1,3,3,100.0,0,0.0,0.0,0.0,0,1,0,0,2,Matches,ESP-LALIGA,20-21
eb82b6f1,174,Fidel,ESP,"MF,DF",Elche,30,1989,26.6,892,1237,72.1,14752,5014,476,552,86.2,265,378,70.1,109,204,53.4,3,5.0,4.2,-2.0,46,63,24,13,97,Matches,ESP-LALIGA,20-21
24f59bb2,175,Junior Firpo,DOM,"DF,MF",Barcelona,23,1996,3.2,202,229,88.2,2501,612,132,139,95.0,56,62,90.3,2,4,50.0,1,0.8,0.5,0.2,5,6,3,1,7,Matches,ESP-LALIGA,20-21
954c26c9,176,Kingsley Fobi,GHA,DF,Granada,21,1998,0.5,7,11,63.6,114,56,3,3,100.0,3,6,50.0,1,1,100.0,0,0.0,0.0,0.0,0,0,0,0,0,Matches,ESP-LALIGA,20-21
dc56efc9,177,Ramón Folch,ESP,MF,Elche,30,1989,0.0,0,0,,0,0,0,0,,0,0,,0,0,,0,0.0,0.0,0.0,0,0,0,0,0,Matches,ESP-LALIGA,20-21
1827a42d,178,José Fontán,ESP,DF,Celta Vigo,20,2000,7.2,285,351,81.2,4927,1652,115,128,89.8,137,154,89.0,20,44,45.5,0,0.0,0.1,0.0,0,21,1,0,27,Matches,ESP-LALIGA,20-21
45e17712,179,Dimitri Foulquier,FRA,DF,Granada,27,1993,29.6,817,1130,72.3,13020,5798,436,509,85.7,296,393,75.3,60,147,40.8,4,1.5,1.1,2.5,10,54,11,4,63,Matches,ESP-LALIGA,20-21
6c7762c3,180,Juan Foyth,ARG,"DF,MF",Villarreal,22,1998,13.0,642,734,87.5,10447,3641,314,346,90.8,264,284,93.0,45,60,75.0,0,0.1,0.8,-0.1,3,51,8,1,52,Matches,ESP-LALIGA,20-21
38ce1150,181,Jorge de Frutos,ESP,MF,Levante,23,1997,24.3,481,728,66.1,7676,2389,257,315,81.6,156,233,67.0,45,99,45.5,9,4.4,3.5,4.6,40,37,23,9,74,Matches,ESP-LALIGA,20-21
89cbc961,182,Ramiro Funes Mori,ARG,DF,Villarreal,29,1991,8.1,423,491,86.2,7492,2727,186,206,90.3,197,216,91.2,33,52,63.5,0,0.0,0.2,0.0,0,19,1,0,25,Matches,ESP-LALIGA,20-21
a4b00319,183,Javi Galán,ESP,DF,Huesca,25,1994,34.1,1399,1806,77.5,22559,7966,747,835,89.5,485,607,79.9,122,255,47.8,2,4.0,4.5,-2.0,42,79,47,34,100,Matches,ESP-LALIGA,20-21
82e9b89d,184,Enric Gallego,ESP,FW,Osasuna,33,1986,9.0,146,258,56.6,1939,542,97,147,66.0,36,64,56.3,5,16,31.3,2,0.6,0.7,1.4,7,24,5,0,31,Matches,ESP-LALIGA,20-21
42276181,185,Kévin Gameiro,FRA,FW,Valencia,33,1987,12.0,206,270,76.3,2667,332,124,146,84.9,60,76,78.9,5,8,62.5,1,0.9,0.7,0.1,5,6,4,0,19,Matches,ESP-LALIGA,20-21
a10361d2,186,Aleix García,ESP,MF,Eibar,23,1997,4.9,227,279,81.4,4230,1030,94,107,87.9,80,91,87.9,39,61,63.9,1,0.9,0.8,0.1,12,25,3,1,26,Matches,ESP-LALIGA,20-21
e7f4603c,187,Borja García,ESP,"MF,FW",Huesca,29,1990,12.4,480,561,85.6,7359,1424,262,285,91.9,146,170,85.9,39,51,76.5,0,1.1,1.0,-1.1,20,41,12,1,61,Matches,ESP-LALIGA,20-21
240d3a0b,188,Dani García,ESP,MF,Athletic Club,30,1990,21.3,865,1039,83.3,16578,4222,308,359,85.8,414,468,88.5,117,162,72.2,1,0.6,0.4,0.4,8,97,5,1,108,Matches,ESP-LALIGA,20-21
3e42f707,189,David García,ESP,DF,Osasuna,26,1994,35.0,988,1380,71.6,20898,9501,299,392,76.3,515,636,81.0,163,320,50.9,0,0.6,0.6,-0.6,5,85,1,0,124,Matches,ESP-LALIGA,20-21
05a4465d,190,Manu García,ESP,MF,Alavés,34,1986,12.5,280,409,68.5,4533,1266,148,191,77.5,102,148,68.9,20,39,51.3,0,0.5,0.3,-0.5,6,32,3,1,28,Matches,ESP-LALIGA,20-21
1a317a1b,191,Raúl García,ESP,"DF,MF",Valladolid,31,1989,5.6,199,290,68.6,3061,1446,113,135,83.7,68,98,69.4,14,36,38.9,0,0.4,0.5,-0.4,5,13,4,2,21,Matches,ESP-LALIGA,20-21
b418dbd4,192,Raúl García,ESP,"FW,MF",Athletic Club,34,1986,19.4,348,582,59.8,5042,1735,209,297,70.4,98,155,63.2,27,60,45.0,1,1.3,1.4,-0.3,15,43,21,1,73,Matches,ESP-LALIGA,20-21
5c96b017,193,Rubén García,ESP,"MF,FW",Osasuna,27,1993,30.2,778,1210,64.3,14011,4660,389,507,76.7,239,361,66.2,120,234,51.3,5,5.5,5.6,-0.5,53,76,37,19,98,Matches,ESP-LALIGA,20-21
a039d52e,194,Sergi García,ESP,MF,Alavés,21,1999,0.2,4,7,57.1,75,0,1,2,50.0,3,5,60.0,0,0,,0,0.0,0.0,0.0,0,0,0,0,0,Matches,ESP-LALIGA,20-21
4a633cfe,195,Unai García,ESP,DF,Osasuna,28,1992,13.8,329,434,75.8,7503,2770,78,95,82.1,192,223,86.1,59,109,54.1,0,0.4,0.1,-0.4,3,25,2,0,35,Matches,ESP-LALIGA,20-21
fb5d47b3,196,Mario Gaspar,ESP,DF,Villarreal,29,1990,20.6,921,1125,81.9,14519,5365,500,543,92.1,353,415,85.1,52,102,51.0,2,2.1,1.6,-0.1,12,57,20,9,92,Matches,ESP-LALIGA,20-21
63d17038,197,Paulo Gazzaniga,ARG,GK,Elche,28,1992,8.0,146,244,59.8,5683,4964,19,19,100.0,59,59,100.0,68,165,41.2,0,0.1,0.1,-0.1,1,21,2,0,0,Matches,ESP-LALIGA,20-21
7b5ab7f2,198,Bryan Gil,ESP,FW,Sevilla,19,2001,0.1,5,7,71.4,59,1,3,4,75.0,2,2,100.0,0,0,,0,0.0,0.0,0.0,0,0,0,0,0,Matches,ESP-LALIGA,20-21
7b5ab7f2,199,Bryan Gil,ESP,"MF,FW",Eibar,19,2001,25.2,682,1007,67.7,9883,3099,415,484,85.7,191,280,68.2,45,142,31.7,3,5.0,4.6,-2.0,49,32,48,18,79,Matches,ESP-LALIGA,20-21
fea23125,200,David Gil,ESP,GK,Cádiz,26,1994,4.0,47,122,38.5,2260,2039,1,1,100.0,9,9,100.0,37,112,33.0,0,0.0,0.0,0.0,0,4,0,0,0,Matches,ESP-LALIGA,20-21
18017beb,201,Álvaro Giménez,ESP,FW,Cádiz,29,1991,4.5,52,98,53.1,717,107,36,58,62.1,14,23,60.9,2,4,50.0,1,0.1,0.2,0.9,2,4,2,0,9,Matches,ESP-LALIGA,20-21
0e5ddc7c,202,Dani Gómez,ESP,FW,Levante,22,1998,18.5,252,336,75.0,3305,663,148,174,85.1,70,89,78.7,11,18,61.1,2,0.8,0.5,1.2,11,18,10,1,33,Matches,ESP-LALIGA,20-21
9d2a3d5f,203,Ibai Gómez,ESP,MF,Athletic Club,30,1989,4.7,109,159,68.6,1681,746,63,76,82.9,31,44,70.5,9,30,30.0,1,0.8,0.7,0.2,7,9,3,2,20,Matches,ESP-LALIGA,20-21
4c2e9442,204,Maxi Gómez,URU,FW,Valencia,23,1996,29.9,364,567,64.2,5564,1089,206,284,72.5,96,160,60.0,33,52,63.5,1,0.9,0.8,0.1,13,34,5,2,41,Matches,ESP-LALIGA,20-21
5a626448,205,Moi Gómez,ESP,"MF,FW",Villarreal,26,1994,28.5,1091,1329,82.1,16663,3557,617,676,91.3,355,436,81.4,76,119,63.9,0,2.6,4.0,-2.6,31,66,31,4,116,Matches,ESP-LALIGA,20-21
6e4df551,206,Papu Gómez,ARG,"MF,FW",Sevilla,32,1988,10.2,506,592,85.5,7931,1634,280,302,92.7,159,181,87.8,45,72,62.5,1,1.3,1.6,-0.3,17,39,10,2,49,Matches,ESP-LALIGA,20-21
bc6f5f06,207,Sergi Gómez,ESP,DF,Sevilla,28,1992,8.0,508,544,93.4,9978,2860,155,164,94.5,297,303,98.0,54,70,77.1,0,0.0,0.0,0.0,1,8,0,0,14,Matches,ESP-LALIGA,20-21
01e5f06e,208,Sergio Gómez,ESP,"MF,FW",Huesca,19,2000,8.8,321,447,71.8,4997,1582,177,198,89.4,104,142,73.2,26,71,36.6,1,1.5,1.4,-0.5,15,26,7,3,34,Matches,ESP-LALIGA,20-21
b8c1de25,209,Maxime Gonalons,FRA,MF,Granada,31,1989,16.4,587,716,82.0,11628,3272,217,250,86.8,274,304,90.1,82,125,65.6,1,1.0,0.4,0.0,7,70,7,0,68,Matches,ESP-LALIGA,20-21
f11fe861,210,Bruno González,ESP,DF,Valladolid,30,1990,25.1,602,798,75.4,12471,4174,184,223,82.5,322,380,84.7,84,171,49.1,0,0.0,0.1,0.0,1,25,0,0,31,Matches,ESP-LALIGA,20-21
4ac7608e,211,Diego González,ESP,DF,Elche,25,1995,14.2,660,744,88.7,12929,4642,213,226,94.2,362,381,95.0,77,119,64.7,0,0.1,0.4,-0.1,1,21,1,0,36,Matches,ESP-LALIGA,20-21
5dd16ace,212,Sergio González,ESP,"MF,DF",Cádiz,23,1997,1.0,20,30,66.7,314,76,7,10,70.0,10,13,76.9,2,4,50.0,0,0.0,0.0,0.0,0,0,0,0,0,Matches,ESP-LALIGA,20-21
c4f5eb61,213,Urko González,ESP,MF,Real Sociedad,19,2001,0.5,28,31,90.3,458,152,16,16,100.0,11,14,78.6,1,1,100.0,0,0.0,0.0,0.0,1,3,1,0,2,Matches,ESP-LALIGA,20-21
6f5f82c0,214,Andoni Gorosabel,ESP,DF,Real Sociedad,23,1996,26.5,1143,1448,78.9,16717,6463,659,741,88.9,362,459,78.9,68,136,50.0,1,2.6,3.3,-1.6,23,76,41,13,107,Matches,ESP-LALIGA,20-21
df69b544,215,Antoine Griezmann,FRA,"FW,MF",Barcelona,29,1991,28.9,1168,1352,86.4,15333,2573,720,791,91.0,287,327,87.8,64,77,83.1,7,5.6,5.6,1.4,42,59,31,3,104,Matches,ESP-LALIGA,20-21
ef322658,216,Andrés Guardado,MEX,MF,Betis,33,1986,14.6,654,787,83.1,11841,2977,290,324,89.5,267,301,88.7,76,116,65.5,0,0.3,0.5,-0.3,8,70,10,1,88,Matches,ESP-LALIGA,20-21
32974271,217,Sergi Guardiola,ESP,FW,Valladolid,29,1991,19.9,343,532,64.5,4691,1003,219,303,72.3,66,101,65.3,28,47,59.6,2,2.0,1.8,0.0,11,19,9,3,34,Matches,ESP-LALIGA,20-21
0076ab7f,218,Nemanja Gudelj,SRB,"MF,DF",Sevilla,28,1991,11.6,731,788,92.8,12997,3297,286,301,95.0,378,394,95.9,48,63,76.2,0,0.0,0.2,0.0,2,31,2,0,26,Matches,ESP-LALIGA,20-21
e6bc67d7,219,Gonçalo Guedes,POR,"MF,FW",Valencia,23,1996,25.4,571,801,71.3,9330,2706,312,377,82.8,185,244,75.8,55,93,59.1,5,4.0,3.3,1.0,34,46,50,8,115,Matches,ESP-LALIGA,20-21
8e48dc61,220,Ander Guevara,ESP,MF,Real Sociedad,23,1997,23.1,1175,1423,82.6,20240,5719,537,621,86.5,483,562,85.9,123,167,73.7,1,0.7,1.0,0.3,14,109,9,1,140,Matches,ESP-LALIGA,20-21
99bebd12,221,John Guidetti,SWE,FW,Alavés,28,1992,2.3,49,73,67.1,675,180,28,35,80.0,10,18,55.6,4,9,44.4,0,0.0,0.0,0.0,1,7,0,0,5,Matches,ESP-LALIGA,20-21
f7c12fbf,222,Hugo Guillamón,ESP,DF,Valencia,20,2000,22.1,1035,1184,87.4,21448,7633,303,330,91.8,575,620,92.7,144,207,69.6,0,0.1,0.3,-0.1,1,75,4,0,93,Matches,ESP-LALIGA,20-21
4c0a6a48,223,Jon Guridi,ESP,MF,Real Sociedad,25,1995,9.2,289,362,79.8,4308,962,169,198,85.4,93,112,83.0,20,26,76.9,1,0.7,0.9,0.3,4,34,7,0,31,Matches,ESP-LALIGA,20-21
0b2c8585,224,Raúl Guti,ESP,MF,Elche,23,1996,31.8,1078,1297,83.1,18831,4470,484,542,89.3,431,473,91.1,115,183,62.8,1,0.6,0.7,0.4,7,88,6,2,95,Matches,ESP-LALIGA,20-21
b3b62f94,225,Marcos Mauro López Gutiérrez,ARG,DF,Cádiz,29,1991,20.3,405,492,82.3,8712,2623,92,107,86.0,247,270,91.5,57,95,60.0,0,0.0,0.0,0.0,2,5,0,0,13,Matches,ESP-LALIGA,20-21
7e98cff1,226,Miguel Gutiérrez,ESP,DF,Real Madrid,19,2001,3.5,240,283,84.8,3202,885,154,164,93.9,64,76,84.2,9,16,56.3,1,0.3,0.3,0.7,4,19,4,1,21,Matches,ESP-LALIGA,20-21
8696bc90,227,Munir El Haddadi,MAR,FW,Sevilla,24,1995,9.4,273,342,79.8,3899,765,152,173,87.9,82,99,82.8,13,28,46.4,2,1.5,1.0,0.5,11,12,14,3,28,Matches,ESP-LALIGA,20-21
a39bb753,228,Eden Hazard,BEL,"FW,MF",Real Madrid,29,1991,5.9,298,340,87.6,3763,670,203,224,90.6,61,66,92.4,13,14,92.9,2,0.8,0.9,1.2,6,16,6,0,20,Matches,ESP-LALIGA,20-21
555f3a0b,229,Mario Hermoso,ESP,DF,Atlético Madrid,25,1995,28.6,1622,1939,83.7,27204,9650,806,873,92.3,640,750,85.3,137,236,58.1,1,0.6,1.3,0.4,10,137,18,2,172,Matches,ESP-LALIGA,20-21
132ac341,230,Aridane Hernández,ESP,DF,Osasuna,31,1989,22.5,568,724,78.5,12383,4416,156,193,80.8,291,332,87.7,110,170,64.7,0,0.4,0.2,-0.4,5,40,2,0,43,Matches,ESP-LALIGA,20-21
a8542814,231,Héctor Herrera,MEX,MF,Atlético Madrid,30,1990,7.6,594,666,89.2,9424,2779,310,329,94.2,202,226,89.4,52,68,76.5,1,0.7,0.6,0.3,6,60,9,0,48,Matches,ESP-LALIGA,20-21
a4995f48,232,Sergio Herrera,ESP,GK,Osasuna,27,1993,32.9,613,1156,53.0,27751,24684,38,38,100.0,122,131,93.1,453,981,46.2,0,0.2,0.2,-0.2,1,66,2,0,1,Matches,ESP-LALIGA,20-21
5083a734,233,Yangel Herrera,VEN,MF,Granada,22,1998,25.7,588,883,66.6,9252,3021,302,412,73.3,224,312,71.8,34,79,43.0,1,1.0,1.6,0.0,11,92,5,1,117,Matches,ESP-LALIGA,20-21
ba5a9545,234,Pablo Hervías,ESP,"DF,MF",Valladolid,27,1993,13.4,549,737,74.5,8890,3139,280,309,90.6,198,259,76.4,50,119,42.0,5,4.0,3.8,1.0,30,38,21,16,53,Matches,ESP-LALIGA,20-21
8a6daac3,235,Jordan Holsgrove,SCO,MF,Celta Vigo,20,1999,1.6,90,104,86.5,1264,259,59,61,96.7,22,25,88.0,5,12,41.7,0,0.0,0.1,0.0,1,7,0,0,3,Matches,ESP-LALIGA,20-21
ad1ffcfd,236,Vicente Iborra,ESP,MF,Villarreal,32,1988,10.3,539,601,89.7,9399,2410,245,261,93.9,212,230,92.2,61,70,87.1,0,0.1,0.3,-0.1,2,33,4,0,34,Matches,ESP-LALIGA,20-21
34caa4b3,237,Oussama Idrissi,MAR,"FW,MF",Sevilla,24,1996,0.3,9,11,81.8,259,25,3,3,100.0,2,2,100.0,4,4,100.0,0,0.0,0.0,0.0,0,0,1,1,1,Matches,ESP-LALIGA,20-21
974322dc,238,Iglesias,ESP,"DF,MF",Getafe,22,1998,6.7,111,216,51.4,2028,966,51,70,72.9,38,74,51.4,17,55,30.9,0,0.4,0.3,-0.4,4,11,5,3,13,Matches,ESP-LALIGA,20-21
75645f0e,239,Borja Iglesias,ESP,FW,Betis,27,1993,15.7,193,276,69.9,2628,382,112,146,76.7,42,59,71.2,17,21,81.0,0,0.7,0.8,-0.7,6,9,5,2,12,Matches,ESP-LALIGA,20-21
5ce0b5ba,240,Asier Illarramendi,ESP,MF,Real Sociedad,30,1990,3.7,253,279,90.7,4328,1430,119,123,96.7,105,113,92.9,23,34,67.6,0,0.0,0.1,0.0,1,29,3,0,29,Matches,ESP-LALIGA,20-21
4b5e7e90,241,Pablo Insua,ESP,DF,Huesca,26,1993,17.6,637,749,85.0,13242,4389,180,203,88.7,361,393,91.9,93,140,66.4,0,0.0,0.1,0.0,1,22,1,0,20,Matches,ESP-LALIGA,20-21
61bd33d0,242,Takashi Inui,JPN,"MF,FW",Eibar,32,1988,20.2,353,531,66.5,5492,1266,194,229,84.7,109,161,67.7,33,84,39.3,0,1.7,1.6,-1.7,14,26,16,10,55,Matches,ESP-LALIGA,20-21
8e92be30,243,Alexander Isak,SWE,FW,Real Sociedad,20,1999,26.0,319,451,70.7,4637,758,175,225,77.8,106,133,79.7,17,31,54.8,2,1.8,2.2,0.2,10,11,17,0,44,Matches,ESP-LALIGA,20-21
a0b4bb3e,244,Isco,ESP,MF,Real Madrid,28,1992,10.1,632,734,86.1,9629,2983,346,363,95.3,200,231,86.6,50,76,65.8,2,1.4,1.4,0.6,19,79,16,0,109,Matches,ESP-LALIGA,20-21
2ceb58ab,245,Jairo Izquierdo,ESP,"MF,DF",Cádiz,26,1993,14.2,327,456,71.7,4890,1584,185,220,84.1,103,138,74.6,23,51,45.1,0,0.8,0.8,-0.8,7,24,7,5,28,Matches,ESP-LALIGA,20-21
689c9cf4,246,Saidy Janko,GAM,DF,Valladolid,24,1995,13.6,436,598,72.9,6728,2484,236,275,85.8,153,197,77.7,32,78,41.0,1,0.5,1.0,0.5,9,29,12,8,33,Matches,ESP-LALIGA,20-21
4737cebe,247,Adnan Januzaj,BEL,"FW,MF",Real Sociedad,25,1995,11.3,397,567,70.0,6787,2355,208,239,87.0,123,160,76.9,48,107,44.9,5,4.0,4.2,1.0,23,28,34,4,67,Matches,ESP-LALIGA,20-21
9038c2a1,248,Jason,ESP,"MF,DF",Valencia,26,1994,4.9,87,139,62.6,1293,443,42,59,71.2,29,45,64.4,7,18,38.9,0,0.5,0.4,-0.5,7,4,5,3,13,Matches,ESP-LALIGA,20-21
eeba07f8,249,Luis Javier Suárez,COL,"FW,MF",Granada,22,1997,18.5,171,292,58.6,2575,673,93,129,72.1,54,89,60.7,13,30,43.3,1,2.0,1.0,-1.0,15,13,11,1,33,Matches,ESP-LALIGA,20-21
4c5b14d2,250,Joaquín,ESP,"FW,MF",Betis,39,1981,14.3,606,759,79.8,8610,2320,353,389,90.7,174,210,82.9,38,83,45.8,6,3.0,2.7,3.0,32,39,24,9,77,Matches,ESP-LALIGA,20-21
fd01216a,251,John Joe,IRL,"MF,FW",Getafe,16,2003,0.7,9,19,47.4,119,50,8,11,72.7,0,1,0.0,1,1,100.0,0,0.0,0.0,0.0,0,0,0,0,1,Matches,ESP-LALIGA,20-21
1bacc518,252,Frenkie de Jong,NED,"MF,DF",Barcelona,23,1997,35.0,2575,2821,91.3,38292,11255,1377,1462,94.2,943,1002,94.1,131,156,84.0,4,5.8,5.6,-1.8,49,243,30,0,238,Matches,ESP-LALIGA,20-21
abb3bb95,253,Luuk de Jong,NED,FW,Sevilla,29,1990,14.1,246,342,71.9,3048,357,157,197,79.7,62,91,68.1,7,12,58.3,0,1.0,0.7,-1.0,11,15,4,0,18,Matches,ESP-LALIGA,20-21
244f57b9,254,Jony,ESP,"MF,FW",Osasuna,29,1991,9.7,223,392,56.9,4316,1823,105,138,76.1,73,126,57.9,41,89,46.1,2,2.7,3.5,-0.7,19,24,33,15,48,Matches,ESP-LALIGA,20-21
2a0c8ba4,255,Joan Jordán,ESP,MF,Sevilla,26,1994,26.7,1771,2034,87.1,31924,7437,802,883,90.8,643,705,91.2,252,326,77.3,6,3.3,4.7,2.7,38,170,34,13,178,Matches,ESP-LALIGA,20-21
5b28b2f6,256,Josan,ESP,"MF,DF",Elche,30,1989,21.4,600,805,74.5,8969,2881,338,385,87.8,179,231,77.5,46,101,45.5,2,1.5,1.6,0.5,16,30,13,10,40,Matches,ESP-LALIGA,20-21
d87e2cae,257,Willian José,BRA,FW,Real Sociedad,28,1991,7.7,178,240,74.2,3204,646,86,111,77.5,56,65,86.2,26,34,76.5,1,1.2,0.4,-0.2,8,8,5,1,19,Matches,ESP-LALIGA,20-21
6265208f,258,Joselu,ESP,FW,Alavés,30,1990,33.6,600,1050,57.1,8740,2199,353,541,65.2,164,296,55.4,46,95,48.4,3,3.8,2.2,-0.8,30,66,19,5,99,Matches,ESP-LALIGA,20-21
ed3f5f4c,259,Josema,ESP,DF,Elche,24,1996,21.8,781,1014,77.0,13596,5724,364,405,89.9,324,407,79.6,73,158,46.2,1,0.5,0.5,0.5,6,39,8,5,48,Matches,ESP-LALIGA,20-21
8c5f1522,260,Jota,POR,"MF,FW",Valladolid,21,1999,7.4,147,211,69.7,2183,355,86,106,81.1,45,59,76.3,10,26,38.5,0,0.4,0.4,-0.4,2,5,1,0,14,Matches,ESP-LALIGA,20-21
9f351459,261,Jota,ESP,MF,Alavés,29,1991,15.5,352,498,70.7,5852,1735,181,206,87.9,129,169,76.3,30,80,37.5,2,2.8,1.3,-0.8,17,38,15,3,55,Matches,ESP-LALIGA,20-21
4d8cd038,262,Luka Jović,SRB,FW,Real Madrid,22,1997,1.7,33,40,82.5,411,30,22,25,88.0,8,8,100.0,1,2,50.0,0,0.1,0.1,-0.1,2,1,0,0,0,Matches,ESP-LALIGA,20-21
84399660,263,Juanmi,ESP,"FW,MF",Betis,27,1993,6.7,116,149,77.9,1409,221,75,88,85.2,26,33,78.8,4,7,57.1,0,0.1,0.1,-0.1,2,1,1,0,6,Matches,ESP-LALIGA,20-21
7111d552,264,Vinicius Júnior,BRA,FW,Real Madrid,20,2000,21.9,657,795,82.6,8053,1540,432,475,90.9,147,182,80.8,21,38,55.3,3,4.8,3.0,-1.8,33,15,29,3,54,Matches,ESP-LALIGA,20-21
53520a67,265,Jens Jønsson,DEN,MF,Cádiz,27,1993,29.1,526,696,75.6,8337,2373,253,324,78.1,201,256,78.5,44,68,64.7,0,1.7,0.6,-1.7,12,40,6,0,58,Matches,ESP-LALIGA,20-21
bb6c6331,266,Damian Kądzior,POL,"FW,MF",Eibar,28,1992,2.2,44,76,57.9,629,166,29,34,85.3,8,16,50.0,4,19,21.1,0,0.0,0.1,0.0,1,2,1,1,6,Matches,ESP-LALIGA,20-21
8455ad90,267,Lee Kang-in,KOR,"FW,MF",Valencia,19,2001,14.0,442,547,80.8,7610,1885,225,241,93.4,136,164,82.9,60,101,59.4,4,2.5,2.3,1.5,22,52,16,2,80,Matches,ESP-LALIGA,20-21
89d1e9fa,268,Stephane Keller,CMR,DF,Alavés,18,2001,0.2,11,13,84.6,215,70,4,5,80.0,6,6,100.0,1,2,50.0,0,0.0,0.0,0.0,0,0,0,0,1,Matches,ESP-LALIGA,20-21
5eebbfdf,269,Kenedy,BRA,"FW,MF",Granada,24,1996,16.3,201,318,63.2,3231,1250,105,131,80.2,56,81,69.1,24,73,32.9,3,2.7,2.0,0.3,17,19,10,7,23,Matches,ESP-LALIGA,20-21
e897d8ba,270,Kiké,ESP,FW,Eibar,30,1989,34.3,574,885,64.9,7558,869,353,460,76.7,142,234,60.7,31,62,50.0,2,2.1,1.0,-0.1,27,30,10,6,53,Matches,ESP-LALIGA,20-21
3da1b6ed,271,Giorgi Kochorashvili,GEO,MF,Levante,21,1999,0.3,6,13,46.2,68,19,5,9,55.6,1,2,50.0,0,1,0.0,0,0.0,0.0,0.0,1,1,0,0,0,Matches,ESP-LALIGA,20-21
e82d2807,272,Kenan Kodro,BIH,"FW,MF",Valladolid,26,1993,5.1,76,117,65.0,1091,164,46,64,71.9,17,29,58.6,7,7,100.0,0,0.2,0.1,-0.2,4,5,0,0,4,Matches,ESP-LALIGA,20-21
e82d2807,273,Kenan Kodro,BIH,"FW,MF",Athletic Club,26,1993,0.5,7,9,77.8,123,5,3,4,75.0,3,3,100.0,1,1,100.0,0,0.0,0.0,0.0,0,1,0,0,1,Matches,ESP-LALIGA,20-21
3a58d075,274,Koba Koindredi,FRA,MF,Valencia,18,2001,0.2,8,10,80.0,116,30,5,5,100.0,2,3,66.7,1,2,50.0,0,0.0,0.0,0.0,0,1,0,0,0,Matches,ESP-LALIGA,20-21
55126f3b,275,Koke,ESP,MF,Atlético Madrid,28,1992,33.6,2178,2483,87.7,34388,10040,1120,1195,93.7,736,808,91.1,192,277,69.3,2,3.1,4.4,-1.1,38,219,35,3,250,Matches,ESP-LALIGA,20-21
cce181df,276,Geoffrey Kondogbia,CTA,MF,Valencia,27,1993,4.9,161,192,83.9,3397,870,57,61,93.4,64,70,91.4,35,46,76.1,0,0.0,0.1,0.0,0,17,0,0,18,Matches,ESP-LALIGA,20-21
cce181df,277,Geoffrey Kondogbia,CTA,MF,Atlético Madrid,27,1993,6.8,329,389,84.6,5350,1372,158,178,88.8,118,133,88.7,34,46,73.9,0,0.4,0.3,-0.4,4,28,5,0,37,Matches,ESP-LALIGA,20-21
e6eadfb8,278,Youssouf Koné,MLI,"DF,MF",Elche,25,1995,0.8,24,29,82.8,351,121,13,14,92.9,7,10,70.0,1,1,100.0,0,0.0,0.0,0.0,0,0,0,0,1,Matches,ESP-LALIGA,20-21
4d1666ff,279,Jules Koundé,FRA,DF,Sevilla,21,1998,33.1,2133,2395,89.1,37121,13036,935,998,93.7,995,1059,94.0,162,255,63.5,1,0.9,0.9,0.1,10,138,9,2,167,Matches,ESP-LALIGA,20-21
6ce1f46f,280,Toni Kroos,GER,MF,Real Madrid,30,1990,23.5,1934,2162,89.5,36054,11496,859,897,95.8,663,714,92.9,322,427,75.4,10,6.9,5.9,3.1,67,259,34,2,269,Matches,ESP-LALIGA,20-21
16aa3654,281,Takefusa Kubo,JPN,"MF,FW",Villarreal,19,2001,3.3,99,136,72.8,1422,404,50,62,80.6,30,40,75.0,9,18,50.0,0,1.1,0.7,-1.1,10,8,7,0,15,Matches,ESP-LALIGA,20-21
16aa3654,282,Takefusa Kubo,JPN,"MF,FW",Getafe,19,2001,8.9,148,215,68.8,1944,699,92,110,83.6,43,58,74.1,5,19,26.3,1,1.2,0.9,-0.2,9,8,6,0,25,Matches,ESP-LALIGA,20-21
2b6dc4d7,283,Kuki,ESP,MF,Valladolid,22,1998,0.3,6,9,66.7,91,26,3,5,60.0,3,3,100.0,0,1,0.0,1,0.0,0.0,1.0,1,0,0,0,1,Matches,ESP-LALIGA,20-21
b7c99b9b,284,Víctor Laguardia,ESP,DF,Alavés,30,1989,29.2,823,1088,75.6,19166,9092,214,248,86.3,431,491,87.8,172,323,53.3,1,0.6,0.8,0.4,4,61,4,0,50,Matches,ESP-LALIGA,20-21
bf12926c,285,Diego Lainez,MEX,"FW,MF",Betis,20,2000,9.6,272,357,76.2,3497,892,175,197,88.8,69,86,80.2,10,25,40.0,2,0.5,1.2,1.5,13,22,12,4,36,Matches,ESP-LALIGA,20-21
8e088e04,286,Toni Lato,ESP,DF,Valencia,22,1997,8.1,276,362,76.2,4642,1427,117,136,86.0,132,160,82.5,22,50,44.0,0,0.2,0.3,-0.2,3,20,2,2,19,Matches,ESP-LALIGA,20-21
f934c5c9,287,Lauti,URU,MF,Celta Vigo,19,2001,0.2,2,3,66.7,24,0,1,2,50.0,1,1,100.0,0,0,,0,0.0,0.0,0.0,0,0,0,0,0,Matches,ESP-LALIGA,20-21
9a64e67e,288,Robin Le Normand,ESP,DF,Real Sociedad,23,1996,30.5,1451,1707,85.0,28317,8443,458,521,87.9,828,912,90.8,143,232,61.6,1,0.4,0.4,0.6,4,66,3,1,101,Matches,ESP-LALIGA,20-21
6c4776b1,289,Jeremías Ledesma,ARG,GK,Cádiz,27,1993,32.0,480,1007,47.7,23277,21612,34,35,97.1,69,80,86.3,374,884,42.3,0,0.0,0.1,0.0,0,53,0,0,1,Matches,ESP-LALIGA,20-21
6eaed4eb,290,Florian Lejeune,FRA,DF,Alavés,29,1991,33.5,1130,1477,76.5,25072,11097,350,421,83.1,582,668,87.1,192,357,53.8,1,0.9,0.3,0.1,7,55,2,0,66,Matches,ESP-LALIGA,20-21
59b7d823,291,Iñigo Lekue,ESP,DF,Athletic Club,27,1993,7.2,327,417,78.4,4972,1785,192,211,91.0,99,130,76.2,30,56,53.6,0,0.4,0.7,-0.4,6,13,7,4,27,Matches,ESP-LALIGA,20-21
4dbd0916,292,Thomas Lemar,FRA,MF,Atlético Madrid,24,1995,15.2,643,806,79.8,9978,2573,335,372,90.1,200,249,80.3,63,98,64.3,3,2.0,2.4,1.0,21,51,17,3,78,Matches,ESP-LALIGA,20-21
4f28a6ff,293,Clément Lenglet,FRA,DF,Barcelona,25,1995,27.5,2130,2320,91.8,36070,13035,981,1019,96.3,943,1001,94.2,159,224,71.0,0,0.8,1.1,-0.8,9,205,19,0,181,Matches,ESP-LALIGA,20-21
d66b9872,294,Pedro León,ESP,"MF,FW",Eibar,33,1986,10.4,207,365,56.7,3614,1238,95,125,76.0,76,117,65.0,26,80,32.5,2,2.6,2.1,-0.6,19,10,14,12,19,Matches,ESP-LALIGA,20-21
0a0cc13c,295,Sergio León,ESP,FW,Levante,31,1989,8.3,96,140,68.6,1242,186,63,76,82.9,28,36,77.8,2,11,18.2,0,0.3,0.2,-0.3,6,5,4,0,11,Matches,ESP-LALIGA,20-21
bba30585,296,Diego Llorente,ESP,DF,Real Sociedad,26,1993,1.0,48,59,81.4,941,274,18,19,94.7,26,29,89.7,4,9,44.4,0,0.0,0.0,0.0,0,3,0,0,3,Matches,ESP-LALIGA,20-21
02c15616,297,Marcos Llorente,ESP,"MF,FW",Atlético Madrid,25,1995,32.8,1097,1355,81.0,16495,4008,585,656,89.2,349,420,83.1,83,120,69.2,11,5.6,5.4,5.4,44,80,37,12,140,Matches,ESP-LALIGA,20-21
ed9f7cfe,298,Renan Lodi,BRA,"DF,FW",Atlético Madrid,22,1998,12.5,577,749,77.0,9262,2640,321,362,88.7,200,263,76.0,43,77,55.8,2,1.8,1.5,0.2,12,17,19,7,36,Matches,ESP-LALIGA,20-21
88a359d4,299,Adrián López,ESP,"FW,MF",Osasuna,32,1988,5.3,137,191,71.7,1792,386,86,107,80.4,39,54,72.2,5,9,55.6,1,0.2,0.2,0.8,4,10,6,1,23,Matches,ESP-LALIGA,20-21
e9ada8cf,300,Javi López,ESP,"DF,MF",Alavés,18,2002,2.8,109,146,74.7,1815,573,57,66,86.4,35,47,74.5,13,22,59.1,0,0.1,0.2,-0.1,3,4,5,3,7,Matches,ESP-LALIGA,20-21
a60823a4,301,Pedro López Muñoz,ESP,DF,Huesca,36,1983,11.9,536,662,81.0,9343,3193,261,287,90.9,217,260,83.5,52,91,57.1,1,1.6,1.1,-0.6,7,33,12,7,48,Matches,ESP-LALIGA,20-21
2a8c9f98,302,Roberto López,ESP,"MF,FW",Real Sociedad,20,2000,5.6,176,248,71.0,2680,676,89,104,85.6,64,85,75.3,9,31,29.0,0,1.0,0.5,-1.0,7,18,7,1,30,Matches,ESP-LALIGA,20-21
88050721,303,Unai López,ESP,MF,Athletic Club,24,1995,15.8,850,1024,83.0,16441,4133,352,392,89.8,309,355,87.0,148,208,71.2,0,1.7,1.3,-1.7,18,91,18,3,97,Matches,ESP-LALIGA,20-21
38699c72,304,Anthony Lozano,HON,FW,Cádiz,27,1993,16.9,158,273,57.9,2040,624,97,130,74.6,39,72,54.2,6,17,35.3,1,0.8,0.7,0.2,11,23,10,2,39,Matches,ESP-LALIGA,20-21
8abefbcf,305,Jeison Lucumí,COL,MF,Elche,25,1995,0.5,8,11,72.7,115,13,5,6,83.3,3,3,100.0,0,0,,0,0.0,0.0,0.0,0,0,0,0,1,Matches,ESP-LALIGA,20-21
b05e2dbd,306,José Luis Gayà,ESP,DF,Valencia,25,1995,31.6,1172,1511,77.6,20400,6297,557,620,89.8,476,575,82.8,115,237,48.5,7,3.9,4.3,3.1,36,68,40,13,119,Matches,ESP-LALIGA,20-21
4a478107,307,José Luis Morales,ESP,"MF,FW",Levante,33,1987,27.1,495,734,67.4,8136,2171,247,304,81.3,161,231,69.7,59,115,51.3,3,4.9,4.2,-1.9,34,34,27,7,75,Matches,ESP-LALIGA,20-21
a7f00c8c,308,Luisinho,POR,DF,Huesca,35,1985,2.0,98,119,82.4,1560,520,60,66,90.9,32,39,82.1,6,11,54.5,0,0.1,0.1,-0.1,1,4,1,1,8,Matches,ESP-LALIGA,20-21
c2cfbfc9,309,Luismi,ESP,"MF,DF",Elche,28,1992,1.9,97,115,84.3,1981,554,33,38,86.8,43,48,89.6,17,24,70.8,0,0.0,0.0,0.0,0,9,0,0,6,Matches,ESP-LALIGA,20-21
ed6ea4d9,310,Darwin Machís,VEN,"FW,MF",Granada,27,1993,22.5,327,552,59.2,5502,1806,182,228,79.8,93,154,60.4,40,112,35.7,5,5.0,3.5,0.0,25,30,14,10,37,Matches,ESP-LALIGA,20-21
5db04597,311,Pablo Maffeo,ESP,DF,Huesca,23,1997,21.8,753,1098,68.6,12999,4707,375,440,85.2,294,400,73.5,74,192,38.5,4,2.7,2.5,1.3,17,49,26,16,60,Matches,ESP-LALIGA,20-21
ab99e4a0,312,Abdallahi Mahmoud,MTN,MF,Alavés,20,2000,0.7,13,15,86.7,214,86,6,6,100.0,6,6,100.0,1,2,50.0,0,0.0,0.0,0.0,1,2,0,0,1,Matches,ESP-LALIGA,20-21
00b28772,313,Nemanja Maksimović,SRB,MF,Getafe,25,1995,30.3,582,787,74.0,8676,2018,286,355,80.6,189,255,74.1,43,84,51.2,0,0.9,1.1,-0.9,19,37,15,10,55,Matches,ESP-LALIGA,20-21
04981123,314,Filip Malbašić,SRB,"FW,MF",Cádiz,27,1992,9.6,90,170,52.9,1338,387,40,64,62.5,33,57,57.9,7,21,33.3,1,0.7,0.3,0.3,4,11,4,2,18,Matches,ESP-LALIGA,20-21
cb574619,315,Hugo Mallo,ESP,DF,Celta Vigo,29,1991,28.9,1315,1752,75.1,19910,8209,732,848,86.3,458,603,76.0,83,204,40.7,1,3.1,2.6,-2.1,17,82,23,9,112,Matches,ESP-LALIGA,20-21
bbc19252,316,Mickael Malsa,MTQ,MF,Levante,24,1995,26.0,1167,1384,84.3,21105,6432,497,549,90.5,512,584,87.7,134,201,66.7,0,0.6,1.1,-0.6,12,124,7,0,137,Matches,ESP-LALIGA,20-21
fbd6378b,317,Aïssa Mandi,ALG,DF,Betis,28,1991,26.6,1387,1526,90.9,27767,10336,450,484,93.0,748,785,95.3,173,228,75.9,1,0.8,0.2,0.2,4,46,1,0,62,Matches,ESP-LALIGA,20-21
f520049f,318,Eliaquim Mangala,FRA,DF,Valencia,29,1991,3.6,75,108,69.4,1358,533,27,33,81.8,43,57,75.4,4,11,36.4,0,0.0,0.0,0.0,0,3,0,0,3,Matches,ESP-LALIGA,20-21
603116a7,319,Marcelo,BRA,"DF,MF",Real Madrid,32,1988,11.7,699,876,79.8,10748,3399,396,442,89.6,227,277,81.9,49,97,50.5,2,1.5,2.4,0.5,16,74,28,9,96,Matches,ESP-LALIGA,20-21
b14f755d,320,Iván Marcone,ARG,MF,Elche,30,1990,29.4,1319,1521,86.7,23990,7582,547,606,90.3,581,636,91.4,152,203,74.9,0,0.6,0.5,-0.6,10,107,5,1,103,Matches,ESP-LALIGA,20-21
9f323c71,321,Óscar de Marcos,ESP,"DF,MF",Athletic Club,31,1989,16.9,571,774,73.8,8547,2864,327,387,84.5,191,260,73.5,35,66,53.0,2,2.0,1.8,0.0,12,37,14,5,49,Matches,ESP-LALIGA,20-21
6f4c734d,322,José Mari,ESP,MF,Cádiz,32,1987,16.1,321,471,68.2,6494,2048,119,158,75.3,125,163,76.7,62,114,54.4,0,0.5,0.3,-0.5,8,38,1,0,38,Matches,ESP-LALIGA,20-21
f0da930c,323,José María Giménez,URU,DF,Atlético Madrid,25,1995,19.6,974,1128,86.3,19119,6871,348,378,92.1,481,518,92.9,127,197,64.5,0,0.2,0.3,-0.2,4,39,2,0,59,Matches,ESP-LALIGA,20-21
5c4dc0ff,324,Mariano,DOM,FW,Real Madrid,26,1993,5.7,75,107,70.1,1034,160,44,58,75.9,18,24,75.0,4,6,66.7,0,0.1,0.2,-0.1,2,4,2,0,8,Matches,ESP-LALIGA,20-21
b7f2edff,325,Adrián Marín,ESP,"DF,MF",Alavés,23,1997,1.0,38,55,69.1,574,293,21,24,87.5,15,19,78.9,2,8,25.0,0,0.0,0.1,0.0,1,2,1,1,6,Matches,ESP-LALIGA,20-21
b7f2edff,326,Adrián Marín,ESP,"DF,MF",Granada,23,1997,3.0,85,130,65.4,1490,896,36,46,78.3,39,55,70.9,7,19,36.8,1,0.3,0.1,0.7,1,10,1,1,17,Matches,ESP-LALIGA,20-21
0ae4e09a,327,Roger Martí,ESP,FW,Levante,29,1991,24.4,357,519,68.8,4948,1049,231,293,78.8,86,129,66.7,20,36,55.6,4,2.8,2.4,1.2,18,26,13,0,44,Matches,ESP-LALIGA,20-21
2f3e911a,328,Aarón Martín,ESP,DF,Celta Vigo,23,1997,17.1,675,866,77.9,10129,3019,373,407,91.6,245,319,76.8,35,93,37.6,3,0.8,1.0,2.2,6,29,7,3,42,Matches,ESP-LALIGA,20-21
80153344,329,Álex Martín,ESP,DF,Cádiz,22,1998,1.1,31,41,75.6,685,299,11,11,100.0,13,14,92.9,7,13,53.8,0,0.0,0.0,0.0,0,2,0,0,3,Matches,ESP-LALIGA,20-21
3fc45c73,330,Iñigo Martínez,ESP,DF,Athletic Club,29,1991,28.0,1208,1472,82.1,25726,9659,350,384,91.1,624,694,89.9,216,342,63.2,0,0.5,1.0,-0.5,6,117,5,0,125,Matches,ESP-LALIGA,20-21
3672b352,331,Javi Martínez,ESP,"MF,FW",Osasuna,20,1999,5.1,104,157,66.2,1565,319,61,83,73.5,30,46,65.2,8,14,57.1,1,0.4,0.4,0.6,6,9,5,1,11,Matches,ESP-LALIGA,20-21
efaefda0,332,Marvin,ESP,"DF,MF",Real Madrid,20,2000,1.5,68,85,80.0,943,245,38,41,92.7,24,28,85.7,2,6,33.3,1,0.1,0.0,0.9,2,2,1,0,6,Matches,ESP-LALIGA,20-21
8fae77ea,333,Jordi Masip,ESP,GK,Valladolid,31,1989,25.0,422,802,52.6,15312,12956,42,42,100.0,174,177,98.3,206,577,35.7,0,0.0,0.0,0.0,0,15,0,0,0,Matches,ESP-LALIGA,20-21
02319ad7,334,Jaime Mata,ESP,FW,Getafe,31,1988,22.6,389,598,65.1,4741,1021,256,356,71.9,81,117,69.2,16,37,43.2,0,1.2,1.7,-1.2,15,20,10,3,32,Matches,ESP-LALIGA,20-21
64e8ed6d,335,Borja Mayoral,ESP,FW,Real Madrid,23,1997,0.3,3,5,60.0,48,0,0,0,,3,4,75.0,0,1,0.0,0,0.0,0.0,0.0,0,0,0,0,0,Matches,ESP-LALIGA,20-21
3902e91b,336,Gonzalo Melero,ESP,"MF,FW",Levante,26,1994,20.6,920,1044,88.1,13849,3529,521,566,92.0,323,362,89.2,47,55,85.5,1,1.5,1.1,-0.5,21,92,8,0,112,Matches,ESP-LALIGA,20-21
c9e39d91,337,Brais Méndez,ESP,"MF,FW",Celta Vigo,23,1997,29.7,919,1193,77.0,13048,3749,551,652,84.5,250,323,77.4,59,94,62.8,0,2.3,3.0,-2.3,18,80,28,3,118,Matches,ESP-LALIGA,20-21
aed746df,338,Édgar Méndez,ESP,"MF,FW",Alavés,30,1990,23.2,259,475,54.5,4339,1237,136,201,67.7,89,156,57.1,28,72,38.9,1,1.6,0.8,-0.6,18,14,15,9,23,Matches,ESP-LALIGA,20-21
aa7da569,339,Eñaut Mendía,ESP,FW,Eibar,21,1999,0.7,4,11,36.4,62,15,3,5,60.0,1,4,25.0,0,0,,0,0.0,0.0,0.0,0,0,0,0,1,Matches,ESP-LALIGA,20-21
3cefcaef,340,Ferland Mendy,FRA,DF,Real Madrid,25,1995,24.5,1302,1466,88.8,18267,4613,781,820,95.2,386,443,87.1,68,92,73.9,0,0.9,2.1,-0.9,18,49,24,4,97,Matches,ESP-LALIGA,20-21
d080ed5e,341,Mikel Merino,ESP,MF,Real Sociedad,24,1996,23.9,908,1217,74.6,14588,4803,471,558,84.4,317,400,79.3,84,149,56.4,4,3.4,2.3,0.6,29,139,32,1,181,Matches,ESP-LALIGA,20-21
ddd5348b,342,Martín Merquelanz,ESP,"MF,FW",Real Sociedad,25,1995,6.1,176,259,68.0,2993,732,89,105,84.8,64,92,69.6,19,40,47.5,1,2.1,2.2,-1.1,9,12,7,1,19,Matches,ESP-LALIGA,20-21
7c4243d4,343,Roque Mesa,ESP,MF,Valladolid,31,1989,19.6,713,927,76.9,12780,3723,318,352,90.3,292,357,81.8,83,159,52.2,0,0.8,1.7,-0.8,16,100,18,5,106,Matches,ESP-LALIGA,20-21
d70ce98e,344,Lionel Messi,ARG,"FW,MF",Barcelona,33,1987,33.6,1954,2402,81.3,27676,9454,1162,1290,90.1,533,639,83.4,130,222,58.6,9,9.5,13.4,-0.5,77,246,131,11,335,Matches,ESP-LALIGA,20-21
bdc14559,345,Omenuke Mfulu,COD,MF,Elche,26,1994,8.8,300,345,87.0,5027,1046,139,153,90.8,127,137,92.7,26,33,78.8,0,0.1,0.1,-0.1,2,15,0,0,18,Matches,ESP-LALIGA,20-21
418f8f61,346,Míchel,ESP,MF,Valladolid,32,1988,10.5,551,694,79.4,9902,2864,247,268,92.2,208,252,82.5,76,133,57.1,0,0.6,1.0,-0.6,11,54,4,1,65,Matches,ESP-LALIGA,20-21
2784f898,347,Éder Militão,BRA,DF,Real Madrid,22,1998,12.6,714,791,90.3,14621,4670,230,240,95.8,368,391,94.1,106,140,75.7,0,0.0,0.2,0.0,0,34,1,1,24,Matches,ESP-LALIGA,20-21
19c36442,348,Luis Milla,ESP,MF,Granada,25,1994,13.9,416,544,76.5,7699,2376,178,201,88.6,178,218,81.7,55,97,56.7,1,2.3,2.2,-1.3,17,39,11,2,56,Matches,ESP-LALIGA,20-21
335039a2,349,Pere Milla,ESP,"FW,MF",Elche,27,1992,22.0,428,595,71.9,5725,1143,273,326,83.7,102,137,74.5,24,41,58.5,3,2.1,1.1,0.9,14,30,7,0,46,Matches,ESP-LALIGA,20-21
29ad0dd4,350,Álex Millán,ESP,FW,Villarreal,20,1999,0.0,0,1,0.0,0,0,0,0,,0,1,0.0,0,0,,0,0.0,0.0,0.0,0,0,0,0,0,Matches,ESP-LALIGA,20-21
0b90bb97,351,Santi Mina,ESP,FW,Celta Vigo,24,1995,26.8,438,617,71.0,5351,921,284,366,77.6,89,134,66.4,20,32,62.5,3,1.9,1.5,1.1,15,21,6,0,40,Matches,ESP-LALIGA,20-21
056269d7,352,Óscar Mingueza,ESP,DF,Barcelona,21,1999,21.1,1545,1683,91.8,23355,7049,805,842,95.6,623,650,95.8,66,105,62.9,2,0.9,1.5,1.1,8,107,9,2,99,Matches,ESP-LALIGA,20-21
bbf5c11b,353,Rafa Mir,ESP,FW,Huesca,23,1997,32.0,249,457,54.5,3664,1017,139,204,68.1,80,140,57.1,14,40,35.0,1,1.0,1.0,0.0,9,23,4,0,39,Matches,ESP-LALIGA,20-21
7f4c7c9f,354,Jorge Miramón,ESP,DF,Levante,31,1989,19.2,807,1055,76.5,13640,5476,408,459,88.9,326,407,80.1,65,144,45.1,3,1.7,2.2,1.3,16,46,32,12,83,Matches,ESP-LALIGA,20-21
ead61f73,355,Juan Miranda,ESP,DF,Betis,20,2000,18.4,691,952,72.6,10444,4399,391,453,86.3,218,315,69.2,51,114,44.7,2,1.5,1.4,0.5,12,57,16,9,68,Matches,ESP-LALIGA,20-21
6025fab1,356,Luka Modrić,CRO,MF,Real Madrid,34,1985,30.4,1979,2312,85.6,33585,10175,967,1049,92.2,655,746,87.8,243,325,74.8,3,4.6,5.4,-1.6,50,212,58,6,283,Matches,ESP-LALIGA,20-21
608f2092,357,Johan Mojica,COL,DF,Elche,27,1992,13.4,504,711,70.9,8341,4253,251,287,87.5,183,242,75.6,57,130,43.8,0,0.8,0.9,-0.8,10,33,13,10,35,Matches,ESP-LALIGA,20-21
0bbab654,358,Guillem Molina,ESP,DF,Valencia,20,2000,1.7,56,69,81.2,934,268,27,36,75.0,28,29,96.6,1,3,33.3,0,0.0,0.0,0.0,0,1,0,0,2,Matches,ESP-LALIGA,20-21
43f71e77,359,Jorge Molina,ESP,FW,Granada,38,1982,17.9,289,476,60.7,3929,1194,173,245,70.6,71,121,58.7,18,29,62.1,2,2.3,1.9,-0.3,21,35,19,0,56,Matches,ESP-LALIGA,20-21
23fffc06,360,Victor Mollejo,ESP,"MF,DF",Getafe,19,2001,0.8,24,36,66.7,256,44,20,24,83.3,4,10,40.0,0,1,0.0,0,0.1,0.0,-0.1,2,1,0,0,2,Matches,ESP-LALIGA,20-21
9939e168,361,Jon Moncayola,ESP,MF,Osasuna,22,1998,29.6,934,1165,80.2,18043,4945,372,438,84.9,391,461,84.8,148,209,70.8,0,1.4,2.0,-1.4,18,92,16,3,111,Matches,ESP-LALIGA,20-21
d4cb83cc,362,Nacho Monreal,ESP,DF,Real Sociedad,34,1986,23.1,976,1235,79.0,14745,5438,536,593,90.4,353,433,81.5,55,118,46.6,1,1.3,1.3,-0.3,11,50,9,5,71,Matches,ESP-LALIGA,20-21
719384c1,363,Ángel Montoro,ESP,MF,Granada,32,1988,15.1,515,733,70.3,11096,3887,195,226,86.3,203,257,79.0,105,194,54.1,1,2.7,2.5,-1.7,22,74,20,8,91,Matches,ESP-LALIGA,20-21
5cec2487,364,Martín Montoya,ESP,DF,Betis,29,1991,2.7,126,164,76.8,1977,582,72,81,88.9,42,58,72.4,10,16,62.5,0,0.4,0.3,-0.4,4,9,2,1,17,Matches,ESP-LALIGA,20-21
0c3f7197,365,Emre Mor,TUR,"FW,MF",Celta Vigo,23,1997,5.6,85,116,73.3,1128,221,47,60,78.3,22,27,81.5,6,10,60.0,0,0.3,0.2,-0.3,3,4,2,0,7,Matches,ESP-LALIGA,20-21
b7d7f3bf,366,Jon Morcillo,ESP,"MF,FW",Athletic Club,21,1998,15.1,316,526,60.1,5415,1944,164,206,79.6,102,168,60.7,37,103,35.9,2,2.6,2.0,-0.6,24,22,15,8,51,Matches,ESP-LALIGA,20-21
11b9265b,367,Alberto Moreno,ESP,DF,Villarreal,28,1992,2.1,85,101,84.2,1328,360,40,43,93.0,32,35,91.4,7,11,63.6,0,0.0,0.1,0.0,0,5,2,0,9,Matches,ESP-LALIGA,20-21
16e9d0ea,368,Álex Moreno,ESP,DF,Betis,27,1993,19.8,897,1163,77.1,13461,4579,508,572,88.8,302,374,80.7,51,132,38.6,2,2.8,2.5,-0.8,17,53,16,7,65,Matches,ESP-LALIGA,20-21
81f0781e,369,Gerard Moreno,ESP,FW,Villarreal,28,1992,29.7,757,1112,68.1,12864,3271,380,486,78.2,250,337,74.2,93,151,61.6,7,7.4,4.9,-0.4,44,77,43,10,132,Matches,ESP-LALIGA,20-21
004d185e,370,Tete Morente,ESP,"MF,FW",Elche,23,1996,22.4,539,734,73.4,8133,1919,330,373,88.5,134,178,75.3,46,97,47.4,5,1.9,1.9,3.1,15,23,21,13,48,Matches,ESP-LALIGA,20-21
f4c69aa6,371,Ilaix Moriba,GUI,MF,Barcelona,17,2003,6.0,339,373,90.9,4286,766,207,220,94.1,96,102,94.1,9,12,75.0,2,0.9,0.7,1.1,7,33,4,0,25,Matches,ESP-LALIGA,20-21
3aa4a3be,372,Loren Morón,ESP,FW,Betis,26,1993,11.0,117,187,62.6,1785,578,70,96,72.9,28,49,57.1,10,18,55.6,0,0.4,0.5,-0.4,7,16,4,1,23,Matches,ESP-LALIGA,20-21
c5fa58ea,373,Pedro Mosquera,ESP,MF,Huesca,32,1988,22.8,1033,1215,85.0,19068,5624,448,498,90.0,422,473,89.2,137,195,70.3,0,0.7,0.9,-0.7,13,105,10,4,141,Matches,ESP-LALIGA,20-21
933e8c8a,374,Javi Moyano,ESP,DF,Valladolid,34,1986,1.1,28,41,68.3,517,204,13,18,72.2,12,14,85.7,2,7,28.6,0,0.0,0.0,0.0,0,1,0,0,1,Matches,ESP-LALIGA,20-21
c05dfb74,375,Iker Muniain,ESP,"MF,FW",Athletic Club,27,1992,21.6,850,1042,81.6,13062,3809,455,498,91.4,277,331,83.7,67,119,56.3,3,3.4,3.3,-0.4,35,84,36,4,164,Matches,ESP-LALIGA,20-21
228b0d9d,376,Aihen Muñoz,ESP,DF,Real Sociedad,22,1997,13.4,505,747,67.6,8945,3737,222,257,86.4,213,296,72.0,58,142,40.8,1,0.5,1.0,0.5,6,38,11,8,41,Matches,ESP-LALIGA,20-21
e9fbcc21,377,Joaquín Muñoz,ESP,FW,Huesca,21,1999,0.5,10,17,58.8,87,24,7,9,77.8,1,1,100.0,0,1,0.0,0,0.0,0.0,0.0,1,2,0,0,2,Matches,ESP-LALIGA,20-21
b233e8e4,378,Jeison Murillo,COL,DF,Celta Vigo,28,1992,30.0,1438,1633,88.1,29808,9219,394,435,90.6,843,907,92.9,186,264,70.5,0,0.2,0.2,-0.2,3,43,1,0,53,Matches,ESP-LALIGA,20-21
b51b1b9c,379,Yunus Musah,USA,MF,Valencia,17,2002,17.0,314,431,72.9,4424,684,191,231,82.7,89,136,65.4,15,27,55.6,0,1.1,0.8,-1.1,8,13,12,3,20,Matches,ESP-LALIGA,20-21
5343eb4e,380,Yoshinori Mutō,JPN,"FW,MF",Eibar,28,1992,12.5,151,230,65.7,1782,444,100,124,80.6,29,59,49.2,6,13,46.2,1,1.3,0.8,-0.3,11,9,3,0,21,Matches,ESP-LALIGA,20-21
e29d1111,381,Nacho,ESP,DF,Valladolid,31,1989,20.1,736,1050,70.1,12799,5631,342,393,87.0,302,389,77.6,73,200,36.5,1,1.4,1.7,-0.4,22,65,17,10,80,Matches,ESP-LALIGA,20-21
2946f9a1,382,Nacho,ESP,DF,Real Madrid,30,1990,22.2,1124,1259,89.3,19368,7068,502,537,93.5,488,522,93.5,102,147,69.4,0,0.3,0.6,-0.3,4,76,4,2,72,Matches,ESP-LALIGA,20-21
217011a0,383,Nano,ESP,FW,Cádiz,25,1995,0.1,1,3,33.3,14,0,1,3,33.3,0,0,,0,0,,0,0.0,0.0,0.0,0,0,0,0,0,Matches,ESP-LALIGA,20-21
c997b942,384,Roberto Navarro,ESP,MF,Real Sociedad,18,2002,0.4,17,22,77.3,262,81,9,9,100.0,6,8,75.0,1,3,33.3,0,0.1,0.0,-0.1,1,2,0,0,3,Matches,ESP-LALIGA,20-21
8db394aa,385,Ximo Navarro,ESP,DF,Alavés,30,1990,26.4,802,1077,74.5,14278,5611,365,442,82.6,330,430,76.7,92,157,58.6,1,0.6,1.0,0.4,8,54,12,8,59,Matches,ESP-LALIGA,20-21
3f10bd22,386,Jesús Navas,ESP,DF,Sevilla,34,1985,31.4,1668,2113,78.9,27107,8026,884,967,91.4,572,728,78.6,160,282,56.7,6,7.6,8.0,-1.6,64,82,80,46,152,Matches,ESP-LALIGA,20-21
ad178594,387,Raúl Navas,ESP,DF,Osasuna,32,1988,1.9,40,54,74.1,974,516,12,14,85.7,12,17,70.6,15,22,68.2,0,0.0,0.0,0.0,1,3,0,0,4,Matches,ESP-LALIGA,20-21
63b0ca6b,388,Álvaro Negredo,ESP,FW,Cádiz,34,1985,24.4,322,578,55.7,4793,997,170,268,63.4,95,158,60.1,26,58,44.8,4,3.9,1.9,0.1,20,29,14,0,44,Matches,ESP-LALIGA,20-21
a9dc785c,389,Neto,BRA,GK,Barcelona,31,1989,7.0,212,242,87.6,4439,2745,67,67,100.0,103,104,99.0,42,68,61.8,0,0.0,0.0,0.0,0,0,0,0,1,Matches,ESP-LALIGA,20-21
8d47bb39,390,Carlos Neva,ESP,DF,Granada,24,1996,20.0,421,627,67.1,6605,2782,227,262,86.6,155,234,66.2,26,75,34.7,0,0.3,0.4,-0.3,6,34,7,6,34,Matches,ESP-LALIGA,20-21
64a76620,391,Mamor Niang,SEN,"MF,FW",Getafe,18,2002,0.2,4,4,100.0,35,4,3,3,100.0,0,0,,0,0,,0,0.0,0.0,0.0,0,0,0,0,0,Matches,ESP-LALIGA,20-21
3afeb49f,392,Nieto,ESP,"FW,DF",Cádiz,22,1998,0.2,3,3,100.0,24,0,3,3,100.0,0,0,,0,0,,0,0.2,0.0,-0.2,1,0,0,0,0,Matches,ESP-LALIGA,20-21
c14bc029,393,Saúl Ñíguez,ESP,"MF,DF",Atlético Madrid,25,1994,22.6,976,1180,82.7,13205,3413,575,655,87.8,292,357,81.8,42,64,65.6,1,1.7,1.4,-0.7,23,62,20,2,82,Matches,ESP-LALIGA,20-21
03dc5b1f,394,Nino,ESP,"FW,MF",Elche,40,1980,3.2,106,120,88.3,1488,256,65,70,92.9,25,26,96.2,8,13,61.5,0,0.7,0.5,-0.7,2,9,0,0,6,Matches,ESP-LALIGA,20-21
81d5c497,395,Fernando Niño,ESP,FW,Villarreal,19,2000,6.6,94,129,72.9,1201,152,59,73,80.8,22,26,84.6,4,7,57.1,0,0.2,0.2,-0.2,3,4,4,0,9,Matches,ESP-LALIGA,20-21
b2d0ec1b,396,Nolito,ESP,"MF,FW",Celta Vigo,33,1986,28.9,725,1007,72.0,11843,3717,359,432,83.1,269,355,75.8,69,133,51.9,5,5.1,3.8,-0.1,35,71,36,3,126,Matches,ESP-LALIGA,20-21
be170419,397,Unai Núñez,ESP,DF,Athletic Club,23,1997,23.4,988,1193,82.8,21968,7763,259,295,87.8,547,611,89.5,177,262,67.6,1,0.3,0.4,0.7,6,59,2,0,65,Matches,ESP-LALIGA,20-21
877f31c2,398,Kelechi Nwakali,NGA,"MF,FW",Huesca,22,1998,1.6,70,81,86.4,1304,362,34,36,94.4,28,31,90.3,8,13,61.5,0,0.0,0.0,0.0,1,4,0,0,8,Matches,ESP-LALIGA,20-21
97572117,399,Allan Nyom,CMR,"MF,DF",Getafe,32,1988,25.8,577,903,63.9,9417,3925,301,385,78.2,208,295,70.5,52,157,33.1,2,2.3,1.6,-0.3,17,54,22,20,59,Matches,ESP-LALIGA,20-21
ee8508c0,400,Jan Oblak,SVN,GK,Atlético Madrid,27,1993,38.0,642,1005,63.9,20935,15888,87,87,100.0,230,233,98.7,322,679,47.4,0,0.0,0.0,0.0,0,9,0,0,0,Matches,ESP-LALIGA,20-21
a08b974a,401,Lucas Ocampos,ARG,FW,Sevilla,26,1994,29.2,736,991,74.3,10477,2539,423,500,84.6,227,290,78.3,39,81,48.1,4,5.6,3.2,-1.6,33,42,21,4,98,Matches,ESP-LALIGA,20-21
1d1691ad,402,Álvaro Odriozola,ESP,DF,Real Madrid,24,1995,9.2,398,466,85.4,5784,1414,226,240,94.2,138,166,83.1,19,32,59.4,0,0.6,1.1,-0.6,8,13,12,8,14,Matches,ESP-LALIGA,20-21
68796d61,403,Shinji Okazaki,JPN,"FW,MF",Huesca,34,1986,12.5,129,174,74.1,1669,314,69,88,78.4,41,49,83.7,4,6,66.7,1,0.2,0.1,0.8,6,8,1,0,12,Matches,ESP-LALIGA,20-21
4cee5954,404,Lucas Olaza,URU,DF,Valladolid,26,1994,14.0,493,701,70.3,8241,3906,245,284,86.3,195,268,72.8,42,111,37.8,1,1.2,1.3,-0.2,14,34,14,8,47,Matches,ESP-LALIGA,20-21
4cee5954,405,Lucas Olaza,URU,DF,Celta Vigo,26,1994,17.9,754,999,75.5,12028,4250,386,442,87.3,292,386,75.6,48,105,45.7,2,2.8,2.0,-0.8,14,38,17,9,58,Matches,ESP-LALIGA,20-21
d3b888e3,406,Christian Oliva,URU,MF,Valencia,24,1996,2.2,85,104,81.7,1408,319,40,48,83.3,33,34,97.1,7,13,53.8,2,0.1,0.1,1.9,2,5,1,1,8,Matches,ESP-LALIGA,20-21
72b07a9c,407,Kiko Olivas,ESP,DF,Valladolid,31,1988,2.0,89,105,84.8,1570,689,41,45,91.1,36,38,94.7,10,16,62.5,0,0.0,0.0,0.0,0,4,0,0,6,Matches,ESP-LALIGA,20-21
a8fbae1d,408,Paulo Oliveira,POR,DF,Eibar,28,1992,29.3,835,1226,68.1,19006,7200,195,245,79.6,466,577,80.8,166,366,45.4,1,0.8,1.0,0.2,2,87,8,0,80,Matches,ESP-LALIGA,20-21
41c12f75,409,Mathías Olivera,URU,DF,Getafe,22,1997,29.0,783,1168,67.0,12139,5744,434,538,80.7,249,370,67.3,62,146,42.5,0,2.1,2.0,-2.1,21,60,16,11,102,Matches,ESP-LALIGA,20-21
a83d8b0c,410,Javier Ontiveros,ESP,"FW,MF",Huesca,22,1997,10.2,355,467,76.0,5349,1592,213,248,85.9,94,125,75.2,29,61,47.5,1,2.1,2.0,-1.1,18,35,11,3,42,Matches,ESP-LALIGA,20-21
c90977db,411,Fabián Orellana,CHI,"MF,FW",Valladolid,34,1986,23.8,572,796,71.9,9604,2228,294,351,83.8,186,247,75.3,65,125,52.0,2,3.5,3.8,-1.5,32,38,31,12,77,Matches,ESP-LALIGA,20-21
8c3c640c,412,Mikel Oyarzabal,ESP,"FW,MF",Real Sociedad,23,1997,26.8,673,978,68.8,10783,2762,352,429,82.1,209,282,74.1,67,160,41.9,8,7.7,6.3,0.3,51,36,40,6,89,Matches,ESP-LALIGA,20-21
97852360,413,Fernando Pacheco,ESP,GK,Alavés,28,1992,37.2,748,1083,69.1,25926,21077,118,119,99.2,259,267,97.0,368,686,53.6,0,0.0,0.1,0.0,0,24,0,0,0,Matches,ESP-LALIGA,20-21
44150beb,414,Jon Pacheco,ESP,DF,Real Sociedad,19,2001,0.4,46,50,92.0,751,212,22,22,100.0,21,21,100.0,3,6,50.0,0,0.0,0.0,0.0,0,8,0,0,6,Matches,ESP-LALIGA,20-21
ac8b2421,415,Helibelton Palacios,COL,DF,Elche,27,1993,8.3,247,329,75.1,4067,1932,128,139,92.1,93,119,78.2,23,57,40.4,0,0.2,0.5,-0.2,3,18,6,6,21,Matches,ESP-LALIGA,20-21
cd9b37a3,416,Ante Palaversa,CRO,MF,Getafe,20,2000,0.1,7,10,70.0,131,90,4,5,80.0,1,2,50.0,2,3,66.7,0,0.1,0.1,-0.1,2,0,0,0,0,Matches,ESP-LALIGA,20-21
7460ca0d,417,Daniel Parejo,ESP,MF,Villarreal,31,1989,34.6,2454,2794,87.8,43180,14807,1201,1282,93.7,892,967,92.2,304,426,71.4,5,5.2,5.6,-0.2,43,277,41,6,320,Matches,ESP-LALIGA,20-21
529f49ab,418,Thomas Partey,GHA,MF,Atlético Madrid,27,1993,2.2,197,223,88.3,3611,1073,80,89,89.9,81,89,91.0,26,35,74.3,0,0.0,0.2,0.0,0,27,4,1,26,Matches,ESP-LALIGA,20-21
b7ca5c51,419,Gabriel Paulista,BRA,DF,Valencia,29,1990,30.2,1332,1516,87.9,27977,11225,397,434,91.5,734,781,94.0,192,265,72.5,1,0.5,0.3,0.5,6,90,2,1,81,Matches,ESP-LALIGA,20-21
63f04c6c,420,Alfonso Pedraza,ESP,DF,Villarreal,24,1996,23.3,942,1226,76.8,13599,3751,544,620,87.7,331,404,81.9,34,84,40.5,2,4.0,4.4,-2.0,27,20,31,23,47,Matches,ESP-LALIGA,20-21
0d9b2d31,421,Pedri,ESP,MF,Barcelona,17,2002,26.8,1498,1721,87.0,22376,4124,827,897,92.2,483,543,89.0,99,129,76.7,3,3.5,4.2,-0.5,39,109,43,1,152,Matches,ESP-LALIGA,20-21
ac7e7b1c,422,Facundo Pellistri,URU,"MF,FW",Alavés,18,2001,6.0,73,120,60.8,915,216,54,75,72.0,14,29,48.3,1,1,100.0,0,0.1,0.1,-0.1,2,3,3,1,8,Matches,ESP-LALIGA,20-21
1f079188,423,Rubén Peña,ESP,DF,Villarreal,29,1991,12.4,443,595,74.5,6526,2314,243,291,83.5,153,196,78.1,23,56,41.1,1,0.6,1.0,0.4,6,24,10,5,34,Matches,ESP-LALIGA,20-21
5496cc91,424,Alberto Perea,ESP,MF,Cádiz,29,1990,17.2,379,525,72.2,5685,1925,217,252,86.1,112,152,73.7,32,65,49.2,3,2.5,1.7,0.5,13,33,11,7,51,Matches,ESP-LALIGA,20-21
bc61cc65,425,Iñigo Pérez,ESP,"MF,DF",Osasuna,32,1988,15.0,460,666,69.1,7876,3451,231,277,83.4,163,235,69.4,52,110,47.3,0,0.9,0.8,-0.9,14,58,7,3,76,Matches,ESP-LALIGA,20-21
8f29e08b,426,Juan Pérez,ESP,GK,Osasuna,24,1996,3.0,48,89,53.9,1983,1610,5,5,100.0,15,16,93.8,28,65,43.1,0,0.0,0.0,0.0,0,3,0,0,0,Matches,ESP-LALIGA,20-21
237a3851,427,Kike Pérez,ESP,MF,Valladolid,23,1997,12.9,422,529,79.8,7012,1890,207,243,85.2,147,166,88.6,41,65,63.1,0,0.9,0.9,-0.9,12,46,11,1,63,Matches,ESP-LALIGA,20-21
a300ac7e,428,Lucas Pérez,ESP,FW,Alavés,31,1988,19.5,416,667,62.4,7994,2771,172,219,78.5,153,225,68.0,75,169,44.4,4,4.6,4.0,-0.6,53,50,21,9,72,Matches,ESP-LALIGA,20-21
b7c04927,429,Luis Pérez,ESP,DF,Valladolid,25,1995,14.4,434,637,68.1,6836,3058,235,277,84.8,151,213,70.9,33,96,34.4,0,0.4,0.6,-0.4,8,31,9,8,39,Matches,ESP-LALIGA,20-21
f7c491f1,430,Nehuén Pérez,ARG,DF,Granada,20,2000,8.2,150,199,75.4,3094,1049,48,55,87.3,84,98,85.7,17,42,40.5,0,0.0,0.0,0.0,0,6,0,0,6,Matches,ESP-LALIGA,20-21
48e89655,431,Pablo Piatti,ARG,"MF,FW",Elche,31,1989,4.0,92,127,72.4,1351,247,49,59,83.1,31,41,75.6,6,16,37.5,0,0.2,0.4,-0.2,3,6,4,3,10,Matches,ESP-LALIGA,20-21
32c0491f,432,Cristiano Piccini,ITA,DF,Valencia,27,1992,0.7,22,30,73.3,401,146,7,7,100.0,12,14,85.7,3,8,37.5,0,0.0,0.0,0.0,0,0,0,0,2,Matches,ESP-LALIGA,20-21
e54bd0a2,433,Tomás Pina Isla,ESP,MF,Alavés,32,1987,28.6,752,918,81.9,11631,3990,417,485,86.0,284,324,87.7,33,62,53.2,1,1.0,0.7,0.0,7,88,4,1,94,Matches,ESP-LALIGA,20-21
540ec57b,434,Yeremi Pino,ESP,"FW,MF",Villarreal,17,2002,8.9,242,307,78.8,3168,720,157,178,88.2,60,80,75.0,12,16,75.0,1,1.3,1.6,-0.3,9,11,13,0,30,Matches,ESP-LALIGA,20-21
adfc9123,435,Gerard Piqué,ESP,DF,Barcelona,33,1987,16.5,1170,1246,93.9,21894,7340,381,404,94.3,669,689,97.1,97,117,82.9,0,0.4,0.7,-0.4,2,75,1,0,67,Matches,ESP-LALIGA,20-21
ad6df2d5,436,Miralem Pjanić,BIH,MF,Barcelona,30,1990,7.0,688,761,90.4,10154,2874,381,401,95.0,250,270,92.6,33,47,70.2,0,0.6,1.0,-0.6,12,44,13,0,61,Matches,ESP-LALIGA,20-21
7c388b20,437,Óscar Plano,ESP,"MF,FW",Valladolid,29,1991,28.0,606,830,73.0,8892,2504,343,422,81.3,191,249,76.7,42,80,52.5,5,2.1,1.8,2.9,25,68,16,4,77,Matches,ESP-LALIGA,20-21
0d298637,438,Dani Plomer,ESP,FW,Granada,21,1998,0.5,3,3,100.0,32,0,3,3,100.0,0,0,,0,0,,0,0.0,0.0,0.0,0,0,0,0,0,Matches,ESP-LALIGA,20-21
0a8bcb23,439,Jorge Pombo,ESP,"FW,MF",Cádiz,26,1994,5.8,135,182,74.2,2325,626,68,79,86.1,49,60,81.7,12,32,37.5,0,0.6,0.5,-0.6,7,13,7,2,27,Matches,ESP-LALIGA,20-21
29b61deb,440,Pere Pons,ESP,MF,Alavés,27,1993,13.2,270,349,77.4,3710,1000,164,190,86.3,74,92,80.4,13,29,44.8,0,1.1,0.6,-1.1,8,23,6,2,36,Matches,ESP-LALIGA,20-21
8e010ff4,441,Francisco Portillo,ESP,"MF,FW",Getafe,30,1990,4.6,196,272,72.1,2869,965,107,125,85.6,70,87,80.5,10,24,41.7,1,0.5,0.8,0.5,5,27,8,2,35,Matches,ESP-LALIGA,20-21
1bda5842,442,Portu,ESP,"FW,MF",Real Sociedad,28,1992,24.3,384,580,66.2,5001,1224,228,289,78.9,111,159,69.8,10,41,24.4,3,3.7,3.9,-0.7,26,11,19,4,38,Matches,ESP-LALIGA,20-21
474ecac8,443,Sergio Postigo,ESP,DF,Levante,31,1988,18.0,720,874,82.4,14640,6190,252,270,93.3,354,386,91.7,109,201,54.2,0,0.2,0.3,-0.2,3,57,4,2,58,Matches,ESP-LALIGA,20-21
cbdf7d5c,444,Darío Poveda,ESP,FW,Getafe,23,1997,0.1,2,5,40.0,23,2,0,0,,1,3,33.3,0,0,,0,0.0,0.0,0.0,0,0,0,0,1,Matches,ESP-LALIGA,20-21
3c16d927,445,Alejandro Pozo Pozo,ESP,"DF,MF",Eibar,21,1999,24.3,829,1161,71.4,14342,5725,406,473,85.8,294,396,74.2,106,225,47.1,0,1.1,1.5,-1.1,12,90,19,12,75,Matches,ESP-LALIGA,20-21
c77a8043,446,Antonio Puertas,ESP,"FW,MF",Granada,28,1992,24.1,418,652,64.1,5773,1456,254,323,78.6,105,168,62.5,25,69,36.2,5,2.3,1.3,2.7,17,28,13,4,47,Matches,ESP-LALIGA,20-21
f090a37a,447,Riqui Puig,ESP,"MF,FW",Barcelona,20,1999,3.2,318,349,91.1,4530,953,182,197,92.4,90,100,90.0,25,28,89.3,0,0.2,0.4,-0.2,5,27,3,0,34,Matches,ESP-LALIGA,20-21
978cd030,448,Jorge Pulido,ESP,DF,Huesca,29,1991,32.1,1358,1637,83.0,26618,8801,453,504,89.9,741,816,90.8,151,273,55.3,0,0.3,0.5,-0.3,5,96,8,2,99,Matches,ESP-LALIGA,20-21
41fb0f4e,449,Domingos Quina,POR,MF,Granada,20,1999,3.8,68,91,74.7,1052,210,38,46,82.6,19,27,70.4,6,6,100.0,0,0.2,0.3,-0.2,5,6,4,0,10,Matches,ESP-LALIGA,20-21
7a538238,450,Quini,ESP,DF,Granada,30,1989,13.2,341,513,66.5,5122,1915,192,229,83.8,110,163,67.5,23,73,31.5,0,0.2,0.3,-0.2,4,27,6,5,30,Matches,ESP-LALIGA,20-21
c966fce1,451,Quique,ESP,"FW,MF",Eibar,30,1990,1.9,35,49,71.4,501,71,23,29,79.3,11,15,73.3,1,3,33.3,0,0.1,0.0,-0.1,1,3,0,0,2,Matches,ESP-LALIGA,20-21
ea6a7ab4,452,Dani Raba,ESP,"MF,FW",Villarreal,24,1995,1.7,63,84,75.0,997,252,33,38,86.8,18,23,78.3,6,16,37.5,0,0.0,0.3,0.0,2,3,4,1,10,Matches,ESP-LALIGA,20-21
faed84db,453,Uroš Račić,SRB,MF,Valencia,22,1998,24.3,835,1055,79.1,15999,3791,337,420,80.2,337,388,86.9,134,179,74.9,1,0.3,0.5,0.7,10,91,6,1,104,Matches,ESP-LALIGA,20-21
b5dd3469,454,Nemanja Radoja,SRB,MF,Levante,27,1993,12.5,588,683,86.1,10203,2456,269,304,88.5,243,273,89.0,58,76,76.3,2,0.2,0.8,1.8,3,42,9,1,63,Matches,ESP-LALIGA,20-21
89f951b5,455,Ivan Rakitić,CRO,MF,Sevilla,32,1988,24.8,1480,1717,86.2,25592,6345,722,778,92.8,543,600,90.5,167,247,67.6,2,1.5,1.7,0.5,25,149,10,1,167,Matches,ESP-LALIGA,20-21
be3a0121,456,Jonás Ramalho,ESP,DF,Osasuna,27,1993,3.4,99,132,75.0,1776,772,48,54,88.9,38,48,79.2,11,26,42.3,0,0.0,0.1,0.0,1,8,3,2,9,Matches,ESP-LALIGA,20-21
833fb62e,457,Sandro Ramírez,ESP,FW,Huesca,25,1995,14.3,246,326,75.5,3934,735,132,159,83.0,78,98,79.6,23,31,74.2,1,0.5,0.8,0.5,10,14,5,2,24,Matches,ESP-LALIGA,20-21
08511d65,458,Sergio Ramos,ESP,DF,Real Madrid,34,1986,14.2,1019,1112,91.6,21101,7915,334,356,93.8,493,514,95.9,174,201,86.6,0,0.4,0.3,-0.4,4,96,2,1,98,Matches,ESP-LALIGA,20-21
54073b28,459,Recio,ESP,MF,Eibar,29,1991,8.2,354,439,80.6,5844,1566,177,197,89.8,124,140,88.6,39,70,55.7,0,0.9,1.2,-0.9,14,31,7,2,40,Matches,ESP-LALIGA,20-21
4b3c863f,460,Francisco Reis Ferreira,POR,DF,Valencia,23,1997,2.0,67,79,84.8,1418,541,20,21,95.2,36,40,90.0,10,14,71.4,0,0.0,0.0,0.0,0,2,0,0,4,Matches,ESP-LALIGA,20-21
3376a776,461,Karim Rekik,NED,DF,Sevilla,25,1994,7.3,433,494,87.7,6455,1947,232,257,90.3,175,196,89.3,15,26,57.7,0,0.2,0.1,-0.2,3,13,4,1,19,Matches,ESP-LALIGA,20-21
374ee424,462,Álex Remiro,ESP,GK,Real Sociedad,25,1995,38.0,872,1219,71.5,25396,18461,141,142,99.3,414,420,98.6,315,651,48.4,0,0.0,0.1,0.0,0,14,0,0,1,Matches,ESP-LALIGA,20-21
e8a0d2f7,463,Oriol Rey,ESP,MF,Valladolid,22,1998,0.2,10,12,83.3,211,58,3,4,75.0,5,5,100.0,2,3,66.7,0,0.0,0.0,0.0,0,2,0,0,3,Matches,ESP-LALIGA,20-21
def69cd0,464,Mikel Rico,ESP,MF,Huesca,35,1984,24.3,698,898,77.7,12226,3120,331,373,88.7,269,324,83.0,79,131,60.3,4,1.3,1.0,2.7,20,50,13,8,88,Matches,ESP-LALIGA,20-21
a1216563,465,Emiliano Rigoni,ARG,MF,Elche,27,1993,12.7,298,414,72.0,4138,762,178,205,86.8,80,105,76.2,17,67,25.4,1,1.7,2.1,-0.7,11,14,5,3,22,Matches,ESP-LALIGA,20-21
eb3dd471,466,Luis Rioja,ESP,"MF,FW",Alavés,26,1993,23.2,435,660,65.9,6391,1871,275,331,83.1,122,195,62.6,29,67,43.3,2,2.7,3.1,-0.7,25,31,19,13,42,Matches,ESP-LALIGA,20-21
c00097d2,467,Rober,ESP,"DF,MF",Levante,25,1995,15.8,730,887,82.3,14839,5369,248,275,90.2,358,399,89.7,113,175,64.6,1,0.5,0.3,0.5,4,55,1,0,79,Matches,ESP-LALIGA,20-21
ba3ca78f,468,Roberto,ESP,GK,Valladolid,34,1986,13.0,203,415,48.9,7881,6585,18,18,100.0,73,74,98.6,112,321,34.9,0,0.0,0.0,0.0,0,8,0,0,0,Matches,ESP-LALIGA,20-21
335fa267,469,Sergi Roberto,ESP,"DF,FW",Barcelona,28,1992,10.5,795,888,89.5,10485,2749,488,521,93.7,227,246,92.3,28,38,73.7,2,1.8,1.7,0.2,13,56,16,3,51,Matches,ESP-LALIGA,20-21
cda0b317,470,Joel Robles,ESP,GK,Betis,30,1990,18.0,358,560,63.9,10555,8085,79,80,98.8,146,150,97.3,130,323,40.2,0,0.0,0.0,0.0,1,9,0,0,1,Matches,ESP-LALIGA,20-21
ecd8c01e,471,Rubén Rochina,ESP,MF,Levante,29,1991,15.6,613,853,71.9,12255,3784,265,310,85.5,215,276,77.9,114,221,51.6,1,1.7,1.6,-0.7,16,79,31,6,113,Matches,ESP-LALIGA,20-21
85bed4ee,472,Rodri,ESP,"FW,MF",Betis,20,2000,6.0,210,252,83.3,3266,746,120,131,91.6,61,75,81.3,19,26,73.1,0,0.6,0.4,-0.6,8,14,10,0,35,Matches,ESP-LALIGA,20-21
f1bed920,473,Kévin Rodrigues,POR,"DF,MF",Eibar,26,1994,12.2,358,554,64.6,6078,2261,179,211,84.8,121,184,65.8,42,116,36.2,1,0.5,0.9,0.5,11,36,13,6,40,Matches,ESP-LALIGA,20-21
8cfc2f69,474,Ángel Rodríguez,ESP,"FW,MF",Getafe,33,1987,15.3,198,301,65.8,2668,351,114,150,76.0,49,77,63.6,15,27,55.6,0,0.6,0.8,-0.6,6,8,3,1,15,Matches,ESP-LALIGA,20-21
19709006,475,Óscar Rodríguez Arnaiz,ESP,"MF,FW",Sevilla,22,1998,5.7,256,335,76.4,4210,1114,135,161,83.9,84,101,83.2,26,53,49.1,0,1.1,1.3,-1.1,11,19,9,2,35,Matches,ESP-LALIGA,20-21
34e393f2,476,Guido Rodríguez,ARG,MF,Betis,26,1994,31.8,1378,1645,83.8,24007,6634,624,708,88.1,553,621,89.0,156,224,69.6,0,0.7,0.6,-0.7,11,119,7,0,127,Matches,ESP-LALIGA,20-21
958d67bb,477,Miguel Rodríguez,ESP,"FW,DF",Celta Vigo,17,2003,0.3,11,17,64.7,198,32,8,9,88.9,1,2,50.0,2,2,100.0,0,0.0,0.0,0.0,0,1,0,0,1,Matches,ESP-LALIGA,20-21
15781606,478,Víctor Rodríguez,ESP,MF,Elche,31,1989,4.7,297,328,90.5,4499,1145,151,165,91.5,113,123,91.9,19,20,95.0,0,1.0,0.6,-1.0,4,31,2,0,25,Matches,ESP-LALIGA,20-21
8f5e92a6,479,Rodrygo,BRA,FW,Real Madrid,19,2001,10.9,333,420,79.3,4279,1070,218,243,89.7,80,98,81.6,13,23,56.5,6,3.7,1.9,2.3,19,23,13,2,28,Matches,ESP-LALIGA,20-21
51e3954c,480,Facundo Roncaglia,ARG,DF,Osasuna,33,1987,13.7,385,561,68.6,7451,3179,160,192,83.3,161,224,71.9,60,120,50.0,1,0.5,0.3,0.5,5,34,5,3,33,Matches,ESP-LALIGA,20-21
24279b8b,481,Rubén,ESP,GK,Osasuna,36,1984,2.1,40,59,67.8,1966,1881,3,3,100.0,3,3,100.0,34,53,64.2,0,0.0,0.0,0.0,0,3,0,0,0,Matches,ESP-LALIGA,20-21
ccaa5728,482,Waldo Rubio,ESP,"FW,MF",Valladolid,24,1995,4.2,78,122,63.9,1435,500,38,48,79.2,27,37,73.0,11,19,57.9,0,0.1,0.3,-0.1,1,12,3,0,12,Matches,ESP-LALIGA,20-21
a55d8df5,483,Aitor Ruibal,ESP,"FW,MF",Betis,24,1996,17.7,411,556,73.9,5304,1786,271,305,88.9,91,131,69.5,21,38,55.3,2,2.1,1.7,-0.1,24,31,20,3,54,Matches,ESP-LALIGA,20-21
6e36226f,484,Isma Ruiz,ESP,MF,Granada,19,2001,0.7,14,20,70.0,262,36,6,8,75.0,6,8,75.0,1,1,100.0,0,0.0,0.0,0.0,0,0,0,0,0,Matches,ESP-LALIGA,20-21
b3dc6eca,485,Víctor Ruiz,ESP,DF,Betis,31,1989,24.0,1121,1301,86.2,21084,8706,404,447,90.4,594,642,92.5,106,178,59.6,0,0.1,0.2,-0.1,2,42,5,0,76,Matches,ESP-LALIGA,20-21
625c144a,486,Gerónimo Rulli,ARG,GK,Villarreal,28,1992,2.0,79,97,81.4,1888,1134,18,18,100.0,42,43,97.7,19,35,54.3,0,0.0,0.0,0.0,0,0,0,0,0,Matches,ESP-LALIGA,20-21
76d679c7,487,Modibo Sagnan,MLI,DF,Real Sociedad,21,1999,6.9,339,387,87.6,7187,1786,89,100,89.0,191,208,91.8,55,68,80.9,0,0.3,0.1,-0.3,3,16,1,0,22,Matches,ESP-LALIGA,20-21
1b40049a,488,Borja Sainz,ESP,"MF,FW",Alavés,19,2001,5.0,81,105,77.1,1256,259,47,54,87.0,25,32,78.1,8,11,72.7,0,0.8,0.2,-0.8,3,6,3,2,4,Matches,ESP-LALIGA,20-21
405f267a,489,Salvi,ESP,"MF,FW",Cádiz,29,1991,21.5,323,594,54.4,4685,1935,175,234,74.8,94,171,55.0,26,98,26.5,0,1.5,1.7,-1.5,18,13,20,15,29,Matches,ESP-LALIGA,20-21
efecd633,490,Fede San Emeterio,ESP,MF,Valladolid,23,1997,16.2,426,544,78.3,6696,1863,217,259,83.8,147,173,85.0,37,69,53.6,0,0.1,0.2,-0.1,4,38,2,1,34,Matches,ESP-LALIGA,20-21
0a447501,491,Antonio Sanabria,PAR,FW,Betis,24,1996,10.4,159,224,71.0,1934,335,108,135,80.0,31,47,66.0,5,10,50.0,0,0.1,0.2,-0.1,3,13,2,0,14,Matches,ESP-LALIGA,20-21
bdb624a3,492,Oihan Sancet,ESP,"FW,MF",Athletic Club,20,2000,11.5,254,350,72.6,3617,740,147,195,75.4,80,104,76.9,14,18,77.8,2,1.2,0.5,0.8,12,21,10,0,41,Matches,ESP-LALIGA,20-21
fce521d7,493,Ricard Sánchez,ESP,DF,Atlético Madrid,20,2000,0.3,14,19,73.7,255,111,5,5,100.0,7,10,70.0,1,2,50.0,0,0.0,0.0,0.0,0,0,2,2,3,Matches,ESP-LALIGA,20-21
ea9b2ef9,494,Germán Sánchez,ESP,DF,Granada,33,1986,29.3,717,977,73.4,14908,5745,210,249,84.3,396,468,84.6,100,232,43.1,1,0.1,0.3,0.9,1,36,2,0,45,Matches,ESP-LALIGA,20-21
60359288,495,Javi Sánchez,ESP,DF,Valladolid,23,1997,10.2,294,370,79.5,6520,2194,75,91,82.4,172,189,91.0,45,86,52.3,0,0.1,0.1,-0.1,4,15,3,1,16,Matches,ESP-LALIGA,20-21
ffacd3d5,496,Manu Sánchez,ESP,DF,Osasuna,19,2000,10.8,394,543,72.6,5794,2532,223,259,86.1,137,188,72.9,21,59,35.6,4,1.2,1.9,2.8,14,43,15,9,51,Matches,ESP-LALIGA,20-21
ffacd3d5,497,Manu Sánchez,ESP,DF,Atlético Madrid,19,2000,0.5,24,31,77.4,343,96,14,15,93.3,8,10,80.0,1,2,50.0,1,0.4,0.1,0.6,1,1,0,0,1,Matches,ESP-LALIGA,20-21
3ae7e4ea,498,Juan Sánchez Miño,ARG,"DF,MF",Elche,30,1990,5.5,240,289,83.0,3533,846,133,148,89.9,76,92,82.6,19,30,63.3,0,0.1,0.1,-0.1,1,9,2,2,9,Matches,ESP-LALIGA,20-21
6583a8a9,499,Pepe Sánchez,ESP,DF,Granada,20,2000,2.8,43,79,54.4,732,327,17,25,68.0,21,34,61.8,4,17,23.5,0,0.1,0.0,-0.1,2,1,0,0,2,Matches,ESP-LALIGA,20-21
466824fb,500,Oier Sanjurjo,ESP,MF,Osasuna,34,1986,23.2,569,859,66.2,9047,3444,281,370,75.9,219,305,71.8,41,105,39.0,2,2.2,2.7,-0.2,15,74,15,6,80,Matches,ESP-LALIGA,20-21
d2aea9ac,501,Ivan Šaponjić,SRB,FW,Cádiz,22,1997,4.3,59,82,72.0,778,96,38,50,76.0,16,23,69.6,2,2,100.0,0,0.0,0.1,0.0,0,4,2,0,6,Matches,ESP-LALIGA,20-21
f6ac68c1,502,Stefan Savić,MNE,DF,Atlético Madrid,29,1991,32.8,1487,1752,84.9,27597,8583,573,631,90.8,724,795,91.1,155,256,60.5,0,0.1,0.4,-0.1,2,100,5,1,103,Matches,ESP-LALIGA,20-21
a62b4888,503,Jaime Seoane,ESP,MF,Huesca,23,1997,22.9,663,877,75.6,11828,2704,292,342,85.4,243,288,84.4,90,153,58.8,1,1.1,1.3,-0.1,11,66,9,5,87,Matches,ESP-LALIGA,20-21
3e8bb8ce,504,Edgar Sevikyan,ARM,MF,Levante,18,2001,0.1,3,5,60.0,29,0,3,4,75.0,0,0,,0,1,0.0,0,0.0,0.0,0.0,0,0,0,0,0,Matches,ESP-LALIGA,20-21
b14d0c5d,505,Sidnei,BRA,DF,Betis,30,1989,7.7,472,522,90.4,8718,2818,169,176,96.0,239,257,93.0,49,67,73.1,0,0.0,0.0,0.0,0,9,1,0,8,Matches,ESP-LALIGA,20-21
e2716bd0,506,David Silva,ESP,MF,Real Sociedad,34,1986,15.5,720,866,83.1,11406,2961,385,433,88.9,234,276,84.8,72,87,82.8,5,3.3,3.5,1.7,28,79,46,1,141,Matches,ESP-LALIGA,20-21
47d493c3,507,Gastón Silva,URU,DF,Huesca,26,1994,6.7,290,347,83.6,5574,2235,101,111,91.0,151,173,87.3,29,49,59.2,0,0.0,0.1,0.0,1,27,1,0,29,Matches,ESP-LALIGA,20-21
ea83bfa6,508,Rui Silva,POR,GK,Granada,26,1994,32.0,596,1079,55.2,22063,18534,78,79,98.7,201,206,97.6,313,781,40.1,0,0.0,0.1,0.0,1,41,0,0,0,Matches,ESP-LALIGA,20-21
5dcf3e90,509,Unai Simón,ESP,GK,Athletic Club,23,1997,37.0,743,1062,70.0,23605,18692,114,115,99.1,326,333,97.9,303,614,49.3,0,0.0,0.0,0.0,1,21,1,0,2,Matches,ESP-LALIGA,20-21
92d38e6c,510,Dimitris Siovas,GRE,DF,Huesca,31,1988,34.1,1508,1873,80.5,30207,10101,459,533,86.1,868,966,89.9,162,330,49.1,0,0.7,0.3,-0.7,6,72,0,0,69,Matches,ESP-LALIGA,20-21
9970da54,511,Antonio Sivera,ESP,GK,Alavés,23,1996,0.8,11,22,50.0,352,300,3,3,100.0,3,3,100.0,5,16,31.3,0,0.0,0.0,0.0,0,0,0,0,0,Matches,ESP-LALIGA,20-21
062fc2e6,512,Rafa Soares,POR,DF,Eibar,25,1995,12.6,487,706,69.0,9141,4296,213,247,86.2,190,265,71.7,75,149,50.3,1,1.8,2.6,-0.8,15,50,16,11,58,Matches,ESP-LALIGA,20-21
19b776e9,513,Rubén Sobrino,ESP,"MF,FW",Valencia,28,1992,0.5,14,21,66.7,191,33,11,13,84.6,1,3,33.3,2,2,100.0,0,0.0,0.0,0.0,0,2,0,0,0,Matches,ESP-LALIGA,20-21
19b776e9,514,Rubén Sobrino,ESP,"FW,MF",Cádiz,28,1992,12.4,185,257,72.0,2573,622,117,149,78.5,46,69,66.7,12,16,75.0,0,1.0,0.4,-1.0,10,12,4,1,30,Matches,ESP-LALIGA,20-21
3ca6106c,515,Augusto Solari,ARG,MF,Celta Vigo,28,1992,5.4,148,201,73.6,2269,732,83,105,79.0,42,57,73.7,14,23,60.9,2,1.8,1.0,0.2,10,9,7,6,15,Matches,ESP-LALIGA,20-21
9d66fbe3,516,Roberto Soldado,ESP,FW,Granada,35,1985,16.0,206,349,59.0,2798,429,119,169,70.4,53,92,57.6,14,22,63.6,0,0.6,0.7,-0.6,9,12,6,0,19,Matches,ESP-LALIGA,20-21
fed17f5a,517,Carlos Soler,ESP,MF,Valencia,23,1997,30.4,1272,1579,80.6,22712,6828,555,594,93.4,495,565,87.6,165,309,53.4,8,4.7,4.1,3.3,45,140,21,0,153,Matches,ESP-LALIGA,20-21
037dbd30,518,Son,ESP,"DF,MF",Levante,26,1994,12.3,480,641,74.9,8206,2893,250,295,84.7,173,211,82.0,47,91,51.6,0,1.2,1.8,-1.2,18,38,26,14,62,Matches,ESP-LALIGA,20-21
8f8c6934,519,David Soria,ESP,GK,Getafe,27,1993,28.0,399,860,46.4,18729,17094,17,17,100.0,71,75,94.7,311,762,40.8,0,0.0,0.1,0.0,0,57,2,0,0,Matches,ESP-LALIGA,20-21
452c3055,520,Alberto Soro,ESP,"FW,MF",Granada,21,1999,4.4,92,129,71.3,1290,345,57,66,86.4,24,33,72.7,6,15,40.0,2,0.3,0.5,1.7,6,8,4,1,15,Matches,ESP-LALIGA,20-21
3aa74860,521,Hugo Sotelo,ESP,MF,Celta Vigo,16,2003,0.0,0,0,,0,0,0,0,,0,0,,0,0,,0,0.0,0.0,0.0,0,0,0,0,0,Matches,ESP-LALIGA,20-21
ba5004e1,522,Damián Suárez,URU,DF,Getafe,32,1988,27.0,863,1343,64.3,15823,8962,392,493,79.5,333,487,68.4,113,268,42.2,0,1.0,1.7,-1.0,19,119,24,15,135,Matches,ESP-LALIGA,20-21
12c50af5,523,Denis Suárez,ESP,MF,Celta Vigo,26,1994,31.7,1650,2037,81.0,25777,7577,848,952,89.1,575,680,84.6,135,239,56.5,9,5.9,5.4,3.1,46,174,31,5,204,Matches,ESP-LALIGA,20-21
a6154613,524,Luis Suárez,URU,FW,Atlético Madrid,33,1987,27.9,418,588,71.1,5622,896,234,308,76.0,90,130,69.2,35,47,74.5,3,3.0,2.0,0.0,27,23,22,1,46,Matches,ESP-LALIGA,20-21
4e219ad2,525,Suso,ESP,FW,Sevilla,26,1993,24.6,977,1209,80.8,15931,3789,516,556,92.8,315,391,80.6,99,164,60.4,4,4.5,6.5,-0.5,44,84,58,16,170,Matches,ESP-LALIGA,20-21
8b625720,526,Tachi,ESP,DF,Alavés,22,1997,9.4,269,368,73.1,6114,2856,72,87,82.8,139,158,88.0,55,112,49.1,0,0.2,0.2,-0.2,2,18,1,0,18,Matches,ESP-LALIGA,20-21
34269bdf,527,Renato Tapia,PER,MF,Celta Vigo,25,1995,30.0,1292,1598,80.9,23638,6606,519,598,86.8,566,639,88.6,159,258,61.6,1,1.0,0.7,0.0,9,103,8,0,120,Matches,ESP-LALIGA,20-21
0dce3356,528,Tomás Tavares,POR,"MF,DF",Alavés,19,2001,0.7,17,21,81.0,216,78,12,13,92.3,3,5,60.0,1,1,100.0,0,0.0,0.0,0.0,0,0,0,0,3,Matches,ESP-LALIGA,20-21
868ce848,529,Álvaro Tejero,ESP,DF,Eibar,24,1996,1.2,76,99,76.8,1315,550,39,42,92.9,27,36,75.0,10,17,58.8,0,0.2,0.2,-0.2,3,2,5,3,10,Matches,ESP-LALIGA,20-21
72a99e38,530,Cristian Tello,ESP,"FW,MF",Betis,28,1991,14.3,388,504,77.0,5929,1501,222,255,87.1,125,158,79.1,24,43,55.8,3,2.3,1.6,0.7,20,18,22,5,42,Matches,ESP-LALIGA,20-21
6f51e382,531,Marc-André ter Stegen,GER,GK,Barcelona,28,1992,31.0,925,1043,88.7,22407,15660,182,183,99.5,514,522,98.5,228,336,67.9,0,0.0,0.0,0.0,1,2,0,0,1,Matches,ESP-LALIGA,20-21
174651c8,532,David Timor,ESP,"MF,DF",Getafe,30,1989,15.5,393,633,62.1,8840,3497,149,196,76.0,135,209,64.6,92,193,47.7,0,1.2,1.3,-1.2,12,70,3,2,70,Matches,ESP-LALIGA,20-21
d4ef9ac5,533,Toño,ESP,"DF,FW",Levante,30,1989,8.1,324,406,79.8,4622,1726,201,223,90.1,95,118,80.5,14,32,43.8,2,0.5,0.7,1.5,6,22,6,2,28,Matches,ESP-LALIGA,20-21
52611641,534,Lucas Torreira,URU,MF,Atlético Madrid,24,1996,5.8,272,312,87.2,4093,1193,153,167,91.6,84,95,88.4,19,25,76.0,0,0.5,0.4,-0.5,3,18,5,0,27,Matches,ESP-LALIGA,20-21
58a9a4d9,535,Óliver Torres,ESP,"MF,FW",Sevilla,25,1994,15.6,860,1026,83.8,16344,3870,413,448,92.2,257,304,84.5,154,210,73.3,3,2.1,2.2,0.9,27,104,23,5,130,Matches,ESP-LALIGA,20-21
532e1e4f,536,Pau Torres,ESP,DF,Villarreal,23,1997,33.0,1812,2069,87.6,35447,12293,643,695,92.5,913,978,93.4,230,342,67.3,2,0.8,0.7,1.2,6,122,4,0,133,Matches,ESP-LALIGA,20-21
d733aa38,537,Roberto Torres,ESP,"MF,FW",Osasuna,31,1989,21.0,519,781,66.5,9509,3102,245,303,80.9,166,234,70.9,80,166,48.2,1,1.6,2.1,-0.6,19,57,26,10,79,Matches,ESP-LALIGA,20-21
0e4fef6e,538,Lucas Torró,ESP,MF,Osasuna,26,1994,17.2,504,669,75.3,7987,2500,266,344,77.3,174,212,82.1,40,68,58.8,1,0.4,0.6,0.6,6,58,4,0,55,Matches,ESP-LALIGA,20-21
963829d0,539,Manu Trigueros,ESP,MF,Villarreal,28,1991,28.1,1380,1615,85.4,21607,6603,731,795,91.9,493,561,87.9,97,146,66.4,6,5.0,3.9,1.0,35,153,48,4,212,Matches,ESP-LALIGA,20-21
77e39b04,540,Francisco Trincão,POR,"FW,MF",Barcelona,20,1999,7.8,327,391,83.6,3963,742,203,221,91.9,79,90,87.8,7,15,46.7,2,0.4,0.6,1.6,8,14,8,1,28,Matches,ESP-LALIGA,20-21
21512407,541,Kieran Trippier,ENG,DF,Atlético Madrid,29,1990,27.5,1406,1821,77.2,22500,9024,743,824,90.2,481,618,77.8,121,244,49.6,6,3.6,3.9,2.4,34,98,60,10,169,Matches,ESP-LALIGA,20-21
3eed9821,542,Samuel Umtiti,FRA,DF,Barcelona,26,1993,7.2,579,617,93.8,9647,3080,242,253,95.7,288,302,95.4,33,43,76.7,0,0.0,0.1,0.0,1,32,0,0,24,Matches,ESP-LALIGA,20-21
f8eca1b6,543,Enes Ünal,TUR,FW,Getafe,23,1997,14.6,204,348,58.6,2508,633,131,197,66.5,40,77,51.9,9,13,69.2,2,1.5,0.9,0.5,14,24,4,0,28,Matches,ESP-LALIGA,20-21
7b456af7,544,Tomáš Vaclík,CZE,GK,Sevilla,31,1989,5.0,121,145,83.4,3008,1786,19,19,100.0,70,70,100.0,31,55,56.4,0,0.0,0.0,0.0,0,0,0,0,0,Matches,ESP-LALIGA,20-21
a75b4071,545,Eugeni Valderrama,ESP,"MF,FW",Huesca,26,1994,1.3,67,81,82.7,1130,341,33,34,97.1,27,32,84.4,7,12,58.3,0,0.2,0.1,-0.2,2,3,0,0,4,Matches,ESP-LALIGA,20-21
c2111b45,546,Jesús Vallejo,ESP,DF,Granada,23,1997,15.0,375,521,72.0,8519,3780,101,127,79.5,193,217,88.9,76,151,50.3,0,0.1,0.3,-0.1,1,36,3,1,37,Matches,ESP-LALIGA,20-21
0bc4e720,547,Manu Vallejo,ESP,"FW,MF",Valencia,23,1997,10.6,192,256,75.0,2532,550,112,135,83.0,49,59,83.1,10,15,66.7,0,0.8,0.7,-0.8,7,10,12,1,25,Matches,ESP-LALIGA,20-21
0959c2a2,548,Federico Valverde,URU,MF,Real Madrid,22,1998,14.8,673,777,86.6,10927,2743,347,375,92.5,211,244,86.5,70,87,80.5,1,3.1,2.9,-2.1,22,69,11,2,96,Matches,ESP-LALIGA,20-21
9f8e9423,549,Raphaël Varane,FRA,DF,Real Madrid,27,1993,30.2,1591,1778,89.5,32290,10299,464,504,92.1,906,959,94.5,200,272,73.5,0,0.3,0.3,-0.3,4,102,2,0,98,Matches,ESP-LALIGA,20-21
08990838,550,Denis Vavro,SVK,DF,Huesca,24,1996,6.8,244,324,75.3,4980,1796,87,95,91.6,117,140,83.6,35,76,46.1,0,0.0,0.0,0.0,1,22,1,0,23,Matches,ESP-LALIGA,20-21
467bae22,551,Franco Vázquez,ARG,"FW,MF",Sevilla,31,1989,1.8,94,107,87.9,1466,338,47,51,92.2,29,32,90.6,9,12,75.0,0,0.1,0.1,-0.1,2,5,2,0,13,Matches,ESP-LALIGA,20-21
ee923664,552,Kevin Vázquez,ESP,DF,Celta Vigo,27,1993,6.2,260,347,74.9,3667,1628,163,189,86.2,73,92,79.3,13,32,40.6,0,0.0,0.3,0.0,0,11,2,1,12,Matches,ESP-LALIGA,20-21
fd51b456,553,Lucas Vázquez,ESP,"DF,FW",Real Madrid,29,1991,20.5,1215,1448,83.9,19178,5377,686,747,91.8,370,434,85.3,107,161,66.5,5,4.1,4.4,0.9,44,74,47,18,97,Matches,ESP-LALIGA,20-21
bfb15d99,554,Koke Vegas,ESP,GK,Levante,24,1995,1.0,19,29,65.5,466,358,7,7,100.0,7,7,100.0,4,14,28.6,0,0.0,0.0,0.0,0,1,0,0,0,Matches,ESP-LALIGA,20-21
35a6e5c7,555,Gabriel Veiga,ESP,"MF,DF",Celta Vigo,18,2002,1.3,24,32,75.0,291,55,11,14,78.6,6,8,75.0,2,3,66.7,0,0.0,0.0,0.0,1,3,1,0,1,Matches,ESP-LALIGA,20-21
4112ace5,556,Unai Vencedor Paris,ESP,MF,Athletic Club,19,2000,18.9,729,925,78.8,14644,4411,261,305,85.6,340,397,85.6,116,179,64.8,0,0.2,0.5,-0.2,7,106,8,0,122,Matches,ESP-LALIGA,20-21
1c2c55fc,557,Gonzalo Verdú,ESP,DF,Elche,31,1988,32.7,1335,1592,83.9,28046,11436,420,447,94.0,701,764,91.8,204,355,57.5,2,2.0,1.1,0.0,6,59,5,0,63,Matches,ESP-LALIGA,20-21
b0fce72c,558,Mikel Vesga,ESP,MF,Athletic Club,27,1993,19.1,703,909,77.3,12561,3589,325,393,82.7,269,324,83.0,84,123,68.3,1,1.1,0.5,-0.1,12,68,8,0,95,Matches,ESP-LALIGA,20-21
c67cd65c,559,Rúben Vezo,POR,DF,Levante,26,1994,25.7,1131,1358,83.3,23866,9183,353,394,89.6,594,670,88.7,179,269,66.5,0,0.2,0.8,-0.2,3,97,5,0,111,Matches,ESP-LALIGA,20-21
afafac57,560,Iñigo Vicente,ESP,"FW,MF",Athletic Club,22,1998,0.6,43,60,71.7,745,197,21,25,84.0,18,23,78.3,4,9,44.4,0,0.2,0.3,-0.2,4,2,4,2,10,Matches,ESP-LALIGA,20-21
f681a8ef,561,Fede Vico,ESP,"MF,FW",Granada,26,1994,8.5,213,323,65.9,3093,916,128,159,80.5,54,82,65.9,18,59,30.5,0,1.0,1.0,-1.0,8,22,8,2,29,Matches,ESP-LALIGA,20-21
04965583,562,Aleix Vidal,ESP,DF,Sevilla,30,1989,6.6,423,505,83.8,6807,2102,228,249,91.6,141,166,84.9,39,56,69.6,1,0.7,0.5,0.3,6,27,9,2,45,Matches,ESP-LALIGA,20-21
3a9c4b7b,563,Nacho Vidal,ESP,DF,Osasuna,25,1995,26.1,709,1030,68.8,11857,5696,339,415,81.7,296,416,71.2,56,134,41.8,0,1.6,1.6,-1.6,12,52,20,9,87,Matches,ESP-LALIGA,20-21
636eae97,564,Toni Villa,ESP,"MF,FW",Valladolid,25,1995,10.8,272,380,71.6,4222,1486,144,173,83.2,88,117,75.2,25,45,55.6,0,1.1,1.1,-1.1,13,22,13,7,54,Matches,ESP-LALIGA,20-21
57be54ec,565,Asier Villalibre,ESP,FW,Athletic Club,22,1997,17.7,181,298,60.7,2357,381,115,172,66.9,46,74,62.2,8,14,57.1,2,2.3,1.5,-0.3,13,11,9,1,24,Matches,ESP-LALIGA,20-21
cde52ef5,566,Iván Villar,ESP,GK,Celta Vigo,23,1997,19.8,411,681,60.4,12070,9067,81,81,100.0,187,191,97.9,143,403,35.5,0,0.0,0.0,0.0,0,2,0,0,0,Matches,ESP-LALIGA,20-21
db750822,567,Vitolo,ESP,"MF,FW",Atlético Madrid,30,1989,3.3,129,154,83.8,1458,377,91,104,87.5,20,23,87.0,4,9,44.4,0,0.2,0.3,-0.2,3,4,3,0,17,Matches,ESP-LALIGA,20-21
46a8347f,568,Šime Vrsaljko,CRO,"FW,DF",Atlético Madrid,28,1992,5.8,212,323,65.6,3216,1221,119,137,86.9,80,127,63.0,9,36,25.0,0,0.0,0.2,0.0,0,8,7,2,24,Matches,ESP-LALIGA,20-21
4442fbcd,569,Nikola Vukčević,MNE,MF,Levante,28,1991,9.0,272,320,85.0,4583,1068,139,150,92.7,102,115,88.7,23,40,57.5,0,0.1,0.2,-0.1,4,14,1,0,17,Matches,ESP-LALIGA,20-21
d83bbc54,570,Daniel Wass,DEN,"MF,DF",Valencia,31,1989,33.1,1237,1626,76.1,20144,7402,628,714,88.0,463,581,79.7,103,215,47.9,1,2.3,1.8,-1.3,38,122,21,6,122,Matches,ESP-LALIGA,20-21
379dc075,571,Shon Weissman,ISR,FW,Valladolid,24,1996,23.7,246,340,72.4,2857,428,164,199,82.4,50,68,73.5,6,7,85.7,1,2.6,1.3,-1.6,19,4,11,0,22,Matches,ESP-LALIGA,20-21
6a99e0b1,572,Iñaki Williams,GHA,FW,Athletic Club,26,1994,26.5,375,575,65.2,5236,956,220,289,76.1,100,147,68.0,22,36,61.1,6,5.1,3.2,0.9,30,12,17,9,34,Matches,ESP-LALIGA,20-21
afdc14d7,573,Nico Williams,ESP,MF,Athletic Club,18,2002,0.6,9,19,47.4,143,35,4,6,66.7,3,4,75.0,1,2,50.0,0,0.0,0.0,0.0,0,1,0,0,1,Matches,ESP-LALIGA,20-21
f6f6b6e8,574,Jawad El Yamiq,MAR,DF,Valladolid,28,1992,15.3,494,636,77.7,9915,3812,162,184,88.0,246,286,86.0,73,137,53.3,1,0.1,1.0,0.9,2,33,1,0,41,Matches,ESP-LALIGA,20-21
039ae103,575,Rubén Yáñez,ESP,GK,Getafe,26,1993,10.0,164,273,60.1,6493,5481,10,10,100.0,50,50,100.0,104,211,49.3,0,0.0,0.0,0.0,0,13,0,0,0,Matches,ESP-LALIGA,20-21
61bb7498,576,Yoel,ESP,GK,Eibar,31,1988,3.3,75,119,63.0,2843,2283,7,8,87.5,23,25,92.0,45,86,52.3,0,0.0,0.0,0.0,0,3,0,0,0,Matches,ESP-LALIGA,20-21
e49ce451,577,Okay Yokuşlu,TUR,MF,Celta Vigo,26,1994,5.1,237,276,85.9,3778,1095,124,134,92.5,79,91,86.8,24,34,70.6,0,0.3,0.1,-0.3,5,22,1,0,14,Matches,ESP-LALIGA,20-21
5ca20b7a,578,Joseba Zaldúa,ESP,DF,Real Sociedad,28,1992,7.1,307,395,77.7,4922,1994,162,182,89.0,115,154,74.7,23,41,56.1,0,1.0,1.7,-1.0,7,14,11,8,13,Matches,ESP-LALIGA,20-21
968a1c2f,579,Oier Zarraga,ESP,MF,Athletic Club,21,1999,1.1,33,43,76.7,583,142,14,19,73.7,15,17,88.2,3,3,100.0,0,0.1,0.0,-0.1,2,4,1,0,5,Matches,ESP-LALIGA,20-21
5c7845f6,580,Igor Zubeldia,ESP,DF,Real Sociedad,23,1997,21.8,1060,1223,86.7,21163,6191,311,354,87.9,618,661,93.5,121,181,66.9,1,0.6,0.6,0.4,5,55,4,2,75,Matches,ESP-LALIGA,20-21
3ee0dd59,581,Martín Zubimendi,ESP,MF,Real Sociedad,21,1999,20.9,983,1118,87.9,17148,4972,447,488,91.6,429,472,90.9,88,116,75.9,0,0.6,1.1,-0.6,7,124,12,1,117,Matches,ESP-LALIGA,20-21
79300479,582,Martin Ødegaard,NOR,MF,Real Madrid,21,1998,2.6,145,171,84.8,2219,484,74,78,94.9,53,62,85.5,10,16,62.5,0,0.4,0.4,-0.4,5,13,2,0,20,Matches,ESP-LALIGA,20-21
