id,Unnamed: 0_level_0,Unnamed: 1_level_0,Unnamed: 2_level_0,Unnamed: 3_level_0,Unnamed: 4_level_0,Unnamed: 5_level_0,Unnamed: 6_level_0,Playing Time,Playing Time,Playing Time,Playing Time,Performance,Performance,Performance,Performance,Performance,Performance,Performance,Performance,Expected,Expected,Expected,Expected,Progression,Progression,Progression,Per 90 Minutes,Per 90 Minutes,Per 90 Minutes,Per 90 Minutes,Per 90 Minutes,Per 90 Minutes,Per 90 Minutes,Per 90 Minutes,Per 90 Minutes,Per 90 Minutes,Unnamed: 36_level_0,Unnamed: league,Unnamed: season
,Rk,Player,Nation,Pos,Squad,Age,Born,MP,Starts,Min,90s,Gls,Ast,G+A,G-PK,PK,PKatt,CrdY,CrdR,xG,npxG,xAG,npxG+xAG,PrgC,PrgP,PrgR,Gls,Ast,G+A,G-PK,G+A-PK,xG,xAG,xG+xAG,npxG,npxG+xAG,Matches,league,season
4cd41883,1,Paxten Aaronson,USA,"MF,DF",Eint Frankfurt,18,2003,7,0,173,1.9,0,0,0,0,0,0,1,0,0.2,0.2,0.0,0.2,8,6,15,0.0,0.0,0.0,0.0,0.0,0.09,0.03,0.11,0.09,0.11,Matches,GER-BL1,22-23
22919e97,2,Sargis Adamyan,ARM,"FW,MF",Köln,29,1993,24,4,644,7.2,1,2,3,1,0,0,3,0,3.4,3.4,0.8,4.1,12,24,58,0.14,0.28,0.42,0.14,0.42,0.47,0.11,0.58,0.47,0.58,Matches,GER-BL1,22-23
501055d8,3,Karim Adeyemi,GER,"FW,MF",Dortmund,20,2002,24,20,1386,15.4,6,5,11,6,0,1,9,0,5.0,4.3,3.7,8.0,49,47,131,0.39,0.32,0.71,0.39,0.71,0.33,0.24,0.57,0.28,0.52,Matches,GER-BL1,22-23
dcfb17f4,4,Amine Adli,MAR,"FW,MF",Leverkusen,22,2000,26,16,1435,15.9,5,3,8,5,0,0,2,2,5.0,5.0,1.7,6.7,46,49,137,0.31,0.19,0.5,0.31,0.5,0.31,0.11,0.42,0.31,0.42,Matches,GER-BL1,22-23
cb6d81b3,5,Felix Agu,GER,"DF,FW",Werder Bremen,22,1999,3,0,49,0.5,0,0,0,0,0,0,0,0,0.0,0.0,0.1,0.1,0,2,2,0.0,0.0,0.0,0.0,0.0,0.07,0.14,0.22,0.07,0.22,Matches,GER-BL1,22-23
a6c58494,6,Naouirou Ahamada,FRA,MF,Stuttgart,20,2002,17,17,1398,15.5,2,2,4,2,0,0,4,1,0.8,0.8,1.2,2.1,43,56,54,0.13,0.13,0.26,0.13,0.26,0.05,0.08,0.13,0.05,0.13,Matches,GER-BL1,22-23
462475ed,7,Ludovic Ajorque,FRA,"FW,MF",Mainz 05,28,1994,17,15,1211,13.5,6,1,7,6,0,0,5,0,4.6,4.6,1.7,6.4,5,31,85,0.45,0.07,0.52,0.45,0.52,0.34,0.13,0.47,0.34,0.47,Matches,GER-BL1,22-23
6ec6fde0,8,Kevin Akpoguma,NGA,DF,Hoffenheim,27,1995,28,21,1950,21.7,0,0,0,0,0,0,11,0,0.6,0.6,0.5,1.2,17,85,23,0.0,0.0,0.0,0.0,0.0,0.03,0.03,0.05,0.03,0.05,Matches,GER-BL1,22-23
834d0be5,9,Lucas Alario,ARG,"FW,MF",Eint Frankfurt,29,1992,20,2,331,3.7,1,0,1,1,0,0,0,0,1.4,1.4,0.0,1.5,2,8,17,0.27,0.0,0.27,0.27,0.27,0.39,0.01,0.4,0.39,0.4,Matches,GER-BL1,22-23
00f518d8,10,Faride Alidou,GER,"DF,MF",Eint Frankfurt,21,2001,15,0,182,2.0,0,1,1,0,0,0,0,0,0.1,0.1,0.5,0.6,8,16,24,0.0,0.49,0.49,0.0,0.49,0.05,0.24,0.28,0.05,0.28,Matches,GER-BL1,22-23
8ce30c57,11,Éder Álvarez Balanta,COL,"MF,FW",Schalke 04,29,1993,6,3,238,2.6,0,0,0,0,0,0,3,0,0.1,0.1,0.3,0.4,3,12,0,0.0,0.0,0.0,0.0,0.0,0.05,0.1,0.15,0.05,0.15,Matches,GER-BL1,22-23
cd682b6b,12,Lukáš Ambros,CZE,MF,Wolfsburg,18,2004,1,0,17,0.2,0,0,0,0,0,0,0,0,0.0,0.0,0.0,0.0,0,0,0,0.0,0.0,0.0,0.0,0.0,0.0,0.0,0.0,0.0,0.0,Matches,GER-BL1,22-23
555d5edd,13,Nadiem Amiri,GER,"MF,FW",Leverkusen,25,1996,25,9,977,10.9,4,1,5,3,1,1,6,0,1.9,1.1,1.1,2.2,30,55,30,0.37,0.09,0.46,0.28,0.37,0.17,0.1,0.27,0.1,0.2,Matches,GER-BL1,22-23
e0b113a7,14,Robert Andrich,GER,MF,Leverkusen,27,1994,29,28,2406,26.7,2,2,4,2,0,0,7,0,1.6,1.6,1.2,2.8,12,99,8,0.07,0.07,0.15,0.07,0.15,0.06,0.04,0.11,0.06,0.11,Matches,GER-BL1,22-23
30941e96,15,Angeliño,ESP,DF,Hoffenheim,25,1997,33,30,2617,29.1,0,8,8,0,0,0,2,0,1.1,1.1,7.2,8.3,24,108,120,0.0,0.28,0.28,0.0,0.28,0.04,0.25,0.28,0.04,0.28,Matches,GER-BL1,22-23
5e66fa06,16,Waldemar Anton,GER,DF,Stuttgart,26,1996,34,34,2934,32.6,1,2,3,1,0,0,4,0,1.6,1.6,1.4,3.0,56,135,52,0.03,0.06,0.09,0.03,0.09,0.05,0.04,0.09,0.05,0.09,Matches,GER-BL1,22-23
0a3f6cde,17,Christopher Antwi-Adjei,GHA,"FW,MF",Bochum,28,1994,29,22,1981,22.0,3,6,9,3,0,0,2,0,2.2,2.2,3.8,6.0,67,36,231,0.14,0.27,0.41,0.14,0.41,0.1,0.17,0.27,0.1,0.27,Matches,GER-BL1,22-23
56413b1f,18,Charles Aránguiz,CHI,MF,Leverkusen,33,1989,10,4,493,5.5,1,0,1,1,0,0,1,0,0.3,0.3,0.2,0.5,3,32,7,0.18,0.0,0.18,0.18,0.18,0.06,0.04,0.1,0.06,0.1,Matches,GER-BL1,22-23
86e119e0,19,Maximilian Arnold,GER,MF,Wolfsburg,28,1994,32,32,2767,30.7,5,3,8,2,3,5,5,0,5.0,1.0,4.9,5.9,29,150,19,0.16,0.1,0.26,0.07,0.16,0.16,0.16,0.32,0.03,0.19,Matches,GER-BL1,22-23
13ddc856,20,Takuma Asano,JPN,"FW,MF",Bochum,27,1994,25,21,1713,19.0,3,3,6,3,0,0,1,0,5.6,5.6,2.1,7.7,32,34,119,0.16,0.16,0.32,0.16,0.32,0.29,0.11,0.41,0.29,0.41,Matches,GER-BL1,22-23
35f67a30,21,Fisnik Asllani,KVX,FW,Hoffenheim,19,2002,8,0,167,1.9,0,0,0,0,0,0,0,0,1.7,1.7,0.2,1.8,4,1,19,0.0,0.0,0.0,0.0,0.0,0.88,0.1,0.98,0.88,0.98,Matches,GER-BL1,22-23
fe46e261,22,Mehmet Aydin,GER,"DF,FW",Schalke 04,20,2002,16,3,567,6.3,0,0,0,0,0,0,0,0,0.2,0.2,0.8,1.0,9,15,21,0.0,0.0,0.0,0.0,0.0,0.03,0.12,0.15,0.03,0.15,Matches,GER-BL1,22-23
ce81d82d,23,Ayman Azhil,MAR,MF,Leverkusen,21,2001,1,0,1,0.0,0,0,0,0,0,0,0,0,0.0,0.0,0.0,0.0,0,0,0,0.0,0.0,0.0,0.0,0.0,0.0,0.0,0.0,0.0,0.0,Matches,GER-BL1,22-23
10549b49,24,Sardar Azmoun,IRN,"FW,MF",Leverkusen,27,1995,23,8,927,10.3,4,1,5,4,0,0,1,0,3.5,3.5,2.5,6.0,11,32,45,0.39,0.1,0.49,0.39,0.49,0.34,0.24,0.58,0.34,0.58,Matches,GER-BL1,22-23
f582d5c1,25,Sanoussy Ba,GER,DF,RB Leipzig,18,2004,1,0,1,0.0,0,0,0,0,0,0,0,0,0.0,0.0,0.0,0.0,0,0,0,0.0,0.0,0.0,0.0,0.0,0.0,0.0,0.0,0.0,0.0,Matches,GER-BL1,22-23
a8567629,26,Mitchel Bakker,NED,"DF,MF",Leverkusen,22,2000,28,19,1659,18.4,3,2,5,3,0,0,6,1,1.7,1.7,2.0,3.6,28,57,65,0.16,0.11,0.27,0.16,0.27,0.09,0.11,0.2,0.09,0.2,Matches,GER-BL1,22-23
442b56fa,27,Ridle Baku,GER,"DF,FW",Wolfsburg,24,1998,33,29,2580,28.7,5,3,8,5,0,0,6,0,2.9,2.9,4.1,7.0,50,126,157,0.17,0.1,0.28,0.17,0.28,0.1,0.14,0.24,0.1,0.24,Matches,GER-BL1,22-23
a2a85828,28,Aymen Barkok,MAR,MF,Mainz 05,24,1998,23,3,584,6.5,0,1,1,0,0,0,1,0,0.5,0.5,0.9,1.4,17,40,28,0.0,0.15,0.15,0.0,0.15,0.08,0.14,0.21,0.08,0.21,Matches,GER-BL1,22-23
00242b75,29,Leandro Barreiro Martins,LUX,MF,Mainz 05,22,2000,31,25,2141,23.8,4,3,7,4,0,0,5,0,3.9,3.9,2.2,6.1,17,54,49,0.17,0.13,0.29,0.17,0.29,0.16,0.09,0.25,0.16,0.25,Matches,GER-BL1,22-23
e61bdd69,30,Gil Bastião Dias,POR,FW,Stuttgart,25,1996,7,6,398,4.4,1,0,1,1,0,0,0,0,0.5,0.5,0.7,1.2,16,14,33,0.23,0.0,0.23,0.23,0.23,0.12,0.15,0.26,0.12,0.26,Matches,GER-BL1,22-23
44a20f0c,31,Maximilian Bauer,GER,DF,Augsburg,22,2000,27,20,1846,20.5,0,1,1,0,0,0,8,0,1.6,1.6,0.4,2.0,11,40,2,0.0,0.05,0.05,0.0,0.05,0.08,0.02,0.1,0.08,0.1,Matches,GER-BL1,22-23
47064058,32,Oliver Baumann,GER,GK,Hoffenheim,32,1990,34,34,3060,34.0,0,0,0,0,0,0,2,0,0.0,0.0,0.0,0.0,0,1,0,0.0,0.0,0.0,0.0,0.0,0.0,0.0,0.0,0.0,0.0,Matches,GER-BL1,22-23
bd7d2e6d,33,Timo Baumgartl,GER,DF,Union Berlin,26,1996,8,6,562,6.2,0,1,1,0,0,0,2,0,0.2,0.2,0.1,0.3,4,28,2,0.0,0.16,0.16,0.0,0.16,0.03,0.02,0.05,0.03,0.05,Matches,GER-BL1,22-23
69374ff5,34,Julian Baumgartlinger,AUT,MF,Augsburg,34,1988,16,3,554,6.2,0,0,0,0,0,0,1,0,0.3,0.3,0.1,0.4,1,25,3,0.0,0.0,0.0,0.0,0.0,0.04,0.02,0.06,0.04,0.06,Matches,GER-BL1,22-23
437f2b00,35,Christoph Baumgartner,AUT,"MF,FW",Hoffenheim,22,1999,33,33,2567,28.5,7,3,10,7,0,0,7,0,7.1,7.1,4.3,11.4,76,100,145,0.25,0.11,0.35,0.25,0.35,0.25,0.15,0.4,0.25,0.4,Matches,GER-BL1,22-23
fbbc8e15,36,Noah Joel Sarenren Bazee,NGA,"MF,FW",Augsburg,25,1996,2,0,20,0.2,0,0,0,0,0,0,0,0,0.0,0.0,0.1,0.1,0,0,1,0.0,0.0,0.0,0.0,0.0,0.0,0.27,0.27,0.0,0.27,Matches,GER-BL1,22-23
a53b661f,37,Ihlas Bebou,TOG,"FW,DF",Hoffenheim,28,1994,19,17,1416,15.7,7,0,7,6,1,1,2,0,4.6,3.8,1.0,4.8,27,23,116,0.44,0.0,0.44,0.38,0.38,0.29,0.06,0.36,0.24,0.31,Matches,GER-BL1,22-23
8eb55dbb,38,Sheraldo Becker,SUR,FW,Union Berlin,27,1995,34,33,2554,28.4,11,7,18,11,0,0,4,0,6.5,6.5,5.6,12.1,105,44,240,0.39,0.25,0.63,0.39,0.63,0.23,0.2,0.42,0.23,0.42,Matches,GER-BL1,22-23
30ae134d,39,Kevin Behrens,GER,FW,Union Berlin,31,1991,33,17,1535,17.1,8,1,9,8,0,0,6,0,4.8,4.8,1.3,6.1,11,71,92,0.47,0.06,0.53,0.47,0.53,0.28,0.07,0.35,0.28,0.35,Matches,GER-BL1,22-23
857a5abe,40,Stefan Bell,GER,DF,Mainz 05,30,1991,30,26,2395,26.6,0,1,1,0,0,0,9,0,0.7,0.7,0.6,1.2,9,92,10,0.0,0.04,0.04,0.0,0.04,0.02,0.02,0.05,0.02,0.05,Matches,GER-BL1,22-23
bee0bab1,41,Karim Bellarabi,GER,"FW,MF",Leverkusen,32,1990,8,1,85,0.9,0,0,0,0,0,0,0,0,0.0,0.0,0.0,0.0,4,4,11,0.0,0.0,0.0,0.0,0.0,0.0,0.0,0.0,0.0,0.0,Matches,GER-BL1,22-23
57d88cf9,42,Jude Bellingham,ENG,MF,Dortmund,19,2003,31,30,2691,29.9,8,4,12,7,1,1,8,0,8.2,7.4,4.0,11.4,97,252,139,0.27,0.13,0.4,0.23,0.37,0.27,0.14,0.41,0.25,0.38,Matches,GER-BL1,22-23
378825c7,43,Ramy Bensebaini,ALG,DF,Gladbach,27,1995,28,28,2481,27.6,6,1,7,4,2,2,7,1,5.3,3.7,2.3,6.0,40,101,98,0.22,0.04,0.25,0.15,0.18,0.19,0.08,0.28,0.13,0.22,Matches,GER-BL1,22-23
eb6e14be,44,Mergim Berisha,GER,FW,Augsburg,24,1998,23,20,1679,18.7,9,4,13,6,3,4,9,1,8.1,5.0,2.7,7.6,20,28,99,0.48,0.21,0.7,0.32,0.54,0.43,0.14,0.58,0.27,0.41,Matches,GER-BL1,22-23
7aac47fe,45,Ermin Bičakčić,BIH,DF,Hoffenheim,32,1990,9,0,265,2.9,0,0,0,0,0,0,0,0,0.1,0.1,0.0,0.1,0,7,3,0.0,0.0,0.0,0.0,0.0,0.04,0.0,0.04,0.04,0.04,Matches,GER-BL1,22-23
07d3bfec,46,Tom Bischof,GER,"MF,FW",Hoffenheim,17,2005,11,3,315,3.5,0,0,0,0,0,0,0,0,1.0,1.0,0.7,1.8,8,16,12,0.0,0.0,0.0,0.0,0.0,0.29,0.21,0.5,0.29,0.5,Matches,GER-BL1,22-23
dc62fbee,47,Leonardo Bittencourt,GER,"MF,DF",Werder Bremen,28,1993,25,22,1629,18.1,3,2,5,3,0,0,10,0,1.4,1.4,2.7,4.0,51,74,93,0.17,0.11,0.28,0.17,0.28,0.08,0.15,0.22,0.08,0.22,Matches,GER-BL1,22-23
663e080e,48,Janis Blaswich,GER,GK,RB Leipzig,31,1991,26,26,2340,26.0,0,0,0,0,0,0,0,0,0.0,0.0,0.0,0.0,0,1,0,0.0,0.0,0.0,0.0,0.0,0.0,0.0,0.0,0.0,0.0,Matches,GER-BL1,22-23
691bef82,49,Daley Blind,NED,"DF,MF",Bayern Munich,32,1990,4,1,134,1.5,0,0,0,0,0,0,0,0,0.1,0.1,0.1,0.1,0,10,0,0.0,0.0,0.0,0.0,0.0,0.04,0.04,0.08,0.04,0.08,Matches,GER-BL1,22-23
f4ec4fd0,50,Kevin-Prince Boateng,GHA,MF,Hertha BSC,35,1987,16,5,467,5.2,0,0,0,0,0,0,3,0,0.3,0.3,0.2,0.5,2,24,20,0.0,0.0,0.0,0.0,0.0,0.07,0.03,0.1,0.07,0.1,Matches,GER-BL1,22-23
635f2732,51,Jean-Paul Boëtius,NED,MF,Hertha BSC,28,1994,21,10,1050,11.7,0,0,0,0,0,0,3,0,0.5,0.5,0.7,1.2,4,61,23,0.0,0.0,0.0,0.0,0.0,0.05,0.06,0.1,0.05,0.1,Matches,GER-BL1,22-23
36578017,52,Yvandro Borges Sanches,LUX,"FW,MF",Gladbach,18,2004,3,0,28,0.3,0,0,0,0,0,0,0,0,0.1,0.1,0.0,0.1,1,0,5,0.0,0.0,0.0,0.0,0.0,0.34,0.0,0.34,0.34,0.34,Matches,GER-BL1,22-23
01834aa0,53,Sebastiaan Bornauw,BEL,DF,Wolfsburg,23,1999,26,23,1928,21.4,1,0,1,1,0,0,8,0,0.4,0.4,0.1,0.5,6,85,6,0.05,0.0,0.05,0.05,0.05,0.02,0.0,0.02,0.02,0.02,Matches,GER-BL1,22-23
c68da769,54,Rafael Borré,COL,"MF,FW",Eint Frankfurt,26,1995,32,10,1078,12.0,2,2,4,1,1,1,5,0,4.1,3.3,1.9,5.1,26,34,102,0.17,0.17,0.33,0.08,0.25,0.34,0.16,0.5,0.27,0.43,Matches,GER-BL1,22-23
a167537f,55,Julian Brandt,GER,"MF,FW",Dortmund,26,1996,32,29,2397,26.6,9,8,17,9,0,0,2,0,5.2,5.2,9.2,14.3,67,119,218,0.34,0.3,0.64,0.34,0.64,0.19,0.34,0.54,0.19,0.54,Matches,GER-BL1,22-23
d28339cb,56,Fabian Bredlow,GER,GK,Stuttgart,27,1995,15,15,1350,15.0,0,0,0,0,0,0,2,0,0.0,0.0,0.0,0.0,0,0,0,0.0,0.0,0.0,0.0,0.0,0.0,0.0,0.0,0.0,0.0,Matches,GER-BL1,22-23
d4a2533d,57,Josip Brekalo,CRO,"MF,FW",Wolfsburg,24,1998,6,3,271,3.0,0,1,1,0,0,0,0,0,0.1,0.1,0.4,0.5,9,13,17,0.0,0.33,0.33,0.0,0.33,0.03,0.14,0.17,0.03,0.17,Matches,GER-BL1,22-23
e27da244,58,John Brooks,USA,DF,Hoffenheim,29,1993,15,15,1350,15.0,0,0,0,0,0,0,4,0,0.4,0.4,0.0,0.4,2,40,1,0.0,0.0,0.0,0.0,0.0,0.02,0.0,0.02,0.02,0.02,Matches,GER-BL1,22-23
bbd79358,59,Moritz Broschinski,GER,"FW,MF",Bochum,21,2000,11,0,213,2.4,2,0,2,2,0,0,1,0,1.3,1.3,0.0,1.3,7,3,17,0.85,0.0,0.85,0.85,0.85,0.54,0.01,0.55,0.54,0.55,Matches,GER-BL1,22-23
f0a37d36,60,Cédric Brunner,SUI,DF,Schalke 04,28,1994,28,28,2315,25.7,0,0,0,0,0,0,5,0,0.3,0.3,1.5,1.9,32,77,27,0.0,0.0,0.0,0.0,0.0,0.01,0.06,0.07,0.01,0.07,Matches,GER-BL1,22-23
4e204552,61,Jacob Bruun Larsen,DEN,FW,Hoffenheim,23,1998,12,3,328,3.6,1,0,1,1,0,0,0,0,1.3,1.3,0.4,1.7,10,4,24,0.27,0.0,0.27,0.27,0.27,0.36,0.11,0.47,0.36,0.47,Matches,GER-BL1,22-23
45e95f21,62,Lee Buchanan,ENG,"DF,FW",Werder Bremen,21,2001,21,2,472,5.2,1,0,1,1,0,0,2,0,0.3,0.3,0.8,1.1,10,21,20,0.19,0.0,0.19,0.19,0.19,0.06,0.16,0.21,0.06,0.21,Matches,GER-BL1,22-23
ab5b7dc1,63,Marius Bülter,GER,"FW,MF",Schalke 04,29,1993,33,30,2598,28.9,11,1,12,7,4,4,5,0,9.0,6.1,4.6,10.7,78,86,199,0.38,0.03,0.42,0.24,0.28,0.31,0.16,0.47,0.21,0.37,Matches,GER-BL1,22-23
05e2d5ea,64,Delano Burgzorg,SUR,"FW,MF",Mainz 05,23,1998,13,0,244,2.7,0,1,1,0,0,0,2,0,0.2,0.2,0.1,0.2,4,4,24,0.0,0.37,0.37,0.0,0.37,0.06,0.02,0.08,0.06,0.08,Matches,GER-BL1,22-23
05f99a4a,65,Jonathan Burkardt,GER,"MF,FW",Mainz 05,22,2000,11,7,533,5.9,1,2,3,1,0,1,2,0,3.0,2.2,1.1,3.3,9,14,46,0.17,0.34,0.51,0.17,0.51,0.5,0.18,0.68,0.37,0.55,Matches,GER-BL1,22-23
f631c17f,66,Oliver Burke,SCO,"FW,MF",Werder Bremen,25,1997,15,1,268,3.0,2,0,2,2,0,0,0,0,1.0,1.0,0.3,1.3,11,7,36,0.67,0.0,0.67,0.67,0.67,0.35,0.09,0.44,0.35,0.44,Matches,GER-BL1,22-23
b4705807,67,Aurélio Buta,POR,DF,Eint Frankfurt,25,1997,18,15,1318,14.6,3,2,5,3,0,0,3,0,0.6,0.6,3.3,3.9,45,47,118,0.2,0.14,0.34,0.2,0.34,0.04,0.22,0.26,0.04,0.26,Matches,GER-BL1,22-23
0118c54c,68,Anthony Caci,FRA,DF,Mainz 05,25,1997,31,23,2033,22.6,2,1,3,2,0,0,4,0,0.6,0.6,2.6,3.2,20,90,41,0.09,0.04,0.13,0.09,0.13,0.03,0.11,0.14,0.03,0.14,Matches,GER-BL1,22-23
d1db4b83,69,Kerim Calhanoglu,GER,DF,Schalke 04,19,2002,3,0,63,0.7,0,0,0,0,0,0,0,0,0.0,0.0,0.2,0.2,3,3,3,0.0,0.0,0.0,0.0,0.0,0.04,0.23,0.27,0.04,0.27,Matches,GER-BL1,22-23
d1273f09,70,Daniel Caligiuri,ITA,"DF,MF",Augsburg,34,1988,13,2,290,3.2,1,0,1,1,0,0,1,0,0.4,0.4,0.4,0.8,7,16,8,0.31,0.0,0.31,0.31,0.31,0.12,0.12,0.24,0.12,0.24,Matches,GER-BL1,22-23
a65ce836,71,Emre Can,GER,MF,Dortmund,28,1994,27,20,1900,21.1,2,1,3,1,1,1,8,0,1.6,0.8,1.3,2.1,34,99,12,0.09,0.05,0.14,0.05,0.09,0.08,0.06,0.14,0.04,0.1,Matches,GER-BL1,22-23
bd6351cd,72,João Cancelo,POR,"DF,FW",Bayern Munich,28,1994,15,11,1012,11.2,1,4,5,1,0,0,3,0,0.7,0.7,2.3,3.0,51,61,90,0.09,0.36,0.44,0.09,0.44,0.06,0.21,0.26,0.06,0.26,Matches,GER-BL1,22-23
5e080f73,73,Irvin Cardona,FRA,"MF,FW",Augsburg,24,1997,10,0,318,3.5,1,0,1,1,0,0,2,0,1.9,1.9,0.1,1.9,9,3,17,0.28,0.0,0.28,0.28,0.28,0.52,0.03,0.55,0.52,0.55,Matches,GER-BL1,22-23
db401046,74,Koen Casteels,BEL,GK,Wolfsburg,30,1992,34,34,3060,34.0,0,1,1,0,0,0,0,0,0.1,0.1,0.7,0.7,0,2,0,0.0,0.03,0.03,0.0,0.03,0.0,0.02,0.02,0.0,0.02,Matches,GER-BL1,22-23
ae7058f9,75,Julian Chabot,GER,DF,Köln,24,1998,21,21,1803,20.0,0,2,2,0,0,0,3,0,1.6,1.6,2.0,3.6,5,52,2,0.0,0.1,0.1,0.0,0.1,0.08,0.1,0.18,0.08,0.18,Matches,GER-BL1,22-23
b3b7f5a6,76,Timothy Chandler,USA,DF,Eint Frankfurt,32,1990,6,0,86,1.0,0,0,0,0,0,0,0,0,0.0,0.0,0.0,0.0,2,7,6,0.0,0.0,0.0,0.0,0.0,0.0,0.02,0.02,0.0,0.02,Matches,GER-BL1,22-23
48780156,77,Fabio Chiarodia,ITA,DF,Werder Bremen,17,2005,3,1,66,0.7,0,0,0,0,0,0,0,0,0.0,0.0,0.0,0.0,0,4,0,0.0,0.0,0.0,0.0,0.0,0.0,0.0,0.0,0.0,0.0,Matches,GER-BL1,22-23
af104654,78,Oliver Christensen,DEN,GK,Hertha BSC,23,1999,33,33,2970,33.0,0,0,0,0,0,0,2,0,0.0,0.0,0.0,0.0,0,2,0,0.0,0.0,0.0,0.0,0.0,0.0,0.0,0.0,0.0,0.0,Matches,GER-BL1,22-23
c6608135,79,Darko Churlinov,MKD,FW,Stuttgart,22,2000,1,0,27,0.3,0,0,0,0,0,0,0,0,0.0,0.0,0.0,0.0,0,0,0,0.0,0.0,0.0,0.0,0.0,0.0,0.0,0.0,0.0,0.0,Matches,GER-BL1,22-23
6e17c802,80,Tolga Ciğerci,TUR,MF,Hertha BSC,30,1992,11,10,672,7.5,0,1,1,0,0,0,2,0,0.2,0.2,0.3,0.5,3,32,2,0.0,0.13,0.13,0.0,0.13,0.03,0.04,0.07,0.03,0.07,Matches,GER-BL1,22-23
dd5bbe0d,81,David Čolina,CRO,"DF,FW",Augsburg,22,2000,7,0,166,1.8,1,0,1,1,0,0,0,0,0.4,0.4,0.1,0.6,2,6,7,0.54,0.0,0.54,0.54,0.54,0.24,0.07,0.31,0.24,0.31,Matches,GER-BL1,22-23
042e8a49,82,Kingsley Coman,FRA,"FW,MF",Bayern Munich,26,1996,24,16,1409,15.7,8,5,13,8,0,0,2,1,4.6,4.6,5.5,10.1,98,70,296,0.51,0.32,0.83,0.51,0.83,0.29,0.35,0.65,0.29,0.65,Matches,GER-BL1,22-23
5ddb8f9f,83,Danny da Costa,GER,DF,Mainz 05,29,1993,23,14,1236,13.7,0,2,2,0,0,0,0,0,0.5,0.5,1.0,1.5,32,62,74,0.0,0.15,0.15,0.0,0.15,0.04,0.07,0.11,0.04,0.11,Matches,GER-BL1,22-23
9dff291c,84,Soumaïla Coulibaly,FRA,DF,Dortmund,18,2003,1,0,45,0.5,0,0,0,0,0,0,0,0,0.0,0.0,0.0,0.0,0,6,0,0.0,0.0,0.0,0.0,0.0,0.0,0.0,0.0,0.0,0.0,Matches,GER-BL1,22-23
05ba9d7c,85,Tanguy Coulibaly,FRA,"FW,DF",Stuttgart,21,2001,14,0,326,3.6,4,0,4,3,1,1,3,0,2.3,1.5,0.5,2.0,14,12,38,1.1,0.0,1.1,0.83,0.83,0.63,0.13,0.75,0.41,0.54,Matches,GER-BL1,22-23
8f325097,86,Nicolas Cozza,FRA,DF,Wolfsburg,23,1999,5,0,100,1.1,0,0,0,0,0,0,0,0,0.0,0.0,0.0,0.0,2,4,2,0.0,0.0,0.0,0.0,0.0,0.0,0.0,0.0,0.0,0.0,Matches,GER-BL1,22-23
eac044ad,87,Moanes Dabbur,ISR,FW,Hoffenheim,30,1992,21,8,933,10.4,6,2,8,6,0,0,3,1,3.5,3.5,2.2,5.7,10,33,61,0.58,0.19,0.77,0.58,0.77,0.34,0.21,0.55,0.34,0.55,Matches,GER-BL1,22-23
dee3013b,88,Finn Dahmen,GER,GK,Mainz 05,24,1998,8,8,720,8.0,0,0,0,0,0,0,0,0,0.0,0.0,0.0,0.0,0,0,0,0.0,0.0,0.0,0.0,0.0,0.0,0.0,0.0,0.0,0.0,Matches,GER-BL1,22-23
db4ed67b,89,Mahmoud Dahoud,GER,MF,Dortmund,26,1996,9,4,337,3.7,0,0,0,0,0,0,1,0,0.4,0.4,0.5,0.9,5,25,4,0.0,0.0,0.0,0.0,0.0,0.12,0.13,0.24,0.12,0.24,Matches,GER-BL1,22-23
d3d77413,90,Muhammed Damar,GER,MF,Hoffenheim,18,2004,6,1,159,1.8,0,0,0,0,0,0,0,0,0.1,0.1,0.2,0.3,2,9,7,0.0,0.0,0.0,0.0,0.0,0.06,0.09,0.15,0.06,0.15,Matches,GER-BL1,22-23
41bff4fa,91,Márton Dárdai,HUN,"DF,MF",Hertha BSC,20,2002,17,11,947,10.5,1,0,1,1,0,0,2,0,0.1,0.1,0.2,0.3,2,21,0,0.1,0.0,0.1,0.1,0.1,0.01,0.02,0.03,0.01,0.03,Matches,GER-BL1,22-23
3eb0f2df,92,Vladimír Darida,CZE,MF,Hertha BSC,31,1990,3,0,31,0.3,0,0,0,0,0,0,0,0,0.0,0.0,0.0,0.0,1,0,1,0.0,0.0,0.0,0.0,0.0,0.0,0.0,0.0,0.0,0.0,Matches,GER-BL1,22-23
d781d855,93,Alphonso Davies,CAN,DF,Bayern Munich,21,2000,26,24,2042,22.7,1,4,5,1,0,0,0,0,1.7,1.7,3.7,5.4,117,133,158,0.04,0.18,0.22,0.04,0.22,0.07,0.16,0.24,0.07,0.24,Matches,GER-BL1,22-23
fe641c1a,94,Thomas Delaney,DEN,MF,Hoffenheim,30,1991,6,4,298,3.3,0,0,0,0,0,0,0,0,0.1,0.1,0.0,0.1,0,14,3,0.0,0.0,0.0,0.0,0.0,0.03,0.01,0.04,0.03,0.04,Matches,GER-BL1,22-23
54b4dc4e,95,Kerem Demirbay,GER,MF,Leverkusen,29,1993,25,17,1544,17.2,4,3,7,4,0,0,5,0,2.2,2.2,3.0,5.2,22,86,21,0.23,0.17,0.41,0.23,0.41,0.13,0.17,0.31,0.13,0.31,Matches,GER-BL1,22-23
ed79b7d3,96,Ermedin Demirović,BIH,"FW,MF",Augsburg,24,1998,30,30,2366,26.3,8,4,12,7,1,1,7,1,7.5,6.8,3.5,10.3,26,48,120,0.3,0.15,0.46,0.27,0.42,0.29,0.13,0.42,0.26,0.39,Matches,GER-BL1,22-23
7bf9400b,97,Sepp van den Berg,NED,DF,Schalke 04,20,2001,9,8,696,7.7,1,0,1,1,0,0,2,0,0.6,0.6,0.1,0.7,1,12,3,0.13,0.0,0.13,0.13,0.13,0.08,0.02,0.1,0.08,0.1,Matches,GER-BL1,22-23
aeed5c06,98,Moussa Diaby,FRA,"FW,MF",Leverkusen,23,1999,33,33,2699,30.0,9,8,17,9,0,1,4,0,11.0,10.3,8.2,18.5,125,104,258,0.3,0.27,0.57,0.3,0.57,0.37,0.27,0.64,0.34,0.62,Matches,GER-BL1,22-23
fc62f087,99,Abdou Diallo,SEN,"DF,MF",RB Leipzig,26,1996,8,5,478,5.3,1,0,1,1,0,0,2,0,0.4,0.4,0.1,0.5,11,24,3,0.19,0.0,0.19,0.19,0.19,0.07,0.02,0.09,0.07,0.09,Matches,GER-BL1,22-23
d82a310a,100,Justin Diehl,GER,"MF,FW",Köln,17,2004,2,0,17,0.2,0,0,0,0,0,0,0,0,0.0,0.0,0.0,0.0,0,0,1,0.0,0.0,0.0,0.0,0.0,0.0,0.0,0.0,0.0,0.0,Matches,GER-BL1,22-23
8779ddf8,101,Florian Dietz,GER,FW,Köln,23,1998,11,4,395,4.4,1,0,1,1,0,0,1,0,2.5,2.5,0.3,2.8,8,5,22,0.23,0.0,0.23,0.23,0.23,0.57,0.07,0.64,0.57,0.64,Matches,GER-BL1,22-23
95bb6ddc,102,Junior Dina Ebimbe,FRA,"DF,MF",Eint Frankfurt,21,2000,19,10,1063,11.8,3,1,4,3,0,0,4,0,3.7,3.7,1.4,5.1,38,45,42,0.25,0.08,0.34,0.25,0.34,0.31,0.12,0.43,0.31,0.43,Matches,GER-BL1,22-23
4ccd8957,103,Eren Dinkçi,GER,"FW,MF",Werder Bremen,20,2001,17,0,231,2.6,0,0,0,0,0,0,0,0,0.4,0.4,0.6,1.0,5,6,24,0.0,0.0,0.0,0.0,0.0,0.17,0.24,0.41,0.17,0.41,Matches,GER-BL1,22-23
d01bbb6f,104,Ritsu Doan,JPN,"MF,FW",Freiburg,24,1998,33,30,2424,26.9,5,4,9,5,0,0,3,0,7.0,7.0,3.2,10.2,83,69,167,0.19,0.15,0.33,0.19,0.33,0.26,0.12,0.38,0.26,0.38,Matches,GER-BL1,22-23
f67c9d29,105,Danilho Doekhi,NED,DF,Union Berlin,24,1998,25,25,2216,24.6,5,1,6,5,0,0,0,0,1.9,1.9,0.4,2.3,15,73,21,0.2,0.04,0.24,0.2,0.24,0.08,0.02,0.09,0.08,0.09,Matches,GER-BL1,22-23
cc83b74d,106,Kasper Dolberg,DEN,"FW,MF",Hoffenheim,24,1997,13,4,402,4.5,1,0,1,1,0,0,0,0,0.5,0.5,0.4,0.9,4,4,20,0.22,0.0,0.22,0.22,0.22,0.11,0.1,0.21,0.11,0.21,Matches,GER-BL1,22-23
7f73bdf4,107,Niklas Dorsch,GER,MF,Augsburg,24,1998,11,5,483,5.4,0,0,0,0,0,0,1,0,0.0,0.0,0.1,0.1,2,14,0,0.0,0.0,0.0,0.0,0.0,0.0,0.03,0.03,0.0,0.03,Matches,GER-BL1,22-23
9a2e3a23,108,Dion Drena Beljo,CRO,FW,Augsburg,20,2002,18,16,1128,12.5,3,2,5,3,0,0,2,0,1.6,1.6,1.7,3.2,14,15,42,0.24,0.16,0.4,0.24,0.4,0.12,0.13,0.26,0.12,0.26,Matches,GER-BL1,22-23
809940aa,109,Dominick Drexler,GER,"MF,FW",Schalke 04,32,1990,27,16,1366,15.2,4,3,7,4,0,0,3,1,2.4,2.4,2.1,4.5,17,52,69,0.26,0.2,0.46,0.26,0.46,0.16,0.14,0.3,0.16,0.3,Matches,GER-BL1,22-23
638a4d71,110,Marvin Ducksch,GER,FW,Werder Bremen,28,1994,34,34,2852,31.7,12,6,18,12,0,1,4,0,11.3,10.5,5.5,16.0,31,58,215,0.38,0.19,0.57,0.38,0.57,0.36,0.17,0.53,0.33,0.5,Matches,GER-BL1,22-23
79ca3e23,111,Ondrej Duda,SVK,MF,Köln,27,1994,13,9,689,7.7,0,0,0,0,0,0,4,0,0.7,0.7,0.7,1.4,12,40,33,0.0,0.0,0.0,0.0,0.0,0.1,0.09,0.18,0.1,0.18,Matches,GER-BL1,22-23
b06a7ae9,112,Julien Duranville,BEL,MF,Dortmund,16,2006,1,0,29,0.3,0,0,0,0,0,0,0,0,0.0,0.0,0.3,0.3,4,1,4,0.0,0.0,0.0,0.0,0.0,0.06,0.83,0.89,0.06,0.89,Matches,GER-BL1,22-23
beb882a8,113,Maximilian Eggestein,GER,MF,Freiburg,25,1996,31,27,2451,27.2,1,2,3,1,0,0,6,0,0.9,0.9,1.7,2.6,20,93,46,0.04,0.07,0.11,0.04,0.11,0.03,0.06,0.1,0.03,0.1,Matches,GER-BL1,22-23
2f7fec15,114,Lilian Egloff,GER,"MF,FW",Stuttgart,19,2002,10,2,241,2.7,0,0,0,0,0,0,1,0,0.4,0.4,0.4,0.7,8,7,22,0.0,0.0,0.0,0.0,0.0,0.13,0.15,0.28,0.13,0.28,Matches,GER-BL1,22-23
76b2817e,115,Kingsley Ehizibue,NED,DF,Köln,27,1995,1,1,61,0.7,0,0,0,0,0,0,0,0,0.0,0.0,0.0,0.0,1,2,3,0.0,0.0,0.0,0.0,0.0,0.03,0.0,0.03,0.03,0.03,Matches,GER-BL1,22-23
943b9602,116,Julian Eitschberger,GER,FW,Hertha BSC,18,2004,1,0,1,0.0,0,0,0,0,0,0,0,0,0.0,0.0,0.0,0.0,0,0,0,0.0,0.0,0.0,0.0,0.0,0.0,0.0,0.0,0.0,0.0,Matches,GER-BL1,22-23
e7f3e8a7,117,Chidera Ejuke,NGA,"FW,MF",Hertha BSC,24,1998,20,9,890,9.9,0,3,3,0,0,0,0,0,1.5,1.5,1.3,2.7,38,39,67,0.0,0.3,0.3,0.0,0.3,0.15,0.13,0.28,0.15,0.28,Matches,GER-BL1,22-23
48035304,118,Nico Elvedi,SUI,DF,Gladbach,25,1996,32,32,2826,31.4,3,0,3,3,0,0,2,0,2.6,2.6,0.3,2.9,20,83,5,0.1,0.0,0.1,0.1,0.1,0.08,0.01,0.09,0.08,0.09,Matches,GER-BL1,22-23
c149016b,119,Wataru Endo,JPN,MF,Stuttgart,29,1993,33,33,2922,32.5,5,4,9,5,0,0,3,0,3.8,3.8,4.7,8.5,32,171,67,0.15,0.12,0.28,0.15,0.28,0.12,0.15,0.26,0.12,0.26,Matches,GER-BL1,22-23
554bcc91,120,Arne Engels,BEL,MF,Augsburg,18,2003,18,18,1440,16.0,0,3,3,0,0,0,5,0,0.6,0.6,2.2,2.8,9,57,25,0.0,0.19,0.19,0.0,0.19,0.04,0.14,0.17,0.04,0.17,Matches,GER-BL1,22-23
3f6c3ae0,121,Tjark Ernst,GER,GK,Hertha BSC,19,2003,1,1,90,1.0,0,0,0,0,0,0,0,0,0.0,0.0,0.0,0.0,0,0,0,0.0,0.0,0.0,0.0,0.0,0.0,0.0,0.0,0.0,0.0,Matches,GER-BL1,22-23
56e6a1c9,122,Kimberly Ezekwem,GER,DF,Freiburg,21,2001,1,0,8,0.1,0,0,0,0,0,0,0,0,0.0,0.0,0.0,0.0,0,0,2,0.0,0.0,0.0,0.0,0.0,0.0,0.0,0.0,0.0,0.0,Matches,GER-BL1,22-23
1e43fad8,123,Ralf Fährmann,GER,GK,Schalke 04,33,1988,12,12,1025,11.4,0,0,0,0,0,0,0,0,0.0,0.0,0.0,0.0,0,0,0,0.0,0.0,0.0,0.0,0.0,0.0,0.0,0.0,0.0,0.0,Matches,GER-BL1,22-23
677da306,124,Ohis Felix Uduokhai,GER,DF,Augsburg,24,1997,19,16,1450,16.1,0,1,1,0,0,0,3,1,0.3,0.3,0.3,0.6,12,52,5,0.0,0.06,0.06,0.0,0.06,0.02,0.02,0.04,0.02,0.04,Matches,GER-BL1,22-23
3bb625ac,125,Edimilson Fernandes,SUI,DF,Mainz 05,26,1996,32,28,2437,27.1,0,3,3,0,0,0,4,0,0.7,0.7,1.3,1.9,15,67,23,0.0,0.11,0.11,0.0,0.11,0.02,0.05,0.07,0.02,0.07,Matches,GER-BL1,22-23
79f7302a,126,Kilian Fischer,GER,"DF,FW",Wolfsburg,21,2000,10,5,502,5.6,0,0,0,0,0,0,2,0,0.3,0.3,0.4,0.7,6,23,21,0.0,0.0,0.0,0.0,0.0,0.06,0.07,0.13,0.06,0.13,Matches,GER-BL1,22-23
a92ab7be,127,Mark Flekken,NED,GK,Freiburg,29,1993,34,34,3060,34.0,0,0,0,0,0,0,0,0,0.0,0.0,0.3,0.3,0,0,0,0.0,0.0,0.0,0.0,0.0,0.0,0.01,0.01,0.0,0.01,Matches,GER-BL1,22-23
9642c929,128,Florian Flick,GER,MF,Schalke 04,22,2000,8,5,512,5.7,0,0,0,0,0,0,1,0,0.1,0.1,0.0,0.1,2,12,2,0.0,0.0,0.0,0.0,0.0,0.01,0.01,0.02,0.01,0.02,Matches,GER-BL1,22-23
9a2e0ccc,129,Emil Forsberg,SWE,"MF,FW",RB Leipzig,30,1991,30,16,1482,16.5,6,4,10,4,2,2,2,0,4.9,3.3,2.3,5.6,20,67,77,0.36,0.24,0.61,0.24,0.49,0.3,0.14,0.43,0.2,0.34,Matches,GER-BL1,22-23
76fa965f,130,Philipp Förster,GER,MF,Bochum,27,1995,25,15,1309,14.5,3,7,10,3,0,0,4,0,1.4,1.4,3.4,4.8,19,63,47,0.21,0.48,0.69,0.21,0.69,0.1,0.23,0.33,0.1,0.33,Matches,GER-BL1,22-23
a9142dc3,131,Timothy Fosu-Mensah,NED,DF,Leverkusen,24,1998,11,1,191,2.1,0,0,0,0,0,0,1,0,0.1,0.1,0.3,0.4,3,7,8,0.0,0.0,0.0,0.0,0.0,0.05,0.13,0.18,0.05,0.18,Matches,GER-BL1,22-23
626fab5f,132,Raphael Framberger,GER,"DF,FW",Augsburg,26,1995,3,2,176,2.0,0,0,0,0,0,0,0,0,0.0,0.0,0.0,0.0,0,3,3,0.0,0.0,0.0,0.0,0.0,0.0,0.02,0.02,0.0,0.02,Matches,GER-BL1,22-23
697dc00a,133,Bartol Franjić,CRO,MF,Wolfsburg,22,2000,5,3,227,2.5,0,1,1,0,0,0,0,0,0.3,0.3,0.1,0.4,3,4,1,0.0,0.4,0.4,0.0,0.4,0.1,0.04,0.14,0.1,0.14,Matches,GER-BL1,22-23
458e3479,134,Oscar Fraulo,DEN,"FW,MF",Gladbach,18,2003,2,0,8,0.1,0,0,0,0,0,0,0,0,0.0,0.0,0.0,0.0,0,0,0,0.0,0.0,0.0,0.0,0.0,0.0,0.0,0.0,0.0,0.0,Matches,GER-BL1,22-23
33182cb8,135,Michael Frey,SUI,FW,Schalke 04,28,1994,15,10,868,9.6,0,3,3,0,0,0,2,0,1.7,1.7,1.8,3.5,10,22,65,0.0,0.31,0.31,0.0,0.31,0.18,0.19,0.37,0.18,0.37,Matches,GER-BL1,22-23
f86ad3f5,136,Marco Friedl,AUT,DF,Werder Bremen,24,1998,30,30,2594,28.8,0,0,0,0,0,0,8,1,0.5,0.5,0.4,1.0,14,115,11,0.0,0.0,0.0,0.0,0.0,0.02,0.02,0.03,0.02,0.03,Matches,GER-BL1,22-23
b77f44a4,137,Marvin Friedrich,GER,DF,Gladbach,26,1995,23,13,1248,13.9,1,0,1,1,0,0,2,0,0.9,0.9,0.5,1.3,3,35,6,0.07,0.0,0.07,0.07,0.07,0.06,0.03,0.09,0.06,0.09,Matches,GER-BL1,22-23
74f2e748,138,Jeremie Frimpong,NED,"DF,MF",Leverkusen,21,2000,34,32,2708,30.1,8,7,15,8,0,0,4,0,7.6,7.6,6.2,13.8,155,62,250,0.27,0.23,0.5,0.27,0.5,0.25,0.21,0.46,0.25,0.46,Matches,GER-BL1,22-23
0cf778df,139,Chris Führich,GER,"FW,MF",Stuttgart,24,1998,33,21,1884,20.9,5,2,7,4,1,1,2,0,3.6,2.9,4.8,7.6,93,83,142,0.24,0.1,0.33,0.19,0.29,0.17,0.23,0.4,0.14,0.37,Matches,GER-BL1,22-23
4b96c347,140,Angelo Fulgini,FRA,MF,Mainz 05,25,1996,16,5,525,5.8,0,1,1,0,0,0,1,0,0.6,0.6,0.8,1.4,3,29,43,0.0,0.17,0.17,0.0,0.17,0.1,0.13,0.23,0.1,0.23,Matches,GER-BL1,22-23
4f16405e,141,Niclas Füllkrug,GER,FW,Werder Bremen,29,1993,28,28,2477,27.5,16,5,21,11,5,5,4,0,12.8,8.6,3.6,12.2,41,90,200,0.58,0.18,0.76,0.4,0.58,0.47,0.13,0.6,0.31,0.44,Matches,GER-BL1,22-23
f27680d9,142,Cristian Gamboa,CRC,DF,Bochum,32,1989,19,17,1477,16.4,0,0,0,0,0,0,2,0,0.2,0.2,0.5,0.7,10,56,21,0.0,0.0,0.0,0.0,0.0,0.01,0.03,0.04,0.01,0.04,Matches,GER-BL1,22-23
6c731625,143,Silvère Ganvoula M'Boussy,CGO,"FW,MF",Bochum,26,1996,16,0,247,2.7,0,0,0,0,0,0,1,0,0.5,0.5,0.5,0.9,5,12,19,0.0,0.0,0.0,0.0,0.0,0.17,0.17,0.34,0.17,0.34,Matches,GER-BL1,22-23
277be51d,144,Dario Gebuhr,GER,DF,Eint Frankfurt,19,2003,1,0,21,0.2,0,0,0,0,0,0,0,0,0.0,0.0,0.0,0.0,0,0,0,0.0,0.0,0.0,0.0,0.0,0.0,0.0,0.0,0.0,0.0,Matches,GER-BL1,22-23
37f606f0,145,Dennis Geiger,GER,MF,Hoffenheim,24,1998,27,27,1952,21.7,1,3,4,1,0,0,9,0,0.2,0.2,2.7,2.9,21,99,22,0.05,0.14,0.18,0.05,0.18,0.01,0.12,0.13,0.01,0.13,Matches,GER-BL1,22-23
62ab9184,146,Yannick Gerhardt,GER,MF,Wolfsburg,28,1994,29,22,1866,20.7,6,4,10,6,0,0,3,0,5.7,5.7,2.2,7.9,12,82,88,0.29,0.19,0.48,0.29,0.48,0.28,0.11,0.38,0.28,0.38,Matches,GER-BL1,22-23
7242b495,147,Niko Gießelmann,GER,DF,Union Berlin,30,1991,26,14,1302,14.5,0,2,2,0,0,0,4,0,1.1,1.1,1.7,2.8,14,50,50,0.0,0.14,0.14,0.0,0.14,0.08,0.11,0.19,0.08,0.19,Matches,GER-BL1,22-23
17376543,148,Rafał Gikiewicz,POL,GK,Augsburg,34,1987,23,23,2070,23.0,0,0,0,0,0,0,3,0,0.0,0.0,0.0,0.0,0,0,0,0.0,0.0,0.0,0.0,0.0,0.0,0.0,0.0,0.0,0.0,Matches,GER-BL1,22-23
f521b80a,149,Matthias Ginter,GER,DF,Freiburg,28,1994,34,34,3060,34.0,4,1,5,4,0,0,3,0,1.9,1.9,0.9,2.9,23,122,11,0.12,0.03,0.15,0.12,0.15,0.06,0.03,0.08,0.06,0.08,Matches,GER-BL1,22-23
10745192,150,Jamie Gittens,ENG,"FW,MF",Dortmund,17,2004,15,4,533,5.9,3,1,4,3,0,0,1,0,2.4,2.4,0.7,3.1,24,9,38,0.51,0.17,0.68,0.51,0.68,0.41,0.12,0.53,0.41,0.53,Matches,GER-BL1,22-23
88e357ef,151,Serge Gnabry,GER,"FW,MF",Bayern Munich,27,1995,34,22,1941,21.6,14,5,19,13,1,1,0,0,11.2,10.4,5.3,15.7,74,82,217,0.65,0.23,0.88,0.6,0.83,0.52,0.25,0.76,0.48,0.73,Matches,GER-BL1,22-23
83b9c48f,152,Jacek Góralski,POL,MF,Bochum,29,1992,4,2,146,1.6,0,0,0,0,0,0,0,0,0.0,0.0,0.1,0.1,1,3,0,0.0,0.0,0.0,0.0,0.0,0.0,0.04,0.04,0.0,0.04,Matches,GER-BL1,22-23
cc86b9a3,153,Leon Goretzka,GER,MF,Bayern Munich,27,1995,27,22,1728,19.2,3,2,5,3,0,0,5,0,4.7,4.7,2.3,7.1,42,114,62,0.16,0.1,0.26,0.16,0.26,0.25,0.12,0.37,0.25,0.37,Matches,GER-BL1,22-23
9efa1d25,154,Mario Götze,GER,MF,Eint Frankfurt,30,1992,32,32,2740,30.4,3,1,4,3,0,0,6,0,3.2,3.2,5.3,8.5,57,149,212,0.1,0.03,0.13,0.1,0.13,0.11,0.17,0.28,0.11,0.28,Matches,GER-BL1,22-23
1025db8e,155,Jeffrey Gouweleeuw,NED,DF,Augsburg,31,1991,32,32,2795,31.1,0,1,1,0,0,0,12,0,1.4,1.4,2.1,3.6,18,80,10,0.0,0.03,0.03,0.0,0.03,0.05,0.07,0.12,0.05,0.12,Matches,GER-BL1,22-23
b8e740fb,156,Ryan Gravenberch,NED,MF,Bayern Munich,20,2002,24,3,576,6.4,0,0,0,0,0,0,1,0,0.9,0.9,0.5,1.4,11,44,31,0.0,0.0,0.0,0.0,0.0,0.14,0.08,0.21,0.14,0.21,Matches,GER-BL1,22-23
8e235926,157,Michael Gregoritsch,AUT,FW,Freiburg,28,1994,30,27,2150,23.9,10,4,14,10,0,0,6,0,10.0,10.0,3.0,13.0,22,57,124,0.42,0.17,0.59,0.42,0.59,0.42,0.12,0.54,0.42,0.54,Matches,GER-BL1,22-23
f9dfb7ae,158,Leo Greiml,AUT,DF,Schalke 04,21,2001,7,3,358,4.0,0,0,0,0,0,0,2,0,0.1,0.1,0.1,0.2,4,10,1,0.0,0.0,0.0,0.0,0.0,0.03,0.02,0.05,0.03,0.05,Matches,GER-BL1,22-23
54e4866f,159,Vincenzo Grifo,ITA,"MF,FW",Freiburg,29,1993,33,30,2408,26.8,15,5,20,8,7,8,2,0,10.3,3.9,5.5,9.4,65,128,124,0.56,0.19,0.75,0.3,0.49,0.39,0.21,0.59,0.14,0.35,Matches,GER-BL1,22-23
37998008,160,Lennart Grill,GER,GK,Union Berlin,23,1999,5,5,450,5.0,0,0,0,0,0,0,0,0,0.0,0.0,0.0,0.0,0,0,0,0.0,0.0,0.0,0.0,0.0,0.0,0.0,0.0,0.0,0.0,Matches,GER-BL1,22-23
14a7af33,161,Christian Groß,GER,MF,Werder Bremen,33,1989,26,23,1886,21.0,1,1,2,1,0,0,4,0,0.2,0.2,0.5,0.6,22,67,17,0.05,0.05,0.1,0.05,0.1,0.01,0.02,0.03,0.01,0.03,Matches,GER-BL1,22-23
ae9b998d,162,Brajan Gruda,GER,MF,Mainz 05,18,2004,2,0,4,0.0,0,0,0,0,0,0,0,0,0.0,0.0,0.1,0.1,0,0,0,0.0,0.0,0.0,0.0,0.0,0.0,1.63,1.63,0.0,1.63,Matches,GER-BL1,22-23
1fc4f3d1,163,Ilia Gruev,BUL,MF,Werder Bremen,22,2000,31,18,1584,17.6,0,0,0,0,0,0,2,0,0.3,0.3,0.8,1.2,26,61,12,0.0,0.0,0.0,0.0,0.0,0.02,0.05,0.07,0.02,0.07,Matches,GER-BL1,22-23
f2dd9a21,164,Carlos Gruezo,ECU,MF,Augsburg,27,1995,13,12,961,10.7,0,0,0,0,0,0,5,0,0.0,0.0,0.3,0.3,2,29,5,0.0,0.0,0.0,0.0,0.0,0.0,0.03,0.03,0.0,0.03,Matches,GER-BL1,22-23
048a1cbc,165,Raphaël Guerreiro,POR,"DF,MF",Dortmund,28,1993,27,26,2290,25.4,4,12,16,4,0,0,4,0,2.7,2.7,7.6,10.3,85,191,163,0.16,0.47,0.63,0.16,0.63,0.11,0.3,0.41,0.11,0.41,Matches,GER-BL1,22-23
e6c43eec,166,Josuha Guilavogui,FRA,"DF,MF",Wolfsburg,31,1990,23,11,1180,13.1,1,0,1,1,0,0,4,0,0.5,0.5,0.4,1.0,4,64,6,0.08,0.0,0.08,0.08,0.08,0.04,0.03,0.07,0.04,0.07,Matches,GER-BL1,22-23
923f4dda,167,Serhou Guirassy,GUI,FW,Stuttgart,26,1996,22,20,1646,18.3,11,0,11,9,2,2,4,1,10.8,9.2,1.4,10.6,20,30,97,0.6,0.0,0.6,0.49,0.49,0.59,0.08,0.67,0.5,0.58,Matches,GER-BL1,22-23
bcb2ccd8,168,Péter Gulácsi,HUN,GK,RB Leipzig,32,1990,6,6,540,6.0,0,0,0,0,0,0,0,0,0.0,0.0,0.0,0.0,0,0,0,0.0,0.0,0.0,0.0,0.0,0.0,0.0,0.0,0.0,0.0,Matches,GER-BL1,22-23
25ab9c9c,169,Manuel Gulde,GER,DF,Freiburg,31,1991,15,8,643,7.1,1,0,1,1,0,0,2,0,0.7,0.7,0.2,0.9,6,23,5,0.14,0.0,0.14,0.14,0.14,0.1,0.02,0.12,0.1,0.12,Matches,GER-BL1,22-23
1df0c0b9,170,Robert Gumny,POL,DF,Augsburg,24,1998,29,23,2015,22.4,1,2,3,1,0,0,5,1,0.7,0.7,0.7,1.4,23,56,59,0.04,0.09,0.13,0.04,0.13,0.03,0.03,0.06,0.03,0.06,Matches,GER-BL1,22-23
8593f88c,171,Christian Günter,GER,"DF,MF",Freiburg,29,1993,33,31,2748,30.5,1,4,5,1,0,0,5,0,1.2,1.2,5.1,6.4,43,77,128,0.03,0.13,0.16,0.03,0.16,0.04,0.17,0.21,0.04,0.21,Matches,GER-BL1,22-23
5ad50391,172,Joško Gvardiol,CRO,DF,RB Leipzig,20,2002,30,24,2170,24.1,1,0,1,1,0,0,2,0,1.8,1.8,0.6,2.5,27,116,4,0.04,0.0,0.04,0.04,0.04,0.08,0.03,0.1,0.08,0.1,Matches,GER-BL1,22-23
70dcf94d,173,Janik Haberer,GER,MF,Union Berlin,28,1994,32,30,2187,24.3,5,1,6,5,0,0,1,0,3.3,3.3,2.1,5.4,21,78,84,0.21,0.04,0.25,0.21,0.25,0.13,0.09,0.22,0.13,0.22,Matches,GER-BL1,22-23
a5ec3ede,174,Alexander Hack,GER,DF,Mainz 05,28,1993,19,14,1132,12.6,0,0,0,0,0,0,2,1,0.1,0.1,0.1,0.2,1,52,0,0.0,0.0,0.0,0.0,0.0,0.01,0.01,0.02,0.01,0.02,Matches,GER-BL1,22-23
cd82452e,175,André Hahn,GER,"FW,MF",Augsburg,31,1990,7,4,391,4.3,2,0,2,2,0,0,1,0,0.4,0.4,0.0,0.4,3,8,10,0.46,0.0,0.46,0.46,0.46,0.09,0.01,0.1,0.09,0.1,Matches,GER-BL1,22-23
92432bc6,176,Amadou Haidara,MLI,MF,RB Leipzig,24,1998,31,15,1430,15.9,2,1,3,2,0,0,7,0,2.8,2.8,1.5,4.3,10,85,8,0.13,0.06,0.19,0.13,0.19,0.18,0.09,0.27,0.18,0.27,Matches,GER-BL1,22-23
ba115a40,177,Sébastien Haller,CIV,FW,Dortmund,28,1994,19,15,1225,13.6,9,3,12,9,0,1,1,0,8.4,7.7,2.3,10.0,11,22,65,0.66,0.22,0.88,0.66,0.88,0.62,0.17,0.79,0.56,0.73,Matches,GER-BL1,22-23
8ff2354e,178,Marcel Halstenberg,GER,DF,RB Leipzig,30,1991,31,17,1557,17.3,1,1,2,1,0,0,2,0,1.1,1.1,2.1,3.3,22,59,66,0.06,0.06,0.12,0.06,0.12,0.06,0.12,0.19,0.06,0.19,Matches,GER-BL1,22-23
2e77d607,179,Andreas Hanche-Olsen,NOR,DF,Mainz 05,25,1997,17,17,1497,16.6,1,3,4,1,0,0,5,0,0.4,0.4,1.2,1.6,6,43,10,0.06,0.18,0.24,0.06,0.24,0.03,0.07,0.1,0.03,0.1,Matches,GER-BL1,22-23
f24ea523,180,Genki Haraguchi,JPN,MF,Stuttgart,31,1991,11,9,748,8.3,0,2,2,0,0,0,1,0,0.3,0.3,0.7,1.0,16,30,28,0.0,0.24,0.24,0.0,0.24,0.03,0.08,0.12,0.03,0.12,Matches,GER-BL1,22-23
f24ea523,181,Genki Haraguchi,JPN,MF,Union Berlin,31,1991,11,6,498,5.5,0,0,0,0,0,0,0,0,0.3,0.3,0.3,0.5,6,17,18,0.0,0.0,0.0,0.0,0.0,0.05,0.05,0.09,0.05,0.09,Matches,GER-BL1,22-23
9ab16552,182,Makoto Hasebe,JPN,DF,Eint Frankfurt,38,1984,18,15,1306,14.5,0,0,0,0,0,0,1,0,0.0,0.0,0.4,0.4,9,57,2,0.0,0.0,0.0,0.0,0.0,0.0,0.03,0.03,0.0,0.03,Matches,GER-BL1,22-23
50871bcc,183,Thorgan Hazard,BEL,"FW,DF",Dortmund,29,1993,14,2,464,5.2,0,0,0,0,0,0,1,0,1.3,1.3,0.9,2.3,21,28,50,0.0,0.0,0.0,0.0,0.0,0.26,0.18,0.44,0.26,0.44,Matches,GER-BL1,22-23
c2009df3,184,Jonas Hector,GER,DF,Köln,32,1990,32,32,2824,31.4,0,2,2,0,0,0,3,0,1.7,1.7,3.9,5.6,54,129,122,0.0,0.06,0.06,0.0,0.06,0.05,0.12,0.18,0.05,0.18,Matches,GER-BL1,22-23
699fb8db,185,Dominique Heintz,GER,DF,Bochum,28,1993,11,8,795,8.8,0,0,0,0,0,0,1,0,0.3,0.3,0.2,0.5,3,21,2,0.0,0.0,0.0,0.0,0.0,0.04,0.02,0.06,0.04,0.06,Matches,GER-BL1,22-23
0a89e877,186,Benjamin Henrichs,GER,"DF,MF",RB Leipzig,25,1997,30,23,2188,24.3,2,2,4,2,0,0,8,0,1.2,1.2,1.8,3.0,48,109,149,0.08,0.08,0.16,0.08,0.16,0.05,0.07,0.12,0.05,0.12,Matches,GER-BL1,22-23
c3ee18ef,187,Lucas Hernández,FRA,DF,Bayern Munich,26,1996,7,6,476,5.3,0,0,0,0,0,0,1,0,0.0,0.0,0.2,0.2,3,34,4,0.0,0.0,0.0,0.0,0.0,0.0,0.03,0.03,0.0,0.03,Matches,GER-BL1,22-23
dfb6490a,188,Patrick Herrmann,GER,"FW,MF",Gladbach,31,1991,21,0,164,1.8,1,0,1,1,0,0,2,0,0.4,0.4,0.5,0.8,7,6,19,0.55,0.0,0.55,0.55,0.55,0.19,0.27,0.46,0.19,0.46,Matches,GER-BL1,22-23
0c7a48f8,189,Piero Hincapié,ECU,"DF,MF",Leverkusen,20,2002,30,27,2457,27.3,1,1,2,1,0,0,13,3,1.3,1.3,1.0,2.4,46,83,42,0.04,0.04,0.07,0.04,0.07,0.05,0.04,0.09,0.05,0.09,Matches,GER-BL1,22-23
5521f419,190,Adam Hložek,CZE,"FW,MF",Leverkusen,20,2002,29,16,1286,14.3,5,3,8,5,0,0,2,0,2.7,2.7,2.5,5.3,22,32,70,0.35,0.21,0.56,0.35,0.56,0.19,0.18,0.37,0.19,0.37,Matches,GER-BL1,22-23
5d8e331f,191,Nicolas Höfler,GER,MF,Freiburg,32,1990,32,32,2816,31.3,0,1,1,0,0,0,9,1,1.7,1.7,0.9,2.7,12,110,10,0.0,0.03,0.03,0.0,0.03,0.06,0.03,0.09,0.06,0.09,Matches,GER-BL1,22-23
2903a856,192,Jonas Hofmann,GER,"FW,MF",Gladbach,30,1992,31,30,2680,29.8,12,9,21,12,0,1,2,0,7.2,6.6,11.1,17.6,73,119,197,0.4,0.3,0.71,0.4,0.71,0.24,0.37,0.61,0.22,0.59,Matches,GER-BL1,22-23
877bc844,193,Philipp Hofmann,GER,FW,Bochum,29,1993,34,31,2631,29.2,8,2,10,8,0,0,5,0,8.8,8.8,2.7,11.5,7,71,117,0.27,0.07,0.34,0.27,0.34,0.3,0.09,0.39,0.3,0.39,Matches,GER-BL1,22-23
ca618d23,194,Lucas Höler,GER,"FW,MF",Freiburg,28,1994,26,16,1503,16.7,5,2,7,5,0,0,1,0,3.3,3.3,1.9,5.1,19,33,87,0.3,0.12,0.42,0.3,0.42,0.19,0.11,0.31,0.19,0.31,Matches,GER-BL1,22-23
2979c05a,195,Gerrit Holtmann,PHI,"FW,MF",Bochum,27,1995,23,8,945,10.5,1,1,2,1,0,0,0,0,2.4,2.4,0.8,3.1,37,8,83,0.1,0.1,0.19,0.1,0.19,0.23,0.07,0.3,0.23,0.3,Matches,GER-BL1,22-23
2b83fa49,196,Jannes Horn,GER,"DF,FW",Bochum,25,1997,2,1,59,0.7,0,0,0,0,0,0,1,0,0.0,0.0,0.0,0.0,0,0,0,0.0,0.0,0.0,0.0,0.0,0.0,0.0,0.0,0.0,0.0,Matches,GER-BL1,22-23
ad3389d5,197,Lukáš Hrádecký,FIN,GK,Leverkusen,32,1989,33,33,2969,33.0,0,0,0,0,0,0,0,1,0.0,0.0,0.0,0.0,0,0,0,0.0,0.0,0.0,0.0,0.0,0.0,0.0,0.0,0.0,0.0,Matches,GER-BL1,22-23
94302c52,198,Timo Hübers,GER,DF,Köln,26,1996,29,28,2559,28.4,3,0,3,3,0,0,8,0,1.8,1.8,0.1,1.9,10,84,2,0.11,0.0,0.11,0.11,0.11,0.06,0.0,0.07,0.06,0.07,Matches,GER-BL1,22-23
15f3ec41,199,Callum Hudson-Odoi,ENG,"FW,MF",Leverkusen,21,2000,14,7,605,6.7,0,1,1,0,0,0,0,0,0.2,0.2,0.8,0.9,30,31,44,0.0,0.15,0.15,0.0,0.15,0.03,0.11,0.14,0.03,0.14,Matches,GER-BL1,22-23
05d548d8,200,Mats Hummels,GER,DF,Dortmund,33,1988,30,24,2018,22.4,1,0,1,1,0,0,4,0,2.2,2.2,1.1,3.3,21,114,6,0.04,0.0,0.04,0.04,0.04,0.1,0.05,0.15,0.1,0.15,Matches,GER-BL1,22-23
b116c6e3,201,Denis Huseinbasic,BIH,"MF,FW",Köln,21,2001,24,7,791,8.8,4,1,5,4,0,0,3,0,2.4,2.4,0.3,2.7,12,34,45,0.46,0.11,0.57,0.46,0.57,0.27,0.04,0.31,0.27,0.31,Matches,GER-BL1,22-23
054849d2,202,Iago,BRA,"DF,MF",Augsburg,25,1997,22,19,1600,17.8,0,2,2,0,0,0,6,1,0.4,0.4,1.1,1.5,27,53,49,0.0,0.11,0.11,0.0,0.11,0.02,0.06,0.08,0.02,0.08,Matches,GER-BL1,22-23
f5c4fd91,203,Arijon Ibrahimović,GER,MF,Bayern Munich,16,2005,1,0,14,0.2,0,0,0,0,0,0,0,0,0.5,0.5,0.1,0.6,0,0,2,0.0,0.0,0.0,0.0,0.0,3.31,0.37,3.68,3.31,3.68,Matches,GER-BL1,22-23
271b8617,204,Marcus Ingvartsen,DEN,"FW,MF",Mainz 05,26,1996,28,16,1314,14.6,10,0,10,6,4,4,2,0,8.4,5.2,0.7,5.9,16,30,81,0.68,0.0,0.68,0.41,0.41,0.57,0.05,0.62,0.36,0.41,Matches,GER-BL1,22-23
97d545ae,205,Ko Itakura,JPN,DF,Gladbach,25,1997,24,22,1981,22.0,0,2,2,0,0,0,1,2,0.6,0.6,0.4,1.0,19,59,4,0.0,0.09,0.09,0.0,0.09,0.03,0.02,0.05,0.03,0.05,Matches,GER-BL1,22-23
204dded0,206,Hiroki Ito,JPN,DF,Stuttgart,23,1999,30,29,2561,28.5,1,1,2,1,0,0,5,0,0.8,0.8,2.1,2.9,29,158,29,0.04,0.04,0.07,0.04,0.07,0.03,0.07,0.1,0.03,0.1,Matches,GER-BL1,22-23
8bf58a80,207,Andreas Ivan,ROU,MF,Schalke 04,27,1995,1,0,46,0.5,0,0,0,0,0,0,0,0,0.0,0.0,0.0,0.0,0,2,1,0.0,0.0,0.0,0.0,0.0,0.08,0.0,0.08,0.08,0.08,Matches,GER-BL1,22-23
34b0387f,208,Lee Jae-sung,KOR,MF,Mainz 05,29,1992,34,24,1894,21.0,7,5,12,7,0,0,2,0,4.3,4.3,2.8,7.1,29,69,103,0.33,0.24,0.57,0.33,0.57,0.2,0.13,0.34,0.2,0.34,Matches,GER-BL1,22-23
a93b6f4e,209,Paul Jaeckel,GER,DF,Union Berlin,24,1998,16,13,1196,13.3,1,0,1,1,0,0,4,1,0.1,0.1,0.0,0.2,6,41,8,0.08,0.0,0.08,0.08,0.08,0.01,0.0,0.01,0.01,0.01,Matches,GER-BL1,22-23
a8ee54ad,210,Kristijan Jakić,CRO,"DF,MF",Eint Frankfurt,25,1997,24,17,1460,16.2,1,0,1,1,0,0,4,0,0.7,0.7,0.7,1.5,16,59,19,0.06,0.0,0.06,0.06,0.06,0.05,0.05,0.09,0.05,0.09,Matches,GER-BL1,22-23
689c9cf4,211,Saidy Janko,GAM,DF,Bochum,26,1995,20,12,1134,12.6,0,0,0,0,0,0,1,0,0.0,0.0,0.1,0.2,23,29,27,0.0,0.0,0.0,0.0,0.0,0.0,0.01,0.01,0.0,0.01,Matches,GER-BL1,22-23
34b54da7,212,Tony Jantschke,GER,"DF,MF",Gladbach,32,1990,8,1,99,1.1,0,0,0,0,0,0,0,0,0.0,0.0,0.0,0.0,0,2,1,0.0,0.0,0.0,0.0,0.0,0.0,0.0,0.0,0.0,0.0,Matches,GER-BL1,22-23
3eeb80e0,213,Fredrik Jensen,FIN,"FW,MF",Augsburg,24,1997,20,8,924,10.3,2,1,3,2,0,0,1,0,1.8,1.8,1.4,3.2,3,24,62,0.19,0.1,0.29,0.19,0.29,0.17,0.13,0.31,0.17,0.31,Matches,GER-BL1,22-23
ee644761,214,Moritz Jenz,GER,DF,Schalke 04,23,1999,11,11,945,10.5,0,0,0,0,0,0,5,0,1.0,1.0,0.0,1.1,6,18,1,0.0,0.0,0.0,0.0,0.0,0.1,0.0,0.1,0.1,0.1,Matches,GER-BL1,22-23
f36c432f,215,Stevan Jovetić,MNE,"FW,MF",Hertha BSC,32,1989,17,8,892,9.9,4,2,6,4,0,0,0,0,2.7,2.7,1.1,3.8,14,40,44,0.4,0.2,0.61,0.4,0.61,0.28,0.11,0.38,0.28,0.38,Matches,GER-BL1,22-23
de838f86,216,Anthony Jung,GER,"DF,FW",Werder Bremen,30,1991,34,32,2617,29.1,2,5,7,2,0,0,2,0,1.3,1.3,1.6,2.9,28,73,109,0.07,0.17,0.24,0.07,0.24,0.04,0.06,0.1,0.04,0.1,Matches,GER-BL1,22-23
0a084b35,217,Josip Juranović,CRO,DF,Union Berlin,26,1995,12,10,935,10.4,2,1,3,1,1,1,0,0,1.6,0.8,1.5,2.3,11,27,33,0.19,0.1,0.29,0.1,0.19,0.15,0.14,0.3,0.08,0.22,Matches,GER-BL1,22-23
2d61d13a,218,Ozan Kabak,TUR,DF,Hoffenheim,22,2000,30,28,2388,26.5,2,2,4,2,0,0,12,2,1.3,1.3,1.3,2.6,23,76,13,0.08,0.08,0.15,0.08,0.15,0.05,0.05,0.1,0.05,0.1,Matches,GER-BL1,22-23
79c90e45,219,Pavel Kadeřábek,CZE,DF,Hoffenheim,30,1992,26,17,1665,18.5,1,1,2,1,0,0,1,0,1.3,1.3,1.7,3.1,30,61,114,0.05,0.05,0.11,0.05,0.11,0.07,0.09,0.17,0.07,0.17,Matches,GER-BL1,22-23
94c18565,220,Florian Kainz,AUT,"MF,FW",Köln,29,1992,32,31,2344,26.0,6,10,16,3,3,3,6,1,6.0,3.6,8.7,12.3,64,159,147,0.23,0.38,0.61,0.12,0.5,0.23,0.33,0.56,0.14,0.47,Matches,GER-BL1,22-23
15f24fe7,221,Sasa Kalajdzic,AUT,FW,Stuttgart,25,1997,3,3,233,2.6,0,3,3,0,0,0,1,0,0.5,0.5,0.6,1.1,0,4,13,0.0,1.16,1.16,0.0,1.16,0.19,0.24,0.44,0.19,0.44,Matches,GER-BL1,22-23
15b287da,222,Daichi Kamada,JPN,MF,Eint Frankfurt,25,1996,32,25,2265,25.2,9,6,15,6,3,3,3,0,9.9,7.5,3.4,10.9,47,160,105,0.36,0.24,0.6,0.24,0.48,0.39,0.14,0.53,0.3,0.44,Matches,GER-BL1,22-23
202b3b68,223,Jakub Kamiński,POL,"FW,DF",Wolfsburg,20,2002,31,25,2058,22.9,4,2,6,4,0,0,0,0,5.0,4.8,3.7,8.5,47,78,171,0.17,0.09,0.26,0.17,0.26,0.22,0.16,0.38,0.21,0.37,Matches,GER-BL1,22-23
463503e2,224,Marcin Kamiński,POL,DF,Schalke 04,30,1992,8,7,632,7.0,2,0,2,2,0,0,0,0,0.4,0.4,0.1,0.5,2,25,3,0.28,0.0,0.28,0.28,0.28,0.06,0.02,0.07,0.06,0.07,Matches,GER-BL1,22-23
b825a650,225,Kevin Kampl,SVN,MF,RB Leipzig,31,1990,30,16,1372,15.2,2,2,4,2,0,0,8,0,1.1,1.1,1.0,2.2,23,80,15,0.13,0.13,0.26,0.13,0.26,0.07,0.07,0.14,0.07,0.14,Matches,GER-BL1,22-23
b4c816a9,226,Wilfried Kanga,CIV,FW,Hertha BSC,24,1998,23,15,1417,15.7,2,0,2,2,0,0,3,0,3.3,3.3,1.5,4.8,11,12,72,0.13,0.0,0.13,0.13,0.13,0.21,0.09,0.31,0.21,0.31,Matches,GER-BL1,22-23
8f0f2230,227,Kenan Karaman,TUR,FW,Schalke 04,28,1994,21,10,976,10.8,1,2,3,1,0,0,2,0,2.5,2.5,1.4,3.8,23,18,55,0.09,0.18,0.28,0.09,0.28,0.23,0.13,0.35,0.23,0.35,Matches,GER-BL1,22-23
5762be5c,228,Atakan Karazor,GER,MF,Stuttgart,25,1996,29,22,1962,21.8,0,1,1,0,0,0,10,0,0.3,0.3,0.6,0.9,5,79,12,0.0,0.05,0.05,0.0,0.05,0.01,0.03,0.04,0.01,0.04,Matches,GER-BL1,22-23
778ccc44,229,Thomas Kastanaras,GRE,"FW,DF",Stuttgart,19,2003,4,1,72,0.8,0,0,0,0,0,0,0,0,0.3,0.3,0.1,0.3,1,2,6,0.0,0.0,0.0,0.0,0.0,0.32,0.08,0.4,0.32,0.4,Matches,GER-BL1,22-23
de4cac2d,230,Silas Katompa,COD,"FW,MF",Stuttgart,23,1998,30,23,1992,22.1,5,2,7,4,1,1,4,0,6.5,5.7,1.9,7.6,71,40,165,0.23,0.09,0.32,0.18,0.27,0.29,0.09,0.38,0.26,0.34,Matches,GER-BL1,22-23
d2c580ce,231,Yannik Keitel,GER,MF,Freiburg,22,2000,22,8,682,7.6,0,2,2,0,0,0,4,0,0.2,0.2,0.1,0.3,12,26,16,0.0,0.26,0.26,0.0,0.26,0.02,0.02,0.04,0.02,0.04,Matches,GER-BL1,22-23
815c314f,232,Marc-Oliver Kempf,GER,DF,Hertha BSC,27,1995,31,31,2709,30.1,1,0,1,1,0,0,5,0,1.5,1.5,1.1,2.7,11,81,1,0.03,0.0,0.03,0.03,0.03,0.05,0.04,0.09,0.05,0.09,Matches,GER-BL1,22-23
099e666f,233,Jonjoe Kenny,ENG,DF,Hertha BSC,25,1997,29,25,2244,24.9,0,1,1,0,0,0,3,0,0.3,0.3,2.1,2.4,30,98,59,0.0,0.04,0.04,0.0,0.04,0.01,0.09,0.1,0.01,0.1,Matches,GER-BL1,22-23
59e4b92e,234,Rani Khedira,GER,MF,Union Berlin,28,1994,33,33,2882,32.0,2,0,2,2,0,0,8,0,1.7,1.7,0.7,2.3,14,69,26,0.06,0.0,0.06,0.06,0.06,0.05,0.02,0.07,0.05,0.07,Matches,GER-BL1,22-23
610aa1e9,235,Luca Kilian,GER,DF,Köln,22,1999,16,13,1123,12.5,1,0,1,1,0,0,5,2,1.1,1.1,0.2,1.3,14,53,4,0.08,0.0,0.08,0.08,0.08,0.09,0.01,0.1,0.09,0.1,Matches,GER-BL1,22-23
49296448,236,Joshua Kimmich,GER,MF,Bayern Munich,27,1995,33,32,2809,31.2,5,6,11,4,1,1,6,1,2.2,1.4,7.0,8.4,42,315,56,0.16,0.19,0.35,0.13,0.32,0.07,0.22,0.3,0.05,0.27,Matches,GER-BL1,22-23
90d88154,237,Pascal Klemens,GER,DF,Hertha BSC,17,2005,1,1,90,1.0,0,0,0,0,0,0,0,0,0.0,0.0,0.0,0.0,0,1,0,0.0,0.0,0.0,0.0,0.0,0.0,0.0,0.0,0.0,0.0,Matches,GER-BL1,22-23
ca8033cb,238,Lukas Klostermann,GER,DF,RB Leipzig,26,1996,15,10,907,10.1,0,0,0,0,0,0,0,0,0.3,0.3,0.1,0.5,5,40,12,0.0,0.0,0.0,0.0,0.0,0.03,0.01,0.05,0.03,0.05,Matches,GER-BL1,22-23
19a967ab,239,Ansgar Knauff,GER,DF,Eint Frankfurt,20,2002,24,14,1286,14.3,1,1,2,1,0,0,1,0,0.9,0.9,1.6,2.5,47,40,74,0.07,0.07,0.14,0.07,0.14,0.06,0.12,0.18,0.06,0.18,Matches,GER-BL1,22-23
6bd5cd5d,240,Robin Knoche,GER,DF,Union Berlin,30,1992,32,32,2873,31.9,2,3,5,1,1,2,4,0,2.4,0.8,0.8,1.6,12,98,6,0.06,0.09,0.16,0.03,0.13,0.07,0.03,0.1,0.03,0.05,Matches,GER-BL1,22-23
cd59b9df,241,Gregor Kobel,SUI,GK,Dortmund,24,1997,27,27,2430,27.0,0,0,0,0,0,0,0,0,0.0,0.0,0.0,0.0,0,0,0,0.0,0.0,0.0,0.0,0.0,0.0,0.0,0.0,0.0,0.0,Matches,GER-BL1,22-23
0fbecd11,242,Dominik Kohr,GER,MF,Mainz 05,28,1994,30,27,2292,25.5,3,0,3,3,0,0,11,0,2.3,2.3,1.0,3.3,17,144,39,0.12,0.0,0.12,0.12,0.12,0.09,0.04,0.13,0.09,0.13,Matches,GER-BL1,22-23
c0b3669f,243,Randal Kolo Muani,FRA,FW,Eint Frankfurt,23,1998,32,31,2631,29.2,15,11,26,13,2,2,6,1,13.2,11.6,6.5,18.1,97,61,240,0.51,0.38,0.89,0.44,0.82,0.45,0.22,0.67,0.4,0.62,Matches,GER-BL1,22-23
ab096c6f,244,Timothée Kolodziejczak,FRA,DF,Schalke 04,30,1991,1,0,25,0.3,0,0,0,0,0,0,0,0,0.0,0.0,0.0,0.0,0,0,0,0.0,0.0,0.0,0.0,0.0,0.0,0.0,0.0,0.0,0.0,Matches,GER-BL1,22-23
86574238,245,Manu Koné,FRA,MF,Gladbach,21,2001,30,30,2608,29.0,1,1,2,1,0,0,12,0,1.2,1.2,1.3,2.5,59,166,55,0.03,0.03,0.07,0.03,0.07,0.04,0.05,0.09,0.04,0.09,Matches,GER-BL1,22-23
1f3afdcb,246,Odilon Kossonou,CIV,DF,Leverkusen,21,2001,24,17,1523,16.9,0,1,1,0,0,0,3,0,0.2,0.2,0.1,0.3,26,77,16,0.0,0.06,0.06,0.0,0.06,0.01,0.01,0.02,0.01,0.02,Matches,GER-BL1,22-23
b1cd37e6,247,Filip Kostić,SRB,"DF,MF",Eint Frankfurt,29,1992,1,1,74,0.8,0,0,0,0,0,0,1,0,0.0,0.0,0.1,0.1,3,4,3,0.0,0.0,0.0,0.0,0.0,0.03,0.08,0.11,0.03,0.11,Matches,GER-BL1,22-23
dc366c36,248,Tomáš Koubek,CZE,GK,Augsburg,29,1992,11,11,990,11.0,0,0,0,0,0,0,0,0,0.0,0.0,0.0,0.0,0,0,0,0.0,0.0,0.0,0.0,0.0,0.0,0.0,0.0,0.0,0.0,Matches,GER-BL1,22-23
f1e855eb,249,Soichiro Kozuki,JPN,"FW,MF",Schalke 04,21,2000,5,5,379,4.2,1,0,1,1,0,0,1,0,1.1,1.1,0.3,1.4,15,10,37,0.24,0.0,0.24,0.24,0.24,0.26,0.08,0.33,0.26,0.33,Matches,GER-BL1,22-23
e717705a,250,Alex Král,CZE,MF,Schalke 04,24,1998,29,26,2357,26.2,0,0,0,0,0,0,3,0,1.5,1.5,0.7,2.2,41,100,70,0.0,0.0,0.0,0.0,0.0,0.06,0.03,0.08,0.06,0.08,Matches,GER-BL1,22-23
603cb947,251,Andrej Kramarić,CRO,"MF,FW",Hoffenheim,31,1991,32,26,2386,26.5,12,4,16,8,4,6,3,0,13.2,8.5,2.2,10.7,49,100,191,0.45,0.15,0.6,0.3,0.45,0.5,0.08,0.58,0.32,0.4,Matches,GER-BL1,22-23
496aeede,252,Christoph Kramer,GER,MF,Gladbach,31,1991,29,27,2222,24.7,0,0,0,0,0,0,4,0,0.4,0.4,2.0,2.4,26,79,60,0.0,0.0,0.0,0.0,0.0,0.01,0.08,0.1,0.01,0.1,Matches,GER-BL1,22-23
9f77012e,253,Tom Krauß,GER,MF,Schalke 04,21,2001,32,31,2514,27.9,2,0,2,2,0,0,8,0,2.2,2.2,0.9,3.1,35,86,38,0.07,0.0,0.07,0.07,0.07,0.08,0.03,0.11,0.08,0.11,Matches,GER-BL1,22-23
f9446dcd,254,Max Kruse,GER,"MF,FW",Wolfsburg,34,1988,5,2,272,3.0,0,0,0,0,0,0,0,0,0.7,0.7,0.1,0.9,4,7,30,0.0,0.0,0.0,0.0,0.0,0.25,0.05,0.29,0.25,0.29,Matches,GER-BL1,22-23
2a29eb9b,255,Lukas Kübler,GER,DF,Freiburg,29,1992,22,19,1639,18.2,2,1,3,2,0,0,1,0,0.9,0.9,0.4,1.3,11,57,50,0.11,0.05,0.16,0.11,0.16,0.05,0.02,0.07,0.05,0.07,Matches,GER-BL1,22-23
9ceb7642,256,Pierre Kunde,CMR,"MF,FW",Bochum,27,1995,12,3,377,4.2,1,0,1,1,0,0,0,0,0.3,0.3,0.2,0.5,6,16,1,0.24,0.0,0.24,0.24,0.24,0.08,0.05,0.13,0.08,0.13,Matches,GER-BL1,22-23
f1bc3876,257,Alou Kuol,AUS,FW,Stuttgart,21,2000,1,0,5,0.1,0,0,0,0,0,0,0,0,0.0,0.0,0.0,0.0,0,0,0,0.0,0.0,0.0,0.0,0.0,0.0,0.0,0.0,0.0,0.0,Matches,GER-BL1,22-23
2770726a,258,Daniel Kyereh,GHA,"MF,FW",Freiburg,26,1996,12,7,559,6.2,2,0,2,2,0,0,2,0,2.2,2.2,0.3,2.5,5,11,24,0.32,0.0,0.32,0.32,0.32,0.36,0.04,0.4,0.36,0.4,Matches,GER-BL1,22-23
277c49ed,259,Maxence Lacroix,FRA,DF,Wolfsburg,22,2000,24,18,1627,18.1,1,0,1,1,0,0,1,0,0.5,0.5,0.1,0.6,15,83,4,0.06,0.0,0.06,0.06,0.06,0.03,0.01,0.04,0.03,0.04,Matches,GER-BL1,22-23
22798128,260,Aïssa Laïdouni,TUN,MF,Union Berlin,25,1996,14,11,871,9.7,2,0,2,2,0,0,4,0,0.8,0.8,0.9,1.7,10,40,25,0.21,0.0,0.21,0.21,0.21,0.09,0.09,0.18,0.09,0.18,Matches,GER-BL1,22-23
c1b7847c,261,Konrad Laimer,AUT,MF,RB Leipzig,25,1997,21,17,1468,16.3,3,0,3,3,0,0,8,0,2.4,2.4,2.3,4.7,51,93,52,0.18,0.0,0.18,0.18,0.18,0.15,0.14,0.29,0.15,0.29,Matches,GER-BL1,22-23
4aea5077,262,Stefan Lainer,AUT,DF,Gladbach,29,1992,17,9,817,9.1,0,0,0,0,0,0,2,0,0.8,0.8,1.2,2.0,23,45,39,0.0,0.0,0.0,0.0,0.0,0.09,0.13,0.22,0.09,0.22,Matches,GER-BL1,22-23
591477c9,263,Vassilis Lambropoulos,GRE,DF,Bochum,32,1990,15,7,627,7.0,0,0,0,0,0,0,2,0,0.4,0.4,0.2,0.6,1,26,0,0.0,0.0,0.0,0.0,0.0,0.06,0.03,0.09,0.06,0.09,Matches,GER-BL1,22-23
72984eee,264,Jordan Larsson,SWE,"FW,MF",Schalke 04,25,1997,11,5,463,5.1,0,0,0,0,0,0,0,0,1.2,1.2,0.4,1.7,5,12,29,0.0,0.0,0.0,0.0,0.0,0.24,0.09,0.32,0.24,0.32,Matches,GER-BL1,22-23
33b554b7,265,Danny Latza,GER,MF,Schalke 04,32,1989,20,8,853,9.5,0,1,1,0,0,0,2,0,0.9,0.9,0.2,1.1,11,33,15,0.0,0.11,0.11,0.0,0.11,0.1,0.02,0.12,0.09,0.12,Matches,GER-BL1,22-23
c4987edc,266,Diogo Leite,POR,DF,Union Berlin,23,1999,28,26,2254,25.0,0,1,1,0,0,0,6,1,0.8,0.8,0.4,1.2,19,111,14,0.0,0.04,0.04,0.0,0.04,0.03,0.01,0.05,0.03,0.05,Matches,GER-BL1,22-23
7e12a98d,267,Maxim Leitsch,GER,DF,Mainz 05,24,1998,9,7,663,7.4,0,0,0,0,0,0,0,0,0.2,0.2,0.0,0.2,5,25,1,0.0,0.0,0.0,0.0,0.0,0.02,0.0,0.03,0.02,0.03,Matches,GER-BL1,22-23
792ffa71,268,Tim Lemperle,GER,"FW,MF",Köln,20,2002,12,0,132,1.5,0,0,0,0,0,0,0,0,0.1,0.1,1.0,1.2,1,5,16,0.0,0.0,0.0,0.0,0.0,0.08,0.71,0.79,0.08,0.79,Matches,GER-BL1,22-23
bbd86530,269,Christopher Lenz,GER,DF,Eint Frankfurt,27,1994,24,13,1290,14.3,0,2,2,0,0,0,1,0,0.6,0.6,2.6,3.1,30,63,67,0.0,0.14,0.14,0.0,0.14,0.04,0.18,0.22,0.04,0.22,Matches,GER-BL1,22-23
13fe7b69,270,Jamie Leweling,GER,"FW,MF",Union Berlin,21,2001,16,0,265,2.9,1,1,2,1,0,0,1,0,0.7,0.7,0.3,0.9,8,4,24,0.34,0.34,0.68,0.34,0.68,0.22,0.09,0.32,0.22,0.32,Matches,GER-BL1,22-23
302527b2,271,Philipp Lienhart,AUT,DF,Freiburg,26,1996,29,27,2498,27.8,1,0,1,1,0,0,3,0,1.4,1.4,0.3,1.7,16,79,4,0.04,0.0,0.04,0.04,0.04,0.05,0.01,0.06,0.05,0.06,Matches,GER-BL1,22-23
d6e53a3a,272,Matthijs de Ligt,NED,DF,Bayern Munich,22,1999,31,27,2403,26.7,3,1,4,3,0,0,4,0,1.1,1.1,0.5,1.6,17,143,14,0.11,0.04,0.15,0.11,0.15,0.04,0.02,0.06,0.04,0.06,Matches,GER-BL1,22-23
62c7067a,273,Dimitris Limnios,GRE,FW,Köln,24,1998,2,0,39,0.4,0,0,0,0,0,0,0,0,0.0,0.0,0.1,0.1,2,0,7,0.0,0.0,0.0,0.0,0.0,0.05,0.21,0.26,0.05,0.26,Matches,GER-BL1,22-23
37dc1a48,274,Jesper Lindstrøm,DEN,"MF,FW",Eint Frankfurt,22,2000,27,22,1679,18.7,7,2,9,7,0,0,2,0,5.9,5.9,2.8,8.8,65,33,136,0.38,0.11,0.48,0.38,0.48,0.32,0.15,0.47,0.32,0.47,Matches,GER-BL1,22-23
c455a2b2,275,Dejan Ljubicic,AUT,"MF,FW",Köln,24,1997,27,20,1710,19.0,5,1,6,4,1,1,3,0,3.3,2.6,2.1,4.7,37,65,95,0.26,0.05,0.32,0.21,0.26,0.18,0.11,0.29,0.13,0.24,Matches,GER-BL1,22-23
07c7eb0c,276,Anthony Losilla,FRA,MF,Bochum,36,1986,31,31,2720,30.2,2,2,4,2,0,0,6,1,1.9,1.9,2.2,4.1,13,93,42,0.07,0.07,0.13,0.07,0.13,0.06,0.07,0.14,0.06,0.14,Matches,GER-BL1,22-23
0c61c77c,277,Dodi Lukebakio,BEL,"FW,MF",Hertha BSC,24,1997,32,27,2397,26.6,11,3,14,6,5,5,8,0,8.6,4.7,4.4,9.1,96,42,178,0.41,0.11,0.53,0.23,0.34,0.32,0.16,0.49,0.18,0.34,Matches,GER-BL1,22-23
8a6ab963,278,Andrey Lunyov,RUS,GK,Leverkusen,30,1991,1,1,90,1.0,0,0,0,0,0,0,0,0,0.0,0.0,0.0,0.0,0,0,0,0.0,0.0,0.0,0.0,0.0,0.0,0.0,0.0,0.0,0.0,Matches,GER-BL1,22-23
ab700320,279,Arne Maier,GER,MF,Augsburg,23,1999,30,24,1960,21.8,5,1,6,5,0,0,3,0,1.6,1.6,1.8,3.4,32,66,77,0.23,0.05,0.28,0.23,0.28,0.07,0.08,0.16,0.07,0.16,Matches,GER-BL1,22-23
e5d85da8,280,Linton Maina,GER,"FW,MF",Köln,23,1999,33,27,2239,24.9,3,7,10,3,0,0,1,0,4.6,4.6,5.9,10.5,90,61,173,0.12,0.28,0.4,0.12,0.4,0.19,0.24,0.42,0.19,0.42,Matches,GER-BL1,22-23
116c35df,281,Donyell Malen,NED,FW,Dortmund,23,1999,26,22,1706,19.0,9,6,15,9,0,0,0,0,9.1,9.1,4.4,13.5,87,60,182,0.47,0.32,0.79,0.47,0.79,0.48,0.23,0.71,0.48,0.71,Matches,GER-BL1,22-23
c691bfe2,282,Sadio Mané,SEN,"FW,MF",Bayern Munich,30,1992,25,18,1425,15.8,7,5,12,6,1,2,2,0,8.9,7.2,3.9,11.1,59,43,164,0.44,0.32,0.76,0.38,0.69,0.56,0.25,0.81,0.46,0.7,Matches,GER-BL1,22-23
706a60e1,283,Myziane Maolida,COM,"FW,MF",Hertha BSC,23,1999,3,1,95,1.1,0,0,0,0,0,0,0,0,0.0,0.0,0.2,0.2,1,0,9,0.0,0.0,0.0,0.0,0.0,0.0,0.22,0.22,0.0,0.22,Matches,GER-BL1,22-23
0e0102eb,284,Omar Marmoush,EGY,FW,Wolfsburg,23,1999,33,15,1476,16.4,5,1,6,5,0,0,2,0,6.1,6.1,1.2,7.3,36,51,160,0.3,0.06,0.37,0.3,0.37,0.37,0.07,0.44,0.37,0.44,Matches,GER-BL1,22-23
92a16062,285,Eric Martel,GER,MF,Köln,20,2002,29,23,2019,22.4,1,1,2,1,0,0,6,0,1.7,1.7,0.8,2.5,17,72,46,0.04,0.04,0.09,0.04,0.09,0.08,0.04,0.11,0.08,0.11,Matches,GER-BL1,22-23
2f3e911a,286,Aarón Martín,ESP,DF,Mainz 05,25,1997,28,20,1847,20.5,5,3,8,5,0,1,3,0,2.2,1.4,2.8,4.2,25,86,61,0.24,0.15,0.39,0.24,0.39,0.11,0.14,0.24,0.07,0.2,Matches,GER-BL1,22-23
a396fb61,287,Erhan Mašović,SRB,"DF,MF",Bochum,23,1998,29,23,2178,24.2,4,0,4,4,0,0,3,0,2.6,2.6,1.0,3.6,4,60,5,0.17,0.0,0.17,0.17,0.17,0.11,0.04,0.15,0.11,0.15,Matches,GER-BL1,22-23
ab3f1bdf,288,Henning Matriciani,GER,DF,Schalke 04,22,2000,22,22,1863,20.7,0,0,0,0,0,0,1,0,0.2,0.2,0.2,0.3,21,51,10,0.0,0.0,0.0,0.0,0.0,0.01,0.01,0.02,0.01,0.02,Matches,GER-BL1,22-23
00963611,289,Konstantinos Mavropanos,GRE,DF,Stuttgart,24,1997,28,26,2286,25.4,2,1,3,2,0,0,9,1,4.0,4.0,1.1,5.2,34,120,13,0.08,0.04,0.12,0.08,0.12,0.16,0.05,0.2,0.16,0.2,Matches,GER-BL1,22-23
826e8b63,290,Philipp Max,GER,DF,Eint Frankfurt,28,1993,10,8,694,7.7,0,1,1,0,0,0,1,0,0.7,0.7,1.6,2.3,14,34,52,0.0,0.13,0.13,0.0,0.13,0.09,0.21,0.3,0.09,0.3,Matches,GER-BL1,22-23
0e6bc38c,291,Eric Maxim Choupo-Moting,CMR,FW,Bayern Munich,33,1989,19,14,1112,12.4,10,2,12,10,0,1,0,0,6.1,5.3,1.9,7.3,11,43,77,0.81,0.16,0.97,0.81,0.97,0.49,0.16,0.65,0.43,0.59,Matches,GER-BL1,22-23
ebb32f3a,292,Keke Maximilian Topp,GER,FW,Schalke 04,18,2004,1,0,20,0.2,0,0,0,0,0,0,0,0,0.0,0.0,0.0,0.0,1,0,1,0.0,0.0,0.0,0.0,0.0,0.16,0.0,0.16,0.16,0.16,Matches,GER-BL1,22-23
89b3bc5e,293,Ibrahim Maza,GER,"MF,FW",Hertha BSC,16,2005,2,0,71,0.8,1,0,1,1,0,0,0,0,0.8,0.8,0.0,0.8,2,0,1,1.27,0.0,1.27,1.27,1.27,1.03,0.0,1.03,1.03,1.03,Matches,GER-BL1,22-23
b74277a0,294,Noussair Mazraoui,MAR,DF,Bayern Munich,24,1997,19,11,1075,11.9,1,4,5,1,0,0,0,0,1.1,1.1,1.9,3.0,39,99,81,0.08,0.33,0.42,0.08,0.42,0.09,0.16,0.25,0.09,0.25,Matches,GER-BL1,22-23
e75129bd,295,Noah Mbamba,BEL,MF,Leverkusen,17,2005,1,0,1,0.0,0,0,0,0,0,0,0,0,0.0,0.0,0.0,0.0,0,0,0,0.0,0.0,0.0,0.0,0.0,0.0,0.0,0.0,0.0,0.0,Matches,GER-BL1,22-23
1a5d7cb9,296,Jean-Manuel Mbom,GER,MF,Werder Bremen,22,2000,2,0,6,0.1,0,0,0,0,0,0,0,0,0.0,0.0,0.0,0.0,0,1,0,0.0,0.0,0.0,0.0,0.0,0.0,0.0,0.0,0.0,0.0,Matches,GER-BL1,22-23
46750e9c,297,Nathanael Mbuku,FRA,"MF,FW",Augsburg,20,2002,2,0,34,0.4,0,0,0,0,0,0,0,0,0.0,0.0,0.0,0.0,1,1,0,0.0,0.0,0.0,0.0,0.0,0.0,0.0,0.0,0.0,0.0,Matches,GER-BL1,22-23
e162b013,298,Thomas Meunier,BEL,DF,Dortmund,30,1991,10,7,585,6.5,0,0,0,0,0,0,2,0,0.2,0.2,0.6,0.7,9,30,45,0.0,0.0,0.0,0.0,0.0,0.03,0.09,0.12,0.03,0.12,Matches,GER-BL1,22-23
b56dd813,299,Alexander Meyer,GER,GK,Dortmund,31,1991,7,7,630,7.0,0,0,0,0,0,0,0,0,0.0,0.0,0.0,0.0,0,1,0,0.0,0.0,0.0,0.0,0.0,0.0,0.0,0.0,0.0,0.0,Matches,GER-BL1,22-23
1e274a0a,300,Sven Michel,GER,"FW,MF",Union Berlin,32,1990,21,2,495,5.5,3,1,4,2,1,1,2,0,1.7,0.9,0.9,1.8,9,12,50,0.55,0.18,0.73,0.36,0.55,0.3,0.16,0.46,0.16,0.32,Matches,GER-BL1,22-23
f76022e7,301,Enzo Millot,FRA,MF,Stuttgart,20,2002,23,9,890,9.9,0,1,1,0,0,0,3,0,1.2,1.2,1.6,2.8,23,29,58,0.0,0.1,0.1,0.0,0.1,0.12,0.16,0.29,0.12,0.29,Matches,GER-BL1,22-23
88d4144a,302,Maximilian Mittelstädt,GER,"DF,MF",Hertha BSC,25,1997,17,7,849,9.4,0,0,0,0,0,0,5,0,0.3,0.3,0.8,1.1,29,37,29,0.0,0.0,0.0,0.0,0.0,0.03,0.09,0.12,0.03,0.12,Matches,GER-BL1,22-23
34e4343c,303,Anthony Modeste,FRA,FW,Dortmund,34,1988,19,7,813,9.0,2,1,3,2,0,0,4,0,4.3,4.3,1.1,5.4,3,8,36,0.22,0.11,0.33,0.22,0.33,0.48,0.12,0.6,0.48,0.6,Matches,GER-BL1,22-23
9ec9c8b6,304,Tobias Mohr,GER,"DF,MF",Schalke 04,26,1995,18,8,839,9.3,0,3,3,0,0,0,0,0,0.6,0.6,1.6,2.2,20,28,39,0.0,0.32,0.32,0.0,0.32,0.07,0.17,0.24,0.07,0.24,Matches,GER-BL1,22-23
29ddfb9c,305,Clinton Mola,ENG,DF,Stuttgart,21,2001,1,0,15,0.2,0,0,0,0,0,0,1,0,0.0,0.0,0.0,0.0,0,0,0,0.0,0.0,0.0,0.0,0.0,0.0,0.0,0.0,0.0,0.0,Matches,GER-BL1,22-23
7e82a78f,306,Florent Mollet,FRA,MF,Schalke 04,30,1991,9,4,410,4.6,1,0,1,1,0,0,1,0,0.4,0.4,0.4,0.7,6,14,24,0.22,0.0,0.22,0.22,0.22,0.08,0.08,0.16,0.08,0.16,Matches,GER-BL1,22-23
6ce43701,307,Youssoufa Moukoko,GER,FW,Dortmund,17,2004,26,11,1141,12.7,7,3,10,7,0,0,0,0,6.4,6.4,1.8,8.2,9,11,61,0.55,0.24,0.79,0.55,0.79,0.5,0.14,0.65,0.5,0.65,Matches,GER-BL1,22-23
cbac6ec9,308,Florian Müller,GER,GK,Stuttgart,24,1997,19,19,1710,19.0,0,0,0,0,0,0,0,0,0.0,0.0,0.1,0.1,0,2,0,0.0,0.0,0.0,0.0,0.0,0.0,0.0,0.0,0.0,0.0,Matches,GER-BL1,22-23
3c6089ab,309,Thomas Müller,GER,"FW,MF",Bayern Munich,32,1989,27,21,1665,18.5,7,8,15,7,0,0,0,0,8.9,8.9,6.6,15.5,33,88,182,0.38,0.43,0.81,0.38,0.81,0.48,0.36,0.84,0.48,0.84,Matches,GER-BL1,22-23
2c0558b8,310,Jamal Musiala,GER,"MF,FW",Bayern Munich,19,2003,33,26,2198,24.4,12,10,22,12,0,0,1,0,8.0,8.0,6.6,14.6,89,124,196,0.49,0.41,0.9,0.49,0.9,0.33,0.27,0.6,0.33,0.6,Matches,GER-BL1,22-23
9ff8ec4a,311,Marlon Mustapha,AUT,"FW,MF",Mainz 05,21,2001,6,0,69,0.8,0,0,0,0,0,0,1,0,0.5,0.5,0.3,0.8,5,2,9,0.0,0.0,0.0,0.0,0.0,0.7,0.34,1.04,0.7,1.04,Matches,GER-BL1,22-23
441197b8,312,Obite N'Dicka,CIV,DF,Eint Frankfurt,22,1999,30,30,2692,29.9,1,0,1,1,0,0,4,0,1.4,1.4,0.2,1.6,16,94,5,0.03,0.0,0.03,0.03,0.03,0.05,0.01,0.05,0.05,0.05,Matches,GER-BL1,22-23
e110ea4b,313,Nathan N'Goumou,FRA,FW,Gladbach,22,2000,20,7,695,7.7,1,0,1,1,0,0,0,0,0.8,0.8,0.3,1.2,23,14,63,0.13,0.0,0.13,0.13,0.13,0.11,0.04,0.15,0.11,0.15,Matches,GER-BL1,22-23
61590953,314,Stanley N'Soki,FRA,DF,Hoffenheim,23,1999,19,14,1286,14.3,1,0,1,1,0,0,2,1,0.5,0.5,0.3,0.8,17,64,10,0.07,0.0,0.07,0.07,0.07,0.04,0.02,0.06,0.04,0.06,Matches,GER-BL1,22-23
30261ba1,315,Nikolas Nartey,DEN,"DF,MF",Stuttgart,22,2000,9,5,473,5.3,0,0,0,0,0,0,1,0,0.3,0.3,0.3,0.6,7,22,20,0.0,0.0,0.0,0.0,0.0,0.05,0.05,0.11,0.05,0.11,Matches,GER-BL1,22-23
e79269bd,316,Luca Netz,GER,DF,Gladbach,19,2003,20,7,702,7.8,1,3,4,1,0,0,0,0,1.0,1.0,1.2,2.2,12,12,32,0.13,0.38,0.51,0.13,0.51,0.13,0.15,0.28,0.13,0.28,Matches,GER-BL1,22-23
8778c910,317,Manuel Neuer,GER,GK,Bayern Munich,36,1986,12,12,1080,12.0,0,0,0,0,0,0,0,0,0.2,0.2,0.0,0.2,0,1,0,0.0,0.0,0.0,0.0,0.0,0.02,0.0,0.02,0.02,0.02,Matches,GER-BL1,22-23
36a59ba4,318,Florian Neuhaus,GER,MF,Gladbach,25,1997,23,16,1405,15.6,1,0,1,1,0,0,2,0,2.0,2.0,2.3,4.3,26,78,56,0.06,0.0,0.06,0.06,0.06,0.13,0.15,0.27,0.13,0.27,Matches,GER-BL1,22-23
bc249af8,319,Jessic Ngankam,GER,"FW,MF",Hertha BSC,22,2000,18,8,826,9.2,4,0,4,3,1,1,5,0,4.1,3.3,0.3,3.7,9,7,42,0.44,0.0,0.44,0.33,0.33,0.45,0.04,0.49,0.36,0.4,Matches,GER-BL1,22-23
d6862409,320,Florian Niederlechner,GER,"FW,MF",Augsburg,31,1990,14,10,910,10.1,4,1,5,4,0,0,1,0,2.9,2.9,0.4,3.3,1,18,51,0.4,0.1,0.49,0.4,0.49,0.28,0.04,0.33,0.28,0.33,Matches,GER-BL1,22-23
d6862409,321,Florian Niederlechner,GER,FW,Hertha BSC,31,1990,16,11,781,8.7,1,0,1,1,0,0,2,0,2.3,2.3,0.2,2.5,9,11,28,0.12,0.0,0.12,0.12,0.12,0.26,0.02,0.29,0.26,0.29,Matches,GER-BL1,22-23
a45241d5,322,Justin Njinmah,GER,FW,Dortmund,21,2000,1,0,22,0.2,0,0,0,0,0,0,0,0,0.0,0.0,0.0,0.0,1,0,4,0.0,0.0,0.0,0.0,0.0,0.0,0.0,0.0,0.0,0.0,Matches,GER-BL1,22-23
7c56da38,323,Christopher Nkunku,FRA,"FW,MF",RB Leipzig,24,1997,25,20,1897,21.1,16,4,20,13,3,4,4,0,14.4,11.3,4.3,15.6,43,71,176,0.76,0.19,0.95,0.62,0.81,0.68,0.2,0.89,0.54,0.74,Matches,GER-BL1,22-23
091c86e2,324,Felix Nmecha,GER,MF,Wolfsburg,21,2000,30,19,1836,20.4,3,5,8,3,0,0,3,0,2.7,2.7,3.3,6.1,23,86,54,0.15,0.25,0.39,0.15,0.39,0.13,0.16,0.3,0.13,0.3,Matches,GER-BL1,22-23
0cc5f4a5,325,Lukas Nmecha,GER,FW,Wolfsburg,23,1998,16,10,899,10.0,4,0,4,4,0,0,3,0,3.0,3.0,0.5,3.5,15,18,70,0.4,0.0,0.4,0.4,0.4,0.3,0.05,0.35,0.3,0.35,Matches,GER-BL1,22-23
5458f670,326,Hugo Novoa,ESP,"DF,FW",RB Leipzig,19,2003,7,2,184,2.0,1,0,1,1,0,0,0,0,0.9,0.9,0.0,0.9,5,4,20,0.49,0.0,0.49,0.49,0.49,0.43,0.02,0.45,0.43,0.45,Matches,GER-BL1,22-23
bdedffac,327,Ørjan Nyland,NOR,GK,RB Leipzig,31,1990,2,2,180,2.0,0,1,1,0,0,0,0,0,0.0,0.0,0.1,0.1,0,0,0,0.0,0.5,0.5,0.0,0.5,0.0,0.06,0.06,0.0,0.06,Matches,GER-BL1,22-23
57ec75bf,328,Tim Oermann,GER,DF,Bochum,18,2003,4,2,194,2.2,0,0,0,0,0,0,0,0,0.0,0.0,0.0,0.0,0,0,0,0.0,0.0,0.0,0.0,0.0,0.0,0.0,0.0,0.0,0.0,Matches,GER-BL1,22-23
dd2e62da,329,Finn Ole Becker,GER,MF,Hoffenheim,22,2000,13,6,513,5.7,0,0,0,0,0,0,0,0,0.4,0.4,0.3,0.7,6,19,15,0.0,0.0,0.0,0.0,0.0,0.07,0.05,0.12,0.07,0.12,Matches,GER-BL1,22-23
86adbcc7,330,Mathias Olesen,LUX,MF,Köln,21,2001,14,6,478,5.3,0,0,0,0,0,0,1,0,0.0,0.0,0.1,0.1,2,15,11,0.0,0.0,0.0,0.0,0.0,0.0,0.02,0.02,0.0,0.02,Matches,GER-BL1,22-23
ae44e8e2,331,Dani Olmo,ESP,"MF,FW",RB Leipzig,24,1998,23,15,1282,14.2,2,5,7,2,0,0,2,0,2.9,2.9,4.5,7.4,34,68,86,0.14,0.35,0.49,0.14,0.49,0.21,0.32,0.52,0.21,0.52,Matches,GER-BL1,22-23
fa4cabd1,332,Jan Olschowsky,GER,GK,Gladbach,20,2001,4,4,360,4.0,0,0,0,0,0,0,0,0,0.0,0.0,0.0,0.0,0,0,0,0.0,0.0,0.0,0.0,0.0,0.0,0.0,0.0,0.0,0.0,Matches,GER-BL1,22-23
c631f952,333,Jonas Omlin,SUI,GK,Gladbach,28,1994,15,15,1290,14.3,0,0,0,0,0,0,0,0,0.0,0.0,0.4,0.4,0,0,0,0.0,0.0,0.0,0.0,0.0,0.0,0.03,0.03,0.0,0.03,Matches,GER-BL1,22-23
f26834c7,334,Karim Onisiwo,AUT,"FW,MF",Mainz 05,30,1992,31,28,2539,28.2,10,2,12,10,0,0,4,0,8.2,8.2,3.4,11.6,72,48,220,0.35,0.07,0.43,0.35,0.43,0.29,0.12,0.41,0.29,0.41,Matches,GER-BL1,22-23
20030c06,335,Willi Orban,HUN,DF,RB Leipzig,29,1992,33,33,2951,32.8,4,0,4,4,0,0,3,0,3.0,3.0,0.4,3.4,16,153,9,0.12,0.0,0.12,0.12,0.12,0.09,0.01,0.1,0.09,0.1,Matches,GER-BL1,22-23
86c75897,336,Ivan Ordets,UKR,DF,Bochum,30,1992,30,28,2449,27.2,0,0,0,0,0,0,4,0,1.4,1.4,0.8,2.1,3,53,14,0.0,0.0,0.0,0.0,0.0,0.05,0.03,0.08,0.05,0.08,Matches,GER-BL1,22-23
0a16eb36,337,Jordi Osei-Tutu,ENG,"DF,FW",Bochum,23,1998,20,8,749,8.3,0,0,0,0,0,0,3,0,0.7,0.7,0.2,0.8,25,19,39,0.0,0.0,0.0,0.0,0.0,0.08,0.02,0.1,0.08,0.1,Matches,GER-BL1,22-23
9662c9ec,338,Patrick Osterhage,GER,MF,Bochum,22,2000,23,11,1029,11.4,0,0,0,0,0,0,3,0,0.3,0.3,0.3,0.6,6,26,23,0.0,0.0,0.0,0.0,0.0,0.02,0.03,0.05,0.02,0.05,Matches,GER-BL1,22-23
1cbe4984,339,Paulo Otávio,BRA,DF,Wolfsburg,27,1994,25,25,2041,22.7,0,5,5,0,0,0,7,0,0.8,0.8,2.7,3.5,41,98,84,0.0,0.22,0.22,0.0,0.22,0.04,0.12,0.16,0.04,0.16,Matches,GER-BL1,22-23
36d9dabe,340,Thomas Ouwejan,NED,DF,Schalke 04,25,1996,17,10,903,10.0,0,1,1,0,0,0,1,0,0.1,0.1,1.2,1.4,14,41,21,0.0,0.1,0.1,0.0,0.1,0.01,0.12,0.14,0.01,0.14,Matches,GER-BL1,22-23
8b6e0db2,341,Reece Oxford,ENG,DF,Augsburg,23,1998,3,1,94,1.0,0,0,0,0,0,0,0,0,0.0,0.0,0.1,0.1,0,4,0,0.0,0.0,0.0,0.0,0.0,0.0,0.06,0.06,0.0,0.06,Matches,GER-BL1,22-23
15413fa5,342,Salih Özcan,TUR,MF,Dortmund,24,1998,26,17,1576,17.5,0,1,1,0,0,0,6,0,0.6,0.6,0.5,1.1,6,81,23,0.0,0.06,0.06,0.0,0.06,0.03,0.03,0.06,0.03,0.06,Matches,GER-BL1,22-23
66385c46,343,Levin Öztunalı,GER,MF,Union Berlin,26,1996,2,0,9,0.1,0,1,1,0,0,0,0,0,0.0,0.0,0.2,0.2,1,1,0,0.0,10.0,10.0,0.0,10.0,0.0,1.91,1.91,0.0,1.91,Matches,GER-BL1,22-23
e82adcab,344,Exequiel Palacios,ARG,MF,Leverkusen,23,1998,25,19,1654,18.4,4,2,6,1,3,3,4,0,3.0,0.6,1.3,1.9,12,105,27,0.22,0.11,0.33,0.05,0.16,0.16,0.07,0.23,0.03,0.11,Matches,GER-BL1,22-23
5dc15574,345,Miloš Pantović,SRB,MF,Union Berlin,26,1996,13,0,206,2.3,1,0,1,1,0,1,1,0,1.4,0.6,0.0,0.6,2,4,4,0.44,0.0,0.44,0.44,0.44,0.6,0.0,0.6,0.25,0.25,Matches,GER-BL1,22-23
13d23b29,346,Antonios Papadopoulos,GER,DF,Dortmund,22,1999,1,0,13,0.1,0,0,0,0,0,0,0,0,0.0,0.0,0.0,0.0,1,1,0,0.0,0.0,0.0,0.0,0.0,0.1,0.0,0.1,0.1,0.1,Matches,GER-BL1,22-23
5c50fdbc,347,Kevin Paredes,USA,"FW,MF",Wolfsburg,19,2003,22,1,529,5.9,1,3,4,1,0,0,2,0,0.2,0.2,1.7,1.9,24,29,40,0.17,0.51,0.68,0.17,0.68,0.03,0.29,0.32,0.03,0.32,Matches,GER-BL1,22-23
1866b0f1,348,Marco Pašalić,CRO,MF,Dortmund,21,2000,1,0,11,0.1,0,0,0,0,0,0,0,0,0.0,0.0,0.0,0.0,2,3,2,0.0,0.0,0.0,0.0,0.0,0.4,0.0,0.4,0.4,0.4,Matches,GER-BL1,22-23
5c899683,349,Felix Passlack,GER,DF,Dortmund,24,1998,3,0,64,0.7,0,0,0,0,0,0,0,0,0.0,0.0,0.4,0.4,1,8,3,0.0,0.0,0.0,0.0,0.0,0.0,0.56,0.56,0.0,0.56,Matches,GER-BL1,22-23
53070b63,350,Paulinho,BRA,FW,Leverkusen,22,2000,4,1,82,0.9,1,0,1,1,0,0,0,0,0.5,0.5,0.0,0.5,3,4,8,1.1,0.0,1.1,1.1,1.1,0.58,0.0,0.58,0.58,0.58,Matches,GER-BL1,22-23
45a03961,351,Benjamin Pavard,FRA,DF,Bayern Munich,26,1996,30,27,2431,27.0,4,1,5,4,0,0,6,0,2.5,2.5,2.4,5.0,37,202,65,0.15,0.04,0.19,0.15,0.19,0.09,0.09,0.18,0.09,0.18,Matches,GER-BL1,22-23
0a1cb833,352,Jiří Pavlenka,CZE,GK,Werder Bremen,30,1992,33,33,2908,32.3,0,0,0,0,0,0,1,0,0.0,0.0,0.0,0.0,0,0,0,0.0,0.0,0.0,0.0,0.0,0.0,0.0,0.0,0.0,0.0,Matches,GER-BL1,22-23
5154b2ba,353,Kristian Pedersen,DEN,DF,Köln,27,1994,6,3,276,3.1,0,0,0,0,0,0,1,0,0.1,0.1,0.1,0.2,6,10,3,0.0,0.0,0.0,0.0,0.0,0.03,0.02,0.06,0.03,0.06,Matches,GER-BL1,22-23
582a5247,354,Mads Pedersen,DEN,"DF,MF",Augsburg,25,1996,28,20,1838,20.4,0,0,0,0,0,0,6,0,0.4,0.4,0.9,1.3,35,46,51,0.0,0.0,0.0,0.0,0.0,0.02,0.05,0.06,0.02,0.06,Matches,GER-BL1,22-23
b684a484,355,Jordan Pefok,USA,FW,Union Berlin,26,1996,31,16,1358,15.1,4,4,8,4,0,2,3,0,4.5,2.9,1.8,4.7,4,27,53,0.27,0.27,0.53,0.27,0.53,0.3,0.12,0.42,0.19,0.31,Matches,GER-BL1,22-23
80f252f6,356,Dženan Pejčinović,GER,FW,Wolfsburg,17,2005,1,0,11,0.1,0,0,0,0,0,0,0,0,0.0,0.0,0.0,0.0,0,0,0,0.0,0.0,0.0,0.0,0.0,0.0,0.0,0.0,0.0,0.0,Matches,GER-BL1,22-23
c18d22f5,357,Peter Pekarík,SVK,DF,Hertha BSC,35,1986,5,2,206,2.3,0,0,0,0,0,0,0,0,0.0,0.0,0.0,0.0,2,7,1,0.0,0.0,0.0,0.0,0.0,0.0,0.01,0.01,0.0,0.01,Matches,GER-BL1,22-23
3b61c9ec,358,Luca Pellegrini,ITA,DF,Eint Frankfurt,23,1999,9,7,557,6.2,0,0,0,0,0,0,1,0,0.6,0.6,0.8,1.4,19,22,28,0.0,0.0,0.0,0.0,0.0,0.09,0.14,0.23,0.09,0.23,Matches,GER-BL1,22-23
a2b1ed42,359,Ricardo Pepi,USA,FW,Augsburg,19,2003,4,1,95,1.1,0,0,0,0,0,0,0,0,0.1,0.1,0.1,0.2,2,1,4,0.0,0.0,0.0,0.0,0.0,0.09,0.06,0.14,0.09,0.14,Matches,GER-BL1,22-23
ff3d391c,360,Juan Perea,COL,FW,Stuttgart,22,2000,16,3,418,4.6,1,0,1,1,0,0,0,0,0.2,0.2,0.7,0.9,9,8,29,0.22,0.0,0.22,0.22,0.22,0.04,0.14,0.18,0.04,0.18,Matches,GER-BL1,22-23
f93e6e94,361,Nils Petersen,GER,FW,Freiburg,33,1988,27,0,277,3.1,1,0,1,1,0,0,1,0,1.2,1.2,0.0,1.2,1,5,12,0.32,0.0,0.32,0.32,0.32,0.39,0.01,0.4,0.39,0.4,Matches,GER-BL1,22-23
f503ef6e,362,Lukas Petkov,BUL,"MF,FW",Augsburg,21,2000,7,0,146,1.6,0,0,0,0,0,0,1,0,0.0,0.0,0.0,0.0,1,2,2,0.0,0.0,0.0,0.0,0.0,0.02,0.0,0.02,0.02,0.02,Matches,GER-BL1,22-23
83e1f40e,363,Luca Pfeiffer,GER,FW,Stuttgart,25,1996,19,6,701,7.8,0,0,0,0,0,0,1,1,1.6,1.6,1.0,2.6,9,22,38,0.0,0.0,0.0,0.0,0.0,0.21,0.13,0.33,0.21,0.33,Matches,GER-BL1,22-23
061e8e23,364,Maximilian Philipp,GER,FW,Wolfsburg,28,1994,3,1,116,1.3,0,0,0,0,0,0,0,0,0.1,0.1,0.0,0.1,3,1,6,0.0,0.0,0.0,0.0,0.0,0.05,0.03,0.08,0.05,0.08,Matches,GER-BL1,22-23
061e8e23,365,Maximilian Philipp,GER,"FW,MF",Werder Bremen,28,1994,15,3,442,4.9,1,0,1,1,0,0,1,0,2.0,2.0,0.2,2.1,3,6,24,0.2,0.0,0.2,0.2,0.2,0.4,0.03,0.43,0.4,0.43,Matches,GER-BL1,22-23
526ea7cc,366,Amos Pieper,GER,DF,Werder Bremen,24,1998,29,22,1957,21.7,2,1,3,2,0,0,9,0,0.7,0.7,0.3,1.1,14,84,4,0.09,0.05,0.14,0.09,0.14,0.03,0.02,0.05,0.03,0.05,Matches,GER-BL1,22-23
f7aa75bd,367,Marvin Plattenhardt,GER,DF,Hertha BSC,30,1992,31,29,2402,26.7,0,2,2,0,0,0,3,0,0.3,0.3,3.0,3.3,24,84,52,0.0,0.07,0.07,0.0,0.07,0.01,0.11,0.12,0.01,0.12,Matches,GER-BL1,22-23
bc6bd723,368,Alassane Pléa,FRA,FW,Gladbach,29,1993,29,20,1774,19.7,2,9,11,1,1,2,5,0,5.0,3.4,4.0,7.4,41,94,156,0.1,0.46,0.56,0.05,0.51,0.25,0.2,0.46,0.17,0.38,Matches,GER-BL1,22-23
ea003d07,369,Joel Pohjanpalo,FIN,"FW,MF",Leverkusen,27,1994,1,0,4,0.0,0,0,0,0,0,0,0,0,0.0,0.0,0.0,0.0,0,0,0,0.0,0.0,0.0,0.0,0.0,0.0,0.0,0.0,0.0,0.0,Matches,GER-BL1,22-23
3745e8bd,370,Sebastian Polter,GER,FW,Schalke 04,31,1991,19,5,630,7.0,2,3,5,2,0,0,3,0,2.0,2.0,1.0,3.0,4,11,32,0.29,0.43,0.71,0.29,0.71,0.28,0.15,0.43,0.28,0.43,Matches,GER-BL1,22-23
7f609bfc,371,Stefan Posch,AUT,DF,Hoffenheim,25,1997,1,1,18,0.2,0,0,0,0,0,0,2,1,0.0,0.0,0.0,0.0,0,0,0,0.0,0.0,0.0,0.0,0.0,0.0,0.0,0.0,0.0,0.0,Matches,GER-BL1,22-23
d2416c2e,372,Yussuf Poulsen,DEN,FW,RB Leipzig,28,1994,19,3,411,4.6,2,1,3,2,0,0,1,0,1.3,1.3,1.8,3.1,10,7,40,0.44,0.22,0.66,0.44,0.66,0.29,0.39,0.68,0.29,0.68,Matches,GER-BL1,22-23
924f9191,373,Grischa Prömel,GER,MF,Hoffenheim,27,1995,18,17,1454,16.2,1,1,2,1,0,0,4,0,2.5,2.5,1.1,3.6,19,39,46,0.06,0.06,0.12,0.06,0.12,0.16,0.07,0.22,0.16,0.22,Matches,GER-BL1,22-23
c68b1b13,374,Tymoteusz Puchacz,POL,DF,Union Berlin,23,1999,1,1,58,0.6,0,0,0,0,0,0,0,0,0.0,0.0,0.0,0.0,0,2,9,0.0,0.0,0.0,0.0,0.0,0.0,0.01,0.01,0.0,0.01,Matches,GER-BL1,22-23
7ec723b7,375,Eduardo Quaresma,POR,DF,Hoffenheim,20,2002,4,1,88,1.0,0,0,0,0,0,0,0,0,0.0,0.0,0.0,0.0,4,10,0,0.0,0.0,0.0,0.0,0.0,0.0,0.0,0.0,0.0,0.0,Matches,GER-BL1,22-23
3c200e05,376,Joshua Quarshie,GER,MF,Hoffenheim,18,2004,1,0,1,0.0,0,0,0,0,0,0,0,0,0.0,0.0,0.0,0.0,0,0,0,0.0,0.0,0.0,0.0,0.0,0.0,0.0,0.0,0.0,0.0,Matches,GER-BL1,22-23
b90c4a43,377,Diant Ramaj,GER,GK,Eint Frankfurt,20,2001,1,1,90,1.0,0,0,0,0,0,0,0,0,0.0,0.0,0.0,0.0,0,0,0,0.0,0.0,0.0,0.0,0.0,0.0,0.0,0.0,0.0,0.0,Matches,GER-BL1,22-23
c8b3a472,378,Nicolai Rapp,GER,"MF,DF",Werder Bremen,25,1996,7,0,71,0.8,0,0,0,0,0,0,0,0,0.1,0.1,0.0,0.1,1,5,0,0.0,0.0,0.0,0.0,0.0,0.1,0.0,0.1,0.1,0.1,Matches,GER-BL1,22-23
7d450ed3,379,David Raum,GER,"DF,MF",RB Leipzig,24,1998,28,19,1685,18.7,0,2,2,0,0,0,5,0,0.6,0.6,4.6,5.2,44,69,127,0.0,0.11,0.11,0.0,0.11,0.03,0.25,0.28,0.03,0.28,Matches,GER-BL1,22-23
cc971106,380,Rocco Reitz,GER,MF,Gladbach,20,2002,1,0,3,0.0,0,0,0,0,0,0,0,0,0.0,0.0,0.0,0.0,0,0,0,0.0,0.0,0.0,0.0,0.0,0.0,0.0,0.0,0.0,0.0,Matches,GER-BL1,22-23
36a3ff67,381,Marco Reus,GER,"MF,FW",Dortmund,33,1989,25,14,1353,15.0,6,4,10,5,1,1,4,0,5.1,4.3,2.6,6.9,33,45,78,0.4,0.27,0.67,0.33,0.6,0.34,0.17,0.51,0.29,0.46,Matches,GER-BL1,22-23
1ae836b1,382,Elvis Rexhbeçaj,GER,MF,Augsburg,24,1997,31,30,2524,28.0,0,0,0,0,0,0,6,0,0.3,0.3,0.8,1.1,14,89,20,0.0,0.0,0.0,0.0,0.0,0.01,0.03,0.04,0.01,0.04,Matches,GER-BL1,22-23
7fa4e703,383,Gio Reyna,USA,"FW,MF",Dortmund,19,2002,22,4,625,6.9,7,2,9,6,1,1,2,0,4.3,3.5,1.3,4.8,23,25,57,1.01,0.29,1.3,0.86,1.15,0.62,0.18,0.81,0.51,0.69,Matches,GER-BL1,22-23
f972644c,384,Marco Richter,GER,"MF,FW",Hertha BSC,24,1997,29,21,1836,20.4,6,5,11,6,0,0,8,0,3.7,3.7,2.9,6.6,38,68,102,0.29,0.25,0.54,0.29,0.54,0.18,0.14,0.32,0.18,0.32,Matches,GER-BL1,22-23
9f941969,385,Manuel Riemann,GER,GK,Bochum,33,1988,34,34,3060,34.0,0,0,0,0,0,0,3,0,0.0,0.0,0.1,0.1,1,18,0,0.0,0.0,0.0,0.0,0.0,0.0,0.0,0.0,0.0,0.0,Matches,GER-BL1,22-23
e12b0b5b,386,Sebastian Rode,GER,MF,Eint Frankfurt,31,1990,27,19,1414,15.7,4,1,5,4,0,0,6,0,0.9,0.9,0.9,1.8,23,105,39,0.25,0.06,0.32,0.25,0.32,0.06,0.06,0.11,0.06,0.11,Matches,GER-BL1,22-23
ea42c03f,387,Agustín Rogel,URU,DF,Hertha BSC,24,1997,20,14,1426,15.8,0,1,1,0,0,0,7,0,0.8,0.8,0.0,0.8,1,23,2,0.0,0.06,0.06,0.0,0.06,0.05,0.0,0.05,0.05,0.05,Matches,GER-BL1,22-23
1f2c7b55,388,Merlin Röhl,GER,"MF,FW",Freiburg,20,2002,3,0,57,0.6,0,1,1,0,0,0,0,0,0.0,0.0,0.5,0.5,2,1,4,0.0,1.58,1.58,0.0,1.58,0.0,0.73,0.73,0.0,0.73,Matches,GER-BL1,22-23
779aa25c,389,Tony Rölke,GER,FW,Hertha BSC,19,2003,1,0,20,0.2,0,0,0,0,0,0,0,0,0.0,0.0,0.0,0.0,0,0,0,0.0,0.0,0.0,0.0,0.0,0.0,0.0,0.0,0.0,0.0,Matches,GER-BL1,22-23
90c1f9a4,390,Tom Rothe,GER,DF,Dortmund,17,2004,2,0,26,0.3,0,0,0,0,0,0,0,0,0.1,0.1,0.0,0.1,0,0,2,0.0,0.0,0.0,0.0,0.0,0.26,0.0,0.26,0.26,0.26,Matches,GER-BL1,22-23
13203c45,391,Jérôme Roussillon,FRA,"MF,DF",Wolfsburg,29,1993,4,0,22,0.2,0,0,0,0,0,0,0,0,0.0,0.0,0.0,0.0,0,0,2,0.0,0.0,0.0,0.0,0.0,0.0,0.08,0.08,0.0,0.08,Matches,GER-BL1,22-23
13203c45,392,Jérôme Roussillon,FRA,DF,Union Berlin,29,1993,16,11,957,10.6,0,2,2,0,0,0,2,0,0.5,0.5,1.1,1.7,18,28,42,0.0,0.19,0.19,0.0,0.19,0.05,0.11,0.16,0.05,0.16,Matches,GER-BL1,22-23
80f36c88,393,Sebastian Rudy,GER,MF,Hoffenheim,32,1990,22,6,794,8.8,0,1,1,0,0,0,3,0,0.2,0.2,0.8,0.9,7,42,7,0.0,0.11,0.11,0.0,0.11,0.02,0.09,0.11,0.02,0.11,Matches,GER-BL1,22-23
c64c01fc,394,Georginio Rutter,FRA,FW,Hoffenheim,20,2002,15,11,1009,11.2,2,2,4,2,0,0,2,0,3.0,3.0,2.3,5.4,32,25,75,0.18,0.18,0.36,0.18,0.36,0.27,0.21,0.48,0.27,0.48,Matches,GER-BL1,22-23
009a4f60,395,Julian Ryerson,NOR,DF,Union Berlin,24,1997,13,12,1037,11.5,0,0,0,0,0,0,2,0,0.7,0.7,0.5,1.2,20,32,32,0.0,0.0,0.0,0.0,0.0,0.06,0.04,0.1,0.06,0.1,Matches,GER-BL1,22-23
009a4f60,396,Julian Ryerson,NOR,DF,Dortmund,24,1997,17,17,1410,15.7,1,1,2,1,0,0,2,0,0.5,0.5,1.5,2.0,54,55,69,0.06,0.06,0.13,0.06,0.13,0.03,0.1,0.13,0.03,0.13,Matches,GER-BL1,22-23
a70b8345,397,Frederik Rønnow,DEN,GK,Union Berlin,29,1992,29,29,2610,29.0,0,1,1,0,0,0,2,0,0.0,0.0,0.0,0.0,0,0,0,0.0,0.03,0.03,0.0,0.03,0.0,0.0,0.0,0.0,0.0,Matches,GER-BL1,22-23
e280527c,398,Marcel Sabitzer,AUT,MF,Bayern Munich,28,1994,15,7,628,7.0,1,1,2,1,0,0,2,0,1.1,1.1,0.4,1.4,7,52,19,0.14,0.14,0.29,0.14,0.29,0.15,0.05,0.2,0.15,0.2,Matches,GER-BL1,22-23
e1830c52,399,Dikeni-Rafid Salifou,TOG,MF,Werder Bremen,19,2003,1,0,1,0.0,0,0,0,0,0,0,0,0,0.0,0.0,0.0,0.0,0,0,0,0.0,0.0,0.0,0.0,0.0,0.0,0.0,0.0,0.0,0.0,Matches,GER-BL1,22-23
bf075f6b,400,Roland Sallai,HUN,"MF,FW",Freiburg,25,1997,19,10,1002,11.1,1,3,4,1,0,0,6,0,2.6,2.6,1.3,3.8,22,17,71,0.09,0.27,0.36,0.09,0.36,0.23,0.11,0.34,0.23,0.34,Matches,GER-BL1,22-23
08593525,401,Diadie Samassékou,MLI,"MF,FW",Hoffenheim,26,1996,2,1,34,0.4,0,0,0,0,0,0,1,0,0.0,0.0,0.0,0.0,0,1,1,0.0,0.0,0.0,0.0,0.0,0.0,0.0,0.0,0.0,0.0,Matches,GER-BL1,22-23
2b114be3,402,Leroy Sané,GER,"MF,FW",Bayern Munich,26,1996,32,20,2010,22.3,8,7,15,8,0,0,4,0,8.5,8.5,4.3,12.8,77,134,198,0.36,0.31,0.67,0.36,0.67,0.38,0.19,0.57,0.38,0.57,Matches,GER-BL1,22-23
6a52a6c6,403,Sidi Sané,GER,FW,Schalke 04,19,2003,1,0,25,0.3,0,0,0,0,0,0,0,0,0.0,0.0,0.0,0.0,0,0,0,0.0,0.0,0.0,0.0,0.0,0.0,0.0,0.0,0.0,0.0,Matches,GER-BL1,22-23
1a4b9094,404,Bouna Sarr,SEN,FW,Bayern Munich,30,1992,1,0,3,0.0,0,0,0,0,0,0,0,0,0.0,0.0,0.0,0.0,0,0,0,0.0,0.0,0.0,0.0,0.0,0.0,0.0,0.0,0.0,0.0,Matches,GER-BL1,22-23
236f02cd,405,Joe Scally,USA,DF,Gladbach,19,2002,28,25,2208,24.5,0,0,0,0,0,0,2,0,0.5,0.5,1.8,2.3,29,57,60,0.0,0.0,0.0,0.0,0.0,0.02,0.07,0.09,0.02,0.09,Matches,GER-BL1,22-23
52afb588,406,Kevin Schade,GER,"FW,MF",Freiburg,20,2001,8,1,182,2.0,1,0,1,1,0,0,0,0,0.2,0.2,0.0,0.2,7,3,20,0.49,0.0,0.49,0.49,0.49,0.12,0.0,0.12,0.12,0.12,Matches,GER-BL1,22-23
049751d7,407,András Schäfer,HUN,MF,Union Berlin,23,1999,16,10,860,9.6,0,0,0,0,0,0,0,0,0.4,0.4,0.2,0.6,15,26,18,0.0,0.0,0.0,0.0,0.0,0.05,0.02,0.07,0.05,0.07,Matches,GER-BL1,22-23
93cba339,408,Derry Scherhant,GER,"FW,MF",Hertha BSC,19,2002,10,2,285,3.2,1,0,1,1,0,0,0,0,0.2,0.2,0.1,0.3,4,1,16,0.32,0.0,0.32,0.32,0.32,0.06,0.03,0.1,0.06,0.1,Matches,GER-BL1,22-23
5d4f7d61,409,Patrik Schick,CZE,FW,Leverkusen,26,1996,14,10,941,10.5,3,1,4,3,0,0,0,0,4.6,4.6,0.6,5.1,8,11,68,0.29,0.1,0.38,0.29,0.38,0.44,0.05,0.49,0.44,0.49,Matches,GER-BL1,22-23
bd527260,410,Kingsley Schindler,GHA,"DF,MF",Köln,29,1993,29,8,1088,12.1,0,1,1,0,0,0,4,0,2.2,2.2,0.7,2.9,20,50,75,0.0,0.08,0.08,0.0,0.08,0.18,0.06,0.24,0.18,0.24,Matches,GER-BL1,22-23
8f056768,411,Xaver Schlager,AUT,MF,RB Leipzig,24,1997,22,16,1506,16.7,1,1,2,1,0,0,2,0,0.3,0.3,0.7,0.9,23,77,12,0.06,0.06,0.12,0.06,0.12,0.02,0.04,0.06,0.02,0.06,Matches,GER-BL1,22-23
f6bdc830,412,Keven Schlotterbeck,GER,DF,Freiburg,25,1997,2,0,14,0.2,0,0,0,0,0,0,0,0,0.0,0.0,0.0,0.0,0,0,0,0.0,0.0,0.0,0.0,0.0,0.0,0.0,0.0,0.0,0.0,Matches,GER-BL1,22-23
f6bdc830,413,Keven Schlotterbeck,GER,DF,Bochum,25,1997,13,8,734,8.2,2,0,2,2,0,0,3,0,1.6,1.6,0.5,2.1,1,21,3,0.25,0.0,0.25,0.25,0.25,0.19,0.06,0.25,0.19,0.25,Matches,GER-BL1,22-23
34e12499,414,Nico Schlotterbeck,GER,DF,Dortmund,22,1999,28,27,2252,25.0,4,5,9,4,0,0,3,0,1.6,1.6,1.7,3.3,39,159,14,0.16,0.2,0.36,0.16,0.36,0.06,0.07,0.13,0.06,0.13,Matches,GER-BL1,22-23
088ca1bd,415,Jonathan Schmid,FRA,DF,Freiburg,32,1990,3,0,41,0.5,0,0,0,0,0,0,0,0,0.3,0.3,0.1,0.4,1,1,6,0.0,0.0,0.0,0.0,0.0,0.68,0.19,0.88,0.68,0.88,Matches,GER-BL1,22-23
220ace7e,416,Romano Schmid,AUT,"MF,FW",Werder Bremen,22,2000,27,15,1520,16.9,1,3,4,1,0,0,3,0,1.5,1.5,2.0,3.5,34,75,84,0.06,0.18,0.24,0.06,0.24,0.09,0.12,0.21,0.09,0.21,Matches,GER-BL1,22-23
7d31f1cb,417,Kenneth Schmidt,GER,DF,Freiburg,20,2002,5,3,251,2.8,0,0,0,0,0,0,1,0,0.0,0.0,0.0,0.0,5,13,0,0.0,0.0,0.0,0.0,0.0,0.0,0.0,0.0,0.0,0.0,Matches,GER-BL1,22-23
b9ae8560,418,Niklas Schmidt,GER,MF,Werder Bremen,24,1998,24,11,1087,12.1,3,0,3,3,0,0,3,0,1.6,1.6,1.3,2.9,26,64,49,0.25,0.0,0.25,0.25,0.25,0.14,0.11,0.24,0.14,0.24,Matches,GER-BL1,22-23
ad00b1a8,419,Benno Schmitz,GER,DF,Köln,27,1994,31,30,2420,26.9,1,0,1,1,0,0,6,0,0.4,0.4,2.4,2.9,48,149,126,0.04,0.0,0.04,0.04,0.04,0.02,0.09,0.11,0.02,0.11,Matches,GER-BL1,22-23
87436846,420,Marvin Schwäbe,GER,GK,Köln,27,1995,34,34,3060,34.0,0,0,0,0,0,0,1,0,0.0,0.0,0.0,0.0,0,1,0,0.0,0.0,0.0,0.0,0.0,0.0,0.0,0.0,0.0,0.0,Matches,GER-BL1,22-23
0d55d942,421,Alexander Schwolow,GER,GK,Schalke 04,30,1992,23,22,2035,22.6,0,0,0,0,0,0,1,0,0.1,0.1,0.1,0.2,0,0,0,0.0,0.0,0.0,0.0,0.0,0.0,0.0,0.01,0.0,0.01,Matches,GER-BL1,22-23
8872ed17,422,Paul Seguin,GER,MF,Union Berlin,27,1995,20,4,691,7.7,1,3,4,1,0,0,4,0,1.2,1.2,2.0,3.2,13,49,28,0.13,0.39,0.52,0.13,0.52,0.16,0.26,0.41,0.16,0.41,Matches,GER-BL1,22-23
1238a3f9,423,Davie Selke,GER,FW,Hertha BSC,27,1995,13,3,282,3.1,1,1,2,0,1,1,1,0,1.2,0.4,0.9,1.3,3,5,22,0.32,0.32,0.64,0.0,0.32,0.39,0.28,0.66,0.14,0.41,Matches,GER-BL1,22-23
1238a3f9,424,Davie Selke,GER,FW,Köln,27,1995,17,12,869,9.7,5,0,5,5,0,0,2,0,3.4,3.4,0.9,4.3,7,16,40,0.52,0.0,0.52,0.52,0.52,0.35,0.09,0.44,0.35,0.44,Matches,GER-BL1,22-23
b3325a30,425,Suat Serdar,GER,MF,Hertha BSC,25,1997,32,24,2021,22.5,4,2,6,4,0,0,7,0,1.9,1.9,1.6,3.5,33,78,48,0.18,0.09,0.27,0.18,0.27,0.09,0.07,0.16,0.09,0.16,Matches,GER-BL1,22-23
0c88efca,426,Eniss Shabani,ALB,MF,Mainz 05,19,2003,1,0,10,0.1,0,0,0,0,0,0,1,0,0.0,0.0,0.0,0.0,0,0,0,0.0,0.0,0.0,0.0,0.0,0.0,0.0,0.0,0.0,0.0,Matches,GER-BL1,22-23
313254a3,427,Kiliann Sildillia,FRA,"DF,MF",Freiburg,20,2002,27,23,1977,22.0,0,2,2,0,0,0,4,1,0.8,0.8,0.7,1.6,20,81,47,0.0,0.09,0.09,0.0,0.09,0.04,0.03,0.07,0.04,0.07,Matches,GER-BL1,22-23
3effaa34,428,André Silva,POR,FW,RB Leipzig,26,1995,31,20,1738,19.3,4,3,7,4,0,0,3,0,9.2,9.2,2.9,12.0,35,37,142,0.21,0.16,0.36,0.21,0.36,0.47,0.15,0.62,0.47,0.62,Matches,GER-BL1,22-23
fcb27134,429,Mohamed Simakan,FRA,DF,RB Leipzig,22,2000,24,18,1454,16.2,1,1,2,1,0,0,2,0,1.7,1.7,1.2,2.9,32,88,72,0.06,0.06,0.12,0.06,0.12,0.1,0.08,0.18,0.1,0.18,Matches,GER-BL1,22-23
73000a79,430,Daley Sinkgraven,NED,"DF,MF",Leverkusen,27,1995,12,4,344,3.8,0,2,2,0,0,0,1,0,0.2,0.2,1.3,1.4,8,8,17,0.0,0.52,0.52,0.0,0.52,0.04,0.33,0.37,0.04,0.37,Matches,GER-BL1,22-23
0d8a37c2,431,Tobias Sippel,GER,GK,Gladbach,34,1988,6,5,510,5.7,0,0,0,0,0,0,1,0,0.0,0.0,0.0,0.0,0,0,0,0.0,0.0,0.0,0.0,0.0,0.0,0.0,0.0,0.0,0.0,Matches,GER-BL1,22-23
c6cf860f,432,Hugo Siquet,BEL,DF,Freiburg,20,2002,2,0,17,0.2,0,0,0,0,0,0,0,0,0.0,0.0,0.0,0.0,0,0,0,0.0,0.0,0.0,0.0,0.0,0.0,0.0,0.0,0.0,0.0,Matches,GER-BL1,22-23
65857fdf,433,Tim Skarke,GER,"DF,MF",Union Berlin,25,1996,3,0,53,0.6,0,0,0,0,0,0,1,0,0.2,0.2,0.0,0.2,3,0,10,0.0,0.0,0.0,0.0,0.0,0.39,0.02,0.41,0.39,0.41,Matches,GER-BL1,22-23
65857fdf,434,Tim Skarke,GER,"FW,MF",Schalke 04,25,1996,9,6,440,4.9,1,1,2,1,0,0,0,0,0.5,0.5,0.9,1.4,4,13,26,0.2,0.2,0.41,0.2,0.41,0.11,0.17,0.28,0.11,0.28,Matches,GER-BL1,22-23
c2211709,435,Ellyes Skhiri,TUN,MF,Köln,27,1995,32,32,2856,31.7,7,1,8,7,0,0,5,0,5.3,5.3,1.8,7.1,50,155,61,0.22,0.03,0.25,0.22,0.25,0.17,0.06,0.22,0.17,0.22,Matches,GER-BL1,22-23
ff98492b,436,Robert Skov,DEN,DF,Hoffenheim,26,1996,23,16,1349,15.0,3,2,5,1,2,2,1,0,3.4,1.8,1.8,3.6,43,49,97,0.2,0.13,0.33,0.07,0.2,0.23,0.12,0.34,0.12,0.24,Matches,GER-BL1,22-23
c967f6b8,437,Hrvoje Smolčić,CRO,DF,Eint Frankfurt,21,2000,9,4,471,5.2,0,0,0,0,0,0,0,0,0.2,0.2,0.0,0.2,0,18,1,0.0,0.0,0.0,0.0,0.0,0.03,0.0,0.03,0.03,0.03,Matches,GER-BL1,22-23
c05f2f8c,438,Danilo Soares,BRA,DF,Bochum,30,1991,23,23,1766,19.6,0,0,0,0,0,0,6,0,0.0,0.0,1.3,1.3,17,93,24,0.0,0.0,0.0,0.0,0.0,0.0,0.06,0.07,0.0,0.07,Matches,GER-BL1,22-23
4f627629,439,Nikola Soldo,CRO,DF,Köln,21,2001,7,6,593,6.6,0,0,0,0,0,0,1,0,0.6,0.6,0.0,0.7,3,15,0,0.0,0.0,0.0,0.0,0.0,0.1,0.0,0.1,0.1,0.1,Matches,GER-BL1,22-23
420c18a1,440,Yann Sommer,SUI,GK,Gladbach,33,1988,10,10,900,10.0,0,0,0,0,0,0,0,0,0.0,0.0,0.0,0.0,0,0,0,0.0,0.0,0.0,0.0,0.0,0.0,0.0,0.0,0.0,0.0,Matches,GER-BL1,22-23
420c18a1,441,Yann Sommer,SUI,GK,Bayern Munich,33,1988,19,19,1710,19.0,0,0,0,0,0,0,1,0,0.0,0.0,0.0,0.0,0,1,0,0.0,0.0,0.0,0.0,0.0,0.0,0.0,0.0,0.0,0.0,Matches,GER-BL1,22-23
af0d79a9,442,Borna Sosa,CRO,DF,Stuttgart,24,1998,25,22,1955,21.7,2,7,9,2,0,0,5,0,1.0,1.0,6.5,7.6,58,128,152,0.09,0.32,0.41,0.09,0.41,0.05,0.3,0.35,0.05,0.35,Matches,GER-BL1,22-23
4c6facae,443,Djibril Sow,SUI,MF,Eint Frankfurt,25,1997,32,30,2646,29.4,4,0,4,4,0,0,9,0,1.7,1.7,1.0,2.8,35,186,29,0.14,0.0,0.14,0.14,0.14,0.06,0.04,0.09,0.06,0.09,Matches,GER-BL1,22-23
0f59a7bf,444,Anton Stach,GER,MF,Mainz 05,23,1998,30,22,2070,23.0,1,4,5,1,0,0,4,0,2.2,2.2,3.6,5.8,37,106,77,0.04,0.17,0.22,0.04,0.22,0.1,0.16,0.25,0.1,0.25,Matches,GER-BL1,22-23
861e0116,445,Kostas Stafylidis,GRE,"DF,MF",Bochum,28,1993,19,11,1043,11.6,0,2,2,0,0,0,4,0,0.4,0.4,0.7,1.1,9,26,14,0.0,0.17,0.17,0.0,0.17,0.03,0.06,0.09,0.03,0.09,Matches,GER-BL1,22-23
1fffae99,446,Jens Stage,DEN,MF,Werder Bremen,25,1996,32,21,1855,20.6,3,3,6,3,0,0,5,0,3.1,3.1,1.8,4.9,19,61,55,0.15,0.15,0.29,0.15,0.29,0.15,0.09,0.24,0.15,0.24,Matches,GER-BL1,22-23
e52d33d0,447,Veit Stange,GER,MF,Hertha BSC,18,2004,1,0,8,0.1,0,0,0,0,0,0,0,0,0.0,0.0,0.0,0.0,0,0,0,0.0,0.0,0.0,0.0,0.0,0.0,0.0,0.0,0.0,0.0,Matches,GER-BL1,22-23
7ed08d5c,448,Josip Stanišić,CRO,DF,Bayern Munich,22,2000,14,4,579,6.4,0,0,0,0,0,0,1,0,0.0,0.0,0.4,0.4,12,66,35,0.0,0.0,0.0,0.0,0.0,0.0,0.07,0.07,0.0,0.07,Matches,GER-BL1,22-23
aad48be9,449,Niklas Stark,GER,DF,Werder Bremen,27,1995,27,23,2077,23.1,0,0,0,0,0,0,9,0,0.2,0.2,0.3,0.5,9,65,3,0.0,0.0,0.0,0.0,0.0,0.01,0.01,0.02,0.01,0.02,Matches,GER-BL1,22-23
99f7e9aa,450,Pascal Stenzel,GER,DF,Stuttgart,26,1996,12,3,333,3.7,0,1,1,0,0,0,0,0,0.0,0.0,0.6,0.6,3,13,5,0.0,0.27,0.27,0.0,0.27,0.01,0.16,0.17,0.01,0.17,Matches,GER-BL1,22-23
3b1ed320,451,Angelo Stiller,GER,MF,Hoffenheim,21,2001,20,6,704,7.8,1,1,2,1,0,0,1,0,0.3,0.3,0.5,0.8,4,34,16,0.13,0.13,0.26,0.13,0.26,0.04,0.06,0.1,0.04,0.1,Matches,GER-BL1,22-23
7cd6badb,452,Lars Stindl,GER,"FW,MF",Gladbach,33,1988,29,20,1734,19.3,8,7,15,8,0,0,9,0,5.0,5.0,6.2,11.2,22,77,89,0.42,0.36,0.78,0.42,0.78,0.26,0.32,0.58,0.26,0.58,Matches,GER-BL1,22-23
e5649a78,453,Kevin Stöger,AUT,MF,Bochum,28,1993,32,29,2599,28.9,5,3,8,2,3,3,3,0,4.4,2.1,5.7,7.7,43,214,98,0.17,0.1,0.28,0.07,0.17,0.15,0.2,0.35,0.07,0.27,Matches,GER-BL1,22-23
e33c06cf,454,Niklas Süle,GER,DF,Dortmund,26,1995,29,23,2118,23.5,2,3,5,2,0,0,2,0,2.2,2.2,2.2,4.4,37,137,57,0.08,0.13,0.21,0.08,0.21,0.09,0.09,0.19,0.09,0.19,Matches,GER-BL1,22-23
e18098de,455,Ivan Šunjić,CRO,MF,Hertha BSC,25,1996,18,12,993,11.0,0,0,0,0,0,0,4,0,0.6,0.6,0.2,0.8,6,30,6,0.0,0.0,0.0,0.0,0.0,0.06,0.01,0.07,0.06,0.07,Matches,GER-BL1,22-23
92d83c27,456,Mattias Svanberg,SWE,"MF,FW",Wolfsburg,23,1999,32,21,1835,20.4,4,6,10,4,0,0,4,0,4.4,4.4,5.0,9.4,29,74,85,0.2,0.29,0.49,0.2,0.49,0.22,0.25,0.46,0.22,0.46,Matches,GER-BL1,22-23
934e1968,457,Dominik Szoboszlai,HUN,"MF,FW",RB Leipzig,21,2000,31,28,2444,27.2,6,8,14,5,1,1,5,2,5.5,4.7,8.1,12.9,75,151,157,0.22,0.29,0.52,0.18,0.48,0.2,0.3,0.5,0.17,0.47,Matches,GER-BL1,22-23
e92cd3f7,458,Alexander Sørloth,NOR,FW,RB Leipzig,26,1995,1,0,6,0.1,0,0,0,0,0,0,1,0,0.0,0.0,0.0,0.0,0,0,1,0.0,0.0,0.0,0.0,0.0,0.0,0.0,0.0,0.0,0.0,Matches,GER-BL1,22-23
bd142efb,459,Jonathan Tah,GER,DF,Leverkusen,26,1996,33,28,2487,27.6,1,0,1,1,0,0,6,0,1.1,1.1,0.5,1.5,8,56,4,0.04,0.0,0.04,0.04,0.04,0.04,0.02,0.06,0.04,0.06,Matches,GER-BL1,22-23
a73c8f95,460,Edmond Tapsoba,BFA,DF,Leverkusen,23,1999,33,32,2871,31.9,1,0,1,0,1,2,5,0,2.8,1.2,1.0,2.2,40,169,10,0.03,0.0,0.03,0.0,0.0,0.09,0.03,0.12,0.04,0.07,Matches,GER-BL1,22-23
27270af4,461,Niklas Tauer,GER,"DF,MF",Mainz 05,21,2001,3,0,93,1.0,0,0,0,0,0,0,0,0,0.1,0.1,0.0,0.1,1,6,4,0.0,0.0,0.0,0.0,0.0,0.07,0.0,0.07,0.07,0.07,Matches,GER-BL1,22-23
829aa60c,462,Mathys Tel,FRA,FW,Bayern Munich,17,2005,22,1,417,4.6,5,0,5,5,0,0,2,0,2.7,2.7,0.7,3.3,12,11,59,1.08,0.0,1.08,1.08,1.08,0.58,0.14,0.72,0.58,0.72,Matches,GER-BL1,22-23
0b45a8d7,463,Semir Telalovic,GER,"MF,FW",Gladbach,22,1999,3,0,10,0.1,0,0,0,0,0,0,0,0,0.1,0.1,0.0,0.1,0,0,0,0.0,0.0,0.0,0.0,0.0,0.74,0.0,0.74,0.74,0.74,Matches,GER-BL1,22-23
863ff1ee,464,Simon Terodde,GER,FW,Schalke 04,34,1988,32,21,1823,20.3,5,0,5,5,0,1,5,0,6.3,5.5,2.3,7.9,5,19,68,0.25,0.0,0.25,0.25,0.25,0.31,0.12,0.43,0.27,0.39,Matches,GER-BL1,22-23
ff5ea0bf,465,Malick Thiaw,GER,DF,Schalke 04,20,2001,3,3,270,3.0,0,0,0,0,0,0,2,0,0.2,0.2,0.0,0.2,1,3,0,0.0,0.0,0.0,0.0,0.0,0.08,0.0,0.08,0.08,0.08,Matches,GER-BL1,22-23
fd53759d,466,Jan Thielmann,GER,FW,Köln,20,2002,23,6,869,9.7,2,2,4,2,0,0,5,0,1.1,1.1,0.9,1.9,27,19,66,0.21,0.21,0.41,0.21,0.41,0.11,0.09,0.2,0.11,0.2,Matches,GER-BL1,22-23
d1b49282,467,Morten Thorsby,NOR,MF,Union Berlin,26,1996,24,8,833,9.3,1,1,2,1,0,0,3,0,0.8,0.8,0.5,1.3,0,15,21,0.11,0.11,0.22,0.11,0.22,0.09,0.05,0.14,0.09,0.14,Matches,GER-BL1,22-23
6f8cd6d0,468,Marcus Thuram,FRA,FW,Gladbach,24,1997,30,28,2513,27.9,13,6,19,13,0,0,3,0,16.5,16.5,5.2,21.8,75,46,170,0.47,0.21,0.68,0.47,0.68,0.59,0.19,0.78,0.59,0.78,Matches,GER-BL1,22-23
6b8887c2,469,Steffen Tigges,GER,FW,Köln,24,1998,30,17,1596,17.7,6,1,7,6,0,0,1,0,5.0,5.0,1.9,6.9,20,31,81,0.34,0.06,0.39,0.34,0.39,0.28,0.11,0.39,0.28,0.39,Matches,GER-BL1,22-23
e547d3cf,470,Umut Tohumcu,GER,"MF,DF",Hoffenheim,17,2004,8,2,271,3.0,0,0,0,0,0,0,0,0,0.1,0.1,0.1,0.2,2,7,4,0.0,0.0,0.0,0.0,0.0,0.04,0.04,0.08,0.04,0.08,Matches,GER-BL1,22-23
b492126a,471,Tiago Tomás,POR,"FW,MF",Stuttgart,20,2002,27,16,1291,14.3,3,3,6,3,0,0,2,0,2.9,2.9,3.6,6.5,31,25,95,0.21,0.21,0.42,0.21,0.42,0.2,0.25,0.45,0.2,0.45,Matches,GER-BL1,22-23
c8c60119,472,Almamy Touré,MLI,DF,Eint Frankfurt,26,1996,7,5,398,4.4,0,1,1,0,0,0,1,0,0.5,0.5,0.6,1.1,2,17,8,0.0,0.23,0.23,0.0,0.23,0.12,0.14,0.25,0.12,0.25,Matches,GER-BL1,22-23
71ec39ef,473,Lucas Tousart,FRA,MF,Hertha BSC,25,1997,33,33,2944,32.7,5,2,7,5,0,0,1,0,3.6,3.6,2.0,5.5,37,93,79,0.15,0.06,0.21,0.15,0.21,0.11,0.06,0.17,0.11,0.17,Matches,GER-BL1,22-23
ce17b5eb,474,Kevin Trapp,GER,GK,Eint Frankfurt,32,1990,33,33,2970,33.0,0,0,0,0,0,0,3,0,0.0,0.0,0.0,0.0,0,0,0,0.0,0.0,0.0,0.0,0.0,0.0,0.0,0.0,0.0,0.0,Matches,GER-BL1,22-23
056d2d95,475,Christopher Trimmel,AUT,DF,Union Berlin,35,1987,25,20,1811,20.1,0,6,6,0,0,0,1,0,0.7,0.7,3.2,4.0,34,65,80,0.0,0.3,0.3,0.0,0.3,0.04,0.16,0.2,0.04,0.2,Matches,GER-BL1,22-23
35d64857,476,Tuta,BRA,DF,Eint Frankfurt,23,1999,31,30,2718,30.2,2,1,3,2,0,0,8,0,2.3,2.3,0.8,3.1,23,107,17,0.07,0.03,0.1,0.07,0.1,0.08,0.03,0.1,0.08,0.1,Matches,GER-BL1,22-23
7d3e7da6,477,Sven Ulreich,GER,GK,Bayern Munich,33,1988,3,3,270,3.0,0,0,0,0,0,0,1,0,0.0,0.0,0.0,0.0,0,0,0,0.0,0.0,0.0,0.0,0.0,0.0,0.0,0.0,0.0,0.0,Matches,GER-BL1,22-23
cd61c7af,478,Lauren Ulrich,GER,MF,Stuttgart,17,2005,1,0,6,0.1,0,0,0,0,0,0,0,0,0.0,0.0,0.0,0.0,1,1,0,0.0,0.0,0.0,0.0,0.0,0.0,0.0,0.0,0.0,0.0,Matches,GER-BL1,22-23
d248cd8f,479,Dayot Upamecano,FRA,DF,Bayern Munich,23,1998,29,27,2348,26.1,0,1,1,0,0,0,6,1,0.7,0.7,0.3,1.0,31,169,7,0.0,0.04,0.04,0.0,0.04,0.03,0.01,0.04,0.03,0.04,Matches,GER-BL1,22-23
af842091,480,Filip Uremović,CRO,DF,Hertha BSC,25,1997,22,21,1726,19.2,0,0,0,0,0,0,8,1,0.9,0.9,0.4,1.2,3,17,1,0.0,0.0,0.0,0.0,0.0,0.05,0.02,0.06,0.05,0.06,Matches,GER-BL1,22-23
d75f3980,481,Jere Uronen,FIN,DF,Schalke 04,28,1994,11,9,676,7.5,0,0,0,0,0,0,2,0,0.1,0.1,0.9,1.0,9,30,17,0.0,0.0,0.0,0.0,0.0,0.01,0.12,0.13,0.01,0.13,Matches,GER-BL1,22-23
a3ddb1b9,482,Mark Uth,GER,"MF,FW",Köln,30,1991,3,0,46,0.5,0,0,0,0,0,0,2,0,0.1,0.1,0.0,0.1,0,1,1,0.0,0.0,0.0,0.0,0.0,0.14,0.0,0.14,0.14,0.14,Matches,GER-BL1,22-23
fb377d11,483,Josha Vagnoman,GER,DF,Stuttgart,21,2000,23,16,1479,16.4,2,2,4,2,0,0,3,1,2.9,2.9,1.6,4.5,27,43,93,0.12,0.12,0.24,0.12,0.24,0.18,0.1,0.28,0.18,0.28,Matches,GER-BL1,22-23
6ecbddf6,484,Ruben Vargas,SUI,"MF,FW",Augsburg,23,1998,23,13,1130,12.6,3,4,7,3,0,0,4,0,1.2,1.2,2.2,3.4,32,42,68,0.24,0.32,0.56,0.24,0.56,0.09,0.18,0.27,0.09,0.27,Matches,GER-BL1,22-23
fc8fcbd1,485,Renato Veiga,POR,DF,Augsburg,19,2003,13,7,639,7.1,0,0,0,0,0,0,3,0,0.2,0.2,0.2,0.4,11,14,6,0.0,0.0,0.0,0.0,0.0,0.03,0.03,0.05,0.03,0.05,Matches,GER-BL1,22-23
a5ae8f8e,486,Miloš Veljković,SRB,DF,Werder Bremen,26,1995,29,25,2266,25.2,1,2,3,1,0,0,2,0,0.5,0.5,0.7,1.2,5,81,3,0.04,0.08,0.12,0.04,0.12,0.02,0.03,0.05,0.02,0.05,Matches,GER-BL1,22-23
8fe2a392,487,Micky van de Ven,NED,DF,Wolfsburg,21,2001,33,33,2970,33.0,1,1,2,1,0,0,5,0,1.3,1.3,1.4,2.8,43,111,23,0.03,0.03,0.06,0.03,0.06,0.04,0.04,0.08,0.04,0.08,Matches,GER-BL1,22-23
5360a956,488,Gabriel Vidovic,CRO,FW,Bayern Munich,18,2003,1,0,19,0.2,0,1,1,0,0,0,0,0,0.0,0.0,0.1,0.1,0,1,2,0.0,4.74,4.74,0.0,4.74,0.0,0.39,0.39,0.0,0.39,Matches,GER-BL1,22-23
1d8e9add,489,Kevin Vogt,GER,DF,Hoffenheim,30,1991,22,22,1775,19.7,0,0,0,0,0,0,8,0,0.0,0.0,0.4,0.4,16,104,3,0.0,0.0,0.0,0.0,0.0,0.0,0.02,0.02,0.0,0.02,Matches,GER-BL1,22-23
f86cd5df,490,Aster Vranckx,BEL,MF,Wolfsburg,19,2002,1,0,8,0.1,0,0,0,0,0,0,0,0,0.0,0.0,0.0,0.0,0,0,0,0.0,0.0,0.0,0.0,0.0,0.0,0.0,0.0,0.0,0.0,Matches,GER-BL1,22-23
e3d3fbeb,491,Robert Wagner,GER,MF,Freiburg,19,2003,4,0,38,0.4,0,0,0,0,0,0,1,0,0.2,0.2,0.0,0.2,0,0,2,0.0,0.0,0.0,0.0,0.0,0.54,0.0,0.54,0.54,0.54,Matches,GER-BL1,22-23
e5a35ae9,492,Luca Waldschmidt,GER,"FW,MF",Wolfsburg,26,1996,18,4,523,5.8,4,0,4,3,1,1,0,0,3.5,1.9,0.0,1.9,5,12,26,0.69,0.0,0.69,0.52,0.52,0.6,0.01,0.6,0.32,0.33,Matches,GER-BL1,22-23
cb64672e,493,Paul Wanner,GER,MF,Bayern Munich,16,2005,2,0,25,0.3,0,0,0,0,0,0,1,0,0.0,0.0,0.1,0.1,1,1,4,0.0,0.0,0.0,0.0,0.0,0.0,0.25,0.25,0.0,0.25,Matches,GER-BL1,22-23
346d51d9,494,Julian Weigl,GER,MF,Gladbach,26,1995,23,21,1894,21.0,1,0,1,0,1,1,6,0,1.1,0.3,0.6,0.8,7,82,7,0.05,0.0,0.05,0.0,0.0,0.05,0.03,0.08,0.01,0.04,Matches,GER-BL1,22-23
231c67ff,495,Nelson Weiper,GER,"FW,DF",Mainz 05,17,2005,9,0,99,1.1,2,0,2,2,0,0,0,0,1.7,1.7,0.1,1.8,5,1,19,1.82,0.0,1.82,1.82,1.82,1.52,0.13,1.65,1.52,1.65,Matches,GER-BL1,22-23
30c220c3,496,Mitchell Weiser,GER,"DF,FW",Werder Bremen,28,1994,30,29,2516,28.0,2,9,11,2,0,0,7,0,2.6,2.6,5.6,8.2,62,120,169,0.07,0.32,0.39,0.07,0.39,0.09,0.2,0.29,0.09,0.29,Matches,GER-BL1,22-23
dd676a97,497,Noah Weißhaupt,GER,"MF,DF",Freiburg,20,2001,18,3,427,4.7,0,1,1,0,0,0,0,0,0.2,0.2,1.0,1.2,14,14,31,0.0,0.21,0.21,0.0,0.21,0.03,0.21,0.24,0.03,0.24,Matches,GER-BL1,22-23
1c86aa16,498,Marcel Wenig,GER,MF,Eint Frankfurt,18,2004,1,0,4,0.0,0,0,0,0,0,0,0,0,0.0,0.0,0.0,0.0,0,0,0,0.0,0.0,0.0,0.0,0.0,0.0,0.0,0.0,0.0,0.0,Matches,GER-BL1,22-23
49fe9070,499,Timo Werner,GER,"FW,MF",RB Leipzig,26,1996,27,23,1937,21.5,9,3,12,9,0,0,2,0,9.1,9.1,3.1,12.2,65,51,209,0.42,0.14,0.56,0.42,0.56,0.42,0.15,0.57,0.42,0.57,Matches,GER-BL1,22-23
f68b64fc,500,Silvan Widmer,SUI,DF,Mainz 05,29,1993,26,19,1688,18.8,2,2,4,2,0,0,0,0,2.5,2.5,2.0,4.5,14,54,91,0.11,0.11,0.21,0.11,0.21,0.13,0.11,0.24,0.13,0.24,Matches,GER-BL1,22-23
cb11b429,501,Patrick Wimmer,AUT,"FW,MF",Wolfsburg,21,2001,26,23,1648,18.3,4,8,12,4,0,0,7,0,4.4,4.4,5.0,9.3,42,64,133,0.22,0.44,0.66,0.22,0.66,0.24,0.27,0.51,0.24,0.51,Matches,GER-BL1,22-23
2077ae86,502,Jonas Wind,DEN,FW,Wolfsburg,23,1999,24,15,1291,14.3,6,0,6,6,0,1,1,0,5.2,4.4,1.3,5.8,7,41,89,0.42,0.0,0.42,0.42,0.42,0.36,0.09,0.46,0.31,0.4,Matches,GER-BL1,22-23
a1257b5e,503,Frederik Winther,DEN,DF,Augsburg,21,2001,1,1,90,1.0,0,1,1,0,0,0,0,0,0.0,0.0,0.1,0.1,0,1,0,0.0,1.0,1.0,0.0,1.0,0.0,0.1,0.1,0.0,0.1,Matches,GER-BL1,22-23
e7fcf289,504,Florian Wirtz,GER,"FW,MF",Leverkusen,19,2003,17,11,1090,12.1,1,6,7,1,0,0,4,0,0.8,0.8,3.9,4.7,36,80,86,0.08,0.5,0.58,0.08,0.58,0.06,0.32,0.39,0.06,0.39,Matches,GER-BL1,22-23
be42a291,505,Hannes Wolf,AUT,FW,Gladbach,23,1999,18,4,449,5.0,1,1,2,1,0,0,0,0,1.4,1.4,0.3,1.7,12,13,37,0.2,0.2,0.4,0.2,0.4,0.29,0.05,0.34,0.29,0.34,Matches,GER-BL1,22-23
fa661778,506,Marius Wolf,GER,DF,Dortmund,27,1995,25,17,1570,17.4,1,1,2,1,0,0,2,0,1.2,1.2,2.9,4.0,60,91,151,0.06,0.06,0.11,0.06,0.11,0.07,0.16,0.23,0.07,0.23,Matches,GER-BL1,22-23
6190474d,507,Jeong Woo-yeong,KOR,"MF,FW",Freiburg,22,1999,26,4,653,7.3,1,1,2,1,0,0,2,0,2.1,2.1,1.2,3.3,18,19,36,0.14,0.14,0.28,0.14,0.28,0.29,0.17,0.46,0.29,0.46,Matches,GER-BL1,22-23
ea0893d6,508,Kelvin Yeboah,ITA,"FW,MF",Augsburg,22,2000,13,3,353,3.9,1,1,2,1,0,0,0,0,1.4,1.4,0.4,1.8,13,6,25,0.25,0.25,0.51,0.25,0.51,0.36,0.1,0.46,0.36,0.46,Matches,GER-BL1,22-23
caffaf5a,509,Maya Yoshida,JPN,DF,Schalke 04,33,1988,29,28,2553,28.4,0,0,0,0,0,0,4,0,1.0,1.0,0.1,1.1,7,85,4,0.0,0.0,0.0,0.0,0.0,0.04,0.0,0.04,0.04,0.04,Matches,GER-BL1,22-23
a4effc55,510,Dan-Axel Zagadou,FRA,DF,Stuttgart,23,1999,17,14,1271,14.1,0,0,0,0,0,0,3,0,1.7,1.7,0.6,2.2,3,44,0,0.0,0.0,0.0,0.0,0.0,0.12,0.04,0.16,0.12,0.16,Matches,GER-BL1,22-23
fc3697dd,511,Rodrigo Zalazar,URU,"MF,FW",Schalke 04,22,1999,22,15,1321,14.7,1,6,7,1,0,0,4,0,3.1,3.1,4.5,7.5,26,34,47,0.07,0.41,0.48,0.07,0.48,0.21,0.31,0.51,0.21,0.51,Matches,GER-BL1,22-23
65bf7e2b,512,Aaron Zehnter,GER,DF,Augsburg,17,2004,1,0,1,0.0,0,0,0,0,0,0,0,0,0.0,0.0,0.0,0.0,0,0,0,0.0,0.0,0.0,0.0,0.0,0.0,0.0,0.0,0.0,0.0,Matches,GER-BL1,22-23
5c4bf6ba,513,Robin Zentner,GER,GK,Mainz 05,27,1994,26,26,2340,26.0,0,0,0,0,0,0,1,0,0.0,0.0,0.1,0.1,0,6,1,0.0,0.0,0.0,0.0,0.0,0.0,0.0,0.0,0.0,0.0,Matches,GER-BL1,22-23
9b688ae1,514,Michael Zetterer,GER,GK,Werder Bremen,27,1995,2,1,152,1.7,0,0,0,0,0,0,0,0,0.0,0.0,0.0,0.0,0,0,0,0.0,0.0,0.0,0.0,0.0,0.0,0.0,0.0,0.0,0.0,Matches,GER-BL1,22-23
29f7cfd9,515,Simon Zoller,GER,FW,Bochum,31,1991,27,19,1457,16.2,3,2,5,3,0,0,5,0,4.1,4.1,1.1,5.2,10,21,61,0.19,0.12,0.31,0.19,0.31,0.26,0.07,0.32,0.26,0.32,Matches,GER-BL1,22-23
