id,Unnamed: 0_level_0,Unnamed: 1_level_0,Unnamed: 2_level_0,Unnamed: 3_level_0,Unnamed: 4_level_0,Unnamed: 5_level_0,Unnamed: 6_level_0,Unnamed: 7_level_0,Unnamed: 8_level_0,Pass Types,Pass Types,Pass Types,Pass Types,Pass Types,Pass Types,Pass Types,Pass Types,Corner Kicks,Corner Kicks,Corner Kicks,Outcomes,Outcomes,Outcomes,Unnamed: 23_level_0,Unnamed: league,Unnamed: season
,Rk,Player,Nation,Pos,Squad,Age,Born,90s,Att,Live,Dead,FK,TB,Sw,Crs,TI,CK,In,Out,Str,Cmp,Off,Blocks,Matches,league,season
1f462f95,1,Luis Abram,PER,DF,Granada,25,1996,6.2,226,216,9,5,0,0,0,2,0,0,0,0,191,1,4,Matches,ESP-LALIGA,21-22
81442ecb,2,Marcos Acuña,ARG,DF,Sevilla,29,1991,25.1,1963,1624,333,63,3,30,178,230,40,0,31,0,1543,6,30,Matches,ESP-LALIGA,21-22
355c883a,3,Martin Agirregabiria,ESP,DF,Alavés,25,1996,18.0,792,610,179,6,0,5,45,172,1,0,0,0,547,3,16,Matches,ESP-LALIGA,21-22
a2c1a8d3,4,Julen Agirrezabala,ESP,GK,Athletic Club,20,2000,4.0,82,49,33,7,0,0,0,0,0,0,0,0,62,0,0,Matches,ESP-LALIGA,21-22
4d034881,5,Sergio Agüero,ARG,FW,Barcelona,33,1988,1.7,42,40,2,0,0,0,3,0,0,0,0,0,30,0,0,Matches,ESP-LALIGA,21-22
93b054dc,6,Álvaro Aguirre,ESP,FW,Rayo Vallecano,21,2000,0.1,3,2,1,0,0,0,0,1,0,0,0,0,3,0,0,Matches,ESP-LALIGA,21-22
18abe173,7,Joseph Aidoo,GHA,DF,Celta Vigo,25,1995,29.3,1567,1531,32,13,1,11,3,19,0,0,0,0,1270,4,9,Matches,ESP-LALIGA,21-22
f2a68b97,8,Carlos Akapo,EQG,DF,Cádiz,28,1993,20.5,832,672,158,18,1,3,45,140,0,0,0,0,611,2,20,Matches,ESP-LALIGA,21-22
b8bd60fe,9,Ilias Akhomach,MAR,FW,Barcelona,17,2004,1.4,55,55,0,0,1,0,6,0,0,0,0,0,45,0,2,Matches,ESP-LALIGA,21-22
31f5b89b,10,Paul Akouokou,CIV,MF,Betis,23,1997,5.7,325,320,4,4,0,3,1,0,0,0,0,0,284,1,4,Matches,ESP-LALIGA,21-22
05439de2,11,David Alaba,AUT,DF,Real Madrid,29,1992,29.4,1968,1888,74,34,4,2,40,34,3,3,0,0,1788,6,9,Matches,ESP-LALIGA,21-22
99ea2ddd,12,Tomás Alarcón,CHI,MF,Cádiz,22,1999,15.8,572,503,65,29,2,15,64,3,33,14,14,0,398,4,18,Matches,ESP-LALIGA,21-22
4601e194,13,Jordi Alba,ESP,DF,Barcelona,32,1989,29.4,2795,2416,365,96,13,12,121,268,1,0,0,0,2334,14,38,Matches,ESP-LALIGA,21-22
4bd414c1,14,Raúl Albiol,ESP,DF,Villarreal,35,1985,27.4,1560,1502,57,55,0,12,3,1,0,0,0,0,1339,1,12,Matches,ESP-LALIGA,21-22
a7a9d95a,15,Paco Alcácer,ESP,FW,Villarreal,27,1993,8.7,175,151,22,0,2,2,1,2,0,0,0,0,123,2,5,Matches,ESP-LALIGA,21-22
036bba5f,16,Rubén Alcaraz,ESP,MF,Cádiz,30,1991,12.3,667,623,43,34,3,16,23,2,7,1,3,0,556,1,13,Matches,ESP-LALIGA,21-22
bb08bce9,17,Omar Alderete,PAR,DF,Valencia,24,1996,26.7,961,899,57,52,0,41,4,2,0,0,0,0,580,5,6,Matches,ESP-LALIGA,21-22
3d7e48ce,18,Iván Alejo,ESP,"MF,FW",Cádiz,26,1995,11.8,329,319,9,3,0,2,97,6,0,0,0,0,193,1,18,Matches,ESP-LALIGA,21-22
6c811eb7,19,Carles Aleñá,ESP,MF,Getafe,23,1998,25.8,869,827,39,24,2,10,44,2,11,5,5,0,683,3,25,Matches,ESP-LALIGA,21-22
6f392eb8,20,Hugo Álvarez,ESP,FW,Celta Vigo,18,2003,0.1,3,3,0,0,0,0,0,0,0,0,0,0,1,0,0,Matches,ESP-LALIGA,21-22
3ecc11d8,21,Yeray Álvarez,ESP,DF,Athletic Club,26,1995,20.7,1019,966,51,50,0,10,3,1,0,0,0,0,832,2,9,Matches,ESP-LALIGA,21-22
c9e99e49,22,Dani Alves,BRA,DF,Barcelona,38,1983,12.2,1089,925,159,32,6,14,75,93,34,12,16,0,915,5,11,Matches,ESP-LALIGA,21-22
69c5633e,23,Emmanuel Amankwaa Akurugu,GHA,DF,Getafe,19,2001,0.9,39,31,8,0,0,0,4,8,0,0,0,0,26,0,1,Matches,ESP-LALIGA,21-22
f3b1d9a2,24,Amath,SEN,"FW,MF",Mallorca,25,1996,9.8,202,196,5,0,2,0,7,3,1,0,0,0,159,1,9,Matches,ESP-LALIGA,21-22
dc008610,25,Florin Andone,ROU,FW,Cádiz,28,1993,2.0,38,32,6,0,0,0,0,0,0,0,0,0,25,0,1,Matches,ESP-LALIGA,21-22
ae86d473,26,Marcos André,BRA,"FW,MF",Valencia,24,1996,10.8,184,173,8,0,2,2,3,2,0,0,0,0,122,3,2,Matches,ESP-LALIGA,21-22
3024e383,27,José Ángel,ESP,DF,Osasuna,31,1989,12.0,785,629,154,23,0,32,46,131,0,0,0,0,590,2,9,Matches,ESP-LALIGA,21-22
4a5f2032,28,Josep Antoni Gayá,ESP,DF,Mallorca,21,2000,0.6,28,26,2,1,0,0,0,0,0,0,0,0,23,0,0,Matches,ESP-LALIGA,21-22
58afe001,29,Mauro Arambarri,URU,MF,Getafe,25,1995,29.6,1266,1104,157,88,0,32,116,2,66,28,34,0,933,5,29,Matches,ESP-LALIGA,21-22
27a013f7,30,Néstor Araujo,MEX,DF,Celta Vigo,29,1991,29.1,1555,1509,41,38,0,8,3,3,0,0,0,0,1326,5,8,Matches,ESP-LALIGA,21-22
2bef2bca,31,Ronald Araújo,URU,DF,Barcelona,22,1999,25.2,1662,1566,92,47,0,21,7,44,0,0,0,0,1491,4,6,Matches,ESP-LALIGA,21-22
94e01ec6,32,Jesús Areso,ESP,DF,Osasuna,22,1999,2.1,73,40,33,0,0,0,2,33,0,0,0,0,49,0,0,Matches,ESP-LALIGA,21-22
484ebdb0,33,Matias Arezo,URU,"FW,MF",Granada,18,2002,1.8,38,35,3,1,0,0,4,1,0,0,0,0,18,0,1,Matches,ESP-LALIGA,21-22
fdd60087,34,Santiago Arias,COL,DF,Granada,29,1992,4.9,218,166,50,1,0,0,15,49,0,0,0,0,153,2,2,Matches,ESP-LALIGA,21-22
759d8dd7,35,Santiago Arzamendia,PAR,MF,Cádiz,23,1998,5.2,170,145,21,4,0,1,18,12,5,3,2,0,105,4,4,Matches,ESP-LALIGA,21-22
9f0ea33f,36,Sergio Asenjo,ESP,GK,Villarreal,32,1989,6.0,228,166,60,4,0,1,0,0,0,0,0,0,185,2,0,Matches,ESP-LALIGA,21-22
b4c23f36,37,Alejandro Asensio,ESP,FW,Rayo Vallecano,20,2000,0.1,8,8,0,0,0,1,1,0,0,0,0,0,7,0,0,Matches,ESP-LALIGA,21-22
45af8a54,38,Marco Asensio,ESP,"FW,MF",Real Madrid,25,1996,19.2,894,809,80,14,0,14,71,16,45,26,3,0,731,5,24,Matches,ESP-LALIGA,21-22
7dcf86f6,39,Iago Aspas,ESP,FW,Celta Vigo,33,1987,34.3,1371,1266,97,38,11,17,108,18,32,21,5,0,968,8,47,Matches,ESP-LALIGA,21-22
d5dd5f1f,40,Pierre-Emerick Aubameyang,GAB,FW,Barcelona,32,1989,12.0,238,218,20,0,2,0,5,0,0,0,0,0,176,0,7,Matches,ESP-LALIGA,21-22
9fec8860,41,Ludwig Augustinsson,SWE,"DF,FW",Sevilla,27,1994,8.8,551,442,107,7,0,3,47,81,19,0,15,1,437,2,10,Matches,ESP-LALIGA,21-22
5c2b4f07,42,Serge Aurier,CIV,DF,Villarreal,28,1992,11.2,742,646,94,10,0,2,27,84,0,0,0,0,623,2,12,Matches,ESP-LALIGA,21-22
253a06b9,43,Ezequiel Ávila,ARG,"FW,MF",Osasuna,27,1994,20.8,556,526,24,6,2,12,79,8,4,2,1,0,307,6,21,Matches,ESP-LALIGA,21-22
bfd381b3,44,Iddrisu Baba,GHA,MF,Mallorca,25,1996,21.5,779,760,17,16,0,6,5,1,0,0,0,0,617,2,19,Matches,ESP-LALIGA,21-22
09a9e921,45,Carlos Bacca,COL,FW,Granada,34,1986,5.7,99,92,7,0,1,0,4,2,0,0,0,0,62,0,3,Matches,ESP-LALIGA,21-22
e4346678,46,Édgar Badía,ESP,GK,Elche,29,1992,24.0,830,542,286,76,0,0,0,0,0,0,0,0,565,2,0,Matches,ESP-LALIGA,21-22
a98f3cbf,47,Miguel Baeza,ESP,DF,Celta Vigo,21,2000,0.0,5,5,0,0,0,0,1,0,0,0,0,0,4,0,0,Matches,ESP-LALIGA,21-22
5ccc9672,48,Alejandro Balde,ESP,"DF,FW",Barcelona,17,2003,2.1,150,143,7,2,0,0,6,5,0,0,0,0,138,0,2,Matches,ESP-LALIGA,21-22
a58bb1e1,49,Gareth Bale,WAL,FW,Real Madrid,32,1989,3.1,65,62,0,0,0,1,3,0,0,0,0,0,45,3,2,Matches,ESP-LALIGA,21-22
1fe67e86,50,Mikel Balenziaga,ESP,DF,Athletic Club,33,1988,22.5,1013,794,217,20,0,5,51,197,0,0,0,0,765,2,23,Matches,ESP-LALIGA,21-22
cee88597,51,Iván Balliu,ALB,DF,Rayo Vallecano,29,1992,35.0,1796,1331,460,33,1,7,111,426,1,1,0,0,1350,5,48,Matches,ESP-LALIGA,21-22
981c1863,52,Barbero,ESP,"FW,MF",Osasuna,22,1998,0.2,11,10,1,0,0,0,0,0,0,0,0,0,7,0,0,Matches,ESP-LALIGA,21-22
0c717ae6,53,Barcia,ESP,DF,Granada,20,2000,0.8,22,22,0,0,0,0,0,0,0,0,0,0,8,0,0,Matches,ESP-LALIGA,21-22
cac2537b,54,Enis Bardhi,MKD,"MF,FW",Levante,26,1995,18.9,749,639,103,32,9,15,87,15,52,17,21,0,529,7,19,Matches,ESP-LALIGA,21-22
03049c8c,55,Keidi Bare,ALB,MF,Espanyol,23,1997,16.5,886,845,36,34,2,15,7,2,0,0,0,0,761,5,12,Matches,ESP-LALIGA,21-22
aad53e64,56,Kike Barja,ESP,"MF,FW",Osasuna,24,1997,9.6,374,355,16,3,1,4,55,11,2,0,0,0,249,3,14,Matches,ESP-LALIGA,21-22
487d9b09,57,Antonio Barragán,ESP,DF,Elche,34,1987,11.3,542,421,121,36,0,6,33,81,4,1,2,0,423,0,5,Matches,ESP-LALIGA,21-22
200e89e1,58,Ander Barrenetxea,ESP,"FW,MF",Real Sociedad,19,2001,6.1,184,184,0,0,1,1,8,0,0,0,0,0,129,0,11,Matches,ESP-LALIGA,21-22
b742cc0d,59,Marc Bartra,ESP,DF,Betis,30,1991,22.1,1131,1089,34,32,2,23,0,2,0,0,0,0,926,8,5,Matches,ESP-LALIGA,21-22
42a028c5,60,Álvaro Bastida,ESP,MF,Cádiz,17,2004,2.2,53,52,1,0,0,0,0,0,0,0,0,0,41,0,2,Matches,ESP-LALIGA,21-22
d637fc22,61,Rodrigo Battaglia,ARG,MF,Mallorca,30,1991,13.1,515,483,29,27,0,3,1,1,0,0,0,0,427,3,9,Matches,ESP-LALIGA,21-22
debc6b55,62,Jon Bautista,ESP,MF,Real Sociedad,26,1995,0.5,7,5,2,0,0,0,0,0,0,0,0,0,6,0,0,Matches,ESP-LALIGA,21-22
d8712bf9,63,Bebé,CPV,FW,Rayo Vallecano,31,1990,9.6,332,289,42,17,2,5,87,4,20,11,7,0,208,1,14,Matches,ESP-LALIGA,21-22
f874dd44,64,Héctor Bellerín,ESP,DF,Betis,26,1995,22.0,1048,845,200,18,1,4,42,182,0,0,0,0,804,3,27,Matches,ESP-LALIGA,21-22
ed5c5fa3,65,Fran Beltrán,ESP,MF,Celta Vigo,22,1999,28.9,1893,1821,70,54,1,31,17,2,6,0,4,0,1716,2,16,Matches,ESP-LALIGA,21-22
bef0a7ac,66,Darío Benedetto,ARG,"FW,MF",Elche,31,1990,6.6,112,102,9,0,0,4,6,1,0,0,0,0,72,1,2,Matches,ESP-LALIGA,21-22
50cbc806,67,Iker Benito,ESP,"FW,MF",Osasuna,18,2002,1.3,29,27,0,0,0,0,4,0,0,0,0,0,19,2,1,Matches,ESP-LALIGA,21-22
a7416105,68,Pedro Benito,ESP,FW,Cádiz,21,2000,0.3,5,5,0,0,0,0,1,0,0,0,0,0,3,0,0,Matches,ESP-LALIGA,21-22
70d74ece,69,Karim Benzema,FRA,FW,Real Madrid,33,1987,28.8,1245,1175,57,4,6,10,10,2,8,0,0,0,1043,13,30,Matches,ESP-LALIGA,21-22
b6e50615,70,Yuri Berchiche,ESP,DF,Athletic Club,31,1990,11.3,634,509,120,17,0,8,33,103,0,0,0,0,487,5,12,Matches,ESP-LALIGA,21-22
dc1c2fce,71,Álex Berenguer,ESP,MF,Athletic Club,26,1995,24.1,877,760,108,26,7,6,145,6,73,20,29,0,548,9,41,Matches,ESP-LALIGA,21-22
697295b1,72,Pedro Bigas,ESP,DF,Elche,30,1990,17.2,933,888,40,39,1,10,2,1,0,0,0,0,806,5,3,Matches,ESP-LALIGA,21-22
506daeac,73,Antonio Blanco,ESP,MF,Real Madrid,21,2000,0.3,20,20,0,0,0,0,0,0,0,0,0,0,18,0,0,Matches,ESP-LALIGA,21-22
f6798fc3,74,Yassine Bounou,MAR,GK,Sevilla,30,1991,31.0,1072,772,298,57,0,2,0,0,0,0,0,0,819,2,1,Matches,ESP-LALIGA,21-22
d49f3e6b,75,Lucas Boyé,ARG,FW,Elche,25,1996,19.0,426,388,34,0,1,5,7,1,0,0,0,0,306,4,15,Matches,ESP-LALIGA,21-22
fd771f95,76,Martin Braithwaite,DEN,FW,Barcelona,30,1991,2.6,56,54,2,1,0,1,2,0,0,0,0,0,44,0,1,Matches,ESP-LALIGA,21-22
4accb7e0,77,Darko Brašanac,SRB,MF,Osasuna,29,1992,26.7,910,860,45,1,1,2,27,5,0,0,0,0,676,5,35,Matches,ESP-LALIGA,21-22
10072610,78,Claudio Bravo,CHI,GK,Betis,38,1983,16.2,507,330,174,75,0,5,0,0,0,0,0,0,332,3,0,Matches,ESP-LALIGA,21-22
3d688b46,79,Yan Brice Eteki,CMR,MF,Granada,23,1997,3.8,127,127,0,0,0,2,0,0,0,0,0,0,95,0,2,Matches,ESP-LALIGA,21-22
8f3565b3,80,Ante Budimir,CRO,FW,Osasuna,30,1991,19.3,358,335,18,0,2,1,7,3,0,0,0,0,204,5,10,Matches,ESP-LALIGA,21-22
5ab0ea87,81,Sergio Busquets,ESP,MF,Barcelona,33,1988,35.5,2793,2676,99,95,13,18,3,3,0,0,0,0,2430,18,21,Matches,ESP-LALIGA,21-22
505dce2b,82,Adrián Butzke,ESP,FW,Granada,22,1999,0.0,1,1,0,0,0,0,0,0,0,0,0,0,0,0,0,Matches,ESP-LALIGA,21-22
e7ab4179,83,Erick Cabaco,URU,DF,Getafe,26,1995,4.5,173,165,8,5,0,2,1,3,0,0,0,0,115,0,2,Matches,ESP-LALIGA,21-22
69cbc8b6,84,Leandro Cabrera,URU,DF,Espanyol,30,1991,37.0,1934,1715,204,106,2,32,13,77,0,0,0,0,1458,15,16,Matches,ESP-LALIGA,21-22
e94d79e3,85,Martín Cáceres,URU,DF,Levante,34,1987,7.4,353,339,14,9,0,14,4,5,0,0,0,0,287,0,6,Matches,ESP-LALIGA,21-22
fe05804b,86,Cala,ESP,DF,Cádiz,31,1989,10.5,295,275,17,16,0,13,0,1,0,0,0,0,216,3,1,Matches,ESP-LALIGA,21-22
da4e70e5,87,Calderón,ESP,DF,Betis,21,2000,0.7,45,42,3,0,0,0,4,3,0,0,0,0,41,0,0,Matches,ESP-LALIGA,21-22
41b3069f,88,Fernando Calero,ESP,DF,Espanyol,25,1995,12.1,633,587,45,33,0,5,0,12,0,0,0,0,528,1,5,Matches,ESP-LALIGA,21-22
b2d03887,89,Víctor Camarasa,ESP,"MF,FW",Betis,27,1994,1.2,50,50,0,0,0,0,0,0,0,0,0,0,41,0,1,Matches,ESP-LALIGA,21-22
7b9c2d84,90,Eduardo Camavinga,FRA,MF,Real Madrid,18,2002,13.7,847,829,17,15,6,6,3,1,0,0,0,0,760,1,10,Matches,ESP-LALIGA,21-22
61220da2,91,José Campaña,ESP,MF,Levante,28,1993,15.8,880,791,87,48,3,17,56,4,35,13,14,1,715,2,16,Matches,ESP-LALIGA,21-22
a6de370d,92,Sergio Canales,ESP,"FW,MF",Betis,30,1991,31.0,1878,1798,73,48,22,30,67,16,9,4,4,0,1551,7,38,Matches,ESP-LALIGA,21-22
4aa253fd,93,Álex Cantero,ESP,"FW,MF",Levante,21,2000,6.8,131,122,8,0,1,3,6,4,0,0,0,0,89,1,6,Matches,ESP-LALIGA,21-22
37f1cf47,94,Ander Capa,ESP,DF,Athletic Club,29,1992,0.0,2,2,0,0,0,0,0,0,0,0,0,0,1,0,0,Matches,ESP-LALIGA,21-22
5acc4a10,95,Étienne Capoue,FRA,MF,Villarreal,33,1988,25.4,1330,1287,37,33,7,12,5,4,0,0,0,0,1167,6,12,Matches,ESP-LALIGA,21-22
c4b888df,96,Isaac Carcelen,ESP,"DF,MF",Cádiz,28,1993,17.2,735,585,149,19,2,6,49,125,5,1,4,0,540,1,19,Matches,ESP-LALIGA,21-22
e1846dde,97,Cárdenas,ESP,GK,Levante,24,1997,24.0,725,454,269,70,0,3,0,1,0,0,0,0,496,2,0,Matches,ESP-LALIGA,21-22
8249ff06,98,Carlo,ESP,MF,Villarreal,20,2001,0.1,4,4,0,0,0,0,0,0,0,0,0,0,4,0,0,Matches,ESP-LALIGA,21-22
b4a014b1,99,Diego Carlos,BRA,DF,Sevilla,28,1993,32.9,2195,2131,57,53,3,38,3,4,0,0,0,0,1916,7,7,Matches,ESP-LALIGA,21-22
2dce876a,100,Carmona,ESP,DF,Sevilla,19,2002,0.3,13,8,5,1,0,0,0,4,0,0,0,0,7,0,0,Matches,ESP-LALIGA,21-22
de39485a,101,Yannick Carrasco,BEL,"FW,MF",Atlético Madrid,27,1993,28.7,1253,1038,204,60,8,10,133,87,56,27,15,0,947,11,29,Matches,ESP-LALIGA,21-22
8f898ba8,102,Guido Carrillo,ARG,FW,Elche,30,1991,13.0,302,277,21,0,0,0,1,2,0,0,0,0,208,4,5,Matches,ESP-LALIGA,21-22
4958bfb2,103,Dani Carvajal,ESP,DF,Real Madrid,29,1992,17.2,1193,1031,159,16,3,10,40,143,0,0,0,0,1020,3,16,Matches,ESP-LALIGA,21-22
dee86451,104,William Carvalho,POR,MF,Betis,29,1992,20.1,1321,1292,25,24,8,12,4,1,0,0,0,0,1157,4,18,Matches,ESP-LALIGA,21-22
4d224fe8,105,Casemiro,BRA,MF,Real Madrid,29,1992,28.5,1989,1929,53,45,9,38,17,3,0,0,0,0,1695,7,19,Matches,ESP-LALIGA,21-22
58bc7d18,106,Kiko Casilla,ESP,GK,Elche,34,1986,14.0,486,296,188,52,0,1,0,0,0,0,0,0,324,2,0,Matches,ESP-LALIGA,21-22
274ab13c,107,Catena,ESP,DF,Rayo Vallecano,26,1994,36.0,1723,1620,96,94,2,36,2,2,0,0,0,0,1393,7,18,Matches,ESP-LALIGA,21-22
c0617e2b,108,Dani Ceballos,ESP,MF,Real Madrid,24,1996,3.1,262,257,5,4,2,4,1,1,0,0,0,0,240,0,2,Matches,ESP-LALIGA,21-22
5e1028e5,109,Franco Cervi,ARG,MF,Celta Vigo,27,1994,20.0,763,714,45,8,0,0,78,8,29,13,12,1,560,4,31,Matches,ESP-LALIGA,21-22
9ed40a69,110,Chapela,ESP,"MF,FW",Cádiz,22,1999,4.4,87,86,1,0,0,2,12,0,1,1,0,0,52,0,5,Matches,ESP-LALIGA,21-22
7f203b54,111,Chema,ESP,MF,Getafe,29,1992,0.5,15,14,1,1,0,1,0,0,0,0,0,0,11,0,0,Matches,ESP-LALIGA,21-22
0ac94a23,112,Denis Cheryshev,RUS,"MF,FW",Valencia,30,1990,6.3,171,157,14,5,1,0,27,3,6,1,1,0,104,0,13,Matches,ESP-LALIGA,21-22
b8a642fc,113,Samuel Chukwueze,NGA,"MF,FW",Villarreal,22,1999,14.8,465,455,6,0,9,3,16,5,1,0,0,0,337,4,17,Matches,ESP-LALIGA,21-22
ec1a731e,114,Víctor Chust,ESP,DF,Cádiz,21,2000,20.3,807,776,28,22,0,8,2,6,0,0,0,0,677,3,5,Matches,ESP-LALIGA,21-22
04ac8285,115,Jasper Cillessen,NED,GK,Valencia,32,1989,16.2,447,303,142,48,0,1,0,0,0,0,0,0,299,2,0,Matches,ESP-LALIGA,21-22
9a0408b6,116,Pathé Ciss,SEN,MF,Rayo Vallecano,27,1994,12.2,523,510,12,10,2,12,0,2,0,0,0,0,435,1,7,Matches,ESP-LALIGA,21-22
33a61a52,117,Carlos Clerc,ESP,DF,Levante,29,1992,16.8,878,712,161,15,1,4,47,144,2,1,0,0,668,5,23,Matches,ESP-LALIGA,21-22
6d8f8441,118,Coke,ESP,DF,Levante,34,1987,1.3,69,54,15,3,0,1,0,12,0,0,0,0,57,0,1,Matches,ESP-LALIGA,21-22
85dace26,119,Álex Collado,ESP,"MF,FW",Granada,22,1999,11.3,365,314,47,17,2,0,42,5,19,11,8,0,268,4,14,Matches,ESP-LALIGA,21-22
15937e17,120,Eray Cömert,SUI,DF,Valencia,23,1998,4.5,201,193,8,7,0,5,0,1,0,0,0,0,169,0,0,Matches,ESP-LALIGA,21-22
5ae499d0,121,Santi Comesaña,ESP,MF,Rayo Vallecano,24,1996,29.8,1481,1422,52,43,3,23,10,0,0,0,0,0,1214,7,30,Matches,ESP-LALIGA,21-22
4eae5bc4,122,Diego Conde,ESP,GK,Getafe,22,1998,0.1,6,3,3,1,0,0,0,0,0,0,0,0,0,0,0,Matches,ESP-LALIGA,21-22
a6951bf8,123,Francis Coquelin,FRA,MF,Villarreal,30,1991,9.2,480,469,7,2,2,7,1,2,0,0,0,0,408,4,11,Matches,ESP-LALIGA,21-22
fb938d24,124,Jesús Corona,MEX,"FW,DF",Sevilla,28,1993,12.9,603,556,45,2,1,6,52,31,12,0,10,0,466,2,13,Matches,ESP-LALIGA,21-22
01eb744d,125,Ángel Correa,ARG,"FW,MF",Atlético Madrid,26,1995,20.6,638,608,27,2,6,1,34,2,15,5,5,0,465,3,21,Matches,ESP-LALIGA,21-22
c78b352d,126,Thierry Correia,POR,DF,Valencia,22,1999,15.7,658,520,137,6,1,7,48,131,0,0,0,0,453,1,19,Matches,ESP-LALIGA,21-22
f13d02a6,127,Hélder Costa,ANG,"MF,FW",Valencia,27,1994,12.4,302,285,14,2,1,1,46,3,9,4,0,0,191,3,12,Matches,ESP-LALIGA,21-22
808d48f3,128,Jaume Costa,ESP,DF,Mallorca,33,1988,20.3,1010,796,212,11,2,5,75,201,0,0,0,0,724,2,24,Matches,ESP-LALIGA,21-22
1840e36d,129,Thibaut Courtois,BEL,GK,Real Madrid,29,1992,36.0,1137,897,238,39,0,3,0,0,0,0,0,0,936,2,0,Matches,ESP-LALIGA,21-22
0ef89a37,130,Philippe Coutinho,BRA,"MF,FW",Barcelona,29,1992,5.6,325,305,19,7,2,0,19,3,9,2,5,0,268,1,3,Matches,ESP-LALIGA,21-22
ad81ba78,131,Cristo,ESP,DF,Real Sociedad,21,2000,0.2,11,9,2,0,0,0,2,2,0,0,0,0,10,0,0,Matches,ESP-LALIGA,21-22
a56da3ba,132,Juan Cruz Armada,ESP,DF,Osasuna,29,1992,21.5,949,863,84,24,1,5,8,60,0,0,0,0,770,2,9,Matches,ESP-LALIGA,21-22
1daec722,133,Marc Cucurella,ESP,"MF,DF",Getafe,23,1998,0.3,21,18,3,1,0,0,2,0,2,1,1,0,15,0,1,Matches,ESP-LALIGA,21-22
0abc51f2,134,Jorge Cuenca,ESP,DF,Getafe,21,1999,29.8,1108,1047,53,32,0,23,5,21,0,0,0,0,742,8,13,Matches,ESP-LALIGA,21-22
dc62b55d,135,Matheus Cunha,BRA,FW,Atlético Madrid,22,1999,11.8,216,203,12,0,5,1,7,2,0,0,0,0,151,1,7,Matches,ESP-LALIGA,21-22
f08490a6,136,Arnaut Danjuma,NED,FW,Villarreal,24,1997,16.4,380,352,26,0,1,4,27,3,13,5,2,0,278,2,11,Matches,ESP-LALIGA,21-22
070a3904,137,Sergi Darder,ESP,MF,Espanyol,27,1993,34.7,1733,1627,98,47,8,33,70,5,30,12,14,0,1427,8,25,Matches,ESP-LALIGA,21-22
162efffd,138,Rodrigo De Paul,ARG,MF,Atlético Madrid,27,1994,23.9,1407,1265,134,68,21,31,92,17,46,9,32,0,1106,8,24,Matches,ESP-LALIGA,21-22
fe641c1a,139,Thomas Delaney,DEN,MF,Sevilla,29,1991,17.2,810,789,15,12,2,7,14,3,0,0,0,0,619,6,15,Matches,ESP-LALIGA,21-22
b19db005,140,Ousmane Dembélé,FRA,FW,Barcelona,24,1997,15.7,824,754,67,9,11,10,144,11,47,16,24,0,601,3,25,Matches,ESP-LALIGA,21-22
fa265f6d,141,Yusuf Demir,AUT,FW,Barcelona,18,2003,2.1,80,71,9,1,0,0,2,3,5,0,0,0,71,0,1,Matches,ESP-LALIGA,21-22
5976f83e,142,Sergiño Dest,USA,"DF,FW",Barcelona,20,2000,16.8,999,863,134,12,1,3,59,122,0,0,0,0,876,2,15,Matches,ESP-LALIGA,21-22
244bc2c8,143,Boulaye Dia,SEN,FW,Villarreal,24,1996,14.1,253,237,15,0,1,1,1,0,0,0,0,0,189,1,6,Matches,ESP-LALIGA,21-22
d2110326,144,Mouctar Diakhaby,GUI,DF,Valencia,24,1996,21.6,726,688,38,31,0,10,5,1,0,0,0,0,540,0,5,Matches,ESP-LALIGA,21-22
17a1299d,145,Javier Díaz,ESP,GK,Sevilla,24,1997,1.0,34,27,7,4,0,0,0,0,0,0,0,0,28,0,0,Matches,ESP-LALIGA,21-22
3624ce4c,146,Víctor Díaz,ESP,DF,Granada,33,1988,16.7,694,638,50,18,0,4,13,31,0,0,0,0,508,6,3,Matches,ESP-LALIGA,21-22
b5f63410,147,Landry Dimata,BEL,"FW,MF",Espanyol,23,1997,6.0,92,85,7,0,0,1,0,0,0,0,0,0,67,0,7,Matches,ESP-LALIGA,21-22
fc70e345,148,Stole Dimitrievski,MKD,GK,Rayo Vallecano,27,1993,30.8,947,618,323,93,0,1,0,0,0,0,0,0,545,6,0,Matches,ESP-LALIGA,21-22
b6160ad0,149,Matías Dituro,ARG,GK,Celta Vigo,34,1987,38.0,1465,1061,398,115,0,4,0,0,0,0,0,0,926,6,3,Matches,ESP-LALIGA,21-22
a4971d84,150,Djené,TOG,DF,Getafe,29,1991,34.6,1348,1309,38,33,1,6,22,5,0,0,0,0,1031,1,26,Matches,ESP-LALIGA,21-22
3594a357,151,Naïs Djouahra,FRA,"FW,MF",Real Sociedad,21,1999,2.4,95,92,3,0,0,0,15,1,2,0,1,0,63,0,3,Matches,ESP-LALIGA,21-22
ac295d9e,152,Marko Dmitrović,SRB,GK,Sevilla,29,1992,6.0,224,181,43,10,0,0,0,0,0,0,0,0,186,0,0,Matches,ESP-LALIGA,21-22
c9cb972b,153,Jaume Doménech,ESP,GK,Valencia,30,1990,3.8,107,61,46,14,0,0,0,0,0,0,0,0,65,0,0,Matches,ESP-LALIGA,21-22
3521abfe,154,Carlos Dominguez,ESP,DF,Celta Vigo,20,2001,3.8,167,162,4,3,1,3,0,1,0,0,0,0,131,1,1,Matches,ESP-LALIGA,21-22
d709cd5c,155,Mario Dominguez,ESP,FW,Valencia,17,2004,0.3,3,3,0,0,0,0,0,0,0,0,0,0,2,0,0,Matches,ESP-LALIGA,21-22
5e95c000,156,John Donald,ESP,DF,Elche,20,2000,2.0,89,83,4,1,1,0,0,3,0,0,0,0,76,2,0,Matches,ESP-LALIGA,21-22
93090f69,157,Domingos Duarte,POR,DF,Granada,26,1995,18.7,738,702,33,30,0,7,1,3,0,0,0,0,567,3,7,Matches,ESP-LALIGA,21-22
aa0ac32d,158,Óscar Duarte,CRC,DF,Levante,32,1989,19.7,970,918,47,43,0,4,0,0,0,0,0,0,807,5,4,Matches,ESP-LALIGA,21-22
1fe0492d,159,Rubén Duarte,ESP,DF,Alavés,25,1995,29.1,1352,1003,338,25,1,8,119,299,13,9,3,0,897,11,32,Matches,ESP-LALIGA,21-22
c261b5dd,160,Unai Dufur,ESP,DF,Osasuna,22,1999,1.0,49,49,0,0,0,0,0,0,0,0,0,0,35,0,0,Matches,ESP-LALIGA,21-22
37e103f8,161,Hugo Duro,ESP,"DF,MF",Getafe,21,1999,0.1,5,5,0,0,0,0,0,0,0,0,0,0,2,0,0,Matches,ESP-LALIGA,21-22
37e103f8,162,Hugo Duro,ESP,"FW,MF",Valencia,21,1999,20.4,391,367,21,1,0,0,12,3,0,0,0,0,271,3,12,Matches,ESP-LALIGA,21-22
f7dc2ae5,163,Aritz Elustondo,ESP,DF,Real Sociedad,27,1994,23.4,1184,1107,76,34,1,8,5,42,0,0,0,0,989,1,9,Matches,ESP-LALIGA,21-22
db8f0eba,164,Adri Embarba,ESP,"FW,MF",Espanyol,29,1992,22.1,782,621,154,38,0,6,192,7,109,38,43,1,474,7,20,Matches,ESP-LALIGA,21-22
df8b52a5,165,Emerson,BRA,DF,Barcelona,22,1999,1.0,68,54,14,0,0,0,2,14,0,0,0,0,57,0,3,Matches,ESP-LALIGA,21-22
04e17fd5,166,Youssef En-Nesyri,MAR,FW,Sevilla,24,1997,14.2,191,172,16,0,1,2,5,1,0,0,0,0,122,3,4,Matches,ESP-LALIGA,21-22
3f79a1c8,167,Gonzalo Escalante,ARG,MF,Alavés,28,1993,14.4,399,395,3,0,0,3,3,0,0,0,0,0,265,1,10,Matches,ESP-LALIGA,21-22
67669ce7,168,Aarón Escandell,ESP,GK,Granada,25,1995,3.2,128,73,55,18,0,1,0,0,0,0,0,0,72,0,0,Matches,ESP-LALIGA,21-22
b0616e3d,169,Sergio Escudero,ESP,"DF,MF",Granada,31,1989,15.9,732,562,167,24,0,7,30,138,5,0,1,0,521,3,10,Matches,ESP-LALIGA,21-22
db001fa9,170,Alfonso Espino,URU,DF,Cádiz,29,1992,37.0,1757,1369,376,53,5,24,150,321,2,2,0,0,1092,12,63,Matches,ESP-LALIGA,21-22
ace50e9f,171,Estanis,ESP,FW,Barcelona,17,2003,0.1,1,1,0,0,0,0,0,0,0,0,0,0,0,0,0,Matches,ESP-LALIGA,21-22
d38fdf53,172,Pervis Estupiñán,ECU,DF,Villarreal,23,1998,17.5,1061,885,174,12,0,4,73,161,1,0,0,0,820,2,32,Matches,ESP-LALIGA,21-22
bed68338,173,Abde Ezzalzouli,MAR,FW,Barcelona,19,2001,6.4,186,182,4,0,0,1,15,3,1,0,0,0,132,0,8,Matches,ESP-LALIGA,21-22
66116290,174,Radamel Falcao,COL,FW,Rayo Vallecano,35,1986,9.3,173,158,13,0,0,1,4,0,0,0,0,0,132,2,5,Matches,ESP-LALIGA,21-22
72a84002,175,Fali,ESP,"DF,MF",Cádiz,27,1993,20.0,690,652,36,21,3,5,11,13,0,0,0,0,520,2,2,Matches,ESP-LALIGA,21-22
de627c8a,176,Omar Faraj,PLE,FW,Levante,19,2002,0.0,2,2,0,0,0,0,0,0,0,0,0,0,0,0,0,Matches,ESP-LALIGA,21-22
0ba976e4,177,Ansu Fati,ESP,FW,Barcelona,18,2002,3.7,160,148,10,2,1,1,3,1,4,0,1,0,133,2,7,Matches,ESP-LALIGA,21-22
38126309,178,Aleix Febas,ESP,MF,Mallorca,25,1996,1.3,53,53,0,0,1,1,0,0,0,0,0,0,46,0,2,Matches,ESP-LALIGA,21-22
1ccd3dae,179,Peter Federico,DOM,"MF,DF",Real Madrid,19,2002,0.3,18,17,1,0,0,0,1,1,0,0,0,0,14,0,1,Matches,ESP-LALIGA,21-22
bece776f,180,Nabil Fekir,FRA,MF,Betis,28,1993,31.0,1507,1279,220,72,9,7,173,8,133,45,60,0,1207,8,31,Matches,ESP-LALIGA,21-22
51a3c4c8,181,Felipe,BRA,DF,Atlético Madrid,32,1989,16.7,780,745,29,26,0,4,0,3,0,0,0,0,632,6,10,Matches,ESP-LALIGA,21-22
8aafd64f,182,João Félix,POR,"FW,MF",Atlético Madrid,21,1999,14.0,451,414,32,8,10,11,18,8,2,1,0,0,325,5,12,Matches,ESP-LALIGA,21-22
a01c3d54,183,Aitor Fernández,ESP,GK,Levante,30,1991,13.0,381,260,118,26,0,0,0,0,0,0,0,0,267,3,0,Matches,ESP-LALIGA,21-22
aa677a35,184,Álex Fernández,ESP,MF,Cádiz,28,1992,22.8,1042,948,90,40,2,24,69,5,36,10,15,1,807,4,14,Matches,ESP-LALIGA,21-22
41f32541,185,Fernando,BRA,"MF,DF",Sevilla,34,1987,20.6,1253,1213,37,32,2,16,1,5,0,0,0,0,1115,3,8,Matches,ESP-LALIGA,21-22
eb82b6f1,186,Fidel,ESP,MF,Elche,31,1989,25.1,1112,1015,89,26,5,7,118,12,50,22,24,1,802,8,45,Matches,ESP-LALIGA,21-22
1827a42d,187,José Fontán,ESP,DF,Celta Vigo,21,2000,3.1,205,195,9,3,0,0,5,6,0,0,0,0,170,1,1,Matches,ESP-LALIGA,21-22
45e17712,188,Dimitri Foulquier,FRA,DF,Granada,28,1993,2.0,72,50,22,0,0,0,7,22,0,0,0,0,46,0,6,Matches,ESP-LALIGA,21-22
45e17712,189,Dimitri Foulquier,FRA,DF,Valencia,28,1993,26.0,1014,765,247,25,0,10,60,222,0,0,0,0,702,2,36,Matches,ESP-LALIGA,21-22
6c7762c3,190,Juan Foyth,ARG,DF,Villarreal,23,1998,21.4,1178,965,208,16,2,5,7,192,0,0,0,0,982,5,21,Matches,ESP-LALIGA,21-22
40883e3a,191,Enric Franquesa,ESP,"DF,FW",Levante,24,1997,6.9,263,208,54,0,0,0,10,53,1,1,0,0,198,1,12,Matches,ESP-LALIGA,21-22
38ce1150,192,Jorge de Frutos,ESP,"MF,FW",Levante,24,1997,19.6,499,470,25,1,0,5,69,16,6,0,4,0,320,4,21,Matches,ESP-LALIGA,21-22
a4b00319,193,Javi Galán,ESP,DF,Celta Vigo,26,1994,36.6,2182,1759,417,33,1,17,173,380,4,2,2,0,1697,6,49,Matches,ESP-LALIGA,21-22
91f7631f,194,Iñigo Ruiz de Galarreta,ESP,MF,Mallorca,27,1993,15.3,761,716,41,27,5,8,14,2,5,3,0,0,616,4,15,Matches,ESP-LALIGA,21-22
766f48dd,195,Thiago Galhardo,BRA,"FW,MF",Celta Vigo,32,1989,12.8,276,265,7,1,2,0,9,3,0,0,0,0,170,4,7,Matches,ESP-LALIGA,21-22
90bbd822,196,Álvaro García,ESP,"FW,MF",Rayo Vallecano,28,1992,33.3,1046,1007,31,5,2,4,194,19,7,1,2,0,640,8,42,Matches,ESP-LALIGA,21-22
240d3a0b,197,Dani García,ESP,MF,Athletic Club,31,1990,24.2,1036,1013,19,18,2,10,4,1,0,0,0,0,804,4,12,Matches,ESP-LALIGA,21-22
3e42f707,198,David García,ESP,DF,Osasuna,27,1994,34.5,1466,1422,39,39,0,13,0,0,0,0,0,0,1169,5,3,Matches,ESP-LALIGA,21-22
2bed3eab,199,Eric García,ESP,DF,Barcelona,20,2001,22.7,1689,1630,58,40,2,20,2,14,0,0,0,0,1568,1,7,Matches,ESP-LALIGA,21-22
7226539b,200,Fran Garcia,ESP,DF,Rayo Vallecano,21,1999,33.6,1690,1327,360,22,1,4,128,338,0,0,0,0,1310,3,31,Matches,ESP-LALIGA,21-22
87b498b0,201,Joan García,ESP,GK,Espanyol,20,2001,1.2,34,28,6,4,0,1,0,0,0,0,0,0,27,0,0,Matches,ESP-LALIGA,21-22
6ed1a2a2,202,Manu García,ESP,MF,Alavés,23,1998,12.0,578,502,73,40,2,22,43,6,19,7,7,1,437,3,12,Matches,ESP-LALIGA,21-22
b418dbd4,203,Raúl García,ESP,FW,Athletic Club,35,1986,20.0,609,598,5,1,2,3,20,1,0,0,0,0,364,6,14,Matches,ESP-LALIGA,21-22
5c96b017,204,Rubén García,ESP,"MF,FW",Osasuna,28,1993,26.4,1268,1084,180,53,1,15,199,30,89,23,56,3,899,4,32,Matches,ESP-LALIGA,21-22
dafa5038,205,Saúl García,ESP,MF,Alavés,26,1994,0.0,3,3,0,0,0,0,0,0,0,0,0,0,1,0,0,Matches,ESP-LALIGA,21-22
4a633cfe,206,Unai García,ESP,DF,Osasuna,29,1992,15.6,555,494,60,45,0,23,8,15,0,0,0,0,411,1,1,Matches,ESP-LALIGA,21-22
fb5d47b3,207,Mario Gaspar,ESP,DF,Villarreal,30,1990,6.9,370,303,65,9,0,4,4,56,0,0,0,0,295,2,9,Matches,ESP-LALIGA,21-22
19cae58d,208,Gavi,ESP,"MF,FW",Barcelona,16,2004,25.7,1262,1237,17,5,11,12,48,10,2,0,0,0,1086,8,28,Matches,ESP-LALIGA,21-22
7b5ab7f2,209,Bryan Gil,ESP,"MF,FW",Valencia,20,2001,8.4,244,212,30,7,3,1,44,7,16,9,4,0,156,2,2,Matches,ESP-LALIGA,21-22
6652cf96,210,Óscar Gil,ESP,DF,Espanyol,24,1997,18.8,738,581,156,14,0,4,38,142,0,0,0,0,610,1,19,Matches,ESP-LALIGA,21-22
9c435456,211,Mario Gila,ESP,DF,Real Madrid,20,2000,0.3,22,21,1,0,0,0,0,0,0,0,0,0,19,0,0,Matches,ESP-LALIGA,21-22
0e5ddc7c,212,Dani Gómez,ESP,FW,Levante,23,1998,11.8,197,168,27,0,2,1,5,2,0,0,0,0,155,2,8,Matches,ESP-LALIGA,21-22
4c2e9442,213,Maxi Gómez,URU,FW,Valencia,24,1996,21.7,411,392,15,0,2,4,19,2,0,0,0,0,254,4,8,Matches,ESP-LALIGA,21-22
5a626448,214,Moi Gómez,ESP,"MF,FW",Villarreal,27,1994,14.3,596,559,34,4,4,5,33,3,24,10,5,0,474,3,17,Matches,ESP-LALIGA,21-22
6e4df551,215,Papu Gómez,ARG,"FW,MF",Sevilla,33,1988,19.8,971,919,49,18,3,21,57,15,16,0,14,0,832,3,6,Matches,ESP-LALIGA,21-22
bc6f5f06,216,Sergi Gómez,ESP,DF,Espanyol,29,1992,30.2,1371,1320,49,42,0,11,0,1,0,0,0,0,1161,2,15,Matches,ESP-LALIGA,21-22
b7de5bad,217,Victor Gomez,ESP,DF,Espanyol,21,2000,0.0,3,1,2,0,0,0,0,2,0,0,0,0,2,0,0,Matches,ESP-LALIGA,21-22
b8c1de25,218,Maxime Gonalons,FRA,MF,Granada,32,1989,17.2,657,638,19,18,0,11,6,0,0,0,0,0,550,0,12,Matches,ESP-LALIGA,21-22
4ac7608e,219,Diego González,ESP,DF,Elche,26,1995,19.9,721,683,35,35,0,3,0,0,0,0,0,0,594,3,5,Matches,ESP-LALIGA,21-22
49d028db,220,Édgar González,ESP,DF,Betis,24,1997,16.3,909,893,13,10,1,2,1,3,0,0,0,0,797,3,9,Matches,ESP-LALIGA,21-22
1fc474ae,221,Giovanni González,URU,DF,Mallorca,26,1994,4.1,203,159,44,4,1,0,10,40,0,0,0,0,149,0,4,Matches,ESP-LALIGA,21-22
2c56a792,222,Nicolás González,ESP,MF,Barcelona,19,2002,12.4,686,670,13,10,3,3,7,3,0,0,0,0,611,3,10,Matches,ESP-LALIGA,21-22
56545648,223,Roberto González,ESP,"FW,MF",Betis,20,2001,1.5,37,36,1,0,1,0,1,1,0,0,0,0,29,0,0,Matches,ESP-LALIGA,21-22
f3451c66,224,Gori,ESP,MF,Espanyol,19,2002,0.1,6,6,0,0,1,0,0,0,0,0,0,0,5,0,0,Matches,ESP-LALIGA,21-22
6f5f82c0,225,Andoni Gorosabel,ESP,DF,Real Sociedad,24,1996,25.4,1453,1172,281,26,0,1,63,252,3,0,3,0,1199,0,29,Matches,ESP-LALIGA,21-22
fc3d2006,226,Jaume Grau,ESP,MF,Osasuna,24,1997,0.0,4,4,0,0,0,0,0,0,0,0,0,0,2,0,0,Matches,ESP-LALIGA,21-22
30061f53,227,Dominik Greif,SVK,GK,Mallorca,24,1997,1.0,31,19,12,2,0,0,0,0,0,0,0,0,20,0,0,Matches,ESP-LALIGA,21-22
8b298f56,228,Clément Grenier,FRA,MF,Mallorca,30,1991,0.7,41,39,2,1,0,0,2,0,1,1,0,0,29,0,1,Matches,ESP-LALIGA,21-22
df69b544,229,Antoine Griezmann,FRA,FW,Barcelona,30,1991,2.9,101,99,2,2,0,3,0,0,0,0,0,0,86,0,2,Matches,ESP-LALIGA,21-22
df69b544,230,Antoine Griezmann,FRA,"FW,MF",Atlético Madrid,30,1991,18.8,704,653,46,12,5,8,34,7,22,14,4,0,544,5,11,Matches,ESP-LALIGA,21-22
ef322658,231,Andrés Guardado,MEX,MF,Betis,34,1986,15.5,954,903,46,32,1,14,9,13,1,0,1,0,798,5,9,Matches,ESP-LALIGA,21-22
32974271,232,Sergi Guardiola,ESP,FW,Rayo Vallecano,30,1991,19.0,403,381,21,2,2,5,16,2,0,0,0,0,270,1,16,Matches,ESP-LALIGA,21-22
0076ab7f,233,Nemanja Gudelj,SRB,"DF,MF",Sevilla,29,1991,11.6,675,655,19,16,0,6,0,3,0,0,0,0,602,1,6,Matches,ESP-LALIGA,21-22
e6bc67d7,234,Gonçalo Guedes,POR,"FW,MF",Valencia,24,1996,29.0,878,782,93,24,7,16,110,29,31,14,10,0,563,3,42,Matches,ESP-LALIGA,21-22
8e48dc61,235,Ander Guevara,ESP,MF,Real Sociedad,24,1997,9.6,611,594,13,13,1,4,0,0,0,0,0,0,525,4,9,Matches,ESP-LALIGA,21-22
99bebd12,236,John Guidetti,SWE,"FW,MF",Alavés,29,1992,3.1,75,70,4,0,0,0,4,0,0,0,0,0,54,1,3,Matches,ESP-LALIGA,21-22
f7c12fbf,237,Hugo Guillamón,ESP,"MF,DF",Valencia,21,2000,26.2,1112,999,112,99,2,21,6,6,2,1,1,0,890,1,15,Matches,ESP-LALIGA,21-22
ac454a4f,238,Gerard Gumbau,ESP,MF,Elche,26,1994,21.0,1064,931,125,67,2,27,93,1,57,23,25,0,836,8,13,Matches,ESP-LALIGA,21-22
4c0a6a48,239,Jon Guridi,ESP,MF,Real Sociedad,26,1995,2.3,81,81,0,0,0,0,3,0,0,0,0,0,57,0,3,Matches,ESP-LALIGA,21-22
0b2c8585,240,Raúl Guti,ESP,MF,Elche,24,1996,18.1,790,776,13,9,3,22,9,3,1,0,0,0,659,1,16,Matches,ESP-LALIGA,21-22
b3b62f94,241,Marcos Mauro López Gutiérrez,ARG,DF,Cádiz,30,1991,1.5,26,23,2,2,0,0,0,0,0,0,0,0,13,1,2,Matches,ESP-LALIGA,21-22
7e98cff1,242,Miguel Gutiérrez,ESP,DF,Real Madrid,20,2001,2.9,182,156,26,4,0,4,9,22,0,0,0,0,165,0,3,Matches,ESP-LALIGA,21-22
8696bc90,243,Munir El Haddadi,MAR,"FW,MF",Sevilla,25,1995,5.3,133,130,2,0,0,2,6,2,0,0,0,0,102,1,5,Matches,ESP-LALIGA,21-22
be32269e,244,Varazdat Haroyan,ARM,DF,Cádiz,28,1992,16.0,435,409,26,24,0,6,1,2,0,0,0,0,335,0,4,Matches,ESP-LALIGA,21-22
a39bb753,245,Eden Hazard,BEL,"FW,MF",Real Madrid,30,1991,8.0,407,391,13,3,1,1,12,7,2,0,0,0,359,3,4,Matches,ESP-LALIGA,21-22
dea912dc,246,Kike Hermoso,ESP,DF,Betis,21,1999,1.0,60,59,1,1,0,0,0,0,0,0,0,0,50,0,0,Matches,ESP-LALIGA,21-22
555f3a0b,247,Mario Hermoso,ESP,DF,Atlético Madrid,26,1995,20.7,1297,1177,115,31,0,43,24,84,0,0,0,0,1115,5,11,Matches,ESP-LALIGA,21-22
132ac341,248,Aridane Hernández,ESP,DF,Osasuna,32,1989,12.9,540,524,15,14,0,7,1,1,0,0,0,0,430,1,1,Matches,ESP-LALIGA,21-22
02d2c436,249,Luis Hernández,ESP,DF,Cádiz,32,1989,15.2,806,674,127,34,1,12,9,93,0,0,0,0,622,5,7,Matches,ESP-LALIGA,21-22
90162357,250,Mario Hernández,ESP,"DF,FW",Rayo Vallecano,22,1999,4.4,208,161,46,3,1,0,15,43,0,0,0,0,139,1,5,Matches,ESP-LALIGA,21-22
a8542814,251,Héctor Herrera,MEX,MF,Atlético Madrid,31,1990,9.5,668,636,31,25,3,7,10,4,2,0,1,0,560,1,6,Matches,ESP-LALIGA,21-22
a4995f48,252,Sergio Herrera,ESP,GK,Osasuna,28,1993,36.0,1160,716,442,136,0,3,0,0,0,0,0,0,668,2,0,Matches,ESP-LALIGA,21-22
5083a734,253,Yangel Herrera,VEN,MF,Espanyol,23,1998,18.3,870,851,15,11,1,3,9,0,0,0,0,0,702,4,17,Matches,ESP-LALIGA,21-22
1bc432b7,254,Matthew Hoppe,USA,"FW,MF",Mallorca,20,2001,1.5,34,29,5,0,0,0,0,0,0,0,0,0,24,0,2,Matches,ESP-LALIGA,21-22
c7429db3,255,Robert Ibáñez,ESP,"MF,FW",Osasuna,28,1993,1.0,36,36,0,0,1,0,0,0,0,0,0,0,29,0,2,Matches,ESP-LALIGA,21-22
ad1ffcfd,256,Vicente Iborra,ESP,MF,Villarreal,33,1988,11.5,636,622,13,13,3,3,0,0,0,0,0,0,545,1,6,Matches,ESP-LALIGA,21-22
34caa4b3,257,Oussama Idrissi,MAR,"MF,FW",Sevilla,25,1996,1.4,51,49,2,0,0,0,4,2,0,0,0,0,39,0,2,Matches,ESP-LALIGA,21-22
34caa4b3,258,Oussama Idrissi,MAR,MF,Cádiz,25,1996,10.0,389,342,44,6,0,4,45,14,23,12,4,0,293,3,13,Matches,ESP-LALIGA,21-22
974322dc,259,Iglesias,ESP,DF,Getafe,23,1998,8.0,330,229,100,7,0,4,46,89,4,2,2,0,163,1,14,Matches,ESP-LALIGA,21-22
75645f0e,260,Borja Iglesias,ESP,FW,Betis,28,1993,17.5,342,305,37,1,6,8,6,3,1,0,0,0,240,0,14,Matches,ESP-LALIGA,21-22
5ce0b5ba,261,Asier Illarramendi,ESP,MF,Real Sociedad,31,1990,4.2,292,279,13,11,0,1,5,1,1,1,0,0,252,0,4,Matches,ESP-LALIGA,21-22
4c2fa917,262,Nikita Iosifov,RUS,MF,Villarreal,20,2001,0.0,4,4,0,0,0,0,2,0,0,0,0,0,2,0,0,Matches,ESP-LALIGA,21-22
8e92be30,263,Alexander Isak,SWE,FW,Real Sociedad,21,1999,23.8,440,399,40,0,5,1,17,5,1,0,0,0,316,1,24,Matches,ESP-LALIGA,21-22
a0b4bb3e,264,Isco,ESP,"MF,FW",Real Madrid,29,1992,3.7,271,250,18,9,4,2,8,1,7,1,4,0,238,3,3,Matches,ESP-LALIGA,21-22
9c36ed83,265,Nicolas Jackson,SEN,"FW,MF",Villarreal,20,2001,1.8,51,49,2,0,0,1,1,0,0,0,0,0,38,0,3,Matches,ESP-LALIGA,21-22
1ea5f91c,266,Jakub Jankto,CZE,"DF,MF",Getafe,25,1996,6.5,250,209,38,4,1,0,27,33,1,0,1,0,163,3,5,Matches,ESP-LALIGA,21-22
4737cebe,267,Adnan Januzaj,BEL,"FW,MF",Real Sociedad,26,1995,18.1,749,606,134,44,5,15,146,7,82,34,39,0,486,9,27,Matches,ESP-LALIGA,21-22
9038c2a1,268,Jason,ESP,"MF,FW",Alavés,27,1994,7.5,218,159,57,28,1,1,61,2,24,12,9,0,112,2,10,Matches,ESP-LALIGA,21-22
9038c2a1,269,Jason,ESP,"MF,DF",Valencia,27,1994,0.8,30,25,5,1,1,1,7,2,2,0,1,0,23,0,1,Matches,ESP-LALIGA,21-22
eeba07f8,270,Luis Javier Suárez,COL,FW,Granada,23,1997,31.6,664,623,39,1,0,10,38,7,0,0,0,0,427,2,21,Matches,ESP-LALIGA,21-22
5f5501ed,271,Álvaro Jiménez,ESP,"MF,FW",Cádiz,26,1995,2.6,72,66,6,0,0,0,23,3,3,0,3,0,43,0,4,Matches,ESP-LALIGA,21-22
4c5b14d2,272,Joaquín,ESP,"FW,MF",Betis,40,1981,5.2,274,233,40,11,0,1,36,3,26,6,12,0,212,1,6,Matches,ESP-LALIGA,21-22
030ef8d6,273,Jofre,ESP,"MF,DF",Espanyol,20,2001,0.2,9,8,0,0,0,0,3,0,0,0,0,0,6,1,0,Matches,ESP-LALIGA,21-22
1bacc518,274,Frenkie de Jong,NED,MF,Barcelona,24,1997,27.5,1680,1643,30,19,9,12,31,4,7,3,3,0,1504,7,20,Matches,ESP-LALIGA,21-22
abb3bb95,275,Luuk de Jong,NED,FW,Barcelona,30,1990,7.3,185,172,11,1,2,0,1,0,0,0,0,0,132,2,6,Matches,ESP-LALIGA,21-22
2a0c8ba4,276,Joan Jordán,ESP,MF,Sevilla,27,1994,27.9,1833,1755,70,59,2,41,23,6,5,0,3,0,1601,8,25,Matches,ESP-LALIGA,21-22
5b28b2f6,277,Josan,ESP,"DF,MF",Elche,31,1989,13.5,537,441,93,10,0,1,74,80,3,0,0,0,383,3,20,Matches,ESP-LALIGA,21-22
d87e2cae,278,Willian José,BRA,FW,Betis,29,1991,17.8,541,501,38,1,5,15,7,2,0,0,0,0,418,2,11,Matches,ESP-LALIGA,21-22
6265208f,279,Joselu,ESP,FW,Alavés,31,1990,34.7,1104,1049,45,0,5,8,31,11,2,0,0,0,657,10,25,Matches,ESP-LALIGA,21-22
ed3f5f4c,280,Josema,ESP,DF,Elche,25,1996,2.0,65,44,21,5,0,0,3,16,0,0,0,0,38,0,2,Matches,ESP-LALIGA,21-22
4d8cd038,281,Luka Jović,SRB,FW,Real Madrid,23,1997,4.1,67,64,3,1,1,2,0,0,0,0,0,0,52,0,2,Matches,ESP-LALIGA,21-22
d83f09ff,282,Miguel Juan Llambrich,ESP,DF,Espanyol,25,1996,0.8,47,39,8,0,0,0,1,8,0,0,0,0,34,0,2,Matches,ESP-LALIGA,21-22
1f1c8a15,283,José Juan Macías,MEX,"FW,MF",Getafe,21,1999,2.2,44,43,1,0,0,0,3,0,0,0,0,0,30,0,1,Matches,ESP-LALIGA,21-22
84399660,284,Juanmi,ESP,FW,Betis,28,1993,23.7,502,481,20,1,2,6,4,17,0,0,0,0,393,1,11,Matches,ESP-LALIGA,21-22
360d70f8,285,Lago Junior,CIV,"FW,MF",Mallorca,30,1990,2.0,46,45,1,0,0,0,5,1,0,0,0,0,27,0,4,Matches,ESP-LALIGA,21-22
7111d552,286,Vinicius Júnior,BRA,FW,Real Madrid,21,2000,29.9,1289,1263,20,5,5,12,44,9,5,0,0,0,1075,6,35,Matches,ESP-LALIGA,21-22
2a9f6b4d,287,Ferran Jutglà,ESP,FW,Barcelona,22,1999,3.3,122,113,8,1,0,0,6,2,0,0,0,0,100,1,4,Matches,ESP-LALIGA,21-22
53520a67,288,Jens Jønsson,DEN,MF,Cádiz,28,1993,14.5,336,332,4,3,0,0,5,1,0,0,0,0,255,0,3,Matches,ESP-LALIGA,21-22
8455ad90,289,Lee Kang-in,KOR,"MF,FW",Mallorca,20,2001,15.7,587,488,91,31,4,9,73,5,49,19,16,1,407,8,21,Matches,ESP-LALIGA,21-22
e897d8ba,290,Kiké,ESP,FW,Osasuna,31,1989,20.7,510,494,15,1,0,6,21,1,0,0,0,0,336,1,14,Matches,ESP-LALIGA,21-22
3a58d075,291,Koba Koindredi,FRA,MF,Valencia,19,2001,2.0,47,45,2,0,0,0,2,1,1,1,0,0,30,0,3,Matches,ESP-LALIGA,21-22
55126f3b,292,Koke,ESP,MF,Atlético Madrid,29,1992,27.9,1772,1715,51,36,7,13,33,8,7,0,6,0,1505,6,28,Matches,ESP-LALIGA,21-22
fc076f78,293,Luca Koleosho,ITA,FW,Espanyol,16,2004,0.0,1,1,0,0,0,0,0,0,0,0,0,0,1,0,0,Matches,ESP-LALIGA,21-22
cce181df,294,Geoffrey Kondogbia,CTA,"MF,DF",Atlético Madrid,28,1993,20.9,999,984,10,10,2,24,1,0,0,0,0,0,854,5,11,Matches,ESP-LALIGA,21-22
4d1666ff,295,Jules Koundé,FRA,DF,Sevilla,22,1998,30.4,2153,2061,88,56,1,31,18,32,0,0,0,0,1894,4,10,Matches,ESP-LALIGA,21-22
6ce1f46f,296,Toni Kroos,GER,MF,Real Madrid,31,1990,23.4,2259,2052,193,98,4,67,86,9,86,36,23,0,2068,14,13,Matches,ESP-LALIGA,21-22
16aa3654,297,Takefusa Kubo,JPN,"FW,MF",Mallorca,20,2001,17.8,504,466,34,8,6,2,51,6,17,5,4,1,349,4,22,Matches,ESP-LALIGA,21-22
b7c99b9b,298,Víctor Laguardia,ESP,DF,Alavés,31,1989,33.8,1246,1155,84,84,0,31,3,0,0,0,0,0,930,7,7,Matches,ESP-LALIGA,21-22
bf12926c,299,Diego Lainez,MEX,FW,Betis,21,2000,1.6,56,56,0,0,0,0,2,0,0,0,0,0,43,0,4,Matches,ESP-LALIGA,21-22
abe66106,300,Érik Lamela,ARG,"FW,MF",Sevilla,29,1992,11.3,487,470,15,5,4,1,15,2,7,5,0,0,410,2,13,Matches,ESP-LALIGA,21-22
2bea832e,301,Juanmi Latasa,ESP,FW,Real Madrid,20,2001,0.1,5,5,0,0,0,0,0,0,0,0,0,0,4,0,1,Matches,ESP-LALIGA,21-22
8e088e04,302,Toni Lato,ESP,DF,Valencia,23,1997,6.6,314,245,68,8,0,6,19,60,0,0,0,0,230,1,7,Matches,ESP-LALIGA,21-22
9a64e67e,303,Robin Le Normand,ESP,DF,Real Sociedad,24,1996,37.0,2163,2086,70,59,1,14,1,2,0,0,0,0,1897,7,7,Matches,ESP-LALIGA,21-22
6c4776b1,304,Jeremías Ledesma,ARG,GK,Cádiz,28,1993,38.0,1160,703,450,137,0,8,0,0,0,0,0,0,606,7,2,Matches,ESP-LALIGA,21-22
e3fabb0a,305,Wu Lei,CHN,"FW,MF",Espanyol,29,1991,5.3,89,86,2,0,2,1,4,1,0,0,0,0,60,1,0,Matches,ESP-LALIGA,21-22
6eaed4eb,306,Florian Lejeune,FRA,DF,Alavés,30,1991,30.0,1172,1089,78,76,1,52,3,2,0,0,0,0,908,5,9,Matches,ESP-LALIGA,21-22
59b7d823,307,Iñigo Lekue,ESP,DF,Athletic Club,28,1993,21.4,1205,917,283,25,0,19,66,258,0,0,0,0,874,5,30,Matches,ESP-LALIGA,21-22
4dbd0916,308,Thomas Lemar,FRA,MF,Atlético Madrid,25,1995,16.0,791,705,82,22,2,7,90,18,42,16,13,0,621,4,17,Matches,ESP-LALIGA,21-22
755da865,309,Ruben Lendinez,ESP,DF,Valencia,18,2003,1.5,50,46,4,1,0,0,0,3,0,0,0,0,40,0,0,Matches,ESP-LALIGA,21-22
4f28a6ff,310,Clément Lenglet,FRA,DF,Barcelona,26,1995,9.2,820,802,16,12,2,13,1,4,0,0,0,0,743,2,7,Matches,ESP-LALIGA,21-22
38b0cf42,311,Javier Llabrés,ESP,"FW,MF",Mallorca,18,2002,1.5,63,61,2,0,0,1,4,1,1,0,0,0,49,0,0,Matches,ESP-LALIGA,21-22
02c15616,312,Marcos Llorente,ESP,"MF,DF",Atlético Madrid,26,1995,27.2,1327,1158,163,0,1,6,71,161,0,0,0,0,1055,6,34,Matches,ESP-LALIGA,21-22
d7553721,313,Giovani Lo Celso,ARG,"FW,MF",Villarreal,25,1996,11.0,534,503,26,10,4,3,15,1,9,4,0,0,434,5,17,Matches,ESP-LALIGA,21-22
a952a529,314,Julen Lobete,ESP,"FW,MF",Real Sociedad,20,2000,3.2,55,49,6,1,0,0,0,0,0,0,0,0,44,0,0,Matches,ESP-LALIGA,21-22
ed9f7cfe,315,Renan Lodi,BRA,DF,Atlético Madrid,23,1998,13.1,625,524,101,11,0,6,48,88,2,0,0,0,485,0,17,Matches,ESP-LALIGA,21-22
f03f284b,316,David López,ESP,"MF,DF",Espanyol,31,1989,8.3,427,414,13,12,1,1,0,1,0,0,0,0,354,0,6,Matches,ESP-LALIGA,21-22
73683fa9,317,Diego López,ESP,GK,Espanyol,39,1981,35.3,1160,732,425,127,0,4,0,0,0,0,0,0,857,3,0,Matches,ESP-LALIGA,21-22
e9ada8cf,318,Javi López,ESP,DF,Alavés,19,2002,5.1,218,165,52,8,0,2,14,44,0,0,0,0,155,1,3,Matches,ESP-LALIGA,21-22
88050721,319,Unai López,ESP,MF,Rayo Vallecano,25,1995,12.9,841,741,94,33,2,17,62,3,48,20,16,3,690,6,7,Matches,ESP-LALIGA,21-22
bcfc4473,320,Mamadou Loum,SEN,MF,Alavés,24,1996,25.7,835,825,9,9,4,11,4,0,0,0,0,0,606,1,16,Matches,ESP-LALIGA,21-22
38699c72,321,Anthony Lozano,HON,"FW,MF",Cádiz,28,1993,18.6,282,266,16,1,3,2,26,1,0,0,0,0,175,0,9,Matches,ESP-LALIGA,21-22
881cd6be,322,Florentino Luís,POR,MF,Getafe,21,1999,11.0,436,427,7,7,2,7,2,0,0,0,0,0,341,2,12,Matches,ESP-LALIGA,21-22
b05e2dbd,323,José Luis Gayà,ESP,DF,Valencia,26,1995,20.8,903,683,219,31,2,16,94,186,2,1,0,1,650,1,22,Matches,ESP-LALIGA,21-22
4a478107,324,José Luis Morales,ESP,"FW,MF",Levante,34,1987,30.2,774,699,65,12,6,6,121,15,30,10,15,1,497,10,33,Matches,ESP-LALIGA,21-22
acf5410c,325,Luismi,ESP,"FW,MF",Sevilla,20,2001,0.1,7,6,1,0,0,0,0,1,0,0,0,0,3,0,1,Matches,ESP-LALIGA,21-22
3061e1ec,326,Andriy Lunin,UKR,GK,Real Madrid,22,1999,2.0,80,54,26,3,0,0,0,0,0,0,0,0,70,0,0,Matches,ESP-LALIGA,21-22
ed6ea4d9,327,Darwin Machís,VEN,"MF,FW",Granada,28,1993,15.3,429,406,20,1,1,6,66,7,10,4,3,0,273,3,21,Matches,ESP-LALIGA,21-22
5db04597,328,Pablo Maffeo,ESP,DF,Mallorca,24,1997,32.7,1328,1014,306,11,1,4,109,294,1,1,0,0,888,8,31,Matches,ESP-LALIGA,21-22
00b28772,329,Nemanja Maksimović,SRB,MF,Getafe,26,1995,32.6,865,836,22,7,1,5,13,11,1,0,0,0,661,7,12,Matches,ESP-LALIGA,21-22
cb574619,330,Hugo Mallo,ESP,DF,Celta Vigo,30,1991,20.3,1244,1013,225,13,0,2,73,212,0,0,0,0,934,6,27,Matches,ESP-LALIGA,21-22
bbc19252,331,Mickael Malsa,MTQ,MF,Levante,25,1995,12.7,538,524,13,11,4,4,0,2,0,0,0,0,434,1,6,Matches,ESP-LALIGA,21-22
d4b73232,332,Giorgi Mamardashvili,GEO,GK,Valencia,20,2000,18.0,498,269,226,77,0,1,0,0,0,0,0,0,281,3,0,Matches,ESP-LALIGA,21-22
c20bdcd7,333,Reinildo Mandava,MOZ,DF,Atlético Madrid,27,1994,14.4,688,583,104,14,1,5,16,90,0,0,0,0,559,1,8,Matches,ESP-LALIGA,21-22
fbd6378b,334,Aïssa Mandi,ALG,DF,Villarreal,29,1991,15.3,990,952,37,32,0,12,0,1,0,0,0,0,920,1,3,Matches,ESP-LALIGA,21-22
b9d0446f,335,Nikola Maraš,SRB,DF,Rayo Vallecano,25,1995,11.6,457,441,15,14,0,2,0,1,0,0,0,0,370,1,2,Matches,ESP-LALIGA,21-22
603116a7,336,Marcelo,BRA,DF,Real Madrid,33,1988,5.8,466,424,41,5,1,10,29,36,0,0,0,0,385,1,9,Matches,ESP-LALIGA,21-22
b14f755d,337,Iván Marcone,ARG,MF,Elche,31,1990,9.0,432,419,13,12,1,6,1,1,0,0,0,0,355,0,10,Matches,ESP-LALIGA,21-22
9f323c71,338,Óscar de Marcos,ESP,DF,Athletic Club,32,1989,18.7,1145,890,252,25,0,4,48,227,0,0,0,0,867,3,33,Matches,ESP-LALIGA,21-22
6f4c734d,339,José Mari,ESP,MF,Cádiz,33,1987,4.3,193,178,13,10,0,7,1,3,0,0,0,0,160,2,1,Matches,ESP-LALIGA,21-22
f0da930c,340,José María Giménez,URU,DF,Atlético Madrid,26,1995,22.7,929,880,46,44,0,16,1,2,0,0,0,0,820,3,3,Matches,ESP-LALIGA,21-22
5c4dc0ff,341,Mariano,DOM,FW,Real Madrid,27,1993,3.8,61,54,7,0,2,1,1,0,0,0,0,0,42,0,2,Matches,ESP-LALIGA,21-22
e7630876,342,Mika Màrmol,ESP,DF,Barcelona,19,2002,0.0,5,5,0,0,0,0,0,0,0,0,0,0,4,0,0,Matches,ESP-LALIGA,21-22
0ae4e09a,343,Roger Martí,ESP,FW,Levante,30,1991,23.5,462,409,49,0,5,4,10,0,0,0,0,0,313,4,14,Matches,ESP-LALIGA,21-22
8b788c01,344,Anthony Martial,FRA,"FW,MF",Sevilla,25,1995,5.4,158,151,7,0,0,1,6,1,0,0,0,0,129,0,1,Matches,ESP-LALIGA,21-22
cbec0059,345,Martín,ESP,MF,Cádiz,22,1999,1.3,48,46,2,1,0,0,3,0,1,1,0,0,34,0,0,Matches,ESP-LALIGA,21-22
e1e75690,346,Ander Martin,ESP,"FW,MF",Real Sociedad,20,2000,1.0,49,44,5,2,2,0,5,1,2,1,0,0,36,0,2,Matches,ESP-LALIGA,21-22
2ae30661,347,Andrés Martín,ESP,"FW,MF",Rayo Vallecano,22,1999,2.1,35,30,5,1,0,0,2,0,1,1,0,0,21,0,2,Matches,ESP-LALIGA,21-22
64035864,348,Carlos Martín,ESP,DF,Atlético Madrid,19,2002,0.1,2,2,0,0,0,0,0,0,0,0,0,0,1,0,0,Matches,ESP-LALIGA,21-22
ae48c5cb,349,Iván Martín,ESP,"MF,FW",Alavés,22,1999,1.8,65,64,1,0,0,0,3,1,0,0,0,0,51,0,2,Matches,ESP-LALIGA,21-22
3fc45c73,350,Iñigo Martínez,ESP,DF,Athletic Club,30,1991,26.0,1213,1123,85,81,0,42,11,4,0,0,0,0,952,5,12,Matches,ESP-LALIGA,21-22
3672b352,351,Javi Martínez,ESP,"MF,FW",Osasuna,21,1999,9.8,398,378,18,5,0,3,31,4,5,2,2,0,291,2,15,Matches,ESP-LALIGA,21-22
ecc77652,352,Pablo Martínez,ESP,MF,Levante,23,1998,7.3,258,242,14,7,3,7,14,3,1,1,0,0,177,2,7,Matches,ESP-LALIGA,21-22
11fd2b75,353,Omar Mascarell,EQG,MF,Elche,28,1993,27.7,1234,1189,45,42,2,15,5,2,0,0,0,0,1051,0,16,Matches,ESP-LALIGA,21-22
02319ad7,354,Jaime Mata,ESP,FW,Getafe,32,1988,7.5,207,196,9,0,0,1,10,2,0,0,0,0,135,2,8,Matches,ESP-LALIGA,21-22
3318286e,355,Luís Maximiano,POR,GK,Granada,22,1999,34.8,1177,708,466,131,0,2,0,0,0,0,0,0,641,3,0,Matches,ESP-LALIGA,21-22
64e8ed6d,356,Borja Mayoral,ESP,FW,Getafe,24,1997,11.6,260,243,17,1,0,0,7,0,0,0,0,0,189,0,8,Matches,ESP-LALIGA,21-22
4887118d,357,Jordi Mboula,ESP,FW,Mallorca,22,1999,4.8,90,88,2,0,0,0,12,2,0,0,0,0,52,0,4,Matches,ESP-LALIGA,21-22
379652be,358,Óscar Melendo,ESP,"MF,FW",Espanyol,23,1997,11.0,436,421,12,2,3,1,4,3,1,0,0,0,392,3,6,Matches,ESP-LALIGA,21-22
3902e91b,359,Gonzalo Melero,ESP,MF,Levante,27,1994,18.8,778,759,16,12,5,5,3,4,0,0,0,0,657,3,9,Matches,ESP-LALIGA,21-22
8f696594,360,Memphis,NED,FW,Barcelona,27,1994,20.6,945,784,154,37,2,7,125,4,89,33,24,0,705,7,16,Matches,ESP-LALIGA,21-22
45f771db,361,Tomás Mendes,ESP,MF,Alavés,16,2004,0.1,5,4,1,1,0,0,0,0,0,0,0,0,4,0,0,Matches,ESP-LALIGA,21-22
c9e39d91,362,Brais Méndez,ESP,MF,Celta Vigo,24,1997,33.6,1528,1480,39,19,13,21,41,17,2,0,2,0,1195,9,37,Matches,ESP-LALIGA,21-22
aed746df,363,Édgar Méndez,ESP,"FW,MF",Alavés,31,1990,17.9,444,421,22,1,1,6,59,11,1,0,0,0,257,1,23,Matches,ESP-LALIGA,21-22
3cefcaef,364,Ferland Mendy,FRA,DF,Real Madrid,26,1995,19.3,1351,1201,148,13,1,5,28,135,0,0,0,0,1226,2,22,Matches,ESP-LALIGA,21-22
0e50f929,365,Fran Mérida,ESP,MF,Espanyol,31,1990,3.0,177,162,14,9,2,3,8,0,4,1,3,0,119,1,2,Matches,ESP-LALIGA,21-22
d080ed5e,366,Mikel Merino,ESP,MF,Real Sociedad,25,1996,32.1,1768,1724,30,27,13,13,23,3,0,0,0,0,1351,14,35,Matches,ESP-LALIGA,21-22
ddd5348b,367,Martín Merquelanz,ESP,"FW,MF",Rayo Vallecano,26,1995,1.9,69,60,9,4,0,1,12,0,5,3,2,0,48,0,5,Matches,ESP-LALIGA,21-22
9fc0f253,368,Matt Miazga,USA,DF,Alavés,26,1995,9.3,321,303,18,16,0,5,0,2,0,0,0,0,244,0,1,Matches,ESP-LALIGA,21-22
6763373d,369,Miguel,ESP,"FW,MF",Alavés,21,1999,9.2,161,149,10,0,0,0,6,1,0,0,0,0,103,2,10,Matches,ESP-LALIGA,21-22
2784f898,370,Éder Militão,BRA,DF,Real Madrid,23,1998,33.7,2037,1905,120,57,5,28,11,21,0,0,0,0,1801,12,18,Matches,ESP-LALIGA,21-22
19c36442,371,Luis Milla,ESP,MF,Granada,26,1994,30.8,1464,1251,206,106,5,30,132,2,70,34,26,1,1150,7,16,Matches,ESP-LALIGA,21-22
335039a2,372,Pere Milla,ESP,"MF,FW",Elche,28,1992,18.3,515,493,18,0,3,3,13,9,1,1,0,0,367,4,11,Matches,ESP-LALIGA,21-22
0b90bb97,373,Santi Mina,ESP,FW,Celta Vigo,25,1995,26.3,662,639,17,1,2,8,12,11,0,0,0,0,432,6,12,Matches,ESP-LALIGA,21-22
056269d7,374,Óscar Mingueza,ESP,DF,Barcelona,22,1999,9.9,754,678,76,7,2,1,32,68,0,0,0,0,652,0,6,Matches,ESP-LALIGA,21-22
bbf5c11b,375,Rafa Mir,ESP,FW,Sevilla,24,1997,20.1,353,313,39,1,1,1,9,0,0,0,0,0,234,1,17,Matches,ESP-LALIGA,21-22
7f4c7c9f,376,Jorge Miramón,ESP,DF,Levante,32,1989,22.0,1046,826,216,7,2,6,49,209,0,0,0,0,793,4,24,Matches,ESP-LALIGA,21-22
ead61f73,377,Juan Miranda,ESP,DF,Betis,21,2000,8.7,514,405,106,11,0,0,28,95,0,0,0,0,385,3,6,Matches,ESP-LALIGA,21-22
e6777e6b,378,Stefan Mitrović,SRB,DF,Getafe,31,1990,29.6,905,844,59,59,0,5,0,0,0,0,0,0,710,2,2,Matches,ESP-LALIGA,21-22
6025fab1,379,Luka Modrić,CRO,MF,Real Madrid,35,1985,22.6,1706,1587,112,64,11,35,48,12,30,10,7,0,1500,7,28,Matches,ESP-LALIGA,21-22
608f2092,380,Johan Mojica,COL,DF,Elche,28,1992,31.7,1863,1509,348,30,0,20,158,316,2,0,2,0,1400,6,59,Matches,ESP-LALIGA,21-22
43f71e77,381,Jorge Molina,ESP,FW,Granada,39,1982,21.8,522,505,13,0,6,0,9,2,1,0,0,0,331,4,16,Matches,ESP-LALIGA,21-22
9939e168,382,Jon Moncayola,ESP,MF,Osasuna,23,1998,32.4,1411,1301,101,57,1,25,98,15,28,13,14,0,1104,9,22,Matches,ESP-LALIGA,21-22
8ac501f5,383,Monchu,ESP,MF,Granada,21,1999,7.4,340,327,13,8,0,3,6,2,3,2,0,0,271,0,1,Matches,ESP-LALIGA,21-22
374d5158,384,Gonzalo Montiel,ARG,DF,Sevilla,24,1997,11.8,684,584,96,5,0,2,33,91,0,0,0,0,524,4,21,Matches,ESP-LALIGA,21-22
719384c1,385,Ángel Montoro,ESP,MF,Granada,33,1988,14.8,664,574,89,51,1,11,45,1,27,10,14,0,493,1,10,Matches,ESP-LALIGA,21-22
5cec2487,386,Martín Montoya,ESP,DF,Betis,30,1991,5.8,317,274,43,5,0,5,13,38,0,0,0,0,251,0,4,Matches,ESP-LALIGA,21-22
b7d7f3bf,387,Jon Morcillo,ESP,"MF,FW",Athletic Club,22,1998,0.6,33,32,1,0,0,0,7,0,1,0,0,0,20,0,2,Matches,ESP-LALIGA,21-22
11b9265b,388,Alberto Moreno,ESP,"MF,DF",Villarreal,29,1992,13.6,617,550,58,17,3,2,47,28,13,7,0,0,493,9,16,Matches,ESP-LALIGA,21-22
16e9d0ea,389,Álex Moreno,ESP,DF,Betis,28,1993,26.7,1389,1113,271,17,0,5,84,253,1,0,0,0,1016,5,35,Matches,ESP-LALIGA,21-22
81f0781e,390,Gerard Moreno,ESP,FW,Villarreal,29,1992,13.2,453,437,12,1,10,7,12,5,0,0,0,0,309,4,26,Matches,ESP-LALIGA,21-22
004d185e,391,Tete Morente,ESP,MF,Elche,24,1996,18.1,579,553,26,6,2,5,74,9,8,2,5,0,393,0,21,Matches,ESP-LALIGA,21-22
f4c69aa6,392,Ilaix Moriba,GUI,MF,Valencia,18,2003,9.1,285,276,6,5,2,5,3,1,0,0,0,0,216,3,5,Matches,ESP-LALIGA,21-22
a0255c67,393,Manu Morlanes,ESP,MF,Espanyol,22,1999,12.7,657,625,28,25,0,6,6,2,1,0,0,0,561,4,6,Matches,ESP-LALIGA,21-22
3aa4a3be,394,Loren Morón,ESP,"FW,MF",Espanyol,27,1993,6.3,92,86,4,0,0,0,5,0,0,0,0,0,51,2,9,Matches,ESP-LALIGA,21-22
3aa4a3be,395,Loren Morón,ESP,FW,Betis,27,1993,0.0,0,0,0,0,0,0,0,0,0,0,0,0,0,0,0,Matches,ESP-LALIGA,21-22
dc1ce4f5,396,Cristhian Mosquera,ESP,DF,Valencia,17,2004,2.4,76,73,3,2,0,1,0,0,0,0,0,0,65,0,0,Matches,ESP-LALIGA,21-22
9e098912,397,Toni Moya,ESP,MF,Alavés,23,1998,15.4,594,481,109,56,4,13,81,0,51,17,29,0,408,4,10,Matches,ESP-LALIGA,21-22
c05dfb74,398,Iker Muniain,ESP,MF,Athletic Club,28,1992,30.9,1580,1280,288,97,8,6,173,22,132,26,66,0,1235,12,21,Matches,ESP-LALIGA,21-22
228b0d9d,399,Aihen Muñoz,ESP,DF,Real Sociedad,23,1997,14.9,772,607,163,24,0,2,39,138,1,0,1,0,577,2,20,Matches,ESP-LALIGA,21-22
b233e8e4,400,Jeison Murillo,COL,DF,Celta Vigo,29,1992,12.4,699,674,23,22,0,6,1,1,0,0,0,0,621,2,2,Matches,ESP-LALIGA,21-22
0cadc46d,401,Vedat Muriqi,KVX,FW,Mallorca,27,1994,16.0,458,447,10,0,2,3,7,0,0,0,0,0,245,1,16,Matches,ESP-LALIGA,21-22
b51b1b9c,402,Yunus Musah,USA,"MF,FW",Valencia,18,2002,14.0,384,360,20,3,0,6,29,11,2,0,0,1,277,4,17,Matches,ESP-LALIGA,21-22
3f2d59fe,403,Shkodran Mustafi,GER,DF,Levante,29,1992,7.3,368,346,20,18,0,8,0,1,0,0,0,0,287,2,3,Matches,ESP-LALIGA,21-22
2946f9a1,404,Nacho,ESP,DF,Real Madrid,31,1990,17.3,1047,970,75,23,0,5,11,42,0,0,0,0,962,2,6,Matches,ESP-LALIGA,21-22
c997b942,405,Roberto Navarro,ESP,"MF,FW",Real Sociedad,19,2002,2.2,93,87,4,2,0,1,2,1,1,0,0,0,76,2,3,Matches,ESP-LALIGA,21-22
8db394aa,406,Ximo Navarro,ESP,DF,Alavés,31,1990,15.0,587,447,138,11,2,7,29,127,0,0,0,0,414,2,11,Matches,ESP-LALIGA,21-22
3f10bd22,407,Jesús Navas,ESP,DF,Sevilla,35,1985,19.8,1413,1201,208,16,0,17,112,192,0,0,0,0,1095,4,31,Matches,ESP-LALIGA,21-22
63b0ca6b,408,Álvaro Negredo,ESP,FW,Cádiz,35,1985,24.0,542,509,32,0,4,12,15,3,0,0,0,0,321,1,17,Matches,ESP-LALIGA,21-22
a9dc785c,409,Neto,BRA,GK,Barcelona,32,1989,3.0,130,101,29,5,0,0,0,0,0,0,0,0,106,0,0,Matches,ESP-LALIGA,21-22
8d47bb39,410,Carlos Neva,ESP,DF,Granada,25,1996,23.4,955,699,252,18,0,2,84,234,0,0,0,0,676,4,37,Matches,ESP-LALIGA,21-22
c14bc029,411,Saúl Ñíguez,ESP,"FW,MF",Atlético Madrid,26,1994,2.2,117,95,22,1,0,0,5,21,0,0,0,0,95,0,1,Matches,ESP-LALIGA,21-22
81d5c497,412,Fernando Niño,ESP,FW,Mallorca,20,2000,9.8,216,193,20,0,1,0,1,0,0,0,0,0,145,3,4,Matches,ESP-LALIGA,21-22
857cb4f3,413,Peru Nolaskoain,ESP,DF,Athletic Club,22,1998,0.0,2,2,0,0,0,0,0,0,0,0,0,0,2,0,0,Matches,ESP-LALIGA,21-22
b2d0ec1b,414,Nolito,ESP,MF,Celta Vigo,34,1986,15.4,552,534,17,6,5,3,18,5,5,4,0,0,418,1,13,Matches,ESP-LALIGA,21-22
a6103274,415,Randy Nteka,ANG,"FW,MF",Rayo Vallecano,23,1997,16.2,413,395,13,2,4,0,9,4,0,0,0,0,271,5,14,Matches,ESP-LALIGA,21-22
be170419,416,Unai Núñez,ESP,DF,Athletic Club,24,1997,6.9,339,326,13,12,0,7,1,1,0,0,0,0,292,0,1,Matches,ESP-LALIGA,21-22
97572117,417,Allan Nyom,CMR,DF,Getafe,33,1988,2.7,89,66,23,1,0,2,3,22,0,0,0,0,61,0,0,Matches,ESP-LALIGA,21-22
ee8508c0,418,Jan Oblak,SVN,GK,Atlético Madrid,28,1993,38.0,1094,700,393,110,0,2,0,0,0,0,0,0,640,1,0,Matches,ESP-LALIGA,21-22
a08b974a,419,Lucas Ocampos,ARG,FW,Sevilla,27,1994,23.6,864,781,73,3,0,14,63,68,2,0,1,0,656,10,17,Matches,ESP-LALIGA,21-22
4cee5954,420,Lucas Olaza,URU,DF,Elche,27,1994,3.3,211,170,40,2,0,1,16,34,4,4,0,0,162,1,5,Matches,ESP-LALIGA,21-22
b5bdf144,421,Oier Olazábal,ESP,GK,Espanyol,31,1989,1.5,43,27,16,6,0,0,0,0,0,0,0,0,24,0,0,Matches,ESP-LALIGA,21-22
a3e4bf46,422,Brian Oliván,ESP,DF,Mallorca,27,1994,24.3,1025,796,222,23,1,12,73,188,9,3,2,0,654,7,24,Matches,ESP-LALIGA,21-22
41c12f75,423,Mathías Olivera,URU,DF,Getafe,23,1997,31.1,1430,1094,332,21,0,6,63,311,0,0,0,0,1017,4,42,Matches,ESP-LALIGA,21-22
a83d8b0c,424,Javier Ontiveros,ESP,"FW,MF",Osasuna,23,1997,0.4,32,31,1,1,0,0,3,0,0,0,0,0,24,0,1,Matches,ESP-LALIGA,21-22
f9358b61,425,Pedro Ortiz,ESP,MF,Sevilla,20,2000,0.1,14,14,0,0,1,1,0,0,0,0,0,0,14,0,0,Matches,ESP-LALIGA,21-22
375ed9d7,426,Milutin Osmajić,MNE,"FW,MF",Cádiz,22,1999,2.9,48,43,5,0,0,0,2,0,0,0,0,0,25,0,2,Matches,ESP-LALIGA,21-22
d6e3d7fb,427,Jesús Owono,EQG,GK,Alavés,20,2001,1.0,23,19,4,1,0,0,0,0,0,0,0,0,11,0,0,Matches,ESP-LALIGA,21-22
8c3c640c,428,Mikel Oyarzabal,ESP,"FW,MF",Real Sociedad,24,1997,18.6,637,530,101,31,2,4,110,10,57,28,24,1,416,6,32,Matches,ESP-LALIGA,21-22
97852360,429,Fernando Pacheco,ESP,GK,Alavés,29,1992,33.9,1032,606,423,115,0,1,0,0,0,0,0,0,649,3,0,Matches,ESP-LALIGA,21-22
44150beb,430,Jon Pacheco,ESP,DF,Real Sociedad,20,2001,4.2,230,216,12,10,0,4,0,2,0,0,0,0,193,2,1,Matches,ESP-LALIGA,21-22
ac8b2421,431,Helibelton Palacios,COL,DF,Elche,28,1993,21.5,944,747,196,17,0,1,37,179,0,0,0,0,715,1,33,Matches,ESP-LALIGA,21-22
49dbab27,432,Isaac Palazón Camacho,ESP,"FW,MF",Rayo Vallecano,26,1994,25.4,895,821,65,22,9,15,70,3,40,10,19,0,623,9,21,Matches,ESP-LALIGA,21-22
7460ca0d,433,Daniel Parejo,ESP,MF,Villarreal,32,1989,30.0,2149,1866,270,140,11,35,143,3,127,60,35,2,1799,13,37,Matches,ESP-LALIGA,21-22
647d39d2,434,Raúl Parra,ESP,DF,Cádiz,21,1999,1.0,32,24,7,1,0,0,0,6,0,0,0,0,20,1,3,Matches,ESP-LALIGA,21-22
881ef58c,435,Javier Pastore,ARG,"MF,FW",Elche,32,1989,5.8,283,274,8,3,3,3,8,4,1,1,0,0,216,1,8,Matches,ESP-LALIGA,21-22
b7ca5c51,436,Gabriel Paulista,BRA,DF,Valencia,30,1990,17.7,639,574,63,52,1,16,0,1,0,0,0,0,495,2,6,Matches,ESP-LALIGA,21-22
63f04c6c,437,Alfonso Pedraza,ESP,DF,Villarreal,25,1996,18.9,1012,824,183,9,0,5,101,174,0,0,0,0,723,5,51,Matches,ESP-LALIGA,21-22
0d9b2d31,438,Pedri,ESP,MF,Barcelona,18,2002,9.8,606,577,25,3,5,6,18,5,17,4,9,0,513,4,18,Matches,ESP-LALIGA,21-22
112521d1,439,Adrià Pedrosa,ESP,DF,Espanyol,23,1998,30.2,1265,1023,241,24,0,7,115,216,1,0,1,0,935,1,37,Matches,ESP-LALIGA,21-22
ac7e7b1c,440,Facundo Pellistri,URU,"MF,FW",Alavés,19,2001,7.5,148,144,4,2,0,0,13,0,0,0,0,0,105,0,8,Matches,ESP-LALIGA,21-22
1f079188,441,Rubén Peña,ESP,"MF,FW",Villarreal,30,1991,1.5,52,49,3,0,0,0,6,2,1,1,0,0,38,0,3,Matches,ESP-LALIGA,21-22
5496cc91,442,Alberto Perea,ESP,MF,Cádiz,30,1990,8.6,372,344,28,6,2,2,48,13,9,9,0,0,272,0,8,Matches,ESP-LALIGA,21-22
bc61cc65,443,Iñigo Pérez,ESP,MF,Osasuna,33,1988,3.8,153,129,23,5,1,5,31,2,16,5,9,1,96,1,2,Matches,ESP-LALIGA,21-22
8f29e08b,444,Juan Pérez,ESP,GK,Osasuna,25,1996,2.0,41,29,12,3,0,0,0,0,0,0,0,0,20,0,0,Matches,ESP-LALIGA,21-22
237a3851,445,Kike Pérez,ESP,"MF,FW",Elche,24,1997,5.8,248,232,12,5,4,4,7,2,4,1,3,0,181,4,9,Matches,ESP-LALIGA,21-22
a300ac7e,446,Lucas Pérez,ESP,FW,Elche,32,1988,14.1,383,328,50,20,4,5,45,3,20,8,9,0,274,5,6,Matches,ESP-LALIGA,21-22
a300ac7e,447,Lucas Pérez,ESP,"FW,MF",Cádiz,32,1988,11.8,389,301,83,17,4,7,67,2,54,25,16,0,277,5,4,Matches,ESP-LALIGA,21-22
0cb29e91,448,Njegoš Petrović,SRB,MF,Granada,22,1999,10.2,338,332,5,3,1,2,5,2,0,0,0,0,266,1,10,Matches,ESP-LALIGA,21-22
97d08e60,449,Alex Petxa,ESP,"DF,MF",Athletic Club,24,1997,4.6,267,217,49,6,2,3,13,43,0,0,0,0,193,1,3,Matches,ESP-LALIGA,21-22
8c725b43,450,Germán Pezzella,ARG,DF,Betis,30,1991,22.1,1032,981,47,43,0,6,1,4,0,0,0,0,898,4,3,Matches,ESP-LALIGA,21-22
48e89655,451,Pablo Piatti,ARG,"MF,FW",Elche,32,1989,3.5,101,98,3,2,0,0,3,1,0,0,0,0,75,0,3,Matches,ESP-LALIGA,21-22
32c0491f,452,Cristiano Piccini,ITA,DF,Valencia,28,1992,3.6,141,107,34,0,0,6,8,34,0,0,0,0,95,0,4,Matches,ESP-LALIGA,21-22
e54bd0a2,453,Tomás Pina Isla,ESP,MF,Alavés,33,1987,16.0,586,580,3,2,1,4,5,1,0,0,0,0,455,3,15,Matches,ESP-LALIGA,21-22
411fabd7,454,Orbelín Pineda,MEX,"MF,FW",Celta Vigo,25,1996,1.1,66,63,2,2,0,1,0,0,0,0,0,0,57,1,2,Matches,ESP-LALIGA,21-22
540ec57b,455,Yeremi Pino,ESP,"MF,FW",Villarreal,18,2002,18.6,530,523,5,1,1,2,15,1,1,0,0,0,409,2,25,Matches,ESP-LALIGA,21-22
adfc9123,456,Gerard Piqué,ESP,DF,Barcelona,34,1987,23.2,1688,1625,57,47,2,27,0,5,0,0,0,0,1514,6,7,Matches,ESP-LALIGA,21-22
ccbbe661,457,Ezequiel Ponce,ARG,FW,Elche,24,1997,7.4,164,156,8,0,1,2,6,1,0,0,0,0,123,0,6,Matches,ESP-LALIGA,21-22
29b61deb,458,Pere Pons,ESP,MF,Alavés,28,1993,15.2,374,351,19,4,0,2,8,2,0,0,0,0,267,4,10,Matches,ESP-LALIGA,21-22
1bda5842,459,Portu,ESP,"FW,MF",Real Sociedad,29,1992,17.7,486,462,22,2,3,0,35,9,7,2,1,0,353,2,18,Matches,ESP-LALIGA,21-22
474ecac8,460,Sergio Postigo,ESP,DF,Levante,32,1988,9.4,364,343,21,17,0,1,0,1,0,0,0,0,304,0,2,Matches,ESP-LALIGA,21-22
cbdf7d5c,461,Darío Poveda,ESP,"FW,MF",Getafe,24,1997,4.2,86,81,4,0,0,0,5,0,0,0,0,0,48,1,1,Matches,ESP-LALIGA,21-22
fc8b614b,462,José Pozo,ESP,"MF,DF",Rayo Vallecano,25,1996,0.8,53,51,0,0,2,0,2,0,0,0,0,0,46,2,0,Matches,ESP-LALIGA,21-22
d1b060e2,463,Abdón Prats,ESP,FW,Mallorca,28,1992,7.1,156,139,17,1,0,2,2,0,0,0,0,0,104,0,5,Matches,ESP-LALIGA,21-22
f38284bb,464,Alejandro Primo,ESP,GK,Levante,17,2004,1.0,25,16,9,1,0,0,0,0,0,0,0,0,20,0,0,Matches,ESP-LALIGA,21-22
2683eda7,465,Javi Puado,ESP,"MF,FW",Espanyol,23,1998,24.9,638,619,17,1,4,5,18,9,0,0,0,0,520,2,15,Matches,ESP-LALIGA,21-22
365113c0,466,Marc Pubill,ESP,"DF,MF",Levante,18,2003,5.7,269,212,56,5,0,0,15,51,0,0,0,0,209,1,9,Matches,ESP-LALIGA,21-22
c77a8043,467,Antonio Puertas,ESP,"MF,FW",Granada,29,1992,25.1,690,651,36,2,3,5,42,31,2,0,0,0,482,3,29,Matches,ESP-LALIGA,21-22
f090a37a,468,Riqui Puig,ESP,MF,Barcelona,21,1999,5.4,453,443,9,6,0,2,1,1,1,0,0,0,418,1,5,Matches,ESP-LALIGA,21-22
3b3cbebb,469,Yacine Qasmi,MAR,FW,Rayo Vallecano,30,1991,0.0,2,2,0,0,0,0,0,0,0,0,0,0,1,0,0,Matches,ESP-LALIGA,21-22
7a538238,470,Quini,ESP,DF,Granada,31,1989,25.6,972,739,228,5,1,6,72,223,0,0,0,0,663,5,27,Matches,ESP-LALIGA,21-22
ea6a7ab4,471,Dani Raba,ESP,"MF,FW",Villarreal,25,1995,1.0,48,35,13,5,2,0,10,1,4,2,2,0,29,0,0,Matches,ESP-LALIGA,21-22
ea6a7ab4,472,Dani Raba,ESP,"MF,FW",Granada,25,1995,0.3,3,3,0,0,1,0,0,0,0,0,0,0,2,0,0,Matches,ESP-LALIGA,21-22
faed84db,473,Uroš Račić,SRB,MF,Valencia,23,1998,13.4,506,494,11,8,0,15,5,1,0,0,0,0,370,1,7,Matches,ESP-LALIGA,21-22
b5dd3469,474,Nemanja Radoja,SRB,MF,Levante,28,1993,13.5,460,451,9,5,0,4,5,1,0,0,0,0,384,0,14,Matches,ESP-LALIGA,21-22
0c2ac3cb,475,Rafinha,BRA,MF,Real Sociedad,28,1993,11.7,677,645,29,16,2,2,21,1,11,5,5,0,582,3,9,Matches,ESP-LALIGA,21-22
b857bd29,476,Antonio Raillo,ESP,DF,Mallorca,29,1991,17.0,624,591,31,30,0,7,1,1,0,0,0,0,532,2,5,Matches,ESP-LALIGA,21-22
89f951b5,477,Ivan Rakitić,CRO,MF,Sevilla,33,1988,24.2,1660,1501,155,85,5,50,83,17,52,3,39,1,1380,4,34,Matches,ESP-LALIGA,21-22
be3a0121,478,Jonás Ramalho,ESP,DF,Osasuna,28,1993,2.7,134,113,21,0,0,0,5,21,0,0,0,0,97,0,4,Matches,ESP-LALIGA,21-22
833fb62e,479,Sandro Ramírez,ESP,FW,Getafe,26,1995,16.2,389,357,31,3,1,2,39,7,5,4,0,0,280,1,13,Matches,ESP-LALIGA,21-22
18f0a9f0,480,Raúl,ESP,"FW,DF",Betis,20,2000,0.0,1,1,0,0,0,0,0,0,0,0,0,0,0,0,0,Matches,ESP-LALIGA,21-22
c31ea173,481,Lluís Recasens,ESP,DF,Espanyol,19,2002,0.5,11,11,0,0,0,0,0,0,0,0,0,0,6,0,0,Matches,ESP-LALIGA,21-22
605eb473,482,Manolo Reina,ESP,GK,Mallorca,36,1985,21.0,646,362,279,91,0,2,0,0,0,0,0,0,412,5,0,Matches,ESP-LALIGA,21-22
3376a776,483,Karim Rekik,NED,DF,Sevilla,26,1994,12.2,777,732,43,6,1,1,6,37,0,0,0,0,693,2,4,Matches,ESP-LALIGA,21-22
374ee424,484,Álex Remiro,ESP,GK,Real Sociedad,26,1995,35.0,1259,904,352,111,0,2,0,0,0,0,0,0,949,3,0,Matches,ESP-LALIGA,21-22
ce8039aa,485,Nico Ribaudo,ESP,"MF,FW",Espanyol,20,2001,12.4,432,417,14,4,1,5,16,3,7,5,0,0,368,1,2,Matches,ESP-LALIGA,21-22
d9ba39fc,486,Diego Rico,ESP,DF,Real Sociedad,28,1993,18.3,1133,889,237,25,0,3,57,211,1,0,1,0,849,7,32,Matches,ESP-LALIGA,21-22
5f0241b2,487,Sergio Rico,ESP,GK,Mallorca,27,1993,14.0,360,221,139,49,0,1,0,0,0,0,0,0,245,0,0,Matches,ESP-LALIGA,21-22
eb3dd471,488,Luis Rioja,ESP,"MF,FW",Alavés,27,1993,34.6,932,853,72,30,5,0,170,17,25,8,14,0,560,7,52,Matches,ESP-LALIGA,21-22
c00097d2,489,Rober,ESP,DF,Levante,26,1995,22.3,1048,1012,34,32,0,5,6,2,0,0,0,0,832,2,10,Matches,ESP-LALIGA,21-22
335fa267,490,Sergi Roberto,ESP,"MF,DF",Barcelona,29,1992,4.4,257,240,17,7,0,0,9,10,0,0,0,0,230,0,3,Matches,ESP-LALIGA,21-22
ecd8c01e,491,Rubén Rochina,ESP,"MF,FW",Granada,30,1991,8.3,383,338,40,17,3,15,36,4,17,8,4,0,259,5,12,Matches,ESP-LALIGA,21-22
37f827ec,492,Enzo Roco,CHI,DF,Elche,28,1992,28.4,1158,1087,66,66,0,22,1,0,0,0,0,0,949,5,12,Matches,ESP-LALIGA,21-22
85bed4ee,493,Rodri,ESP,FW,Betis,21,2000,9.8,415,410,5,2,5,2,10,2,1,0,0,0,337,0,10,Matches,ESP-LALIGA,21-22
f1bed920,494,Kévin Rodrigues,POR,"DF,FW",Rayo Vallecano,27,1994,4.8,229,172,56,7,0,1,10,48,1,1,0,0,162,1,5,Matches,ESP-LALIGA,21-22
8cfc2f69,495,Ángel Rodríguez,ESP,"FW,MF",Mallorca,34,1987,17.2,263,251,11,0,2,2,10,1,0,0,0,0,187,1,13,Matches,ESP-LALIGA,21-22
19709006,496,Óscar Rodríguez Arnaiz,ESP,"MF,FW",Getafe,23,1998,10.5,429,385,43,25,2,9,43,4,14,7,6,0,316,1,9,Matches,ESP-LALIGA,21-22
19709006,497,Óscar Rodríguez Arnaiz,ESP,"FW,MF",Sevilla,23,1998,4.6,214,197,16,3,1,5,15,1,12,1,7,0,168,1,6,Matches,ESP-LALIGA,21-22
70f8e0bd,498,Dani Rodríguez,ESP,"MF,FW",Mallorca,33,1988,31.5,951,884,65,23,11,8,55,8,26,12,3,0,716,2,31,Matches,ESP-LALIGA,21-22
34e393f2,499,Guido Rodríguez,ARG,MF,Betis,27,1994,28.1,1458,1404,53,50,3,21,4,3,0,0,0,0,1245,1,25,Matches,ESP-LALIGA,21-22
8f5e92a6,500,Rodrygo,BRA,FW,Real Madrid,20,2001,16.9,682,635,41,3,1,1,41,9,27,5,10,0,555,6,18,Matches,ESP-LALIGA,21-22
924ff27e,501,Leo Román,ESP,GK,Mallorca,21,2000,2.0,67,45,22,6,0,0,0,0,0,0,0,0,47,0,0,Matches,ESP-LALIGA,21-22
2fbe6af0,502,Iván Romero,ESP,FW,Sevilla,20,2001,2.0,34,30,4,1,0,0,0,0,0,0,0,0,28,0,2,Matches,ESP-LALIGA,21-22
7868c973,503,Unai Ropero,ESP,MF,Alavés,19,2001,0.1,1,1,0,0,0,0,0,0,0,0,0,0,1,0,0,Matches,ESP-LALIGA,21-22
35d4f151,504,Rubén,ESP,DF,Espanyol,20,2001,1.7,69,55,14,0,1,1,9,14,0,0,0,0,45,0,2,Matches,ESP-LALIGA,21-22
a55d8df5,505,Aitor Ruibal,ESP,"FW,DF",Betis,25,1996,9.5,341,310,25,2,0,1,17,23,0,0,0,0,258,6,10,Matches,ESP-LALIGA,21-22
6e36226f,506,Isma Ruiz,ESP,MF,Granada,20,2001,3.1,124,124,0,0,1,0,1,0,0,0,0,0,103,0,2,Matches,ESP-LALIGA,21-22
b3dc6eca,507,Víctor Ruiz,ESP,DF,Betis,32,1989,15.8,896,858,36,32,0,8,0,4,0,0,0,0,778,2,6,Matches,ESP-LALIGA,21-22
625c144a,508,Gerónimo Rulli,ARG,GK,Villarreal,29,1992,32.0,1288,982,305,91,0,2,0,0,0,0,0,0,1051,1,1,Matches,ESP-LALIGA,21-22
b75ac54b,509,Franco Russo,ARG,DF,Mallorca,26,1994,16.3,644,602,41,34,0,5,1,2,0,0,0,0,491,1,6,Matches,ESP-LALIGA,21-22
4535e4bb,510,Mathew Ryan,AUS,GK,Real Sociedad,29,1992,3.0,107,73,34,15,0,0,0,0,0,0,0,0,67,0,0,Matches,ESP-LALIGA,21-22
fbbb9269,511,Youssouf Sabaly,SEN,DF,Betis,28,1993,8.8,497,423,74,3,0,0,17,71,0,0,0,0,414,0,13,Matches,ESP-LALIGA,21-22
405f267a,512,Salvi,ESP,"MF,FW",Cádiz,30,1991,15.5,360,339,19,3,2,1,65,14,2,0,2,0,212,2,16,Matches,ESP-LALIGA,21-22
efecd633,513,Fede San Emeterio,ESP,MF,Cádiz,24,1997,9.2,348,343,4,4,2,1,0,0,0,0,0,0,281,1,10,Matches,ESP-LALIGA,21-22
bdb624a3,514,Oihan Sancet,ESP,FW,Athletic Club,21,2000,15.8,450,437,12,1,10,7,10,3,1,0,0,0,347,1,6,Matches,ESP-LALIGA,21-22
a254bbe0,515,Antonio Sánchez,ESP,"MF,FW",Mallorca,24,1997,18.0,670,644,26,10,1,3,16,3,0,0,0,0,519,0,15,Matches,ESP-LALIGA,21-22
ea9b2ef9,516,Germán Sánchez,ESP,DF,Granada,34,1986,25.5,1049,992,55,47,0,9,1,5,0,0,0,0,781,2,4,Matches,ESP-LALIGA,21-22
ffacd3d5,517,Manu Sánchez,ESP,DF,Osasuna,20,2000,25.1,1164,923,239,6,1,6,70,233,0,0,0,0,868,2,37,Matches,ESP-LALIGA,21-22
466824fb,518,Oier Sanjurjo,ESP,MF,Osasuna,35,1986,8.4,324,320,3,0,0,1,11,3,0,0,0,0,228,1,7,Matches,ESP-LALIGA,21-22
bc49fd34,519,Jesús Santiago,ESP,MF,Valencia,17,2004,0.9,35,33,2,0,0,0,0,0,0,0,0,0,28,0,0,Matches,ESP-LALIGA,21-22
cf59e05f,520,Sergio Santos,ESP,DF,Real Madrid,20,2001,0.1,8,7,1,0,0,0,1,1,0,0,0,0,8,0,0,Matches,ESP-LALIGA,21-22
eaefa2d0,521,Alvaro Sanz,ESP,MF,Barcelona,20,2001,0.3,13,12,1,0,0,0,0,1,0,0,0,0,11,0,0,Matches,ESP-LALIGA,21-22
1c96ad85,522,Marcelo Saracchi,URU,DF,Levante,23,1998,2.1,107,88,19,1,1,1,7,17,1,0,0,0,86,0,2,Matches,ESP-LALIGA,21-22
f9acf8bf,523,Joan Sastre Vanrell,ESP,DF,Mallorca,24,1997,2.9,106,84,20,1,0,0,6,19,0,0,0,0,74,2,0,Matches,ESP-LALIGA,21-22
79f2a5f5,524,Esteban Saveljich,MNE,DF,Rayo Vallecano,30,1991,18.9,605,579,24,21,0,4,1,3,0,0,0,0,498,2,5,Matches,ESP-LALIGA,21-22
f6ac68c1,525,Stefan Savić,MNE,DF,Atlético Madrid,30,1991,27.1,1388,1333,51,44,0,18,1,7,0,0,0,0,1139,4,10,Matches,ESP-LALIGA,21-22
98529579,526,Valentino Scotta,ESP,DF,Sevilla,19,2001,0.0,0,0,0,0,0,0,0,0,0,0,0,0,0,0,0,Matches,ESP-LALIGA,21-22
a35134ae,527,Aleksandar Sedlar,SRB,"DF,MF",Mallorca,29,1991,4.5,176,171,4,4,0,1,0,0,0,0,0,0,143,1,2,Matches,ESP-LALIGA,21-22
0a8fd9cb,528,Javier Serrano,ESP,MF,Atlético Madrid,18,2003,0.8,38,37,1,0,0,0,0,1,0,0,0,0,30,0,0,Matches,ESP-LALIGA,21-22
2ad0e5e5,529,Nicolás Serrano,ESP,"MF,FW",Athletic Club,18,2003,3.5,129,116,11,2,0,0,22,2,5,3,2,0,86,2,8,Matches,ESP-LALIGA,21-22
75bd85ea,530,Salva Sevilla,ESP,MF,Mallorca,37,1984,16.7,1008,865,139,87,4,10,54,3,49,20,9,3,813,4,14,Matches,ESP-LALIGA,21-22
e2716bd0,531,David Silva,ESP,MF,Real Sociedad,35,1986,19.1,1054,1015,34,16,3,4,30,3,15,7,4,0,912,5,22,Matches,ESP-LALIGA,21-22
f2308b33,532,Jonathan Silva,ARG,"DF,FW",Getafe,27,1994,2.5,94,81,13,1,0,0,10,12,0,0,0,0,62,0,5,Matches,ESP-LALIGA,21-22
ea83bfa6,533,Rui Silva,POR,GK,Betis,27,1994,21.8,735,467,266,90,0,1,0,0,0,0,0,0,524,2,0,Matches,ESP-LALIGA,21-22
a6536561,534,Giuliano Simeone,ARG,MF,Atlético Madrid,18,2002,0.0,3,3,0,0,0,0,0,0,0,0,0,0,1,0,1,Matches,ESP-LALIGA,21-22
5dcf3e90,535,Unai Simón,ESP,GK,Athletic Club,24,1997,34.0,937,629,306,63,0,2,0,0,0,0,0,0,682,2,1,Matches,ESP-LALIGA,21-22
9970da54,536,Antonio Sivera,ESP,GK,Alavés,24,1996,3.1,107,57,50,10,0,0,0,0,0,0,0,0,66,0,0,Matches,ESP-LALIGA,21-22
19b776e9,537,Rubén Sobrino,ESP,MF,Valencia,29,1992,0.2,1,1,0,0,0,0,0,0,0,0,0,0,1,0,0,Matches,ESP-LALIGA,21-22
19b776e9,538,Rubén Sobrino,ESP,"FW,MF",Cádiz,29,1992,20.7,498,476,18,3,1,2,14,6,0,0,0,0,356,4,22,Matches,ESP-LALIGA,21-22
5fa714d5,539,Alex Sola,ESP,"DF,FW",Real Sociedad,22,1999,0.5,24,18,6,1,0,0,0,5,0,0,0,0,17,0,2,Matches,ESP-LALIGA,21-22
3ca6106c,540,Augusto Solari,ARG,"MF,DF",Celta Vigo,29,1992,7.9,446,413,30,3,1,1,49,23,4,1,2,0,286,3,18,Matches,ESP-LALIGA,21-22
9d66fbe3,541,Roberto Soldado,ESP,FW,Levante,36,1985,7.4,147,131,16,0,1,3,1,1,0,0,0,0,98,0,6,Matches,ESP-LALIGA,21-22
fed17f5a,542,Carlos Soler,ESP,MF,Valencia,24,1997,27.5,982,764,211,121,3,22,147,3,85,35,40,1,659,7,18,Matches,ESP-LALIGA,21-22
037dbd30,543,Son,ESP,DF,Levante,27,1994,21.9,1073,857,206,8,3,16,45,196,2,1,0,0,789,10,24,Matches,ESP-LALIGA,21-22
8f8c6934,544,David Soria,ESP,GK,Getafe,28,1993,37.9,1185,716,464,172,0,8,0,0,0,0,0,0,647,5,0,Matches,ESP-LALIGA,21-22
452c3055,545,Alberto Soro,ESP,"MF,FW",Granada,22,1999,6.4,179,168,11,2,1,0,15,5,2,0,2,0,125,0,6,Matches,ESP-LALIGA,21-22
3aa74860,546,Hugo Sotelo,ESP,FW,Celta Vigo,17,2003,0.0,1,1,0,0,0,0,0,0,0,0,0,0,1,0,0,Matches,ESP-LALIGA,21-22
ba5004e1,547,Damián Suárez,URU,DF,Getafe,33,1988,30.1,1475,1081,390,67,1,50,130,300,23,13,7,0,997,4,36,Matches,ESP-LALIGA,21-22
12c50af5,548,Denis Suárez,ESP,MF,Celta Vigo,27,1994,31.3,2054,1827,221,71,19,21,129,12,85,40,33,0,1639,6,43,Matches,ESP-LALIGA,21-22
a6154613,549,Luis Suárez,URU,FW,Atlético Madrid,34,1987,20.4,502,459,38,0,7,4,6,0,0,0,0,0,363,5,10,Matches,ESP-LALIGA,21-22
7106f0a0,550,Mario Suárez,ESP,DF,Rayo Vallecano,34,1987,7.9,331,318,12,12,0,2,0,0,0,0,0,0,257,1,1,Matches,ESP-LALIGA,21-22
4e219ad2,551,Suso,ESP,FW,Sevilla,27,1993,4.3,184,173,10,2,3,2,12,3,5,2,0,0,140,1,5,Matches,ESP-LALIGA,21-22
e5ec95f8,552,Mamadou Sylla,SEN,"FW,MF",Alavés,27,1994,4.4,74,67,7,0,0,0,11,0,0,0,0,0,41,0,5,Matches,ESP-LALIGA,21-22
e5ec95f8,553,Mamadou Sylla,SEN,FW,Rayo Vallecano,27,1994,2.8,70,62,6,0,0,0,5,1,1,0,1,0,45,2,4,Matches,ESP-LALIGA,21-22
e92cd3f7,554,Alexander Sørloth,NOR,FW,Real Sociedad,25,1995,19.6,459,430,28,1,1,1,9,2,1,0,0,0,331,1,16,Matches,ESP-LALIGA,21-22
8b625720,555,Tachi,ESP,DF,Alavés,23,1997,2.7,94,79,14,9,0,4,2,5,0,0,0,0,59,1,0,Matches,ESP-LALIGA,21-22
34269bdf,556,Renato Tapia,PER,MF,Celta Vigo,26,1995,15.7,862,814,41,39,3,12,3,1,0,0,0,0,683,7,13,Matches,ESP-LALIGA,21-22
72a99e38,557,Cristian Tello,ESP,FW,Betis,29,1991,9.1,362,355,5,1,0,2,16,2,2,1,1,0,273,2,10,Matches,ESP-LALIGA,21-22
66654daa,558,Nahuel Tenaglia,ARG,DF,Alavés,25,1996,11.9,485,369,116,2,0,2,24,114,0,0,0,0,305,0,14,Matches,ESP-LALIGA,21-22
1c5d79e2,559,Marc Tenas,ESP,"FW,MF",Alavés,20,2001,0.6,21,21,0,0,0,0,2,0,0,0,0,0,14,0,1,Matches,ESP-LALIGA,21-22
6f51e382,560,Marc-André ter Stegen,GER,GK,Barcelona,29,1992,35.0,1281,1014,263,57,0,2,0,1,0,0,0,0,1113,4,1,Matches,ESP-LALIGA,21-22
174651c8,561,David Timor,ESP,MF,Getafe,31,1989,3.8,182,165,17,10,0,9,9,0,7,4,2,0,143,0,0,Matches,ESP-LALIGA,21-22
683a1d81,562,Mircea Ţîrlea,ROU,DF,Alavés,21,2000,0.2,15,8,7,1,0,0,2,6,0,0,0,0,12,0,1,Matches,ESP-LALIGA,21-22
02ef8778,563,Raúl de Tomás,ESP,FW,Espanyol,26,1994,32.4,749,700,45,3,1,32,22,3,0,0,0,0,611,4,18,Matches,ESP-LALIGA,21-22
4d753a3f,564,Raúl Torrente,ESP,DF,Granada,19,2001,14.2,605,582,20,18,1,9,2,2,0,0,0,0,435,3,7,Matches,ESP-LALIGA,21-22
9e1035f8,565,Ferrán Torres,ESP,FW,Barcelona,21,2000,15.7,587,565,19,3,0,4,7,5,2,0,0,0,489,3,12,Matches,ESP-LALIGA,21-22
58a9a4d9,566,Óliver Torres,ESP,"MF,FW",Sevilla,26,1994,11.2,656,624,29,9,3,12,25,12,5,0,4,0,523,3,11,Matches,ESP-LALIGA,21-22
532e1e4f,567,Pau Torres,ESP,DF,Villarreal,24,1997,31.7,1991,1893,93,85,3,27,5,2,0,0,0,0,1700,5,15,Matches,ESP-LALIGA,21-22
d733aa38,568,Roberto Torres,ESP,"MF,FW",Osasuna,32,1989,9.0,437,366,68,25,2,13,80,8,35,16,17,0,268,3,12,Matches,ESP-LALIGA,21-22
0e4fef6e,569,Lucas Torró,ESP,MF,Osasuna,27,1994,30.3,1281,1270,9,9,1,15,7,0,0,0,0,0,989,2,17,Matches,ESP-LALIGA,21-22
9a28eba4,570,Adama Traoré,ESP,FW,Barcelona,25,1996,4.2,169,166,2,0,0,0,38,2,0,0,0,0,121,1,6,Matches,ESP-LALIGA,21-22
fc647b34,571,Óscar Trejo,ARG,MF,Rayo Vallecano,33,1988,22.3,1049,881,159,63,5,2,118,6,66,28,29,1,795,9,17,Matches,ESP-LALIGA,21-22
963829d0,572,Manu Trigueros,ESP,"MF,FW",Villarreal,29,1991,24.2,1224,1165,50,33,25,5,19,6,6,3,0,0,965,9,28,Matches,ESP-LALIGA,21-22
21512407,573,Kieran Trippier,ENG,"DF,FW",Atlético Madrid,30,1990,10.8,780,649,128,7,2,9,33,114,7,0,7,0,607,3,12,Matches,ESP-LALIGA,21-22
068f4dec,574,Beñat Turrientes,ESP,MF,Real Sociedad,19,2002,2.3,93,89,3,2,1,0,2,0,1,1,0,0,81,1,1,Matches,ESP-LALIGA,21-22
3eed9821,575,Samuel Umtiti,FRA,DF,Barcelona,27,1993,1.0,50,46,4,1,0,0,0,3,0,0,0,0,42,0,1,Matches,ESP-LALIGA,21-22
f8eca1b6,576,Enes Ünal,TUR,FW,Getafe,24,1997,31.1,653,618,32,0,4,3,14,3,1,1,0,0,394,3,24,Matches,ESP-LALIGA,21-22
01da7812,577,Myrto Uzuni,ALB,"FW,MF",Granada,26,1995,9.5,214,198,16,2,0,0,15,11,3,1,2,0,145,0,12,Matches,ESP-LALIGA,21-22
61b62b33,578,Álvaro Vadillo,ESP,"DF,MF",Espanyol,26,1994,0.1,10,9,1,1,0,0,1,0,0,0,0,0,7,0,1,Matches,ESP-LALIGA,21-22
592f3158,579,Óscar Valentín,ESP,MF,Rayo Vallecano,26,1994,28.5,1320,1280,37,37,0,17,3,0,0,0,0,0,1102,3,22,Matches,ESP-LALIGA,21-22
84f55b4a,580,Germán Valera,ESP,FW,Real Sociedad,19,2002,0.6,18,18,0,0,0,0,1,0,0,0,0,0,14,0,1,Matches,ESP-LALIGA,21-22
f2c6ac01,581,Martin Valjent,SVK,DF,Mallorca,25,1995,35.3,1378,1289,83,77,0,18,3,6,0,0,0,0,1113,6,9,Matches,ESP-LALIGA,21-22
c2111b45,582,Jesús Vallejo,ESP,DF,Real Madrid,24,1997,3.8,219,203,16,1,0,2,1,9,0,0,0,0,188,0,3,Matches,ESP-LALIGA,21-22
0bc4e720,583,Manu Vallejo,ESP,"MF,FW",Alavés,24,1997,4.1,114,93,21,6,0,1,13,2,3,1,1,0,81,0,4,Matches,ESP-LALIGA,21-22
0bc4e720,584,Manu Vallejo,ESP,"FW,MF",Valencia,24,1997,1.1,39,30,9,0,0,0,8,2,5,4,0,0,23,0,3,Matches,ESP-LALIGA,21-22
0959c2a2,585,Federico Valverde,URU,MF,Real Madrid,23,1998,20.4,1183,1158,19,9,4,17,20,9,1,0,0,0,1039,6,20,Matches,ESP-LALIGA,21-22
27dc1378,586,José Luis García Vayá,ESP,MF,Levante,22,1998,22.4,1271,1195,73,32,2,27,58,2,38,14,22,1,1005,3,14,Matches,ESP-LALIGA,21-22
106c142c,587,Jesus Vazquez,ESP,DF,Valencia,18,2003,9.0,348,258,90,1,1,0,24,89,0,0,0,0,249,0,19,Matches,ESP-LALIGA,21-22
ee923664,588,Kevin Vázquez,ESP,DF,Celta Vigo,28,1993,14.8,878,684,193,17,0,2,42,176,0,0,0,0,678,1,20,Matches,ESP-LALIGA,21-22
fd51b456,589,Lucas Vázquez,ESP,DF,Real Madrid,30,1991,20.4,1537,1391,142,22,1,29,75,116,4,0,3,0,1327,4,13,Matches,ESP-LALIGA,21-22
35a6e5c7,590,Gabriel Veiga,ESP,MF,Celta Vigo,19,2002,1.2,67,66,1,1,0,0,3,0,0,0,0,0,52,0,1,Matches,ESP-LALIGA,21-22
4112ace5,591,Unai Vencedor Paris,ESP,MF,Athletic Club,20,2000,26.5,1310,1255,46,34,2,18,47,0,8,3,4,0,1013,9,19,Matches,ESP-LALIGA,21-22
1c2c55fc,592,Gonzalo Verdú,ESP,DF,Elche,32,1988,15.5,712,677,31,30,1,7,0,1,0,0,0,0,595,4,5,Matches,ESP-LALIGA,21-22
b0fce72c,593,Mikel Vesga,ESP,MF,Athletic Club,28,1993,15.1,719,709,8,7,1,11,12,0,0,0,0,0,551,2,21,Matches,ESP-LALIGA,21-22
c67cd65c,594,Rúben Vezo,POR,DF,Levante,27,1994,26.9,1264,1189,72,61,2,19,6,8,0,0,0,0,1051,3,15,Matches,ESP-LALIGA,21-22
04965583,595,Aleix Vidal,ESP,"DF,MF",Espanyol,31,1989,21.1,1093,912,178,39,0,14,52,135,4,2,1,0,877,3,32,Matches,ESP-LALIGA,21-22
3a9c4b7b,596,Nacho Vidal,ESP,DF,Osasuna,26,1995,32.2,1514,1142,365,17,1,4,71,348,0,0,0,0,1069,7,40,Matches,ESP-LALIGA,21-22
bad38a94,597,Dídac Vilà,ESP,"DF,MF",Espanyol,32,1989,2.3,87,70,17,2,0,0,2,15,0,0,0,0,70,0,0,Matches,ESP-LALIGA,21-22
c7069d87,598,Tonny Vilhena,NED,"MF,FW",Espanyol,26,1995,10.3,338,312,25,6,0,4,32,1,15,7,5,0,236,1,13,Matches,ESP-LALIGA,21-22
de903ae2,599,Daniel Villahermosa,ESP,MF,Espanyol,20,2001,0.3,7,7,0,0,0,1,0,0,0,0,0,0,4,0,0,Matches,ESP-LALIGA,21-22
57be54ec,600,Asier Villalibre,ESP,FW,Athletic Club,23,1997,6.1,120,113,3,0,1,0,4,1,0,0,0,0,70,4,3,Matches,ESP-LALIGA,21-22
bdc74a8f,601,Gonzalo Villar,ESP,MF,Getafe,23,1998,3.3,140,133,7,5,2,6,1,2,0,0,0,0,118,0,3,Matches,ESP-LALIGA,21-22
db750822,602,Vitolo,ESP,MF,Getafe,31,1989,2.5,113,106,7,1,0,0,2,5,1,0,0,0,90,0,6,Matches,ESP-LALIGA,21-22
ab7bf91d,603,Daniel Vivian,ESP,DF,Athletic Club,22,1999,22.1,951,891,57,56,0,14,3,1,0,0,0,0,787,3,10,Matches,ESP-LALIGA,21-22
46a8347f,604,Šime Vrsaljko,CRO,DF,Atlético Madrid,29,1992,10.2,601,497,102,3,0,2,44,99,0,0,0,0,436,2,12,Matches,ESP-LALIGA,21-22
4442fbcd,605,Nikola Vukčević,MNE,MF,Levante,29,1991,1.3,73,72,1,1,0,0,0,0,0,0,0,0,60,0,3,Matches,ESP-LALIGA,21-22
d83bbc54,606,Daniel Wass,DEN,"DF,FW",Atlético Madrid,32,1989,0.5,28,19,9,0,0,0,2,9,0,0,0,0,20,0,3,Matches,ESP-LALIGA,21-22
d83bbc54,607,Daniel Wass,DEN,MF,Valencia,32,1989,17.6,689,604,84,33,3,13,35,5,14,3,6,0,534,1,5,Matches,ESP-LALIGA,21-22
6a99e0b1,608,Iñaki Williams,GHA,FW,Athletic Club,27,1994,30.9,665,640,19,0,5,5,48,4,0,0,0,0,420,6,26,Matches,ESP-LALIGA,21-22
afdc14d7,609,Nico Williams,ESP,MF,Athletic Club,19,2002,14.9,455,443,8,0,1,0,58,4,4,0,1,0,315,4,16,Matches,ESP-LALIGA,21-22
e49ce451,610,Okay Yokuşlu,TUR,"DF,MF",Getafe,27,1994,5.2,195,192,3,3,0,3,0,0,0,0,0,0,155,0,1,Matches,ESP-LALIGA,21-22
e49ce451,611,Okay Yokuşlu,TUR,"DF,MF",Celta Vigo,27,1994,1.6,80,79,1,1,0,1,0,0,0,0,0,0,72,0,0,Matches,ESP-LALIGA,21-22
5ca20b7a,612,Joseba Zaldúa,ESP,DF,Real Sociedad,29,1992,13.0,616,480,135,12,0,1,33,123,0,0,0,0,473,1,12,Matches,ESP-LALIGA,21-22
968a1c2f,613,Oier Zarraga,ESP,MF,Athletic Club,22,1999,13.0,491,484,5,4,1,4,19,1,0,0,0,0,378,2,9,Matches,ESP-LALIGA,21-22
c818c4d9,614,Luca Zidane,FRA,GK,Rayo Vallecano,23,1998,7.2,231,163,68,15,0,1,0,0,0,0,0,0,172,0,0,Matches,ESP-LALIGA,21-22
5c7845f6,615,Igor Zubeldia,ESP,DF,Real Sociedad,24,1997,18.3,1045,1009,35,28,2,3,4,7,0,0,0,0,908,1,6,Matches,ESP-LALIGA,21-22
3ee0dd59,616,Martín Zubimendi,ESP,MF,Real Sociedad,22,1999,28.8,1459,1430,25,24,2,11,2,1,0,0,0,0,1245,4,14,Matches,ESP-LALIGA,21-22
