id,Unnamed: 0_level_0,Unnamed: 1_level_0,Unnamed: 2_level_0,Unnamed: 3_level_0,Unnamed: 4_level_0,Unnamed: 5_level_0,Unnamed: 6_level_0,Unnamed: 7_level_0,Total,Total,Total,Total,Total,Short,Short,Short,Medium,Medium,Medium,Long,Long,Long,Unnamed: 22_level_0,Unnamed: 23_level_0,Expected,Expected,Unnamed: 26_level_0,Unnamed: 27_level_0,Unnamed: 28_level_0,Unnamed: 29_level_0,Unnamed: 30_level_0,Unnamed: 31_level_0,Unnamed: league,Unnamed: season
,Rk,Player,Nation,Pos,Squad,Age,Born,90s,Cmp,Att,Cmp%,TotDist,PrgDist,Cmp,Att,Cmp%,Cmp,Att,Cmp%,Cmp,Att,Cmp%,Ast,xAG,xA,A-xAG,KP,1/3,PPA,CrsPA,PrgP,Matches,league,season
4dcec659,1,Simon Adingra,CIV,FW,Brighton,22-242,2002,0.5,16,25,64.0,208,38,12,17,70.6,3,4,75.0,1,2,50.0,1,0.5,0.6,0.5,1,0,0,0,0,Matches,ENG-EPL,24-25
246d153b,2,Ola Aina,NGA,DF,Nott'ham Forest,27-327,1996,1.6,74,92,80.4,1082,438,41,46,89.1,27,37,73.0,2,4,50.0,0,0.0,0.1,0.0,1,6,0,0,9,Matches,ENG-EPL,24-25
9b398aea,3,Rayan Aït-Nouri,ALG,DF,Wolves,23-085,2001,1.7,64,70,91.4,930,274,32,32,100.0,31,35,88.6,0,2,0.0,1,0.5,0.2,0.5,1,9,1,0,9,Matches,ENG-EPL,24-25
a8c0acb7,4,Kristoffer Ajer,NOR,DF,Brentford,26-135,1998,2.0,63,81,77.8,1027,386,30,34,88.2,28,34,82.4,4,8,50.0,0,0.0,0.0,0.0,1,4,0,0,7,Matches,ENG-EPL,24-25
89ac64a6,5,Manuel Akanji,SUI,DF,Manchester City,29-042,1995,2.0,195,202,96.5,3142,859,101,103,98.1,83,83,100.0,9,11,81.8,0,0.1,0.2,-0.1,1,21,2,1,17,Matches,ENG-EPL,24-25
4abac767,6,Carlos Alcaraz,ARG,MF,Southampton,21-274,2002,0.1,13,13,100.0,221,66,7,7,100.0,4,4,100.0,2,2,100.0,0,0.1,0.0,-0.1,1,4,1,1,6,Matches,ENG-EPL,24-25
cd1acf9d,7,Trent Alexander-Arnold,ENG,DF,Liverpool,25-328,1998,1.6,84,116,72.4,1605,729,44,50,88.0,24,32,75.0,15,33,45.5,0,1.2,1.5,-1.2,7,8,3,1,13,Matches,ENG-EPL,24-25
7a2e46a8,8,Alisson,BRA,GK,Liverpool,31-333,1992,2.0,73,88,83.0,1662,987,22,22,100.0,37,37,100.0,14,29,48.3,0,0.0,0.0,0.0,0,2,0,0,0,Matches,ENG-EPL,24-25
862a1c15,9,Miguel Almirón,PAR,FW,Newcastle Utd,30-202,1994,0.0,4,4,100.0,61,22,2,2,100.0,2,2,100.0,0,0,,0,0.0,0.0,0.0,0,0,1,0,2,Matches,ENG-EPL,24-25
8b3ab7ad,10,Edson Álvarez,MEX,MF,West Ham,26-311,1997,0.1,6,7,85.7,77,38,4,4,100.0,1,1,100.0,1,1,100.0,0,0.0,0.2,0.0,0,1,1,0,1,Matches,ENG-EPL,24-25
9eedf0e0,11,Samuel Amo-Ameyaw,ENG,DF,Southampton,18-043,2006,0.1,5,5,100.0,68,13,4,4,100.0,1,1,100.0,0,0,,0,0.1,0.1,-0.1,1,0,1,1,0,Matches,ENG-EPL,24-25
e34fc66d,12,Joachim Andersen,DEN,DF,Crystal Palace,28-091,1996,1.0,61,83,73.5,1227,526,19,21,90.5,31,37,83.8,9,21,42.9,0,0.0,0.0,0.0,0,9,1,0,4,Matches,ENG-EPL,24-25
de31038e,13,Elliot Anderson,SCO,"MF,FW",Nott'ham Forest,21-298,2002,1.0,39,52,75.0,541,207,28,31,90.3,8,14,57.1,2,5,40.0,0,0.0,0.0,0.0,1,1,0,0,4,Matches,ENG-EPL,24-25
ac05f970,14,Michail Antonio,JAM,FW,West Ham,34-155,1990,1.5,12,22,54.5,294,52,3,7,42.9,5,7,71.4,4,5,80.0,0,0.0,0.0,0.0,0,1,0,0,2,Matches,ENG-EPL,24-25
99127249,15,Antony,BRA,FW,Manchester Utd,24-188,2000,0.0,1,2,50.0,13,0,1,2,50.0,0,0,,0,0,,0,0.1,0.1,-0.1,1,0,0,0,0,Matches,ENG-EPL,24-25
8f4541c2,16,Julian Araujo,MEX,DF,Bournemouth,23-017,2001,1.3,44,59,74.6,848,344,18,20,90.0,21,25,84.0,5,11,45.5,0,0.0,0.0,0.0,0,7,1,0,4,Matches,ENG-EPL,24-25
05e8ca6d,17,Cameron Archer,ENG,FW,Southampton,23-040,2001,0.4,6,9,66.7,80,5,4,5,80.0,2,4,50.0,0,0,,0,0.0,0.0,0.0,0,0,1,0,1,Matches,ENG-EPL,24-25
2f965a72,18,Alphonse Areola,FRA,GK,West Ham,31-185,1993,2.0,59,80,73.8,1622,1183,17,17,100.0,20,21,95.2,21,40,52.5,0,0.0,0.0,0.0,0,0,0,0,0,Matches,ENG-EPL,24-25
328f7d51,19,Joe Aribo,NGA,MF,Southampton,28-040,1996,1.6,64,73,87.7,839,119,42,45,93.3,18,20,90.0,1,2,50.0,0,0.6,0.5,-0.6,2,3,2,0,5,Matches,ENG-EPL,24-25
68c720b5,20,Adam Armstrong,ENG,FW,Southampton,27-202,1997,1.8,42,50,84.0,568,81,26,27,96.3,13,15,86.7,1,2,50.0,0,0.1,0.1,-0.1,1,3,0,0,5,Matches,ENG-EPL,24-25
de59e609,21,Harrison Armstrong,ENG,MF,Everton,17-224,2007,0.0,1,4,25.0,23,0,0,0,,1,2,50.0,0,1,0.0,0,0.0,0.0,0.0,0,0,0,0,0,Matches,ENG-EPL,24-25
e5478b87,22,Taiwo Awoniyi,NGA,FW,Nott'ham Forest,27-018,1997,0.4,7,8,87.5,99,10,5,5,100.0,2,3,66.7,0,0,,0,0.0,0.0,0.0,0,0,0,0,1,Matches,ENG-EPL,24-25
f173303a,23,Yasin Ayari,SWE,"FW,MF",Brighton,20-329,2003,0.0,4,6,66.7,46,20,3,4,75.0,1,1,100.0,0,0,,0,0.0,0.0,0.0,0,1,1,0,2,Matches,ENG-EPL,24-25
da052c14,24,Jordan Ayew,GHA,"FW,MF",Crystal Palace,32-354,1991,0.2,8,10,80.0,167,4,3,3,100.0,4,6,66.7,1,1,100.0,0,0.0,0.0,0.0,1,0,0,0,0,Matches,ENG-EPL,24-25
da052c14,25,Jordan Ayew,GHA,FW,Leicester City,32-354,1991,0.3,7,8,87.5,125,23,2,3,66.7,5,5,100.0,0,0,,0,0.0,0.0,0.0,1,0,1,1,1,Matches,ENG-EPL,24-25
3a233281,26,Leon Bailey,JAM,"MF,FW",Aston Villa,27-021,1997,1.8,25,49,51.0,377,127,16,24,66.7,6,12,50.0,2,8,25.0,0,0.1,0.2,-0.1,3,1,4,0,5,Matches,ENG-EPL,24-25
a1390d2f,27,Carlos Baleba,CMR,MF,Brighton,20-240,2004,0.2,8,8,100.0,97,17,5,5,100.0,2,2,100.0,0,0,,0,0.0,0.0,0.0,0,1,0,0,0,Matches,ENG-EPL,24-25
3a24769f,28,Ross Barkley,ENG,MF,Aston Villa,30-269,1993,0.2,10,13,76.9,133,45,8,8,100.0,2,3,66.7,0,1,0.0,0,0.0,0.0,0.0,0,2,0,0,0,Matches,ENG-EPL,24-25
3ea50f67,29,Harvey Barnes,ENG,FW,Newcastle Utd,26-265,1997,0.6,14,17,82.4,212,87,10,10,100.0,3,6,50.0,1,1,100.0,1,0.8,0.5,0.2,2,0,4,2,2,Matches,ENG-EPL,24-25
a36524bf,30,Calvin Bassey,NGA,DF,Fulham,24-243,1999,2.0,125,137,91.2,2428,850,39,40,97.5,68,71,95.8,13,20,65.0,0,0.0,0.0,0.0,0,6,0,0,8,Matches,ENG-EPL,24-25
4115ce4e,31,Jan Bednarek,POL,DF,Southampton,28-140,1996,1.9,198,204,97.1,3562,1234,74,76,97.4,107,111,96.4,16,16,100.0,0,0.1,0.0,-0.1,2,12,0,0,10,Matches,ENG-EPL,24-25
10f0fdd3,32,Jean-Ricner Bellegarde,FRA,"FW,MF",Wolves,26-064,1998,1.4,17,24,70.8,284,41,11,12,91.7,4,4,100.0,2,4,50.0,0,0.0,0.0,0.0,0,1,1,0,3,Matches,ENG-EPL,24-25
3b8674e6,33,Rodrigo Bentancur,URU,MF,Tottenham,27-066,1997,0.9,46,47,97.9,768,188,19,19,100.0,25,25,100.0,2,2,100.0,0,0.0,0.0,0.0,0,4,0,0,4,Matches,ENG-EPL,24-25
a109e5c8,34,Lucas Bergvall,SWE,MF,Tottenham,18-210,2006,0.3,30,34,88.2,413,111,18,19,94.7,8,10,80.0,2,3,66.7,0,0.2,0.2,-0.2,1,1,0,0,2,Matches,ENG-EPL,24-25
505486d6,35,Victor Bernth Kristiansen,DEN,"DF,MF",Leicester City,21-258,2002,1.9,57,85,67.1,981,183,25,29,86.2,28,40,70.0,3,12,25.0,0,0.0,0.0,0.0,0,3,1,1,3,Matches,ENG-EPL,24-25
ed5c0319,36,Beto,GNB,FW,Everton,26-212,1998,0.4,1,4,25.0,12,0,1,2,50.0,0,1,0.0,0,0,,0,0.0,0.0,0.0,0,0,0,0,0,Matches,ENG-EPL,24-25
d328a254,37,Philip Billing,DEN,MF,Bournemouth,28-080,1996,0.1,1,2,50.0,15,0,0,0,,1,2,50.0,0,0,,0,0.0,0.0,0.0,0,0,0,0,0,Matches,ENG-EPL,24-25
6c203af0,38,Yves Bissouma,MLI,MF,Tottenham,28-000,1996,0.8,74,80,92.5,1256,321,38,41,92.7,25,25,100.0,8,10,80.0,0,0.0,0.0,0.0,0,7,1,0,6,Matches,ENG-EPL,24-25
a4ac4b8f,39,Willy Boly,CIV,DF,Nott'ham Forest,33-209,1991,1.0,43,54,79.6,833,371,13,14,92.9,25,27,92.6,4,12,33.3,0,0.0,0.0,0.0,0,2,0,0,2,Matches,ENG-EPL,24-25
79c84d1c,40,Jarrod Bowen,ENG,MF,West Ham,27-254,1996,1.8,24,36,66.7,491,181,12,16,75.0,6,11,54.5,6,9,66.7,0,0.5,0.3,-0.5,6,3,2,0,4,Matches,ENG-EPL,24-25
bbd67769,41,Conor Bradley,NIR,DF,Liverpool,21-052,2003,0.4,42,46,91.3,581,184,26,27,96.3,15,17,88.2,0,1,0.0,0,0.0,0.0,0.0,0,2,0,0,2,Matches,ENG-EPL,24-25
57827369,42,Ben Brereton,CHI,FW,Southampton,25-134,1999,1.8,52,64,81.3,734,151,32,35,91.4,17,23,73.9,2,4,50.0,0,0.1,0.1,-0.1,3,2,1,1,2,Matches,ENG-EPL,24-25
468a7a91,43,Facundo Buonanotte,ARG,"MF,FW",Leicester City,19-251,2004,1.6,32,42,76.2,489,196,19,25,76.0,9,9,100.0,3,6,50.0,1,0.6,0.4,0.4,4,5,2,1,6,Matches,ENG-EPL,24-25
b2d31e83,44,Dan Burn,ENG,DF,Newcastle Utd,32-113,1992,2.0,69,82,84.1,1084,538,34,39,87.2,32,33,97.0,1,6,16.7,0,0.0,0.0,0.0,0,0,0,0,2,Matches,ENG-EPL,24-25
b3fe23c6,45,Wes Burns,WAL,FW,Ipswich Town,29-281,1994,0.6,9,15,60.0,148,12,2,4,50.0,2,3,66.7,2,3,66.7,0,0.0,0.0,0.0,0,0,0,0,0,Matches,ENG-EPL,24-25
16264a81,46,Moisés Caicedo,ECU,MF,Chelsea,22-302,2001,1.8,79,90,87.8,1188,293,45,48,93.8,29,33,87.9,4,6,66.7,0,0.0,0.1,0.0,1,5,2,1,6,Matches,ENG-EPL,24-25
a8748947,47,Tom Cairney,SCO,MF,Fulham,33-223,1991,0.5,25,27,92.6,396,117,8,9,88.9,16,16,100.0,0,0,,0,0.0,0.1,0.0,1,2,1,0,5,Matches,ENG-EPL,24-25
aded8e6f,48,Riccardo Calafiori,ITA,DF,Arsenal,22-103,2002,0.1,5,6,83.3,86,44,2,2,100.0,2,3,66.7,1,1,100.0,0,0.0,0.0,0.0,0,0,0,0,0,Matches,ENG-EPL,24-25
59e6e5bf,49,Dominic Calvert-Lewin,ENG,FW,Everton,27-167,1997,1.6,18,25,72.0,261,53,14,18,77.8,2,5,40.0,2,2,100.0,0,0.0,0.0,0.0,0,2,1,0,4,Matches,ENG-EPL,24-25
966e28d0,50,Fabio Carvalho,POR,"MF,FW",Brentford,22-000,2002,0.4,9,14,64.3,108,38,4,6,66.7,4,5,80.0,0,0,,0,0.0,0.0,0.0,0,2,0,0,1,Matches,ENG-EPL,24-25
4d224fe8,51,Casemiro,BRA,MF,Manchester Utd,32-189,1992,2.0,88,111,79.3,1510,487,38,47,80.9,40,45,88.9,7,9,77.8,0,1.0,0.5,-1.0,3,5,3,1,6,Matches,ENG-EPL,24-25
2389cdc2,52,Matty Cash,POL,DF,Aston Villa,27-023,1997,1.1,38,49,77.6,621,258,18,20,90.0,18,22,81.8,1,4,25.0,0,0.1,0.0,-0.1,1,7,0,0,4,Matches,ENG-EPL,24-25
4ec55b87,53,Conor Chaplin,ENG,MF,Ipswich Town,27-196,1997,0.7,17,24,70.8,285,108,7,9,77.8,6,6,100.0,2,3,66.7,0,0.0,0.0,0.0,0,1,1,0,2,Matches,ENG-EPL,24-25
dc6c2f02,54,Chiquinho,POR,MF,Wolves,24-207,2000,0.1,3,3,100.0,71,22,1,1,100.0,1,1,100.0,1,1,100.0,0,0.0,0.0,0.0,1,0,1,1,0,Matches,ENG-EPL,24-25
26ce2263,55,Ryan Christie,SCO,MF,Bournemouth,29-190,1995,1.0,37,47,78.7,687,208,12,15,80.0,21,24,87.5,3,7,42.9,0,0.1,0.0,-0.1,3,5,2,0,8,Matches,ENG-EPL,24-25
a8c19eb8,56,Nathan Collins,IRL,DF,Brentford,23-122,2001,2.0,94,106,88.7,1873,589,24,28,85.7,63,67,94.0,6,9,66.7,0,0.0,0.0,0.0,0,3,0,0,4,Matches,ENG-EPL,24-25
700783e7,57,Levi Colwill,ENG,DF,Chelsea,21-186,2003,2.0,118,125,94.4,2352,1030,36,38,94.7,69,69,100.0,11,14,78.6,0,0.0,0.0,0.0,0,9,0,0,3,Matches,ENG-EPL,24-25
2afc7272,58,Lewis Cook,ENG,MF,Bournemouth,27-209,1997,1.9,64,90,71.1,1243,451,25,29,86.2,28,36,77.8,11,23,47.8,0,0.3,0.5,-0.3,2,9,2,0,10,Matches,ENG-EPL,24-25
fdf3cb77,59,Vladimír Coufal,CZE,DF,West Ham,32-008,1992,1.6,53,69,76.8,928,354,25,30,83.3,20,26,76.9,6,10,60.0,0,0.1,0.1,-0.1,1,3,1,1,4,Matches,ENG-EPL,24-25
4f974391,60,Aaron Cresswell,ENG,DF,West Ham,34-259,1989,0.0,0,2,0.0,0,0,0,2,0.0,0,0,,0,0,,0,0.0,0.0,0.0,0,0,0,0,0,Matches,ENG-EPL,24-25
1daec722,61,Marc Cucurella,ESP,DF,Chelsea,26-039,1998,1.8,110,123,89.4,1768,667,55,60,91.7,48,52,92.3,5,8,62.5,0,0.0,0.2,0.0,0,5,0,0,6,Matches,ENG-EPL,24-25
dc62b55d,62,Matheus Cunha,BRA,"MF,FW",Wolves,25-095,1999,1.1,23,32,71.9,370,75,15,20,75.0,6,6,100.0,2,6,33.3,0,0.3,0.2,-0.3,3,2,1,1,1,Matches,ENG-EPL,24-25
d9565625,63,Diogo Dalot,POR,DF,Manchester Utd,25-165,1999,2.0,109,126,86.5,1756,428,53,59,89.8,40,44,90.9,10,14,71.4,0,0.2,0.1,-0.2,1,2,1,1,7,Matches,ENG-EPL,24-25
215f3907,64,Mikkel Damsgaard,DEN,MF,Brentford,24-058,2000,0.5,16,23,69.6,222,107,13,15,86.7,2,4,50.0,1,2,50.0,0,0.0,0.0,0.0,0,1,0,0,3,Matches,ENG-EPL,24-25
a816dbfb,65,Danilo,BRA,MF,Nott'ham Forest,23-123,2001,0.2,3,3,100.0,85,6,0,0,,2,2,100.0,1,1,100.0,0,0.0,0.0,0.0,0,0,0,0,0,Matches,ENG-EPL,24-25
8574c61f,66,Leif Davis,ENG,DF,Ipswich Town,24-231,2000,2.0,44,64,68.8,680,264,28,31,90.3,15,19,78.9,1,10,10.0,0,0.0,0.1,0.0,0,5,0,0,4,Matches,ENG-EPL,24-25
3e9e06cb,67,Craig Dawson,ENG,DF,Wolves,34-116,1990,0.3,12,12,100.0,263,126,6,6,100.0,4,4,100.0,2,2,100.0,0,0.0,0.0,0.0,0,1,0,0,0,Matches,ENG-EPL,24-25
e46012d4,68,Kevin De Bruyne,BEL,MF,Manchester City,33-063,1991,2.0,132,162,81.5,2141,701,79,88,89.8,38,48,79.2,14,19,73.7,1,0.7,1.0,0.3,5,14,9,2,21,Matches,ENG-EPL,24-25
dd897ee7,69,Liam Delap,ENG,FW,Ipswich Town,21-204,2003,1.7,13,22,59.1,205,73,7,8,87.5,4,8,50.0,1,2,50.0,0,0.2,0.0,-0.2,2,2,0,0,1,Matches,ENG-EPL,24-25
5c74c0f5,70,Kiernan Dewsbury-Hall,ENG,MF,Chelsea,25-359,1998,0.4,23,29,79.3,315,39,15,19,78.9,8,8,100.0,0,2,0.0,0,0.0,0.0,0.0,0,2,0,0,1,Matches,ENG-EPL,24-25
9dc96f10,71,Amad Diallo,CIV,FW,Manchester Utd,22-050,2002,1.7,61,78,78.2,848,192,32,36,88.9,20,23,87.0,5,8,62.5,0,0.1,0.2,-0.1,2,3,2,0,5,Matches,ENG-EPL,24-25
31c69ef1,72,Rúben Dias,POR,DF,Manchester City,27-108,1997,2.0,183,187,97.9,3418,1023,72,72,100.0,95,95,100.0,16,18,88.9,0,0.0,0.0,0.0,0,12,0,0,5,Matches,ENG-EPL,24-25
4a1a9578,73,Luis Díaz,COL,FW,Liverpool,27-230,1997,1.8,59,64,92.2,866,236,36,37,97.3,14,17,82.4,6,6,100.0,1,1.0,0.6,0.0,7,4,4,1,6,Matches,ENG-EPL,24-25
bdcc89ae,74,Tyler Dibling,ENG,MF,Southampton,18-171,2006,0.3,18,21,85.7,232,16,13,14,92.9,4,6,66.7,0,0,,0,0.0,0.0,0.0,1,2,0,0,1,Matches,ENG-EPL,24-25
1b84dbe1,75,Lucas Digne,FRA,DF,Aston Villa,31-041,1993,1.6,52,72,72.2,951,359,23,26,88.5,22,30,73.3,5,8,62.5,0,0.2,0.2,-0.2,1,1,1,0,1,Matches,ENG-EPL,24-25
a712ca2b,76,Issa Diop,FRA,DF,Fulham,27-234,1997,2.0,76,96,79.2,1677,697,15,19,78.9,49,58,84.5,11,17,64.7,0,0.0,0.0,0.0,0,7,1,0,5,Matches,ENG-EPL,24-25
6fba4dba,77,Roman Dixon,,DF,Everton,19-248,2004,1.0,11,19,57.9,205,111,6,8,75.0,4,8,50.0,1,3,33.3,0,0.0,0.0,0.0,0,3,0,0,0,Matches,ENG-EPL,24-25
d557d734,78,Matt Doherty,IRL,DF,Wolves,32-227,1992,2.0,59,79,74.7,1031,231,25,31,80.6,28,37,75.7,6,9,66.7,0,0.1,0.1,-0.1,1,3,0,0,4,Matches,ENG-EPL,24-25
fffea3e5,79,Jeremy Doku,BEL,FW,Manchester City,22-095,2002,1.8,61,72,84.7,779,124,50,54,92.6,10,14,71.4,1,2,50.0,0,0.9,0.5,-0.9,3,0,4,0,6,Matches,ENG-EPL,24-25
20b3a502,80,Nicolás Domínguez,ARG,"FW,MF",Nott'ham Forest,26-063,1998,0.6,29,35,82.9,403,135,19,24,79.2,9,9,100.0,1,1,100.0,0,0.0,0.1,0.0,1,5,1,0,3,Matches,ENG-EPL,24-25
02b29014,81,Abdoulaye Doucouré,MLI,MF,Everton,31-242,1993,1.3,19,28,67.9,337,17,7,9,77.8,6,11,54.5,4,6,66.7,0,0.0,0.0,0.0,0,0,0,0,0,Matches,ENG-EPL,24-25
ce4f40c7,82,Cheick Doucouré,MLI,MF,Crystal Palace,24-235,2000,0.1,8,10,80.0,106,25,3,3,100.0,3,3,100.0,0,1,0.0,0,0.0,0.0,0.0,0,0,0,0,1,Matches,ENG-EPL,24-25
69fdb896,83,Flynn Downes,ENG,MF,Southampton,25-223,1999,2.0,135,146,92.5,1923,393,80,84,95.2,43,47,91.5,6,8,75.0,0,0.2,0.2,-0.2,4,12,4,0,12,Matches,ENG-EPL,24-25
5526deb1,84,Tommy Doyle,ENG,MF,Wolves,22-318,2001,0.0,9,9,100.0,167,37,3,3,100.0,5,5,100.0,1,1,100.0,0,0.0,0.0,0.0,1,1,0,0,2,Matches,ENG-EPL,24-25
282f75f3,85,Lewis Dunk,ENG,DF,Brighton,32-283,1991,1.8,136,149,91.3,2211,521,64,66,97.0,57,61,93.4,10,17,58.8,0,0.0,0.0,0.0,1,4,0,0,6,Matches,ENG-EPL,24-25
414184f7,86,Jhon Durán,COL,FW,Aston Villa,20-261,2003,0.6,15,21,71.4,182,43,8,9,88.9,5,7,71.4,0,1,0.0,0,0.0,0.1,0.0,0,1,0,0,1,Matches,ENG-EPL,24-25
3bb7b8b4,87,Ederson,BRA,GK,Manchester City,31-013,1993,2.0,57,63,90.5,1422,713,6,6,100.0,39,40,97.5,12,17,70.6,0,0.0,0.0,0.0,0,1,0,0,0,Matches,ENG-EPL,24-25
46ff3923,88,George Edmundson,ENG,DF,Ipswich Town,26-365,1997,0.0,1,2,50.0,9,0,1,1,100.0,0,0,,0,0,,0,0.0,0.0,0.0,0,0,0,0,0,Matches,ENG-EPL,24-25
0562b7f1,89,Odsonne Édouard,FRA,"MF,FW",Crystal Palace,26-227,1998,1.3,17,28,60.7,230,46,11,16,68.8,4,7,57.1,1,1,100.0,0,0.0,0.0,0.0,1,2,0,0,4,Matches,ENG-EPL,24-25
007414dd,90,Samuel Edozie,ENG,"DF,FW",Southampton,21-215,2003,0.7,25,33,75.8,316,67,19,21,90.5,6,7,85.7,0,3,0.0,0,0.1,0.2,-0.1,1,0,3,0,4,Matches,ENG-EPL,24-25
2fba6108,91,Anthony Elanga,SWE,FW,Nott'ham Forest,22-125,2002,1.6,45,59,76.3,599,220,28,29,96.6,8,15,53.3,3,8,37.5,0,0.4,0.4,-0.4,5,1,3,0,5,Matches,ENG-EPL,24-25
b9e1436c,92,Harvey Elliott,ENG,FW,Liverpool,21-148,2003,0.1,12,14,85.7,156,10,10,10,100.0,2,2,100.0,0,0,,0,0.0,0.0,0.0,0,0,0,0,0,Matches,ENG-EPL,24-25
9cfbad36,93,Julio Enciso,PAR,MF,Brighton,20-220,2004,0.1,4,8,50.0,67,13,1,2,50.0,0,2,0.0,1,2,50.0,0,0.0,0.0,0.0,0,0,0,0,0,Matches,ENG-EPL,24-25
c149016b,94,Wataru Endo,JPN,MF,Liverpool,31-203,1993,0.0,1,1,100.0,6,0,1,1,100.0,0,0,,0,0,,0,0.0,0.0,0.0,0,0,0,0,0,Matches,ENG-EPL,24-25
6f3cc2fe,95,Evanilson,BRA,FW,Bournemouth,24-329,1999,0.8,6,11,54.5,74,15,4,6,66.7,0,0,,1,1,100.0,0,0.0,0.0,0.0,0,1,0,0,1,Matches,ENG-EPL,24-25
f8fcd2a5,96,Jonny Evans,NIR,DF,Manchester Utd,36-240,1988,0.1,4,6,66.7,78,30,1,1,100.0,3,4,75.0,0,0,,0,0.0,0.0,0.0,0,0,0,0,0,Matches,ENG-EPL,24-25
ae4fc6a4,97,Eberechi Eze,ENG,MF,Crystal Palace,26-062,1998,2.0,67,87,77.0,1084,252,34,39,87.2,30,35,85.7,2,6,33.3,0,0.3,0.2,-0.3,4,8,2,0,10,Matches,ENG-EPL,24-25
9c221d14,98,Wout Faes,BEL,DF,Leicester City,26-149,1998,2.0,85,95,89.5,1479,417,38,40,95.0,40,41,97.6,7,14,50.0,0,0.0,0.0,0.0,0,2,0,0,1,Matches,ENG-EPL,24-25
bceda5ff,99,Abdul Fatawu Issahaku,GHA,"FW,MF",Leicester City,20-175,2004,2.0,30,49,61.2,596,173,14,17,82.4,10,16,62.5,6,13,46.2,1,0.5,0.6,0.5,2,3,2,1,4,Matches,ENG-EPL,24-25
8aafd64f,100,João Félix,POR,"MF,FW",Chelsea,24-294,1999,0.3,10,13,76.9,130,25,6,8,75.0,3,3,100.0,0,1,0.0,0,0.0,0.0,0.0,0,1,1,0,1,Matches,ENG-EPL,24-25
507c7bdf,101,Bruno Fernandes,POR,"FW,MF",Manchester Utd,29-357,1994,1.9,75,105,71.4,1262,456,33,35,94.3,31,38,81.6,6,17,35.3,0,0.8,0.8,-0.8,3,8,2,1,12,Matches,ENG-EPL,24-25
ef491564,102,Mateus Fernandes,POR,"MF,DF",Southampton,20-051,2004,0.2,11,12,91.7,135,18,8,8,100.0,3,4,75.0,0,0,,0,0.0,0.0,0.0,0,1,0,0,2,Matches,ENG-EPL,24-25
5ff4ab71,103,Enzo Fernández,ARG,MF,Chelsea,23-226,2001,2.0,90,115,78.3,1648,463,41,46,89.1,34,42,81.0,13,20,65.0,0,0.1,0.1,-0.1,2,11,0,0,8,Matches,ENG-EPL,24-25
a92ab7be,104,Mark Flekken,NED,GK,Brentford,31-078,1993,2.0,83,109,76.1,2597,1552,5,6,83.3,36,38,94.7,42,65,64.6,0,0.0,0.0,0.0,0,1,0,0,0,Matches,ENG-EPL,24-25
ed1e53f3,105,Phil Foden,ENG,FW,Manchester City,24-094,2000,0.5,24,28,85.7,342,62,14,17,82.4,10,10,100.0,0,0,,0,0.0,0.0,0.0,0,1,0,0,1,Matches,ENG-EPL,24-25
132a82f1,106,Wesley Fofana,FRA,DF,Chelsea,23-257,2000,2.0,91,103,88.3,1658,538,34,35,97.1,52,54,96.3,5,13,38.5,0,0.0,0.0,0.0,0,6,0,0,3,Matches,ENG-EPL,24-25
4f16405e,107,Niclas Füllkrug,GER,FW,West Ham,31-203,1993,0.5,8,9,88.9,89,19,6,6,100.0,1,2,50.0,0,0,,0,0.0,0.0,0.0,0,1,0,0,0,Matches,ENG-EPL,24-25
1971591f,108,Cody Gakpo,NED,FW,Liverpool,25-115,1999,0.3,13,18,72.2,154,28,8,9,88.9,5,8,62.5,0,0,,0,0.0,0.0,0.0,0,0,1,0,1,Matches,ENG-EPL,24-25
72c812f3,109,Idrissa Gana Gueye,SEN,MF,Everton,34-339,1989,2.0,53,63,84.1,938,160,23,26,88.5,25,27,92.6,5,9,55.6,0,0.0,0.0,0.0,0,6,0,0,8,Matches,ENG-EPL,24-25
7aa8adfe,110,Alejandro Garnacho,ARG,FW,Manchester Utd,20-060,2004,0.6,21,27,77.8,306,67,14,16,87.5,6,7,85.7,1,2,50.0,1,0.2,0.2,0.8,3,2,1,1,2,Matches,ENG-EPL,24-25
32f60ed8,111,Morgan Gibbs-White,ENG,MF,Nott'ham Forest,24-216,2000,2.0,72,97,74.2,1105,270,42,51,82.4,23,28,82.1,5,9,55.6,0,0.3,0.1,-0.3,6,12,2,0,12,Matches,ENG-EPL,24-25
df10e27c,112,Billy Gilmour,SCO,MF,Brighton,23-080,2001,1.1,58,67,86.6,980,346,36,38,94.7,18,22,81.8,4,7,57.1,0,0.0,0.0,0.0,0,12,2,0,11,Matches,ENG-EPL,24-25
8b57ad2c,113,João Gomes,BRA,MF,Wolves,23-200,2001,1.9,66,79,83.5,1053,335,42,50,84.0,18,21,85.7,5,7,71.4,0,0.0,0.0,0.0,0,11,1,0,11,Matches,ENG-EPL,24-25
8dcf77c0,114,Rodrigo Gomes,POR,"FW,MF",Wolves,21-054,2003,1.1,13,25,52.0,168,18,9,13,69.2,4,9,44.4,0,2,0.0,0,0.0,0.0,0.0,0,0,0,0,1,Matches,ENG-EPL,24-25
f0caab96,115,Toti Gomes,POR,DF,Wolves,25-227,1999,2.0,86,98,87.8,1497,350,30,33,90.9,51,52,98.1,4,6,66.7,1,0.5,0.2,0.5,1,4,0,0,1,Matches,ENG-EPL,24-25
2bd83368,116,Anthony Gordon,ENG,FW,Newcastle Utd,23-188,2001,1.7,38,54,70.4,541,177,21,22,95.5,14,20,70.0,1,4,25.0,0,0.4,0.4,-0.4,5,2,4,3,3,Matches,ENG-EPL,24-25
b8e740fb,117,Ryan Gravenberch,NED,MF,Liverpool,22-106,2002,2.0,122,135,90.4,1875,496,66,72,91.7,49,51,96.1,5,8,62.5,0,0.0,0.4,0.0,0,13,2,0,11,Matches,ENG-EPL,24-25
f58515f5,118,Archie Gray,ENG,MF,Tottenham,18-171,2006,0.3,32,36,88.9,415,113,24,25,96.0,7,8,87.5,1,1,100.0,0,0.0,0.0,0.0,0,1,0,0,2,Matches,ENG-EPL,24-25
b0b4fd3e,119,Jack Grealish,ENG,FW,Manchester City,28-355,1995,0.2,12,14,85.7,234,1,5,7,71.4,5,5,100.0,2,2,100.0,0,0.0,0.0,0.0,0,0,0,0,0,Matches,ENG-EPL,24-25
1f169636,120,Jacob Greaves,ENG,DF,Ipswich Town,23-353,2000,2.0,55,64,85.9,924,303,26,28,92.9,26,28,92.9,3,7,42.9,0,0.0,0.0,0.0,0,1,0,0,2,Matches,ENG-EPL,24-25
d0706b27,121,Marc Guéhi,ENG,DF,Crystal Palace,24-048,2000,2.0,113,130,86.9,2296,928,40,41,97.6,61,68,89.7,12,20,60.0,0,0.0,0.0,0.0,0,10,0,0,6,Matches,ENG-EPL,24-25
82518f62,122,Bruno Guimarães,BRA,MF,Newcastle Utd,26-288,1997,2.0,77,103,74.8,1416,574,34,40,85.0,31,36,86.1,10,21,47.6,0,0.1,0.3,-0.1,2,12,7,0,17,Matches,ENG-EPL,24-25
d3d774cc,123,Marc Guiu,ESP,FW,Chelsea,18-239,2006,0.3,3,4,75.0,32,0,3,3,100.0,0,1,0.0,0,0,,0,0.0,0.0,0.0,0,0,0,0,0,Matches,ENG-EPL,24-25
819b3158,124,İlkay Gündoğan,GER,MF,Manchester City,33-311,1990,0.2,15,18,83.3,193,18,10,11,90.9,3,4,75.0,1,2,50.0,0,0.0,0.0,0.0,0,0,0,0,1,Matches,ENG-EPL,24-25
d56b9520,125,Malo Gusto,FRA,DF,Chelsea,21-103,2003,2.0,82,96,85.4,1175,204,50,52,96.2,28,34,82.4,2,3,66.7,0,0.1,0.1,-0.1,1,4,2,0,3,Matches,ENG-EPL,24-25
5ad50391,126,Joško Gvardiol,CRO,DF,Manchester City,22-220,2002,2.0,156,168,92.9,2552,752,67,69,97.1,80,85,94.1,8,10,80.0,0,0.0,0.1,0.0,0,16,1,0,15,Matches,ENG-EPL,24-25
1f44ac21,127,Erling Haaland,NOR,FW,Manchester City,24-040,2000,2.0,10,18,55.6,104,15,7,12,58.3,2,3,66.7,0,0,,0,0.0,0.0,0.0,0,1,0,0,2,Matches,ENG-EPL,24-25
da011f18,128,Lewis Hall,ENG,DF,Newcastle Utd,19-357,2004,1.0,32,47,68.1,526,259,17,23,73.9,10,14,71.4,3,6,50.0,0,0.2,0.1,-0.2,2,3,0,0,5,Matches,ENG-EPL,24-25
8450467d,129,Ali Al Hamadi,IRQ,FW,Ipswich Town,22-182,2002,0.3,1,1,100.0,13,0,1,1,100.0,0,0,,0,0,,0,0.0,0.0,0.0,0,0,0,0,0,Matches,ENG-EPL,24-25
90e9ca3d,130,Marcus Harness,ENG,MF,Ipswich Town,28-188,1996,0.5,10,16,62.5,89,23,9,11,81.8,0,1,0.0,0,1,0.0,0,0.0,0.1,0.0,0,0,2,0,2,Matches,ENG-EPL,24-25
aa849a12,131,Jack Harrison,ENG,FW,Everton,27-284,1996,1.6,20,33,60.6,253,76,16,21,76.2,4,6,66.7,0,2,0.0,0,0.1,0.3,-0.1,1,2,0,0,3,Matches,ENG-EPL,24-25
47327321,132,Taylor Harwood-Bellis,ENG,DF,Southampton,22-213,2002,1.8,163,185,88.1,2617,945,82,87,94.3,69,77,89.6,9,17,52.9,0,0.0,0.0,0.0,1,18,1,0,10,Matches,ENG-EPL,24-25
fed7cb61,133,Kai Havertz,GER,FW,Arsenal,25-080,1999,2.0,34,41,82.9,464,105,26,31,83.9,7,9,77.8,1,1,100.0,1,0.1,0.1,0.9,2,1,2,0,7,Matches,ENG-EPL,24-25
4fd08daa,134,Jan Paul van Hecke,NED,DF,Brighton,24-083,2000,2.0,157,173,90.8,2755,1112,66,71,93.0,82,86,95.3,7,12,58.3,0,0.0,0.0,0.0,0,3,0,0,10,Matches,ENG-EPL,24-25
169fd162,135,Hwang Hee-chan,KOR,"FW,MF",Wolves,28-217,1996,1.6,28,36,77.8,381,76,21,26,80.8,7,8,87.5,0,0,,0,0.1,0.1,-0.1,1,1,2,1,3,Matches,ENG-EPL,24-25
e5a76dfe,136,Dean Henderson,ENG,GK,Crystal Palace,27-171,1997,2.0,37,57,64.9,740,448,11,11,100.0,19,19,100.0,5,25,20.0,0,0.0,0.0,0.0,0,0,0,0,0,Matches,ENG-EPL,24-25
c924b17d,137,Mads Hermansen,DEN,GK,Leicester City,24-050,2000,2.0,53,75,70.7,1240,836,13,13,100.0,29,30,96.7,11,31,35.5,0,0.0,0.0,0.0,0,1,0,0,0,Matches,ENG-EPL,24-25
92e7e919,138,Son Heung-min,KOR,FW,Tottenham,32-053,1992,2.0,70,87,80.5,1014,170,36,41,87.8,25,28,89.3,3,6,50.0,0,0.4,0.3,-0.4,2,4,6,1,9,Matches,ENG-EPL,24-25
e98211e7,139,Jack Hinshelwood,ENG,DF,Brighton,19-141,2005,2.0,99,120,82.5,1666,398,56,62,90.3,29,35,82.9,13,19,68.4,0,0.0,0.2,0.0,1,7,1,0,9,Matches,ENG-EPL,24-25
d0042ab9,140,Mason Holgate,ENG,"FW,DF",Everton,27-313,1996,0.1,2,2,100.0,55,0,0,0,,1,1,100.0,1,1,100.0,0,0.0,0.0,0.0,0,0,0,0,0,Matches,ENG-EPL,24-25
15f3ec41,141,Callum Hudson-Odoi,ENG,FW,Nott'ham Forest,23-297,2000,1.8,65,77,84.4,1022,207,37,43,86.0,21,24,87.5,6,7,85.7,0,0.5,0.5,-0.5,7,1,4,1,8,Matches,ENG-EPL,24-25
a0666d3e,142,Will Hughes,ENG,MF,Crystal Palace,29-135,1995,0.9,43,49,87.8,640,204,21,23,91.3,17,18,94.4,2,3,66.7,0,0.0,0.0,0.0,1,4,1,0,4,Matches,ENG-EPL,24-25
87278bce,143,Dean Huijsen,ESP,DF,Bournemouth,19-138,2005,1.0,56,68,82.4,1060,470,16,17,94.1,36,41,87.8,4,9,44.4,0,0.0,0.0,0.0,0,1,0,0,4,Matches,ENG-EPL,24-25
bd9553e6,144,Omari Hutchinson,ENG,"FW,MF",Ipswich Town,20-305,2003,2.0,24,37,64.9,329,26,15,16,93.8,7,13,53.8,1,2,50.0,0,0.0,0.0,0.0,0,1,1,0,1,Matches,ENG-EPL,24-25
07802f7f,145,Danny Ings,ENG,FW,West Ham,32-038,1992,0.1,2,4,50.0,15,3,2,2,100.0,0,1,0.0,0,1,0.0,0,0.0,0.0,0.0,0,0,0,0,0,Matches,ENG-EPL,24-25
84c5ceea,146,Tim Iroegbunam,ENG,MF,Everton,21-061,2003,2.0,27,43,62.8,464,144,12,16,75.0,9,14,64.3,3,6,50.0,0,0.0,0.0,0.0,0,3,0,0,4,Matches,ENG-EPL,24-25
8e92be30,147,Alexander Isak,SWE,FW,Newcastle Utd,24-344,1999,2.0,19,29,65.5,269,50,11,14,78.6,7,8,87.5,0,1,0.0,1,0.3,0.1,0.7,2,0,1,0,2,Matches,ENG-EPL,24-25
6ca5ec4b,148,Alex Iwobi,NGA,FW,Fulham,28-119,1996,2.0,53,75,70.7,752,174,33,34,97.1,17,28,60.7,3,6,50.0,0,0.0,0.2,0.0,1,4,6,1,10,Matches,ENG-EPL,24-25
9c36ed83,149,Nicolas Jackson,SEN,FW,Chelsea,23-071,2001,1.5,29,37,78.4,489,129,13,18,72.2,12,14,85.7,3,3,100.0,1,0.3,0.1,0.7,4,4,1,0,4,Matches,ENG-EPL,24-25
8449d35e,150,Vitaly Janelt,GER,MF,Brentford,26-112,1998,1.6,44,50,88.0,835,338,20,23,87.0,20,21,95.2,4,5,80.0,0,0.0,0.0,0.0,1,9,1,1,8,Matches,ENG-EPL,24-25
03edb878,151,Daniel Jebbison,ENG,FW,Bournemouth,21-017,2003,0.3,3,5,60.0,38,6,3,4,75.0,0,0,,0,0,,0,0.0,0.0,0.0,1,1,0,0,0,Matches,ENG-EPL,24-25
0f134faf,152,Mathias Jensen,DEN,MF,Brentford,28-242,1996,1.6,42,61,68.9,804,279,18,22,81.8,15,21,71.4,7,14,50.0,0,0.3,0.2,-0.3,3,3,2,2,6,Matches,ENG-EPL,24-25
b66315ae,153,Gabriel Jesus,BRA,FW,Arsenal,27-149,1997,0.1,4,4,100.0,33,0,4,4,100.0,0,0,,0,0,,0,0.0,0.0,0.0,0,0,0,0,0,Matches,ENG-EPL,24-25
b561db50,154,Raúl Jiménez,MEX,FW,Fulham,33-117,1991,0.3,4,7,57.1,98,24,1,2,50.0,2,3,66.7,1,1,100.0,0,0.0,0.0,0.0,0,1,0,0,1,Matches,ENG-EPL,24-25
e8832875,155,João Pedro,BRA,"MF,FW",Brighton,22-339,2001,1.9,28,40,70.0,522,218,13,22,59.1,11,12,91.7,3,3,100.0,0,0.2,0.1,-0.2,2,4,6,1,8,Matches,ENG-EPL,24-25
c17bfb65,156,Joelinton,BRA,MF,Newcastle Utd,28-016,1996,2.0,54,76,71.1,704,221,37,47,78.7,14,18,77.8,2,5,40.0,0,0.0,0.0,0.0,1,6,1,0,7,Matches,ENG-EPL,24-25
9319781b,157,Ben Johnson,ENG,"DF,FW",Ipswich Town,24-219,2000,1.4,20,30,66.7,340,212,11,16,68.8,7,9,77.8,2,3,66.7,1,0.3,0.2,0.7,1,1,1,1,2,Matches,ENG-EPL,24-25
0cd31129,158,Brennan Johnson,WAL,FW,Tottenham,23-099,2001,1.9,36,51,70.6,420,52,24,31,77.4,12,16,75.0,0,1,0.0,0,0.2,0.1,-0.2,1,2,0,0,2,Matches,ENG-EPL,24-25
178ae8f8,159,Diogo Jota,POR,FW,Liverpool,27-270,1996,1.7,22,30,73.3,330,85,11,16,68.8,6,6,100.0,2,3,66.7,1,0.7,0.1,0.3,2,2,1,0,3,Matches,ENG-EPL,24-25
fb614c44,160,James Justin,ENG,DF,Leicester City,26-189,1998,2.0,69,80,86.3,1132,468,37,40,92.5,29,32,90.6,3,6,50.0,0,0.0,0.0,0.0,0,5,1,1,1,Matches,ENG-EPL,24-25
15b287da,161,Daichi Kamada,JPN,MF,Crystal Palace,28-025,1996,1.1,51,60,85.0,907,209,23,26,88.5,24,29,82.8,4,4,100.0,0,0.1,0.1,-0.1,4,6,1,0,9,Matches,ENG-EPL,24-25
c5b7c315,162,Michael Keane,ENG,DF,Everton,31-232,1993,2.0,72,86,83.7,1815,665,22,25,88.0,29,32,90.6,21,23,91.3,0,0.1,0.0,-0.1,1,8,0,0,7,Matches,ENG-EPL,24-25
f31def1e,163,Lloyd Kelly,ENG,DF,Newcastle Utd,25-329,1998,1.0,30,37,81.1,485,202,17,18,94.4,13,17,76.5,0,1,0.0,0,0.0,0.0,0.0,0,1,0,0,2,Matches,ENG-EPL,24-25
0ad53bdc,164,Milos Kerkez,HUN,DF,Bournemouth,20-297,2003,2.0,71,93,76.3,1124,384,42,45,93.3,21,29,72.4,6,13,46.2,0,0.0,0.0,0.0,1,5,0,0,11,Matches,ENG-EPL,24-25
d0f72bf1,165,Max Kilman,ENG,DF,West Ham,27-099,1997,2.0,119,137,86.9,2506,882,29,33,87.9,73,76,96.1,16,24,66.7,1,0.2,0.1,0.8,3,7,1,0,10,Matches,ENG-EPL,24-25
4c3a6744,166,Justin Kluivert,NED,"MF,FW",Bournemouth,25-117,1999,1.1,26,35,74.3,449,89,13,16,81.3,11,14,78.6,2,3,66.7,0,0.1,0.2,-0.1,2,0,2,0,7,Matches,ENG-EPL,24-25
5ed9b537,167,Ibrahima Konaté,FRA,DF,Liverpool,25-097,1999,1.5,101,106,95.3,1768,671,43,44,97.7,55,55,100.0,3,7,42.9,0,0.0,0.0,0.0,0,8,1,0,6,Matches,ENG-EPL,24-25
0313a347,168,Ezri Konsa,ENG,DF,Aston Villa,26-312,1997,2.0,85,92,92.4,1407,441,35,36,97.2,48,51,94.1,1,4,25.0,0,0.0,0.0,0.0,1,6,0,0,3,Matches,ENG-EPL,24-25
79c0821a,169,Mateo Kovačić,CRO,MF,Manchester City,30-116,1994,1.5,92,98,93.9,1542,425,42,42,100.0,48,50,96.0,2,6,33.3,0,0.0,0.1,0.0,2,8,1,0,6,Matches,ENG-EPL,24-25
77cf6852,170,Emil Krafth,SWE,DF,Newcastle Utd,30-028,1994,1.7,39,49,79.6,729,319,13,17,76.5,23,26,88.5,3,5,60.0,0,0.1,0.0,-0.1,1,3,0,0,1,Matches,ENG-EPL,24-25
b62878a5,171,Mohammed Kudus,GHA,MF,West Ham,24-028,2000,2.0,38,52,73.1,678,86,17,20,85.0,17,19,89.5,4,6,66.7,0,0.5,0.6,-0.5,2,3,0,0,4,Matches,ENG-EPL,24-25
df3cda47,172,Dejan Kulusevski,SWE,MF,Tottenham,24-127,2000,0.9,27,32,84.4,334,92,16,16,100.0,6,8,75.0,1,3,33.3,1,0.2,0.3,0.8,4,1,2,0,4,Matches,ENG-EPL,24-25
ecad9aa5,173,Roméo Lavia,BEL,MF,Chelsea,20-237,2004,0.7,38,39,97.4,674,224,14,15,93.3,22,22,100.0,1,1,100.0,0,0.5,0.2,-0.5,1,3,1,0,2,Matches,ENG-EPL,24-25
2b471f99,174,Mario Lemina,GAB,MF,Wolves,30-364,1993,2.0,54,63,85.7,1081,400,17,19,89.5,30,32,93.8,7,10,70.0,0,0.0,0.3,0.0,0,6,2,0,5,Matches,ENG-EPL,24-25
2628fd2b,175,Bernd Leno,GER,GK,Fulham,32-179,1992,2.0,61,80,76.3,1541,875,8,8,100.0,39,40,97.5,13,31,41.9,0,0.0,0.0,0.0,0,1,0,0,0,Matches,ENG-EPL,24-25
9b5ce51a,176,Jefferson Lerma,COL,MF,Crystal Palace,29-310,1994,0.9,50,61,82.0,893,243,23,27,85.2,22,26,84.6,5,7,71.4,0,0.5,0.3,-0.5,1,7,1,0,7,Matches,ENG-EPL,24-25
b57e066e,177,Rico Lewis,ENG,"MF,DF",Manchester City,19-283,2004,2.0,105,125,84.0,1427,229,69,82,84.1,34,35,97.1,1,2,50.0,0,0.0,0.1,0.0,0,10,2,0,6,Matches,ENG-EPL,24-25
41f08ac8,178,Keane Lewis-Potter,ENG,"MF,FW",Brentford,23-190,2001,0.9,16,24,66.7,321,37,7,9,77.8,5,7,71.4,3,3,100.0,0,0.0,0.0,0.0,1,0,1,0,2,Matches,ENG-EPL,24-25
d6e53a3a,179,Matthijs de Ligt,NED,DF,Manchester Utd,25-018,1999,0.2,10,10,100.0,187,43,4,4,100.0,5,5,100.0,1,1,100.0,0,0.0,0.0,0.0,0,1,0,0,1,Matches,ENG-EPL,24-25
37dc1a48,180,Jesper Lindstrøm,DEN,FW,Everton,24-183,2000,0.4,5,7,71.4,88,13,4,4,100.0,0,1,0.0,1,2,50.0,0,0.0,0.0,0.0,0,0,0,0,0,Matches,ENG-EPL,24-25
afed6722,181,Valentino Livramento,ENG,DF,Newcastle Utd,21-292,2002,1.6,45,64,70.3,714,289,22,29,75.9,22,28,78.6,1,6,16.7,0,0.0,0.0,0.0,0,1,0,0,1,Matches,ENG-EPL,24-25
a2b105e0,182,Sean Longstaff,ENG,MF,Newcastle Utd,26-305,1997,1.8,41,49,83.7,541,122,27,30,90.0,13,14,92.9,1,2,50.0,0,0.0,0.0,0.0,1,0,0,0,4,Matches,ENG-EPL,24-25
c6e8cf1f,183,Saša Lukić,SRB,MF,Fulham,28-017,1996,2.0,101,110,91.8,1502,378,51,54,94.4,45,48,93.8,3,3,100.0,0,0.0,0.0,0.0,1,7,1,0,8,Matches,ENG-EPL,24-25
967ac6e1,184,Massimo Luongo,AUS,MF,Ipswich Town,31-340,1992,1.5,30,40,75.0,422,109,18,21,85.7,8,12,66.7,2,4,50.0,0,0.0,0.0,0.0,0,1,0,0,4,Matches,ENG-EPL,24-25
cab9634e,185,Ian Maatsen,NED,DF,Aston Villa,22-173,2002,0.4,17,20,85.0,271,105,6,8,75.0,9,9,100.0,1,1,100.0,0,0.2,0.1,-0.2,2,0,4,1,3,Matches,ENG-EPL,24-25
83d074ff,186,Alexis Mac Allister,ARG,MF,Liverpool,25-250,1998,2.0,85,99,85.9,1449,405,39,44,88.6,37,40,92.5,7,8,87.5,0,0.2,0.1,-0.2,2,11,2,0,12,Matches,ENG-EPL,24-25
ee38d9c5,187,James Maddison,ENG,MF,Tottenham,27-281,1996,1.7,112,139,80.6,1876,664,54,60,90.0,47,55,85.5,9,20,45.0,2,0.6,1.4,1.4,5,14,6,2,25,Matches,ENG-EPL,24-25
bf34eebd,188,Noni Madueke,ENG,FW,Chelsea,22-173,2002,1.0,16,21,76.2,211,44,14,15,93.3,2,3,66.7,0,1,0.0,0,0.4,0.1,-0.4,1,0,0,0,1,Matches,ENG-EPL,24-25
67ac5bb8,189,Gabriel Magalhães,BRA,DF,Arsenal,26-255,1997,2.0,131,149,87.9,2417,625,48,51,94.1,73,83,88.0,10,13,76.9,0,0.0,0.0,0.0,0,5,2,0,9,Matches,ENG-EPL,24-25
d8931174,190,Harry Maguire,ENG,DF,Manchester Utd,31-178,1993,1.8,91,105,86.7,1549,490,32,33,97.0,50,57,87.7,4,9,44.4,0,0.0,0.0,0.0,1,5,1,0,8,Matches,ENG-EPL,24-25
c6220452,191,Kobbie Mainoo,ENG,MF,Manchester Utd,19-133,2005,1.9,78,86,90.7,1056,311,47,50,94.0,20,22,90.9,3,3,100.0,0,0.0,0.0,0.0,0,6,1,0,8,Matches,ENG-EPL,24-25
48a5a5d6,192,Gabriel Martinelli,BRA,FW,Arsenal,23-073,2001,1.7,33,44,75.0,522,63,23,27,85.2,6,9,66.7,4,4,100.0,0,0.7,0.6,-0.7,5,0,1,1,2,Matches,ENG-EPL,24-25
7956236f,193,Emiliano Martínez,ARG,GK,Aston Villa,31-363,1992,2.0,59,77,76.6,1689,1023,10,10,100.0,30,31,96.8,19,36,52.8,0,0.0,0.0,0.0,0,2,0,0,0,Matches,ENG-EPL,24-25
bac46a10,194,Lisandro Martínez,ARG,DF,Manchester Utd,26-225,1998,2.0,125,135,92.6,2108,809,49,52,94.2,69,71,97.2,6,10,60.0,0,0.0,0.2,0.0,1,10,2,0,13,Matches,ENG-EPL,24-25
feb5d972,195,Pape Matar Sarr,SEN,MF,Tottenham,21-351,2002,1.1,52,60,86.7,827,215,33,37,89.2,13,14,92.9,6,6,100.0,0,0.1,0.0,-0.1,1,11,0,0,8,Matches,ENG-EPL,24-25
50e6dc35,196,Jean-Philippe Mateta,FRA,FW,Crystal Palace,27-063,1997,1.5,19,25,76.0,296,93,13,16,81.3,4,6,66.7,2,3,66.7,0,0.3,0.2,-0.3,2,4,1,0,4,Matches,ENG-EPL,24-25
30144daa,197,Stephy Mavididi,ENG,FW,Leicester City,26-091,1998,0.4,8,9,88.9,134,56,4,4,100.0,4,5,80.0,0,0,,0,0.0,0.1,0.0,1,1,1,0,2,Matches,ENG-EPL,24-25
00963611,198,Konstantinos Mavropanos,GRE,DF,West Ham,26-263,1997,2.0,84,106,79.2,1654,390,25,29,86.2,50,58,86.2,8,15,53.3,0,0.0,0.0,0.0,0,2,0,0,4,Matches,ENG-EPL,24-25
b74277a0,199,Noussair Mazraoui,MAR,DF,Manchester Utd,26-290,1997,1.9,75,87,86.2,1088,378,39,47,83.0,36,39,92.3,0,0,,1,0.1,0.0,0.9,2,7,0,0,8,Matches,ENG-EPL,24-25
6afaebf2,200,Bryan Mbeumo,CMR,FW,Brentford,25-023,1999,2.0,32,52,61.5,449,154,17,22,77.3,12,17,70.6,1,4,25.0,0,0.6,0.6,-0.6,4,0,4,1,3,Matches,ENG-EPL,24-25
96593e89,201,James Mcatee,ENG,FW,Manchester City,21-317,2002,0.0,4,4,100.0,45,18,3,3,100.0,1,1,100.0,0,0,,0,0.0,0.0,0.0,0,0,0,0,0,Matches,ENG-EPL,24-25
b2c66859,202,Kasey McAteer,ENG,"FW,MF",Leicester City,22-282,2001,0.1,6,11,54.5,89,9,4,7,57.1,2,3,66.7,0,1,0.0,0,0.0,0.0,0.0,0,1,0,0,0,Matches,ENG-EPL,24-25
36c2ca73,203,Alex McCarthy,ENG,GK,Southampton,34-271,1989,2.0,46,53,86.8,923,609,18,20,90.0,19,20,95.0,8,12,66.7,0,0.0,0.0,0.0,0,1,0,0,0,Matches,ENG-EPL,24-25
90f91999,204,John McGinn,SCO,"MF,FW",Aston Villa,29-317,1994,1.4,25,28,89.3,393,142,13,13,100.0,8,9,88.9,3,5,60.0,0,0.0,0.0,0.0,0,3,0,0,4,Matches,ENG-EPL,24-25
fc15fb84,205,Dwight McNeil,ENG,"FW,MF",Everton,24-282,1999,2.0,57,76,75.0,1105,392,20,24,83.3,27,31,87.1,8,15,53.3,0,0.6,0.8,-0.6,7,4,3,2,7,Matches,ENG-EPL,24-25
d93c2511,206,Scott McTominay,SCO,MF,Manchester Utd,27-266,1996,0.2,10,10,100.0,186,99,5,5,100.0,3,3,100.0,2,2,100.0,0,0.0,0.0,0.0,0,2,0,0,1,Matches,ENG-EPL,24-25
8df7a2fb,207,Ben Mee,ENG,DF,Brentford,34-344,1989,0.0,1,2,50.0,33,0,0,0,,0,0,,1,2,50.0,0,0.0,0.0,0.0,0,0,0,0,0,Matches,ENG-EPL,24-25
bee704fc,208,Nikola Milenković,SRB,DF,Nott'ham Forest,26-323,1997,1.0,28,29,96.6,507,153,9,9,100.0,18,19,94.7,1,1,100.0,0,0.0,0.0,0.0,1,1,0,0,2,Matches,ENG-EPL,24-25
2f90f6b8,209,James Milner,ENG,MF,Brighton,38-239,1986,1.7,53,71,74.6,871,340,25,27,92.6,22,29,75.9,4,10,40.0,0,0.2,0.2,-0.2,4,3,1,1,9,Matches,ENG-EPL,24-25
c3cf087d,210,Yankuba Minteh,GAM,FW,Brighton,20-039,2004,1.5,22,40,55.0,306,117,11,16,68.8,9,12,75.0,0,2,0.0,1,1.3,0.9,-0.3,5,1,3,1,5,Matches,ENG-EPL,24-25
5cbd1eb0,211,Tyrick Mitchell,ENG,DF,Crystal Palace,24-364,1999,2.0,82,108,75.9,1209,403,49,55,89.1,30,42,71.4,2,7,28.6,0,0.3,0.1,-0.3,4,6,2,2,7,Matches,ENG-EPL,24-25
74618572,212,Kaoru Mitoma,JPN,FW,Brighton,27-102,1997,2.0,37,45,82.2,405,78,28,31,90.3,7,9,77.8,0,2,0.0,1,0.8,0.6,0.2,1,1,2,0,4,Matches,ENG-EPL,24-25
a23c0949,213,Sam Morsy,EGY,MF,Ipswich Town,32-355,1991,2.0,68,81,84.0,989,281,40,42,95.2,23,25,92.0,3,7,42.9,0,0.1,0.1,-0.1,1,5,0,0,2,Matches,ENG-EPL,24-25
1e159d70,214,Yerson Mosquera,COL,DF,Wolves,23-120,2001,2.0,77,95,81.1,1282,415,34,37,91.9,39,42,92.9,3,11,27.3,0,0.1,0.0,-0.1,1,8,1,1,2,Matches,ENG-EPL,24-25
9674002f,215,Mason Mount,ENG,MF,Manchester Utd,25-233,1999,1.2,26,33,78.8,311,72,17,20,85.0,7,10,70.0,0,0,,0,0.1,0.0,-0.1,2,2,0,0,3,Matches,ENG-EPL,24-25
049a888d,216,Mykhailo Mudryk,UKR,FW,Chelsea,23-238,2001,0.5,5,9,55.6,73,19,3,5,60.0,2,3,66.7,0,0,,0,0.0,0.0,0.0,0,0,1,0,1,Matches,ENG-EPL,24-25
a755db8c,217,Rodrigo Muniz,BRA,FW,Fulham,23-118,2001,1.7,10,14,71.4,149,39,5,6,83.3,4,5,80.0,1,1,100.0,0,0.2,0.0,-0.2,4,1,0,0,3,Matches,ENG-EPL,24-25
778ef829,218,Daniel Muñoz,COL,DF,Crystal Palace,28-096,1996,2.0,90,114,78.9,1437,278,49,59,83.1,37,45,82.2,4,6,66.7,0,0.0,0.0,0.0,1,5,0,0,3,Matches,ENG-EPL,24-25
99aa1a84,219,Arijanet Muric,KVX,GK,Ipswich Town,25-297,1998,1.0,26,36,72.2,551,415,11,11,100.0,10,10,100.0,5,15,33.3,0,0.0,0.0,0.0,0,2,0,0,0,Matches,ENG-EPL,24-25
1704b0b8,220,Murillo,BRA,DF,Nott'ham Forest,22-057,2002,2.0,64,72,88.9,1103,348,26,27,96.3,31,34,91.2,5,8,62.5,0,0.1,0.1,-0.1,1,2,0,0,2,Matches,ENG-EPL,24-25
de112b84,221,Jacob Murphy,ENG,FW,Newcastle Utd,29-188,1995,1.0,25,37,67.6,422,164,14,15,93.3,9,13,69.2,2,6,33.3,0,0.0,0.0,0.0,1,5,1,0,8,Matches,ENG-EPL,24-25
30d4a2e5,222,Vitaliy Mykolenko,UKR,DF,Everton,25-093,1999,2.0,62,76,81.6,997,303,24,26,92.3,32,38,84.2,2,6,33.3,0,0.0,0.0,0.0,0,4,1,0,6,Matches,ENG-EPL,24-25
5ed97752,223,Iliman Ndiaye,SEN,"FW,MF",Everton,24-177,2000,0.7,10,14,71.4,136,11,7,8,87.5,3,4,75.0,0,0,,0,0.0,0.0,0.0,0,0,0,0,0,Matches,ENG-EPL,24-25
6b47c5db,224,Wilfred Ndidi,NGA,MF,Leicester City,27-258,1996,2.0,68,81,84.0,1121,366,38,42,90.5,23,28,82.1,6,8,75.0,0,0.0,0.0,0.0,1,3,0,0,8,Matches,ENG-EPL,24-25
c70be9cf,225,Kosta Nedeljković,SRB,DF,Aston Villa,18-258,2005,0.9,26,30,86.7,477,96,12,13,92.3,11,13,84.6,3,4,75.0,0,0.0,0.0,0.0,0,4,0,0,2,Matches,ENG-EPL,24-25
c5bdb6e3,226,Reiss Nelson,ENG,FW,Arsenal,24-264,1999,0.0,0,0,,0,0,0,0,,0,0,,0,0,,0,0.0,0.0,0.0,0,0,0,0,0,Matches,ENG-EPL,24-25
a9dc785c,227,Neto,BRA,GK,Bournemouth,35-042,1989,2.0,40,62,64.5,1183,896,7,7,100.0,21,21,100.0,12,33,36.4,0,0.0,0.0,0.0,0,2,0,0,0,Matches,ENG-EPL,24-25
7ba2eaa9,228,Pedro Neto,POR,FW,Chelsea,24-174,2000,0.9,37,40,92.5,438,102,25,25,100.0,8,10,80.0,1,2,50.0,1,0.3,0.2,0.7,3,1,1,1,1,Matches,ENG-EPL,24-25
7c56da38,229,Christopher Nkunku,FRA,FW,Chelsea,26-290,1997,0.7,27,27,100.0,349,84,17,17,100.0,7,7,100.0,1,1,100.0,0,0.1,0.1,-0.1,2,2,0,0,2,Matches,ENG-EPL,24-25
e6af02e0,230,Matheus Nunes,POR,MF,Manchester City,26-003,1998,0.0,3,4,75.0,34,0,3,3,100.0,0,1,0.0,0,0,,0,0.0,0.0,0.0,0,0,0,0,0,Matches,ENG-EPL,24-25
4d77b365,231,Darwin Núñez,URU,FW,Liverpool,25-067,1999,0.2,8,8,100.0,94,11,6,6,100.0,2,2,100.0,0,0,,0,0.0,0.0,0.0,0,0,0,0,1,Matches,ENG-EPL,24-25
df0a4c90,232,Christian Nørgaard,DEN,MF,Brentford,30-173,1994,2.0,65,80,81.3,949,250,29,33,87.9,25,30,83.3,3,5,60.0,0,0.1,0.0,-0.1,1,6,0,0,8,Matches,ENG-EPL,24-25
35516eac,233,Wilson Odobert,FRA,FW,Tottenham,19-276,2004,0.7,32,39,82.1,395,59,20,22,90.9,10,12,83.3,0,1,0.0,0,0.0,0.0,0.0,1,2,1,0,5,Matches,ENG-EPL,24-25
828657ff,234,Amadou Onana,BEL,MF,Aston Villa,23-014,2001,1.8,48,51,94.1,859,168,17,18,94.4,25,26,96.2,4,4,100.0,0,0.0,0.0,0.0,0,2,0,0,3,Matches,ENG-EPL,24-25
e9c0c1b2,235,André Onana,CMR,GK,Manchester Utd,28-150,1996,2.0,76,88,86.4,1781,1199,21,21,100.0,35,35,100.0,19,30,63.3,0,0.0,0.0,0.0,0,2,0,0,0,Matches,ENG-EPL,24-25
2944f86f,236,Frank Onyeka,NGA,MF,Brentford,26-242,1998,0.3,6,7,85.7,71,19,5,5,100.0,1,1,100.0,0,0,,0,0.0,0.0,0.0,0,0,1,0,1,Matches,ENG-EPL,24-25
2f9e4435,237,Dango Ouattara,BFA,FW,Bournemouth,22-201,2002,1.0,10,27,37.0,159,53,5,10,50.0,4,8,50.0,1,6,16.7,0,0.0,0.0,0.0,0,0,0,0,0,Matches,ENG-EPL,24-25
dc7f8a28,238,Cole Palmer,ENG,"FW,MF",Chelsea,22-116,2002,1.9,61,84,72.6,1103,388,31,39,79.5,21,25,84.0,8,17,47.1,3,0.5,0.3,2.5,6,7,9,3,15,Matches,ENG-EPL,24-25
e0bc6fdc,239,Emerson Palmieri,ITA,DF,West Ham,30-027,1994,2.0,84,97,86.6,1168,396,49,51,96.1,30,36,83.3,2,6,33.3,0,0.0,0.0,0.0,0,4,1,0,5,Matches,ENG-EPL,24-25
9b6f7fd5,240,Lucas Paquetá,BRA,MF,West Ham,27-003,1997,1.8,82,104,78.8,1262,405,44,49,89.8,27,34,79.4,8,15,53.3,0,0.0,0.1,0.0,1,10,2,0,11,Matches,ENG-EPL,24-25
529f49ab,241,Thomas Partey,GHA,MF,Arsenal,31-078,1993,2.0,87,98,88.8,1425,342,40,42,95.2,44,48,91.7,2,5,40.0,0,0.1,0.1,-0.1,4,6,5,0,13,Matches,ENG-EPL,24-25
6639e500,242,Andreas Pereira,BRA,MF,Fulham,28-242,1996,1.9,89,120,74.2,1682,651,37,45,82.2,33,42,78.6,16,28,57.1,0,0.7,0.5,-0.7,13,11,2,0,16,Matches,ENG-EPL,24-25
19f4d211,243,Jaden Philogene Bidace,ENG,FW,Aston Villa,22-204,2002,0.2,7,9,77.8,69,6,5,6,83.3,2,2,100.0,0,0,,0,0.0,0.0,0.0,0,0,0,0,0,Matches,ENG-EPL,24-25
4806ec67,244,Jordan Pickford,ENG,GK,Everton,30-176,1994,2.0,56,81,69.1,2188,1864,5,5,100.0,19,19,100.0,32,56,57.1,0,0.0,0.0,0.0,0,6,2,0,0,Matches,ENG-EPL,24-25
e541326e,245,Ethan Pinnock,JAM,DF,Brentford,31-093,1993,2.0,68,81,84.0,1338,381,15,17,88.2,47,54,87.0,6,8,75.0,0,0.0,0.0,0.0,0,1,0,0,2,Matches,ENG-EPL,24-25
7fcc71d8,246,Daniel Podence,POR,"MF,FW",Wolves,28-314,1995,0.5,11,16,68.8,132,78,7,7,100.0,3,3,100.0,0,2,0.0,0,0.0,0.0,0.0,0,1,1,0,2,Matches,ENG-EPL,24-25
4b40d9ca,247,Nick Pope,ENG,GK,Newcastle Utd,32-133,1992,2.0,37,62,59.7,1250,910,7,7,100.0,14,14,100.0,16,40,40.0,0,0.0,0.0,0.0,0,1,0,0,0,Matches,ENG-EPL,24-25
27d0a506,248,Pedro Porro,ESP,DF,Tottenham,24-352,1999,2.0,110,136,80.9,1719,640,63,71,88.7,34,42,81.0,8,15,53.3,0,0.3,0.4,-0.3,5,4,9,4,12,Matches,ENG-EPL,24-25
4125cb98,249,Jarell Quansah,ENG,DF,Liverpool,21-214,2003,0.5,25,28,89.3,457,168,8,9,88.9,15,16,93.8,2,3,66.7,0,0.0,0.0,0.0,0,0,0,0,0,Matches,ENG-EPL,24-25
1544f145,250,Jacob Ramsey,ENG,"FW,MF",Aston Villa,23-094,2001,0.6,24,26,92.3,293,41,17,18,94.4,5,5,100.0,1,1,100.0,1,0.2,0.1,0.8,2,1,0,0,1,Matches,ENG-EPL,24-25
a1d5bd30,251,Marcus Rashford,ENG,FW,Manchester Utd,26-304,1997,1.7,35,48,72.9,424,137,25,29,86.2,4,12,33.3,2,2,100.0,0,0.7,0.1,-0.7,1,3,1,0,2,Matches,ENG-EPL,24-25
98ea5115,252,David Raya,ESP,GK,Arsenal,28-350,1995,2.0,53,66,80.3,1324,905,13,13,100.0,29,29,100.0,11,24,45.8,0,0.0,0.0,0.0,0,3,0,0,0,Matches,ENG-EPL,24-25
803ae100,253,Harrison Reed,ENG,MF,Fulham,29-216,1995,0.1,4,4,100.0,65,41,1,1,100.0,1,1,100.0,1,1,100.0,0,0.0,0.0,0.0,0,0,1,0,2,Matches,ENG-EPL,24-25
0f7533cd,254,Bobby Reid,JAM,FW,Leicester City,31-210,1993,1.6,29,40,72.5,391,87,19,24,79.2,9,11,81.8,0,2,0.0,0,0.0,0.0,0.0,0,1,0,0,2,Matches,ENG-EPL,24-25
b3b9b8b8,255,Chadi Riad,MAR,DF,Crystal Palace,21-074,2003,1.0,70,82,85.4,1411,568,24,28,85.7,38,41,92.7,8,13,61.5,0,0.0,0.0,0.0,0,8,1,0,7,Matches,ENG-EPL,24-25
1c7012b8,256,Declan Rice,ENG,MF,Arsenal,25-229,1999,1.9,54,64,84.4,1033,374,23,25,92.0,23,23,100.0,7,14,50.0,0,0.3,0.2,-0.3,2,11,4,0,16,Matches,ENG-EPL,24-25
0a3d6d2b,257,Chris Richards,USA,DF,Crystal Palace,24-155,2000,1.8,75,87,86.2,1295,414,34,38,89.5,33,34,97.1,7,12,58.3,0,0.0,0.0,0.0,0,1,0,0,1,Matches,ENG-EPL,24-25
fa031b34,258,Richarlison,BRA,"FW,MF",Tottenham,27-112,1997,0.3,9,13,69.2,109,21,5,6,83.3,1,3,33.3,1,1,100.0,0,0.0,0.0,0.0,0,1,0,0,1,Matches,ENG-EPL,24-25
2e4f5f03,259,Andrew Robertson,SCO,DF,Liverpool,30-172,1994,1.9,130,159,81.8,2135,596,62,65,95.4,62,69,89.9,5,21,23.8,0,0.4,0.3,-0.4,4,10,2,1,10,Matches,ENG-EPL,24-25
289601e6,260,Antonee Robinson,USA,DF,Fulham,27-022,1997,2.0,73,91,80.2,1362,486,30,34,88.2,36,42,85.7,6,10,60.0,1,0.2,0.1,0.8,2,6,2,1,5,Matches,ENG-EPL,24-25
34e393f2,261,Guido Rodríguez,ARG,MF,West Ham,30-140,1994,1.9,71,86,82.6,1175,297,36,41,87.8,26,30,86.7,7,10,70.0,0,0.0,0.0,0.0,0,4,1,0,6,Matches,ENG-EPL,24-25
57c94db2,262,Mads Roerslev,DEN,DF,Brentford,25-067,1999,2.0,70,88,79.5,1300,378,31,38,81.6,30,34,88.2,9,13,69.2,0,0.0,0.0,0.0,0,4,0,0,8,Matches,ENG-EPL,24-25
2e5915f1,263,Morgan Rogers,ENG,"MF,FW",Aston Villa,22-035,2002,2.0,39,54,72.2,497,162,25,29,86.2,9,13,69.2,2,3,66.7,0,0.7,0.2,-0.7,4,3,2,0,3,Matches,ENG-EPL,24-25
a3d94a58,264,Cristian Romero,ARG,DF,Tottenham,26-125,1998,2.0,180,195,92.3,3380,1229,67,72,93.1,100,107,93.5,12,14,85.7,0,0.2,0.3,-0.2,1,18,2,0,14,Matches,ENG-EPL,24-25
c64c01fc,265,Georginio Rutter,FRA,FW,Brighton,22-132,2002,0.0,3,3,100.0,38,21,2,2,100.0,1,1,100.0,0,0,,0,0.0,0.0,0.0,0,1,0,0,2,Matches,ENG-EPL,24-25
903b6e8b,266,José Sá,POR,GK,Wolves,31-226,1993,2.0,42,70,60.0,1332,1066,7,7,100.0,19,20,95.0,15,42,35.7,0,0.1,0.0,-0.1,1,5,1,0,0,Matches,ENG-EPL,24-25
bc7dc64d,267,Bukayo Saka,ENG,FW,Arsenal,22-360,2001,1.8,48,57,84.2,682,211,33,36,91.7,14,17,82.4,1,3,33.3,2,0.5,0.5,1.5,7,1,5,1,8,Matches,ENG-EPL,24-25
e342ad68,268,Mohamed Salah,EGY,FW,Liverpool,32-076,1992,1.9,55,69,79.7,860,217,34,40,85.0,16,20,80.0,5,6,83.3,1,0.5,0.4,0.5,2,3,8,0,11,Matches,ENG-EPL,24-25
972aeb2a,269,William Saliba,FRA,DF,Arsenal,23-159,2001,2.0,143,152,94.1,2467,634,50,53,94.3,89,94,94.7,4,5,80.0,0,0.0,0.0,0.0,0,4,0,0,7,Matches,ENG-EPL,24-25
6a713852,270,Robert Sánchez,ESP,GK,Chelsea,26-286,1997,2.0,64,77,83.1,1409,816,16,16,100.0,40,41,97.6,8,20,40.0,0,0.0,0.0,0.0,0,0,0,0,0,Matches,ENG-EPL,24-25
bced0375,271,Ibrahim Sangaré,CIV,MF,Nott'ham Forest,26-272,1997,1.7,65,89,73.0,957,323,39,47,83.0,21,28,75.0,4,7,57.1,0,0.0,0.0,0.0,0,5,1,0,6,Matches,ENG-EPL,24-25
9744ff80,272,Pablo Sarabia,ESP,"FW,MF",Wolves,32-111,1992,0.3,17,27,63.0,311,146,9,11,81.8,6,7,85.7,2,4,50.0,0,0.0,0.0,0.0,0,3,2,0,6,Matches,ENG-EPL,24-25
ac0d576d,273,Jeremy Sarmiento,ECU,MF,Brighton,22-075,2002,0.1,6,6,100.0,74,1,4,4,100.0,2,2,100.0,0,0,,0,0.0,0.0,0.0,0,0,0,0,0,Matches,ENG-EPL,24-25
bfdb33aa,274,Ismaila Sarr,SEN,MF,Crystal Palace,26-187,1998,0.3,12,13,92.3,160,44,7,7,100.0,5,6,83.3,0,0,,0,0.3,0.2,-0.3,1,0,1,1,0,Matches,ENG-EPL,24-25
fe6e7156,275,Sávio,BRA,FW,Manchester City,20-142,2004,1.3,57,72,79.2,720,104,42,48,87.5,12,17,70.6,0,3,0.0,1,0.8,0.4,0.2,5,1,3,1,4,Matches,ENG-EPL,24-25
52afb588,276,Kevin Schade,GER,FW,Brentford,22-277,2001,1.0,10,21,47.6,179,29,3,7,42.9,6,11,54.5,1,1,100.0,0,0.0,0.0,0.0,0,1,0,0,1,Matches,ENG-EPL,24-25
c8aa95da,277,Fabian Schär,SUI,DF,Newcastle Utd,32-254,1991,0.3,9,11,81.8,161,63,5,6,83.3,3,3,100.0,1,2,50.0,0,0.0,0.0,0.0,0,1,0,0,1,Matches,ENG-EPL,24-25
3312f911,278,Jeffrey Schlupp,GHA,DF,Crystal Palace,31-251,1992,0.1,4,6,66.7,48,8,3,4,75.0,1,1,100.0,0,1,0.0,0,0.0,0.0,0.0,0,0,0,0,0,Matches,ENG-EPL,24-25
104d0bb8,279,Alex Scott,ENG,MF,Bournemouth,21-009,2003,1.0,24,26,92.3,430,135,12,13,92.3,11,11,100.0,1,1,100.0,0,0.1,0.0,-0.1,1,4,1,0,7,Matches,ENG-EPL,24-25
834b5c4c,280,Matz Sels,BEL,GK,Nott'ham Forest,32-186,1992,2.0,42,66,63.6,1418,1147,10,10,100.0,13,13,100.0,19,42,45.2,0,0.0,0.0,0.0,0,4,0,0,0,Matches,ENG-EPL,24-25
efd2ec23,281,Antoine Semenyo,GHA,FW,Bournemouth,24-236,2000,2.0,46,58,79.3,678,146,28,31,90.3,12,15,80.0,4,6,66.7,1,1.6,1.2,-0.6,3,3,0,0,3,Matches,ENG-EPL,24-25
35141f4c,282,Marcos Senesi,ARG,DF,Bournemouth,27-112,1997,1.0,28,39,71.8,513,233,13,14,92.9,12,14,85.7,3,11,27.3,0,0.0,0.0,0.0,0,7,2,1,3,Matches,ENG-EPL,24-25
3eb22ec9,283,Bernardo Silva,POR,"MF,FW",Manchester City,30-020,1994,2.0,101,109,92.7,1280,182,66,71,93.0,30,30,100.0,1,1,100.0,1,0.3,0.3,0.7,3,3,2,0,8,Matches,ENG-EPL,24-25
4d77e622,284,Jota Silva,POR,MF,Nott'ham Forest,25-029,1999,0.0,1,1,100.0,44,25,0,0,,0,0,,1,1,100.0,0,0.0,0.0,0.0,0,0,0,0,0,Matches,ENG-EPL,24-25
8e16dd48,285,Luis Sinisterra,COL,"FW,MF",Bournemouth,25-074,1999,0.9,15,21,71.4,217,26,8,10,80.0,7,9,77.8,0,0,,0,0.0,0.1,0.0,1,0,0,0,1,Matches,ENG-EPL,24-25
6250083a,286,Oliver Skipp,ENG,FW,Leicester City,23-349,2000,0.2,15,16,93.8,269,41,7,8,87.5,7,7,100.0,1,1,100.0,0,0.0,0.0,0.0,0,1,0,0,1,Matches,ENG-EPL,24-25
5e105217,287,William Smallbone,IRL,MF,Southampton,24-191,2000,1.9,73,101,72.3,1018,106,40,45,88.9,28,38,73.7,1,11,9.1,0,0.0,0.3,0.0,0,3,0,0,8,Matches,ENG-EPL,24-25
20b104bc,288,Adam Smith,ENG,DF,Bournemouth,33-123,1991,0.7,18,21,85.7,296,82,9,10,90.0,8,9,88.9,1,2,50.0,0,0.0,0.0,0.0,0,1,0,0,0,Matches,ENG-EPL,24-25
17695062,289,Emile Smith Rowe,ENG,MF,Fulham,24-033,2000,1.5,68,80,85.0,961,141,41,47,87.2,26,29,89.7,1,2,50.0,0,0.0,0.0,0.0,0,7,0,0,6,Matches,ENG-EPL,24-25
e77dc3b2,290,Dominic Solanke,ENG,FW,Tottenham,26-351,1997,1.0,15,19,78.9,162,29,12,13,92.3,2,3,66.7,0,1,0.0,0,0.1,0.2,-0.1,1,0,1,0,1,Matches,ENG-EPL,24-25
6613c819,291,Tomáš Souček,CZE,MF,West Ham,29-185,1995,1.9,23,37,62.2,320,93,17,22,77.3,5,12,41.7,1,3,33.3,0,0.1,0.2,-0.1,3,2,1,0,3,Matches,ENG-EPL,24-25
ae59b359,292,Boubakary Soumaré,FRA,MF,Leicester City,25-185,1999,0.1,3,3,100.0,36,4,2,2,100.0,1,1,100.0,0,0,,0,0.0,0.0,0.0,0,0,0,0,0,Matches,ENG-EPL,24-25
9bc9a519,293,Djed Spence,ENG,DF,Tottenham,24-021,2000,0.2,16,17,94.1,212,35,10,10,100.0,6,7,85.7,0,0,,0,0.0,0.0,0.0,0,1,0,0,2,Matches,ENG-EPL,24-25
b2626673,294,Jay Stansfield,ENG,MF,Fulham,21-280,2002,0.0,0,0,,0,0,0,0,,0,0,,0,0,,0,0.0,0.0,0.0,0,0,0,0,0,Matches,ENG-EPL,24-25
28300a16,295,Jason Steele,ENG,GK,Brighton,34-012,1990,2.0,101,112,90.2,2321,1556,21,21,100.0,63,65,96.9,17,26,65.4,0,0.0,0.0,0.0,0,0,0,0,0,Matches,ENG-EPL,24-25
6adbc307,296,Jack Stephens,ENG,DF,Southampton,30-216,1994,2.0,179,190,94.2,3091,928,68,73,93.2,109,112,97.3,1,2,50.0,0,0.0,0.1,0.0,1,15,2,0,20,Matches,ENG-EPL,24-25
5eecec3d,297,John Stones,ENG,MF,Manchester City,30-094,1994,0.5,20,22,90.9,333,39,10,11,90.9,7,8,87.5,2,2,100.0,0,0.0,0.0,0.0,0,2,0,0,0,Matches,ENG-EPL,24-25
f553b2b3,298,Jørgen Strand Larsen,NOR,FW,Wolves,24-206,2000,1.9,15,25,60.0,170,29,8,13,61.5,5,9,55.6,0,0,,0,0.3,0.2,-0.3,1,1,1,0,1,Matches,ENG-EPL,24-25
580bcd18,299,Yukinari Sugawara,JPN,DF,Southampton,24-063,2000,1.3,57,81,70.4,864,244,33,41,80.5,21,26,80.8,3,7,42.9,0,0.2,0.3,-0.2,1,1,3,2,5,Matches,ENG-EPL,24-25
df04eb4b,300,Crysencio Summerville,NED,MF,West Ham,22-305,2001,0.2,11,12,91.7,192,31,4,4,100.0,5,5,100.0,1,1,100.0,0,0.3,0.2,-0.3,2,0,2,2,0,Matches,ENG-EPL,24-25
39944392,301,Sammie Szmodics,IRL,"MF,FW",Ipswich Town,28-341,1995,1.0,13,15,86.7,238,108,6,7,85.7,3,3,100.0,3,4,75.0,0,0.0,0.0,0.0,1,2,1,0,3,Matches,ENG-EPL,24-25
934e1968,302,Dominik Szoboszlai,HUN,MF,Liverpool,23-310,2000,2.0,106,115,92.2,1616,276,62,64,96.9,36,38,94.7,7,10,70.0,0,0.5,0.5,-0.5,5,6,3,0,11,Matches,ENG-EPL,24-25
15ea812b,303,James Tarkowski,ENG,DF,Everton,31-285,1992,2.0,69,87,79.3,1524,591,20,22,90.9,38,39,97.4,11,21,52.4,0,0.3,0.2,-0.3,2,6,2,0,5,Matches,ENG-EPL,24-25
5c0da4a4,304,Marcus Tavernier,ENG,"MF,FW",Bournemouth,25-161,1999,1.9,60,81,74.1,1062,264,25,31,80.6,28,31,90.3,6,11,54.5,0,0.3,0.2,-0.3,7,8,1,0,16,Matches,ENG-EPL,24-25
cc2d7ad5,305,Charlie Taylor,ENG,"DF,MF",Southampton,30-347,1993,0.2,8,10,80.0,125,24,4,4,100.0,4,5,80.0,0,1,0.0,0,0.0,0.0,0.0,0,1,1,0,2,Matches,ENG-EPL,24-25
48eed8d5,306,Jack Taylor,IRL,MF,Ipswich Town,26-068,1998,0.5,20,25,80.0,341,82,9,9,100.0,10,12,83.3,1,2,50.0,0,0.0,0.0,0.0,0,2,0,0,3,Matches,ENG-EPL,24-25
77d7c96f,307,Kenny Tete,NED,DF,Fulham,28-326,1995,2.0,77,93,82.8,1284,475,37,40,92.5,29,35,82.9,8,11,72.7,0,0.0,0.0,0.0,0,5,1,0,10,Matches,ENG-EPL,24-25
56f7a928,308,Youri Tielemans,BEL,MF,Aston Villa,27-115,1997,2.0,75,86,87.2,1332,430,32,34,94.1,36,38,94.7,6,13,46.2,1,0.9,0.3,0.1,5,8,0,0,7,Matches,ENG-EPL,24-25
41034650,309,Jurriën Timber,NED,DF,Arsenal,23-074,2001,1.1,42,50,84.0,694,153,19,21,90.5,20,23,87.0,3,5,60.0,0,0.0,0.0,0.0,0,2,0,0,2,Matches,ENG-EPL,24-25
88f130ed,310,Jean-Clair Todibo,FRA,DF,West Ham,24-244,1999,0.1,7,7,100.0,147,70,1,1,100.0,5,5,100.0,1,1,100.0,0,0.0,0.0,0.0,0,0,0,0,0,Matches,ENG-EPL,24-25
a105d46a,311,Harry Toffolo,ENG,DF,Nott'ham Forest,29-011,1995,0.4,22,30,73.3,299,163,16,18,88.9,6,8,75.0,0,2,0.0,0,0.0,0.0,0.0,0,1,0,0,1,Matches,ENG-EPL,24-25
532e1e4f,312,Pau Torres,ESP,DF,Aston Villa,27-227,1997,2.0,84,103,81.6,1286,508,46,49,93.9,35,38,92.1,3,14,21.4,0,0.0,0.0,0.0,0,7,0,0,5,Matches,ENG-EPL,24-25
9a28eba4,313,Adama Traoré,ESP,FW,Fulham,28-218,1996,1.6,38,55,69.1,472,112,21,32,65.6,8,12,66.7,2,2,100.0,1,0.9,0.5,0.1,4,4,1,0,6,Matches,ENG-EPL,24-25
21512407,314,Kieran Trippier,ENG,DF,Newcastle Utd,33-346,1990,0.4,18,31,58.1,361,146,6,7,85.7,10,12,83.3,2,11,18.2,0,0.0,0.0,0.0,0,3,0,0,3,Matches,ENG-EPL,24-25
38ceb24a,315,Leandro Trossard,BEL,FW,Arsenal,29-270,1994,0.4,7,10,70.0,128,51,3,4,75.0,3,3,100.0,1,2,50.0,0,0.0,0.0,0.0,0,1,1,0,2,Matches,ENG-EPL,24-25
f315ca93,316,Kostas Tsimikas,GRE,DF,Liverpool,28-110,1996,0.1,12,13,92.3,198,104,6,6,100.0,4,4,100.0,1,2,50.0,0,0.0,0.0,0.0,0,1,1,0,5,Matches,ENG-EPL,24-25
2baec6ce,317,Axel Tuanzebe,COD,DF,Ipswich Town,26-290,1997,1.8,43,48,89.6,616,228,29,29,100.0,12,16,75.0,2,3,66.7,0,0.0,0.0,0.0,0,2,0,0,1,Matches,ENG-EPL,24-25
7cd520e8,318,Destiny Udogie,ITA,DF,Tottenham,21-276,2002,1.8,108,122,88.5,1425,335,65,71,91.5,30,34,88.2,5,5,100.0,0,0.0,0.1,0.0,0,9,1,0,11,Matches,ENG-EPL,24-25
e06683ca,319,Virgil van Dijk,NED,DF,Liverpool,33-053,1991,2.0,141,149,94.6,2484,1086,66,68,97.1,60,62,96.8,13,16,81.3,0,0.0,0.0,0.0,0,14,0,0,6,Matches,ENG-EPL,24-25
45963054,320,Jamie Vardy,ENG,FW,Leicester City,37-232,1987,1.6,10,21,47.6,155,28,5,10,50.0,4,5,80.0,0,0,,0,0.0,0.0,0.0,0,1,0,0,3,Matches,ENG-EPL,24-25
fc8fcbd1,321,Renato Veiga,POR,DF,Chelsea,21-032,2003,0.2,23,24,95.8,437,90,11,12,91.7,8,8,100.0,4,4,100.0,0,0.0,0.0,0.0,0,0,0,0,1,Matches,ENG-EPL,24-25
dad4b285,322,Joël Veltman,NED,DF,Brighton,32-228,1992,2.0,89,105,84.8,1420,356,48,52,92.3,33,37,89.2,7,11,63.6,0,0.1,0.5,-0.1,2,7,0,0,5,Matches,ENG-EPL,24-25
8fe2a392,323,Micky van de Ven,NED,DF,Tottenham,23-133,2001,2.0,155,166,93.4,2818,925,54,59,91.5,84,85,98.8,13,18,72.2,1,0.3,0.1,0.7,1,11,1,0,12,Matches,ENG-EPL,24-25
1900032e,324,Jannik Vestergaard,DEN,DF,Leicester City,32-027,1992,2.0,76,84,90.5,1305,561,34,35,97.1,38,41,92.7,3,7,42.9,0,0.0,0.0,0.0,0,3,0,0,3,Matches,ENG-EPL,24-25
77d6fd4d,325,Guglielmo Vicario,ITA,GK,Tottenham,27-328,1996,2.0,87,90,96.7,1436,768,33,33,100.0,53,54,98.1,1,3,33.3,0,0.0,0.0,0.0,0,0,0,0,0,Matches,ENG-EPL,24-25
984a5a64,326,Kyle Walker-Peters,ENG,DF,Southampton,27-139,1997,1.9,127,143,88.8,1850,458,75,81,92.6,44,50,88.0,4,4,100.0,0,0.0,0.1,0.0,0,11,3,0,18,Matches,ENG-EPL,24-25
c666574f,327,Christian Walton,ENG,GK,Ipswich Town,28-295,1995,1.0,33,42,78.6,769,575,16,16,100.0,10,10,100.0,7,16,43.8,0,0.0,0.0,0.0,0,0,0,0,0,Matches,ENG-EPL,24-25
9e525177,328,Aaron Wan-Bissaka,ENG,DF,West Ham,26-278,1997,0.3,3,7,42.9,43,38,2,4,50.0,1,2,50.0,0,0,,0,0.0,0.0,0.0,0,0,0,0,0,Matches,ENG-EPL,24-25
3515d404,329,James Ward-Prowse,ENG,MF,West Ham,29-303,1994,0.2,11,15,73.3,150,61,6,6,100.0,4,5,80.0,0,3,0.0,0,0.0,0.0,0.0,0,2,0,0,4,Matches,ENG-EPL,24-25
aed3a70f,330,Ollie Watkins,ENG,FW,Aston Villa,28-244,1995,1.4,6,11,54.5,68,9,3,4,75.0,2,2,100.0,0,0,,0,0.1,0.0,-0.1,2,0,0,0,0,Matches,ENG-EPL,24-25
c40b6180,331,Adam Webster,ENG,DF,Brighton,29-239,1995,0.2,30,33,90.9,619,287,7,7,100.0,18,20,90.0,4,4,100.0,0,0.0,0.0,0.0,0,5,0,0,5,Matches,ENG-EPL,24-25
ce5143da,332,Danny Welbeck,ENG,FW,Brighton,33-278,1990,1.9,31,36,86.1,382,104,20,22,90.9,8,10,80.0,1,1,100.0,1,0.2,0.1,0.8,4,3,1,0,5,Matches,ENG-EPL,24-25
49fe9070,333,Timo Werner,GER,MF,Tottenham,28-177,1996,0.1,14,19,73.7,178,53,8,10,80.0,4,5,80.0,0,0,,0,0.0,0.0,0.0,0,1,1,1,1,Matches,ENG-EPL,24-25
4b542852,334,Adam Wharton,ENG,MF,Crystal Palace,20-089,2004,1.8,81,105,77.1,1448,449,26,33,78.8,47,57,82.5,6,12,50.0,0,0.3,0.2,-0.3,2,9,1,0,14,Matches,ENG-EPL,24-25
35e413f1,335,Ben White,ENG,DF,Arsenal,26-327,1997,2.0,99,113,87.6,1573,613,56,60,93.3,39,44,88.6,3,7,42.9,0,0.0,0.1,0.0,0,10,2,0,14,Matches,ENG-EPL,24-25
4876c9ab,336,Mats Wieffer,NED,MF,Brighton,24-288,1999,1.0,63,72,87.5,1029,277,32,35,91.4,27,31,87.1,3,5,60.0,1,0.1,0.0,0.9,1,1,0,0,3,Matches,ENG-EPL,24-25
dd323728,337,Neco Williams,WAL,DF,Nott'ham Forest,23-139,2001,2.0,54,70,77.1,903,313,29,32,90.6,18,22,81.8,5,9,55.6,0,0.2,0.1,-0.2,2,3,4,2,3,Matches,ENG-EPL,24-25
a3b03921,338,Joe Willock,ENG,MF,Newcastle Utd,25-010,1999,0.2,5,7,71.4,54,5,4,4,100.0,1,2,50.0,0,1,0.0,0,0.0,0.0,0.0,0,0,0,0,0,Matches,ENG-EPL,24-25
c6dc9ecd,339,Harry Wilson,WAL,FW,Fulham,27-161,1997,0.4,14,17,82.4,162,47,10,10,100.0,3,4,75.0,0,0,,0,0.0,0.0,0.0,0,2,0,0,1,Matches,ENG-EPL,24-25
2f7acede,340,Harry Winks,ENG,MF,Leicester City,28-210,1996,2.0,91,103,88.3,1460,625,51,55,92.7,35,40,87.5,5,7,71.4,0,0.1,0.1,-0.1,2,8,0,0,10,Matches,ENG-EPL,24-25
2500cef9,341,Yoane Wissa,COD,FW,Brentford,27-362,1996,1.7,34,40,85.0,536,155,21,24,87.5,11,12,91.7,2,4,50.0,1,0.1,0.0,0.9,1,5,0,0,3,Matches,ENG-EPL,24-25
4e9a0555,342,Chris Wood,NZL,FW,Nott'ham Forest,32-267,1991,1.6,23,38,60.5,321,88,13,19,68.4,6,9,66.7,2,4,50.0,0,0.7,0.1,-0.7,1,0,1,1,1,Matches,ENG-EPL,24-25
e28e9bec,343,Luke Woolfenden,ENG,DF,Ipswich Town,25-314,1998,2.0,74,85,87.1,1312,427,31,31,100.0,39,42,92.9,4,9,44.4,0,0.0,0.0,0.0,0,5,0,0,3,Matches,ENG-EPL,24-25
c1fe2a48,344,Ryan Yates,ENG,MF,Nott'ham Forest,26-283,1997,1.1,50,54,92.6,668,163,28,28,100.0,15,16,93.8,3,5,60.0,0,0.1,0.0,-0.1,2,4,2,0,7,Matches,ENG-EPL,24-25
be927d03,345,Ashley Young,ENG,DF,Everton,39-052,1985,0.7,26,38,68.4,538,200,12,15,80.0,10,12,83.3,4,7,57.1,0,0.1,0.2,-0.1,1,4,2,1,7,Matches,ENG-EPL,24-25
88968486,346,Illia Zabarnyi,UKR,DF,Bournemouth,21-364,2002,2.0,77,99,77.8,1735,803,28,29,96.6,34,38,89.5,15,32,46.9,0,0.0,0.0,0.0,0,7,1,0,5,Matches,ENG-EPL,24-25
51cf8561,347,Oleksandr Zinchenko,UKR,DF,Arsenal,27-259,1996,0.8,52,61,85.2,851,190,27,30,90.0,22,25,88.0,2,3,66.7,0,0.0,0.0,0.0,0,3,1,0,6,Matches,ENG-EPL,24-25
028e70b9,348,Joshua Zirkzee,NED,FW,Manchester Utd,23-100,2001,0.8,15,19,78.9,158,48,10,12,83.3,3,4,75.0,0,0,,0,0.1,0.0,-0.1,1,1,0,0,1,Matches,ENG-EPL,24-25
79300479,349,Martin Ødegaard,NOR,MF,Arsenal,25-257,1998,2.0,73,87,83.9,1117,267,40,43,93.0,32,39,82.1,1,2,50.0,0,0.2,0.7,-0.2,4,12,5,0,16,Matches,ENG-EPL,24-25
