id,Unnamed: 0_level_0,Unnamed: 1_level_0,Unnamed: 2_level_0,Unnamed: 3_level_0,Unnamed: 4_level_0,Unnamed: 5_level_0,Unnamed: 6_level_0,Unnamed: 7_level_0,Touches,Touches,Touches,Touches,Touches,Touches,Touches,Take-Ons,Take-Ons,Take-Ons,Take-Ons,Take-Ons,Carries,Carries,Carries,Carries,Carries,Carries,Carries,Carries,Receiving,Receiving,Unnamed: 30_level_0,Unnamed: league,Unnamed: season
,Rk,Player,Nation,Pos,Squad,Age,Born,90s,Touches,Def Pen,Def 3rd,Mid 3rd,Att 3rd,Att Pen,Live,Att,Succ,Succ%,Tkld,Tkld%,Carries,TotDist,PrgDist,PrgC,1/3,CPA,Mis,Dis,Rec,PrgR,Matches,league,season
4b7a9fcc,1,James Abankwah,IRL,DF,Udinese,18,2004,0.7,39,8,26,13,0,0,39,1,1,100.0,0,0.0,18,48,19,0,0,0,1,1,21,0,Matches,ITA-SERIA_A,22-23
8f5cdf66,2,Oliver Abildgaard,DEN,MF,Hellas Verona,26,1996,6.6,257,15,82,137,40,13,257,1,1,100.0,0,0.0,99,401,156,2,3,0,6,1,116,8,Matches,ITA-SERIA_A,22-23
f586779e,3,Tammy Abraham,ENG,FW,Roma,24,1997,24.3,786,19,50,391,355,125,786,68,22,32.4,37,54.4,421,2154,856,35,20,16,62,31,621,141,Matches,ITA-SERIA_A,22-23
771a2cfe,4,Christian Acella,ITA,MF,Cremonese,20,2002,0.2,11,0,1,9,1,0,11,0,0,,0,,7,19,7,0,0,0,1,0,8,0,Matches,ITA-SERIA_A,22-23
b96b595c,5,Francesco Acerbi,ITA,DF,Inter,34,1988,26.9,1890,226,858,880,167,27,1890,12,7,58.3,4,33.3,1041,5108,2867,39,33,2,13,7,1252,32,Matches,ITA-SERIA_A,22-23
26777636,6,Yacine Adli,FRA,"MF,FW",Milan,22,2000,1.6,97,1,14,45,42,2,97,6,4,66.7,2,33.3,55,349,171,7,5,0,3,5,67,8,Matches,ITA-SERIA_A,22-23
f9c927de,7,Michel Aebischer,SUI,"FW,MF",Bologna,25,1997,17.1,791,14,147,400,246,28,791,13,6,46.2,7,53.8,505,1992,841,14,12,4,30,17,618,85,Matches,ITA-SERIA_A,22-23
0154d290,8,Felix Afena-Gyan,GHA,"FW,MF",Cremonese,19,2003,9.1,318,7,40,129,156,28,318,25,7,28.0,12,48.0,202,1160,463,22,13,3,34,21,217,54,Matches,ITA-SERIA_A,22-23
46fa7204,9,Kevin Agudelo,COL,"MF,FW",Spezia,23,1998,23.7,1084,11,168,500,457,54,1084,109,50,45.9,50,45.9,662,4963,2740,81,71,19,59,55,699,100,Matches,ITA-SERIA_A,22-23
246d153b,10,Ola Aina,NGA,DF,Torino,25,1996,9.7,679,20,146,294,250,13,679,49,23,46.9,20,40.8,361,2268,1112,35,26,4,15,8,390,43,Matches,ITA-SERIA_A,22-23
d810c13b,11,Emanuel Aiwum,AUT,DF,Cremonese,21,2000,18.4,997,105,506,452,51,5,997,10,3,30.0,5,50.0,500,3147,1569,19,11,0,6,5,521,7,Matches,ITA-SERIA_A,22-23
fdf4b948,12,Jean-Daniel Akpa-Akpro,CIV,"MF,FW",Empoli,29,1992,15.1,630,24,163,338,143,24,630,55,31,56.4,19,34.5,325,1788,748,19,23,8,25,15,351,37,Matches,ITA-SERIA_A,22-23
5294a83f,13,Luis Alberto,ESP,MF,Lazio,29,1992,27.1,2217,29,269,1285,681,43,2215,41,19,46.3,20,48.8,1244,5632,3214,73,76,10,33,31,1632,94,Matches,ITA-SERIA_A,22-23
ab472696,14,Agustín Álvarez Martínez,URU,"FW,MF",Sassuolo,21,2001,4.1,155,4,12,76,71,16,155,17,7,41.2,8,47.1,80,294,95,2,1,2,16,12,96,19,Matches,ITA-SERIA_A,22-23
bcc81786,15,Kelvin Amian,FRA,DF,Spezia,24,1998,26.4,1395,110,506,512,383,47,1395,30,16,53.3,11,36.7,623,3822,2090,53,31,3,25,18,720,72,Matches,ITA-SERIA_A,22-23
2df7cc43,16,Bruno Amione,ARG,DF,Hellas Verona,20,2002,0.6,20,9,17,4,0,0,20,0,0,,0,,7,22,8,0,0,0,0,0,4,0,Matches,ITA-SERIA_A,22-23
2df7cc43,17,Bruno Amione,ARG,DF,Sampdoria,20,2002,23.2,1263,139,715,479,83,24,1263,10,2,20.0,6,60.0,663,2805,1165,11,16,0,20,1,691,9,Matches,ITA-SERIA_A,22-23
10b9fa99,18,Ethan Ampadu,WAL,"DF,MF",Spezia,21,2000,29.3,1889,229,930,841,140,19,1889,12,9,75.0,1,8.3,1007,5907,3014,28,21,0,18,7,1090,10,Matches,ITA-SERIA_A,22-23
5a2cb25d,19,Sofyan Amrabat,MAR,MF,Fiorentina,25,1996,22.2,1641,45,298,1106,256,6,1641,17,12,70.6,4,23.5,1054,6108,2876,36,28,1,20,16,1196,24,Matches,ITA-SERIA_A,22-23
9f1893b9,20,Felipe Anderson,BRA,FW,Lazio,29,1993,32.9,1832,32,236,830,790,129,1832,105,54,51.4,42,40.0,967,5271,2369,83,62,31,85,44,1367,224,Matches,ITA-SERIA_A,22-23
38d9ce53,21,Janis Antiste,FRA,FW,Sassuolo,19,2002,0.6,23,0,7,9,7,1,23,1,0,0.0,1,100.0,14,49,9,0,0,0,1,0,16,2,Matches,ITA-SERIA_A,22-23
108fe016,22,Marcos Antônio,BRA,MF,Lazio,22,2000,6.6,493,29,117,331,49,1,493,5,4,80.0,0,0.0,296,1197,339,1,9,1,6,4,370,8,Matches,ITA-SERIA_A,22-23
8f68aa41,23,Valentin Antov,BUL,DF,Monza,21,2000,3.4,267,34,127,121,19,0,267,1,1,100.0,0,0.0,138,600,313,2,2,0,3,2,174,3,Matches,ITA-SERIA_A,22-23
00459419,24,Marko Arnautović,AUT,FW,Bologna,33,1989,17.0,618,14,44,325,255,57,615,27,13,48.1,11,40.7,361,1616,524,13,12,6,42,19,496,116,Matches,ITA-SERIA_A,22-23
963a328b,25,Tolgay Arslan,GER,MF,Udinese,31,1990,13.5,770,13,145,398,234,26,770,36,15,41.7,13,36.1,473,2944,1530,45,31,11,26,17,504,37,Matches,ITA-SERIA_A,22-23
e26fcca3,26,Santiago Ascacíbar,ARG,MF,Cremonese,25,1997,8.1,553,26,177,280,100,4,553,9,4,44.4,4,44.4,254,976,442,1,3,0,8,4,314,6,Matches,ITA-SERIA_A,22-23
a69cc629,27,Kristoffer Askildsen,NOR,MF,Lecce,21,2001,8.1,351,17,68,190,97,8,351,6,3,50.0,1,16.7,131,665,336,10,2,2,13,3,176,17,Matches,ITA-SERIA_A,22-23
0fdcef0e,28,Kristjan Asllani,ALB,MF,Inter,20,2002,6.6,507,8,115,309,87,2,507,5,2,40.0,3,60.0,331,1588,634,6,9,1,3,2,389,6,Matches,ITA-SERIA_A,22-23
649b01d8,29,Emil Audero,ITA,GK,Sampdoria,25,1997,25.0,982,811,968,17,0,0,982,0,0,,0,,548,2997,1827,0,0,0,1,0,414,0,Matches,ITA-SERIA_A,22-23
3cd3b384,30,Tommaso Augello,ITA,DF,Sampdoria,27,1994,34.0,1981,88,615,856,544,21,1981,64,36,56.3,23,35.9,1042,5837,3177,84,43,5,21,17,1167,153,Matches,ITA-SERIA_A,22-23
8d3cd59d,31,Carlos Augusto,BRA,DF,Monza,23,1999,34.3,2073,111,676,917,498,71,2073,61,33,54.1,24,39.3,1032,5925,3073,87,62,15,45,28,1267,151,Matches,ITA-SERIA_A,22-23
2200181e,32,Kaan Ayhan,TUR,DF,Sassuolo,27,1994,6.1,385,54,198,182,6,0,385,0,0,,0,,235,1168,744,8,5,0,0,1,264,0,Matches,ITA-SERIA_A,22-23
dfd24c07,33,Jaime Báez,URU,DF,Cremonese,27,1995,1.1,62,3,10,37,16,2,62,2,1,50.0,0,0.0,34,197,124,5,3,0,1,0,34,8,Matches,ITA-SERIA_A,22-23
f42d6c13,34,Nedim Bajrami,ALB,"MF,FW",Empoli,23,1999,10.4,457,1,66,185,219,27,457,31,11,35.5,18,58.1,267,1928,816,22,21,10,24,17,304,47,Matches,ITA-SERIA_A,22-23
f42d6c13,35,Nedim Bajrami,ALB,"FW,MF",Sassuolo,23,1999,9.1,451,8,63,150,247,29,451,32,18,56.3,12,37.5,278,1652,739,23,16,12,20,9,295,96,Matches,ITA-SERIA_A,22-23
59bf127b,36,Tiemoué Bakayoko,FRA,MF,Milan,27,1994,0.5,30,3,16,12,2,0,30,3,1,33.3,2,66.7,16,96,56,0,1,0,1,1,15,1,Matches,ITA-SERIA_A,22-23
102e2599,37,Tommaso Baldanzi,ITA,MF,Empoli,19,2003,19.7,841,11,109,408,334,46,841,60,23,38.3,30,50.0,548,3500,1772,57,51,14,33,15,600,94,Matches,ITA-SERIA_A,22-23
f449640d,38,Fodé Ballo-Touré,SEN,DF,Milan,25,1997,5.8,352,7,77,168,110,9,352,15,5,33.3,9,60.0,152,762,427,11,7,0,6,6,188,31,Matches,ITA-SERIA_A,22-23
8a6de8c7,39,Lameck Banda,ZAM,"FW,MF",Lecce,21,2001,18.2,720,13,75,266,403,74,720,112,48,42.9,48,42.9,505,4583,2236,86,55,38,67,36,509,160,Matches,ITA-SERIA_A,22-23
d44360be,40,Filippo Bandinelli,ITA,MF,Empoli,27,1995,25.1,1333,66,317,658,376,29,1333,42,15,35.7,21,50.0,746,3897,1736,40,41,7,42,30,863,89,Matches,ITA-SERIA_A,22-23
01efac19,41,Antonín Barák,CZE,MF,Hellas Verona,27,1994,0.3,16,0,0,10,6,0,16,2,1,50.0,1,50.0,12,68,25,0,0,0,1,1,11,1,Matches,ITA-SERIA_A,22-23
01efac19,42,Antonín Barák,CZE,MF,Fiorentina,27,1994,20.0,904,19,84,470,362,67,904,39,19,48.7,17,43.6,556,3364,1435,45,31,8,34,28,649,93,Matches,ITA-SERIA_A,22-23
32ebfe1e,43,Andrea Barberis,ITA,MF,Monza,28,1993,3.8,194,6,38,126,31,2,194,0,0,,0,,100,487,253,3,7,1,3,6,137,0,Matches,ITA-SERIA_A,22-23
6f1d7aa8,44,Tommaso Barbieri,ITA,DF,Juventus,19,2002,1.2,78,1,28,29,21,2,78,3,1,33.3,1,33.3,40,275,125,5,2,0,5,0,50,4,Matches,ITA-SERIA_A,22-23
0acda699,45,Francesco Bardi,ITA,GK,Bologna,30,1992,1.0,25,23,25,0,0,0,25,0,0,,0,,10,46,35,0,0,0,0,1,7,0,Matches,ITA-SERIA_A,22-23
6928979a,46,Nicolò Barella,ITA,MF,Inter,25,1997,29.0,1892,43,303,962,656,57,1892,70,40,57.1,17,24.3,1253,7327,3430,76,69,10,52,39,1426,162,Matches,ITA-SERIA_A,22-23
6caffe81,47,Enzo Barrenechea,ARG,MF,Juventus,21,2001,1.8,138,3,36,90,13,2,138,1,0,0.0,1,100.0,79,343,171,1,1,0,1,1,93,2,Matches,ITA-SERIA_A,22-23
e5bf73f3,48,Musa Barrow,GAM,"FW,MF",Bologna,23,1998,21.8,1064,5,122,454,502,46,1064,71,24,33.8,41,57.7,667,4328,1960,68,59,19,50,31,791,141,Matches,ITA-SERIA_A,22-23
5a08ee41,49,Federico Baschirotto,ITA,DF,Lecce,25,1996,37.0,1823,238,968,771,96,36,1823,5,3,60.0,1,20.0,849,4481,2352,12,4,0,10,2,918,12,Matches,ITA-SERIA_A,22-23
80556f08,50,Toma Bašić,CRO,MF,Lazio,25,1996,5.7,367,12,75,179,115,17,367,8,3,37.5,4,50.0,222,1064,477,14,8,1,13,6,250,29,Matches,ITA-SERIA_A,22-23
2ce215f2,51,Alberto Basso,ITA,MF,Cremonese,18,2004,0.2,3,0,0,0,3,1,3,0,0,,0,,2,27,11,0,0,0,0,1,3,2,Matches,ITA-SERIA_A,22-23
75b86fb3,52,Alessandro Bastoni,ITA,DF,Inter,23,1999,24.0,1857,201,796,821,250,30,1857,15,8,53.3,6,40.0,1137,5797,3688,47,31,3,13,6,1310,44,Matches,ITA-SERIA_A,22-23
1ac232b8,53,Simone Bastoni,ITA,"MF,DF",Spezia,25,1996,13.2,749,31,183,306,273,24,749,20,7,35.0,10,50.0,341,1724,853,20,16,2,20,14,401,65,Matches,ITA-SERIA_A,22-23
78e6bf2c,54,Brian Bayeye,COD,DF,Torino,22,2000,0.7,64,6,29,24,11,3,64,2,2,100.0,0,0.0,23,139,93,3,2,2,3,2,29,5,Matches,ITA-SERIA_A,22-23
19e4eab9,55,Rodrigo Becão,BRA,DF,Udinese,26,1996,27.6,1667,135,805,701,172,43,1667,10,5,50.0,5,50.0,850,3682,2219,19,15,3,16,2,948,48,Matches,ITA-SERIA_A,22-23
e892c325,56,Julius Beck,DEN,MF,Spezia,17,2005,0.1,8,0,2,5,1,0,8,0,0,,0,,5,27,5,0,0,0,1,1,6,0,Matches,ITA-SERIA_A,22-23
e3756e72,57,Raoul Bellanova,ITA,DF,Inter,22,2000,5.5,373,24,115,127,135,13,373,12,7,58.3,2,16.7,230,1762,908,25,12,3,4,5,246,37,Matches,ITA-SERIA_A,22-23
d705ba44,58,Andrea Belotti,ITA,FW,Roma,28,1993,12.7,404,7,34,164,210,52,403,33,7,21.2,18,54.5,226,1235,452,21,14,11,34,15,322,94,Matches,ITA-SERIA_A,22-23
0000acda,59,Marco Benassi,ITA,DF,Fiorentina,27,1994,1.0,112,1,25,64,24,3,112,1,0,0.0,0,0.0,81,284,120,0,4,0,1,1,85,6,Matches,ITA-SERIA_A,22-23
0000acda,60,Marco Benassi,ITA,MF,Cremonese,27,1994,11.1,461,20,109,221,136,17,461,9,8,88.9,0,0.0,225,1193,439,10,14,0,12,10,224,30,Matches,ITA-SERIA_A,22-23
db092d3b,61,Ismaël Bennacer,ALG,MF,Milan,24,1997,22.3,1666,30,300,1023,369,10,1666,49,27,55.1,13,26.5,985,5133,2012,30,30,4,42,23,1097,52,Matches,ITA-SERIA_A,22-23
53a0e358,62,Domenico Berardi,ITA,FW,Sassuolo,27,1994,20.7,1179,17,102,463,628,111,1171,50,22,44.0,20,40.0,766,3818,1586,57,29,31,60,23,905,213,Matches,ITA-SERIA_A,22-23
61b3978f,63,Bartosz Bereszyński,POL,DF,Sampdoria,30,1992,13.3,759,48,255,317,198,13,759,15,4,26.7,11,73.3,329,1643,860,20,16,1,12,5,354,40,Matches,ITA-SERIA_A,22-23
61b3978f,64,Bartosz Bereszyński,POL,DF,Napoli,30,1992,1.8,124,6,33,60,32,1,124,3,1,33.3,2,66.7,61,342,173,8,7,0,1,1,66,7,Matches,ITA-SERIA_A,22-23
4b520f96,65,Marco Bertini,ITA,MF,Lazio,19,2002,0.0,0,0,0,0,0,0,0,0,0,,0,,0,0,0,0,0,0,0,0,0,0,Matches,ITA-SERIA_A,22-23
ed5c0319,66,Beto,GNB,FW,Udinese,24,1998,23.7,652,34,49,274,336,130,651,76,32,42.1,40,52.6,364,1825,594,25,15,14,114,43,475,121,Matches,ITA-SERIA_A,22-23
b3a20f18,67,Matteo Bianchetti,ITA,DF,Cremonese,29,1993,23.7,1169,188,692,447,37,13,1169,3,2,66.7,1,33.3,552,2612,1377,6,2,0,6,3,586,4,Matches,ITA-SERIA_A,22-23
d65cf468,68,Alessandro Bianco,ITA,MF,Fiorentina,19,2002,1.7,91,2,18,59,14,1,91,2,0,0.0,0,0.0,49,240,144,4,1,0,2,5,68,2,Matches,ITA-SERIA_A,22-23
6fdac234,69,Jaka Bijol,SVN,DF,Udinese,23,1999,30.3,1729,296,1068,612,53,40,1729,5,2,40.0,3,60.0,972,4732,2415,3,7,2,10,4,1032,7,Matches,ITA-SERIA_A,22-23
9e1577aa,70,Cristiano Biraghi,ITA,DF,Fiorentina,29,1992,28.3,2213,72,534,904,793,26,2212,20,7,35.0,9,45.0,1011,4803,2798,69,51,10,16,6,1214,113,Matches,ITA-SERIA_A,22-23
204ac005,71,Samuele Birindelli,ITA,DF,Monza,23,1999,15.6,957,51,277,372,321,30,957,20,11,55.0,8,40.0,509,3234,1645,55,35,7,24,15,606,121,Matches,ITA-SERIA_A,22-23
79370f8c,72,Kristijan Bistrović,CRO,MF,Lecce,24,1998,5.1,168,5,29,84,55,3,168,1,1,100.0,0,0.0,83,378,119,4,1,0,3,5,99,8,Matches,ITA-SERIA_A,22-23
c69ef855,73,Alexis Blin,FRA,MF,Lecce,25,1996,26.4,1299,86,352,697,257,33,1299,11,5,45.5,6,54.5,536,2330,1095,13,17,1,34,15,665,32,Matches,ITA-SERIA_A,22-23
fe012aca,74,Jeremie Boga,CIV,"MF,FW",Atalanta,25,1997,8.7,600,1,43,228,344,37,600,95,48,50.5,33,34.7,418,3673,1904,64,47,20,31,11,489,78,Matches,ITA-SERIA_A,22-23
c83c203f,75,Emil Bohinen,NOR,MF,Salernitana,23,1999,9.2,610,36,172,335,110,6,610,18,8,44.4,7,38.9,320,1702,868,12,12,0,10,9,355,16,Matches,ITA-SERIA_A,22-23
d995ed27,76,Giacomo Bonaventura,ITA,MF,Fiorentina,32,1989,21.2,1134,14,132,573,456,69,1134,54,23,42.6,19,35.2,707,4208,2260,64,60,10,23,29,804,91,Matches,ITA-SERIA_A,22-23
bf57eaab,77,Federico Bonazzoli,ITA,"FW,MF",Salernitana,25,1997,12.4,487,0,33,269,191,31,487,23,12,52.2,9,39.1,304,1138,435,11,10,3,42,12,378,67,Matches,ITA-SERIA_A,22-23
0def2376,78,Warren Bondo,FRA,MF,Monza,18,2003,0.7,60,0,8,40,13,0,60,4,3,75.0,1,25.0,45,315,147,3,3,0,1,1,51,2,Matches,ITA-SERIA_A,22-23
fb77bfef,79,Kevin Bonifazi,ITA,DF,Bologna,26,1996,10.0,828,127,448,364,22,4,828,7,5,71.4,2,28.6,549,3188,1823,4,3,0,9,5,613,0,Matches,ITA-SERIA_A,22-23
52ec54d0,80,Leonardo Bonucci,ITA,DF,Juventus,35,1987,9.8,658,102,326,326,10,7,657,1,1,100.0,0,0.0,405,1630,854,2,2,0,3,1,460,1,Matches,ITA-SERIA_A,22-23
3d13d9e4,81,Erik Botheim,NOR,"MF,FW",Salernitana,22,2000,9.6,300,7,38,146,118,23,300,7,2,28.6,4,57.1,166,647,259,11,5,3,19,12,230,61,Matches,ITA-SERIA_A,22-23
0d077b88,82,Mehdi Bourabia,MAR,MF,Spezia,30,1991,30.8,1639,98,422,832,409,21,1639,64,28,43.8,32,50.0,810,3731,1777,37,30,5,54,27,956,58,Matches,ITA-SERIA_A,22-23
ae94a6c5,83,Edoardo Bove,ITA,MF,Roma,20,2002,11.0,532,12,107,301,131,20,532,13,5,38.5,4,30.8,263,1015,404,9,9,2,25,17,289,26,Matches,ITA-SERIA_A,22-23
c609e90e,84,Jayden Braaf,NED,"MF,FW",Hellas Verona,19,2002,3.2,129,1,16,63,54,16,129,24,15,62.5,8,33.3,89,694,294,10,9,5,13,15,91,29,Matches,ITA-SERIA_A,22-23
8bbe2df5,85,Domagoj Bradarić,CRO,DF,Salernitana,22,1999,25.0,1352,50,398,609,368,22,1352,50,17,34.0,28,56.0,706,4295,2396,63,46,8,27,10,744,107,Matches,ITA-SERIA_A,22-23
d4a2533d,86,Josip Brekalo,CRO,"FW,MF",Fiorentina,24,1998,2.5,127,0,10,49,71,8,127,10,6,60.0,2,20.0,82,823,342,11,10,2,7,6,98,31,Matches,ITA-SERIA_A,22-23
5fd5ed86,87,Gleison Bremer,BRA,DF,Juventus,25,1997,29.3,1994,287,1100,827,76,50,1994,7,3,42.9,4,57.1,1146,4727,2297,8,6,0,18,8,1304,4,Matches,ITA-SERIA_A,22-23
edd81e2a,88,Dylan Bronn,TUN,DF,Salernitana,27,1995,18.7,1196,106,562,590,48,10,1196,11,6,54.5,3,27.3,638,2651,1487,10,6,0,7,2,759,5,Matches,ITA-SERIA_A,22-23
33b8d077,89,Marcelo Brozović,CRO,MF,Inter,29,1992,19.7,1696,81,439,987,291,22,1696,27,16,59.3,9,33.3,1085,5728,2296,29,29,7,19,6,1218,35,Matches,ITA-SERIA_A,22-23
f3a9fa26,90,Cristian Buonaiuto,ITA,"MF,FW",Cremonese,29,1992,10.9,652,11,62,282,319,49,651,47,20,42.6,23,48.9,395,2208,974,35,29,9,36,28,421,89,Matches,ITA-SERIA_A,22-23
4ae67f27,91,Alessandro Buongiorno,ITA,DF,Torino,23,1999,30.2,1938,161,860,976,110,33,1938,16,6,37.5,7,43.8,986,4659,2324,13,16,2,33,6,1180,19,Matches,ITA-SERIA_A,22-23
dee3d535,92,Leonardo Buta,POR,DF,Udinese,20,2002,0.2,14,0,2,7,5,0,14,0,0,,0,,10,66,43,1,0,0,0,0,12,1,Matches,ITA-SERIA_A,22-23
a820e429,93,Arthur Cabral,BRA,FW,Fiorentina,24,1998,15.9,489,14,36,168,289,102,487,35,15,42.9,17,48.6,270,1438,397,11,14,9,60,24,361,86,Matches,ITA-SERIA_A,22-23
dd86e8e4,94,Liberato Cacace,NZL,DF,Empoli,21,2000,6.5,525,33,166,243,122,12,525,20,8,40.0,10,50.0,242,1509,814,21,14,4,6,7,292,31,Matches,ITA-SERIA_A,22-23
2146785a,95,Davide Calabria,ITA,DF,Milan,25,1996,18.8,1474,59,414,768,307,16,1474,14,3,21.4,8,57.1,755,3303,1966,26,23,2,14,7,915,80,Matches,ITA-SERIA_A,22-23
ac7e640b,96,Mattia Caldara,ITA,DF,Spezia,28,1994,13.9,791,145,450,304,46,17,791,5,2,40.0,2,40.0,380,1885,830,5,4,0,9,4,361,4,Matches,ITA-SERIA_A,22-23
226008f1,97,Luca Caldirola,ITA,DF,Monza,31,1991,26.1,1636,219,891,674,75,12,1636,3,1,33.3,1,33.3,978,4803,2623,12,11,0,5,1,1176,13,Matches,ITA-SERIA_A,22-23
cd0fa27b,98,Hakan Çalhanoğlu,TUR,MF,Inter,28,1994,26.3,1942,34,367,1015,581,26,1941,24,8,33.3,10,41.7,1167,5515,2601,46,55,6,32,12,1323,68,Matches,ITA-SERIA_A,22-23
13ea2544,99,Mohamed Camara,GUI,MF,Roma,25,1997,7.7,393,10,61,262,81,8,393,13,7,53.8,5,38.5,233,1268,585,13,10,2,11,6,241,14,Matches,ITA-SERIA_A,22-23
91ff775f,100,Nicolò Cambiaghi,ITA,"FW,MF",Empoli,21,2000,14.3,638,9,87,255,311,56,638,57,22,38.6,20,35.1,442,3746,1603,73,30,23,44,21,464,99,Matches,ITA-SERIA_A,22-23
247ed022,101,Andrea Cambiaso,ITA,DF,Bologna,22,2000,24.1,1790,70,620,771,423,40,1790,60,31,51.7,24,40.0,1030,5494,2822,64,59,17,42,18,1148,105,Matches,ITA-SERIA_A,22-23
b6a1cdf9,102,Matteo Cancellieri,ITA,FW,Lazio,20,2002,2.8,134,2,20,50,66,16,134,9,3,33.3,4,44.4,88,630,346,15,8,9,13,3,97,33,Matches,ITA-SERIA_A,22-23
356c9002,103,Antonio Candreva,ITA,"MF,DF",Salernitana,35,1987,30.3,1802,48,332,783,708,46,1802,34,8,23.5,14,41.2,1093,5695,2245,71,50,10,25,13,1298,171,Matches,ITA-SERIA_A,22-23
54e53b7e,104,Gianluca Caprari,ITA,"MF,FW",Monza,29,1993,27.1,1364,7,128,668,577,103,1363,91,40,44.0,43,47.3,884,5535,2661,100,50,42,79,32,1089,188,Matches,ITA-SERIA_A,22-23
5bd72174,105,Francesco Caputo,ITA,FW,Sampdoria,34,1987,12.2,309,4,11,126,172,49,309,9,3,33.3,5,55.6,181,696,192,6,4,7,21,14,243,76,Matches,ITA-SERIA_A,22-23
5bd72174,106,Francesco Caputo,ITA,FW,Empoli,34,1987,19.0,478,10,34,207,239,103,476,12,1,8.3,8,66.7,288,1218,449,16,7,7,45,24,395,128,Matches,ITA-SERIA_A,22-23
f7e2af2c,107,Andrea Carboni,ITA,DF,Monza,21,2001,1.9,104,4,41,43,20,4,104,3,1,33.3,2,66.7,50,284,190,4,2,0,0,0,66,2,Matches,ITA-SERIA_A,22-23
b033f803,108,Franco Carboni,ITA,"DF,FW",Monza,19,2003,0.7,61,2,17,28,21,1,61,7,3,42.9,4,57.1,34,293,169,7,3,1,0,0,36,8,Matches,ITA-SERIA_A,22-23
707b98f1,109,Valentin Carboni,ARG,"MF,DF",Inter,17,2005,0.3,25,0,4,12,10,1,25,2,1,50.0,1,50.0,16,182,83,2,0,0,2,1,15,3,Matches,ITA-SERIA_A,22-23
8ec56e62,110,Marco Carnesecchi,ITA,GK,Cremonese,22,2000,27.0,1036,906,1036,0,0,0,1036,0,0,,0,,568,2965,1600,0,0,0,0,0,407,0,Matches,ITA-SERIA_A,22-23
3f5f38fb,111,Nicolò Casale,ITA,DF,Lazio,24,1998,27.1,1803,215,871,917,27,14,1803,3,1,33.3,2,66.7,1102,6813,3784,11,3,0,5,1,1246,3,Matches,ITA-SERIA_A,22-23
6c4307ee,112,Tommaso Cassandro,ITA,DF,Lecce,22,2000,0.1,8,1,4,3,1,0,8,0,0,,0,,2,5,4,0,0,0,0,0,3,0,Matches,ITA-SERIA_A,22-23
ad92526f,113,Michele Castagnetti,ITA,MF,Cremonese,32,1989,15.7,941,33,209,560,184,9,941,12,8,66.7,3,25.0,449,1871,970,14,11,0,15,3,551,10,Matches,ITA-SERIA_A,22-23
0728bebe,114,Gaetano Castrovilli,ITA,MF,Fiorentina,25,1997,8.0,324,15,56,148,127,22,324,16,7,43.8,5,31.3,176,1019,467,12,13,0,11,9,200,16,Matches,ITA-SERIA_A,22-23
ba3d3bea,115,Danilo Cataldi,ITA,MF,Lazio,27,1994,21.3,1487,80,370,954,174,0,1487,18,6,33.3,8,44.4,752,2871,1108,8,9,0,7,8,1044,14,Matches,ITA-SERIA_A,22-23
4d1efb48,116,Pietro Ceccaroni,ITA,DF,Lecce,26,1995,0.5,22,4,9,10,3,1,22,0,0,,0,,7,30,16,0,0,0,0,0,7,1,Matches,ITA-SERIA_A,22-23
d9624b51,117,Federico Ceccherini,ITA,DF,Hellas Verona,30,1992,15.7,780,86,308,386,96,15,780,3,2,66.7,1,33.3,368,1928,1123,25,14,2,13,8,409,20,Matches,ITA-SERIA_A,22-23
07f8bcc8,118,Assan Ceesay,GAM,FW,Lecce,28,1994,20.1,642,28,69,270,311,71,641,36,22,61.1,12,33.3,304,1456,590,21,15,8,64,25,417,111,Matches,ITA-SERIA_A,22-23
98a84572,119,Emil Ceide,NOR,FW,Sassuolo,20,2001,5.7,233,1,30,80,124,39,233,25,8,32.0,14,56.0,160,1103,709,37,13,23,15,8,182,47,Matches,ITA-SERIA_A,22-23
31a62dc7,120,Zeki Çelik,TUR,DF,Roma,25,1997,16.7,1102,43,350,491,276,18,1102,16,6,37.5,10,62.5,522,2709,1444,34,31,6,17,13,604,76,Matches,ITA-SERIA_A,22-23
efdeaff3,121,Michele Cerofolini,ITA,GK,Fiorentina,23,1999,5.0,202,165,201,1,0,0,202,0,0,,0,,123,615,370,0,0,0,0,0,121,0,Matches,ITA-SERIA_A,22-23
b0f7e36c,122,Federico Chiesa,ITA,"DF,MF",Juventus,24,1997,9.5,476,4,56,166,265,49,476,45,24,53.3,19,42.2,293,2176,1193,46,28,16,26,19,331,88,Matches,ITA-SERIA_A,22-23
c316607a,123,Vlad Chiricheș,ROU,DF,Cremonese,32,1989,10.9,554,120,358,194,6,2,554,4,3,75.0,0,0.0,250,1290,664,2,2,0,2,4,280,1,Matches,ITA-SERIA_A,22-23
b09a3ecc,124,Daniel Ciofani,ITA,FW,Cremonese,37,1985,11.8,307,14,25,119,163,51,303,4,0,0.0,4,100.0,152,434,149,5,11,1,24,10,217,36,Matches,ITA-SERIA_A,22-23
039a4fb6,125,Tio Cipot,SVN,"FW,MF",Spezia,19,2003,1.5,83,2,16,32,42,5,83,7,3,42.9,4,57.1,47,311,157,5,4,1,5,6,54,17,Matches,ITA-SERIA_A,22-23
5de3866c,126,Patrick Ciurria,ITA,"DF,MF",Monza,27,1995,30.6,1604,46,396,694,534,51,1604,54,18,33.3,28,51.9,877,5018,2362,67,48,9,47,16,1062,168,Matches,ITA-SERIA_A,22-23
1faa06d5,127,Nicolò Cocetta,ITA,DF,Udinese,18,2003,0.4,14,4,8,6,0,0,14,0,0,,0,,6,17,4,0,0,0,0,0,6,0,Matches,ITA-SERIA_A,22-23
8b95acda,128,Omar Colley,GAM,DF,Sampdoria,29,1992,15.4,860,107,451,390,20,9,860,2,2,100.0,0,0.0,511,2142,1020,3,1,0,4,2,517,2,Matches,ITA-SERIA_A,22-23
04df29a5,129,Lorenzo Colombo,ITA,FW,Lecce,20,2002,16.8,588,6,24,266,304,74,586,37,11,29.7,22,59.5,307,1330,408,14,12,6,79,38,418,119,Matches,ITA-SERIA_A,22-23
6499048c,130,Andrea Colpani,ITA,MF,Monza,23,1999,10.5,538,8,55,267,232,31,538,41,20,48.8,13,31.7,371,2327,1110,31,32,8,22,17,412,69,Matches,ITA-SERIA_A,22-23
8cabdc1e,131,Andrea Consigli,ITA,GK,Sassuolo,35,1987,35.0,1480,1194,1468,11,1,0,1480,0,0,,0,,873,4354,2708,0,0,0,1,0,761,0,Matches,ITA-SERIA_A,22-23
8fef5412,132,Andrea Conti,ITA,DF,Sampdoria,28,1994,0.3,11,0,0,8,3,0,11,0,0,,0,,4,10,5,0,0,0,0,1,6,2,Matches,ITA-SERIA_A,22-23
22ae86f9,133,Diego Coppola,ITA,DF,Hellas Verona,18,2003,13.1,693,66,337,302,61,9,693,4,2,50.0,2,50.0,312,1618,787,9,9,0,8,2,320,8,Matches,ITA-SERIA_A,22-23
e66ebabb,134,Alex Cordaz,ITA,GK,Inter,39,1983,0.3,21,19,21,0,0,0,21,0,0,,0,,13,42,14,0,0,0,0,0,11,0,Matches,ITA-SERIA_A,22-23
45b9b619,135,Joaquín Correa,ARG,FW,Inter,27,1994,10.6,384,2,25,183,183,37,384,32,14,43.8,13,40.6,260,1515,646,19,13,9,29,16,301,61,Matches,ITA-SERIA_A,22-23
bfc359ed,136,Alessandro Cortinovis,ITA,MF,Hellas Verona,21,2001,0.1,8,0,3,0,5,0,8,0,0,,0,,5,10,4,0,0,0,0,0,5,2,Matches,ITA-SERIA_A,22-23
85a44ecc,137,Lassana Coulibaly,MLI,MF,Salernitana,26,1996,32.1,1540,86,399,933,245,17,1540,93,48,51.6,39,41.9,917,5811,2571,52,39,7,61,33,962,59,Matches,ITA-SERIA_A,22-23
f554e29b,138,Alessio Cragno,ITA,GK,Monza,28,1994,1.0,32,26,32,0,0,0,32,0,0,,0,,19,101,61,0,0,0,0,0,17,0,Matches,ITA-SERIA_A,22-23
16657b95,139,Bryan Cristante,ITA,"MF,DF",Roma,27,1995,32.6,1994,99,559,1257,196,39,1993,13,9,69.2,3,23.1,1043,4607,2063,16,13,4,25,11,1290,27,Matches,ITA-SERIA_A,22-23
22cd43d2,140,Domen Črnigoj,SVN,MF,Salernitana,26,1995,3.3,160,5,36,95,32,6,160,4,2,50.0,2,50.0,64,255,71,2,2,1,13,1,89,9,Matches,ITA-SERIA_A,22-23
0ab1f153,141,Juan Cuadrado,COL,"DF,FW",Juventus,34,1988,23.1,1581,41,400,758,433,50,1581,59,25,42.4,22,37.3,914,4703,2541,48,35,20,35,14,1057,125,Matches,ITA-SERIA_A,22-23
5722eced,142,Mickaël Cuisance,FRA,MF,Sampdoria,22,1999,6.9,290,10,48,138,109,11,290,12,8,66.7,3,25.0,182,950,386,11,14,3,15,16,179,31,Matches,ITA-SERIA_A,22-23
060606ec,143,Marco D'Alessandro,ITA,"DF,FW",Monza,31,1991,3.2,141,1,37,55,52,10,141,5,1,20.0,3,60.0,80,713,329,14,4,5,4,5,89,19,Matches,ITA-SERIA_A,22-23
44eb9093,144,Danilo D'Ambrosio,ITA,DF,Inter,33,1988,8.1,635,58,303,269,64,12,635,6,1,16.7,3,50.0,424,1843,988,8,7,2,7,2,467,17,Matches,ITA-SERIA_A,22-23
f778fe3f,145,Luca D'Andrea,ITA,FW,Sassuolo,17,2004,3.5,129,0,17,61,53,12,129,12,4,33.3,6,50.0,81,535,314,11,4,5,11,7,91,29,Matches,ITA-SERIA_A,22-23
7ef972c3,146,Flavius Daniliuc,AUT,DF,Salernitana,21,2001,24.4,1374,200,757,572,58,16,1374,5,2,40.0,3,60.0,727,3691,1769,14,10,0,14,4,843,5,Matches,ITA-SERIA_A,22-23
94b2001f,147,Danilo,BRA,DF,Juventus,31,1991,35.4,2597,271,1054,1304,257,45,2597,23,7,30.4,9,39.1,1380,6329,3479,39,26,1,22,9,1685,43,Matches,ITA-SERIA_A,22-23
96e0490d,148,Matteo Darmian,ITA,DF,Inter,32,1989,22.5,1564,94,580,754,241,23,1564,25,9,36.0,9,36.0,914,3627,1984,22,18,4,14,10,1087,96,Matches,ITA-SERIA_A,22-23
ef6eef89,149,Juan David Cabal,COL,DF,Hellas Verona,21,2001,4.9,279,29,134,136,16,1,279,4,3,75.0,0,0.0,139,642,358,4,5,0,4,3,141,8,Matches,ITA-SERIA_A,22-23
16bb656a,150,Paweł Dawidowicz,POL,DF,Hellas Verona,27,1995,18.1,1019,91,484,450,96,17,1019,8,1,12.5,4,50.0,463,2270,1282,20,13,1,8,4,498,17,Matches,ITA-SERIA_A,22-23
2ef7c612,151,Charles De Ketelaere,BEL,"MF,FW",Milan,21,2001,12.4,533,10,50,241,252,60,533,59,36,61.0,16,27.1,313,2178,1149,45,26,14,25,30,351,69,Matches,ITA-SERIA_A,22-23
60e3603d,152,Manuel De Luca,ITA,"FW,MF",Sampdoria,24,1998,0.5,14,0,0,9,5,2,14,0,0,,0,,14,52,7,0,0,0,2,2,14,4,Matches,ITA-SERIA_A,22-23
7f9d956a,153,Tommaso De Nipoti,ITA,MF,Atalanta,19,2003,0.0,6,0,0,5,2,1,6,1,1,100.0,0,0.0,3,24,23,1,1,0,0,0,3,0,Matches,ITA-SERIA_A,22-23
ae4e2852,154,Mattia De Sciglio,ITA,DF,Juventus,29,1992,11.6,652,30,190,338,127,4,652,9,2,22.2,3,33.3,343,1610,755,16,12,0,8,7,406,40,Matches,ITA-SERIA_A,22-23
e74f0e59,155,Lorenzo De Silvestri,ITA,DF,Bologna,34,1988,7.5,484,27,172,237,81,7,484,4,2,50.0,1,25.0,261,1371,800,18,12,0,6,5,289,17,Matches,ITA-SERIA_A,22-23
f4797849,156,Koni De Winter,BEL,DF,Empoli,20,2002,11.4,614,118,405,207,6,0,614,2,1,50.0,1,50.0,347,1854,819,2,1,0,8,3,370,0,Matches,ITA-SERIA_A,22-23
854ee61a,157,Grégoire Defrel,MTQ,FW,Sassuolo,31,1991,13.0,362,7,34,175,159,34,362,21,7,33.3,14,66.7,216,1003,331,11,12,2,28,17,254,75,Matches,ITA-SERIA_A,22-23
0e0d6c53,158,Duccio Degl'Innocenti,ITA,MF,Empoli,19,2003,0.0,1,0,0,1,0,0,1,0,0,,0,,1,10,0,0,0,0,0,0,0,0,Matches,ITA-SERIA_A,22-23
e3cceee6,159,Merih Demiral,TUR,DF,Atalanta,24,1998,17.1,832,140,495,319,28,14,832,9,2,22.2,5,55.6,348,1662,564,3,5,1,6,2,374,4,Matches,ITA-SERIA_A,22-23
dc3fa3b5,160,Diego Demme,GER,MF,Napoli,30,1991,1.6,205,6,30,153,22,0,205,4,2,50.0,1,25.0,143,612,270,3,1,0,3,1,183,1,Matches,ITA-SERIA_A,22-23
d97f2e8d,161,Fabio Depaoli,ITA,DF,Hellas Verona,25,1997,24.1,953,51,238,411,317,35,953,46,11,23.9,27,58.7,408,1989,972,28,14,4,38,18,422,76,Matches,ITA-SERIA_A,22-23
d97f2e8d,162,Fabio Depaoli,ITA,"DF,MF",Sampdoria,25,1997,1.5,117,6,28,56,34,3,117,7,3,42.9,2,28.6,73,347,184,2,3,0,2,1,70,6,Matches,ITA-SERIA_A,22-23
2990c466,163,Kastriot Dermaku,ALB,DF,Lecce,30,1992,0.4,2,0,0,2,0,0,2,0,0,,0,,0,0,0,0,0,0,0,0,0,0,Matches,ITA-SERIA_A,22-23
dcb38abe,164,Cyriel Dessers,NGA,FW,Cremonese,27,1994,17.6,466,8,18,162,289,115,465,36,13,36.1,22,61.1,268,1302,530,21,10,24,61,21,340,110,Matches,ITA-SERIA_A,22-23
5976f83e,165,Sergiño Dest,USA,DF,Milan,21,2000,3.7,246,7,75,116,61,3,246,18,8,44.4,9,50.0,134,827,470,11,3,0,3,5,137,12,Matches,ITA-SERIA_A,22-23
d7d32194,166,Mattia Destro,ITA,"FW,MF",Empoli,31,1991,6.4,139,6,12,59,68,26,139,8,4,50.0,4,50.0,79,286,108,4,1,3,14,5,102,20,Matches,ITA-SERIA_A,22-23
39583cfd,167,Gerard Deulofeu,ESP,FW,Udinese,28,1994,13.5,725,5,44,295,400,82,725,45,20,44.4,21,46.7,455,3177,2005,72,39,33,22,18,506,118,Matches,ITA-SERIA_A,22-23
ef94dc2f,168,Samuel Di Carmine,ITA,"FW,MF",Cremonese,33,1988,0.3,9,0,0,4,5,2,9,1,1,100.0,0,0.0,6,31,6,1,0,0,0,0,6,2,Matches,ITA-SERIA_A,22-23
1fca9171,169,Federico Di Francesco,ITA,"FW,MF",Lecce,28,1994,22.6,745,14,88,288,383,82,745,49,17,34.7,27,55.1,447,2745,1387,50,27,18,56,28,500,177,Matches,ITA-SERIA_A,22-23
4e0c8d66,170,Michele Di Gregorio,ITA,GK,Monza,25,1997,37.0,1607,1324,1600,7,0,0,1607,2,2,100.0,0,0.0,973,5309,3519,0,0,0,1,1,841,0,Matches,ITA-SERIA_A,22-23
230a2fac,171,Giovanni Di Lorenzo,ITA,DF,Napoli,28,1993,36.2,2957,104,715,1476,788,94,2957,33,12,36.4,17,51.5,1842,7948,4413,73,62,4,21,17,2119,182,Matches,ITA-SERIA_A,22-23
19cda00b,172,Ángel Di María,ARG,"FW,MF",Juventus,34,1988,15.1,851,2,71,372,426,46,850,80,32,40.0,41,51.3,552,3838,1814,56,43,13,32,26,640,95,Matches,ITA-SERIA_A,22-23
244bc2c8,173,Boulaye Dia,SEN,"FW,MF",Salernitana,25,1996,28.0,885,31,113,427,364,75,884,88,35,39.8,39,44.3,610,4033,1545,48,47,13,71,61,673,140,Matches,ITA-SERIA_A,22-23
407feb71,174,Brahim Díaz,MAR,"MF,FW",Milan,22,1999,21.4,990,6,63,538,413,65,990,86,39,45.3,40,46.5,691,4623,2512,80,68,17,74,48,763,116,Matches,ITA-SERIA_A,22-23
970b8574,175,Federico Dimarco,ITA,DF,Inter,24,1997,23.0,1451,40,312,552,600,72,1451,20,5,25.0,13,65.0,776,3457,1846,45,29,6,18,11,955,189,Matches,ITA-SERIA_A,22-23
933d3b51,176,Koffi Djidji,CIV,DF,Torino,29,1992,26.9,1678,129,754,844,90,8,1678,5,4,80.0,1,20.0,919,3316,1486,11,10,0,7,6,1123,13,Matches,ITA-SERIA_A,22-23
6eee05f1,177,Berat Djimsiti,ALB,DF,Atalanta,29,1993,20.0,1294,140,647,587,64,15,1294,7,4,57.1,2,28.6,700,3099,1396,7,7,1,10,5,817,9,Matches,ITA-SERIA_A,22-23
b5f7d10b,178,Dodô,BRA,DF,Fiorentina,23,1998,25.9,1719,52,464,813,462,24,1719,62,34,54.8,21,33.9,1028,6650,3625,72,58,7,35,15,1083,104,Matches,ITA-SERIA_A,22-23
2f69d881,179,Josh Doig,SCO,DF,Hellas Verona,20,2002,15.0,705,27,191,276,256,27,705,54,23,42.6,22,40.7,336,2325,1064,41,24,5,33,16,360,61,Matches,ITA-SERIA_A,22-23
20b3a502,180,Nicolás Domínguez,ARG,MF,Bologna,24,1998,25.6,1703,47,308,991,419,37,1703,37,23,62.2,12,32.4,908,3910,1802,39,41,5,50,21,1170,84,Matches,ITA-SERIA_A,22-23
22051fbe,181,Giulio Donati,ITA,DF,Monza,32,1990,4.7,349,26,151,159,44,1,349,3,1,33.3,2,66.7,219,1022,462,4,6,0,3,1,259,8,Matches,ITA-SERIA_A,22-23
085e71a7,182,Bartłomiej Drągowski,POL,GK,Spezia,24,1997,32.7,1265,1027,1258,7,0,0,1265,0,0,,0,,757,4042,2471,0,0,0,0,0,646,0,Matches,ITA-SERIA_A,22-23
79ca3e23,183,Ondrej Duda,SVK,MF,Hellas Verona,27,1994,11.8,573,20,86,363,131,11,573,34,20,58.8,8,23.5,311,1850,701,15,14,0,14,17,302,22,Matches,ITA-SERIA_A,22-23
481c9ece,184,Denzel Dumfries,NED,DF,Inter,26,1996,24.6,1263,42,266,551,467,99,1263,52,18,34.6,23,44.2,674,3940,1928,62,32,23,39,20,785,172,Matches,ITA-SERIA_A,22-23
528492ea,185,Alfred Duncan,GHA,MF,Fiorentina,29,1993,12.3,634,10,92,371,179,9,634,23,12,52.2,8,34.8,348,1705,786,18,16,4,17,14,434,30,Matches,ITA-SERIA_A,22-23
e0921a4f,186,Paulo Dybala,ARG,"MF,FW",Roma,28,1993,19.3,1089,2,85,542,478,78,1084,64,27,42.2,27,42.2,689,4141,1816,56,43,20,62,32,785,109,Matches,ITA-SERIA_A,22-23
3bb7f478,187,Edin Džeko,BIH,FW,Inter,36,1986,19.2,749,30,67,351,341,113,749,26,8,30.8,14,53.8,400,2047,726,32,12,15,48,16,587,150,Matches,ITA-SERIA_A,22-23
dbfa4f16,188,Festy Ebosele,IRL,DF,Udinese,19,2002,4.6,233,16,64,82,97,13,233,36,19,52.8,13,36.1,129,1242,644,27,18,6,17,9,125,22,Matches,ITA-SERIA_A,22-23
9ba7b4fa,189,Enzo Ebosse,CMR,DF,Udinese,23,1999,10.3,667,51,292,306,72,0,667,7,4,57.1,1,14.3,338,1593,868,11,7,1,8,3,383,20,Matches,ITA-SERIA_A,22-23
6af30900,190,Tyronne Ebuehi,NGA,DF,Empoli,26,1995,21.4,1089,105,452,437,210,28,1089,26,11,42.3,9,34.6,558,2977,1483,31,21,5,16,14,604,42,Matches,ITA-SERIA_A,22-23
a9202def,191,Éderson,BRA,MF,Atalanta,23,1999,24.6,1455,50,339,778,355,46,1455,66,37,56.1,24,36.4,842,4133,2027,37,35,11,48,30,964,62,Matches,ITA-SERIA_A,22-23
76b2817e,192,Kingsley Ehizibue,NED,DF,Udinese,27,1995,17.1,779,51,267,282,236,31,779,43,14,32.6,19,44.2,400,2323,1020,29,16,7,20,11,407,69,Matches,ITA-SERIA_A,22-23
f503ea63,193,Albin Ekdal,SWE,MF,Spezia,33,1989,19.3,999,49,256,551,208,34,999,19,12,63.2,5,26.3,496,2381,929,15,24,2,32,17,566,35,Matches,ITA-SERIA_A,22-23
c20892ee,194,Emmanuel Ekong,SWE,"FW,MF",Empoli,20,2002,0.2,6,0,1,4,2,0,6,1,0,0.0,1,100.0,3,56,43,1,1,0,0,0,3,1,Matches,ITA-SERIA_A,22-23
c55967eb,195,Mikael Ellertsson,ISL,"MF,DF",Spezia,20,2002,1.9,60,3,11,31,19,0,60,3,1,33.3,1,33.3,21,209,80,3,2,0,2,2,25,4,Matches,ITA-SERIA_A,22-23
cf007308,196,Elif Elmas,MKD,"FW,MF",Napoli,22,1999,18.1,1196,10,130,582,498,47,1195,52,23,44.2,22,42.3,753,3972,1995,42,41,13,33,22,961,103,Matches,ITA-SERIA_A,22-23
0fee6bda,197,Martin Erlic,CRO,DF,Sassuolo,24,1998,25.9,1562,199,855,693,21,10,1562,2,1,50.0,1,50.0,912,4147,2132,7,2,1,13,1,964,1,Matches,ITA-SERIA_A,22-23
3f79a1c8,198,Gonzalo Escalante,ARG,MF,Cremonese,29,1993,6.2,352,16,103,199,56,7,352,5,1,20.0,3,60.0,174,660,341,3,4,0,7,7,226,8,Matches,ITA-SERIA_A,22-23
5cf5c9ad,199,Salvatore Esposito,ITA,MF,Spezia,21,2000,10.8,737,21,175,409,156,7,737,14,6,42.9,4,28.6,354,1296,584,4,3,1,10,4,466,11,Matches,ITA-SERIA_A,22-23
366be751,200,Nicolò Fagioli,ITA,MF,Juventus,21,2001,16.9,749,17,124,411,221,15,749,19,8,42.1,8,42.1,471,2225,921,27,19,5,33,28,536,56,Matches,ITA-SERIA_A,22-23
9f5a610b,201,Wladimiro Falcone,ITA,GK,Lecce,27,1995,38.0,1272,1056,1267,5,0,0,1272,0,0,,0,,660,4252,2301,0,0,0,1,0,432,0,Matches,ITA-SERIA_A,22-23
aae9d04a,202,Davide Faraoni,ITA,DF,Hellas Verona,30,1991,16.5,770,55,226,335,213,27,770,16,7,43.8,9,56.3,322,1217,549,11,9,2,12,4,341,33,Matches,ITA-SERIA_A,22-23
4e358a2d,203,Federico Fazio,ARG,DF,Salernitana,35,1987,11.9,679,84,318,309,58,17,679,8,4,50.0,4,50.0,347,1507,877,13,11,1,11,5,358,4,Matches,ITA-SERIA_A,22-23
06b08c45,204,Jacopo Fazzini,ITA,MF,Empoli,19,2003,9.2,476,20,135,216,132,15,476,31,13,41.9,15,48.4,255,1355,552,11,14,0,23,24,292,40,Matches,ITA-SERIA_A,22-23
ee64a822,205,Lewis Ferguson,SCO,"MF,FW",Bologna,22,1999,25.7,1472,44,272,794,415,69,1472,25,9,36.0,12,48.0,830,3488,1460,31,37,7,33,16,1129,114,Matches,ITA-SERIA_A,22-23
d0dbca9f,206,Alex Ferrari,ITA,DF,Sampdoria,28,1994,9.6,560,51,276,265,25,5,560,6,3,50.0,3,50.0,304,1591,849,7,1,0,10,3,308,3,Matches,ITA-SERIA_A,22-23
d0dbca9f,207,Alex Ferrari,ITA,DF,Cremonese,28,1994,11.2,604,54,301,268,41,1,604,8,4,50.0,4,50.0,286,1217,493,2,3,0,8,1,274,5,Matches,ITA-SERIA_A,22-23
eb76987d,208,Salvador Ferrer,ESP,DF,Spezia,24,1998,1.5,113,12,50,50,13,0,113,0,0,,0,,55,211,88,0,0,0,2,1,71,2,Matches,ITA-SERIA_A,22-23
a2565f79,209,Vincenzo Fiorillo,ITA,GK,Salernitana,32,1990,1.0,25,20,25,0,0,0,25,0,0,,0,,16,86,66,0,0,0,0,0,13,0,Matches,ITA-SERIA_A,22-23
e288d4b3,210,Alessandro Florenzi,ITA,DF,Milan,31,1991,2.3,195,3,42,82,71,10,195,1,0,0.0,1,100.0,103,340,129,1,1,0,3,0,113,19,Matches,ITA-SERIA_A,22-23
2a7d27c1,211,Davide Frattesi,ITA,MF,Sassuolo,22,1999,31.9,1417,68,280,704,456,109,1417,74,34,45.9,27,36.5,809,4866,2374,73,54,21,56,44,993,94,Matches,ITA-SERIA_A,22-23
c235e803,212,Matteo Gabbia,ITA,DF,Milan,22,1999,6.8,427,54,258,163,7,1,427,0,0,,0,,187,827,398,1,0,1,1,0,248,1,Matches,ITA-SERIA_A,22-23
8f866fe8,213,Manolo Gabbiadini,ITA,"FW,MF",Sampdoria,30,1991,26.2,885,30,112,389,393,83,885,25,6,24.0,16,64.0,535,2482,1022,32,24,10,52,30,683,111,Matches,ITA-SERIA_A,22-23
3b387cc7,214,Gianluca Gaetano,ITA,MF,Napoli,22,2000,0.8,79,0,3,39,38,8,79,3,2,66.7,0,0.0,53,240,123,4,2,2,2,4,64,9,Matches,ITA-SERIA_A,22-23
ce30bfc8,215,Roberto Gagliardini,ITA,MF,Inter,28,1994,8.7,454,21,105,229,125,24,454,5,0,0.0,4,80.0,244,1435,787,20,10,1,9,2,315,22,Matches,ITA-SERIA_A,22-23
8dfed6e9,216,Adolfo Gaich,ARG,FW,Hellas Verona,23,1999,8.1,263,10,21,129,116,26,263,17,11,64.7,5,29.4,144,637,181,6,4,4,22,9,198,33,Matches,ITA-SERIA_A,22-23
dd403465,217,Pablo Galdames Millán,CHI,MF,Cremonese,25,1996,8.2,389,18,93,211,89,6,389,10,2,20.0,7,70.0,192,721,338,5,6,0,12,5,229,17,Matches,ITA-SERIA_A,22-23
c74d63ac,218,Antonino Gallo,ITA,DF,Lecce,22,2000,27.6,1509,91,472,646,415,14,1509,29,15,51.7,10,34.5,683,4301,2501,71,44,5,22,7,706,65,Matches,ITA-SERIA_A,22-23
18dd3219,219,Federico Gatti,ITA,DF,Juventus,24,1998,16.1,1116,100,527,532,71,23,1116,11,8,72.7,2,18.2,721,3952,2208,18,14,1,8,6,806,13,Matches,ITA-SERIA_A,22-23
822ed0ec,220,Valentin Gendrey,FRA,DF,Lecce,22,2000,34.5,1811,106,616,778,436,16,1811,35,14,40.0,17,48.6,757,4118,2380,47,34,4,48,12,787,107,Matches,ITA-SERIA_A,22-23
71dc23da,221,Paolo Ghiglione,ITA,DF,Cremonese,25,1997,7.9,359,16,106,135,122,9,359,11,2,18.2,9,81.8,153,736,381,5,7,1,6,4,178,35,Matches,ITA-SERIA_A,22-23
9c435456,222,Mario Gila,ESP,DF,Lazio,21,2000,1.0,71,6,36,33,2,0,71,0,0,,0,,42,247,99,1,1,0,1,1,46,2,Matches,ITA-SERIA_A,22-23
548bd0de,223,Gvidas Gineitis,LTU,MF,Torino,18,2004,1.5,102,1,9,74,19,3,102,3,1,33.3,2,66.7,58,255,142,3,3,1,1,1,75,7,Matches,ITA-SERIA_A,22-23
16ceb862,224,Olivier Giroud,FRA,FW,Milan,35,1986,23.8,801,29,59,348,402,158,798,14,7,50.0,6,42.9,350,934,359,12,10,7,63,16,611,152,Matches,ITA-SERIA_A,22-23
f0f7f62f,225,Pierluigi Gollini,ITA,GK,Fiorentina,27,1995,3.0,131,116,131,0,0,0,131,0,0,,0,,104,423,217,0,0,0,0,0,91,0,Matches,ITA-SERIA_A,22-23
f0f7f62f,226,Pierluigi Gollini,ITA,GK,Napoli,27,1995,4.0,166,142,166,0,0,0,166,0,0,,0,,111,517,337,0,0,0,0,0,96,0,Matches,ITA-SERIA_A,22-23
f025eade,227,Joan Gonzàlez,ESP,MF,Lecce,20,2002,24.4,1080,44,226,570,299,37,1080,49,18,36.7,25,51.0,536,2563,1053,18,19,6,50,25,626,67,Matches,ITA-SERIA_A,22-23
2374aaca,228,Nicolás González,ARG,"FW,MF",Fiorentina,24,1998,15.0,811,8,71,381,372,73,809,73,25,34.2,31,42.5,506,3201,1421,37,31,9,45,14,623,112,Matches,ITA-SERIA_A,22-23
2d970560,229,Robin Gosens,GER,DF,Inter,28,1994,13.2,813,27,194,309,314,48,813,17,7,41.2,8,47.1,417,1753,864,29,18,5,17,3,525,102,Matches,ITA-SERIA_A,22-23
6cc97b6a,230,Alberto Grassi,ITA,MF,Empoli,27,1995,13.3,734,79,261,400,80,13,734,8,4,50.0,4,50.0,302,1330,474,5,6,1,18,12,398,10,Matches,ITA-SERIA_A,22-23
49136c42,231,Andrew Gravillon,GLP,DF,Torino,24,1998,3.5,212,25,121,77,14,0,212,2,1,50.0,1,50.0,112,428,242,1,2,0,3,1,131,0,Matches,ITA-SERIA_A,22-23
e04dca4a,232,Axel Guessand,FRA,DF,Udinese,17,2004,0.9,32,9,20,12,0,0,32,0,0,,0,,13,41,28,0,0,0,1,0,20,0,Matches,ITA-SERIA_A,22-23
f1f1f238,233,Koray Günter,GER,DF,Hellas Verona,27,1994,11.1,557,82,283,252,29,10,557,4,3,75.0,1,25.0,221,1219,733,7,6,0,3,1,230,3,Matches,ITA-SERIA_A,22-23
f1f1f238,234,Koray Günter,GER,DF,Sampdoria,27,1994,8.6,509,67,233,256,23,7,509,1,1,100.0,0,0.0,247,1070,598,4,6,0,3,0,285,2,Matches,ITA-SERIA_A,22-23
f9758dae,235,Emmanuel Gyasi,GHA,"FW,DF",Spezia,28,1994,31.2,1103,39,196,444,472,92,1103,39,7,17.9,29,74.4,627,3276,1210,35,33,15,72,42,746,154,Matches,ITA-SERIA_A,22-23
0be276c6,236,Norbert Gyömbér,SVK,DF,Salernitana,30,1992,19.3,955,136,536,402,22,9,955,3,2,66.7,1,33.3,444,2200,848,5,1,0,2,1,481,2,Matches,ITA-SERIA_A,22-23
9250bcff,237,Christian Gytkjær,DEN,"FW,MF",Monza,32,1990,6.2,161,5,8,80,73,27,160,5,3,60.0,2,40.0,84,274,53,1,2,2,17,5,119,32,Matches,ITA-SERIA_A,22-23
fa449bba,238,Nicolas Haas,SUI,MF,Empoli,26,1996,12.8,554,43,187,254,115,16,554,6,1,16.7,4,66.7,263,946,449,10,13,2,17,9,336,23,Matches,ITA-SERIA_A,22-23
74419746,239,Samir Handanović,SVN,GK,Inter,38,1984,13.7,611,498,607,3,1,0,611,0,0,,0,,383,2049,1679,0,0,0,1,0,405,0,Matches,ITA-SERIA_A,22-23
65fd099c,240,Abdou Harroui,NED,MF,Sassuolo,24,1998,7.2,395,16,68,211,126,15,395,15,11,73.3,4,26.7,228,1379,632,21,20,3,12,13,279,32,Matches,ITA-SERIA_A,22-23
3b333ac3,241,Hans Hateboer,NED,DF,Atalanta,28,1994,15.5,823,37,220,343,263,29,823,9,4,44.4,3,33.3,398,1804,904,16,14,1,8,7,505,73,Matches,ITA-SERIA_A,22-23
d7918b13,242,Liam Henderson,SCO,MF,Empoli,26,1996,11.2,622,19,135,353,142,14,622,5,0,0.0,5,100.0,368,1669,709,11,9,0,11,6,440,38,Matches,ITA-SERIA_A,22-23
ffed43e3,243,Jack Hendry,SCO,DF,Cremonese,27,1995,2.4,148,13,71,73,7,0,148,1,0,0.0,1,100.0,94,571,361,1,2,0,0,0,90,0,Matches,ITA-SERIA_A,22-23
a2d9f138,244,Matheus Henrique,BRA,MF,Sassuolo,24,1997,21.6,1025,29,153,563,321,31,1025,53,34,64.2,10,18.9,696,3965,1950,40,39,3,28,16,766,68,Matches,ITA-SERIA_A,22-23
9ef42479,245,Thomas Henry,FRA,FW,Hellas Verona,27,1994,11.4,374,15,25,160,192,48,374,14,3,21.4,11,78.6,193,618,181,3,7,1,52,25,303,58,Matches,ITA-SERIA_A,22-23
d4c9725f,246,Theo Hernández,FRA,DF,Milan,24,1997,30.8,2078,69,495,1026,584,69,2077,68,19,27.9,36,52.9,1173,7669,4489,108,80,16,46,19,1280,146,Matches,ITA-SERIA_A,22-23
12806697,247,Isak Hien,SWE,DF,Hellas Verona,23,1999,29.0,1349,168,794,526,47,13,1349,31,16,51.6,11,35.5,606,2735,1294,17,10,0,26,10,576,2,Matches,ITA-SERIA_A,22-23
d4456fb3,248,Morten Hjulmand,DEN,MF,Lecce,23,1999,32.9,1665,101,472,982,225,6,1665,26,17,65.4,3,11.5,750,3378,1324,9,16,0,29,19,791,16,Matches,ITA-SERIA_A,22-23
c2357b65,249,Emil Holm,SWE,DF,Spezia,22,2000,15.5,804,42,179,318,318,40,804,44,18,40.9,21,47.7,338,2509,1128,41,24,10,47,22,430,82,Matches,ITA-SERIA_A,22-23
b85bf253,250,Martin Hongla,CMR,MF,Hellas Verona,24,1998,5.8,258,12,66,142,54,3,258,14,8,57.1,6,42.9,131,680,345,6,4,1,4,3,141,10,Matches,ITA-SERIA_A,22-23
d8800a46,251,Petko Hristov,BUL,DF,Spezia,23,1999,4.1,251,19,101,122,29,3,251,3,0,0.0,3,100.0,112,510,270,2,2,0,3,0,133,3,Matches,ITA-SERIA_A,22-23
1f2d714c,252,Ajdin Hrustic,AUS,MF,Hellas Verona,26,1996,2.5,121,4,17,59,47,6,121,12,4,33.3,8,66.7,63,414,171,7,6,2,8,3,77,12,Matches,ITA-SERIA_A,22-23
2f3452eb,253,Elseid Hysaj,ALB,DF,Lazio,28,1994,22.2,1589,61,542,825,235,10,1589,21,6,28.6,10,47.6,822,3533,1836,36,27,4,19,13,1019,60,Matches,ITA-SERIA_A,22-23
491a433d,254,Rasmus Højlund,DEN,FW,Atalanta,19,2003,20.4,700,6,17,251,438,133,700,75,28,37.3,31,41.3,455,2524,855,40,26,31,94,56,570,224,Matches,ITA-SERIA_A,22-23
82efe6fa,255,Roger Ibanez,BRA,DF,Roma,23,1998,31.1,2013,209,992,974,80,33,2013,22,13,59.1,7,31.8,1216,6677,3665,24,16,2,25,18,1272,9,Matches,ITA-SERIA_A,22-23
4cde5509,256,Zlatan Ibrahimović,SWE,FW,Milan,40,1981,1.6,72,3,5,31,36,7,71,3,0,0.0,2,66.7,38,145,53,0,1,1,5,2,55,10,Matches,ITA-SERIA_A,22-23
daa4c94c,257,Antonio Iervolino,ITA,MF,Salernitana,19,2003,0.1,8,0,0,5,3,0,8,0,0,,0,,7,17,6,0,0,0,0,0,6,2,Matches,ITA-SERIA_A,22-23
a4e85758,258,Igor,BRA,DF,Fiorentina,24,1998,22.9,1522,122,668,820,46,12,1522,13,9,69.2,2,15.4,901,5350,3206,19,13,0,9,11,973,2,Matches,ITA-SERIA_A,22-23
42eaa028,259,Jonathan Ikone,FRA,FW,Fiorentina,24,1998,22.3,921,7,78,372,490,109,921,90,48,53.3,30,33.3,654,5072,2366,83,45,50,61,47,714,178,Matches,ITA-SERIA_A,22-23
bb376bed,260,Ivan Ilić,SRB,MF,Hellas Verona,21,2001,9.5,489,26,98,249,149,11,489,17,8,47.1,7,41.2,219,1427,609,18,13,4,17,5,238,20,Matches,ITA-SERIA_A,22-23
bb376bed,261,Ivan Ilić,SRB,MF,Torino,21,2001,13.1,930,19,150,613,179,8,930,15,7,46.7,3,20.0,518,3188,1577,29,28,3,19,5,666,28,Matches,ITA-SERIA_A,22-23
ba492306,262,Samuel Iling-Junior,ENG,"DF,FW",Juventus,18,2003,3.5,175,4,35,50,93,10,175,14,5,35.7,5,35.7,99,738,336,11,16,3,9,4,114,36,Matches,ITA-SERIA_A,22-23
a47c6309,263,Emirhan İlkhan,TUR,MF,Torino,18,2004,1.0,58,4,12,34,12,0,58,2,1,50.0,1,50.0,39,240,86,2,4,0,2,2,38,3,Matches,ITA-SERIA_A,22-23
a47c6309,264,Emirhan İlkhan,TUR,MF,Sampdoria,18,2004,1.3,90,6,16,53,21,1,90,3,1,33.3,2,66.7,50,216,74,1,1,0,5,0,58,8,Matches,ITA-SERIA_A,22-23
4431aed2,265,Ciro Immobile,ITA,FW,Lazio,32,1990,24.7,868,18,55,370,451,159,863,43,18,41.9,20,46.5,503,2914,1134,40,21,27,63,22,695,174,Matches,ITA-SERIA_A,22-23
6b635f5c,266,Ardian Ismajli,ALB,DF,Empoli,25,1996,23.3,1301,242,785,494,25,18,1301,2,2,100.0,0,0.0,694,3506,1752,10,2,0,3,2,762,0,Matches,ITA-SERIA_A,22-23
71c620d7,267,Mihailo Ivanović,SRB,FW,Sampdoria,17,2004,0.0,0,0,0,0,0,0,0,0,0,,0,,0,0,0,0,0,0,0,0,0,0,Matches,ITA-SERIA_A,22-23
89976232,268,Armando Izzo,ITA,DF,Monza,30,1992,27.4,1890,191,962,812,130,28,1890,22,11,50.0,9,40.9,1041,4854,2484,22,10,1,11,8,1280,29,Matches,ITA-SERIA_A,22-23
8c65eb5f,269,Mato Jajalo,BIH,MF,Udinese,34,1988,0.7,36,4,7,14,16,1,36,2,1,50.0,1,50.0,17,67,40,0,2,0,1,0,22,1,Matches,ITA-SERIA_A,22-23
4a537185,270,Jesé,ESP,FW,Sampdoria,29,1993,2.3,92,3,5,47,41,6,92,5,3,60.0,1,20.0,49,313,74,1,4,0,5,3,60,15,Matches,ITA-SERIA_A,22-23
79083382,271,Juan Jesus,BRA,DF,Napoli,31,1991,10.4,834,56,300,518,21,7,834,0,0,,0,,532,3282,2091,14,9,0,5,1,575,3,Matches,ITA-SERIA_A,22-23
dc765618,272,Þórir Jóhann Helgason,ISL,MF,Lecce,21,2000,2.5,96,8,25,42,31,3,96,1,0,0.0,1,100.0,41,181,88,2,2,1,4,2,50,5,Matches,ITA-SERIA_A,22-23
4d8cd038,273,Luka Jović,SRB,"FW,MF",Fiorentina,24,1997,17.0,437,11,27,196,219,79,436,22,15,68.2,6,27.3,214,1023,316,8,8,4,25,16,326,75,Matches,ITA-SERIA_A,22-23
570bb4b9,274,Hamed Junior Traorè,CIV,"MF,FW",Sassuolo,22,2000,6.6,308,3,43,142,127,24,308,15,4,26.7,9,60.0,194,1312,600,14,7,7,16,23,226,36,Matches,ITA-SERIA_A,22-23
f95f49d2,275,Yayah Kallon,SLE,"MF,FW",Hellas Verona,21,2001,9.6,356,7,31,127,207,43,356,30,8,26.7,14,46.7,233,1764,764,33,20,14,28,15,237,64,Matches,ITA-SERIA_A,22-23
85f7d1be,276,Pierre Kalulu,FRA,DF,Milan,22,2000,28.3,2099,118,890,1056,172,18,2099,18,10,55.6,5,27.8,1284,7528,4148,52,25,0,25,5,1410,43,Matches,ITA-SERIA_A,22-23
8b66d9cc,277,Yann Karamoh,FRA,"MF,FW",Torino,24,1998,8.0,347,4,22,139,192,35,347,57,26,45.6,25,43.9,221,1493,646,27,10,11,33,13,257,74,Matches,ITA-SERIA_A,22-23
9f84febe,278,Rick Karsdorp,NED,DF,Roma,27,1995,7.9,444,30,156,185,110,9,444,6,0,0.0,5,83.3,236,1148,575,16,8,2,11,6,260,33,Matches,ITA-SERIA_A,22-23
7ae36711,279,Denso Kasius,NED,DF,Bologna,19,2002,3.8,243,6,75,105,65,3,243,10,6,60.0,3,30.0,127,728,374,9,10,1,11,7,144,21,Matches,ITA-SERIA_A,22-23
2a82aa85,280,Grigoris Kastanos,CYP,"MF,DF",Salernitana,24,1998,14.3,770,20,157,365,258,25,770,34,13,38.2,14,41.2,458,2257,1111,27,19,3,16,19,508,59,Matches,ITA-SERIA_A,22-23
3d50bcdb,281,Moise Kean,ITA,FW,Juventus,22,2000,11.1,333,3,32,146,165,57,333,41,14,34.1,23,56.1,220,1487,667,30,15,20,29,29,252,76,Matches,ITA-SERIA_A,22-23
dc3e663e,282,Jakub Kiwior,POL,DF,Spezia,22,2000,16.0,953,177,594,307,58,15,953,7,5,71.4,2,28.6,464,2749,1395,13,3,1,8,5,498,6,Matches,ITA-SERIA_A,22-23
8b8a56ce,283,Simon Kjær,DEN,DF,Milan,33,1989,11.2,761,95,432,322,11,2,761,0,0,,0,,458,1956,1166,3,2,0,1,0,535,1,Matches,ITA-SERIA_A,22-23
a26fb8aa,284,Teun Koopmeiners,NED,MF,Atalanta,24,1998,31.8,2056,85,476,916,691,63,2052,54,28,51.9,23,42.6,1136,5759,3052,60,64,11,48,32,1396,106,Matches,ITA-SERIA_A,22-23
b1cd37e6,285,Filip Kostić,SRB,"DF,FW",Juventus,29,1992,28.5,1488,41,237,595,674,62,1488,52,23,44.2,24,46.2,809,4882,2587,101,54,22,50,20,943,230,Matches,ITA-SERIA_A,22-23
58e933d2,286,Christian Kouamé,CIV,FW,Fiorentina,24,1997,20.7,942,8,74,324,559,111,942,66,21,31.8,36,54.5,564,2844,1302,50,32,24,80,42,703,203,Matches,ITA-SERIA_A,22-23
9d60028d,287,Viktor Kovalenko,UKR,MF,Spezia,26,1996,6.1,309,10,56,150,105,19,309,5,4,80.0,1,20.0,158,684,254,4,3,2,9,2,191,28,Matches,ITA-SERIA_A,22-23
b804c280,288,Julian Kristoffersen,NOR,FW,Salernitana,25,1997,0.2,4,0,0,2,2,0,4,0,0,,0,,1,2,0,0,0,0,1,0,2,2,Matches,ITA-SERIA_A,22-23
b4101c2e,289,Raimonds Krollis,LVA,"FW,DF",Spezia,20,2001,0.4,16,0,2,5,9,2,16,1,0,0.0,1,100.0,8,54,11,1,0,0,1,1,11,4,Matches,ITA-SERIA_A,22-23
817c6964,290,Rade Krunić,BIH,MF,Milan,28,1993,18.4,1115,43,284,673,171,24,1115,26,19,73.1,4,15.4,659,3562,1910,31,27,2,10,8,728,21,Matches,ITA-SERIA_A,22-23
a40819d9,291,Marash Kumbulla,ALB,DF,Roma,22,2000,2.9,204,15,102,100,5,2,204,0,0,,0,,136,615,316,2,1,0,2,0,155,1,Matches,ITA-SERIA_A,22-23
dea88efd,292,Khvicha Kvaratskhelia,GEO,FW,Napoli,21,2001,28.0,1548,8,110,486,976,175,1546,199,75,37.7,107,53.8,1054,6935,3699,139,62,84,63,48,1221,291,Matches,ITA-SERIA_A,22-23
0a483542,293,Giorgos Kyriakopoulos,GRE,"DF,FW",Bologna,26,1996,7.8,490,20,137,194,163,9,490,17,11,64.7,4,23.5,293,1735,1021,21,15,1,13,8,331,50,Matches,ITA-SERIA_A,22-23
0a483542,294,Giorgos Kyriakopoulos,GRE,"FW,DF",Sassuolo,26,1996,8.5,505,14,140,187,186,16,505,31,14,45.2,15,48.4,312,1875,1061,17,15,5,14,18,333,46,Matches,ITA-SERIA_A,22-23
c283ddef,295,Sam Lammers,NED,FW,Sampdoria,25,1997,12.2,409,15,38,214,163,44,409,29,16,55.2,12,41.4,260,1113,515,17,11,6,53,18,335,65,Matches,ITA-SERIA_A,22-23
c283ddef,296,Sam Lammers,NED,FW,Empoli,25,1997,9.8,358,12,35,151,179,49,358,23,10,43.5,12,52.2,193,1064,354,9,12,6,37,14,268,67,Matches,ITA-SERIA_A,22-23
09538fdb,297,Kevin Lasagna,ITA,"FW,MF",Hellas Verona,29,1992,17.5,482,15,62,182,249,67,482,38,13,34.2,18,47.4,267,1736,747,36,23,14,53,34,317,105,Matches,ITA-SERIA_A,22-23
2d22cea7,298,Armand Lauriente,FRA,FW,Sassuolo,23,1998,24.2,1100,7,81,392,654,106,1099,140,64,45.7,59,42.1,762,6095,3186,127,68,50,56,53,816,263,Matches,ITA-SERIA_A,22-23
016ff750,299,Valentino Lazaro,AUT,DF,Torino,26,1996,15.3,1017,38,200,433,394,23,1017,35,16,45.7,13,37.1,496,2428,1262,44,25,8,16,4,607,84,Matches,ITA-SERIA_A,22-23
93088fbb,300,Marko Lazetić,SRB,FW,Milan,18,2004,0.1,4,0,0,2,2,1,4,0,0,,0,,2,5,0,0,0,0,1,2,3,3,Matches,ITA-SERIA_A,22-23
5128bde4,301,Darko Lazović,SRB,"MF,DF",Hellas Verona,31,1990,24.9,1052,26,197,411,461,67,1052,54,19,35.2,30,55.6,542,3366,1943,72,37,21,38,14,620,167,Matches,ITA-SERIA_A,22-23
02caf6e0,302,Manuel Lazzari,ITA,DF,Lazio,28,1993,20.9,1380,52,433,657,310,27,1380,41,18,43.9,18,43.9,789,5925,3933,98,62,15,25,3,921,74,Matches,ITA-SERIA_A,22-23
20730eae,303,Rafael Leão,POR,"FW,MF",Milan,23,1999,26.9,1195,10,66,487,672,144,1195,171,77,45.0,76,44.4,804,7464,3808,136,113,64,69,38,924,235,Matches,ITA-SERIA_A,22-23
7d3cbc67,304,Mehdi Léris,ALG,"MF,DF",Sampdoria,24,1998,27.3,1296,51,263,592,464,78,1296,69,29,42.0,31,44.9,742,3782,1647,56,31,13,80,48,874,165,Matches,ITA-SERIA_A,22-23
d023d70f,305,Karol Linetty,POL,MF,Torino,27,1995,21.0,1175,37,213,708,260,21,1175,22,7,31.8,13,59.1,625,3132,1657,27,24,3,27,11,767,32,Matches,ITA-SERIA_A,22-23
a3695ac2,306,Marcin Listkowski,POL,"MF,FW",Lecce,24,1998,0.9,34,2,10,11,13,1,34,0,0,,0,,17,157,81,6,1,0,1,1,20,4,Matches,ITA-SERIA_A,22-23
bba30585,307,Diego Llorente,ESP,DF,Roma,28,1993,6.4,355,49,205,135,16,8,355,2,1,50.0,1,50.0,220,1045,549,2,0,0,2,1,238,3,Matches,ITA-SERIA_A,22-23
e1cbb531,308,Stanislav Lobotka,SVK,MF,Napoli,27,1994,34.5,2536,66,523,1653,379,14,2536,27,18,66.7,5,18.5,1628,7751,3135,51,68,9,25,16,1950,39,Matches,ITA-SERIA_A,22-23
a8a874f1,309,Manuel Locatelli,ITA,MF,Juventus,24,1998,27.2,1671,100,466,939,283,20,1671,27,15,55.6,11,40.7,804,3203,1475,25,18,4,29,19,1083,37,Matches,ITA-SERIA_A,22-23
c8ad0857,310,Luka Lochoshvili,GEO,DF,Cremonese,24,1998,20.4,1019,133,561,414,54,9,1019,9,6,66.7,3,33.3,544,2851,1642,17,14,0,11,5,589,5,Matches,ITA-SERIA_A,22-23
7c104bb7,311,Ademola Lookman,NGA,"FW,MF",Atalanta,24,1997,19.2,867,2,58,350,470,111,864,80,34,42.5,37,46.3,572,3472,1744,73,28,33,47,46,675,185,Matches,ITA-SERIA_A,22-23
20094685,312,Maxime Lopez,FRA,MF,Sassuolo,24,1997,25.5,1855,60,456,1070,345,14,1855,27,11,40.7,15,55.6,1214,6585,3157,54,58,2,17,12,1407,40,Matches,ITA-SERIA_A,22-23
5fa57166,313,Matteo Lovato,ITA,DF,Salernitana,22,2000,9.0,411,58,233,172,9,0,411,0,0,,0,,210,794,386,1,1,1,5,3,227,1,Matches,ITA-SERIA_A,22-23
966eea58,314,Sandi Lovrić,SVN,MF,Udinese,24,1998,25.9,1272,35,210,646,438,55,1272,38,14,36.8,20,52.6,734,3806,1793,42,34,10,51,22,818,90,Matches,ITA-SERIA_A,22-23
a69e4806,315,Hirving Lozano,MEX,FW,Napoli,27,1995,17.8,811,9,73,285,467,77,810,78,38,48.7,31,39.7,570,4050,2285,86,29,22,39,13,607,190,Matches,ITA-SERIA_A,22-23
80490d7f,316,Jhon Lucumí,COL,DF,Bologna,24,1998,32.2,2258,304,1222,998,51,16,2258,6,4,66.7,2,33.3,1409,7653,4456,37,15,2,19,6,1537,6,Matches,ITA-SERIA_A,22-23
921f6058,317,José Luis Palomino,ARG,DF,Atalanta,32,1990,8.4,607,48,261,313,39,9,607,3,2,66.7,1,33.3,308,1514,638,3,1,1,3,3,339,3,Matches,ITA-SERIA_A,22-23
5eae500a,318,Romelu Lukaku,BEL,FW,Inter,29,1993,18.4,575,18,26,211,339,100,573,29,15,51.7,13,44.8,328,1767,778,34,21,12,47,28,482,159,Matches,ITA-SERIA_A,22-23
c6e8cf1f,319,Saša Lukić,SRB,MF,Torino,25,1996,13.3,850,29,129,537,190,23,849,7,1,14.3,4,57.1,448,2360,1057,26,18,4,17,8,556,33,Matches,ITA-SERIA_A,22-23
997fff07,320,Sebastiano Luperto,ITA,DF,Empoli,25,1996,34.8,2057,414,1236,783,52,23,2057,2,2,100.0,0,0.0,1125,5044,2598,13,6,1,6,3,1191,3,Matches,ITA-SERIA_A,22-23
5efc5389,321,Charalambos Lykogiannis,GRE,DF,Bologna,28,1993,12.3,855,31,226,403,234,5,855,11,4,36.4,7,63.6,466,2045,1141,32,19,0,10,1,544,47,Matches,ITA-SERIA_A,22-23
957e4c87,322,Giulio Maggiore,ITA,MF,Salernitana,24,1998,9.9,580,18,138,351,93,8,580,4,1,25.0,2,50.0,300,1117,427,7,3,1,18,4,365,13,Matches,ITA-SERIA_A,22-23
cce9f582,323,Giangiacomo Magnani,ITA,DF,Hellas Verona,26,1995,17.0,683,102,341,323,27,7,683,5,3,60.0,2,40.0,316,1386,605,5,5,1,6,3,307,5,Matches,ITA-SERIA_A,22-23
fcb38f57,324,Mike Maignan,FRA,GK,Milan,27,1995,22.0,853,639,838,15,0,0,853,0,0,,0,,618,3323,2132,0,0,0,0,0,525,0,Matches,ITA-SERIA_A,22-23
2e7dafe5,325,Jordan Majchrzak,POL,FW,Roma,17,2004,0.2,4,0,0,2,2,0,4,0,0,,0,,3,4,0,0,0,0,0,0,4,1,Matches,ITA-SERIA_A,22-23
22bfb57e,326,Jean-Victor Makengo,FRA,MF,Udinese,24,1998,8.9,393,11,64,223,112,6,393,15,11,73.3,1,6.7,259,1518,688,18,17,0,15,11,290,31,Matches,ITA-SERIA_A,22-23
2bffcbf2,327,Lorenzo Malagrida,ITA,"MF,DF",Sampdoria,18,2003,1.2,51,0,6,27,18,5,51,2,2,100.0,0,0.0,22,106,53,1,0,1,0,1,34,10,Matches,ITA-SERIA_A,22-23
801831fe,328,Daniel Maldini,ITA,"FW,MF",Spezia,20,2001,7.0,289,7,40,121,132,15,289,46,23,50.0,18,39.1,158,978,417,13,8,4,24,8,183,34,Matches,ITA-SERIA_A,22-23
4c8845f7,329,Youssef Maleh,MAR,MF,Fiorentina,23,1998,3.3,150,4,18,79,53,11,150,3,1,33.3,2,66.7,93,321,144,3,4,1,6,6,96,17,Matches,ITA-SERIA_A,22-23
4c8845f7,330,Youssef Maleh,MAR,MF,Lecce,23,1998,7.5,296,11,72,138,87,15,296,8,2,25.0,5,62.5,143,561,266,9,7,3,9,10,167,19,Matches,ITA-SERIA_A,22-23
48d5bd33,331,Ruslan Malinovskyi,UKR,"MF,FW",Atalanta,29,1993,6.1,425,2,61,220,152,8,425,21,9,42.9,10,47.6,279,1481,643,19,17,3,21,9,303,36,Matches,ITA-SERIA_A,22-23
5aa53281,332,Gianluca Mancini,ITA,DF,Roma,26,1996,31.8,1865,189,855,885,139,30,1865,14,6,42.9,5,35.7,1124,5050,3089,17,21,0,16,7,1324,19,Matches,ITA-SERIA_A,22-23
c7259b83,333,Rolando Mandragora,ITA,MF,Fiorentina,25,1997,21.7,1190,33,175,670,356,37,1190,16,5,31.3,9,56.3,598,2489,1243,18,25,3,13,8,720,59,Matches,ITA-SERIA_A,22-23
f794b426,334,Federico Marchetti,ITA,GK,Spezia,39,1983,0.7,18,17,18,0,0,0,18,0,0,,0,,7,23,13,0,0,0,0,0,6,0,Matches,ITA-SERIA_A,22-23
91d0fabf,335,Riccardo Marchizza,ITA,DF,Sassuolo,24,1998,3.1,205,11,51,106,48,1,205,5,1,20.0,4,80.0,129,563,338,3,6,0,2,3,135,15,Matches,ITA-SERIA_A,22-23
8650af85,336,Gian Marco Ferrari,ITA,DF,Sassuolo,30,1992,24.7,1476,210,749,672,66,14,1476,2,0,0.0,1,50.0,858,4530,2799,11,10,0,10,2,938,4,Matches,ITA-SERIA_A,22-23
aa54ec6f,337,Pablo Marí,ESP,DF,Monza,28,1993,27.6,1874,299,1090,750,37,15,1874,4,2,50.0,2,50.0,1049,5335,2820,6,8,1,10,5,1273,3,Matches,ITA-SERIA_A,22-23
7fac99d4,338,Răzvan Marin,ROU,MF,Empoli,26,1996,28.2,1805,76,428,971,425,16,1805,39,22,56.4,15,38.5,1051,5460,2560,35,41,3,24,22,1164,27,Matches,ITA-SERIA_A,22-23
cdf65d12,339,Marlon,BRA,DF,Monza,26,1995,17.7,1182,115,552,587,47,11,1182,5,2,40.0,3,60.0,683,3472,1874,19,9,1,6,1,851,12,Matches,ITA-SERIA_A,22-23
ea468ea8,340,Luca Marrone,ITA,DF,Monza,32,1990,1.5,93,12,66,25,2,1,93,0,0,,0,,59,215,95,0,0,0,0,0,64,0,Matches,ITA-SERIA_A,22-23
f7036e1c,341,Lautaro Martínez,ARG,FW,Inter,24,1997,28.6,1085,23,90,474,536,171,1083,72,29,40.3,31,43.1,619,2854,1336,49,33,22,75,48,793,172,Matches,ITA-SERIA_A,22-23
3ec3c1c9,342,Lucas Martínez Quarta,ARG,DF,Fiorentina,26,1996,24.1,1835,139,854,890,111,35,1835,16,12,75.0,3,18.8,1088,6689,3255,19,25,1,11,6,1131,6,Matches,ITA-SERIA_A,22-23
d4535821,343,Adam Marušić,MNE,DF,Lazio,29,1992,30.7,2049,100,795,1005,260,17,2049,15,10,66.7,3,20.0,1065,4702,2669,38,39,4,13,13,1334,43,Matches,ITA-SERIA_A,22-23
de0f152c,344,Adam Masina,MAR,DF,Udinese,28,1994,8.8,496,55,243,219,41,6,496,4,3,75.0,0,0.0,297,1477,714,4,3,1,4,1,307,6,Matches,ITA-SERIA_A,22-23
eb7822d7,345,Nemanja Matić,SRB,MF,Roma,33,1988,20.6,1475,51,324,942,231,25,1475,33,24,72.7,5,15.2,913,5440,3060,50,44,7,22,19,1006,17,Matches,ITA-SERIA_A,22-23
3318286e,346,Luís Maximiano,POR,GK,Lazio,23,1999,0.1,4,4,4,0,0,0,4,0,0,,0,,3,4,0,0,0,0,0,0,3,0,Matches,ITA-SERIA_A,22-23
eb0ec070,347,Pasquale Mazzocchi,ITA,DF,Salernitana,27,1995,21.8,1196,59,348,469,398,36,1196,103,58,56.3,36,35.0,654,4495,2330,70,55,15,54,34,680,102,Matches,ITA-SERIA_A,22-23
01c3aff5,348,Weston McKennie,USA,"MF,DF",Juventus,23,1998,11.7,526,25,115,249,164,22,526,9,7,77.8,2,22.2,231,1171,678,19,11,2,20,12,349,54,Matches,ITA-SERIA_A,22-23
563a68ad,349,Gary Medel,CHI,"MF,DF",Bologna,34,1987,16.4,1226,123,520,656,60,0,1226,6,4,66.7,2,33.3,643,2305,983,1,3,0,6,4,803,5,Matches,ITA-SERIA_A,22-23
5cec2c74,350,Soualiho Meïté,FRA,MF,Cremonese,28,1994,26.3,1282,72,363,759,176,13,1282,60,28,46.7,18,30.0,719,3526,1612,26,20,4,30,30,811,22,Matches,ITA-SERIA_A,22-23
9413b19f,351,Alex Meret,ITA,GK,Napoli,25,1997,34.0,974,828,972,2,0,0,974,0,0,,0,,544,2256,1190,0,0,0,0,0,476,0,Matches,ITA-SERIA_A,22-23
c730da00,352,Yıldırım Mert Çetin,TUR,DF,Lecce,25,1997,0.2,8,2,5,3,0,0,8,0,0,,0,,3,12,1,0,0,0,2,0,2,0,Matches,ITA-SERIA_A,22-23
f49c4ae9,353,Junior Messias,BRA,"FW,DF",Milan,31,1991,16.6,765,32,122,336,323,54,765,68,34,50.0,21,30.9,466,3060,1659,45,42,18,32,14,530,137,Matches,ITA-SERIA_A,22-23
b2561711,354,Tommaso Milanese,ITA,MF,Cremonese,20,2002,0.3,19,0,1,7,12,2,19,2,1,50.0,1,50.0,13,71,38,2,1,0,3,1,14,1,Matches,ITA-SERIA_A,22-23
bee704fc,355,Nikola Milenković,SRB,DF,Fiorentina,24,1997,23.7,1520,143,743,710,74,35,1520,0,0,,0,,816,3547,1782,9,10,0,7,0,902,3,Matches,ITA-SERIA_A,22-23
85613cf0,356,Arkadiusz Milik,POL,FW,Juventus,28,1994,17.6,623,16,45,322,261,75,622,22,11,50.0,9,40.9,343,1317,473,10,18,2,50,16,483,85,Matches,ITA-SERIA_A,22-23
4e6dbac4,357,Sergej Milinković-Savić,SRB,MF,Lazio,27,1995,33.6,2411,73,442,1341,652,87,2411,80,39,48.8,31,38.8,1406,5856,2161,47,32,11,106,66,1926,129,Matches,ITA-SERIA_A,22-23
9fa26bc2,358,Vanja Milinković-Savić,SRB,GK,Torino,25,1997,38.0,1882,1342,1862,21,1,1,1882,0,0,,0,,1187,7724,4634,0,0,0,2,1,1000,0,Matches,ITA-SERIA_A,22-23
e0f8151c,359,Kim Min-jae,KOR,DF,Napoli,25,1996,33.9,3142,298,1329,1722,104,27,3142,7,4,57.1,3,42.9,1942,8608,4964,42,21,2,13,7,2349,8,Matches,ITA-SERIA_A,22-23
a9aa0d1d,360,Aleksei Miranchuk,RUS,MF,Torino,26,1995,23.2,1010,10,66,527,424,42,1010,46,15,32.6,25,54.3,667,3642,1633,47,44,8,47,27,802,105,Matches,ITA-SERIA_A,22-23
30223b33,361,Antonio Mirante,ITA,GK,Milan,39,1983,0.0,4,4,4,0,0,0,4,0,0,,0,,2,9,8,0,0,0,0,0,3,0,Matches,ITA-SERIA_A,22-23
34693494,362,Fabio Miretti,ITA,"MF,FW",Juventus,18,2003,13.7,694,15,109,346,249,45,694,43,19,44.2,18,41.9,408,2017,1075,33,21,6,41,26,476,85,Matches,ITA-SERIA_A,22-23
2d3d7c0d,363,Filippo Missori,ITA,DF,Roma,18,2004,2.0,82,4,41,25,16,0,82,2,0,0.0,2,100.0,20,72,17,1,0,0,3,1,27,3,Matches,ITA-SERIA_A,22-23
dd0daf32,364,Henrikh Mkhitaryan,ARM,MF,Inter,33,1989,22.1,1288,31,195,710,402,38,1288,35,14,40.0,16,45.7,754,4097,2024,48,47,10,44,20,899,74,Matches,ITA-SERIA_A,22-23
54ab971f,365,Salvatore Molina,ITA,DF,Monza,30,1992,2.5,139,6,29,47,65,1,139,4,2,50.0,1,25.0,79,416,275,9,5,0,4,2,85,22,Matches,ITA-SERIA_A,22-23
ca73910d,366,Daniele Montevago,ITA,FW,Sampdoria,19,2003,2.6,79,2,4,31,44,18,79,4,0,0.0,4,100.0,42,141,44,1,1,1,9,4,61,10,Matches,ITA-SERIA_A,22-23
c1d95617,367,Lorenzo Montipò,ITA,GK,Hellas Verona,26,1996,37.0,1309,1050,1297,14,0,0,1309,0,0,,0,,622,4073,2169,0,1,0,6,0,461,0,Matches,ITA-SERIA_A,22-23
ff579c7e,368,Nikola Moro,CRO,MF,Bologna,24,1998,13.6,931,29,210,549,181,18,931,26,18,69.2,7,26.9,553,2627,1180,24,22,1,13,9,654,35,Matches,ITA-SERIA_A,22-23
efc9e31f,369,Dany Mota,POR,"FW,MF",Monza,24,1998,21.2,835,25,76,405,364,94,835,73,35,47.9,25,34.2,519,3543,1410,66,35,31,76,36,639,166,Matches,ITA-SERIA_A,22-23
a0aee24e,370,João Moutinho,POR,"DF,FW",Spezia,24,1998,0.6,51,3,11,20,20,0,51,0,0,,0,,18,55,20,0,1,0,0,0,24,2,Matches,ITA-SERIA_A,22-23
1295552e,371,Mert Müldür,TUR,"FW,DF",Sassuolo,23,1999,0.1,3,0,2,1,0,0,3,0,0,,0,,3,6,4,0,0,0,0,0,3,0,Matches,ITA-SERIA_A,22-23
eb2fe5b6,372,Luis Muriel,COL,"FW,MF",Atalanta,31,1991,11.9,712,3,37,251,428,70,711,70,34,48.6,33,47.1,416,2792,1367,53,38,22,49,27,545,124,Matches,ITA-SERIA_A,22-23
b233e8e4,373,Jeison Murillo,COL,DF,Sampdoria,30,1992,11.7,671,81,323,325,28,4,671,4,2,50.0,1,25.0,336,1509,903,8,4,0,7,1,385,3,Matches,ITA-SERIA_A,22-23
d183e9d6,374,Nicola Murru,ITA,DF,Sampdoria,27,1994,8.7,418,48,178,185,58,2,418,1,0,0.0,1,100.0,210,792,381,7,6,0,7,1,233,13,Matches,ITA-SERIA_A,22-23
a111cf41,375,Juan Musso,ARG,GK,Atalanta,28,1994,23.1,745,654,742,3,0,0,745,0,0,,0,,436,2893,1620,0,1,1,2,0,316,0,Matches,ITA-SERIA_A,22-23
c459a650,376,Joakim Mæhle,DEN,"DF,MF",Atalanta,25,1997,24.5,1707,43,347,697,683,58,1707,53,18,34.0,32,60.4,932,4932,2801,81,64,11,39,24,1110,186,Matches,ITA-SERIA_A,22-23
c39babc1,377,Herculano Nabian,POR,MF,Empoli,18,2004,0.0,1,0,0,1,0,0,1,1,0,0.0,1,100.0,1,13,13,0,0,0,0,0,1,0,Matches,ITA-SERIA_A,22-23
599d91d0,378,Michel Ndary Adopo,FRA,"MF,DF",Torino,22,2000,2.9,172,7,36,112,25,2,172,6,3,50.0,3,50.0,84,377,193,2,1,0,4,3,103,4,Matches,ITA-SERIA_A,22-23
5cdddffa,379,Tanguy Ndombele,FRA,MF,Napoli,25,1996,9.0,685,12,78,424,189,28,685,37,19,51.4,12,32.4,461,2028,977,27,19,4,26,18,578,33,Matches,ITA-SERIA_A,22-23
b1236c63,380,Ilija Nestorovski,MKD,"FW,MF",Udinese,32,1990,7.1,228,10,18,125,86,29,228,5,3,60.0,1,20.0,118,379,128,1,1,1,14,3,169,29,Matches,ITA-SERIA_A,22-23
2b8360f1,381,Cyril Ngonge,BEL,"MF,FW",Hellas Verona,22,2000,8.3,300,5,28,135,143,20,300,35,12,34.3,20,57.1,181,993,473,18,11,9,23,12,202,40,Matches,ITA-SERIA_A,22-23
b136c945,382,Hans Nicolussi Caviglia,ITA,MF,Salernitana,22,2000,6.5,313,15,83,184,47,4,313,8,4,50.0,2,25.0,139,697,228,4,3,0,11,6,167,2,Matches,ITA-SERIA_A,22-23
cf961d8d,383,Dimitris Nikolaou,GRE,DF,Spezia,23,1998,32.9,1926,243,989,814,136,14,1926,14,10,71.4,2,14.3,1138,5327,2878,20,19,0,18,10,1242,15,Matches,ITA-SERIA_A,22-23
48329ff8,384,Samuel Ntanda,BEL,MF,Sampdoria,17,2005,0.0,2,0,0,1,1,1,2,1,1,100.0,0,0.0,1,7,4,0,0,0,0,0,2,1,Matches,ITA-SERIA_A,22-23
e33f36d5,385,Bram Nuytinck,NED,DF,Udinese,32,1990,4.3,185,37,117,65,4,2,185,1,1,100.0,0,0.0,90,425,187,1,0,0,1,0,88,0,Matches,ITA-SERIA_A,22-23
e33f36d5,386,Bram Nuytinck,NED,DF,Sampdoria,32,1990,16.6,878,160,575,290,15,12,878,1,0,0.0,1,100.0,471,2123,936,4,0,0,4,2,486,3,Matches,ITA-SERIA_A,22-23
a4948e67,387,M'Bala Nzola,ANG,FW,Spezia,25,1996,29.5,966,32,64,351,562,143,963,80,30,37.5,39,48.8,620,3345,995,50,26,28,123,69,769,215,Matches,ITA-SERIA_A,22-23
ba1e04b3,388,Pedro Obiang,EQG,MF,Sassuolo,30,1992,9.7,527,34,138,339,53,2,527,8,3,37.5,4,50.0,262,1022,335,0,7,0,6,2,325,6,Matches,ITA-SERIA_A,22-23
1e9bde92,389,Guillermo Ochoa,MEX,GK,Salernitana,37,1985,20.0,824,692,819,5,0,0,824,0,0,,0,,396,2117,1426,0,0,0,1,0,326,0,Matches,ITA-SERIA_A,22-23
3b9858f5,390,Marios Oikonomou,GRE,DF,Sampdoria,29,1992,2.4,118,29,80,35,3,2,118,0,0,,0,,55,182,55,0,1,0,3,0,60,0,Matches,ITA-SERIA_A,22-23
d125f22f,391,David Okereke,NGA,"FW,MF",Cremonese,24,1997,25.2,788,20,65,325,412,91,787,83,39,47.0,35,42.2,471,3128,1554,56,45,17,63,35,581,144,Matches,ITA-SERIA_A,22-23
8ec109e6,392,Caleb Okoli,ITA,DF,Atalanta,21,2001,10.7,598,62,328,229,48,12,598,1,0,0.0,1,100.0,265,1059,463,4,5,0,12,5,286,12,Matches,ITA-SERIA_A,22-23
41c12f75,393,Mathías Olivera,URU,DF,Napoli,24,1997,18.3,1588,47,360,805,432,40,1588,30,10,33.3,13,43.3,931,4080,2379,60,44,9,22,24,1040,68,Matches,ITA-SERIA_A,22-23
e9c0c1b2,394,André Onana,CMR,GK,Inter,26,1996,24.0,1071,890,1058,13,0,0,1071,0,0,,0,,728,3561,2314,0,0,0,1,0,657,0,Matches,ITA-SERIA_A,22-23
43a166b4,395,Divock Origi,BEL,FW,Milan,27,1995,11.4,336,14,34,131,183,49,336,33,15,45.5,9,27.3,201,1391,705,24,18,13,39,25,243,79,Matches,ITA-SERIA_A,22-23
e14ec482,396,Riccardo Orsolini,ITA,FW,Bologna,25,1997,23.6,1215,22,193,487,544,101,1212,85,33,38.8,44,51.8,716,4369,1892,53,37,34,69,36,881,212,Matches,ITA-SERIA_A,22-23
8c90fd7a,397,Victor Osimhen,NGA,FW,Napoli,23,1998,28.5,789,31,45,224,537,232,786,75,25,33.3,36,48.0,469,2589,836,43,23,27,96,49,594,196,Matches,ITA-SERIA_A,22-23
ea02beaf,398,Remi Oudin,FRA,"FW,MF",Lecce,25,1996,14.7,776,23,125,341,320,32,776,22,10,45.5,10,45.5,423,2369,869,24,22,5,21,11,448,54,Matches,ITA-SERIA_A,22-23
ed90babd,399,Adam Ounas,ALG,FW,Napoli,25,1996,0.2,19,0,4,12,5,1,19,2,2,100.0,0,0.0,14,121,108,3,2,0,0,0,17,1,Matches,ITA-SERIA_A,22-23
8daee720,400,Simone Pafundi,ITA,"MF,FW",Udinese,16,2006,0.9,90,0,8,55,30,1,90,7,2,28.6,3,42.9,66,401,169,3,1,0,2,3,68,9,Matches,ITA-SERIA_A,22-23
3d6cee81,401,Flavio Paoletti,ITA,MF,Sampdoria,19,2003,3.2,191,12,53,112,27,1,191,3,2,66.7,1,33.3,121,793,338,7,4,0,5,0,133,8,Matches,ITA-SERIA_A,22-23
dff153a4,402,Leandro Paredes,ARG,MF,Juventus,28,1994,10.9,868,41,216,494,161,4,868,6,4,66.7,1,16.7,473,1989,1029,11,10,2,5,4,587,11,Matches,ITA-SERIA_A,22-23
0967845b,403,Fabiano Parisi,ITA,DF,Empoli,21,2000,31.4,2094,159,727,930,483,26,2094,129,64,49.6,47,36.4,1105,7030,4064,102,75,13,55,39,1113,68,Matches,ITA-SERIA_A,22-23
e599253a,404,Mario Pašalić,CRO,"MF,FW",Atalanta,27,1995,19.7,899,21,135,491,279,57,899,25,8,32.0,15,60.0,545,2839,1137,24,22,3,35,26,659,83,Matches,ITA-SERIA_A,22-23
f7223718,405,Patric,ESP,DF,Lazio,29,1993,15.7,1181,214,709,469,8,0,1181,3,2,66.7,1,33.3,648,3007,1314,0,0,0,4,0,813,3,Matches,ITA-SERIA_A,22-23
79b0d6a0,406,Rui Patrício,POR,GK,Roma,34,1988,35.0,932,839,930,2,0,0,932,0,0,,0,,497,2728,1483,0,0,0,2,0,381,0,Matches,ITA-SERIA_A,22-23
3ca7254a,407,Pedro,ESP,FW,Lazio,35,1987,21.1,1171,11,145,588,450,79,1171,68,32,47.1,27,39.7,749,4207,1952,64,42,20,48,28,933,144,Matches,ITA-SERIA_A,22-23
f058ed1f,408,Gianluca Pegolo,ITA,GK,Sassuolo,41,1981,2.0,81,71,81,0,0,0,81,0,0,,0,,46,198,122,0,0,0,0,0,43,0,Matches,ITA-SERIA_A,22-23
a44d3a3c,409,Pietro Pellegri,ITA,FW,Torino,21,2001,5.2,159,3,9,58,92,20,159,16,3,18.8,11,68.8,101,532,111,4,2,3,24,19,125,50,Matches,ITA-SERIA_A,22-23
4a5a45c7,410,Lorenzo Pellegrini,ITA,MF,Roma,26,1996,28.3,1461,32,186,743,548,52,1458,76,32,42.1,34,44.7,788,4744,2021,58,39,5,53,36,913,113,Matches,ITA-SERIA_A,22-23
3b61c9ec,411,Luca Pellegrini,ITA,DF,Lazio,23,1999,2.0,198,3,40,88,71,1,198,8,3,37.5,4,50.0,122,606,273,7,3,0,4,2,130,11,Matches,ITA-SERIA_A,22-23
7afb1573,412,Pepín,EQG,MF,Monza,25,1996,12.5,786,23,161,469,164,10,786,20,7,35.0,11,55.0,477,2855,1283,19,23,4,14,12,581,28,Matches,ITA-SERIA_A,22-23
75f2c59f,413,Roberto Pereyra,ARG,"DF,MF",Udinese,31,1991,31.3,1602,53,323,722,583,102,1601,101,39,38.6,51,50.5,984,5692,2599,66,43,16,53,37,1102,186,Matches,ITA-SERIA_A,22-23
f7c491f1,414,Nehuén Pérez,ARG,DF,Udinese,22,2000,31.3,2136,248,1051,947,153,21,2136,11,5,45.5,6,54.5,1217,6225,3638,23,24,1,15,9,1379,26,Matches,ITA-SERIA_A,22-23
b9e11c1d,415,Simone Perilli,ITA,GK,Hellas Verona,27,1995,1.0,38,35,38,0,0,0,38,0,0,,0,,20,136,87,0,0,0,0,0,9,0,Matches,ITA-SERIA_A,22-23
4c62d0c8,416,Mattia Perin,ITA,GK,Juventus,29,1992,10.5,362,329,359,3,0,0,362,0,0,,0,,230,1152,801,0,0,0,0,0,185,0,Matches,ITA-SERIA_A,22-23
00a17eba,417,Samuele Perisan,ITA,GK,Empoli,24,1997,7.0,242,218,242,0,0,0,242,0,0,,0,,103,502,323,0,0,0,0,0,88,0,Matches,ITA-SERIA_A,22-23
780e3631,418,Matteo Pessina,ITA,MF,Monza,25,1997,32.6,2378,87,587,1333,484,51,2375,58,34,58.6,19,32.8,1434,8205,3834,77,45,6,62,35,1704,88,Matches,ITA-SERIA_A,22-23
03f946ed,419,Andrea Petagna,ITA,FW,Monza,27,1995,18.5,641,21,47,343,256,88,640,37,20,54.1,11,29.7,373,2180,657,23,13,11,64,43,497,132,Matches,ITA-SERIA_A,22-23
149c5f5d,420,Giuseppe Pezzella,ITA,DF,Lecce,24,1997,10.2,649,41,217,253,185,11,649,19,7,36.8,9,47.4,320,2060,1151,28,16,3,12,11,334,48,Matches,ITA-SERIA_A,22-23
17f3620a,421,Krzysztof Piątek,POL,FW,Salernitana,27,1995,23.8,848,45,83,433,341,84,847,24,10,41.7,10,41.7,440,2049,620,27,17,11,78,35,615,121,Matches,ITA-SERIA_A,22-23
1cadaf34,422,Roberto Piccoli,ITA,FW,Hellas Verona,21,2001,2.1,55,3,8,16,31,11,55,3,1,33.3,2,66.7,36,197,70,2,3,1,7,4,41,8,Matches,ITA-SERIA_A,22-23
1cadaf34,423,Roberto Piccoli,ITA,FW,Empoli,21,2001,5.7,170,9,27,78,73,18,170,19,8,42.1,10,52.6,96,686,282,8,3,1,17,11,118,25,Matches,ITA-SERIA_A,22-23
f71ad8cb,424,Charles Pickel,COD,MF,Cremonese,25,1997,27.6,1261,50,270,715,288,44,1261,18,4,22.2,10,55.6,584,2332,1067,18,21,1,34,18,691,61,Matches,ITA-SERIA_A,22-23
08aa9cd1,425,Andrea Pinamonti,ITA,FW,Sassuolo,23,1999,24.0,738,11,26,351,367,120,737,30,10,33.3,17,56.7,383,1470,443,17,11,11,60,56,567,166,Matches,ITA-SERIA_A,22-23
caec77da,426,Lorenzo Pirola,ITA,DF,Salernitana,20,2002,21.6,1235,169,719,472,51,19,1235,8,5,62.5,3,37.5,641,2541,1280,13,12,0,12,2,771,4,Matches,ITA-SERIA_A,22-23
c84dcc88,427,Niccolò Pisilli,ITA,MF,Roma,17,2004,0.0,0,0,0,0,0,0,0,0,0,,0,,0,0,0,0,0,0,0,0,0,0,Matches,ITA-SERIA_A,22-23
2c38b327,428,Marko Pjaca,CRO,"MF,FW",Empoli,27,1995,5.8,321,3,34,154,136,17,321,38,23,60.5,12,31.6,202,1350,691,22,8,9,16,19,245,33,Matches,ITA-SERIA_A,22-23
55a1cac2,429,Tommaso Pobega,ITA,MF,Milan,23,1999,9.8,497,15,107,283,112,17,497,5,2,40.0,3,60.0,211,1105,536,8,12,0,10,6,308,22,Matches,ITA-SERIA_A,22-23
867239d3,430,Paul Pogba,FRA,"MF,FW",Juventus,29,1993,1.2,83,4,11,38,35,10,83,8,6,75.0,1,12.5,52,267,132,5,2,4,2,4,70,15,Matches,ITA-SERIA_A,22-23
5e861944,431,Matteo Politano,ITA,FW,Napoli,28,1993,13.0,798,10,103,267,439,57,795,55,23,41.8,25,45.5,523,4082,2237,81,38,27,31,11,587,138,Matches,ITA-SERIA_A,22-23
2a6cd437,432,Marin Pongračić,CRO,DF,Lecce,24,1997,8.8,435,48,232,201,11,4,435,2,2,100.0,0,0.0,223,1491,754,3,1,0,5,0,210,1,Matches,ITA-SERIA_A,22-23
7f609bfc,433,Stefan Posch,AUT,DF,Bologna,25,1997,28.1,2145,127,851,955,363,36,2145,35,13,37.1,16,45.7,1118,5528,3091,45,41,3,39,11,1286,65,Matches,ITA-SERIA_A,22-23
277da414,434,Ivan Provedel,ITA,GK,Lazio,28,1994,37.9,1405,1206,1397,9,0,0,1405,1,1,100.0,0,0.0,845,4576,2732,0,0,0,1,0,748,0,Matches,ITA-SERIA_A,22-23
62437b4f,435,Ignacio Pussetto,ARG,"MF,DF",Sampdoria,26,1995,1.7,81,2,11,23,47,5,81,3,1,33.3,2,66.7,34,150,34,2,1,0,7,1,51,17,Matches,ITA-SERIA_A,22-23
88f53b75,436,Niklas Pyyhtiä,FIN,MF,Bologna,18,2003,1.2,71,4,20,37,15,4,71,0,0,,0,,40,132,51,2,1,0,1,3,46,5,Matches,ITA-SERIA_A,22-23
ee4f2f3b,437,Fabio Quagliarella,ITA,FW,Sampdoria,39,1983,8.9,340,10,34,142,166,46,340,9,4,44.4,3,33.3,210,755,206,5,4,3,23,5,257,72,Matches,ITA-SERIA_A,22-23
1b9c7401,438,Giacomo Quagliata,ITA,DF,Cremonese,22,2000,7.8,421,15,107,154,171,13,421,25,10,40.0,11,44.0,193,1189,770,19,18,2,10,6,207,45,Matches,ITA-SERIA_A,22-23
8794e251,439,Adrien Rabiot,FRA,MF,Juventus,27,1995,30.5,1555,68,321,801,458,83,1555,55,27,49.1,18,32.7,889,6016,3069,72,69,5,56,35,1010,109,Matches,ITA-SERIA_A,22-23
0630eb63,440,Nemanja Radonjić,SRB,"MF,FW",Torino,26,1996,16.2,714,2,47,236,444,90,714,120,50,41.7,60,50.0,520,4385,2110,86,48,52,53,34,568,163,Matches,ITA-SERIA_A,22-23
023937a9,441,Ivan Radovanović,SRB,"MF,DF",Salernitana,33,1988,7.5,323,30,130,182,14,2,323,1,0,0.0,1,100.0,175,815,439,2,1,0,6,0,203,2,Matches,ITA-SERIA_A,22-23
67f649be,442,Ionuț Radu,ROU,GK,Cremonese,25,1997,9.0,366,305,366,0,0,0,366,0,0,,0,,205,1089,772,0,0,0,0,0,170,0,Matches,ITA-SERIA_A,22-23
53de807a,443,Ștefan Radu,ROU,FW,Lazio,35,1986,0.0,7,0,1,6,0,0,7,0,0,,0,,3,12,9,0,0,0,0,0,5,0,Matches,ITA-SERIA_A,22-23
ce1a6c7e,444,Antonio Raimondo,ITA,FW,Bologna,18,2004,0.2,6,0,1,2,3,1,6,0,0,,0,,4,22,4,1,1,0,1,1,5,3,Matches,ITA-SERIA_A,22-23
8c63fae5,445,Luca Ranieri,ITA,DF,Fiorentina,23,1999,5.6,381,33,192,179,15,3,381,2,1,50.0,1,50.0,208,944,485,4,2,0,4,1,258,0,Matches,ITA-SERIA_A,22-23
539230cf,446,Andrea Ranocchia,ITA,DF,Monza,34,1988,0.5,35,13,28,7,0,0,35,0,0,,0,,11,63,22,0,0,0,0,0,13,0,Matches,ITA-SERIA_A,22-23
d9ebed1c,447,Filippo Ranocchia,ITA,MF,Monza,21,2001,5.9,328,14,70,174,90,4,328,15,8,53.3,3,20.0,213,1365,656,13,18,0,10,10,236,15,Matches,ITA-SERIA_A,22-23
6e058f06,448,Giacomo Raspadori,ITA,FW,Sassuolo,22,2000,0.5,15,0,0,7,8,2,15,0,0,,0,,10,33,6,0,1,0,2,1,12,4,Matches,ITA-SERIA_A,22-23
6e058f06,449,Giacomo Raspadori,ITA,"FW,MF",Napoli,22,2000,10.1,577,4,50,238,290,55,577,21,8,38.1,10,47.6,348,1424,539,13,10,5,31,14,445,88,Matches,ITA-SERIA_A,22-23
d7a35008,450,Nicola Ravaglia,ITA,GK,Sampdoria,33,1988,9.0,363,322,360,3,0,0,363,0,0,,0,,174,1002,545,0,0,0,0,0,123,0,Matches,ITA-SERIA_A,22-23
536cebe5,451,Ante Rebić,CRO,"FW,MF",Milan,28,1993,10.9,437,5,22,136,283,56,437,31,15,48.4,14,45.2,254,1213,390,17,10,5,26,15,341,92,Matches,ITA-SERIA_A,22-23
6213fd82,452,Arkadiusz Reca,POL,DF,Spezia,27,1995,24.1,1483,90,469,605,424,32,1483,61,19,31.1,36,59.0,736,5119,3001,82,50,8,38,10,821,94,Matches,ITA-SERIA_A,22-23
4bd00a50,453,Panagiotis Retsos,GRE,DF,Hellas Verona,23,1998,1.4,76,8,31,38,7,1,76,1,1,100.0,0,0.0,35,249,125,2,0,0,0,1,33,0,Matches,ITA-SERIA_A,22-23
f61c7c4e,454,Franck Ribéry,FRA,MF,Salernitana,39,1983,0.4,28,0,3,16,10,0,28,3,0,0.0,3,100.0,15,121,67,1,1,0,0,1,24,4,Matches,ITA-SERIA_A,22-23
9823be92,455,Samuele Ricci,ITA,MF,Torino,20,2001,23.0,1376,50,233,900,258,15,1376,26,8,30.8,12,46.2,868,4897,2083,43,30,5,21,17,974,31,Matches,ITA-SERIA_A,22-23
f1cfc209,456,Tomás Rincón,VEN,MF,Sampdoria,34,1988,28.4,1497,47,331,928,259,20,1497,47,27,57.4,17,36.2,874,3925,1687,27,28,6,26,29,988,35,Matches,ITA-SERIA_A,22-23
1d4e63b6,457,Pablo Rodríguez,ESP,"FW,MF",Lecce,20,2001,0.6,32,0,4,18,11,0,32,1,0,0.0,0,0.0,21,97,54,2,2,0,1,2,22,7,Matches,ITA-SERIA_A,22-23
7f78ad23,458,Ricardo Rodríguez,SUI,DF,Torino,29,1992,29.7,1993,119,692,998,314,12,1993,13,7,53.8,5,38.5,1136,5905,3111,49,58,5,13,11,1328,51,Matches,ITA-SERIA_A,22-23
10e7f486,459,Rogério,BRA,DF,Sassuolo,24,1998,33.3,2308,94,780,1033,523,31,2308,41,23,56.1,11,26.8,1272,7803,4585,110,65,13,28,8,1419,115,Matches,ITA-SERIA_A,22-23
84594618,460,Filippo Romagna,ITA,DF,Sassuolo,25,1997,0.5,40,8,29,11,0,0,40,0,0,,0,,30,124,66,1,0,0,0,0,29,0,Matches,ITA-SERIA_A,22-23
3ead85f9,461,Alessio Romagnoli,ITA,DF,Lazio,27,1995,32.5,2107,306,1089,988,34,17,2107,1,1,100.0,0,0.0,1087,4470,2054,3,7,2,10,3,1386,3,Matches,ITA-SERIA_A,22-23
09899de8,462,Simone Romagnoli,ITA,DF,Lecce,32,1990,1.9,100,20,56,43,2,2,100,0,0,,0,,44,159,69,0,0,0,0,0,47,0,Matches,ITA-SERIA_A,22-23
ca6edaa0,463,Luka Romero,ARG,FW,Lazio,17,2004,1.7,112,2,14,50,48,7,112,10,2,20.0,7,70.0,84,496,159,4,3,2,5,4,91,21,Matches,ITA-SERIA_A,22-23
2a1beb34,464,Marten de Roon,NED,MF,Atalanta,31,1991,32.9,2209,119,634,1232,354,21,2209,10,4,40.0,5,50.0,1127,4700,2195,18,30,2,16,15,1389,23,Matches,ITA-SERIA_A,22-23
7b5f516f,465,Francesco Rossi,ITA,GK,Atalanta,31,1991,0.0,5,3,5,0,0,0,5,0,0,,0,,3,3,1,0,0,0,0,0,3,0,Matches,ITA-SERIA_A,22-23
e58cbfd5,466,Nicolò Rovella,ITA,MF,Monza,20,2001,19.3,1556,46,374,950,248,10,1556,15,6,40.0,8,53.3,950,5023,2259,26,30,2,20,7,1134,19,Matches,ITA-SERIA_A,22-23
e58cbfd5,467,Nicolò Rovella,ITA,MF,Juventus,20,2001,0.3,29,0,4,17,9,0,29,2,2,100.0,0,0.0,21,125,66,1,1,0,1,0,24,2,Matches,ITA-SERIA_A,22-23
4b3e1a38,468,Amir Rrahmani,KVX,DF,Napoli,28,1994,27.2,2372,228,955,1327,102,29,2372,6,3,50.0,2,33.3,1573,8201,5024,23,23,1,9,3,1768,5,Matches,ITA-SERIA_A,22-23
a378a02a,469,Ruan,BRA,DF,Sassuolo,23,1999,19.0,1136,191,681,431,28,13,1136,4,3,75.0,1,25.0,601,2703,1221,6,5,0,4,5,660,3,Matches,ITA-SERIA_A,22-23
14b8fcdf,470,Daniele Rugani,ITA,DF,Juventus,28,1994,6.3,325,61,204,112,9,4,325,1,1,100.0,0,0.0,187,844,496,2,0,0,1,0,213,0,Matches,ITA-SERIA_A,22-23
ae9898c5,471,Matteo Ruggeri,ITA,"DF,MF",Atalanta,20,2002,9.2,722,24,198,304,224,17,722,9,4,44.4,5,55.6,342,1508,777,22,14,3,7,5,444,65,Matches,ITA-SERIA_A,22-23
0b5a292a,472,Mário Rui,POR,DF,Napoli,31,1991,19.4,1864,36,381,946,552,11,1864,16,8,50.0,5,31.3,1101,4711,2976,52,56,2,10,7,1243,97,Matches,ITA-SERIA_A,22-23
3945ac70,473,Alessandro Russo,ITA,GK,Sassuolo,21,2001,1.0,55,47,55,0,0,0,55,0,0,,0,,33,125,68,0,0,0,0,0,33,0,Matches,ITA-SERIA_A,22-23
4830e0af,474,Abdelhamid Sabiri,MAR,"MF,FW",Sampdoria,25,1996,11.9,618,15,64,304,257,31,616,39,14,35.9,17,43.6,363,1503,536,7,20,5,34,28,423,54,Matches,ITA-SERIA_A,22-23
ee251371,475,Alexis Saelemaekers,BEL,"FW,DF",Milan,23,1999,15.6,836,13,105,337,407,50,836,72,31,43.1,32,44.4,503,3229,1563,52,23,15,38,21,568,143,Matches,ITA-SERIA_A,22-23
da5a981b,476,Jacopo Sala,ITA,MF,Spezia,30,1991,1.2,57,2,14,28,16,2,57,3,0,0.0,2,66.7,32,119,68,2,0,0,1,0,34,3,Matches,ITA-SERIA_A,22-23
217c93a1,477,Lazar Samardzic,SRB,MF,Udinese,20,2002,20.5,1098,20,160,572,381,38,1098,64,28,43.8,34,53.1,619,3575,1568,34,33,7,29,20,716,65,Matches,ITA-SERIA_A,22-23
24eb7ed6,478,Junior Sambia,FRA,DF,Salernitana,25,1996,7.7,504,21,114,221,172,13,504,29,10,34.5,17,58.6,258,1443,803,23,22,6,13,9,301,38,Matches,ITA-SERIA_A,22-23
0a447501,479,Antonio Sanabria,PAR,FW,Torino,26,1996,27.0,946,11,49,457,450,117,945,41,23,56.1,11,26.8,496,2285,536,17,19,11,83,29,730,139,Matches,ITA-SERIA_A,22-23
4295f19c,480,Leandro Sanca,GNB,"FW,MF",Spezia,22,2000,0.4,17,0,1,6,11,0,17,5,3,60.0,2,40.0,10,66,15,1,1,0,1,1,11,3,Matches,ITA-SERIA_A,22-23
0d82903c,481,Alex Sandro,BRA,DF,Juventus,31,1991,19.9,1455,118,521,750,196,13,1455,28,19,67.9,4,14.3,763,4257,2489,51,36,3,26,17,901,25,Matches,ITA-SERIA_A,22-23
7eb97a8e,482,Nicola Sansone,ITA,FW,Bologna,30,1991,8.2,314,4,26,139,156,29,314,19,4,21.1,11,57.9,209,1114,446,17,14,7,23,14,246,72,Matches,ITA-SERIA_A,22-23
3bb7af3b,483,Riccardo Saponara,ITA,FW,Fiorentina,30,1991,13.4,606,12,66,235,317,61,606,42,18,42.9,19,45.2,409,2870,1567,56,37,16,29,19,470,125,Matches,ITA-SERIA_A,22-23
b959a0d1,484,Mouhamadou Sarr,SEN,GK,Cremonese,25,1997,2.0,89,74,88,1,0,0,89,0,0,,0,,32,133,75,0,0,0,0,0,49,0,Matches,ITA-SERIA_A,22-23
86383d0e,485,Martin Satriano,URU,FW,Empoli,21,2001,18.9,597,19,67,250,291,77,597,48,19,39.6,27,56.3,346,1840,737,29,22,12,54,45,466,127,Matches,ITA-SERIA_A,22-23
1e9aa637,486,Giorgio Scalvini,ITA,DF,Atalanta,18,2003,25.9,1762,124,687,861,226,32,1762,26,12,46.2,11,42.3,917,3552,1989,22,22,6,20,8,1146,34,Matches,ITA-SERIA_A,22-23
2cfae697,487,Jerdy Schouten,NED,MF,Bologna,25,1997,27.9,1807,81,492,1138,193,10,1807,48,27,56.3,13,27.1,1033,4285,1647,15,13,1,43,25,1239,29,Matches,ITA-SERIA_A,22-23
e613313c,488,Perr Schuurs,NED,DF,Torino,22,1999,25.8,1479,145,759,671,67,17,1479,14,10,71.4,3,21.4,768,3730,1812,14,16,1,21,7,814,2,Matches,ITA-SERIA_A,22-23
16463a79,489,Demba Seck,SEN,"MF,FW",Torino,21,2001,5.8,238,2,22,107,117,27,238,30,16,53.3,9,30.0,164,1395,752,29,19,12,24,13,185,42,Matches,ITA-SERIA_A,22-23
9142b22f,490,Telasco Segovia,VEN,MF,Sampdoria,19,2003,0.0,3,0,0,3,0,0,3,0,0,,0,,1,1,0,0,0,0,0,0,3,0,Matches,ITA-SERIA_A,22-23
3cb132e6,491,Jacopo Segre,ITA,DF,Torino,25,1997,0.2,12,0,4,8,0,0,12,0,0,,0,,8,33,12,0,0,0,0,0,7,0,Matches,ITA-SERIA_A,22-23
b6baba31,492,Vivaldo Semedo,POR,"FW,MF",Udinese,17,2005,0.4,11,1,1,4,7,2,11,0,0,,0,,10,27,9,0,1,0,2,1,10,3,Matches,ITA-SERIA_A,22-23
b70bde8f,493,Stefano Sensi,ITA,MF,Monza,26,1995,18.0,1442,22,276,880,299,11,1442,29,11,37.9,9,31.0,903,4511,1934,27,32,2,32,15,1103,37,Matches,ITA-SERIA_A,22-23
343f753a,494,Luigi Sepe,ITA,GK,Salernitana,31,1991,17.0,692,605,692,0,0,0,692,0,0,,0,,346,1709,1260,0,0,0,1,0,273,0,Matches,ITA-SERIA_A,22-23
dd7febd8,495,Leonardo Sernicola,ITA,DF,Cremonese,25,1997,25.7,1220,67,352,498,387,24,1220,57,24,42.1,22,38.6,592,3716,2045,60,45,5,28,21,610,95,Matches,ITA-SERIA_A,22-23
d3aaad90,496,Stephan El Shaarawy,ITA,"DF,MF",Roma,29,1992,16.9,1032,16,185,467,395,63,1032,70,26,37.1,39,55.7,619,3834,1842,58,41,20,35,11,681,136,Matches,ITA-SERIA_A,22-23
57469b2d,497,Eldor Shomurodov,UZB,FW,Spezia,27,1995,9.0,316,4,31,140,151,34,316,25,8,32.0,13,52.0,170,899,337,7,4,3,37,17,222,53,Matches,ITA-SERIA_A,22-23
57469b2d,498,Eldor Shomurodov,UZB,FW,Roma,27,1995,1.3,53,1,4,16,34,11,53,4,1,25.0,3,75.0,34,241,103,3,4,2,4,5,43,15,Matches,ITA-SERIA_A,22-23
0d422df7,499,Marco Silvestri,ITA,GK,Udinese,31,1991,38.0,1267,1140,1267,0,0,0,1267,0,0,,0,,625,2964,2110,0,0,0,0,0,544,0,Matches,ITA-SERIA_A,22-23
343c0d52,500,Giovanni Simeone,ARG,FW,Napoli,27,1995,4.5,194,4,16,87,92,25,194,15,7,46.7,5,33.3,144,722,225,11,9,3,27,13,159,34,Matches,ITA-SERIA_A,22-23
8b609c34,501,Wilfried Singo,CIV,DF,Torino,21,2000,22.7,1354,46,299,649,420,59,1354,54,30,55.6,13,24.1,708,3749,1789,54,34,9,33,17,849,93,Matches,ITA-SERIA_A,22-23
10dc46f0,502,Salvatore Sirigu,ITA,GK,Fiorentina,35,1987,1.0,40,38,40,0,0,0,40,0,0,,0,,26,237,118,0,0,0,0,0,16,0,Matches,ITA-SERIA_A,22-23
b35a7399,503,Leo Skiri Østigård,NOR,DF,Napoli,22,1999,4.7,401,35,176,209,17,2,401,0,0,,0,,259,1619,939,5,5,0,4,0,271,1,Matches,ITA-SERIA_A,22-23
ab4449d6,504,Łukasz Skorupski,POL,GK,Bologna,31,1991,37.0,1311,1189,1306,5,0,0,1311,0,0,,0,,707,3512,2253,0,0,0,1,0,553,0,Matches,ITA-SERIA_A,22-23
30f5ffa9,505,Milan Škriniar,SVK,DF,Inter,27,1995,19.7,1546,151,741,721,90,13,1546,3,3,100.0,0,0.0,976,4478,2134,16,11,0,14,3,1137,10,Matches,ITA-SERIA_A,22-23
b6964eb6,506,Chris Smalling,ENG,DF,Roma,32,1989,31.2,1657,254,977,637,52,34,1657,4,2,50.0,1,25.0,877,3859,1889,5,7,0,10,2,1002,7,Matches,ITA-SERIA_A,22-23
78f13530,507,Ola Solbakken,NOR,"MF,FW",Roma,23,1998,5.6,227,8,28,94,109,20,227,14,5,35.7,6,42.9,134,613,220,5,11,7,16,13,156,35,Matches,ITA-SERIA_A,22-23
28f66c2e,508,Brandon Soppy,FRA,DF,Udinese,20,2002,1.0,48,2,8,19,21,3,48,6,1,16.7,4,66.7,33,272,137,4,4,0,0,0,27,4,Matches,ITA-SERIA_A,22-23
28f66c2e,509,Brandon Soppy,FRA,DF,Atalanta,20,2002,7.1,413,8,90,185,143,22,413,26,6,23.1,13,50.0,220,1230,679,23,12,6,16,8,241,35,Matches,ITA-SERIA_A,22-23
9d4c45d6,510,Roberto Soriano,ITA,"FW,MF",Bologna,31,1991,14.7,739,25,110,393,249,27,739,14,6,42.9,5,35.7,470,2620,1170,30,34,0,22,15,568,66,Matches,ITA-SERIA_A,22-23
50841bef,511,Joaquin Sosa,URU,DF,Bologna,20,2002,7.6,445,49,243,195,8,3,445,4,3,75.0,0,0.0,281,1593,958,6,3,0,5,2,296,1,Matches,ITA-SERIA_A,22-23
94816803,512,Riccardo Sottil,ITA,FW,Fiorentina,23,1999,9.3,368,1,17,88,268,52,368,47,13,27.7,21,44.7,302,2822,1548,65,35,28,28,13,316,123,Matches,ITA-SERIA_A,22-23
c13ddd3e,513,Matìas Soulé,ARG,"MF,FW",Juventus,19,2003,4.7,235,4,45,93,99,16,235,25,12,48.0,11,44.0,143,990,453,12,12,4,10,7,158,33,Matches,ITA-SERIA_A,22-23
7b075c75,514,Adama Soumaoro,FRA,DF,Bologna,30,1992,20.7,1226,158,649,557,23,7,1226,3,2,66.7,0,0.0,721,3553,1787,7,5,0,6,1,830,1,Matches,ITA-SERIA_A,22-23
3626daea,515,Leonardo Spinazzola,ITA,DF,Roma,29,1993,18.4,1157,36,296,560,319,41,1157,59,25,42.4,28,47.5,698,5327,3192,107,52,24,26,11,745,87,Matches,ITA-SERIA_A,22-23
ac4003af,516,Marco Sportiello,ITA,GK,Atalanta,30,1992,14.9,486,429,481,5,0,0,486,0,0,,0,,277,1367,863,0,0,0,0,1,202,0,Matches,ITA-SERIA_A,22-23
13b44b02,517,Petar Stojanović,SVN,DF,Empoli,26,1995,17.0,1210,60,387,539,293,15,1210,35,13,37.1,18,51.4,663,3977,2265,50,27,5,11,14,710,51,Matches,ITA-SERIA_A,22-23
ac4a4508,518,Gabriel Strefezza,BRA,"FW,MF",Lecce,25,1997,27.1,1285,14,131,531,648,68,1282,92,36,39.1,42,45.7,839,5004,2248,72,58,19,82,69,935,177,Matches,ITA-SERIA_A,22-23
2cb9486d,519,Dávid Strelec,SVK,FW,Spezia,21,2001,1.9,60,0,2,29,29,12,60,3,0,0.0,3,100.0,32,135,54,2,3,0,3,4,45,14,Matches,ITA-SERIA_A,22-23
f573a8bf,520,Isaac Success,NGA,FW,Udinese,26,1996,20.2,831,20,48,356,439,101,831,64,30,46.9,29,45.3,569,2585,914,37,26,13,95,44,735,200,Matches,ITA-SERIA_A,22-23
230c3f3a,521,Ibrahim Sulemana,GHA,MF,Hellas Verona,19,2003,7.2,281,26,89,151,49,8,281,13,5,38.5,8,61.5,131,679,202,4,7,0,10,9,118,5,Matches,ITA-SERIA_A,22-23
bcf5058a,522,Mile Svilar,SRB,GK,Roma,22,1999,3.0,79,70,79,0,0,0,79,0,0,,0,,46,373,243,0,0,0,0,0,26,0,Matches,ITA-SERIA_A,22-23
01b8a2b2,523,Wojciech Szczęsny,POL,GK,Juventus,32,1990,27.5,837,731,833,4,0,0,837,1,1,100.0,0,0.0,498,2576,1593,0,0,0,1,0,406,0,Matches,ITA-SERIA_A,22-23
eb3022c3,524,Benjamin Tahirovic,BIH,MF,Roma,19,2003,3.9,194,10,58,112,26,1,194,2,1,50.0,1,50.0,91,453,185,0,3,0,2,1,117,3,Matches,ITA-SERIA_A,22-23
8da74c05,525,Adrien Tameze,CMR,MF,Hellas Verona,28,1994,33.7,1428,97,380,829,244,21,1428,53,26,49.1,22,41.5,713,3953,1618,32,34,4,39,34,739,58,Matches,ITA-SERIA_A,22-23
b056e3da,526,Ciprian Tătărușanu,ROU,GK,Milan,36,1986,16.0,587,509,587,0,0,0,587,0,0,,0,,359,1963,1284,0,0,0,0,0,315,0,Matches,ITA-SERIA_A,22-23
5cbb5ad6,527,Filippo Terracciano,ITA,"DF,MF",Hellas Verona,19,2003,9.1,439,21,110,224,113,9,439,12,6,50.0,3,25.0,217,1267,618,16,13,0,17,4,242,24,Matches,ITA-SERIA_A,22-23
e1b0a70d,528,Pietro Terracciano,ITA,GK,Fiorentina,32,1990,29.0,1135,893,1125,10,0,0,1135,1,1,100.0,0,0.0,602,3154,1984,0,0,0,1,0,612,0,Matches,ITA-SERIA_A,22-23
3ef0a2d7,529,Aleksa Terzić,SRB,DF,Fiorentina,22,1999,10.4,824,26,220,341,272,9,824,27,16,59.3,8,29.6,484,3453,1961,49,28,4,14,7,511,61,Matches,ITA-SERIA_A,22-23
2b9fdeea,530,Florian Thauvin,FRA,"FW,MF",Udinese,29,1993,6.1,292,4,15,138,144,19,292,33,10,30.3,21,63.6,187,1209,518,19,19,5,19,8,216,49,Matches,ITA-SERIA_A,22-23
ff5ea0bf,531,Malick Thiaw,GER,DF,Milan,20,2001,15.1,1196,108,546,613,44,15,1196,4,1,25.0,2,50.0,732,3425,1896,6,10,0,4,4,824,2,Matches,ITA-SERIA_A,22-23
76ff8d0d,532,Kristian Thorstvedt,NOR,MF,Sassuolo,23,1999,12.6,629,20,97,366,178,36,629,15,7,46.7,2,13.3,339,1778,892,31,19,7,20,11,445,54,Matches,ITA-SERIA_A,22-23
a96e5dc0,533,Jeremy Toljan,GER,DF,Sassuolo,27,1994,29.7,1817,79,630,868,328,23,1817,13,7,53.8,6,46.2,970,5068,2834,56,41,3,25,14,1105,99,Matches,ITA-SERIA_A,22-23
c56dc39e,534,Rafael Tolói,ITA,DF,Atalanta,31,1990,30.9,2031,161,834,922,297,43,2031,15,6,40.0,9,60.0,1095,4596,2514,21,42,0,21,5,1291,29,Matches,ITA-SERIA_A,22-23
7edfbb8a,535,Fikayo Tomori,ENG,DF,Milan,24,1997,30.7,2218,243,1089,1078,63,14,2218,6,3,50.0,1,16.7,1258,6315,3346,26,6,0,9,3,1423,10,Matches,ITA-SERIA_A,22-23
0db169ae,536,Sandro Tonali,ITA,MF,Milan,22,2000,30.1,1836,48,356,1007,491,33,1836,23,9,39.1,10,43.5,937,5641,2809,61,40,2,41,9,1154,86,Matches,ITA-SERIA_A,22-23
8cc29864,537,Lorenzo Tonelli,ITA,DF,Empoli,32,1990,0.2,8,0,4,4,0,0,8,0,0,,0,,4,29,5,0,0,0,0,0,4,0,Matches,ITA-SERIA_A,22-23
7ed4921e,538,William Troost-Ekong,NGA,DF,Salernitana,28,1993,4.9,226,27,128,94,5,3,226,0,0,,0,,127,606,200,1,1,0,2,0,130,0,Matches,ITA-SERIA_A,22-23
0588a092,539,Frank Tsadjout,ITA,FW,Cremonese,23,1999,11.7,404,11,35,197,176,49,404,19,12,63.2,2,10.5,209,1004,415,15,10,5,37,10,299,63,Matches,ITA-SERIA_A,22-23
26c54058,540,Alessandro Tuia,ITA,DF,Lecce,32,1990,5.7,267,26,136,127,7,2,267,4,2,50.0,1,25.0,106,510,264,1,1,0,1,0,123,0,Matches,ITA-SERIA_A,22-23
14ae023f,541,Martin Turk,SVN,GK,Sampdoria,18,2003,4.0,156,142,156,0,0,0,156,0,0,,0,,82,433,271,0,0,0,0,0,59,0,Matches,ITA-SERIA_A,22-23
7cd520e8,542,Destiny Udogie,ITA,DF,Udinese,19,2002,30.0,1503,67,346,652,545,76,1503,122,51,41.8,50,41.0,904,6569,3420,109,71,31,58,36,902,155,Matches,ITA-SERIA_A,22-23
96640846,543,Samir Ujkani,KVX,GK,Empoli,34,1988,0.1,3,3,3,0,0,0,3,0,0,,0,,2,26,17,0,0,0,0,0,1,0,Matches,ITA-SERIA_A,22-23
3eed9821,544,Samuel Umtiti,FRA,DF,Lecce,28,1993,23.5,1107,123,538,543,37,10,1107,13,6,46.2,5,38.5,529,2483,1341,12,9,0,7,5,530,2,Matches,ITA-SERIA_A,22-23
71005acd,545,Diego Valencia,CHI,"MF,FW",Salernitana,22,2000,2.6,109,4,24,46,41,4,109,2,0,0.0,1,50.0,59,211,82,1,0,0,7,3,66,21,Matches,ITA-SERIA_A,22-23
ec52b661,546,Emanuele Valeri,ITA,DF,Cremonese,23,1998,30.9,1610,64,418,642,584,56,1610,71,18,25.4,40,56.3,805,5645,3186,111,58,20,64,26,838,158,Matches,ITA-SERIA_A,22-23
c414df9d,547,Mattia Valoti,ITA,"MF,FW",Monza,28,1993,5.0,231,9,53,133,48,5,231,10,3,30.0,4,40.0,114,673,281,7,4,0,10,5,152,9,Matches,ITA-SERIA_A,22-23
5eaed77a,548,Johan Vásquez,MEX,DF,Cremonese,23,1998,20.1,1060,161,587,401,82,23,1060,14,11,78.6,3,21.4,505,2403,1311,18,11,1,14,6,543,12,Matches,ITA-SERIA_A,22-23
44ac04e9,549,Matías Vecino,URU,MF,Lazio,30,1991,18.8,1165,65,278,712,184,25,1165,6,3,50.0,3,50.0,564,2330,1088,22,10,3,18,3,817,17,Matches,ITA-SERIA_A,22-23
ab1ca213,550,Miguel Veloso,POR,MF,Hellas Verona,36,1986,12.9,723,31,168,403,168,7,723,8,4,50.0,2,25.0,309,1883,880,17,13,1,7,7,328,22,Matches,ITA-SERIA_A,22-23
983ff2c7,551,Lorenzo Venuti,ITA,DF,Fiorentina,27,1995,10.3,695,25,202,332,165,10,695,6,3,50.0,2,33.3,364,1824,933,24,19,2,12,1,441,43,Matches,ITA-SERIA_A,22-23
d3298c99,552,Daniele Verde,ITA,"FW,MF",Spezia,26,1996,11.1,538,11,63,219,261,30,537,17,6,35.3,7,41.2,301,1569,592,18,9,8,17,12,345,57,Matches,ITA-SERIA_A,22-23
0375723e,553,Simone Verdi,ITA,"MF,FW",Hellas Verona,30,1992,12.2,567,6,50,281,250,25,566,63,35,55.6,19,30.2,327,2251,1029,34,23,3,35,32,357,57,Matches,ITA-SERIA_A,22-23
33ecf462,554,Valerio Verre,ITA,MF,Sampdoria,28,1994,7.5,493,8,64,285,153,16,493,20,10,50.0,9,45.0,284,1351,575,16,13,6,22,20,330,27,Matches,ITA-SERIA_A,22-23
77d6fd4d,555,Guglielmo Vicario,ITA,GK,Empoli,25,1996,30.9,1365,1120,1363,2,0,0,1365,0,0,,0,,820,4026,2527,0,0,0,0,0,736,0,Matches,ITA-SERIA_A,22-23
75e60d75,556,Ronaldo Vieira,ENG,MF,Torino,24,1998,0.2,13,3,3,5,5,1,13,0,0,,0,,2,5,0,0,0,0,2,1,5,0,Matches,ITA-SERIA_A,22-23
75e60d75,557,Ronaldo Vieira,ENG,MF,Sampdoria,24,1998,9.1,522,34,138,337,50,3,522,3,2,66.7,1,33.3,288,1281,455,6,3,1,7,6,315,5,Matches,ITA-SERIA_A,22-23
ec5dae45,558,Emanuel Vignato,ITA,"MF,FW",Bologna,21,2000,2.7,116,0,23,57,37,2,116,2,1,50.0,0,0.0,76,374,119,3,3,0,2,4,89,4,Matches,ITA-SERIA_A,22-23
ec5dae45,559,Emanuel Vignato,ITA,"MF,FW",Empoli,21,2000,0.6,60,1,9,28,23,3,60,1,1,100.0,0,0.0,33,258,42,1,1,1,2,0,43,5,Matches,ITA-SERIA_A,22-23
a14d0ab0,560,Samuele Vignato,ITA,"MF,FW",Monza,18,2004,0.7,45,0,2,19,24,8,45,4,3,75.0,1,25.0,31,266,107,4,1,3,2,0,39,6,Matches,ITA-SERIA_A,22-23
c7069d87,561,Tonny Vilhena,NED,MF,Salernitana,27,1995,25.2,1091,32,202,609,294,19,1091,39,17,43.6,19,48.7,591,3063,1302,30,35,3,37,24,682,59,Matches,ITA-SERIA_A,22-23
bdc74a8f,562,Gonzalo Villar,ESP,MF,Sampdoria,24,1998,7.7,453,19,102,288,65,1,453,6,3,50.0,2,33.3,247,1216,604,9,6,0,10,4,274,2,Matches,ITA-SERIA_A,22-23
08eb3b58,563,Matías Viña,URU,DF,Roma,24,1997,0.6,49,3,17,18,14,1,49,1,1,100.0,0,0.0,19,83,26,2,1,1,3,0,14,4,Matches,ITA-SERIA_A,22-23
79443529,564,Dušan Vlahović,SRB,FW,Juventus,22,2000,21.4,610,12,35,293,292,102,607,33,14,42.4,18,54.5,347,1648,609,22,22,12,61,37,460,117,Matches,ITA-SERIA_A,22-23
aa8e289e,565,Nikola Vlašić,CRO,"MF,FW",Torino,24,1997,30.3,1296,16,131,548,641,116,1296,64,30,46.9,26,40.6,782,4766,2266,85,59,28,94,49,968,210,Matches,ITA-SERIA_A,22-23
b3ef6517,566,Joel Voelkerling Persson,SWE,"FW,MF",Lecce,19,2003,1.1,49,1,1,26,23,3,49,1,1,100.0,0,0.0,22,110,38,1,1,0,5,3,34,10,Matches,ITA-SERIA_A,22-23
be2706c0,567,Mërgim Vojvoda,KVX,DF,Torino,27,1995,19.1,1304,37,302,627,389,39,1304,22,12,54.5,8,36.4,686,3409,1607,30,27,10,20,17,841,81,Matches,ITA-SERIA_A,22-23
72f87f25,568,Cristian Volpato,ITA,MF,Roma,18,2003,2.5,138,2,13,64,63,11,138,9,4,44.4,5,55.6,100,723,319,8,8,3,12,6,112,24,Matches,ITA-SERIA_A,22-23
f052fb01,569,Lukáš Vorlický,CZE,"MF,FW",Atalanta,20,2002,0.3,36,0,5,14,19,2,36,7,4,57.1,3,42.9,30,256,120,2,4,2,1,1,26,3,Matches,ITA-SERIA_A,22-23
f86cd5df,570,Aster Vranckx,BEL,MF,Milan,19,2002,2.7,156,0,23,106,27,4,156,7,3,42.9,3,42.9,102,520,177,2,1,1,4,8,118,5,Matches,ITA-SERIA_A,22-23
d0d8dd44,571,Stefan de Vrij,NED,DF,Inter,30,1992,21.6,1423,159,709,681,35,24,1423,5,4,80.0,1,20.0,797,3663,2155,13,2,0,3,4,937,0,Matches,ITA-SERIA_A,22-23
26db8853,572,Walace,BRA,MF,Udinese,27,1995,35.4,2151,121,649,1266,260,15,2151,28,11,39.3,13,46.4,1222,6377,2966,47,32,0,39,29,1297,36,Matches,ITA-SERIA_A,22-23
217875a4,573,Sebastian Walukiewicz,POL,DF,Empoli,22,2000,6.7,459,82,298,156,6,3,459,4,4,100.0,0,0.0,264,1558,909,6,2,0,1,1,326,0,Matches,ITA-SERIA_A,22-23
eb58eef0,574,Georginio Wijnaldum,NED,MF,Roma,31,1990,8.5,274,9,37,151,90,30,274,21,11,52.4,10,47.6,154,1071,507,16,11,5,11,7,181,33,Matches,ITA-SERIA_A,22-23
2f7acede,575,Harry Winks,ENG,MF,Sampdoria,26,1996,19.1,1117,49,274,686,171,4,1117,27,17,63.0,5,18.5,675,3357,1576,19,20,0,25,15,734,17,Matches,ITA-SERIA_A,22-23
1bfe5ac9,576,Przemysław Wiśniewski,POL,DF,Spezia,24,1998,11.1,635,99,389,215,33,7,635,5,2,40.0,3,60.0,322,1643,771,2,1,0,6,4,373,1,Matches,ITA-SERIA_A,22-23
ee9040b4,577,Gerard Yepes,ESP,MF,Sampdoria,19,2002,2.2,128,6,20,90,19,2,128,1,0,0.0,1,100.0,59,248,106,3,3,1,3,1,72,6,Matches,ITA-SERIA_A,22-23
d85c238b,578,Mattia Zaccagni,ITA,FW,Lazio,27,1995,30.8,1402,16,162,628,636,120,1401,126,60,47.6,35,27.8,976,6797,3560,118,62,42,49,35,1136,282,Matches,ITA-SERIA_A,22-23
384d58d9,579,Denis Zakaria,SUI,MF,Juventus,25,1996,1.4,51,2,14,30,9,1,51,0,0,,0,,27,149,104,2,3,0,1,1,36,3,Matches,ITA-SERIA_A,22-23
45191c29,580,Nicola Zalewski,POL,DF,Roma,20,2002,24.4,1522,35,416,701,425,33,1522,71,29,40.8,30,42.3,839,5248,3029,92,56,21,29,14,942,99,Matches,ITA-SERIA_A,22-23
6bb2c084,581,Andre-Frank Zambo Anguissa,CMR,MF,Napoli,26,1995,33.9,2647,47,408,1519,758,88,2647,71,33,46.5,33,46.5,1744,7649,3048,58,56,9,72,50,2108,140,Matches,ITA-SERIA_A,22-23
5e834dce,582,Luca Zanimacchia,ITA,"MF,FW",Cremonese,24,1998,8.3,416,8,54,156,211,33,416,14,5,35.7,8,57.1,208,1356,595,22,20,8,20,12,242,70,Matches,ITA-SERIA_A,22-23
9907b1c8,583,Nicolò Zaniolo,ITA,"MF,FW",Roma,23,1999,9.9,344,1,36,153,165,45,344,47,10,21.3,29,61.7,246,1695,839,34,27,10,39,35,267,69,Matches,ITA-SERIA_A,22-23
3b12b11f,584,Alessandro Zanoli,ITA,DF,Sampdoria,21,2000,17.1,862,74,326,339,213,22,862,45,27,60.0,12,26.7,455,2781,1661,50,23,10,15,9,522,60,Matches,ITA-SERIA_A,22-23
3b12b11f,585,Alessandro Zanoli,ITA,DF,Napoli,21,2000,0.1,14,0,5,6,3,1,14,0,0,,0,,7,55,45,1,1,1,0,0,11,2,Matches,ITA-SERIA_A,22-23
875d65d1,586,Mattia Zanotti,ITA,DF,Inter,19,2003,0.3,13,0,4,3,7,1,13,0,0,,0,,5,17,13,1,1,0,1,0,4,2,Matches,ITA-SERIA_A,22-23
d3de9af0,587,Duván Zapata,COL,FW,Atalanta,31,1991,15.4,597,17,32,252,319,93,597,45,20,44.4,16,35.6,399,2196,752,35,20,21,53,45,492,140,Matches,ITA-SERIA_A,22-23
7fe90ccd,588,Davide Zappacosta,ITA,DF,Atalanta,30,1992,16.3,1122,31,261,415,456,56,1122,57,17,29.8,33,57.9,607,3660,1893,48,39,18,26,14,692,101,Matches,ITA-SERIA_A,22-23
2f45300d,589,Karim Zedadka,FRA,FW,Napoli,22,2000,0.2,20,1,4,10,6,2,20,1,0,0.0,0,0.0,13,63,28,1,0,1,1,0,15,4,Matches,ITA-SERIA_A,22-23
58a2e9f6,590,Deyovaisio Zeefuik,NED,DF,Hellas Verona,24,1998,0.1,10,0,2,6,3,2,10,1,0,0.0,1,100.0,6,24,4,1,0,1,0,0,5,1,Matches,ITA-SERIA_A,22-23
8abd0c03,591,Marvin Zeegelaar,NED,DF,Udinese,31,1990,3.9,223,13,90,90,47,7,223,10,8,80.0,1,10.0,126,497,234,6,2,1,8,4,139,11,Matches,ITA-SERIA_A,22-23
d19ef4ef,592,Alessio Zerbin,ITA,FW,Napoli,23,1999,2.2,115,5,16,63,36,9,115,5,2,40.0,3,60.0,71,322,124,5,0,3,5,5,84,20,Matches,ITA-SERIA_A,22-23
a5296e55,593,Piotr Zieliński,POL,MF,Napoli,28,1994,25.4,1755,19,183,822,765,54,1755,58,22,37.9,29,50.0,1086,5372,2485,62,75,9,27,15,1361,129,Matches,ITA-SERIA_A,22-23
acf7e795,594,David Zima,CZE,DF,Torino,21,2000,4.5,245,20,114,121,12,5,245,1,1,100.0,0,0.0,111,541,279,3,2,0,1,2,129,5,Matches,ITA-SERIA_A,22-23
028e70b9,595,Joshua Zirkzee,NED,FW,Bologna,21,2001,9.1,379,8,21,177,185,33,379,37,16,43.2,19,51.4,236,1178,407,10,16,5,36,25,309,74,Matches,ITA-SERIA_A,22-23
cc1a0c57,596,Jeroen Zoet,NED,GK,Spezia,31,1991,3.7,141,123,140,1,0,0,141,1,1,100.0,0,0.0,84,534,277,0,0,0,0,0,59,0,Matches,ITA-SERIA_A,22-23
82598b71,597,Nadir Zortea,ITA,"DF,MF",Atalanta,23,1999,2.5,153,7,45,50,60,7,153,21,10,47.6,10,47.6,78,480,267,11,7,2,6,2,82,13,Matches,ITA-SERIA_A,22-23
82598b71,598,Nadir Zortea,ITA,DF,Sassuolo,23,1999,7.3,506,27,160,230,118,8,506,20,6,30.0,9,45.0,276,1617,934,24,19,3,12,5,302,25,Matches,ITA-SERIA_A,22-23
54f6afe3,599,Petar Zovko,BIH,GK,Spezia,20,2002,0.8,38,29,36,2,0,0,38,0,0,,0,,18,77,44,0,0,0,0,0,13,0,Matches,ITA-SERIA_A,22-23
4e1d5e59,600,Szymon Żurkowski,POL,MF,Fiorentina,24,1997,0.4,25,0,1,8,16,3,25,1,0,0.0,1,100.0,16,115,60,3,1,1,1,1,18,4,Matches,ITA-SERIA_A,22-23
4e1d5e59,601,Szymon Żurkowski,POL,MF,Spezia,24,1997,4.7,169,16,45,80,46,4,169,11,8,72.7,2,18.2,85,595,268,9,4,2,14,3,87,10,Matches,ITA-SERIA_A,22-23
405f6586,602,Milan Đurić,BIH,FW,Hellas Verona,32,1990,15.2,644,32,62,314,270,60,644,6,2,33.3,3,50.0,262,869,211,2,5,3,26,15,551,72,Matches,ITA-SERIA_A,22-23
eccbe56a,603,Filip Đuričić,SRB,"MF,FW",Sampdoria,30,1992,24.1,992,15,145,488,380,34,992,70,31,44.3,30,42.9,591,3342,1599,39,42,3,59,47,689,83,Matches,ITA-SERIA_A,22-23
