id,Unnamed: 0_level_0,Unnamed: 1_level_0,Unnamed: 2_level_0,Unnamed: 3_level_0,Unnamed: 4_level_0,Unnamed: 5_level_0,Unnamed: 6_level_0,Unnamed: 7_level_0,Performance,Performance,Performance,Performance,Performance,Performance,Performance,Performance,Performance,Performance,Performance,Performance,Performance,Aerial Duels,Aerial Duels,Aerial Duels,Unnamed: 24_level_0,Unnamed: league,Unnamed: season
,Rk,Player,Nation,Pos,Squad,Age,Born,90s,CrdY,CrdR,2CrdY,Fls,Fld,Off,Crs,Int,TklW,PKwon,PKcon,OG,Recov,Won,Lost,Won%,Matches,league,season
40b6bd38,1,Abel,ESP,DF,Osasuna,24-009,2000,1.7,0,0,0,1,1,0,6,1,5,0,0,0,8,1,2,33.3,Matches,ESP-LALIGA,24-25
cadfa7d1,2,Nabil Aberdin,FRA,MF,Getafe,22-007,2002,1.7,0,0,0,4,4,0,0,0,3,0,0,0,5,6,0,100.0,Matches,ESP-LALIGA,24-25
2bc7f211,3,Abdel Abqar,MAR,DF,Alavés,25-173,1999,3.0,1,0,0,12,2,1,1,8,3,1,0,0,8,2,0,100.0,Matches,ESP-LALIGA,24-25
a2c1a8d3,4,Julen Agirrezabala,ESP,GK,Athletic Club,23-248,2000,1.0,0,0,0,0,0,0,0,0,0,0,0,0,2,0,0,,Matches,ESP-LALIGA,24-25
8bc8829a,5,Lucien Agoume,FRA,MF,Sevilla,22-203,2002,2.0,0,0,0,6,0,1,0,3,3,0,0,0,10,5,3,62.5,Matches,ESP-LALIGA,24-25
014aa7bd,6,Álvaro Aguado,ESP,MF,Espanyol,28-121,1996,1.2,0,0,0,0,1,0,7,1,2,0,0,0,6,0,0,,Matches,ESP-LALIGA,24-25
b8bd60fe,7,Ilias Akhomach,MAR,MF,Villarreal,20-136,2004,1.0,0,0,0,0,3,1,1,1,1,0,0,0,5,1,1,50.0,Matches,ESP-LALIGA,24-25
4bd414c1,8,Raúl Albiol,ESP,DF,Villarreal,38-361,1985,2.1,1,0,0,2,1,0,0,1,2,0,0,0,5,3,0,100.0,Matches,ESP-LALIGA,24-25
bb08bce9,9,Omar Alderete,PAR,DF,Getafe,27-248,1996,2.0,0,0,0,0,0,0,0,0,0,0,0,0,6,9,4,69.2,Matches,ESP-LALIGA,24-25
6c811eb7,10,Carles Aleñá,ESP,MF,Getafe,26-238,1998,1.4,0,0,0,3,4,2,3,0,2,0,0,0,3,2,4,33.3,Matches,ESP-LALIGA,24-25
1c772b46,11,Alfon,ESP,FW,Celta Vigo,25-118,1999,0.8,0,0,0,1,2,0,2,0,0,0,0,0,0,0,1,0.0,Matches,ESP-LALIGA,24-25
e6697917,12,Domingos André Ribeiro Almeida,POR,"FW,MF",Valencia,24-092,2000,2.1,0,0,0,3,2,2,3,1,2,0,0,0,8,0,0,,Matches,ESP-LALIGA,24-25
0b32f721,13,Iker Almena,ESP,"FW,DF",Girona,20-118,2004,0.5,0,0,0,0,1,0,4,0,0,0,0,0,2,0,0,,Matches,ESP-LALIGA,24-25
757a3431,14,Adrià Altimira,ESP,MF,Leganés,23-155,2001,0.0,0,0,0,0,0,0,0,0,0,0,0,0,0,0,0,,Matches,ESP-LALIGA,24-25
94acdd4e,15,Sergi Altimira,ESP,MF,Betis,23-005,2001,0.2,0,0,0,0,0,0,0,0,0,0,0,0,2,1,0,100.0,Matches,ESP-LALIGA,24-25
6f392eb8,16,Hugo Álvarez,ESP,"DF,MF",Celta Vigo,21-059,2003,2.4,1,0,0,3,4,1,4,2,1,0,1,0,18,1,1,50.0,Matches,ESP-LALIGA,24-25
15ab5a2b,17,Julián Álvarez,ARG,FW,Atlético Madrid,24-212,2000,1.5,0,0,0,2,0,1,2,0,1,0,0,0,4,0,2,0.0,Matches,ESP-LALIGA,24-25
3ecc11d8,18,Yeray Álvarez,ESP,DF,Athletic Club,29-219,1995,3.0,1,0,0,4,3,0,0,8,3,0,0,0,9,6,5,54.5,Matches,ESP-LALIGA,24-25
00eba9c9,19,Selim Amallah,MAR,MF,Valladolid,27-289,1996,2.1,0,0,0,3,5,0,7,2,4,0,0,0,13,0,2,0.0,Matches,ESP-LALIGA,24-25
f3b1d9a2,20,Amath,SEN,FW,Valladolid,28-045,1996,1.5,0,0,0,2,1,0,3,0,0,0,0,0,5,1,0,100.0,Matches,ESP-LALIGA,24-25
ae86d473,21,Marcos André,BRA,FW,Valladolid,27-315,1996,0.9,1,0,0,3,4,0,0,0,0,0,0,0,5,5,2,71.4,Matches,ESP-LALIGA,24-25
af784a9e,22,Antoniu,ESP,MF,Espanyol,21-360,2002,0.3,1,0,0,2,3,0,1,1,0,0,0,0,1,0,0,,Matches,ESP-LALIGA,24-25
f28876e5,23,Aritz Arambarri,ESP,DF,Leganés,26-212,1998,2.0,0,0,0,0,0,0,0,3,1,0,0,0,4,6,8,42.9,Matches,ESP-LALIGA,24-25
58afe001,24,Mauro Arambarri,URU,"MF,FW",Getafe,28-335,1995,0.5,0,0,0,1,0,0,0,0,0,0,0,0,4,0,2,0.0,Matches,ESP-LALIGA,24-25
dc7a172e,25,Jon Aramburu,VEN,DF,Real Sociedad,22-038,2002,0.3,1,0,0,3,1,0,0,1,1,0,0,0,1,0,0,,Matches,ESP-LALIGA,24-25
a461f098,26,Adu Ares,ESP,FW,Athletic Club,22-323,2001,0.2,0,0,0,0,0,0,1,0,0,0,0,0,1,0,0,,Matches,ESP-LALIGA,24-25
94e01ec6,27,Jesús Areso,ESP,DF,Osasuna,25-059,1999,1.9,1,0,0,1,1,0,12,0,2,0,0,0,9,1,4,20.0,Matches,ESP-LALIGA,24-25
13ddc856,28,Takuma Asano,JPN,FW,Mallorca,29-294,1994,1.8,0,0,0,1,3,0,5,1,2,0,0,0,7,1,3,25.0,Matches,ESP-LALIGA,24-25
7dcf86f6,29,Iago Aspas,ESP,"MF,FW",Celta Vigo,37-029,1987,2.2,1,0,0,1,4,1,2,0,0,0,0,0,5,0,1,0.0,Matches,ESP-LALIGA,24-25
d139daf9,30,Yaser Asprilla,COL,"MF,FW",Girona,20-285,2003,0.2,0,0,0,0,1,0,0,0,0,0,0,0,3,0,0,,Matches,ESP-LALIGA,24-25
253a06b9,31,Ezequiel Ávila,ARG,FW,Betis,30-206,1994,0.5,1,0,0,2,2,0,0,0,0,0,0,0,2,1,0,100.0,Matches,ESP-LALIGA,24-25
53cad200,32,César Azpilicueta,ESP,DF,Atlético Madrid,35-002,1989,3.0,0,0,0,3,5,0,2,1,2,0,0,0,4,5,4,55.6,Matches,ESP-LALIGA,24-25
114bbdee,33,Loïc Bade,FRA,DF,Sevilla,24-141,2000,2.0,0,0,0,1,0,0,0,1,2,0,0,0,7,5,3,62.5,Matches,ESP-LALIGA,24-25
518f2234,34,Alex Baena,ESP,MF,Villarreal,23-041,2001,2.6,1,0,0,2,7,1,16,2,0,0,0,0,13,3,2,60.0,Matches,ESP-LALIGA,24-25
a1232f4e,35,Eric Bailly,CIV,DF,Villarreal,30-140,1994,2.6,1,0,0,2,0,0,0,3,0,0,0,0,7,1,2,33.3,Matches,ESP-LALIGA,24-25
5ccc9672,36,Alejandro Balde,ESP,DF,Barcelona,20-317,2003,2.0,0,0,0,2,3,0,6,2,1,0,0,0,4,3,2,60.0,Matches,ESP-LALIGA,24-25
cee88597,37,Iván Balliu,ALB,DF,Rayo Vallecano,32-242,1992,2.1,0,0,0,4,2,0,3,2,4,0,0,0,9,4,6,40.0,Matches,ESP-LALIGA,24-25
b2bd0f6c,38,Jonathan Bamba,CIV,"FW,MF",Celta Vigo,28-157,1996,1.8,1,0,0,2,2,0,5,2,1,0,0,0,6,0,2,0.0,Matches,ESP-LALIGA,24-25
200e89e1,39,Ander Barrenetxea,ESP,MF,Real Sociedad,22-247,2001,0.3,0,0,0,0,0,0,1,1,0,0,0,0,1,1,1,50.0,Matches,ESP-LALIGA,24-25
45736cec,40,Pablo Barrios,ESP,MF,Atlético Madrid,21-076,2003,2.5,1,0,0,3,1,0,4,4,3,0,0,0,11,2,1,66.7,Matches,ESP-LALIGA,24-25
52c3244b,41,Thierno Barry,FRA,FW,Villarreal,21-314,2002,0.6,0,0,0,1,1,1,0,0,0,1,0,0,0,6,3,66.7,Matches,ESP-LALIGA,24-25
b742cc0d,42,Marc Bartra,ESP,DF,Betis,33-228,1991,1.9,0,0,0,0,0,0,0,2,2,0,0,0,10,5,2,71.4,Matches,ESP-LALIGA,24-25
22a312ec,43,Aboubacar Bassinga,CIV,MF,Las Palmas,19-048,2005,0.0,0,0,0,1,0,0,0,0,0,0,0,0,0,0,0,,Matches,ESP-LALIGA,24-25
8eb55dbb,44,Sheraldo Becker,SUR,"FW,MF",Real Sociedad,29-203,1995,2.7,0,0,0,1,6,2,18,0,1,0,0,0,3,4,2,66.7,Matches,ESP-LALIGA,24-25
50dc94ce,45,Donny van de Beek,NED,FW,Girona,27-134,1997,0.1,0,0,0,0,0,0,0,0,0,0,0,0,0,0,0,,Matches,ESP-LALIGA,24-25
57d88cf9,46,Jude Bellingham,ENG,MF,Real Madrid,21-062,2003,1.0,0,0,0,1,2,0,0,0,5,0,0,0,4,0,3,0.0,Matches,ESP-LALIGA,24-25
ed5c5fa3,47,Fran Beltrán,ESP,MF,Celta Vigo,25-209,1999,2.1,0,0,0,1,0,0,1,1,0,0,0,0,4,1,2,33.3,Matches,ESP-LALIGA,24-25
9fb45456,48,Carlos Benavídez,URU,MF,Alavés,26-153,1998,0.8,0,0,0,3,2,0,1,1,2,0,0,0,6,2,1,66.7,Matches,ESP-LALIGA,24-25
50cbc806,49,Iker Benito,ESP,FW,Osasuna,22-020,2002,0.3,0,0,0,1,1,0,2,1,0,0,0,0,2,0,0,,Matches,ESP-LALIGA,24-25
b6e50615,50,Yuri Berchiche,ESP,DF,Athletic Club,34-202,1990,2.0,0,0,0,4,1,1,2,1,3,0,0,0,2,2,2,50.0,Matches,ESP-LALIGA,24-25
dc1c2fce,51,Álex Berenguer,ESP,FW,Athletic Club,29-057,1995,1.6,1,0,0,4,4,0,11,2,1,1,0,0,5,3,2,60.0,Matches,ESP-LALIGA,24-25
29117812,52,Marc Bernal,ESP,MF,Barcelona,17-096,2007,2.7,2,0,0,4,3,0,0,1,6,0,0,0,9,1,6,14.3,Matches,ESP-LALIGA,24-25
506daeac,53,Antonio Blanco,ESP,MF,Alavés,24-038,2000,2.0,0,0,0,5,5,0,1,4,1,0,0,0,13,0,2,0.0,Matches,ESP-LALIGA,24-25
691bef82,54,Daley Blind,NED,DF,Girona,34-174,1990,3.0,0,0,0,1,4,0,4,6,2,0,0,0,9,2,2,50.0,Matches,ESP-LALIGA,24-25
e7992f7b,55,Adama Boiro,ESP,DF,Athletic Club,22-069,2002,0.9,0,0,0,2,0,0,3,1,2,0,0,0,1,4,2,66.7,Matches,ESP-LALIGA,24-25
3a99bc13,56,Enzo Boyomo,CMR,DF,Valladolid,22-328,2001,3.0,0,0,0,3,0,0,0,1,2,0,0,0,11,3,5,37.5,Matches,ESP-LALIGA,24-25
4accb7e0,57,Darko Brašanac,SRB,MF,Leganés,32-200,1992,1.9,0,0,0,5,1,1,2,1,1,0,0,0,7,4,3,57.1,Matches,ESP-LALIGA,24-25
8f3565b3,58,Ante Budimir,CRO,FW,Osasuna,33-039,1991,2.5,0,0,0,5,1,1,1,0,2,0,0,0,4,13,10,56.5,Matches,ESP-LALIGA,24-25
69cbc8b6,59,Leandro Cabrera,URU,DF,Espanyol,33-074,1991,2.0,0,0,0,1,0,0,3,3,1,0,0,0,7,7,4,63.6,Matches,ESP-LALIGA,24-25
41b3069f,60,Fernando Calero,ESP,DF,Espanyol,28-351,1995,1.0,0,0,0,1,0,0,0,2,0,0,0,0,2,1,1,50.0,Matches,ESP-LALIGA,24-25
873619c6,61,Sergio Camello,ESP,FW,Rayo Vallecano,23-202,2001,1.2,0,0,0,1,2,1,0,0,0,0,0,0,1,4,2,66.7,Matches,ESP-LALIGA,24-25
61220da2,62,José Campaña,ESP,MF,Las Palmas,31-091,1993,0.9,0,0,0,0,3,0,4,1,1,0,0,0,8,0,0,,Matches,ESP-LALIGA,24-25
e1846dde,63,Cárdenas,ESP,GK,Rayo Vallecano,27-155,1997,3.0,0,0,0,0,1,0,0,0,0,0,0,0,4,0,0,,Matches,ESP-LALIGA,24-25
5e080f73,64,Irvin Cardona,FRA,"MF,FW",Espanyol,27-022,1997,1.1,1,0,0,1,2,0,1,0,0,0,0,0,5,0,0,,Matches,ESP-LALIGA,24-25
b92b456a,65,Marc Cardona,ESP,FW,Las Palmas,29-053,1995,0.0,0,0,0,0,0,0,0,0,0,0,0,0,1,0,0,,Matches,ESP-LALIGA,24-25
74e90475,66,Sergi Cardona,ESP,DF,Villarreal,25-053,1999,3.0,0,0,0,1,3,1,8,4,4,0,0,0,9,2,0,100.0,Matches,ESP-LALIGA,24-25
7426f085,67,Johnny Cardoso,USA,MF,Betis,22-345,2001,0.2,0,0,0,1,0,0,0,1,0,0,0,0,1,1,0,100.0,Matches,ESP-LALIGA,24-25
2dce876a,68,Carmona,ESP,DF,Sevilla,22-214,2002,3.0,1,0,0,3,4,0,1,8,6,0,0,0,19,3,2,60.0,Matches,ESP-LALIGA,24-25
8d6a9c93,69,Sergio Carreira,ESP,MF,Celta Vigo,23-322,2000,1.1,0,0,0,2,0,0,1,1,3,0,0,0,4,0,2,0.0,Matches,ESP-LALIGA,24-25
4958bfb2,70,Dani Carvajal,ESP,DF,Real Madrid,32-232,1992,2.1,0,0,0,1,0,0,5,3,3,0,0,0,2,2,0,100.0,Matches,ESP-LALIGA,24-25
dee86451,71,William Carvalho,POR,MF,Betis,32-145,1992,1.8,0,0,0,3,0,0,1,3,2,0,0,0,13,4,0,100.0,Matches,ESP-LALIGA,24-25
2ef08833,72,Marc Casado,ESP,MF,Barcelona,20-351,2003,1.0,0,0,0,1,1,0,0,0,1,0,0,0,3,0,0,,Matches,ESP-LALIGA,24-25
274ab13c,73,Catena,ESP,DF,Osasuna,29-307,1994,3.0,0,0,0,3,1,0,0,3,0,0,0,0,13,8,2,80.0,Matches,ESP-LALIGA,24-25
c0617e2b,74,Dani Ceballos,ESP,"MF,FW",Real Madrid,28-023,1996,0.1,0,0,0,0,0,0,0,0,0,0,0,0,0,0,0,,Matches,ESP-LALIGA,24-25
63c5e56b,75,Pep Chavarría,ESP,"MF,FW",Rayo Vallecano,26-142,1998,0.4,0,0,0,0,2,0,2,1,2,0,0,0,5,1,0,100.0,Matches,ESP-LALIGA,24-25
0545a08e,76,Walid Cheddira,MAR,FW,Espanyol,26-221,1998,0.3,0,0,0,1,1,0,0,0,0,0,0,0,1,0,6,0.0,Matches,ESP-LALIGA,24-25
92dacb99,77,Julián Chicco,ARG,MF,Leganés,26-230,1998,1.0,0,0,0,0,2,0,0,1,4,0,0,0,2,0,2,0.0,Matches,ESP-LALIGA,24-25
1cb49278,78,Andreas Christensen,DEN,DF,Barcelona,28-142,1996,0.3,1,0,0,1,0,0,0,0,0,0,0,0,1,1,0,100.0,Matches,ESP-LALIGA,24-25
04ac8285,79,Jasper Cillessen,NED,GK,Las Palmas,35-130,1989,3.0,0,0,0,0,0,0,0,0,0,0,0,0,5,0,0,,Matches,ESP-LALIGA,24-25
9a0408b6,80,Pathé Ciss,SEN,MF,Rayo Vallecano,30-167,1994,1.4,2,0,0,4,2,0,0,2,1,0,0,0,10,3,2,60.0,Matches,ESP-LALIGA,24-25
0d13e455,81,Seydouba Cissé,GUI,MF,Leganés,23-202,2001,2.4,0,0,0,1,1,0,2,0,1,0,0,0,12,3,0,100.0,Matches,ESP-LALIGA,24-25
15937e17,82,Eray Cömert,SUI,"DF,MF",Valladolid,26-208,1998,1.9,0,0,0,2,0,0,0,2,1,0,0,0,3,4,2,66.7,Matches,ESP-LALIGA,24-25
5ae499d0,83,Santi Comesaña,ESP,MF,Villarreal,27-330,1996,2.8,0,0,0,2,1,1,1,3,3,0,0,0,14,1,5,16.7,Matches,ESP-LALIGA,24-25
4eae5bc4,84,Diego Conde,ESP,GK,Villarreal,25-307,1998,3.0,0,0,0,0,0,0,0,1,0,0,0,0,3,0,0,,Matches,ESP-LALIGA,24-25
f61143dd,85,Tomás Conechny,ARG,"FW,MF",Alavés,26-153,1998,1.4,1,0,0,4,3,0,6,1,1,0,0,0,8,2,1,66.7,Matches,ESP-LALIGA,24-25
0f26ffd7,86,Copete,ESP,MF,Mallorca,24-325,1999,0.0,0,0,0,0,0,0,0,0,1,0,0,0,0,0,0,,Matches,ESP-LALIGA,24-25
01eb744d,87,Ángel Correa,ARG,"FW,MF",Atlético Madrid,29-174,1995,0.9,0,0,0,1,1,0,1,0,0,0,0,0,6,1,1,50.0,Matches,ESP-LALIGA,24-25
c78b352d,88,Thierry Correia,POR,DF,Valencia,25-174,1999,1.9,0,0,0,4,4,0,5,2,4,0,0,0,11,1,3,25.0,Matches,ESP-LALIGA,24-25
bfb2056e,89,Logan Costa,CPV,DF,Villarreal,23-151,2001,0.4,0,0,0,0,0,0,0,0,0,0,0,0,0,1,2,33.3,Matches,ESP-LALIGA,24-25
76c2a023,90,Samu Costa,POR,MF,Mallorca,23-277,2000,3.0,0,0,0,10,7,1,4,4,5,0,0,0,15,9,5,64.3,Matches,ESP-LALIGA,24-25
1840e36d,91,Thibaut Courtois,BEL,GK,Real Madrid,32-111,1992,3.0,0,0,0,0,0,0,0,1,0,0,0,0,8,3,0,100.0,Matches,ESP-LALIGA,24-25
a56da3ba,92,Juan Cruz Armada,ESP,DF,Osasuna,32-033,1992,1.3,1,0,0,2,1,0,3,0,0,0,0,0,4,0,0,,Matches,ESP-LALIGA,24-25
cc2dd8a5,93,Juan Cruz,ESP,"FW,MF",Leganés,24-127,2000,1.7,0,0,0,2,1,0,12,2,0,0,0,0,4,1,1,50.0,Matches,ESP-LALIGA,24-25
cc7888f3,94,Pau Cubarsí,ESP,DF,Barcelona,17-221,2007,2.7,2,0,0,5,1,0,0,0,2,0,1,0,8,7,5,58.3,Matches,ESP-LALIGA,24-25
f08490a6,95,Arnaut Danjuma,NED,FW,Villarreal,27-212,1997,2.2,1,0,0,1,1,3,0,0,1,0,0,0,2,2,0,100.0,Matches,ESP-LALIGA,24-25
070a3904,96,Sergi Darder,ESP,MF,Mallorca,30-252,1993,2.6,0,0,0,2,1,0,13,1,2,0,0,0,12,1,0,100.0,Matches,ESP-LALIGA,24-25
162efffd,97,Rodrigo De Paul,ARG,MF,Atlético Madrid,30-098,1994,1.6,1,0,0,1,3,0,7,0,1,0,0,0,10,1,0,100.0,Matches,ESP-LALIGA,24-25
698f11e3,98,Moussa Diarra,MLI,DF,Alavés,23-294,2000,1.7,0,0,0,2,1,1,1,1,2,0,0,0,4,1,1,50.0,Matches,ESP-LALIGA,24-25
407feb71,99,Brahim Díaz,MAR,FW,Real Madrid,25-027,1999,0.8,0,0,0,1,2,0,2,0,1,0,0,0,3,0,1,0.0,Matches,ESP-LALIGA,24-25
eea5130e,100,Pedro Díaz,ESP,FW,Rayo Vallecano,26-086,1998,0.1,0,0,0,0,0,0,0,1,1,0,0,0,1,0,1,0.0,Matches,ESP-LALIGA,24-25
b85a5126,101,Diego,ESP,FW,Leganés,24-134,2000,0.1,0,0,0,1,0,0,0,0,0,0,0,0,0,1,2,33.3,Matches,ESP-LALIGA,24-25
45c29ae7,102,Álvaro djaló,ESP,FW,Athletic Club,25-014,1999,0.6,0,0,0,2,1,0,1,0,0,0,0,0,1,0,1,0.0,Matches,ESP-LALIGA,24-25
a4971d84,103,Djené,TOG,DF,Getafe,32-243,1991,2.0,0,0,0,0,2,0,0,3,0,0,0,0,6,2,1,66.7,Matches,ESP-LALIGA,24-25
54880c9b,104,Marc Domenech,ESP,FW,Mallorca,18-242,2006,0.1,0,0,0,2,0,0,0,0,0,0,0,0,1,1,1,50.0,Matches,ESP-LALIGA,24-25
3521abfe,105,Carlos Dominguez,ESP,DF,Celta Vigo,23-201,2001,2.0,0,0,0,1,2,0,0,2,2,0,0,0,2,8,1,88.9,Matches,ESP-LALIGA,24-25
853ca71c,106,Anastasios Douvikas,GRE,FW,Celta Vigo,25-028,1999,1.8,0,0,0,2,10,2,1,2,1,0,0,0,4,1,0,100.0,Matches,ESP-LALIGA,24-25
6db116ec,107,Pablo Durán,ESP,FW,Celta Vigo,23-097,2001,0.0,0,0,0,0,1,0,0,0,1,0,0,0,1,0,0,,Matches,ESP-LALIGA,24-25
37e103f8,108,Hugo Duro,ESP,FW,Valencia,24-294,1999,2.8,0,0,0,5,5,1,1,2,3,0,1,0,7,5,8,38.5,Matches,ESP-LALIGA,24-25
e7f3e8a7,109,Chidera Ejuke,NGA,"FW,MF",Sevilla,26-241,1998,1.2,0,0,0,1,0,1,7,0,0,0,0,0,7,1,0,100.0,Matches,ESP-LALIGA,24-25
f7dc2ae5,110,Aritz Elustondo,ESP,DF,Real Sociedad,30-155,1994,2.0,0,0,0,2,5,0,0,1,1,0,0,0,9,1,2,33.3,Matches,ESP-LALIGA,24-25
db8f0eba,111,Adri Embarba,ESP,"MF,FW",Rayo Vallecano,32-115,1992,2.1,1,0,0,4,3,2,16,2,2,0,0,0,3,1,2,33.3,Matches,ESP-LALIGA,24-25
a2728fbf,112,Endrick,BRA,FW,Real Madrid,18-040,2006,0.1,0,0,0,0,1,0,0,0,0,0,0,0,0,0,0,,Matches,ESP-LALIGA,24-25
db001fa9,113,Alfonso Espino,URU,DF,Rayo Vallecano,32-238,1992,3.0,1,0,0,9,8,0,10,6,9,0,0,0,14,6,2,75.0,Matches,ESP-LALIGA,24-25
bed68338,114,Abde Ezzalzouli,MAR,FW,Betis,22-257,2001,0.7,0,0,0,0,0,1,2,1,2,0,0,0,2,2,0,100.0,Matches,ESP-LALIGA,24-25
1ccd3dae,115,Peter Federico,DOM,MF,Getafe,22-036,2002,0.7,0,0,0,1,2,0,2,0,0,0,0,0,3,1,2,33.3,Matches,ESP-LALIGA,24-25
bece776f,116,Nabil Fekir,FRA,MF,Betis,31-043,1993,2.0,0,0,0,3,7,0,10,0,2,0,0,0,3,0,2,0.0,Matches,ESP-LALIGA,24-25
e5d01ecf,117,Kiko Femenía,ESP,DF,Villarreal,33-210,1991,3.0,1,0,0,2,3,0,7,3,2,0,0,0,17,0,2,0.0,Matches,ESP-LALIGA,24-25
82927de4,118,Pablo Fornals,ESP,FW,Betis,28-190,1996,1.5,0,0,0,1,0,0,3,3,2,0,0,0,5,1,0,100.0,Matches,ESP-LALIGA,24-25
45e17712,119,Dimitri Foulquier,FRA,"DF,MF",Valencia,31-160,1993,1.4,1,0,0,2,3,0,7,0,3,0,0,0,9,1,0,100.0,Matches,ESP-LALIGA,24-25
3e78a188,120,Alejandro Francés,ESP,DF,Girona,22-029,2002,1.0,0,0,0,4,1,0,2,3,2,0,0,0,4,0,0,,Matches,ESP-LALIGA,24-25
40883e3a,121,Enric Franquesa,ESP,FW,Leganés,27-186,1997,1.6,1,0,0,1,2,0,2,0,3,0,0,0,8,2,3,40.0,Matches,ESP-LALIGA,24-25
38ce1150,122,Jorge de Frutos,ESP,"MF,FW",Rayo Vallecano,27-192,1997,2.2,0,0,0,4,3,0,4,1,3,0,0,0,12,0,2,0.0,Matches,ESP-LALIGA,24-25
618f396a,123,Manuel Fuster,ESP,"MF,FW",Las Palmas,26-313,1997,0.4,0,0,0,3,3,0,5,0,0,0,0,0,4,0,1,0.0,Matches,ESP-LALIGA,24-25
c2731c10,124,Conor Gallagher,ENG,MF,Atlético Madrid,24-206,2000,0.4,0,0,0,2,0,0,0,0,2,0,0,0,1,0,0,,Matches,ESP-LALIGA,24-25
90bbd822,125,Álvaro García,ESP,"MF,FW",Rayo Vallecano,31-308,1992,0.9,0,0,0,1,0,1,3,3,2,0,0,0,7,0,2,0.0,Matches,ESP-LALIGA,24-25
2bed3eab,126,Eric García,ESP,MF,Barcelona,23-234,2001,0.3,0,0,0,0,0,0,0,1,0,0,0,0,0,1,1,50.0,Matches,ESP-LALIGA,24-25
7226539b,127,Fran Garcia,ESP,DF,Real Madrid,25-016,1999,1.5,0,0,0,1,2,1,6,2,4,0,0,0,8,1,1,50.0,Matches,ESP-LALIGA,24-25
87b498b0,128,Joan García,ESP,GK,Espanyol,23-118,2001,3.0,0,0,0,0,0,0,0,0,0,0,0,0,6,2,0,100.0,Matches,ESP-LALIGA,24-25
5c96b017,129,Rubén García,ESP,"FW,MF",Osasuna,31-047,1993,2.0,0,0,0,2,4,0,10,2,4,0,0,0,14,2,5,28.6,Matches,ESP-LALIGA,24-25
20a65cdf,130,Yarek Gasiorowski,ESP,DF,Valencia,19-231,2005,2.0,0,0,0,0,0,0,0,1,4,0,0,0,7,6,3,66.7,Matches,ESP-LALIGA,24-25
63d17038,131,Paulo Gazzaniga,ARG,GK,Girona,32-241,1992,3.0,1,0,0,1,0,0,0,0,0,0,0,0,5,0,0,,Matches,ESP-LALIGA,24-25
7b5ab7f2,132,Bryan Gil,ESP,"FW,MF",Girona,23-201,2001,2.8,0,0,0,3,5,0,10,2,5,0,0,0,7,0,1,0.0,Matches,ESP-LALIGA,24-25
0e5ddc7c,133,Dani Gómez,ESP,FW,Valencia,26-031,1998,0.5,0,0,0,1,0,3,0,2,1,0,0,0,3,2,0,100.0,Matches,ESP-LALIGA,24-25
5a626448,134,Moi Gómez,ESP,MF,Osasuna,30-068,1994,1.9,0,0,0,2,1,0,2,4,2,0,0,0,15,2,3,40.0,Matches,ESP-LALIGA,24-25
bc6f5f06,135,Sergi Gómez,ESP,DF,Espanyol,32-155,1992,1.3,0,0,0,0,0,0,0,1,1,0,0,0,2,2,4,33.3,Matches,ESP-LALIGA,24-25
01e5f06e,136,Sergio Gómez,ESP,"MF,FW",Real Sociedad,23-361,2000,2.1,0,0,0,2,0,1,19,0,2,0,0,0,9,4,2,66.7,Matches,ESP-LALIGA,24-25
37db6cae,137,Unai Gómez,ESP,MF,Athletic Club,21-097,2003,0.9,1,0,0,2,4,0,5,0,0,0,0,0,1,1,2,33.3,Matches,ESP-LALIGA,24-25
c4f5eb61,138,Urko González,ESP,MF,Real Sociedad,23-163,2001,0.5,1,0,0,1,0,0,1,0,0,0,0,0,0,0,2,0.0,Matches,ESP-LALIGA,24-25
6f5f82c0,139,Andoni Gorosabel,ESP,DF,Athletic Club,28-026,1996,0.9,1,0,0,3,0,0,0,0,0,0,0,0,1,0,0,,Matches,ESP-LALIGA,24-25
ee45d138,140,José Gragera,ESP,MF,Espanyol,23-274,2000,2.5,0,0,0,10,0,0,0,1,5,0,0,0,5,4,0,100.0,Matches,ESP-LALIGA,24-25
30061f53,141,Dominik Greif,SVK,GK,Mallorca,27-146,1997,2.0,0,0,0,0,0,0,0,0,0,0,0,0,3,0,0,,Matches,ESP-LALIGA,24-25
df69b544,142,Antoine Griezmann,FRA,"FW,MF",Atlético Madrid,33-162,1991,2.2,0,0,0,0,1,1,6,1,0,0,0,0,2,0,1,0.0,Matches,ESP-LALIGA,24-25
0076ab7f,143,Nemanja Gudelj,SRB,DF,Sevilla,32-288,1991,1.8,0,0,0,0,1,0,0,2,1,0,0,0,3,3,4,42.9,Matches,ESP-LALIGA,24-25
3828f130,144,Javier Guerra,ESP,MF,Valencia,21-242,2003,1.7,0,0,0,2,3,0,0,0,3,0,0,0,7,1,0,100.0,Matches,ESP-LALIGA,24-25
8e48dc61,145,Ander Guevara,ESP,MF,Alavés,27-054,1997,2.7,0,0,0,2,3,0,1,1,3,0,0,0,16,0,3,0.0,Matches,ESP-LALIGA,24-25
7155e3e1,146,Pape Gueye,SEN,MF,Villarreal,25-219,1999,1.4,1,0,0,4,4,0,1,2,2,0,0,0,8,0,1,0.0,Matches,ESP-LALIGA,24-25
f7c12fbf,147,Hugo Guillamón,ESP,MF,Valencia,24-212,2000,1.1,0,0,0,0,2,0,0,1,0,0,0,0,5,3,1,75.0,Matches,ESP-LALIGA,24-25
3741ca58,148,Arda Güler,TUR,MF,Real Madrid,19-187,2005,1.1,1,0,0,2,4,2,7,0,0,0,0,0,4,0,1,0.0,Matches,ESP-LALIGA,24-25
ac454a4f,149,Gerard Gumbau,ESP,MF,Rayo Vallecano,29-256,1994,0.8,0,0,0,2,0,0,2,0,2,0,0,0,2,1,4,20.0,Matches,ESP-LALIGA,24-25
4c0a6a48,150,Jon Guridi,ESP,MF,Alavés,29-184,1995,1.9,0,0,0,2,3,1,1,0,2,0,0,0,6,2,5,28.6,Matches,ESP-LALIGA,24-25
6b5ea2f4,151,Gorka Guruzeta,ESP,FW,Athletic Club,27-353,1996,1.9,0,0,0,5,1,0,0,0,0,0,0,0,5,1,9,10.0,Matches,ESP-LALIGA,24-25
7e98cff1,152,Miguel Gutiérrez,ESP,DF,Girona,23-034,2001,3.0,0,0,0,0,3,2,13,3,2,0,0,0,17,1,2,33.3,Matches,ESP-LALIGA,24-25
8696bc90,153,Munir El Haddadi,MAR,FW,Leganés,28-364,1995,0.2,0,0,0,0,1,0,1,0,0,0,0,0,4,1,1,50.0,Matches,ESP-LALIGA,24-25
9a76c2e9,154,Javi Hernández,ESP,DF,Leganés,26-120,1998,3.0,0,0,0,10,2,0,9,8,2,0,0,0,7,5,0,100.0,Matches,ESP-LALIGA,24-25
e19c989c,155,Jorge Herrando,ESP,DF,Osasuna,23-184,2001,3.0,1,0,0,1,0,0,0,1,0,0,0,0,4,5,3,62.5,Matches,ESP-LALIGA,24-25
436a9dd0,156,Ander Herrera,ESP,MF,Athletic Club,35-016,1989,0.5,2,0,0,3,2,0,0,0,0,0,0,0,4,1,0,100.0,Matches,ESP-LALIGA,24-25
a4995f48,157,Sergio Herrera,ESP,GK,Osasuna,31-086,1993,3.0,1,0,0,0,0,0,0,0,0,0,0,0,0,0,0,,Matches,ESP-LALIGA,24-25
5083a734,158,Yangel Herrera,VEN,MF,Girona,26-229,1998,2.5,0,0,0,10,5,0,11,4,5,0,0,0,18,3,3,50.0,Matches,ESP-LALIGA,24-25
139560df,159,Omar El Hilali,MAR,DF,Espanyol,20-353,2003,3.0,1,0,0,3,1,0,2,1,4,0,0,0,6,2,4,33.3,Matches,ESP-LALIGA,24-25
3701906c,160,Pablo Ibáñez,ESP,MF,Osasuna,25-345,1998,0.4,0,0,0,1,0,0,0,1,0,0,0,0,3,2,1,66.7,Matches,ESP-LALIGA,24-25
974322dc,161,Iglesias,ESP,DF,Getafe,26-058,1998,2.0,0,0,0,2,0,0,6,7,6,0,0,0,6,2,4,33.3,Matches,ESP-LALIGA,24-25
75645f0e,162,Borja Iglesias,ESP,FW,Celta Vigo,31-226,1993,1.2,0,0,0,0,2,2,0,0,1,0,0,0,2,0,1,0.0,Matches,ESP-LALIGA,24-25
c92e1a31,163,Kelechi Iheanacho,NGA,FW,Sevilla,27-332,1996,0.8,0,0,0,1,0,0,0,0,0,0,0,0,0,0,1,0.0,Matches,ESP-LALIGA,24-25
aa81d8f8,164,Karl Jakob Hein,EST,GK,Valladolid,22-139,2002,3.0,0,0,0,0,0,0,0,0,0,0,0,0,0,0,0,,Matches,ESP-LALIGA,24-25
2f5c78ca,165,Mikel Jauregizar,ESP,MF,Athletic Club,20-292,2003,1.3,1,0,0,1,1,0,4,0,3,0,0,0,6,1,3,25.0,Matches,ESP-LALIGA,24-25
030ef8d6,166,Jofre,ESP,MF,Espanyol,23-074,2001,1.2,0,0,0,2,5,0,3,1,2,0,0,0,9,0,0,,Matches,ESP-LALIGA,24-25
84399660,167,Juanmi,ESP,FW,Betis,31-102,1993,1.3,1,0,0,2,3,0,0,1,3,0,0,0,5,3,0,100.0,Matches,ESP-LALIGA,24-25
7111d552,168,Vinicius Júnior,BRA,FW,Real Madrid,24-049,2000,2.8,0,0,0,4,7,0,5,0,1,0,0,0,9,0,2,0.0,Matches,ESP-LALIGA,24-25
21a87181,169,Stanko Jurić,CRO,MF,Valladolid,28-014,1996,2.1,1,0,0,4,0,0,0,1,5,0,0,0,13,3,1,75.0,Matches,ESP-LALIGA,24-25
6a7353d7,170,Willy Kambwala,FRA,DF,Villarreal,20-005,2004,1.0,0,0,0,0,0,0,0,0,2,0,0,0,2,6,0,100.0,Matches,ESP-LALIGA,24-25
e897d8ba,171,Kiké,ESP,FW,Alavés,34-279,1989,2.0,0,0,0,4,2,1,0,0,2,0,0,0,6,4,11,26.7,Matches,ESP-LALIGA,24-25
55126f3b,172,Koke,ESP,MF,Atlético Madrid,32-235,1992,2.1,0,0,0,3,0,0,2,2,4,0,0,1,10,1,2,33.3,Matches,ESP-LALIGA,24-25
4d1666ff,173,Jules Koundé,FRA,DF,Barcelona,25-292,1998,3.0,1,0,0,6,1,1,6,2,5,0,0,0,15,3,4,42.9,Matches,ESP-LALIGA,24-25
e717705a,174,Alex Král,CZE,MF,Espanyol,26-103,1998,2.4,0,0,0,0,2,0,0,2,5,0,0,0,12,3,0,100.0,Matches,ESP-LALIGA,24-25
5b5c2228,175,Ladislav Krejčí,CZE,DF,Girona,25-132,1999,0.1,0,0,0,0,0,0,0,0,0,0,0,0,2,0,0,,Matches,ESP-LALIGA,24-25
16aa3654,176,Takefusa Kubo,JPN,"MF,FW",Real Sociedad,23-087,2001,2.0,1,0,0,2,9,0,3,0,2,0,0,0,9,0,3,0.0,Matches,ESP-LALIGA,24-25
a40819d9,177,Marash Kumbulla,ALB,DF,Espanyol,24-204,2000,1.7,1,0,0,1,4,0,1,2,2,0,0,0,4,2,1,66.7,Matches,ESP-LALIGA,24-25
e7af9060,178,Cyle Larin,CAN,FW,Mallorca,29-135,1995,1.2,1,0,0,3,1,2,0,1,2,0,0,0,6,1,2,33.3,Matches,ESP-LALIGA,24-25
2bea832e,179,Juanmi Latasa,ESP,FW,Valladolid,23-160,2001,0.3,0,0,0,1,2,0,0,0,0,0,0,0,0,5,0,100.0,Matches,ESP-LALIGA,24-25
9a64e67e,180,Robin Le Normand,ESP,DF,Atlético Madrid,27-293,1996,3.0,1,0,0,4,2,1,0,0,5,0,0,0,6,2,4,33.3,Matches,ESP-LALIGA,24-25
6eaed4eb,181,Florian Lejeune,FRA,DF,Rayo Vallecano,33-102,1991,3.0,1,0,0,4,2,0,0,1,3,0,0,0,5,9,2,81.8,Matches,ESP-LALIGA,24-25
59b7d823,182,Iñigo Lekue,ESP,DF,Athletic Club,31-118,1993,1.2,1,0,0,3,1,0,3,1,1,0,0,0,5,0,0,,Matches,ESP-LALIGA,24-25
8d78e732,183,Robert Lewandowski,POL,FW,Barcelona,36-009,1988,3.0,1,0,0,3,7,0,0,0,0,0,0,0,9,5,3,62.5,Matches,ESP-LALIGA,24-25
2a295d33,184,Samuel Lino,BRA,"MF,DF",Atlético Madrid,24-251,1999,2.2,1,0,0,4,4,1,3,2,1,0,0,0,13,0,2,0.0,Matches,ESP-LALIGA,24-25
bba30585,185,Diego Llorente,ESP,DF,Betis,31-014,1993,2.0,0,0,0,3,0,0,0,4,0,0,0,0,3,1,1,50.0,Matches,ESP-LALIGA,24-25
02c15616,186,Marcos Llorente,ESP,"DF,MF",Atlético Madrid,29-213,1995,2.5,0,0,0,0,2,0,4,2,5,0,0,0,8,1,1,50.0,Matches,ESP-LALIGA,24-25
6bca20fe,187,Enzo Loiodice,FRA,MF,Las Palmas,23-277,2000,1.1,0,0,0,1,0,1,4,1,2,0,0,0,2,0,1,0.0,Matches,ESP-LALIGA,24-25
f03f284b,188,David López,ESP,DF,Girona,34-326,1989,3.0,0,0,0,0,0,0,0,1,0,0,0,0,6,2,4,33.3,Matches,ESP-LALIGA,24-25
c487901c,189,Diego López,ESP,MF,Valencia,22-109,2002,2.5,0,0,0,1,1,0,9,1,1,0,0,0,8,2,4,33.3,Matches,ESP-LALIGA,24-25
c1fe5f0b,190,Fermin López,ESP,MF,Barcelona,21-111,2003,0.3,1,0,0,0,1,0,1,0,1,0,0,0,2,1,0,100.0,Matches,ESP-LALIGA,24-25
e9ada8cf,191,Javi López,ESP,DF,Real Sociedad,22-158,2002,3.0,0,0,0,2,3,0,7,1,2,0,0,0,12,2,1,66.7,Matches,ESP-LALIGA,24-25
2a8c9f98,192,Roberto López,ESP,"FW,DF",Leganés,24-128,2000,0.3,0,0,0,0,0,0,3,0,0,0,0,0,1,0,1,0.0,Matches,ESP-LALIGA,24-25
88050721,193,Unai López,ESP,MF,Rayo Vallecano,28-305,1995,1.3,1,0,0,1,2,1,2,2,1,0,0,0,14,2,2,50.0,Matches,ESP-LALIGA,24-25
ea610f00,194,Pol Lozano,ESP,MF,Espanyol,24-329,1999,0.9,0,0,0,1,0,0,1,0,1,0,0,0,5,0,2,0.0,Matches,ESP-LALIGA,24-25
0c61c77c,195,Dodi Lukebakio,BEL,FW,Sevilla,26-341,1997,2.4,0,0,0,4,4,1,13,1,2,0,0,0,7,0,0,,Matches,ESP-LALIGA,24-25
ed6ea4d9,196,Darwin Machís,VEN,MF,Valladolid,31-205,1993,0.6,0,0,0,0,0,0,1,1,0,0,0,0,1,0,0,,Matches,ESP-LALIGA,24-25
5db04597,197,Pablo Maffeo,ESP,DF,Mallorca,27-049,1997,3.0,1,0,0,2,1,0,18,3,4,0,0,0,10,3,0,100.0,Matches,ESP-LALIGA,24-25
d4b73232,198,Giorgi Mamardashvili,GEO,GK,Valencia,23-336,2000,3.0,0,0,0,0,1,0,0,0,0,0,0,0,2,1,0,100.0,Matches,ESP-LALIGA,24-25
c20bdcd7,199,Reinildo Mandava,MOZ,DF,Atlético Madrid,30-222,1994,1.0,0,0,0,1,1,1,2,2,4,0,0,0,8,1,2,33.3,Matches,ESP-LALIGA,24-25
758dd7f0,200,Javier Manquillo,ESP,DF,Celta Vigo,30-117,1994,1.3,0,0,0,1,0,0,0,1,0,0,0,0,3,0,0,,Matches,ESP-LALIGA,24-25
133faa84,201,Marcão,BRA,DF,Sevilla,28-086,1996,0.4,1,0,0,1,2,0,0,1,2,0,0,0,4,3,0,100.0,Matches,ESP-LALIGA,24-25
9f323c71,202,Óscar de Marcos,ESP,DF,Athletic Club,35-138,1989,1.0,0,0,0,2,0,0,2,2,1,0,0,0,3,1,1,50.0,Matches,ESP-LALIGA,24-25
44330c36,203,Alberto Marí,ESP,FW,Valencia,23-050,2001,0.1,0,0,0,1,0,0,0,0,0,0,0,0,0,0,0,,Matches,ESP-LALIGA,24-25
f0da930c,204,José María Giménez,URU,DF,Atlético Madrid,29-223,1995,1.5,0,0,0,2,0,0,0,1,0,0,0,0,5,3,1,75.0,Matches,ESP-LALIGA,24-25
a83c19cf,205,Pablo Marín,ESP,MF,Real Sociedad,21-058,2003,0.2,0,0,0,2,0,0,1,0,0,0,0,0,0,1,0,100.0,Matches,ESP-LALIGA,24-25
e7630876,206,Mika Màrmol,ESP,DF,Las Palmas,22-059,2002,3.0,1,0,0,2,1,0,3,4,2,0,0,0,7,0,3,0.0,Matches,ESP-LALIGA,24-25
64035864,207,Carlos Martín,ESP,FW,Alavés,22-130,2002,0.3,0,0,0,1,0,0,0,0,0,0,0,0,2,1,0,100.0,Matches,ESP-LALIGA,24-25
b792c59d,208,Gerard Martín,ESP,DF,Barcelona,22-242,2002,1.0,0,0,0,1,2,0,3,0,0,0,0,0,6,1,0,100.0,Matches,ESP-LALIGA,24-25
ae48c5cb,209,Iván Martín,ESP,MF,Girona,25-198,1999,2.6,0,0,0,0,2,0,1,1,2,0,0,0,19,1,0,100.0,Matches,ESP-LALIGA,24-25
df33ecb5,210,Jon Martin,ESP,DF,Real Sociedad,18-242,2006,0.5,1,0,0,4,0,0,0,1,0,0,0,0,2,3,3,50.0,Matches,ESP-LALIGA,24-25
a9aff11a,211,Mario Martín,ESP,MF,Valladolid,20-178,2004,0.2,0,0,0,0,0,0,0,0,1,0,0,0,2,2,0,100.0,Matches,ESP-LALIGA,24-25
c3e66ffe,212,Arnau Martinez,ESP,DF,Girona,21-127,2003,2.0,0,0,0,0,0,0,4,0,5,0,0,0,3,0,2,0.0,Matches,ESP-LALIGA,24-25
3fc45c73,213,Iñigo Martínez,ESP,DF,Barcelona,33-105,1991,3.0,0,0,0,4,2,0,0,1,2,0,0,0,13,7,7,50.0,Matches,ESP-LALIGA,24-25
3672b352,214,Javi Martínez,ESP,MF,Osasuna,24-252,1999,0.1,0,0,0,0,0,0,0,0,0,0,0,0,0,0,0,,Matches,ESP-LALIGA,24-25
f3945e07,215,Toni Martínez,ESP,FW,Alavés,27-061,1997,0.2,0,0,0,0,0,0,0,0,0,0,0,0,4,3,1,75.0,Matches,ESP-LALIGA,24-25
2381eead,216,Javi Martón,ESP,FW,Athletic Club,25-116,1999,0.2,0,0,0,0,0,1,0,0,0,0,0,0,0,1,1,50.0,Matches,ESP-LALIGA,24-25
efaefda0,217,Marvin,ESP,"DF,FW",Las Palmas,24-058,2000,2.7,0,0,0,4,4,0,8,3,3,0,0,0,8,0,2,0.0,Matches,ESP-LALIGA,24-25
11fd2b75,218,Omar Mascarell,EQG,MF,Mallorca,31-210,1993,1.9,0,0,0,2,1,0,0,4,2,0,0,0,4,2,3,40.0,Matches,ESP-LALIGA,24-25
02319ad7,219,Jaime Mata,ESP,FW,Las Palmas,35-311,1988,1.0,0,0,0,3,2,1,5,1,0,0,0,0,3,1,4,20.0,Matches,ESP-LALIGA,24-25
42fd9c7f,220,Kylian Mbappé,FRA,FW,Real Madrid,25-254,1998,2.9,0,0,0,0,1,1,3,0,0,0,0,0,4,1,0,100.0,Matches,ESP-LALIGA,24-25
78b8ac63,221,Oliver McBurnie,SCO,FW,Las Palmas,28-087,1996,2.8,0,0,0,6,4,0,1,1,3,0,0,0,4,13,17,43.3,Matches,ESP-LALIGA,24-25
4e5a4cbc,222,Scott McKenna,SCO,DF,Las Palmas,27-292,1996,2.2,0,0,0,0,0,0,0,0,1,0,0,0,6,4,1,80.0,Matches,ESP-LALIGA,24-25
c9e39d91,223,Brais Méndez,ESP,MF,Real Sociedad,27-236,1997,2.6,0,0,0,5,11,1,6,0,2,0,0,0,10,1,6,14.3,Matches,ESP-LALIGA,24-25
3cefcaef,224,Ferland Mendy,FRA,DF,Real Madrid,29-083,1995,1.5,1,1,0,4,2,0,0,2,1,0,0,0,5,1,0,100.0,Matches,ESP-LALIGA,24-25
428a06a7,225,Víctor Meseguer,ESP,MF,Valladolid,25-082,1999,1.2,0,0,0,2,1,0,0,0,2,0,0,0,6,1,3,25.0,Matches,ESP-LALIGA,24-25
6763373d,226,Miguel,ESP,FW,Leganés,24-362,1999,2.9,1,0,0,2,6,3,1,0,0,0,0,0,4,2,9,18.2,Matches,ESP-LALIGA,24-25
2784f898,227,Éder Militão,BRA,DF,Real Madrid,26-225,1998,3.0,1,0,0,5,2,0,1,4,4,0,0,0,16,6,6,50.0,Matches,ESP-LALIGA,24-25
19c36442,228,Luis Milla,ESP,MF,Getafe,29-328,1994,2.0,0,0,0,4,3,0,12,2,6,0,0,0,12,5,6,45.5,Matches,ESP-LALIGA,24-25
335039a2,229,Pere Milla,ESP,MF,Espanyol,31-342,1992,0.7,0,0,0,0,4,0,1,0,0,0,0,0,0,0,1,0.0,Matches,ESP-LALIGA,24-25
056269d7,230,Óscar Mingueza,ESP,"DF,MF",Celta Vigo,25-109,1999,2.5,1,0,0,1,0,0,12,1,3,0,0,0,6,0,0,,Matches,ESP-LALIGA,24-25
72e442c5,231,Bojan Miovski,MKD,FW,Girona,25-067,1999,1.1,0,0,0,1,0,3,2,0,1,0,0,0,2,0,0,,Matches,ESP-LALIGA,24-25
bbf5c11b,232,Rafa Mir,ESP,"MF,FW",Valencia,27-073,1997,2.4,1,0,0,2,2,2,1,0,3,0,0,0,1,3,5,37.5,Matches,ESP-LALIGA,24-25
6025fab1,233,Luka Modrić,CRO,MF,Real Madrid,38-356,1985,1.3,0,0,0,2,1,0,8,1,0,0,0,0,10,0,2,0.0,Matches,ESP-LALIGA,24-25
608f2092,234,Johan Mojica,COL,DF,Mallorca,32-009,1992,3.0,0,0,0,3,2,0,18,4,1,0,0,0,17,2,0,100.0,Matches,ESP-LALIGA,24-25
c2c8897d,235,Alberto Moleiro,ESP,"MF,FW",Las Palmas,20-335,2003,2.3,0,0,0,2,1,0,2,0,2,0,0,0,9,0,3,0.0,Matches,ESP-LALIGA,24-25
23610943,236,Nahuel Molina,ARG,DF,Atlético Madrid,26-146,1998,0.9,0,0,0,0,1,0,5,0,2,0,0,0,3,1,1,50.0,Matches,ESP-LALIGA,24-25
9939e168,237,Jon Moncayola,ESP,"MF,FW",Osasuna,26-109,1998,2.1,1,0,0,1,0,0,12,1,3,0,0,0,8,1,3,25.0,Matches,ESP-LALIGA,24-25
81f0781e,238,Gerard Moreno,ESP,FW,Villarreal,32-145,1992,1.3,0,0,0,0,2,0,1,0,2,0,0,0,2,2,0,100.0,Matches,ESP-LALIGA,24-25
f4c69aa6,239,Ilaix Moriba,GUI,MF,Celta Vigo,21-224,2003,0.9,1,0,0,1,1,0,2,1,3,0,0,0,1,1,1,50.0,Matches,ESP-LALIGA,24-25
a0255c67,240,Manu Morlanes,ESP,MF,Mallorca,25-231,1999,1.3,0,0,0,1,1,0,1,4,3,0,0,0,9,1,4,20.0,Matches,ESP-LALIGA,24-25
919dd4b1,241,Raúl Moro,ESP,"FW,MF",Valladolid,21-269,2002,2.3,0,0,0,2,1,0,18,1,1,0,0,0,9,1,1,50.0,Matches,ESP-LALIGA,24-25
dc1ce4f5,242,Cristhian Mosquera,ESP,DF,Valencia,20-064,2004,3.0,1,0,0,4,0,0,0,4,1,0,1,0,10,5,3,62.5,Matches,ESP-LALIGA,24-25
5487adcd,243,Abdul Mumin,GHA,DF,Rayo Vallecano,26-085,1998,3.0,1,0,0,1,0,0,1,6,3,0,0,0,11,4,6,40.0,Matches,ESP-LALIGA,24-25
853f211e,244,Álex Muñoz,ESP,DF,Las Palmas,30-031,1994,1.6,0,0,0,5,3,0,9,4,5,0,1,0,4,2,2,50.0,Matches,ESP-LALIGA,24-25
175ece4c,245,Iker Muñoz,ESP,MF,Osasuna,21-299,2002,0.5,0,0,0,0,1,0,1,0,0,0,0,0,1,1,1,50.0,Matches,ESP-LALIGA,24-25
ec7c84c2,246,Javier Muñoz,ESP,MF,Las Palmas,29-184,1995,3.0,0,0,0,2,4,0,4,2,4,0,0,0,9,0,4,0.0,Matches,ESP-LALIGA,24-25
0cadc46d,247,Vedat Muriqi,KVX,FW,Mallorca,30-128,1994,2.9,0,0,0,1,3,0,3,0,0,0,0,0,6,14,12,53.8,Matches,ESP-LALIGA,24-25
94bccc82,248,Natan,BRA,DF,Betis,23-206,2001,0.1,0,0,0,0,0,0,0,0,0,0,0,0,0,1,1,50.0,Matches,ESP-LALIGA,24-25
3f10bd22,249,Jesús Navas,ESP,FW,Sevilla,38-283,1985,0.5,0,0,0,1,1,0,9,0,0,0,0,0,2,0,0,,Matches,ESP-LALIGA,24-25
0ad37003,250,Yvan Neyou,CMR,MF,Leganés,27-240,1997,2.9,1,0,0,3,6,0,1,4,3,0,0,0,14,5,2,71.4,Matches,ESP-LALIGA,24-25
5853ac44,251,Tanguy Nianzou,FRA,DF,Sevilla,22-084,2002,1.0,0,0,0,2,1,0,0,1,1,0,0,1,3,6,1,85.7,Matches,ESP-LALIGA,24-25
c14bc029,252,Saúl Ñíguez,ESP,MF,Sevilla,29-283,1994,2.0,0,1,0,4,2,0,3,0,5,0,0,0,7,1,5,16.7,Matches,ESP-LALIGA,24-25
5458f670,253,Hugo Novoa,ESP,"DF,FW",Alavés,21-242,2003,1.4,0,0,0,1,0,0,3,0,1,0,0,0,3,0,6,0.0,Matches,ESP-LALIGA,24-25
a6103274,254,Randy Nteka,ANG,FW,Rayo Vallecano,26-268,1997,1.8,1,0,0,4,1,6,1,0,1,0,0,0,3,7,9,43.8,Matches,ESP-LALIGA,24-25
bdedffac,255,Ørjan Nyland,NOR,GK,Sevilla,33-355,1990,3.0,0,0,0,0,0,0,0,0,0,0,0,0,3,1,0,100.0,Matches,ESP-LALIGA,24-25
ee8508c0,256,Jan Oblak,SVN,GK,Atlético Madrid,31-236,1993,3.0,0,0,0,0,0,0,0,0,0,0,0,0,4,0,0,,Matches,ESP-LALIGA,24-25
a08b974a,257,Lucas Ocampos,ARG,FW,Sevilla,30-050,1994,1.9,0,0,0,3,2,0,4,0,2,0,0,0,6,3,4,42.9,Matches,ESP-LALIGA,24-25
3d99999d,258,Olasagasti,ESP,MF,Real Sociedad,24-014,2000,0.4,0,0,0,0,0,0,0,0,1,0,0,0,1,0,0,,Matches,ESP-LALIGA,24-25
a3e4bf46,259,Brian Oliván,ESP,"DF,MF",Espanyol,30-151,1994,0.6,0,0,0,0,1,0,7,1,0,0,0,0,1,0,1,0.0,Matches,ESP-LALIGA,24-25
5132b92c,260,Lucas Oliveira Rosa,BRA,DF,Valladolid,24-149,2000,3.0,1,0,0,5,0,0,8,4,6,0,0,0,8,0,2,0.0,Matches,ESP-LALIGA,24-25
ae44e8e2,261,Dani Olmo,ESP,MF,Barcelona,26-115,1998,0.5,0,0,0,0,1,0,1,0,0,0,0,0,3,0,0,,Matches,ESP-LALIGA,24-25
7c363088,262,Aimar Oroz,ESP,"MF,FW",Osasuna,22-277,2001,2.5,0,0,0,3,5,0,3,3,3,0,0,0,10,1,5,16.7,Matches,ESP-LALIGA,24-25
349a7574,263,Gabriel Osei Misehouy,NED,"FW,MF",Girona,19-043,2005,0.2,0,0,0,0,0,0,1,0,0,0,0,0,0,0,0,,Matches,ESP-LALIGA,24-25
c83e3553,264,David Otorbi,ESP,MF,Valencia,16-319,2007,0.2,0,0,0,0,0,0,0,0,0,0,0,0,0,0,0,,Matches,ESP-LALIGA,24-25
8c3c640c,265,Mikel Oyarzabal,ESP,FW,Real Sociedad,27-131,1997,2.0,1,1,0,2,1,0,0,0,0,0,0,0,4,2,6,25.0,Matches,ESP-LALIGA,24-25
44150beb,266,Jon Pacheco,ESP,DF,Real Sociedad,23-235,2001,2.5,1,0,0,7,3,0,0,2,1,0,0,0,4,6,2,75.0,Matches,ESP-LALIGA,24-25
a275838a,267,Alex Padilla,ESP,GK,Athletic Club,20-364,2003,2.0,0,0,0,0,1,0,0,0,0,0,0,0,2,1,0,100.0,Matches,ESP-LALIGA,24-25
49dbab27,268,Isaac Palazón Camacho,ESP,"FW,MF",Rayo Vallecano,29-247,1994,2.3,1,0,0,3,6,0,4,1,1,0,0,0,12,0,3,0.0,Matches,ESP-LALIGA,24-25
b906757a,269,Aitor Paredes,ESP,DF,Athletic Club,24-123,2000,0.9,0,0,0,1,2,0,0,0,0,0,0,0,1,2,0,100.0,Matches,ESP-LALIGA,24-25
7460ca0d,270,Daniel Parejo,ESP,MF,Villarreal,35-136,1989,2.2,1,0,0,1,3,0,1,2,2,0,0,0,17,0,1,0.0,Matches,ESP-LALIGA,24-25
0d9b2d31,271,Pedri,ESP,MF,Barcelona,21-279,2002,2.3,0,0,0,1,4,0,2,2,2,0,0,0,17,0,0,,Matches,ESP-LALIGA,24-25
112521d1,272,Adrià Pedrosa,ESP,DF,Sevilla,26-109,1998,3.0,1,0,0,4,3,0,13,1,2,0,0,0,10,1,7,12.5,Matches,ESP-LALIGA,24-25
1f079188,273,Rubén Peña,ESP,FW,Osasuna,33-043,1991,0.1,0,0,0,0,1,0,2,0,0,0,0,0,0,0,0,,Matches,ESP-LALIGA,24-25
57e3f0c7,274,Nicolas Pépé,CIV,"FW,MF",Villarreal,29-093,1995,1.3,1,0,0,1,0,0,1,1,0,0,0,0,2,2,5,28.6,Matches,ESP-LALIGA,24-25
cb971b4f,275,Peque,ESP,FW,Sevilla,21-331,2002,0.1,0,0,0,1,0,0,0,0,0,0,0,0,0,1,1,50.0,Matches,ESP-LALIGA,24-25
819aa8e7,276,Ayoze Pérez,ESP,FW,Villarreal,31-032,1993,0.9,1,0,0,2,3,0,0,0,1,0,0,0,7,1,2,33.3,Matches,ESP-LALIGA,24-25
a8f21b9f,277,Carles Pérez,ESP,"FW,MF",Getafe,26-196,1998,1.4,0,0,0,2,1,0,2,0,0,0,0,0,5,0,1,0.0,Matches,ESP-LALIGA,24-25
237a3851,278,Kike Pérez,ESP,MF,Valladolid,27-198,1997,2.5,0,0,0,9,8,1,4,2,3,0,0,0,6,1,2,33.3,Matches,ESP-LALIGA,24-25
b7c04927,279,Luis Pérez,ESP,DF,Valladolid,29-208,1995,3.0,0,0,0,2,5,0,14,4,1,0,0,0,18,3,3,50.0,Matches,ESP-LALIGA,24-25
6dfd8f05,280,Romain Perraud,FRA,DF,Betis,26-343,1997,1.5,2,0,0,3,3,1,2,2,2,0,0,0,8,0,2,0.0,Matches,ESP-LALIGA,24-25
9b30eda5,281,Pica,ESP,DF,Alavés,22-242,2002,1.0,0,0,0,1,1,0,0,1,1,0,0,0,3,3,4,42.9,Matches,ESP-LALIGA,24-25
540ec57b,282,Yeremi Pino,ESP,MF,Villarreal,21-315,2002,1.6,1,0,0,2,1,0,3,0,3,0,0,0,4,2,0,100.0,Matches,ESP-LALIGA,24-25
1bda5842,283,Portu,ESP,"FW,MF",Girona,32-101,1992,1.2,0,0,0,0,3,2,5,0,1,0,0,0,5,0,0,,Matches,ESP-LALIGA,24-25
1f60244a,284,Beñat Prados,ESP,MF,Athletic Club,23-204,2001,2.3,2,0,0,2,2,0,1,4,4,0,0,0,9,4,2,66.7,Matches,ESP-LALIGA,24-25
d1b060e2,285,Abdón Prats,ESP,FW,Mallorca,31-267,1992,0.2,0,0,0,0,1,0,0,0,0,0,0,0,0,2,3,40.0,Matches,ESP-LALIGA,24-25
2683eda7,286,Javi Puado,ESP,FW,Espanyol,26-097,1998,3.0,1,0,0,2,3,0,0,0,3,0,0,0,7,4,0,100.0,Matches,ESP-LALIGA,24-25
ea6a7ab4,287,Dani Raba,ESP,"MF,FW",Leganés,28-306,1995,1.0,0,0,0,1,1,0,3,3,3,0,0,0,6,0,0,,Matches,ESP-LALIGA,24-25
b857bd29,288,Antonio Raillo,ESP,DF,Mallorca,32-327,1991,3.0,0,0,0,3,1,0,0,2,0,0,0,0,9,9,4,69.2,Matches,ESP-LALIGA,24-25
db714daf,289,Benito Ramírez,ESP,"MF,DF",Las Palmas,29-050,1995,0.5,0,0,0,0,2,0,3,0,0,0,0,0,3,0,2,0.0,Matches,ESP-LALIGA,24-25
833fb62e,290,Sandro Ramírez,ESP,"FW,MF",Las Palmas,29-052,1995,2.1,0,0,0,1,6,0,12,6,1,0,0,0,5,0,1,0.0,Matches,ESP-LALIGA,24-25
3423f250,291,Raphinha,BRA,"MF,FW",Barcelona,27-260,1996,3.0,0,0,0,1,5,0,18,2,3,1,0,0,13,0,1,0.0,Matches,ESP-LALIGA,24-25
b1b99435,292,Andrei Ratiu,ROU,DF,Rayo Vallecano,26-071,1998,0.9,0,0,0,1,0,0,1,1,0,0,0,0,2,1,1,50.0,Matches,ESP-LALIGA,24-25
18f0a9f0,293,Raúl,ESP,FW,Osasuna,23-301,2000,0.5,0,0,0,2,1,2,0,0,0,0,0,0,0,1,0,100.0,Matches,ESP-LALIGA,24-25
9a796115,294,Abderrahman Rebbach,ALG,"FW,MF",Alavés,26-019,1998,0.8,1,0,0,2,2,0,4,0,0,0,0,0,1,0,2,0.0,Matches,ESP-LALIGA,24-25
374ee424,295,Álex Remiro,ESP,GK,Real Sociedad,29-159,1995,3.0,0,0,0,0,0,0,0,0,0,0,0,0,5,0,0,,Matches,ESP-LALIGA,24-25
d9ba39fc,296,Diego Rico,ESP,DF,Getafe,31-189,1993,2.0,0,0,0,2,1,0,4,0,2,0,0,0,6,2,2,50.0,Matches,ESP-LALIGA,24-25
eb3dd471,297,Luis Rioja,ESP,FW,Alavés,30-319,1993,0.3,0,0,0,1,1,0,6,0,1,0,0,0,1,0,0,,Matches,ESP-LALIGA,24-25
eb3dd471,298,Luis Rioja,ESP,MF,Valencia,30-319,1993,1.3,0,0,0,0,3,2,10,5,1,0,0,0,4,1,1,50.0,Matches,ESP-LALIGA,24-25
65154df0,299,Rodrigo Riquelme,ESP,"DF,MF",Atlético Madrid,24-150,2000,1.6,0,0,0,1,1,4,11,1,1,0,0,0,9,2,1,66.7,Matches,ESP-LALIGA,24-25
36286814,300,Alberto Risco,ESP,FW,Getafe,19-000,2005,0.2,0,0,0,1,0,0,0,0,1,0,0,0,1,1,1,50.0,Matches,ESP-LALIGA,24-25
da27e268,301,Marc Roca,ESP,MF,Betis,27-278,1996,1.8,1,0,0,2,2,0,1,2,2,0,0,0,8,1,0,100.0,Matches,ESP-LALIGA,24-25
85bed4ee,302,Rodri,ESP,FW,Betis,24-106,2000,0.5,0,0,0,1,1,0,4,1,1,0,0,0,6,0,1,0.0,Matches,ESP-LALIGA,24-25
19709006,303,Óscar Rodríguez Arnaiz,ESP,"MF,FW",Leganés,26-063,1998,1.5,1,0,0,1,4,0,5,1,1,1,0,0,5,0,3,0.0,Matches,ESP-LALIGA,24-25
22371dee,304,Damián Rodríguez,ESP,MF,Celta Vigo,21-166,2003,3.0,2,0,0,5,3,0,7,3,1,0,0,0,15,0,3,0.0,Matches,ESP-LALIGA,24-25
70f8e0bd,305,Dani Rodríguez,ESP,FW,Mallorca,36-085,1988,1.9,0,0,0,1,3,0,11,0,5,0,0,0,6,1,1,50.0,Matches,ESP-LALIGA,24-25
08ec5e71,306,Javi Rodríguez,ESP,DF,Celta Vigo,21-065,2003,1.3,0,0,0,0,2,0,1,1,2,0,0,0,1,4,0,100.0,Matches,ESP-LALIGA,24-25
9b130479,307,Kirian Rodríguez,ESP,MF,Las Palmas,28-178,1996,2.8,1,0,0,3,2,0,3,0,2,0,0,0,16,2,1,66.7,Matches,ESP-LALIGA,24-25
7f78ad23,308,Ricardo Rodríguez,SUI,DF,Betis,32-005,1992,0.5,0,0,0,2,1,0,1,2,0,0,0,0,7,1,0,100.0,Matches,ESP-LALIGA,24-25
8f5e92a6,309,Rodrygo,BRA,FW,Real Madrid,23-234,2001,2.3,0,0,0,2,4,0,6,0,1,0,0,0,8,1,1,50.0,Matches,ESP-LALIGA,24-25
924ff27e,310,Leo Román,ESP,GK,Mallorca,24-055,2000,1.0,0,0,0,0,0,0,0,0,0,0,0,0,0,0,0,,Matches,ESP-LALIGA,24-25
23cbf863,311,Carlos Romero,ESP,DF,Espanyol,22-306,2001,2.7,0,0,0,1,1,0,10,2,4,0,0,0,9,1,2,33.3,Matches,ESP-LALIGA,24-25
be719093,312,Isaac Romero,ESP,FW,Sevilla,24-104,2000,2.1,1,0,0,2,6,4,2,0,0,0,0,0,9,6,6,50.0,Matches,ESP-LALIGA,24-25
ca6edaa0,313,Luka Romero,ARG,"FW,MF",Alavés,19-286,2004,1.0,0,0,0,1,1,1,3,1,1,0,0,0,5,2,2,50.0,Matches,ESP-LALIGA,24-25
4b511457,314,Oriol Romeu,ESP,MF,Girona,32-341,1991,1.7,1,0,0,3,3,0,1,1,0,0,0,0,7,1,3,25.0,Matches,ESP-LALIGA,24-25
9b6d9b53,315,Valentin Rosier,FRA,DF,Leganés,28-011,1996,3.0,1,0,0,6,4,0,2,5,8,0,0,0,13,2,2,50.0,Matches,ESP-LALIGA,24-25
18b896d6,316,Antonio Rüdiger,GER,DF,Real Madrid,31-180,1993,3.0,0,0,0,1,4,0,0,1,0,0,0,0,13,8,3,72.7,Matches,ESP-LALIGA,24-25
a55d8df5,317,Aitor Ruibal,ESP,FW,Betis,28-161,1996,1.5,1,0,0,1,2,0,1,0,1,0,0,0,4,0,1,0.0,Matches,ESP-LALIGA,24-25
6cbf8d0d,318,Abel Ruiz,ESP,FW,Girona,24-215,2000,2.3,1,0,0,3,1,2,2,1,0,0,0,0,3,0,3,0.0,Matches,ESP-LALIGA,24-25
fbbb9269,319,Youssouf Sabaly,SEN,DF,Betis,31-178,1993,2.0,0,0,0,3,0,0,4,1,3,0,0,0,7,0,0,,Matches,ESP-LALIGA,24-25
686cbe7d,320,Umar Sadiq,NGA,FW,Real Sociedad,27-210,1997,0.5,0,0,0,2,1,1,1,0,0,0,0,0,0,2,2,50.0,Matches,ESP-LALIGA,24-25
bfca375c,321,Jorge Sáenz,ESP,DF,Leganés,27-287,1996,1.0,1,0,0,2,0,0,0,0,2,0,0,0,1,2,3,40.0,Matches,ESP-LALIGA,24-25
0a69de7b,322,Kike Salas,ESP,DF,Sevilla,22-129,2002,0.9,0,0,0,1,0,0,0,0,1,0,0,0,5,4,2,66.7,Matches,ESP-LALIGA,24-25
1b4f1169,323,Albert Sambi Lokonga,BEL,MF,Sevilla,24-313,1999,0.7,0,0,0,0,3,0,0,0,1,0,0,0,7,1,1,50.0,Matches,ESP-LALIGA,24-25
0525a80f,324,Chuky san jose,ESP,MF,Valladolid,20-123,2004,0.1,0,0,0,0,0,1,2,0,0,0,0,0,0,0,0,,Matches,ESP-LALIGA,24-25
bdb624a3,325,Oihan Sancet,ESP,MF,Athletic Club,24-127,2000,2.4,0,0,0,2,3,1,4,1,1,0,0,0,9,1,2,33.3,Matches,ESP-LALIGA,24-25
a254bbe0,326,Antonio Sánchez,ESP,FW,Mallorca,27-242,1997,1.1,0,0,0,2,0,0,2,2,1,0,0,0,5,0,0,,Matches,ESP-LALIGA,24-25
70107d4d,327,Iván Sánchez,ESP,"MF,FW",Valladolid,31-342,1992,1.6,1,0,0,2,4,0,8,2,2,0,0,0,5,0,1,0.0,Matches,ESP-LALIGA,24-25
60359288,328,Javi Sánchez,ESP,DF,Valladolid,27-169,1997,1.7,0,0,0,2,0,0,0,1,0,0,0,0,2,5,4,55.6,Matches,ESP-LALIGA,24-25
cc6de655,329,Juanlu Sánchez,ESP,MF,Sevilla,21-015,2003,2.0,1,0,0,1,1,0,5,5,1,0,0,0,7,0,0,,Matches,ESP-LALIGA,24-25
ffacd3d5,330,Manu Sánchez,ESP,DF,Alavés,24-006,2000,1.3,1,0,0,3,0,0,8,4,2,0,0,0,6,0,1,0.0,Matches,ESP-LALIGA,24-25
bc49fd34,331,Jesús Santiago,ESP,MF,Getafe,20-097,2004,0.4,0,0,0,2,1,0,0,0,1,0,0,0,2,0,0,,Matches,ESP-LALIGA,24-25
a35134ae,332,Aleksandar Sedlar,SRB,DF,Alavés,32-261,1991,0.9,1,1,0,2,2,0,0,1,1,0,0,0,4,1,0,100.0,Matches,ESP-LALIGA,24-25
65ac6ea0,333,Sergi,ESP,DF,Leganés,32-132,1992,3.0,1,0,0,4,1,1,0,3,2,0,0,0,7,5,11,31.3,Matches,ESP-LALIGA,24-25
ea83bfa6,334,Rui Silva,POR,GK,Betis,30-205,1994,2.0,0,0,0,0,1,0,0,0,0,0,0,0,4,0,0,,Matches,ESP-LALIGA,24-25
b4819112,335,Jailson Siqueira,BRA,"DF,MF",Celta Vigo,28-358,1995,2.5,0,0,0,0,2,0,0,5,2,0,0,1,8,5,5,50.0,Matches,ESP-LALIGA,24-25
9970da54,336,Antonio Sivera,ESP,GK,Alavés,28-019,1996,3.0,1,0,0,0,0,0,0,0,0,0,0,0,1,0,0,,Matches,ESP-LALIGA,24-25
5fa714d5,337,Alex Sola,ESP,"MF,FW",Getafe,25-082,1999,1.7,0,0,0,1,4,0,0,0,2,0,0,0,8,3,5,37.5,Matches,ESP-LALIGA,24-25
1282939a,338,Jhon Solis,COL,MF,Girona,19-332,2004,0.6,0,0,0,0,0,0,0,0,0,0,0,0,4,0,2,0.0,Matches,ESP-LALIGA,24-25
8f8c6934,339,David Soria,ESP,GK,Getafe,31-148,1993,2.0,0,0,0,0,0,0,0,0,0,0,0,0,0,1,0,100.0,Matches,ESP-LALIGA,24-25
5512b1a9,340,Juan Soriano,ESP,GK,Leganés,27-007,1997,3.0,1,0,0,0,1,0,0,0,0,0,0,1,2,0,0,,Matches,ESP-LALIGA,24-25
4c6facae,341,Djibril Sow,SUI,"MF,FW",Sevilla,27-206,1997,2.2,1,0,0,5,4,0,1,3,2,0,0,0,14,1,2,33.3,Matches,ESP-LALIGA,24-25
5cfec13d,342,Carl Starfelt,SWE,DF,Celta Vigo,29-090,1995,1.7,0,0,0,0,1,0,0,3,0,0,0,0,4,3,5,37.5,Matches,ESP-LALIGA,24-25
4e257184,343,Stoichkov,ESP,"FW,MF",Alavés,30-299,1993,1.4,1,0,0,2,1,1,2,0,1,0,0,0,6,1,2,33.3,Matches,ESP-LALIGA,24-25
220c11f1,344,Cristhian Stuani,URU,FW,Girona,37-323,1986,0.4,0,0,0,0,0,1,0,0,0,0,0,0,1,0,1,0.0,Matches,ESP-LALIGA,24-25
9c137b36,345,Álex Suárez,ESP,DF,Las Palmas,31-165,1993,2.7,0,0,0,5,0,0,0,2,4,0,1,1,7,1,4,20.0,Matches,ESP-LALIGA,24-25
1e1378e1,346,Luka Sučić,CRO,FW,Real Sociedad,21-357,2002,0.1,0,0,0,0,0,0,0,0,0,0,0,0,1,1,0,100.0,Matches,ESP-LALIGA,24-25
184fe4b2,347,Williot Swedberg,SWE,"FW,DF",Celta Vigo,20-211,2004,1.4,1,0,0,3,3,1,2,0,1,0,0,0,3,2,0,100.0,Matches,ESP-LALIGA,24-25
e5ec95f8,348,Mamadou Sylla,SEN,FW,Valladolid,30-163,1994,1.9,0,0,0,1,2,4,1,0,0,0,0,0,1,2,4,33.3,Matches,ESP-LALIGA,24-25
e92cd3f7,349,Alexander Sørloth,NOR,FW,Atlético Madrid,28-269,1995,1.4,0,0,0,2,2,0,0,0,0,0,0,0,4,9,2,81.8,Matches,ESP-LALIGA,24-25
34269bdf,350,Renato Tapia,PER,MF,Leganés,29-033,1995,0.4,0,0,0,3,1,0,0,0,0,0,0,0,3,0,1,0.0,Matches,ESP-LALIGA,24-25
59c29820,351,César Tárrega,ESP,DF,Valencia,22-186,2002,1.0,0,0,0,0,0,0,0,1,0,0,0,0,3,0,2,0.0,Matches,ESP-LALIGA,24-25
4f255115,352,Aurélien Tchouaméni,FRA,MF,Real Madrid,24-216,2000,2.7,0,0,0,3,2,0,0,4,3,0,0,0,14,5,4,55.6,Matches,ESP-LALIGA,24-25
868ce848,353,Álvaro Tejero,ESP,"DF,MF",Espanyol,28-041,1996,1.8,0,0,0,1,2,0,14,1,0,0,0,0,10,2,0,100.0,Matches,ESP-LALIGA,24-25
f99cc198,354,Martín Tejón,ESP,"MF,DF",Valencia,20-140,2004,0.4,0,0,0,0,1,0,1,0,0,0,0,0,3,0,1,0.0,Matches,ESP-LALIGA,24-25
66654daa,355,Nahuel Tenaglia,ARG,DF,Alavés,28-191,1996,2.0,0,0,0,2,1,0,6,3,4,0,0,0,5,1,5,16.7,Matches,ESP-LALIGA,24-25
6f51e382,356,Marc-André ter Stegen,GER,GK,Barcelona,32-122,1992,3.0,0,0,0,0,1,0,0,0,0,0,0,0,3,1,0,100.0,Matches,ESP-LALIGA,24-25
f36016a5,357,Ramón Terrats,ESP,MF,Villarreal,23-317,2000,0.0,0,0,0,0,0,0,0,0,0,0,0,0,0,0,0,,Matches,ESP-LALIGA,24-25
381dbcfc,358,David Torres,ESP,DF,Valladolid,21-178,2003,0.1,0,0,0,0,0,0,0,0,0,0,0,0,0,0,0,,Matches,ESP-LALIGA,24-25
9e1035f8,359,Ferrán Torres,ESP,FW,Barcelona,24-183,2000,1.9,0,0,0,1,1,2,4,0,0,0,0,0,4,0,1,0.0,Matches,ESP-LALIGA,24-25
0e4fef6e,360,Lucas Torró,ESP,MF,Osasuna,30-042,1994,2.9,0,0,0,7,5,0,1,6,3,0,0,0,14,12,4,75.0,Matches,ESP-LALIGA,24-25
a4b1028a,361,Hamari Traoré,MLI,DF,Real Sociedad,32-216,1992,2.7,0,0,0,4,2,0,3,2,4,0,0,0,11,4,3,57.1,Matches,ESP-LALIGA,24-25
fc647b34,362,Óscar Trejo,ARG,MF,Rayo Vallecano,36-126,1988,0.7,0,0,0,3,2,0,1,1,1,0,0,0,3,0,2,0.0,Matches,ESP-LALIGA,24-25
f7e87032,363,Viktor Tsyhankov,UKR,"MF,FW",Girona,26-289,1997,1.6,0,0,0,2,1,0,11,0,1,0,0,0,7,0,1,0.0,Matches,ESP-LALIGA,24-25
068f4dec,364,Beñat Turrientes,ESP,MF,Real Sociedad,22-212,2002,1.6,1,0,0,3,2,0,10,0,2,0,0,0,6,2,1,66.7,Matches,ESP-LALIGA,24-25
87941696,365,Chrisantus Uche,NGA,FW,Getafe,21-103,2003,2.0,2,0,0,5,10,4,0,0,0,0,0,0,6,8,5,61.5,Matches,ESP-LALIGA,24-25
592f3158,366,Óscar Valentín,ESP,MF,Rayo Vallecano,30-010,1994,2.7,0,0,0,10,5,0,0,5,4,0,0,0,14,7,1,87.5,Matches,ESP-LALIGA,24-25
f2c6ac01,367,Martin Valjent,SVK,DF,Mallorca,28-263,1995,3.0,0,0,0,1,0,0,0,2,0,0,0,0,12,2,2,50.0,Matches,ESP-LALIGA,24-25
0959c2a2,368,Federico Valverde,URU,MF,Real Madrid,26-039,1998,3.0,0,0,0,0,4,0,2,5,3,0,0,0,14,2,1,66.7,Matches,ESP-LALIGA,24-25
27dc1378,369,José Luis García Vayá,ESP,MF,Valencia,26-019,1998,2.9,1,0,0,3,4,0,13,1,5,0,0,0,21,4,1,80.0,Matches,ESP-LALIGA,24-25
106c142c,370,Jesus Vazquez,ESP,DF,Valencia,21-241,2003,2.8,1,0,0,3,3,1,7,0,9,0,0,0,11,1,2,33.3,Matches,ESP-LALIGA,24-25
fd51b456,371,Lucas Vázquez,ESP,DF,Real Madrid,33-060,1991,0.9,0,0,0,2,2,0,3,0,2,0,0,0,4,0,0,,Matches,ESP-LALIGA,24-25
3f7bafbe,372,Alejo Véliz,ARG,FW,Espanyol,20-346,2003,2.5,1,0,0,4,9,2,0,1,1,0,0,0,6,9,5,64.3,Matches,ESP-LALIGA,24-25
b0fce72c,373,Mikel Vesga,ESP,MF,Athletic Club,31-101,1993,1.5,0,0,0,2,0,0,1,1,2,0,0,0,10,0,0,,Matches,ESP-LALIGA,24-25
90df343e,374,Carlos Vicente,ESP,"MF,DF",Alavés,25-129,1999,3.0,0,0,0,0,5,1,22,2,3,0,0,0,15,1,2,33.3,Matches,ESP-LALIGA,24-25
e6e7c819,375,Pau Victor Delgado,ESP,FW,Barcelona,22-278,2001,0.1,0,0,0,1,1,0,0,0,1,0,0,0,4,0,0,,Matches,ESP-LALIGA,24-25
3a9c4b7b,376,Nacho Vidal,ESP,DF,Osasuna,29-219,1995,1.1,0,0,0,0,0,0,1,0,0,0,0,0,3,2,1,66.7,Matches,ESP-LALIGA,24-25
57be54ec,377,Asier Villalibre,ESP,FW,Alavés,26-335,1997,0.8,0,0,0,3,2,0,0,0,0,0,0,0,0,2,0,100.0,Matches,ESP-LALIGA,24-25
cde52ef5,378,Iván Villar,ESP,GK,Celta Vigo,27-052,1997,3.0,0,0,0,0,0,0,0,0,0,0,0,0,9,1,1,50.0,Matches,ESP-LALIGA,24-25
c56a2d27,379,Viti,ESP,"DF,MF",Las Palmas,26-349,1997,0.6,1,0,0,2,1,0,1,1,0,0,0,0,3,2,1,66.7,Matches,ESP-LALIGA,24-25
ab7bf91d,380,Daniel Vivian,ESP,DF,Athletic Club,25-046,1999,2.1,0,0,0,0,3,1,2,3,1,0,0,0,17,4,4,50.0,Matches,ESP-LALIGA,24-25
6a99e0b1,381,Iñaki Williams,GHA,FW,Athletic Club,30-076,1994,2.9,0,0,0,1,2,2,8,0,0,0,0,0,9,7,7,50.0,Matches,ESP-LALIGA,24-25
afdc14d7,382,Nico Williams,ESP,FW,Athletic Club,22-049,2002,1.6,0,0,0,2,1,2,6,1,1,0,0,0,4,0,0,,Matches,ESP-LALIGA,24-25
5dfc6ad5,383,Axel Witsel,BEL,DF,Atlético Madrid,35-231,1989,1.5,0,0,0,0,1,1,0,1,1,0,0,0,8,4,1,80.0,Matches,ESP-LALIGA,24-25
82ec26c1,384,Lamine Yamal,ESP,FW,Barcelona,17-048,2007,2.9,0,0,0,4,8,1,5,1,3,0,0,0,12,0,1,0.0,Matches,ESP-LALIGA,24-25
a96103b2,385,Bryan Zaragoza,ESP,"MF,FW",Osasuna,23-127,2001,2.1,0,0,0,1,6,1,10,0,2,0,0,0,4,0,2,0.0,Matches,ESP-LALIGA,24-25
5c7845f6,386,Igor Zubeldia,ESP,DF,Real Sociedad,27-153,1997,0.9,1,0,0,2,1,0,0,1,0,0,1,0,0,0,2,0.0,Matches,ESP-LALIGA,24-25
3ee0dd59,387,Martín Zubimendi,ESP,MF,Real Sociedad,25-210,1999,2.5,0,0,0,4,3,0,0,5,2,0,0,0,9,8,1,88.9,Matches,ESP-LALIGA,24-25
