id,Unnamed: 0_level_0,Unnamed: 1_level_0,Unnamed: 2_level_0,Unnamed: 3_level_0,Unnamed: 4_level_0,Unnamed: 5_level_0,Unnamed: 6_level_0,Unnamed: 7_level_0,Performance,Performance,Performance,Performance,Performance,Performance,Performance,Performance,Performance,Performance,Performance,Performance,Performance,Aerial Duels,Aerial Duels,Aerial Duels,Unnamed: 24_level_0,Unnamed: league,Unnamed: season
,Rk,Player,Nation,Pos,Squad,Age,Born,90s,CrdY,CrdR,2CrdY,Fls,Fld,Off,Crs,Int,TklW,PKwon,PKcon,OG,Recov,Won,Lost,Won%,Matches,league,season
cadfa7d1,1,Nabil Aberdin,FRA,DF,Getafe,20,2002,2.0,0,0,0,1,1,0,0,0,0,0,0,0,10,4,6,40.0,Matches,ESP-LALIGA,23-24
7f9c5d2d,2,Abner,BRA,DF,Betis,23,2000,15.6,3,0,0,16,2,2,26,15,19,0,1,0,79,14,10,58.3,Matches,ESP-LALIGA,23-24
2bc7f211,3,Abdel Abqar,MAR,DF,Alavés,24,1999,25.7,10,0,0,33,23,1,2,23,19,0,2,1,109,39,36,52.0,Matches,ESP-LALIGA,23-24
81442ecb,4,Marcos Acuña,ARG,DF,Sevilla,31,1991,14.4,7,0,0,18,17,1,82,4,21,0,0,0,99,13,11,54.2,Matches,ESP-LALIGA,23-24
a2c1a8d3,5,Julen Agirrezabala,ESP,GK,Athletic Club,22,2000,2.6,0,0,0,0,0,0,0,0,0,0,0,0,6,1,0,100.0,Matches,ESP-LALIGA,23-24
8bc8829a,6,Lucien Agoume,FRA,MF,Sevilla,21,2002,8.6,3,0,0,19,2,0,2,7,18,0,0,0,48,9,7,56.3,Matches,ESP-LALIGA,23-24
18abe173,7,Joseph Aidoo,GHA,DF,Celta Vigo,27,1995,4.5,0,0,0,4,0,0,0,4,3,0,0,0,22,14,9,60.9,Matches,ESP-LALIGA,23-24
b8bd60fe,8,Ilias Akhomach,MAR,"MF,FW",Villarreal,19,2004,16.8,4,0,0,41,35,4,29,13,21,0,0,0,70,3,7,30.0,Matches,ESP-LALIGA,23-24
06efa9dc,9,Sergio Akieme,ESP,DF,Almería,25,1997,18.6,2,0,0,18,17,1,57,10,15,0,2,0,99,10,15,40.0,Matches,ESP-LALIGA,23-24
31f5b89b,10,Paul Akouokou,CIV,MF,Betis,25,1997,0.3,0,0,0,1,1,0,0,1,3,0,0,0,0,0,0,,Matches,ESP-LALIGA,23-24
05439de2,11,David Alaba,AUT,DF,Real Madrid,31,1992,12.8,2,0,0,4,0,0,17,15,9,0,0,1,63,10,9,52.6,Matches,ESP-LALIGA,23-24
4bd414c1,12,Raúl Albiol,ESP,DF,Villarreal,37,1985,22.6,6,0,0,21,8,1,0,16,14,0,0,0,75,46,29,61.3,Matches,ESP-LALIGA,23-24
036bba5f,13,Rubén Alcaraz,ESP,MF,Cádiz,32,1991,34.8,14,0,0,84,71,1,36,33,59,0,0,0,234,47,49,49.0,Matches,ESP-LALIGA,23-24
bb08bce9,14,Omar Alderete,PAR,DF,Getafe,26,1996,24.4,8,1,0,34,11,2,5,13,21,0,0,0,107,55,45,55.0,Matches,ESP-LALIGA,23-24
3d7e48ce,15,Iván Alejo,ESP,MF,Cádiz,28,1995,18.8,17,0,0,49,49,9,151,7,23,0,1,0,87,15,18,45.5,Matches,ESP-LALIGA,23-24
6c811eb7,16,Carles Aleñá,ESP,MF,Getafe,25,1998,11.3,6,0,0,22,18,3,33,4,8,0,0,0,53,11,19,36.7,Matches,ESP-LALIGA,23-24
f8405304,17,Mohamed Ali Cho,FRA,"FW,MF",Real Sociedad,19,2004,2.8,0,0,0,5,6,3,11,1,3,0,0,0,16,3,6,33.3,Matches,ESP-LALIGA,23-24
75a66bed,18,Tadeo Allende,ARG,"MF,FW",Celta Vigo,24,1999,3.7,1,0,0,2,3,3,10,3,1,0,0,0,19,5,4,55.6,Matches,ESP-LALIGA,23-24
e6697917,19,Domingos André Ribeiro Almeida,POR,"FW,MF",Valencia,23,2000,10.7,0,0,0,12,20,1,18,6,15,0,0,0,43,4,15,21.1,Matches,ESP-LALIGA,23-24
f4290206,20,Marcos Alonso,ESP,DF,Barcelona,32,1990,2.8,0,0,0,7,6,0,15,4,3,0,0,0,14,2,4,33.3,Matches,ESP-LALIGA,23-24
757a3431,21,Adrià Altimira,ESP,"DF,MF",Villarreal,22,2001,8.6,3,0,0,12,4,0,5,5,7,0,1,0,42,2,7,22.2,Matches,ESP-LALIGA,23-24
94acdd4e,22,Sergi Altimira,ESP,MF,Betis,21,2001,6.3,1,0,0,8,8,0,1,9,8,0,0,0,41,2,4,33.3,Matches,ESP-LALIGA,23-24
852ddfb8,23,Gastón Álvarez,URU,DF,Getafe,23,2000,28.2,7,0,0,43,10,1,25,35,37,0,0,0,132,51,30,63.0,Matches,ESP-LALIGA,23-24
6f392eb8,24,Hugo Álvarez,ESP,"MF,DF",Celta Vigo,20,2003,8.5,1,0,0,9,9,1,22,5,9,0,0,0,47,5,6,45.5,Matches,ESP-LALIGA,23-24
3ecc11d8,25,Yeray Álvarez,ESP,DF,Athletic Club,28,1995,12.8,1,1,0,15,14,0,1,11,9,0,0,0,68,43,15,74.1,Matches,ESP-LALIGA,23-24
00eba9c9,26,Selim Amallah,MAR,"FW,MF",Valencia,26,1996,6.7,5,1,1,21,24,1,4,11,12,0,0,0,36,11,15,42.3,Matches,ESP-LALIGA,23-24
f3b1d9a2,27,Amath,SEN,"FW,MF",Mallorca,27,1996,4.4,2,0,0,10,7,4,7,3,6,1,0,0,21,6,5,54.5,Matches,ESP-LALIGA,23-24
56cafd0a,28,Miguel Ángel Rubio,ESP,DF,Granada,25,1998,17.3,5,0,0,20,11,1,0,28,12,0,0,0,77,58,30,65.9,Matches,ESP-LALIGA,23-24
fdd26d71,29,Fabrizio Angileri,ARG,"DF,MF",Getafe,29,1994,1.8,2,1,0,1,1,0,8,4,1,0,0,0,15,6,5,54.5,Matches,ESP-LALIGA,23-24
58afe001,30,Mauro Arambarri,URU,MF,Getafe,27,1995,3.8,2,0,0,18,3,0,6,2,2,0,0,0,27,5,8,38.5,Matches,ESP-LALIGA,23-24
dc7a172e,31,Jon Aramburu,VEN,DF,Real Sociedad,21,2002,6.0,3,0,0,11,5,0,7,7,15,0,0,0,24,7,7,50.0,Matches,ESP-LALIGA,23-24
8f4541c2,32,Julian Araujo,MEX,DF,Las Palmas,21,2001,16.2,5,0,0,13,9,2,23,10,22,0,0,0,81,29,21,58.0,Matches,ESP-LALIGA,23-24
2bef2bca,33,Ronald Araújo,URU,DF,Barcelona,24,1999,22.2,6,0,0,25,9,0,8,12,22,0,1,0,102,60,22,73.2,Matches,ESP-LALIGA,23-24
a461f098,34,Adu Ares,ESP,FW,Athletic Club,21,2001,2.9,2,0,0,5,12,1,11,1,4,0,0,0,15,1,3,25.0,Matches,ESP-LALIGA,23-24
94e01ec6,35,Jesús Areso,ESP,DF,Osasuna,24,1999,29.6,3,0,0,30,20,3,110,18,24,0,0,0,130,28,21,57.1,Matches,ESP-LALIGA,23-24
484ebdb0,36,Matias Arezo,URU,FW,Granada,20,2002,4.1,1,0,0,6,1,8,4,1,3,0,0,0,13,11,17,39.3,Matches,ESP-LALIGA,23-24
d80d7f17,37,Iñigo Arguibide,ESP,DF,Osasuna,18,2005,0.2,0,0,0,1,0,0,0,0,0,0,0,0,1,1,0,100.0,Matches,ESP-LALIGA,23-24
46e07328,38,José Arnaiz,ESP,"FW,MF",Osasuna,28,1995,10.3,3,0,0,8,19,3,46,3,8,0,0,0,39,11,14,44.0,Matches,ESP-LALIGA,23-24
1e465e70,39,Sergio Arribas,ESP,"MF,FW",Almería,21,2001,22.7,1,0,0,14,42,1,60,16,17,0,0,0,91,19,24,44.2,Matches,ESP-LALIGA,23-24
28d596a0,40,Kepa Arrizabalaga,ESP,GK,Real Madrid,28,1994,13.3,1,0,0,0,2,0,0,0,0,0,0,0,17,2,0,100.0,Matches,ESP-LALIGA,23-24
7dcf86f6,41,Iago Aspas,ESP,FW,Celta Vigo,35,1987,30.1,6,1,0,19,59,12,149,10,6,1,0,0,99,7,30,18.9,Matches,ESP-LALIGA,23-24
253a06b9,42,Ezequiel Ávila,ARG,"FW,MF",Osasuna,29,1994,9.6,3,2,0,8,20,4,79,4,2,0,0,0,37,10,20,33.3,Matches,ESP-LALIGA,23-24
253a06b9,43,Ezequiel Ávila,ARG,FW,Betis,29,1994,3.3,4,1,1,3,12,0,12,1,1,0,0,0,9,4,5,44.4,Matches,ESP-LALIGA,23-24
53cad200,44,César Azpilicueta,ESP,DF,Atlético Madrid,33,1989,15.8,4,0,0,29,12,0,11,16,14,0,0,0,72,21,23,47.7,Matches,ESP-LALIGA,23-24
bfd381b3,45,Iddrisu Baba,GHA,MF,Almería,27,1996,15.9,5,0,0,29,34,0,4,11,26,0,1,0,123,30,17,63.8,Matches,ESP-LALIGA,23-24
075fe5a3,46,Srđan Babić,SRB,DF,Almería,27,1996,1.0,0,0,0,2,0,0,0,0,2,0,0,0,4,3,1,75.0,Matches,ESP-LALIGA,23-24
114bbdee,47,Loïc Bade,FRA,DF,Sevilla,23,2000,25.3,5,1,0,24,10,1,2,38,41,0,0,0,151,76,38,66.7,Matches,ESP-LALIGA,23-24
518f2234,48,Alex Baena,ESP,"MF,FW",Villarreal,22,2001,28.7,11,1,0,52,57,8,175,13,21,1,1,0,116,8,12,40.0,Matches,ESP-LALIGA,23-24
a1232f4e,49,Eric Bailly,CIV,DF,Villarreal,29,1994,9.3,4,0,0,6,5,0,0,9,3,0,0,1,51,15,7,68.2,Matches,ESP-LALIGA,23-24
0af4dcf0,50,Cédric Bakambu,COD,FW,Betis,32,1991,2.2,1,0,0,4,3,3,0,0,0,0,0,0,4,3,7,30.0,Matches,ESP-LALIGA,23-24
5ccc9672,51,Alejandro Balde,ESP,DF,Barcelona,19,2003,15.3,1,0,0,9,18,4,37,5,11,0,0,0,67,12,13,48.0,Matches,ESP-LALIGA,23-24
cee88597,52,Iván Balliu,ALB,DF,Rayo Vallecano,31,1992,31.9,4,0,0,41,30,8,68,29,31,0,0,0,127,30,27,52.6,Matches,ESP-LALIGA,23-24
b2bd0f6c,53,Jonathan Bamba,CIV,"MF,FW",Celta Vigo,27,1996,22.0,0,0,0,15,65,7,50,18,9,0,0,0,101,7,22,24.1,Matches,ESP-LALIGA,23-24
35f6db55,54,Léo Baptistão,BRA,FW,Almería,30,1992,20.4,6,1,0,21,29,13,27,11,16,0,0,0,85,48,70,40.7,Matches,ESP-LALIGA,23-24
aad53e64,55,Kike Barja,ESP,"FW,MF",Osasuna,26,1997,3.4,3,0,0,8,4,1,23,2,2,0,0,0,16,3,5,37.5,Matches,ESP-LALIGA,23-24
200e89e1,56,Ander Barrenetxea,ESP,"FW,MF",Real Sociedad,21,2001,15.9,1,0,0,27,22,3,47,6,21,0,0,0,83,14,24,36.8,Matches,ESP-LALIGA,23-24
45736cec,57,Pablo Barrios,ESP,MF,Atlético Madrid,20,2003,17.3,5,0,0,23,24,0,16,28,25,0,0,0,94,14,21,40.0,Matches,ESP-LALIGA,23-24
b742cc0d,58,Marc Bartra,ESP,DF,Betis,32,1991,2.5,1,0,0,4,1,0,0,3,3,0,0,0,15,4,4,50.0,Matches,ESP-LALIGA,23-24
fc627681,59,Augusto Batalla,ARG,GK,Granada,27,1996,17.0,3,0,0,0,2,0,0,0,0,0,0,0,28,3,0,100.0,Matches,ESP-LALIGA,23-24
d8712bf9,60,Bebé,CPV,"MF,FW",Rayo Vallecano,33,1990,2.4,1,0,0,0,2,3,28,0,2,0,0,0,12,1,4,20.0,Matches,ESP-LALIGA,23-24
8eb55dbb,61,Sheraldo Becker,SUR,"FW,MF",Real Sociedad,28,1995,8.6,1,0,0,11,5,6,46,1,2,0,0,0,27,5,12,29.4,Matches,ESP-LALIGA,23-24
f874dd44,62,Héctor Bellerín,ESP,DF,Betis,28,1995,19.0,0,1,0,21,10,1,40,22,22,0,0,1,86,16,33,32.7,Matches,ESP-LALIGA,23-24
57d88cf9,63,Jude Bellingham,ENG,MF,Real Madrid,20,2003,25.7,5,1,0,32,72,4,21,21,34,0,0,0,118,24,25,49.0,Matches,ESP-LALIGA,23-24
ed5c5fa3,64,Fran Beltrán,ESP,MF,Celta Vigo,24,1999,27.0,2,0,0,28,16,2,19,18,32,0,2,0,160,13,33,28.3,Matches,ESP-LALIGA,23-24
9fb45456,65,Carlos Benavídez,URU,MF,Alavés,25,1998,12.6,5,0,0,38,9,1,4,19,35,0,2,0,72,35,30,53.8,Matches,ESP-LALIGA,23-24
b6e50615,66,Yuri Berchiche,ESP,DF,Athletic Club,33,1990,21.4,5,0,0,29,33,0,44,20,25,0,1,1,119,33,20,62.3,Matches,ESP-LALIGA,23-24
dc1c2fce,67,Álex Berenguer,ESP,FW,Athletic Club,28,1995,17.7,4,0,0,30,22,12,138,5,14,0,0,0,63,20,42,32.3,Matches,ESP-LALIGA,23-24
506daeac,68,Antonio Blanco,ESP,MF,Alavés,23,2000,27.0,5,1,0,36,40,0,15,35,36,0,0,0,160,21,18,53.8,Matches,ESP-LALIGA,23-24
691bef82,69,Daley Blind,NED,DF,Girona,33,1990,33.0,6,0,0,19,12,0,17,21,21,0,1,0,147,39,32,54.9,Matches,ESP-LALIGA,23-24
cb1e5807,70,Adri Bosch,ESP,DF,Granada,22,2001,0.3,0,0,0,0,0,0,0,0,1,0,0,1,2,0,1,0.0,Matches,ESP-LALIGA,23-24
f6798fc3,71,Yassine Bounou,MAR,GK,Sevilla,32,1991,1.0,0,0,0,0,0,0,0,0,0,0,0,0,0,0,0,,Matches,ESP-LALIGA,23-24
d49f3e6b,72,Lucas Boyé,ARG,FW,Granada,27,1996,28.2,8,1,0,72,43,8,14,10,25,0,0,0,113,58,77,43.0,Matches,ESP-LALIGA,23-24
4accb7e0,73,Darko Brašanac,SRB,MF,Osasuna,31,1992,0.5,0,0,0,1,0,0,1,0,0,0,0,0,0,1,1,50.0,Matches,ESP-LALIGA,23-24
3e707ad4,74,Brau,ESP,DF,Granada,21,2001,0.3,0,0,0,0,0,0,1,0,0,0,0,0,0,0,0,,Matches,ESP-LALIGA,23-24
10072610,75,Claudio Bravo,CHI,GK,Betis,40,1983,7.0,0,0,0,0,1,0,0,0,0,0,0,0,14,2,0,100.0,Matches,ESP-LALIGA,23-24
57827369,76,Ben Brereton,CHI,"FW,MF",Villarreal,24,1999,3.0,2,0,0,5,4,2,4,0,2,0,0,0,13,1,2,33.3,Matches,ESP-LALIGA,23-24
8f3565b3,77,Ante Budimir,CRO,FW,Osasuna,32,1991,27.1,4,0,0,40,26,27,10,5,15,3,0,0,55,158,124,56.0,Matches,ESP-LALIGA,23-24
c5642098,78,Manu Bueno,ESP,MF,Sevilla,19,2004,1.3,1,0,0,1,2,0,0,0,2,0,0,0,6,0,1,0.0,Matches,ESP-LALIGA,23-24
da82ccb1,79,Pablo Busto,ESP,DF,Betis,17,2005,0.5,0,0,0,0,1,0,1,1,1,0,0,0,1,0,0,,Matches,ESP-LALIGA,23-24
78841da9,80,José Callejón,ESP,"MF,FW",Granada,36,1987,8.9,2,0,0,11,21,3,34,5,6,0,0,0,48,7,10,41.2,Matches,ESP-LALIGA,23-24
7b9c2d84,81,Eduardo Camavinga,FRA,"MF,DF",Real Madrid,20,2002,20.2,9,0,0,49,68,1,4,29,47,0,1,0,146,18,17,51.4,Matches,ESP-LALIGA,23-24
873619c6,82,Sergio Camello,ESP,FW,Rayo Vallecano,22,2001,18.5,3,0,0,18,11,6,2,3,5,0,0,0,60,16,40,28.6,Matches,ESP-LALIGA,23-24
61220da2,83,José Campaña,ESP,MF,Las Palmas,30,1993,1.9,0,0,0,0,5,0,4,2,2,0,0,0,16,2,0,100.0,Matches,ESP-LALIGA,23-24
bd6351cd,84,João Cancelo,POR,DF,Barcelona,29,1994,27.8,7,0,0,40,26,4,82,29,44,0,0,0,165,24,23,51.1,Matches,ESP-LALIGA,23-24
1137759d,85,Sergi Canós,ESP,"MF,FW",Valencia,26,1997,13.7,1,0,0,17,16,2,35,11,13,0,0,0,64,13,11,54.2,Matches,ESP-LALIGA,23-24
5acc4a10,86,Étienne Capoue,FRA,MF,Villarreal,35,1988,16.2,8,0,0,25,41,2,7,22,18,1,0,0,97,21,19,52.5,Matches,ESP-LALIGA,23-24
c4b888df,87,Isaac Carcelen,ESP,DF,Cádiz,30,1993,29.0,2,0,0,16,44,5,67,27,31,0,0,0,129,22,36,37.9,Matches,ESP-LALIGA,23-24
e1846dde,88,Cárdenas,ESP,GK,Rayo Vallecano,26,1997,1.0,0,0,0,0,0,0,0,0,0,0,0,0,1,0,0,,Matches,ESP-LALIGA,23-24
b92b456a,89,Marc Cardona,ESP,FW,Las Palmas,28,1995,8.0,4,0,0,12,19,18,5,2,8,1,0,0,26,9,14,39.1,Matches,ESP-LALIGA,23-24
74e90475,90,Sergi Cardona,ESP,DF,Las Palmas,24,1999,31.3,11,0,0,52,60,5,89,46,55,0,0,0,188,52,37,58.4,Matches,ESP-LALIGA,23-24
7426f085,91,Johnny Cardoso,USA,MF,Betis,21,2001,14.8,3,0,0,21,19,0,3,32,29,1,0,0,91,38,25,60.3,Matches,ESP-LALIGA,23-24
2dce876a,92,Carmona,ESP,"DF,MF",Getafe,21,2002,14.6,8,0,0,33,23,3,29,21,21,0,0,0,71,18,20,47.4,Matches,ESP-LALIGA,23-24
de39485a,93,Yannick Carrasco,BEL,DF,Atlético Madrid,29,1993,2.5,0,0,0,2,2,1,8,1,4,0,0,0,15,0,1,0.0,Matches,ESP-LALIGA,23-24
33a68b9b,94,Álvaro Carreras,ESP,"MF,FW",Granada,20,2003,5.3,1,0,0,6,11,1,14,7,8,0,0,0,29,10,5,66.7,Matches,ESP-LALIGA,23-24
4958bfb2,95,Dani Carvajal,ESP,DF,Real Madrid,31,1992,24.1,5,1,1,23,19,2,49,22,32,0,0,0,120,21,19,52.5,Matches,ESP-LALIGA,23-24
dee86451,96,William Carvalho,POR,MF,Betis,31,1992,7.6,2,0,0,13,5,0,4,8,12,0,0,0,47,8,3,72.7,Matches,ESP-LALIGA,23-24
2ef08833,97,Marc Casado,ESP,MF,Barcelona,19,2003,0.2,0,0,0,0,2,0,0,1,1,0,0,0,2,0,0,,Matches,ESP-LALIGA,23-24
274ab13c,98,Catena,ESP,DF,Osasuna,28,1994,28.2,8,1,0,47,15,1,0,15,18,0,1,0,129,59,30,66.3,Matches,ESP-LALIGA,23-24
c0617e2b,99,Dani Ceballos,ESP,"MF,FW",Real Madrid,26,1996,6.6,2,0,0,5,19,0,8,0,5,0,0,0,38,2,5,28.6,Matches,ESP-LALIGA,23-24
ae852b7d,100,Álex Centelles,ESP,DF,Almería,25,1997,10.9,2,0,0,10,13,1,44,18,6,0,1,0,42,15,11,57.7,Matches,ESP-LALIGA,23-24
5e1028e5,101,Franco Cervi,ARG,"MF,DF",Celta Vigo,29,1994,6.1,2,0,0,6,19,2,18,9,18,0,0,0,54,6,8,42.9,Matches,ESP-LALIGA,23-24
63c5e56b,102,Pep Chavarría,ESP,"DF,MF",Rayo Vallecano,25,1998,13.0,6,1,1,8,22,3,70,6,18,0,0,0,68,13,10,56.5,Matches,ESP-LALIGA,23-24
1cb49278,103,Andreas Christensen,DEN,"DF,MF",Barcelona,27,1996,22.0,4,0,0,26,10,0,0,21,14,0,0,0,107,54,22,71.1,Matches,ESP-LALIGA,23-24
2475cf9b,104,Chumi,ESP,DF,Almería,24,1999,27.0,4,0,0,23,8,0,2,14,22,0,1,0,93,43,31,58.1,Matches,ESP-LALIGA,23-24
ec1a731e,105,Víctor Chust,ESP,DF,Cádiz,23,2000,20.7,3,2,0,15,4,0,2,11,18,0,0,0,83,26,25,51.0,Matches,ESP-LALIGA,23-24
9a0408b6,106,Pathé Ciss,SEN,MF,Rayo Vallecano,29,1994,18.5,10,0,0,27,29,4,3,30,24,0,0,0,127,50,42,54.3,Matches,ESP-LALIGA,23-24
b793dea2,107,Silvi Clúa,ESP,MF,Girona,18,2005,0.0,0,0,0,1,0,0,0,0,0,0,0,0,0,0,0,,Matches,ESP-LALIGA,23-24
d0ee1652,108,Saúl Coco,EQG,DF,Las Palmas,24,1999,25.5,6,1,0,19,24,0,1,20,19,0,0,1,104,58,37,61.1,Matches,ESP-LALIGA,23-24
5ae499d0,109,Santi Comesaña,ESP,MF,Villarreal,26,1996,18.4,8,2,1,33,22,1,5,22,26,0,0,0,85,31,26,54.4,Matches,ESP-LALIGA,23-24
0f26ffd7,110,Copete,ESP,DF,Mallorca,23,1999,14.8,7,0,0,36,13,0,10,32,27,0,2,0,75,20,16,55.6,Matches,ESP-LALIGA,23-24
a6951bf8,111,Francis Coquelin,FRA,MF,Villarreal,32,1991,10.1,4,0,0,18,8,1,2,16,12,0,0,0,60,11,10,52.4,Matches,ESP-LALIGA,23-24
25b82f9a,112,Theo Corbeanu,CAN,"MF,FW",Granada,21,2002,2.0,2,0,0,2,1,0,12,3,2,0,0,0,13,4,1,80.0,Matches,ESP-LALIGA,23-24
fb938d24,113,Jesús Corona,MEX,"MF,DF",Sevilla,30,1993,0.2,0,0,0,1,0,0,2,1,0,0,0,0,2,0,0,,Matches,ESP-LALIGA,23-24
01eb744d,114,Ángel Correa,ARG,"FW,MF",Atlético Madrid,28,1995,17.0,3,0,0,24,32,17,40,2,15,0,0,0,63,5,13,27.8,Matches,ESP-LALIGA,23-24
c78b352d,115,Thierry Correia,POR,DF,Valencia,24,1999,23.9,4,1,0,41,41,2,48,33,35,1,1,0,153,16,32,33.3,Matches,ESP-LALIGA,23-24
808d48f3,116,Jaume Costa,ESP,DF,Mallorca,35,1988,18.7,7,0,0,25,22,2,63,16,22,0,0,0,78,13,16,44.8,Matches,ESP-LALIGA,23-24
76c2a023,117,Samu Costa,POR,MF,Mallorca,22,2000,25.6,8,0,0,62,49,6,24,39,50,0,1,0,164,61,31,66.3,Matches,ESP-LALIGA,23-24
1840e36d,118,Thibaut Courtois,BEL,GK,Real Madrid,31,1992,3.7,0,0,0,0,1,0,0,0,0,0,0,0,6,1,0,100.0,Matches,ESP-LALIGA,23-24
1944818c,119,Yan Couto,BRA,"DF,FW",Girona,21,2002,24.9,8,0,0,35,42,7,111,10,34,2,1,0,153,4,13,23.5,Matches,ESP-LALIGA,23-24
922dfade,120,Crespo,POR,MF,Rayo Vallecano,26,1996,5.9,4,0,0,19,22,0,3,10,9,0,0,0,31,9,5,64.3,Matches,ESP-LALIGA,23-24
9ad74b4d,121,Cristian,ESP,GK,Valencia,25,1998,0.6,0,0,0,0,0,0,0,0,0,0,0,0,1,1,0,100.0,Matches,ESP-LALIGA,23-24
a56da3ba,122,Juan Cruz Armada,ESP,DF,Osasuna,31,1992,18.5,3,0,0,20,4,1,21,12,15,0,0,0,89,21,17,55.3,Matches,ESP-LALIGA,23-24
cc2dd8a5,123,Juan Cruz,ESP,FW,Betis,23,2000,0.8,0,0,0,2,2,0,0,0,0,0,0,0,4,1,0,100.0,Matches,ESP-LALIGA,23-24
cc7888f3,124,Pau Cubarsí,ESP,DF,Barcelona,16,2007,17.3,4,0,0,15,2,0,1,12,14,0,1,0,59,28,26,51.9,Matches,ESP-LALIGA,23-24
75751c99,125,Iván Cuéllar,ESP,GK,Mallorca,39,1984,1.0,0,0,0,0,0,0,0,0,0,0,0,0,1,0,0,,Matches,ESP-LALIGA,23-24
0abc51f2,126,Jorge Cuenca,ESP,DF,Villarreal,23,1999,21.8,7,0,0,25,12,0,13,21,29,0,0,0,82,60,38,61.2,Matches,ESP-LALIGA,23-24
34e39a18,127,Eric Curbelo,ESP,"DF,MF",Las Palmas,29,1994,1.1,0,0,0,0,0,0,0,2,3,0,0,0,11,0,1,0.0,Matches,ESP-LALIGA,23-24
cc851506,128,Alberto Dadie,ESP,MF,Real Sociedad,21,2002,0.3,0,0,0,4,0,0,1,0,1,0,0,0,2,0,0,,Matches,ESP-LALIGA,23-24
070a3904,129,Sergi Darder,ESP,MF,Mallorca,29,1993,24.0,4,0,0,19,35,1,149,16,26,0,0,0,124,8,14,36.4,Matches,ESP-LALIGA,23-24
162efffd,130,Rodrigo De Paul,ARG,MF,Atlético Madrid,29,1994,23.1,7,0,0,27,59,1,46,11,21,0,0,0,145,5,4,55.6,Matches,ESP-LALIGA,23-24
d2110326,131,Mouctar Diakhaby,GUI,"DF,MF",Valencia,26,1996,11.9,6,0,0,9,2,0,0,11,11,0,0,0,67,25,13,65.8,Matches,ESP-LALIGA,23-24
d925b04e,132,Moussa Diakité,MLI,MF,Cádiz,19,2003,0.0,0,0,0,0,0,0,0,0,0,0,0,0,1,0,0,,Matches,ESP-LALIGA,23-24
8ae7d0ec,133,Assane Diao,ESP,FW,Betis,17,2005,11.6,4,0,0,12,22,1,9,7,12,0,0,0,47,14,22,38.9,Matches,ESP-LALIGA,23-24
407feb71,134,Brahim Díaz,MAR,"FW,MF",Real Madrid,23,1999,17.2,0,0,0,22,41,5,31,5,19,0,0,0,74,3,9,25.0,Matches,ESP-LALIGA,23-24
3624ce4c,135,Víctor Díaz,ESP,"DF,MF",Granada,35,1988,1.8,1,0,0,0,0,0,0,1,3,0,0,0,6,3,1,75.0,Matches,ESP-LALIGA,23-24
e447352c,136,Famara Diedhiou,SEN,"FW,MF",Granada,30,1992,1.0,1,0,0,6,3,0,2,0,1,1,0,0,5,12,6,66.7,Matches,ESP-LALIGA,23-24
fc70e345,137,Stole Dimitrievski,MKD,GK,Rayo Vallecano,29,1993,37.0,2,0,0,0,3,0,0,0,1,0,0,0,37,6,1,85.7,Matches,ESP-LALIGA,23-24
a4971d84,138,Djené,TOG,"DF,MF",Getafe,31,1991,27.6,14,1,1,51,37,1,30,23,19,0,1,0,175,37,29,56.1,Matches,ESP-LALIGA,23-24
ac295d9e,139,Marko Dmitrović,SRB,GK,Sevilla,31,1992,13.0,1,0,0,0,1,0,0,1,1,0,0,1,13,2,0,100.0,Matches,ESP-LALIGA,23-24
c9cb972b,140,Jaume Doménech,ESP,GK,Valencia,32,1990,0.9,0,0,0,0,1,0,0,0,0,0,0,0,1,0,1,0.0,Matches,ESP-LALIGA,23-24
3521abfe,141,Carlos Dominguez,ESP,DF,Celta Vigo,22,2001,17.6,2,0,0,15,8,0,3,22,21,0,0,2,71,36,30,54.5,Matches,ESP-LALIGA,23-24
d709cd5c,142,Mario Dominguez,ESP,FW,Valencia,19,2004,0.3,0,0,0,0,0,0,1,0,0,0,0,0,0,0,1,0.0,Matches,ESP-LALIGA,23-24
daa2eab3,143,Carlos Dotor,ESP,MF,Celta Vigo,22,2001,7.9,2,0,0,14,10,0,9,4,7,0,0,0,49,5,8,38.5,Matches,ESP-LALIGA,23-24
853ca71c,144,Anastasios Douvikas,GRE,FW,Celta Vigo,23,1999,10.1,2,0,0,18,30,6,2,2,7,0,0,0,22,35,28,55.6,Matches,ESP-LALIGA,23-24
5b847bb0,145,Artem Dovbyk,UKR,FW,Girona,26,1997,28.7,2,0,0,27,13,33,1,0,3,0,0,0,24,39,40,49.4,Matches,ESP-LALIGA,23-24
93090f69,146,Domingos Duarte,POR,DF,Getafe,28,1995,10.1,5,2,1,8,8,0,1,8,4,0,0,0,45,14,10,58.3,Matches,ESP-LALIGA,23-24
1fe0492d,147,Rubén Duarte,ESP,DF,Alavés,27,1995,20.9,7,0,0,31,30,0,70,23,20,0,0,0,93,27,26,50.9,Matches,ESP-LALIGA,23-24
37e103f8,148,Hugo Duro,ESP,FW,Valencia,23,1999,33.1,4,0,0,41,95,17,7,5,8,3,0,0,81,58,125,31.7,Matches,ESP-LALIGA,23-24
f7dc2ae5,149,Aritz Elustondo,ESP,DF,Real Sociedad,29,1994,9.0,2,0,0,9,10,0,1,7,7,0,0,0,38,29,13,69.0,Matches,ESP-LALIGA,23-24
db8f0eba,150,Adri Embarba,ESP,"FW,MF",Almería,31,1992,27.5,5,0,0,37,40,16,171,15,37,0,0,0,141,25,43,36.8,Matches,ESP-LALIGA,23-24
04e17fd5,151,Youssef En-Nesyri,MAR,FW,Sevilla,26,1997,28.6,4,0,0,21,22,22,4,7,7,0,0,0,43,68,91,42.8,Matches,ESP-LALIGA,23-24
3f79a1c8,152,Gonzalo Escalante,ARG,MF,Cádiz,30,1993,18.9,2,1,0,31,14,2,5,26,24,0,0,0,91,31,30,50.8,Matches,ESP-LALIGA,23-24
67669ce7,153,Aarón Escandell,ESP,GK,Las Palmas,27,1995,1.7,0,1,0,0,0,0,0,0,0,0,0,0,5,0,0,,Matches,ESP-LALIGA,23-24
db001fa9,154,Alfonso Espino,URU,DF,Rayo Vallecano,31,1992,27.9,9,0,0,45,41,0,50,40,45,0,1,1,171,13,26,33.3,Matches,ESP-LALIGA,23-24
4242011c,155,Bernardo Espinosa,COL,DF,Girona,34,1989,0.0,0,0,0,0,1,0,0,0,1,0,0,0,1,1,1,50.0,Matches,ESP-LALIGA,23-24
f0f499ea,156,Karl Etta,CMR,FW,Cádiz,19,2004,0.2,0,0,0,1,0,1,0,0,1,0,0,0,0,0,1,0.0,Matches,ESP-LALIGA,23-24
bed68338,157,Abde Ezzalzouli,MAR,"FW,MF",Barcelona,21,2001,0.8,0,0,0,1,3,0,7,0,1,0,0,0,2,1,2,33.3,Matches,ESP-LALIGA,23-24
bed68338,158,Abde Ezzalzouli,MAR,FW,Betis,21,2001,9.6,1,0,0,9,16,4,33,5,14,0,0,0,44,23,23,50.0,Matches,ESP-LALIGA,23-24
66116290,159,Radamel Falcao,COL,"FW,DF",Rayo Vallecano,37,1986,4.5,4,0,0,15,10,6,1,3,5,0,0,0,20,14,24,36.8,Matches,ESP-LALIGA,23-24
72a84002,160,Fali,ESP,DF,Cádiz,29,1993,28.3,12,0,0,23,19,0,10,27,26,0,0,0,127,39,39,50.0,Matches,ESP-LALIGA,23-24
0ba976e4,161,Ansu Fati,ESP,"MF,FW",Barcelona,20,2002,0.6,0,0,0,0,4,1,0,0,0,0,0,0,2,1,1,50.0,Matches,ESP-LALIGA,23-24
1ccd3dae,162,Peter Federico,DOM,"MF,FW",Valencia,21,2002,7.2,1,0,0,11,11,1,18,7,3,1,0,0,27,10,10,50.0,Matches,ESP-LALIGA,23-24
bece776f,163,Nabil Fekir,FRA,"MF,FW",Betis,30,1993,11.7,1,0,0,22,35,8,56,7,10,0,0,0,42,10,11,47.6,Matches,ESP-LALIGA,23-24
15d0c248,164,Luiz Felipe,ITA,DF,Betis,26,1997,4.0,1,0,0,2,1,0,0,4,3,0,0,0,23,2,6,25.0,Matches,ESP-LALIGA,23-24
8aafd64f,165,João Félix,POR,FW,Barcelona,23,1999,17.1,3,0,0,21,54,9,17,10,16,0,0,0,68,8,8,50.0,Matches,ESP-LALIGA,23-24
e5d01ecf,166,Kiko Femenía,ESP,DF,Villarreal,32,1991,17.6,8,1,1,25,3,0,28,31,25,0,1,0,106,10,11,47.6,Matches,ESP-LALIGA,23-24
a01c3d54,167,Aitor Fernández,ESP,GK,Osasuna,32,1991,6.1,2,0,0,0,0,0,0,0,0,0,0,0,11,0,1,0.0,Matches,ESP-LALIGA,23-24
aa677a35,168,Álex Fernández,ESP,MF,Cádiz,30,1992,14.3,3,0,0,5,16,0,35,15,9,0,0,0,82,13,16,44.8,Matches,ESP-LALIGA,23-24
e08647d6,169,Carlos Fernández,ESP,FW,Real Sociedad,27,1996,4.5,3,0,0,15,3,2,1,0,7,0,1,0,18,16,17,48.5,Matches,ESP-LALIGA,23-24
6fb59070,170,Raúl Fernández,ESP,GK,Granada,35,1988,3.1,0,0,0,0,0,0,0,0,0,0,0,0,8,0,0,,Matches,ESP-LALIGA,23-24
4acd733a,171,Valery Fernández,ESP,"MF,FW",Girona,23,1999,5.6,1,0,0,6,13,3,13,1,9,0,0,0,30,2,3,40.0,Matches,ESP-LALIGA,23-24
dabb2827,172,Fernando,ESP,GK,Almería,33,1990,4.0,0,0,0,0,0,0,0,0,0,0,0,0,5,2,0,100.0,Matches,ESP-LALIGA,23-24
41f32541,173,Fernando,BRA,MF,Sevilla,36,1987,5.1,0,0,0,6,3,0,4,7,8,0,0,0,35,10,8,55.6,Matches,ESP-LALIGA,23-24
12c6cbef,174,André Ferreira,POR,GK,Granada,27,1996,14.9,1,0,0,2,2,0,0,0,0,0,2,0,18,7,1,87.5,Matches,ESP-LALIGA,23-24
ae9a9b2d,175,Rachad Fettal,MAR,FW,Almería,18,2005,0.2,0,0,0,1,0,0,0,0,1,0,0,0,1,1,0,100.0,Matches,ESP-LALIGA,23-24
82927de4,176,Pablo Fornals,ESP,"FW,MF",Betis,27,1996,12.8,2,0,0,13,14,4,51,22,16,0,0,0,72,11,9,55.0,Matches,ESP-LALIGA,23-24
2e31f3a6,177,Héctor Fort,ESP,DF,Barcelona,16,2006,3.5,0,0,0,8,1,1,6,2,5,0,0,0,16,0,3,0.0,Matches,ESP-LALIGA,23-24
45e17712,178,Dimitri Foulquier,FRA,"DF,MF",Valencia,30,1993,20.5,3,0,0,24,28,2,42,16,22,0,0,0,111,10,17,37.0,Matches,ESP-LALIGA,23-24
6c7762c3,179,Juan Foyth,ARG,DF,Villarreal,25,1998,11.8,1,0,0,18,7,0,18,12,15,0,0,0,58,26,16,61.9,Matches,ESP-LALIGA,23-24
38ce1150,180,Jorge de Frutos,ESP,"FW,MF",Rayo Vallecano,26,1997,17.2,1,0,0,15,25,4,53,7,8,0,0,0,81,14,18,43.8,Matches,ESP-LALIGA,23-24
82328faf,181,Daniel Fuzato,BRA,GK,Getafe,26,1997,0.1,0,0,0,0,0,0,0,0,0,0,0,0,1,0,0,,Matches,ESP-LALIGA,23-24
c235e803,182,Matteo Gabbia,ITA,DF,Villarreal,23,1999,5.3,2,0,0,9,3,0,0,8,6,0,0,0,20,17,5,77.3,Matches,ESP-LALIGA,23-24
a4b00319,183,Javi Galán,ESP,DF,Atlético Madrid,28,1994,1.0,1,0,0,1,4,0,6,1,4,0,0,0,7,3,1,75.0,Matches,ESP-LALIGA,23-24
a4b00319,184,Javi Galán,ESP,DF,Real Sociedad,28,1994,11.9,3,0,0,21,19,3,46,14,22,0,1,0,61,7,6,53.8,Matches,ESP-LALIGA,23-24
91f7631f,185,Iñigo Ruiz de Galarreta,ESP,MF,Athletic Club,29,1993,23.2,7,0,0,54,41,0,57,12,31,0,0,1,152,22,23,48.9,Matches,ESP-LALIGA,23-24
a10361d2,186,Aleix García,ESP,MF,Girona,26,1997,35.5,4,1,0,29,36,1,192,36,28,0,0,0,208,17,23,42.5,Matches,ESP-LALIGA,23-24
90bbd822,187,Álvaro García,ESP,"FW,MF",Rayo Vallecano,30,1992,27.5,8,1,1,25,23,25,121,36,25,1,0,0,111,14,27,34.1,Matches,ESP-LALIGA,23-24
240d3a0b,188,Dani García,ESP,MF,Athletic Club,33,1990,8.3,4,0,0,11,7,0,0,8,11,0,0,0,40,7,8,46.7,Matches,ESP-LALIGA,23-24
3e42f707,189,David García,ESP,DF,Osasuna,29,1994,25.9,5,0,0,33,13,1,2,18,18,0,1,0,129,93,35,72.7,Matches,ESP-LALIGA,23-24
2bed3eab,190,Eric García,ESP,DF,Barcelona,22,2001,0.6,1,0,0,1,0,0,0,0,0,0,0,0,3,1,0,100.0,Matches,ESP-LALIGA,23-24
2bed3eab,191,Eric García,ESP,DF,Girona,22,2001,29.3,4,0,0,24,26,3,10,30,37,1,0,0,128,49,37,57.0,Matches,ESP-LALIGA,23-24
7226539b,192,Fran Garcia,ESP,DF,Real Madrid,23,1999,15.5,2,0,0,10,15,10,60,19,17,0,0,0,104,7,15,31.8,Matches,ESP-LALIGA,23-24
8c4e56cb,193,Francisco Jesús Crespo García,ESP,FW,Las Palmas,27,1996,5.6,1,0,0,6,4,0,31,2,8,0,0,0,21,4,2,66.7,Matches,ESP-LALIGA,23-24
74c2d562,194,Gonzalo García,ESP,"FW,MF",Real Madrid,19,2004,0.2,0,0,0,0,1,0,0,0,0,0,0,0,1,0,0,,Matches,ESP-LALIGA,23-24
0302f7b4,195,Jastin García,ESP,FW,Girona,19,2004,0.4,0,0,0,0,2,0,1,0,0,0,0,0,1,0,0,,Matches,ESP-LALIGA,23-24
b418dbd4,196,Raúl García,ESP,"FW,MF",Athletic Club,37,1986,4.7,3,0,0,20,10,5,7,3,6,0,1,0,19,27,19,58.7,Matches,ESP-LALIGA,23-24
5c96b017,197,Rubén García,ESP,"FW,MF",Osasuna,30,1993,17.2,1,0,0,24,27,6,101,12,18,0,0,0,86,30,36,45.5,Matches,ESP-LALIGA,23-24
b4b4d0a6,198,Santiago García,ESP,FW,Getafe,21,2001,0.3,0,0,0,1,1,0,0,0,0,0,0,0,5,0,0,,Matches,ESP-LALIGA,23-24
4a633cfe,199,Unai García,ESP,DF,Osasuna,31,1992,6.2,6,1,1,9,1,0,5,8,9,0,0,0,21,4,7,36.4,Matches,ESP-LALIGA,23-24
20a65cdf,200,Yarek Gasiorowski,ESP,DF,Valencia,18,2005,8.2,1,0,0,11,2,0,6,15,12,0,0,1,15,15,4,78.9,Matches,ESP-LALIGA,23-24
86087757,201,Federico Gattoni,ARG,"DF,FW",Sevilla,24,1999,0.1,0,0,0,2,0,0,0,0,0,0,0,0,1,2,1,66.7,Matches,ESP-LALIGA,23-24
19cae58d,202,Gavi,ESP,"MF,FW",Barcelona,18,2004,10.5,5,0,0,31,23,4,8,8,21,0,0,0,44,13,26,33.3,Matches,ESP-LALIGA,23-24
63d17038,203,Paulo Gazzaniga,ARG,GK,Girona,31,1992,38.0,2,0,0,0,8,0,0,0,2,0,0,0,46,8,0,100.0,Matches,ESP-LALIGA,23-24
fea23125,204,David Gil,ESP,GK,Cádiz,29,1994,4.1,1,0,0,0,2,0,0,0,0,0,0,0,2,4,0,100.0,Matches,ESP-LALIGA,23-24
4c2e9442,205,Maxi Gómez,URU,FW,Cádiz,26,1996,12.9,2,0,0,20,32,13,20,3,4,0,0,0,15,71,69,50.7,Matches,ESP-LALIGA,23-24
5a626448,206,Moi Gómez,ESP,"MF,FW",Osasuna,29,1994,22.3,3,0,0,29,30,2,52,11,19,0,0,0,118,13,18,41.9,Matches,ESP-LALIGA,23-24
37db6cae,207,Unai Gómez,ESP,MF,Athletic Club,20,2003,9.7,1,0,0,11,20,0,21,2,10,0,0,0,45,13,15,46.4,Matches,ESP-LALIGA,23-24
49d028db,208,Édgar González,ESP,"DF,MF",Almería,26,1997,28.0,7,1,1,29,7,3,2,38,21,0,1,0,93,70,59,54.3,Matches,ESP-LALIGA,23-24
5418d47c,209,Fabio González,ESP,MF,Las Palmas,26,1997,1.4,1,0,0,1,1,0,2,0,2,0,0,0,13,1,2,33.3,Matches,ESP-LALIGA,23-24
1fc474ae,210,Giovanni González,URU,DF,Mallorca,28,1994,27.4,6,0,0,38,20,3,62,31,45,0,1,0,154,37,36,50.7,Matches,ESP-LALIGA,23-24
2cfb6e88,211,Hugo González,ESP,"MF,FW",Valencia,20,2003,1.0,0,0,0,3,2,2,9,0,1,0,0,0,8,0,4,0.0,Matches,ESP-LALIGA,23-24
63787ec5,212,Iñaki González,ESP,MF,Las Palmas,19,2004,0.1,0,0,0,0,0,0,0,0,0,0,0,0,0,0,0,,Matches,ESP-LALIGA,23-24
c4f5eb61,213,Urko González,ESP,MF,Real Sociedad,22,2001,1.7,1,0,0,1,2,0,0,1,1,0,0,0,13,5,4,55.6,Matches,ESP-LALIGA,23-24
6f5f82c0,214,Andoni Gorosabel,ESP,DF,Alavés,26,1996,31.7,6,0,0,29,41,0,81,28,42,1,1,0,164,25,57,30.5,Matches,ESP-LALIGA,23-24
f33b6ee6,215,Pablo Gozalbez,ESP,"MF,FW",Valencia,22,2001,1.1,0,0,0,6,2,1,1,1,0,0,0,0,6,1,5,16.7,Matches,ESP-LALIGA,23-24
58eee997,216,Mason Greenwood,ENG,"MF,FW",Getafe,21,2001,29.6,6,1,0,39,43,1,107,4,6,1,0,0,120,5,20,20.0,Matches,ESP-LALIGA,23-24
30061f53,217,Dominik Greif,SVK,GK,Mallorca,26,1997,1.0,0,0,0,0,0,0,0,0,0,0,0,0,1,0,0,,Matches,ESP-LALIGA,23-24
df69b544,218,Antoine Griezmann,FRA,"FW,MF",Atlético Madrid,32,1991,29.4,5,0,0,16,26,14,123,10,19,0,0,0,100,14,27,34.1,Matches,ESP-LALIGA,23-24
ab13a5aa,219,Vicente Guaita,ESP,GK,Celta Vigo,36,1987,26.7,2,0,0,1,5,0,0,0,1,0,1,1,21,11,1,91.7,Matches,ESP-LALIGA,23-24
ef322658,220,Andrés Guardado,MEX,MF,Betis,36,1986,5.0,2,0,0,10,3,0,11,6,12,0,0,0,37,4,7,36.4,Matches,ESP-LALIGA,23-24
32974271,221,Sergi Guardiola,ESP,"FW,MF",Cádiz,32,1991,5.5,1,0,0,18,22,3,17,0,7,0,0,0,27,5,10,33.3,Matches,ESP-LALIGA,23-24
0076ab7f,222,Nemanja Gudelj,SRB,"DF,MF",Sevilla,31,1991,19.4,7,0,0,30,11,0,3,27,24,0,0,0,85,41,21,66.1,Matches,ESP-LALIGA,23-24
e6bc67d7,223,Gonçalo Guedes,POR,"FW,MF",Villarreal,26,1996,10.6,0,0,0,5,16,3,27,2,4,0,0,0,29,2,10,16.7,Matches,ESP-LALIGA,23-24
3828f130,224,Javier Guerra,ESP,MF,Valencia,20,2003,27.8,3,1,0,40,30,2,24,18,24,0,0,0,177,25,32,43.9,Matches,ESP-LALIGA,23-24
8e48dc61,225,Ander Guevara,ESP,MF,Alavés,26,1997,32.6,7,0,0,48,30,0,8,13,32,1,0,0,218,45,41,52.3,Matches,ESP-LALIGA,23-24
f7c12fbf,226,Hugo Guillamón,ESP,MF,Valencia,23,2000,14.6,7,0,0,36,25,0,6,12,15,0,1,0,80,15,15,50.0,Matches,ESP-LALIGA,23-24
d3d774cc,227,Marc Guiu,ESP,"FW,MF",Barcelona,17,2006,0.8,1,0,0,1,2,1,0,0,0,0,0,0,1,1,3,25.0,Matches,ESP-LALIGA,23-24
3741ca58,228,Arda Güler,TUR,"FW,MF",Real Madrid,18,2005,4.2,1,0,0,11,8,1,13,2,4,1,0,0,21,0,0,,Matches,ESP-LALIGA,23-24
ac454a4f,229,Gerard Gumbau,ESP,MF,Granada,28,1994,29.7,12,0,0,62,26,0,150,25,34,0,0,0,126,23,24,48.9,Matches,ESP-LALIGA,23-24
819b3158,230,İlkay Gündoğan,GER,MF,Barcelona,32,1990,33.3,5,0,0,15,42,6,157,21,22,1,0,0,189,7,18,28.0,Matches,ESP-LALIGA,23-24
4c0a6a48,231,Jon Guridi,ESP,MF,Alavés,28,1995,29.8,2,0,0,21,30,2,21,22,24,0,0,0,131,45,47,48.9,Matches,ESP-LALIGA,23-24
6b5ea2f4,232,Gorka Guruzeta,ESP,FW,Athletic Club,26,1996,24.6,2,0,0,45,23,11,11,17,23,1,1,0,78,70,91,43.5,Matches,ESP-LALIGA,23-24
7e98cff1,233,Miguel Gutiérrez,ESP,DF,Girona,22,2001,33.7,4,0,0,27,26,6,97,22,18,0,2,0,203,22,18,55.0,Matches,ESP-LALIGA,23-24
8696bc90,234,Munir El Haddadi,MAR,FW,Las Palmas,27,1995,27.2,3,0,0,30,73,21,41,11,27,0,0,0,91,19,42,31.1,Matches,ESP-LALIGA,23-24
0127419a,235,Ianis Hagi,ROU,"MF,FW",Alavés,24,1998,8.9,3,0,0,13,19,1,54,5,12,0,0,0,33,13,11,54.2,Matches,ESP-LALIGA,23-24
8059806f,236,Luiz Henrique,BRA,FW,Betis,22,2001,6.8,1,0,0,7,15,0,24,5,11,0,0,0,29,15,14,51.7,Matches,ESP-LALIGA,23-24
555f3a0b,237,Mario Hermoso,ESP,DF,Atlético Madrid,28,1995,28.4,9,0,0,32,23,1,38,30,25,1,0,0,168,46,32,59.0,Matches,ESP-LALIGA,23-24
9a76c2e9,238,Javi Hernández,ESP,DF,Cádiz,25,1998,27.9,10,0,0,45,19,1,127,19,24,0,0,0,139,31,27,53.4,Matches,ESP-LALIGA,23-24
132ac341,239,Aridane Hernández,ESP,DF,Rayo Vallecano,34,1989,18.8,3,0,0,11,12,0,0,14,8,0,1,0,86,35,18,66.0,Matches,ESP-LALIGA,23-24
02d2c436,240,Luis Hernández,ESP,DF,Cádiz,34,1989,8.0,4,0,0,8,0,0,2,8,3,0,0,0,24,9,2,81.8,Matches,ESP-LALIGA,23-24
e19c989c,241,Jorge Herrando,ESP,DF,Osasuna,22,2001,18.3,4,0,0,26,10,0,0,15,19,0,0,0,49,26,25,51.0,Matches,ESP-LALIGA,23-24
436a9dd0,242,Ander Herrera,ESP,MF,Athletic Club,33,1989,11.4,4,0,0,21,11,0,13,15,32,0,0,0,76,14,24,36.8,Matches,ESP-LALIGA,23-24
f814e5d3,243,Cristian Herrera,ESP,"FW,MF",Las Palmas,32,1991,1.8,1,0,0,3,3,2,1,0,1,0,0,0,9,0,2,0.0,Matches,ESP-LALIGA,23-24
a4995f48,244,Sergio Herrera,ESP,GK,Osasuna,30,1993,31.9,2,0,0,0,7,0,0,0,2,0,0,0,26,10,0,100.0,Matches,ESP-LALIGA,23-24
5083a734,245,Yangel Herrera,VEN,MF,Girona,25,1998,23.4,9,0,0,65,62,2,29,24,37,1,0,0,125,61,44,58.1,Matches,ESP-LALIGA,23-24
3a18abe2,246,Juan Herzog,ESP,DF,Las Palmas,20,2003,3.2,1,0,0,1,1,0,0,2,5,0,0,0,13,4,3,57.1,Matches,ESP-LALIGA,23-24
b85bf253,247,Martin Hongla,CMR,"MF,DF",Granada,25,1998,6.2,0,0,0,7,1,0,2,6,3,0,0,0,37,3,12,20.0,Matches,ESP-LALIGA,23-24
e83e8928,248,Xabier Huarte Armendáriz,ESP,MF,Osasuna,22,2001,0.1,0,0,0,0,0,0,0,0,0,0,0,0,0,0,0,,Matches,ESP-LALIGA,23-24
3701906c,249,Pablo Ibáñez,ESP,MF,Osasuna,24,1998,12.8,5,0,0,26,16,2,12,9,9,1,0,0,74,36,38,48.6,Matches,ESP-LALIGA,23-24
974322dc,250,Iglesias,ESP,"DF,FW",Getafe,25,1998,15.7,4,0,0,16,10,1,58,16,22,0,0,0,71,12,10,54.5,Matches,ESP-LALIGA,23-24
75645f0e,251,Borja Iglesias,ESP,FW,Betis,30,1993,4.5,2,0,0,7,5,7,1,2,0,0,1,0,7,6,7,46.2,Matches,ESP-LALIGA,23-24
9e095d72,252,Imanol,ESP,DF,Athletic Club,23,2000,5.8,2,0,0,5,2,0,21,7,5,0,0,0,37,10,4,71.4,Matches,ESP-LALIGA,23-24
a0b4bb3e,253,Isco,ESP,MF,Betis,31,1992,25.8,10,0,0,31,79,3,152,10,27,0,0,0,129,16,39,29.1,Matches,ESP-LALIGA,23-24
9d33c71a,254,Diego Iturralde,ESP,DF,Sevilla,20,2003,0.4,0,0,0,1,0,0,0,0,0,0,0,0,1,0,0,,Matches,ESP-LALIGA,23-24
4737cebe,255,Adnan Januzaj,BEL,"FW,MF",Sevilla,28,1995,2.1,0,0,0,3,9,0,8,1,3,0,0,0,9,3,1,75.0,Matches,ESP-LALIGA,23-24
2f5c78ca,256,Mikel Jauregizar,ESP,MF,Athletic Club,19,2003,1.7,0,0,0,4,1,0,6,0,0,0,0,0,9,1,8,11.1,Matches,ESP-LALIGA,23-24
eeba07f8,257,Luis Javier Suárez,COL,FW,Almería,25,1997,10.2,3,0,0,18,18,4,7,0,5,0,0,0,17,10,33,23.3,Matches,ESP-LALIGA,23-24
d068118b,258,Salim El Jebari,MAR,MF,Atlético Madrid,19,2004,0.1,0,0,0,1,0,0,1,0,0,0,0,0,0,0,2,0.0,Matches,ESP-LALIGA,23-24
1bacc518,259,Frenkie de Jong,NED,MF,Barcelona,26,1997,18.2,7,0,0,19,22,1,25,14,26,0,0,0,117,23,17,57.5,Matches,ESP-LALIGA,23-24
2a0c8ba4,260,Joan Jordán,ESP,MF,Sevilla,29,1994,4.2,1,0,0,1,3,0,3,4,7,0,0,0,19,4,5,44.4,Matches,ESP-LALIGA,23-24
5556d20b,261,Jordi,ESP,"MF,DF",Getafe,22,2001,6.4,1,0,0,19,6,1,22,8,11,0,1,0,36,11,21,34.4,Matches,ESP-LALIGA,23-24
454d07c9,262,Jeremy Jorge,ESP,FW,Getafe,20,2003,0.0,0,0,0,0,0,1,0,0,0,0,0,0,0,0,0,,Matches,ESP-LALIGA,23-24
d87e2cae,263,Willian José,BRA,FW,Betis,31,1991,21.9,0,1,0,9,20,9,7,2,3,0,0,0,41,31,40,43.7,Matches,ESP-LALIGA,23-24
6265208f,264,Joselu,ESP,FW,Real Madrid,33,1990,18.7,1,0,0,10,14,18,6,6,3,0,0,0,36,41,34,54.7,Matches,ESP-LALIGA,23-24
bd4e3824,265,Kamil Jóźwiak,POL,MF,Granada,25,1998,6.3,2,0,0,13,12,2,6,2,10,0,0,0,34,14,15,48.3,Matches,ESP-LALIGA,23-24
84399660,266,Juanmi,ESP,FW,Cádiz,30,1993,9.7,3,0,0,24,11,13,2,6,4,0,0,0,39,8,25,24.2,Matches,ESP-LALIGA,23-24
1633fc8a,267,Juanpe,ESP,DF,Girona,32,1991,8.3,4,0,0,5,0,1,1,7,8,0,0,0,27,21,13,61.8,Matches,ESP-LALIGA,23-24
7111d552,268,Vinicius Júnior,BRA,FW,Real Madrid,23,2000,20.7,7,0,0,24,54,10,56,1,13,0,0,0,44,1,7,12.5,Matches,ESP-LALIGA,23-24
0107757e,269,Filip Jørgensen,DEN,GK,Villarreal,21,2002,36.0,4,0,0,2,5,0,0,2,1,0,1,0,40,11,0,100.0,Matches,ESP-LALIGA,23-24
d29202c2,270,Sory Kaba,GUI,FW,Las Palmas,28,1995,8.0,2,0,0,16,15,9,0,0,0,0,0,0,17,31,36,46.3,Matches,ESP-LALIGA,23-24
55634fb8,271,Kaiky,BRA,DF,Almería,19,2004,5.8,2,0,0,7,0,0,1,3,4,0,1,0,14,11,11,50.0,Matches,ESP-LALIGA,23-24
211589b8,272,Jon Karrikaburu,ESP,"MF,FW",Alavés,20,2002,0.2,0,0,0,1,0,1,0,0,0,0,0,0,2,0,0,,Matches,ESP-LALIGA,23-24
047759a0,273,Ibrahima Kebe,MLI,MF,Girona,22,2000,0.1,1,0,0,1,2,0,0,1,1,0,0,0,5,3,2,60.0,Matches,ESP-LALIGA,23-24
e897d8ba,274,Kiké,ESP,"FW,MF",Alavés,33,1989,15.8,3,0,0,25,36,7,10,1,4,2,0,0,52,50,63,44.2,Matches,ESP-LALIGA,23-24
55126f3b,275,Koke,ESP,MF,Atlético Madrid,31,1992,27.7,5,0,0,19,19,0,11,16,44,0,0,0,198,15,16,48.4,Matches,ESP-LALIGA,23-24
04bb2b06,276,Ibrahima Koné,MLI,FW,Almería,24,1999,3.1,0,0,0,3,4,6,2,0,0,0,0,0,7,9,10,47.4,Matches,ESP-LALIGA,23-24
86a2ba20,277,Rominigue Kouamé,MLI,MF,Cádiz,26,1996,9.1,2,0,0,11,9,1,1,13,9,0,0,0,60,19,13,59.4,Matches,ESP-LALIGA,23-24
4d1666ff,278,Jules Koundé,FRA,DF,Barcelona,24,1998,32.2,4,0,0,22,16,2,34,25,23,0,0,0,157,71,44,61.7,Matches,ESP-LALIGA,23-24
6ce1f46f,279,Toni Kroos,GER,MF,Real Madrid,33,1990,23.6,3,0,0,17,38,3,118,17,34,0,0,0,144,8,4,66.7,Matches,ESP-LALIGA,23-24
16aa3654,280,Takefusa Kubo,JPN,"FW,MF",Real Sociedad,22,2001,23.9,1,0,0,21,52,8,145,11,17,0,0,0,98,11,16,40.7,Matches,ESP-LALIGA,23-24
e9241b40,281,Luca de la Torre,USA,MF,Celta Vigo,25,1998,21.7,4,1,1,40,19,4,17,12,21,0,0,0,107,14,37,27.5,Matches,ESP-LALIGA,23-24
edd4e7a5,282,Yoel Lago,ESP,DF,Celta Vigo,19,2004,1.0,0,0,0,1,2,0,0,0,0,0,0,0,2,0,0,,Matches,ESP-LALIGA,23-24
abe66106,283,Érik Lamela,ARG,"FW,MF",Sevilla,31,1992,5.1,3,0,0,18,6,3,12,1,14,0,0,0,24,3,5,37.5,Matches,ESP-LALIGA,23-24
72947847,284,Bruno Langa,MOZ,DF,Almería,25,1997,9.1,1,1,0,4,12,0,16,4,12,0,0,0,37,2,6,25.0,Matches,ESP-LALIGA,23-24
e7af9060,285,Cyle Larin,CAN,FW,Mallorca,28,1995,20.3,8,0,0,27,34,31,7,3,8,0,1,0,42,83,102,44.9,Matches,ESP-LALIGA,23-24
2bea832e,286,Juanmi Latasa,ESP,FW,Getafe,22,2001,17.3,7,1,1,66,39,7,2,4,7,1,1,0,31,143,125,53.4,Matches,ESP-LALIGA,23-24
8e088e04,287,Toni Lato,ESP,DF,Mallorca,25,1997,17.2,3,0,0,19,18,2,49,17,23,1,0,0,83,10,19,34.5,Matches,ESP-LALIGA,23-24
86ff856b,288,Lázaro,BRA,"FW,MF",Almería,21,2002,3.2,0,0,0,3,7,2,12,1,1,0,0,0,13,4,11,26.7,Matches,ESP-LALIGA,23-24
9a64e67e,289,Robin Le Normand,ESP,DF,Real Sociedad,26,1996,27.4,13,0,0,33,23,1,1,28,22,0,1,1,111,110,60,64.7,Matches,ESP-LALIGA,23-24
6c4776b1,290,Jeremías Ledesma,ARG,GK,Cádiz,30,1993,33.9,0,0,0,1,5,0,0,0,1,0,0,0,54,6,3,66.7,Matches,ESP-LALIGA,23-24
6eaed4eb,291,Florian Lejeune,FRA,DF,Rayo Vallecano,32,1991,37.0,5,0,0,26,13,3,7,23,25,0,0,1,173,80,49,62.0,Matches,ESP-LALIGA,23-24
d633fd46,292,Stefan Lekovic,SRB,DF,Villarreal,19,2004,0.3,0,0,0,0,0,0,0,0,0,0,0,0,0,0,0,,Matches,ESP-LALIGA,23-24
59b7d823,293,Iñigo Lekue,ESP,DF,Athletic Club,30,1993,22.2,4,0,0,15,7,0,37,15,22,0,0,0,139,15,9,62.5,Matches,ESP-LALIGA,23-24
4dbd0916,294,Thomas Lemar,FRA,MF,Atlético Madrid,27,1995,1.8,0,0,0,3,2,0,6,0,1,0,0,0,5,0,2,0.0,Matches,ESP-LALIGA,23-24
31d45cc8,295,Álvaro Lemos,ESP,DF,Las Palmas,30,1993,2.8,1,0,0,2,3,1,5,2,1,0,0,0,10,5,2,71.4,Matches,ESP-LALIGA,23-24
755da865,296,Ruben Lendinez,ESP,DF,Valencia,20,2003,0.1,0,0,0,0,0,0,0,0,2,0,0,0,1,0,0,,Matches,ESP-LALIGA,23-24
8d78e732,297,Robert Lewandowski,POL,FW,Barcelona,34,1988,30.6,5,0,0,23,55,24,18,9,5,1,0,0,56,51,49,51.0,Matches,ESP-LALIGA,23-24
2a295d33,298,Samuel Lino,BRA,"DF,MF",Atlético Madrid,23,1999,23.1,1,0,0,26,56,9,41,14,34,1,0,0,144,9,17,34.6,Matches,ESP-LALIGA,23-24
38b0cf42,299,Javier Llabrés,ESP,"MF,FW",Mallorca,20,2002,2.7,1,0,0,5,1,0,20,3,1,0,0,0,15,2,3,40.0,Matches,ESP-LALIGA,23-24
02c15616,300,Marcos Llorente,ESP,"MF,DF",Atlético Madrid,28,1995,28.5,5,0,0,31,27,19,70,14,23,0,0,0,115,16,32,33.3,Matches,ESP-LALIGA,23-24
6bca20fe,301,Enzo Loiodice,FRA,MF,Las Palmas,22,2000,19.9,2,0,0,32,38,1,23,12,35,0,0,0,123,27,27,50.0,Matches,ESP-LALIGA,23-24
f03f284b,302,David López,ESP,DF,Girona,33,1989,21.8,4,0,0,17,15,1,0,20,20,0,1,0,121,32,38,45.7,Matches,ESP-LALIGA,23-24
c487901c,303,Diego López,ESP,"MF,FW",Valencia,21,2002,29.5,2,0,0,26,31,8,65,20,25,1,0,0,121,40,56,41.7,Matches,ESP-LALIGA,23-24
c1fe5f0b,304,Fermin López,ESP,"MF,FW",Barcelona,20,2003,16.1,2,0,0,43,17,10,17,4,21,0,0,0,70,8,23,25.8,Matches,ESP-LALIGA,23-24
e9ada8cf,305,Javi López,ESP,DF,Alavés,21,2002,26.5,3,0,0,25,29,1,105,10,12,0,1,0,123,28,22,56.0,Matches,ESP-LALIGA,23-24
88050721,306,Unai López,ESP,MF,Rayo Vallecano,27,1995,23.4,8,0,0,60,22,3,73,16,24,0,0,0,160,16,19,45.7,Matches,ESP-LALIGA,23-24
64c14d49,307,Dion Lopy,SEN,MF,Almería,21,2002,21.3,5,0,0,30,40,0,7,15,37,0,0,0,149,31,12,72.1,Matches,ESP-LALIGA,23-24
38699c72,308,Anthony Lozano,HON,"MF,FW",Getafe,30,1993,1.0,1,0,0,6,1,1,1,0,0,0,0,0,2,7,7,50.0,Matches,ESP-LALIGA,23-24
38699c72,309,Anthony Lozano,HON,FW,Almería,30,1993,8.6,1,0,0,22,20,5,4,2,5,1,0,0,20,21,44,32.3,Matches,ESP-LALIGA,23-24
5d68f5b2,310,Lucas,BRA,DF,Cádiz,22,2001,17.1,6,0,0,12,6,2,72,17,27,0,0,0,92,11,23,32.4,Matches,ESP-LALIGA,23-24
b05e2dbd,311,José Luis Gayà,ESP,DF,Valencia,28,1995,19.9,2,0,0,24,12,1,82,11,36,0,0,0,112,11,9,55.0,Matches,ESP-LALIGA,23-24
4a478107,312,José Luis Morales,ESP,"FW,MF",Villarreal,36,1987,11.6,0,0,0,3,4,13,10,7,3,0,0,0,38,2,12,14.3,Matches,ESP-LALIGA,23-24
0c61c77c,313,Dodi Lukebakio,BEL,"FW,MF",Sevilla,25,1997,12.5,0,0,0,24,22,4,36,2,2,0,1,0,33,12,13,48.0,Matches,ESP-LALIGA,23-24
3061e1ec,314,Andriy Lunin,UKR,GK,Real Madrid,24,1999,21.0,2,0,0,0,3,0,0,0,0,0,0,0,17,8,0,100.0,Matches,ESP-LALIGA,23-24
ed6ea4d9,315,Darwin Machís,VEN,MF,Cádiz,30,1993,8.7,0,1,0,12,14,2,64,4,14,0,0,0,53,3,10,23.1,Matches,ESP-LALIGA,23-24
5db04597,316,Pablo Maffeo,ESP,DF,Mallorca,26,1997,16.2,3,1,0,22,20,4,67,10,22,0,0,0,81,33,25,56.9,Matches,ESP-LALIGA,23-24
d4808594,317,Jon Magunacelaya,ESP,"FW,MF",Real Sociedad,23,2000,1.3,0,0,0,2,3,0,3,0,3,0,0,0,7,1,4,20.0,Matches,ESP-LALIGA,23-24
00b28772,318,Nemanja Maksimović,SRB,MF,Getafe,28,1995,36.3,4,0,0,20,13,1,5,46,43,0,1,0,140,70,61,53.4,Matches,ESP-LALIGA,23-24
d4b73232,319,Giorgi Mamardashvili,GEO,GK,Valencia,22,2000,36.5,3,1,0,3,4,0,0,2,3,0,1,0,34,9,1,90.0,Matches,ESP-LALIGA,23-24
e27fdbca,320,Wilson Manafá,POR,"DF,MF",Granada,29,1994,2.7,1,0,0,3,0,0,8,1,4,0,0,0,20,2,2,50.0,Matches,ESP-LALIGA,23-24
c20bdcd7,321,Reinildo Mandava,MOZ,DF,Atlético Madrid,29,1994,8.1,2,0,0,14,8,0,6,15,22,0,0,0,53,12,10,54.5,Matches,ESP-LALIGA,23-24
fbd6378b,322,Aïssa Mandi,ALG,DF,Villarreal,31,1991,12.4,3,0,0,7,5,0,0,8,8,0,1,0,49,12,11,52.2,Matches,ESP-LALIGA,23-24
758dd7f0,323,Javier Manquillo,ESP,"DF,MF",Celta Vigo,29,1994,8.3,3,0,0,14,4,0,5,3,11,0,0,0,30,13,10,56.5,Matches,ESP-LALIGA,23-24
e54a9890,324,Faitout Maouassa,FRA,"DF,MF",Granada,25,1998,2.5,0,0,0,3,3,0,20,1,5,0,0,0,11,3,1,75.0,Matches,ESP-LALIGA,23-24
133faa84,325,Marcão,BRA,DF,Sevilla,27,1996,3.9,2,0,0,5,6,0,0,4,6,0,0,0,18,5,3,62.5,Matches,ESP-LALIGA,23-24
9f323c71,326,Óscar de Marcos,ESP,DF,Athletic Club,34,1989,25.1,5,0,0,22,12,5,121,15,39,0,0,0,124,13,16,44.8,Matches,ESP-LALIGA,23-24
44330c36,327,Alberto Marí,ESP,FW,Valencia,22,2001,3.1,0,0,0,10,6,2,2,0,2,1,0,0,10,8,20,28.6,Matches,ESP-LALIGA,23-24
6f4c734d,328,José Mari,ESP,"MF,FW",Cádiz,35,1987,0.2,1,0,0,1,1,0,0,0,1,0,0,0,3,0,0,,Matches,ESP-LALIGA,23-24
f0da930c,329,José María Giménez,URU,DF,Atlético Madrid,28,1995,14.7,5,0,0,17,2,0,1,10,10,0,0,0,49,31,18,63.3,Matches,ESP-LALIGA,23-24
5c4dc0ff,330,Mariano,DOM,"FW,MF",Sevilla,29,1993,2.7,1,0,0,8,1,3,1,0,1,1,0,0,8,9,9,50.0,Matches,ESP-LALIGA,23-24
3239a8ed,331,Rafa Marín,ESP,DF,Alavés,21,2002,27.1,6,0,0,28,16,0,1,33,20,0,0,1,117,56,43,56.6,Matches,ESP-LALIGA,23-24
d9235a45,332,Diego Mariño,ESP,GK,Almería,33,1990,1.0,0,0,0,0,0,0,0,0,0,0,0,0,1,0,0,,Matches,ESP-LALIGA,23-24
e7630876,333,Mika Màrmol,ESP,DF,Las Palmas,21,2002,35.3,6,1,1,23,34,3,5,44,42,0,3,1,187,31,34,47.7,Matches,ESP-LALIGA,23-24
f0fe87dc,334,Unai Marrero,ESP,GK,Real Sociedad,21,2001,1.6,0,0,0,0,0,0,0,0,0,0,0,0,3,0,0,,Matches,ESP-LALIGA,23-24
0ae4e09a,335,Roger Martí,ESP,FW,Cádiz,32,1991,15.1,3,0,0,34,28,9,9,7,6,0,0,0,58,17,34,33.3,Matches,ESP-LALIGA,23-24
ae48c5cb,336,Iván Martín,ESP,MF,Girona,24,1999,30.3,5,0,0,27,34,4,10,21,25,0,1,0,146,8,24,25.0,Matches,ESP-LALIGA,23-24
df33ecb5,337,Jon Martin,ESP,DF,Real Sociedad,17,2006,0.3,0,0,0,0,0,0,0,0,0,0,0,0,0,1,0,100.0,Matches,ESP-LALIGA,23-24
a9aff11a,338,Mario Martín,ESP,MF,Real Madrid,19,2004,0.2,0,0,0,1,1,0,0,0,1,0,0,0,2,0,0,,Matches,ESP-LALIGA,23-24
c3e66ffe,339,Arnau Martinez,ESP,DF,Girona,20,2003,13.8,5,0,0,14,22,1,7,10,16,0,0,0,65,10,13,43.5,Matches,ESP-LALIGA,23-24
3fc45c73,340,Iñigo Martínez,ESP,DF,Barcelona,32,1991,14.4,5,0,0,10,11,1,3,11,7,0,0,0,69,33,27,55.0,Matches,ESP-LALIGA,23-24
3496ff67,341,Marc Martínez,ESP,GK,Granada,33,1990,3.0,0,0,0,0,0,0,0,0,0,0,0,0,8,0,0,,Matches,ESP-LALIGA,23-24
efaefda0,342,Marvin,ESP,"FW,DF",Las Palmas,23,2000,20.6,5,0,0,39,26,4,91,14,25,0,1,0,101,15,40,27.3,Matches,ESP-LALIGA,23-24
11fd2b75,343,Omar Mascarell,EQG,MF,Mallorca,30,1993,17.5,8,1,1,31,14,0,4,31,16,0,0,1,103,30,24,55.6,Matches,ESP-LALIGA,23-24
02319ad7,344,Jaime Mata,ESP,"FW,MF",Getafe,34,1988,19.9,10,1,1,63,25,31,39,17,15,0,0,0,58,49,65,43.0,Matches,ESP-LALIGA,23-24
3318286e,345,Luís Maximiano,POR,GK,Almería,24,1999,33.0,1,0,0,1,3,0,0,0,0,0,1,0,42,4,0,100.0,Matches,ESP-LALIGA,23-24
64e8ed6d,346,Borja Mayoral,ESP,FW,Getafe,26,1997,23.9,2,0,0,31,32,14,22,4,5,1,0,0,69,48,71,40.3,Matches,ESP-LALIGA,23-24
8aae94b9,347,Mamadou Mbaye,SEN,DF,Cádiz,25,1998,3.2,2,0,0,6,0,0,0,5,3,0,1,0,10,9,5,64.3,Matches,ESP-LALIGA,23-24
ca22ccb0,348,Hannibal Mejbri,TUN,MF,Sevilla,20,2003,1.2,2,0,0,4,4,0,2,0,3,0,0,0,6,0,1,0.0,Matches,ESP-LALIGA,23-24
379652be,349,Óscar Melendo,ESP,"MF,FW",Granada,25,1997,12.5,2,0,0,12,37,1,9,5,6,0,1,0,56,6,16,27.3,Matches,ESP-LALIGA,23-24
3902e91b,350,Gonzalo Melero,ESP,"MF,FW",Almería,29,1994,12.3,3,0,0,21,17,1,4,4,8,0,0,0,41,19,22,46.3,Matches,ESP-LALIGA,23-24
8f696594,351,Memphis,NED,FW,Atlético Madrid,29,1994,9.9,2,0,0,14,16,8,12,1,2,0,0,0,26,4,12,25.0,Matches,ESP-LALIGA,23-24
1545cf15,352,Houboulang Mendes,GNB,DF,Almería,25,1998,4.4,0,0,0,6,10,1,4,1,13,0,0,0,23,7,5,58.3,Matches,ESP-LALIGA,23-24
45f771db,353,Tomás Mendes,ESP,MF,Alavés,18,2004,0.1,0,0,0,0,0,0,0,0,0,0,0,0,2,0,0,,Matches,ESP-LALIGA,23-24
c9e39d91,354,Brais Méndez,ESP,"MF,FW",Real Sociedad,26,1997,26.8,7,0,0,58,56,3,104,12,28,1,0,0,121,25,34,42.4,Matches,ESP-LALIGA,23-24
66017b9d,355,Bruno Méndez,URU,DF,Granada,23,1999,14.8,4,0,0,14,0,0,8,26,17,0,0,0,65,20,17,54.1,Matches,ESP-LALIGA,23-24
b151a3f2,356,Diego Méndez,ESP,MF,Rayo Vallecano,19,2003,0.1,0,0,0,1,0,0,0,1,1,0,0,0,1,1,0,100.0,Matches,ESP-LALIGA,23-24
3cefcaef,357,Ferland Mendy,FRA,DF,Real Madrid,28,1995,19.1,5,0,0,17,15,0,5,13,10,0,0,0,97,6,5,54.5,Matches,ESP-LALIGA,23-24
9f979eb2,358,Jorge Meré,ESP,DF,Cádiz,26,1997,7.5,0,0,0,1,4,0,1,8,7,0,0,0,38,8,11,42.1,Matches,ESP-LALIGA,23-24
d080ed5e,359,Mikel Merino,ESP,MF,Real Sociedad,27,1996,27.6,10,0,0,70,61,6,19,16,43,0,1,0,197,164,107,60.5,Matches,ESP-LALIGA,23-24
bdc14559,360,Omenuke Mfulu,COD,"MF,FW",Las Palmas,29,1994,0.9,1,0,0,0,2,0,0,2,3,0,0,0,7,3,4,42.9,Matches,ESP-LALIGA,23-24
6763373d,361,Miguel,ESP,"FW,MF",Alavés,23,1999,0.7,0,0,0,2,3,0,0,0,0,0,0,0,3,1,2,33.3,Matches,ESP-LALIGA,23-24
2784f898,362,Éder Militão,BRA,DF,Real Madrid,25,1998,5.5,0,0,0,5,5,2,1,4,3,0,0,0,19,11,13,45.8,Matches,ESP-LALIGA,23-24
19c36442,363,Luis Milla,ESP,MF,Getafe,28,1994,23.5,6,0,0,43,29,1,102,32,33,0,0,0,174,28,25,52.8,Matches,ESP-LALIGA,23-24
1fda2b14,364,Marko Milovanović,SRB,"FW,MF",Almería,19,2003,3.4,0,0,0,15,6,4,1,0,4,0,0,0,9,13,23,36.1,Matches,ESP-LALIGA,23-24
056269d7,365,Óscar Mingueza,ESP,"DF,MF",Celta Vigo,24,1999,33.3,4,0,0,21,44,1,148,17,38,0,1,0,164,16,18,47.1,Matches,ESP-LALIGA,23-24
174f09a6,366,Ignasi Miquel,ESP,DF,Granada,30,1992,33.2,5,0,0,32,26,0,3,45,30,0,0,0,136,56,55,50.5,Matches,ESP-LALIGA,23-24
bbf5c11b,367,Rafa Mir,ESP,"FW,MF",Sevilla,26,1997,4.3,1,0,0,9,5,3,2,1,2,0,0,0,12,12,19,38.7,Matches,ESP-LALIGA,23-24
ead61f73,368,Juan Miranda,ESP,DF,Betis,23,2000,20.6,8,0,0,21,34,3,62,19,24,0,1,0,83,26,27,49.1,Matches,ESP-LALIGA,23-24
e6777e6b,369,Stefan Mitrović,SRB,DF,Getafe,33,1990,7.8,3,0,0,13,2,0,0,6,3,0,1,0,27,11,20,35.5,Matches,ESP-LALIGA,23-24
6025fab1,370,Luka Modrić,CRO,MF,Real Madrid,37,1985,18.8,2,0,0,19,21,2,90,21,15,0,0,0,92,8,8,50.0,Matches,ESP-LALIGA,23-24
608f2092,371,Johan Mojica,COL,DF,Osasuna,30,1992,22.7,1,0,0,22,18,0,116,21,22,0,0,0,168,15,14,51.7,Matches,ESP-LALIGA,23-24
c2c8897d,372,Alberto Moleiro,ESP,"FW,MF",Las Palmas,19,2003,20.0,1,0,0,17,18,2,27,7,6,1,0,0,67,1,16,5.9,Matches,ESP-LALIGA,23-24
23610943,373,Nahuel Molina,ARG,DF,Atlético Madrid,25,1998,20.6,4,1,0,20,17,7,87,9,22,0,0,0,122,7,11,38.9,Matches,ESP-LALIGA,23-24
9939e168,374,Jon Moncayola,ESP,MF,Osasuna,25,1998,20.0,2,1,0,24,8,0,90,15,18,0,0,0,98,16,14,53.3,Matches,ESP-LALIGA,23-24
28e957d7,375,César Montes,MEX,DF,Almería,26,1997,19.9,5,0,0,22,11,2,3,11,13,0,0,0,64,59,24,71.1,Matches,ESP-LALIGA,23-24
129af0db,376,Álvaro Morata,ESP,FW,Atlético Madrid,30,1992,21.2,4,1,1,33,35,33,10,1,10,2,0,0,54,44,32,57.9,Matches,ESP-LALIGA,23-24
11b9265b,377,Alberto Moreno,ESP,DF,Villarreal,31,1992,16.5,5,2,2,24,14,5,49,24,21,1,0,0,76,10,13,43.5,Matches,ESP-LALIGA,23-24
81f0781e,378,Gerard Moreno,ESP,FW,Villarreal,31,1992,24.6,0,0,0,22,38,17,27,9,12,0,0,0,87,27,28,49.1,Matches,ESP-LALIGA,23-24
1f875ef8,379,Jorge Moreno,ESP,DF,Osasuna,22,2001,0.2,0,0,0,0,0,0,1,0,0,0,0,0,1,1,1,50.0,Matches,ESP-LALIGA,23-24
f4c69aa6,380,Ilaix Moriba,GUI,"MF,FW",Getafe,20,2003,6.7,5,1,1,19,23,1,2,4,11,0,0,0,22,10,14,41.7,Matches,ESP-LALIGA,23-24
a0255c67,381,Manu Morlanes,ESP,MF,Mallorca,24,1999,17.9,2,0,0,15,24,0,17,20,29,0,0,0,125,17,13,56.7,Matches,ESP-LALIGA,23-24
dc1ce4f5,382,Cristhian Mosquera,ESP,DF,Valencia,19,2004,34.2,2,0,0,25,28,0,1,36,34,0,1,0,147,52,66,44.1,Matches,ESP-LALIGA,23-24
1e159d70,383,Yerson Mosquera,COL,DF,Villarreal,22,2001,13.7,4,0,0,14,27,0,7,17,13,0,0,0,72,26,8,76.5,Matches,ESP-LALIGA,23-24
5487adcd,384,Abdul Mumin,GHA,DF,Rayo Vallecano,25,1998,18.8,5,1,0,15,16,0,2,22,10,0,0,0,79,39,31,55.7,Matches,ESP-LALIGA,23-24
c05dfb74,385,Iker Muniain,ESP,"MF,FW",Athletic Club,30,1992,6.6,1,0,0,5,11,0,31,0,1,0,0,0,27,1,10,9.1,Matches,ESP-LALIGA,23-24
228b0d9d,386,Aihen Muñoz,ESP,DF,Real Sociedad,25,1997,12.5,2,0,0,17,8,0,29,9,21,0,0,0,66,23,17,57.5,Matches,ESP-LALIGA,23-24
49a6ecbb,387,Álvaro Muñoz,URU,FW,Real Madrid,19,2004,0.0,0,0,0,0,0,0,0,0,0,0,0,0,1,0,0,,Matches,ESP-LALIGA,23-24
175ece4c,388,Iker Muñoz,ESP,MF,Osasuna,20,2002,20.6,5,0,0,37,55,0,13,11,18,0,0,0,100,56,37,60.2,Matches,ESP-LALIGA,23-24
ec7c84c2,389,Javier Muñoz,ESP,MF,Las Palmas,28,1995,29.3,6,0,0,36,16,2,47,20,23,0,1,0,114,6,19,24.0,Matches,ESP-LALIGA,23-24
0cadc46d,390,Vedat Muriqi,KVX,FW,Mallorca,29,1994,25.9,5,0,0,40,43,31,11,6,6,0,0,0,75,142,127,52.8,Matches,ESP-LALIGA,23-24
2946f9a1,391,Nacho,ESP,DF,Real Madrid,33,1990,19.4,4,2,0,21,13,2,3,18,10,0,0,0,82,27,18,60.0,Matches,ESP-LALIGA,23-24
f35430a4,392,Matija Nastasić,SRB,DF,Mallorca,30,1993,25.1,8,0,0,33,7,2,5,29,17,0,0,0,91,44,27,62.0,Matches,ESP-LALIGA,23-24
c997b942,393,Roberto Navarro,ESP,"MF,FW",Cádiz,21,2002,21.0,0,1,0,15,27,4,96,19,29,0,0,0,125,12,19,38.7,Matches,ESP-LALIGA,23-24
3f10bd22,394,Jesús Navas,ESP,DF,Sevilla,37,1985,22.3,6,1,0,12,12,1,143,22,27,0,1,0,99,10,14,41.7,Matches,ESP-LALIGA,23-24
63b0ca6b,395,Álvaro Negredo,ESP,"FW,MF",Cádiz,37,1985,0.6,0,0,0,0,2,3,2,1,0,0,0,0,2,3,1,75.0,Matches,ESP-LALIGA,23-24
8d47bb39,396,Carlos Neva,ESP,DF,Granada,27,1996,35.0,4,0,0,22,44,0,83,30,21,0,0,0,135,27,31,46.6,Matches,ESP-LALIGA,23-24
5853ac44,397,Tanguy Nianzou,FRA,DF,Sevilla,21,2002,3.5,3,0,0,6,4,0,0,3,8,0,0,0,18,4,5,44.4,Matches,ESP-LALIGA,23-24
c14bc029,398,Saúl Ñíguez,ESP,MF,Atlético Madrid,28,1994,15.3,10,1,1,41,14,2,16,14,39,0,0,0,72,47,32,59.5,Matches,ESP-LALIGA,23-24
857cb4f3,399,Peru Nolaskoain,ESP,"DF,MF",Athletic Club,24,1998,0.1,0,0,0,0,0,0,0,0,1,0,0,0,1,2,0,100.0,Matches,ESP-LALIGA,23-24
a6103274,400,Randy Nteka,ANG,"FW,MF",Rayo Vallecano,25,1997,6.4,3,0,0,19,14,6,3,2,4,1,0,0,23,27,24,52.9,Matches,ESP-LALIGA,23-24
be170419,401,Unai Núñez,ESP,DF,Celta Vigo,26,1997,31.1,4,0,0,37,24,0,1,52,28,1,0,0,206,89,57,61.0,Matches,ESP-LALIGA,23-24
bdedffac,402,Ørjan Nyland,NOR,GK,Sevilla,32,1990,24.0,1,0,0,0,2,0,0,0,0,0,0,0,28,10,0,100.0,Matches,ESP-LALIGA,23-24
ee8508c0,403,Jan Oblak,SVN,GK,Atlético Madrid,30,1993,38.0,1,0,0,0,2,0,0,0,0,0,0,0,29,8,0,100.0,Matches,ESP-LALIGA,23-24
2e3995cd,404,Brian Ocampo,URU,"MF,FW",Cádiz,24,1999,2.8,2,0,0,9,9,0,19,3,3,0,0,0,23,4,3,57.1,Matches,ESP-LALIGA,23-24
a08b974a,405,Lucas Ocampos,ARG,"FW,MF",Sevilla,29,1994,31.9,8,0,0,32,71,8,120,21,47,0,0,0,161,63,56,52.9,Matches,ESP-LALIGA,23-24
1d1691ad,406,Álvaro Odriozola,ESP,DF,Real Sociedad,27,1995,4.4,0,0,0,7,4,1,10,8,7,0,1,0,13,1,8,11.1,Matches,ESP-LALIGA,23-24
b7e92b0e,407,Aingeru Olabarrieta,ESP,FW,Athletic Club,17,2005,0.1,0,0,0,0,0,0,2,0,0,0,0,0,0,0,0,,Matches,ESP-LALIGA,23-24
3d99999d,408,Olasagasti,ESP,MF,Real Sociedad,22,2000,4.0,3,0,0,7,7,1,1,3,13,0,0,0,36,6,10,37.5,Matches,ESP-LALIGA,23-24
dc44b03c,409,Samu Omorodion,ESP,FW,Alavés,19,2004,21.3,6,0,0,30,30,16,2,1,3,1,0,0,46,59,89,39.9,Matches,ESP-LALIGA,23-24
dc44b03c,410,Samu Omorodion,ESP,FW,Granada,19,2004,0.9,0,0,0,1,3,0,0,0,1,0,0,0,2,2,5,28.6,Matches,ESP-LALIGA,23-24
7c363088,411,Aimar Oroz,ESP,MF,Osasuna,21,2001,26.0,3,0,0,39,46,2,11,16,26,0,0,0,144,19,39,32.8,Matches,ESP-LALIGA,23-24
dc5ea86b,412,Eneko Ortiz,ESP,DF,Alavés,20,2003,0.2,0,0,0,0,0,0,1,0,0,0,0,0,0,0,0,,Matches,ESP-LALIGA,23-24
e87c44a9,413,Asier Osambela,ESP,MF,Osasuna,19,2004,0.1,0,0,0,1,0,0,0,0,1,0,0,0,1,2,2,50.0,Matches,ESP-LALIGA,23-24
375ed9d7,414,Milutin Osmajić,MNE,MF,Cádiz,24,1999,0.1,0,0,0,0,0,0,0,0,0,0,0,0,0,1,0,100.0,Matches,ESP-LALIGA,23-24
2973a975,415,Aiham Ousou,SYR,DF,Cádiz,23,2000,4.8,0,0,0,4,6,0,0,7,5,0,0,0,26,8,7,53.3,Matches,ESP-LALIGA,23-24
d6e3d7fb,416,Jesús Owono,EQG,GK,Alavés,22,2001,4.0,1,0,0,0,0,0,0,0,0,0,0,0,11,2,0,100.0,Matches,ESP-LALIGA,23-24
8c3c640c,417,Mikel Oyarzabal,ESP,"FW,MF",Real Sociedad,26,1997,24.0,3,0,0,20,20,19,10,4,18,0,0,0,69,26,51,33.8,Matches,ESP-LALIGA,23-24
9a93efc9,418,Cenk Özkacar,TUR,DF,Valencia,22,2000,17.8,3,0,0,13,8,1,6,18,15,0,1,1,70,31,31,50.0,Matches,ESP-LALIGA,23-24
44150beb,419,Jon Pacheco,ESP,DF,Real Sociedad,22,2001,17.0,8,0,0,29,1,1,1,10,15,0,0,0,49,57,33,63.3,Matches,ESP-LALIGA,23-24
49dbab27,420,Isaac Palazón Camacho,ESP,"MF,FW",Rayo Vallecano,28,1994,31.0,8,0,0,32,76,10,131,16,25,0,0,0,156,40,69,36.7,Matches,ESP-LALIGA,23-24
ae14af56,421,Joaquín Panichelli,ARG,"FW,MF",Alavés,20,2002,2.5,0,0,0,8,4,1,0,1,3,0,0,0,10,17,5,77.3,Matches,ESP-LALIGA,23-24
b682dcf6,422,Sokratis Papastathopoulos,GRE,DF,Betis,35,1988,12.6,6,0,0,13,6,0,0,6,14,0,0,1,51,25,18,58.1,Matches,ESP-LALIGA,23-24
8ca358c5,423,Victor Parada,ESP,"FW,MF",Alavés,21,2002,0.0,0,0,0,0,0,0,0,0,1,0,0,0,0,0,0,,Matches,ESP-LALIGA,23-24
b906757a,424,Aitor Paredes,ESP,DF,Athletic Club,23,2000,30.0,9,1,1,37,11,0,1,33,11,0,0,0,137,60,37,61.9,Matches,ESP-LALIGA,23-24
7460ca0d,425,Daniel Parejo,ESP,MF,Villarreal,34,1989,28.7,4,0,0,18,51,0,57,21,30,0,0,0,173,24,10,70.6,Matches,ESP-LALIGA,23-24
a2d9cf74,426,Pascu,ESP,FW,Villarreal,20,2003,0.2,0,0,0,0,0,0,0,0,0,0,0,0,1,0,1,0.0,Matches,ESP-LALIGA,23-24
b7ca5c51,427,Gabriel Paulista,BRA,DF,Atlético Madrid,32,1990,4.5,1,0,0,4,0,0,0,4,5,0,0,0,19,13,6,68.4,Matches,ESP-LALIGA,23-24
b7ca5c51,428,Gabriel Paulista,BRA,DF,Valencia,32,1990,15.5,6,1,1,11,4,0,0,24,7,0,0,0,70,29,19,60.4,Matches,ESP-LALIGA,23-24
01bb93d5,429,Nicolás Paz,ARG,"MF,FW",Real Madrid,18,2004,0.3,0,0,0,1,0,0,1,1,0,0,0,0,2,1,0,100.0,Matches,ESP-LALIGA,23-24
63f04c6c,430,Alfonso Pedraza,ESP,DF,Villarreal,27,1996,12.4,4,1,0,14,17,4,58,13,9,0,0,0,54,6,8,42.9,Matches,ESP-LALIGA,23-24
0d9b2d31,431,Pedri,ESP,"MF,FW",Barcelona,20,2002,16.4,3,0,0,11,22,1,9,14,24,0,0,0,82,3,5,37.5,Matches,ESP-LALIGA,23-24
112521d1,432,Adrià Pedrosa,ESP,DF,Sevilla,25,1998,19.5,1,0,0,6,32,2,111,15,26,0,0,0,102,10,21,32.3,Matches,ESP-LALIGA,23-24
ac7e7b1c,433,Facundo Pellistri,URU,"MF,FW",Granada,21,2001,13.7,2,1,1,22,21,5,30,4,19,1,0,0,57,9,22,29.0,Matches,ESP-LALIGA,23-24
cc1c5035,434,Iñaki Peña,ESP,GK,Barcelona,24,1999,10.0,0,0,0,0,1,0,0,0,0,0,0,0,12,4,0,100.0,Matches,ESP-LALIGA,23-24
736c14ec,435,Marcos Peña,ESP,MF,Almería,18,2005,4.9,3,0,0,8,4,0,0,13,14,0,0,0,26,3,4,42.9,Matches,ESP-LALIGA,23-24
1f079188,436,Rubén Peña,ESP,"DF,FW",Osasuna,32,1991,23.2,3,0,0,28,24,6,111,30,25,0,0,0,134,14,42,25.0,Matches,ESP-LALIGA,23-24
5496cc91,437,Alberto Perea,ESP,"MF,FW",Granada,32,1990,0.0,0,0,0,0,2,0,1,0,0,0,0,0,1,0,0,,Matches,ESP-LALIGA,23-24
819aa8e7,438,Ayoze Pérez,ESP,FW,Betis,30,1993,25.5,4,0,0,36,48,11,19,22,32,0,0,0,121,20,34,37.0,Matches,ESP-LALIGA,23-24
a8f21b9f,439,Carles Pérez,ESP,"MF,DF",Celta Vigo,25,1998,8.6,3,0,0,15,12,1,17,5,5,0,0,0,45,4,13,23.5,Matches,ESP-LALIGA,23-24
3d79a68c,440,Francisco Perez,ESP,"MF,FW",Valencia,20,2002,22.8,4,0,0,31,23,8,50,14,17,0,0,0,109,6,19,24.0,Matches,ESP-LALIGA,23-24
237a3851,441,Kike Pérez,ESP,"MF,FW",Rayo Vallecano,26,1997,9.3,7,0,0,42,34,0,18,8,11,0,0,0,57,11,26,29.7,Matches,ESP-LALIGA,23-24
53552942,442,Máximo Perrone,ARG,MF,Las Palmas,20,2003,18.0,6,0,0,27,16,0,0,24,21,0,0,0,113,6,28,17.6,Matches,ESP-LALIGA,23-24
0cb29e91,443,Njegoš Petrović,SRB,"MF,FW",Granada,24,1999,1.7,0,0,0,0,1,0,1,1,2,0,0,0,11,2,1,66.7,Matches,ESP-LALIGA,23-24
8c725b43,444,Germán Pezzella,ARG,DF,Betis,32,1991,30.7,7,0,0,22,13,6,2,31,24,0,0,0,148,84,39,68.3,Matches,ESP-LALIGA,23-24
2cf496fb,445,Kamil Piątkowski,POL,DF,Granada,23,2000,5.6,1,1,0,3,3,0,2,8,10,0,0,0,23,11,10,52.4,Matches,ESP-LALIGA,23-24
540ec57b,446,Yeremi Pino,ESP,"MF,FW",Villarreal,20,2002,5.3,4,0,0,22,9,3,7,5,18,0,0,0,29,8,10,44.4,Matches,ESP-LALIGA,23-24
1bda5842,447,Portu,ESP,FW,Getafe,31,1992,1.1,1,0,0,0,0,1,2,0,3,0,0,0,4,1,3,25.0,Matches,ESP-LALIGA,23-24
1bda5842,448,Portu,ESP,"MF,FW",Girona,31,1992,13.2,3,0,0,18,16,9,19,4,13,1,0,0,37,7,19,26.9,Matches,ESP-LALIGA,23-24
fc8b614b,449,José Pozo,ESP,MF,Rayo Vallecano,27,1996,0.2,0,0,0,1,1,0,0,0,1,0,0,0,0,0,1,0.0,Matches,ESP-LALIGA,23-24
3c16d927,450,Alejandro Pozo Pozo,ESP,"DF,MF",Almería,24,1999,10.8,3,0,0,16,6,0,41,7,12,0,0,0,50,5,9,35.7,Matches,ESP-LALIGA,23-24
1f60244a,451,Beñat Prados,ESP,"MF,DF",Athletic Club,22,2001,16.1,1,0,0,29,23,0,10,23,28,0,1,0,102,28,30,48.3,Matches,ESP-LALIGA,23-24
d1b060e2,452,Abdón Prats,ESP,"FW,MF",Mallorca,30,1992,14.1,4,0,0,18,18,5,8,2,4,0,0,0,30,39,60,39.4,Matches,ESP-LALIGA,23-24
365113c0,453,Marc Pubill,ESP,DF,Almería,20,2003,20.9,2,0,0,21,34,0,68,15,23,0,0,0,93,25,20,55.6,Matches,ESP-LALIGA,23-24
c77a8043,454,Antonio Puertas,ESP,"MF,FW",Granada,31,1992,8.1,3,1,0,21,12,6,20,6,8,1,0,0,30,13,23,36.1,Matches,ESP-LALIGA,23-24
39352da2,455,Arnau Puigmal,ESP,"FW,DF",Almería,22,2001,2.8,3,0,0,7,4,0,14,3,1,0,1,0,16,1,3,25.0,Matches,ESP-LALIGA,23-24
0630eb63,456,Nemanja Radonjić,SRB,"MF,DF",Mallorca,27,1996,3.9,0,0,0,1,5,0,20,3,2,0,0,0,13,3,1,75.0,Matches,ESP-LALIGA,23-24
09507ffa,457,Aleksandar Radovanović,SRB,DF,Almería,29,1993,6.3,2,0,0,7,2,0,0,11,7,0,0,0,13,14,9,60.9,Matches,ESP-LALIGA,23-24
16ec501b,458,Abdellah Raihani,MAR,FW,Atlético Madrid,19,2004,0.1,0,0,0,0,1,0,0,0,0,0,0,0,0,0,0,,Matches,ESP-LALIGA,23-24
b857bd29,459,Antonio Raillo,ESP,DF,Mallorca,31,1991,24.4,6,1,1,32,8,3,2,37,23,0,0,0,107,123,59,67.6,Matches,ESP-LALIGA,23-24
58ad9383,460,Predrag Rajković,SRB,GK,Mallorca,27,1995,36.0,2,0,0,1,4,0,0,0,1,0,0,0,42,5,2,71.4,Matches,ESP-LALIGA,23-24
89f951b5,461,Ivan Rakitić,CRO,MF,Sevilla,35,1988,15.8,6,0,0,16,19,1,131,14,16,0,0,0,117,12,13,48.0,Matches,ESP-LALIGA,23-24
cc9256ef,462,Largie Ramazani,BEL,"FW,MF",Almería,22,2001,17.3,11,2,2,27,24,9,32,34,7,1,0,0,81,5,25,16.7,Matches,ESP-LALIGA,23-24
db714daf,463,Benito Ramírez,ESP,"FW,MF",Las Palmas,28,1995,4.3,0,0,0,4,4,2,33,3,3,0,0,0,22,2,11,15.4,Matches,ESP-LALIGA,23-24
833fb62e,464,Sandro Ramírez,ESP,FW,Las Palmas,28,1995,20.1,3,0,0,20,36,16,89,4,8,1,0,0,60,7,11,38.9,Matches,ESP-LALIGA,23-24
44e07fac,465,Chris Ramos,ESP,"FW,MF",Cádiz,26,1997,29.0,5,0,0,61,46,12,12,9,15,2,0,0,60,172,164,51.2,Matches,ESP-LALIGA,23-24
08511d65,466,Sergio Ramos,ESP,DF,Sevilla,37,1986,28.0,7,1,0,27,22,9,2,41,30,0,1,1,143,80,41,66.1,Matches,ESP-LALIGA,23-24
3423f250,467,Raphinha,BRA,"FW,MF",Barcelona,26,1996,15.2,4,1,0,17,25,7,82,13,8,1,0,0,74,9,5,64.3,Matches,ESP-LALIGA,23-24
b1b99435,468,Andrei Ratiu,ROU,"DF,MF",Rayo Vallecano,25,1998,7.0,1,0,0,2,4,0,18,0,4,0,0,0,39,6,7,46.2,Matches,ESP-LALIGA,23-24
18f0a9f0,469,Raúl,ESP,FW,Osasuna,22,2000,15.1,4,0,0,13,12,9,6,5,4,0,0,0,28,50,69,42.0,Matches,ESP-LALIGA,23-24
9a796115,470,Abderrahman Rebbach,ALG,"FW,MF",Alavés,24,1998,8.0,1,0,0,13,10,3,63,3,5,0,0,0,31,7,13,35.0,Matches,ESP-LALIGA,23-24
e358587b,471,Pepe Reina,ESP,GK,Villarreal,40,1982,2.0,2,1,0,0,0,0,0,0,0,0,0,0,0,1,0,100.0,Matches,ESP-LALIGA,23-24
374ee424,472,Álex Remiro,ESP,GK,Real Sociedad,28,1995,36.4,3,1,0,1,4,0,0,0,0,0,0,0,60,6,0,100.0,Matches,ESP-LALIGA,23-24
b3b9b8b8,473,Chadi Riad,MAR,DF,Betis,20,2003,24.0,1,0,0,15,7,1,0,23,24,0,1,0,110,44,38,53.7,Matches,ESP-LALIGA,23-24
d9ba39fc,474,Diego Rico,ESP,DF,Getafe,30,1993,28.2,10,0,0,32,55,2,130,41,48,0,0,0,164,29,20,59.2,Matches,ESP-LALIGA,23-24
eb3dd471,475,Luis Rioja,ESP,"FW,MF",Alavés,29,1993,27.8,4,0,0,22,18,10,174,16,19,1,0,0,128,10,23,30.3,Matches,ESP-LALIGA,23-24
65154df0,476,Rodrigo Riquelme,ESP,"DF,MF",Atlético Madrid,23,2000,17.0,1,0,0,11,29,9,65,9,19,0,1,0,98,5,16,23.8,Matches,ESP-LALIGA,23-24
36286814,477,Alberto Risco,ESP,MF,Getafe,17,2005,1.5,0,0,0,1,1,0,1,0,2,0,0,0,3,0,1,0.0,Matches,ESP-LALIGA,23-24
ea0aa7e0,478,Mihailo Ristić,SRB,"DF,MF",Celta Vigo,27,1995,9.0,2,0,0,12,14,0,39,10,9,0,0,0,67,9,7,56.3,Matches,ESP-LALIGA,23-24
f1124008,479,Gorka Rivera Alonso,ESP,DF,Getafe,18,2004,0.0,0,0,0,0,0,0,0,0,0,0,0,0,0,0,0,,Matches,ESP-LALIGA,23-24
335fa267,480,Sergi Roberto,ESP,"MF,DF",Barcelona,31,1992,9.6,4,0,0,8,7,1,9,8,10,0,0,0,44,12,11,52.2,Matches,ESP-LALIGA,23-24
a8981944,481,Lucas Robertone,ARG,MF,Almería,26,1997,26.5,11,0,0,38,54,2,67,51,33,0,0,0,163,38,29,56.7,Matches,ESP-LALIGA,23-24
da27e268,482,Marc Roca,ESP,MF,Betis,26,1996,22.0,5,0,0,48,23,1,25,17,36,0,0,0,147,9,22,29.0,Matches,ESP-LALIGA,23-24
2c9e6bc3,483,Sergio Rodelas,ESP,"FW,DF",Granada,18,2004,1.4,0,0,0,2,1,0,4,0,2,0,0,0,7,0,2,0.0,Matches,ESP-LALIGA,23-24
85bed4ee,484,Rodri,ESP,"FW,MF",Betis,23,2000,11.7,0,0,0,6,29,4,36,8,10,0,0,0,58,0,9,0.0,Matches,ESP-LALIGA,23-24
19709006,485,Óscar Rodríguez Arnaiz,ESP,"MF,FW",Getafe,25,1998,10.7,9,0,0,20,15,1,17,5,13,0,0,0,48,10,27,27.0,Matches,ESP-LALIGA,23-24
22371dee,486,Damián Rodríguez,ESP,MF,Celta Vigo,20,2003,2.9,1,0,0,4,1,0,9,1,3,0,0,0,8,0,2,0.0,Matches,ESP-LALIGA,23-24
70f8e0bd,487,Dani Rodríguez,ESP,MF,Mallorca,35,1988,29.1,9,0,0,61,43,6,169,15,24,0,0,0,151,23,50,31.5,Matches,ESP-LALIGA,23-24
34e393f2,488,Guido Rodríguez,ARG,MF,Betis,29,1994,20.5,6,0,0,23,35,4,6,29,30,0,1,0,155,20,14,58.8,Matches,ESP-LALIGA,23-24
9b130479,489,Kirian Rodríguez,ESP,MF,Las Palmas,27,1996,35.7,8,0,0,23,37,1,26,28,32,0,2,0,231,22,46,32.4,Matches,ESP-LALIGA,23-24
958d67bb,490,Miguel Rodríguez,ESP,MF,Celta Vigo,20,2003,3.3,2,0,0,15,11,0,11,4,3,0,0,0,9,1,8,11.1,Matches,ESP-LALIGA,23-24
8f5e92a6,491,Rodrygo,BRA,FW,Real Madrid,22,2001,26.4,2,0,0,10,46,13,32,8,15,1,0,0,61,5,21,19.2,Matches,ESP-LALIGA,23-24
23cbf863,492,Carlos Romero,ESP,DF,Villarreal,21,2001,2.9,1,0,0,2,6,0,11,1,5,0,0,0,27,1,2,33.3,Matches,ESP-LALIGA,23-24
be719093,493,Isaac Romero,ESP,FW,Sevilla,23,2000,11.5,2,0,0,28,17,6,12,0,3,0,0,0,36,16,19,45.7,Matches,ESP-LALIGA,23-24
ca6edaa0,494,Luka Romero,ARG,FW,Almería,18,2004,4.9,2,0,0,8,11,0,2,1,1,0,0,0,22,2,6,25.0,Matches,ESP-LALIGA,23-24
4b511457,495,Oriol Romeu,ESP,MF,Barcelona,31,1991,10.4,4,0,0,15,11,0,6,10,20,0,0,0,62,14,19,42.4,Matches,ESP-LALIGA,23-24
7868c973,496,Unai Ropero,ESP,MF,Alavés,21,2001,0.1,0,0,0,1,0,0,0,0,0,0,0,0,0,0,0,,Matches,ESP-LALIGA,23-24
cb00f1e6,497,Vitor Roque,BRA,FW,Barcelona,18,2005,3.6,4,1,1,13,11,2,2,0,2,0,0,0,8,3,6,33.3,Matches,ESP-LALIGA,23-24
18b896d6,498,Antonio Rüdiger,GER,DF,Real Madrid,30,1993,30.1,7,0,0,26,5,1,4,11,15,0,0,0,124,49,23,68.1,Matches,ESP-LALIGA,23-24
9ace87ba,499,Javier Rueda Garcia,ESP,"MF,DF",Celta Vigo,21,2002,0.2,0,0,0,0,1,0,0,0,0,0,0,0,2,0,0,,Matches,ESP-LALIGA,23-24
a55d8df5,500,Aitor Ruibal,ESP,"DF,FW",Betis,27,1996,11.3,5,0,0,16,13,1,28,14,27,0,1,0,78,4,9,30.8,Matches,ESP-LALIGA,23-24
1f423a54,501,Sergio Ruiz,ESP,MF,Granada,28,1994,27.7,9,0,0,42,66,0,17,28,46,0,1,0,177,32,30,51.6,Matches,ESP-LALIGA,23-24
fbbb9269,502,Youssouf Sabaly,SEN,DF,Betis,30,1993,11.6,2,0,0,9,6,0,27,11,11,0,0,0,63,10,13,43.5,Matches,ESP-LALIGA,23-24
686cbe7d,503,Umar Sadiq,NGA,FW,Real Sociedad,26,1997,12.0,4,0,0,45,19,27,12,0,10,0,0,0,34,29,51,36.3,Matches,ESP-LALIGA,23-24
2f9ef1a8,504,Pablo Saenz,ESP,MF,Granada,22,2001,0.2,0,0,0,0,1,0,1,0,3,0,0,0,3,0,0,,Matches,ESP-LALIGA,23-24
0a69de7b,505,Kike Salas,ESP,DF,Sevilla,21,2002,17.8,10,0,0,32,10,1,7,26,23,0,0,0,81,66,40,62.3,Matches,ESP-LALIGA,23-24
405f267a,506,Salvi,ESP,MF,Rayo Vallecano,32,1991,0.3,0,0,0,0,1,0,0,1,0,0,0,0,1,0,0,,Matches,ESP-LALIGA,23-24
08593525,507,Diadie Samassékou,MLI,MF,Cádiz,27,1996,1.0,0,0,0,2,0,0,0,3,3,0,0,0,6,3,2,60.0,Matches,ESP-LALIGA,23-24
efecd633,508,Fede San Emeterio,ESP,MF,Cádiz,26,1997,1.7,1,1,0,8,3,0,1,2,2,0,0,0,5,3,4,42.9,Matches,ESP-LALIGA,23-24
bdb624a3,509,Oihan Sancet,ESP,MF,Athletic Club,23,2000,21.9,5,2,1,30,35,3,30,10,11,0,0,0,107,24,18,57.1,Matches,ESP-LALIGA,23-24
fce521d7,510,Ricard Sánchez,ESP,DF,Granada,23,2000,25.5,8,0,0,27,21,5,82,13,18,0,1,0,97,19,18,51.4,Matches,ESP-LALIGA,23-24
a254bbe0,511,Antonio Sánchez,ESP,MF,Mallorca,26,1997,16.1,3,0,0,26,13,1,36,13,11,0,0,0,115,7,19,26.9,Matches,ESP-LALIGA,23-24
cc6de655,512,Juanlu Sánchez,ESP,DF,Sevilla,19,2003,13.1,2,0,0,11,23,1,61,12,35,0,2,0,67,14,15,48.3,Matches,ESP-LALIGA,23-24
ffacd3d5,513,Manu Sánchez,ESP,"DF,MF",Celta Vigo,22,2000,19.7,3,0,0,21,5,0,57,19,28,0,0,0,95,9,21,30.0,Matches,ESP-LALIGA,23-24
bc49fd34,514,Jesús Santiago,ESP,MF,Getafe,19,2004,7.3,4,0,0,17,11,0,4,0,8,0,0,0,29,6,7,46.2,Matches,ESP-LALIGA,23-24
b7aa8fd8,515,Paco Sanz,ESP,DF,Almería,18,2004,0.3,0,0,0,0,0,0,0,0,0,0,0,0,0,1,0,100.0,Matches,ESP-LALIGA,23-24
f6ac68c1,516,Stefan Savić,MNE,DF,Atlético Madrid,32,1991,18.1,7,1,1,16,6,1,3,27,19,0,0,0,77,46,32,59.0,Matches,ESP-LALIGA,23-24
fe6e7156,517,Sávio,BRA,"FW,MF",Girona,19,2004,33.1,5,0,0,30,66,16,120,18,25,2,0,0,171,4,13,23.5,Matches,ESP-LALIGA,23-24
a35134ae,518,Aleksandar Sedlar,SRB,DF,Alavés,31,1991,10.5,2,0,0,14,4,1,0,13,10,0,1,0,49,17,18,48.6,Matches,ESP-LALIGA,23-24
3effaa34,519,André Silva,POR,FW,Real Sociedad,27,1995,8.1,1,0,0,14,8,4,0,1,2,0,0,0,22,12,18,40.0,Matches,ESP-LALIGA,23-24
ea83bfa6,520,Rui Silva,POR,GK,Betis,29,1994,27.5,4,0,0,2,7,0,0,1,0,0,2,1,41,10,3,76.9,Matches,ESP-LALIGA,23-24
a6536561,521,Giuliano Simeone,ARG,FW,Alavés,20,2002,7.0,1,0,0,11,6,2,14,5,5,1,0,0,37,2,10,16.7,Matches,ESP-LALIGA,23-24
5dcf3e90,522,Unai Simón,ESP,GK,Athletic Club,26,1997,35.4,2,0,0,0,8,0,0,1,1,0,0,1,58,10,1,90.9,Matches,ESP-LALIGA,23-24
73000a79,523,Daley Sinkgraven,NED,DF,Las Palmas,28,1995,4.3,0,1,0,4,5,0,5,6,5,0,1,0,17,5,1,83.3,Matches,ESP-LALIGA,23-24
b4819112,524,Jailson Siqueira,BRA,"DF,MF",Celta Vigo,27,1995,10.0,1,0,0,13,13,0,4,12,18,0,0,0,61,17,25,40.5,Matches,ESP-LALIGA,23-24
9970da54,525,Antonio Sivera,ESP,GK,Alavés,26,1996,34.0,3,0,0,0,2,0,0,0,0,0,0,0,23,7,1,87.5,Matches,ESP-LALIGA,23-24
19b776e9,526,Rubén Sobrino,ESP,"MF,FW",Cádiz,31,1992,18.3,8,1,0,46,31,7,22,16,28,0,0,0,112,22,22,50.0,Matches,ESP-LALIGA,23-24
5fa714d5,527,Alex Sola,ESP,"FW,MF",Alavés,24,1999,14.0,2,0,0,11,28,10,84,11,15,0,1,0,79,16,18,47.1,Matches,ESP-LALIGA,23-24
5fa714d5,528,Alex Sola,ESP,"DF,MF",Real Sociedad,24,1999,0.3,0,0,0,2,2,0,0,1,0,0,0,0,2,2,0,100.0,Matches,ESP-LALIGA,23-24
1282939a,529,Jhon Solis,COL,MF,Girona,18,2004,4.3,0,0,0,10,5,0,0,8,8,0,0,0,22,6,12,33.3,Matches,ESP-LALIGA,23-24
8f8c6934,530,David Soria,ESP,GK,Getafe,30,1993,37.9,3,0,0,1,2,0,0,0,0,0,1,0,52,3,0,100.0,Matches,ESP-LALIGA,23-24
452c3055,531,Alberto Soro,ESP,MF,Granada,24,1999,0.1,0,0,0,0,1,0,0,0,0,0,0,0,0,0,1,0.0,Matches,ESP-LALIGA,23-24
3aa74860,532,Hugo Sotelo,ESP,MF,Celta Vigo,19,2003,8.0,1,0,0,16,3,0,29,2,17,0,0,0,52,2,7,22.2,Matches,ESP-LALIGA,23-24
ae59b359,533,Boubakary Soumaré,FRA,MF,Sevilla,24,1999,25.4,10,0,0,33,29,0,3,26,28,0,0,0,148,20,11,64.5,Matches,ESP-LALIGA,23-24
4c6facae,534,Djibril Sow,SUI,MF,Sevilla,26,1997,16.2,6,0,0,27,19,2,5,17,21,0,0,0,73,14,18,43.8,Matches,ESP-LALIGA,23-24
21166ff4,535,Çağlar Söyüncü,TUR,DF,Atlético Madrid,27,1996,1.3,0,1,0,3,1,1,0,1,1,0,1,0,9,1,0,100.0,Matches,ESP-LALIGA,23-24
5cfec13d,536,Carl Starfelt,SWE,DF,Celta Vigo,28,1995,24.6,4,0,0,15,10,0,1,34,30,0,1,0,129,72,35,67.3,Matches,ESP-LALIGA,23-24
f553b2b3,537,Jørgen Strand Larsen,NOR,FW,Celta Vigo,23,2000,31.8,5,0,0,65,48,21,18,5,11,1,0,0,88,73,82,47.1,Matches,ESP-LALIGA,23-24
220c11f1,538,Cristhian Stuani,URU,FW,Girona,36,1986,8.9,6,0,0,28,7,4,1,5,11,0,0,0,13,25,23,52.1,Matches,ESP-LALIGA,23-24
9c137b36,539,Álex Suárez,ESP,DF,Las Palmas,30,1993,28.5,7,0,0,27,28,3,15,18,36,0,1,1,98,47,47,50.0,Matches,ESP-LALIGA,23-24
ba5004e1,540,Damián Suárez,URU,DF,Getafe,35,1988,14.4,7,1,0,24,12,0,49,10,21,0,1,0,77,9,9,50.0,Matches,ESP-LALIGA,23-24
12c50af5,541,Denis Suárez,ESP,"MF,FW",Villarreal,29,1994,1.5,0,0,0,4,2,1,4,0,0,0,0,0,8,0,1,0.0,Matches,ESP-LALIGA,23-24
4e219ad2,542,Suso,ESP,"MF,FW",Sevilla,29,1993,16.9,5,1,0,22,35,3,132,5,17,0,0,0,88,8,9,47.1,Matches,ESP-LALIGA,23-24
cf603737,543,Max Svensson,ESP,FW,Osasuna,,,0.0,0,0,0,1,0,0,0,0,0,0,0,0,0,0,0,,Matches,ESP-LALIGA,23-24
184fe4b2,544,Williot Swedberg,SWE,"FW,MF",Celta Vigo,19,2004,4.9,1,0,0,6,11,2,5,0,4,1,0,0,18,5,5,50.0,Matches,ESP-LALIGA,23-24
e5ec95f8,545,Mamadou Sylla,SEN,"FW,MF",Alavés,29,1994,0.2,0,0,0,1,2,0,0,0,0,0,0,0,1,3,3,50.0,Matches,ESP-LALIGA,23-24
e92cd3f7,546,Alexander Sørloth,NOR,FW,Villarreal,27,1995,27.7,3,0,0,34,19,23,7,0,3,1,0,0,57,80,45,64.0,Matches,ESP-LALIGA,23-24
8388ba65,547,Yassin Tallal,ESP,FW,Getafe,18,2005,0.0,0,0,0,1,0,0,0,0,0,0,0,0,0,1,1,50.0,Matches,ESP-LALIGA,23-24
34269bdf,548,Renato Tapia,PER,"MF,DF",Celta Vigo,28,1995,14.9,5,1,1,24,27,1,9,21,29,0,0,0,112,43,33,56.6,Matches,ESP-LALIGA,23-24
59c29820,549,César Tárrega,ESP,DF,Valencia,21,2002,0.1,0,0,0,0,0,0,0,0,0,0,0,0,0,0,0,,Matches,ESP-LALIGA,23-24
19a5c0b6,550,Marciano Tchami,GNB,"FW,MF",Almería,19,2004,0.5,0,0,0,0,0,0,1,0,0,0,0,0,2,4,4,50.0,Matches,ESP-LALIGA,23-24
4f255115,551,Aurélien Tchouaméni,FRA,"MF,DF",Real Madrid,23,2000,22.1,7,0,0,20,22,0,22,28,23,0,0,0,99,51,24,68.0,Matches,ESP-LALIGA,23-24
66654daa,552,Nahuel Tenaglia,ARG,DF,Alavés,27,1996,12.7,5,0,0,13,14,2,17,12,19,0,0,0,47,25,18,58.1,Matches,ESP-LALIGA,23-24
6f51e382,553,Marc-André ter Stegen,GER,GK,Barcelona,31,1992,28.0,3,0,0,0,1,0,0,0,0,0,0,0,55,4,0,100.0,Matches,ESP-LALIGA,23-24
f36016a5,554,Ramón Terrats,ESP,"MF,DF",Villarreal,22,2000,8.7,4,0,0,15,16,1,28,3,13,0,1,0,45,5,5,50.0,Matches,ESP-LALIGA,23-24
fce2302c,555,Kieran Tierney,SCO,DF,Real Sociedad,26,1997,13.8,1,0,0,6,8,0,26,10,24,0,0,0,52,16,20,44.4,Matches,ESP-LALIGA,23-24
02ef8778,556,Raúl de Tomás,ESP,FW,Rayo Vallecano,28,1994,14.1,5,0,0,24,26,12,9,1,5,0,0,0,35,24,41,36.9,Matches,ESP-LALIGA,23-24
04e531b6,557,Pablo Torre,ESP,"MF,FW",Girona,20,2003,7.8,1,0,0,8,21,0,7,4,2,0,0,0,42,0,7,0.0,Matches,ESP-LALIGA,23-24
4d753a3f,558,Raúl Torrente,ESP,DF,Granada,21,2001,13.9,4,0,0,18,8,1,2,11,16,0,1,1,56,22,15,59.5,Matches,ESP-LALIGA,23-24
9e1035f8,559,Ferrán Torres,ESP,FW,Barcelona,23,2000,13.5,2,0,0,8,16,16,21,5,6,1,0,0,40,4,11,26.7,Matches,ESP-LALIGA,23-24
58a9a4d9,560,Óliver Torres,ESP,MF,Sevilla,28,1994,18.0,3,0,0,26,23,6,44,6,22,0,0,0,127,11,28,28.2,Matches,ESP-LALIGA,23-24
0e4fef6e,561,Lucas Torró,ESP,MF,Osasuna,29,1994,19.9,5,0,0,43,16,0,3,33,15,0,0,0,115,71,41,63.4,Matches,ESP-LALIGA,23-24
c47541e0,562,Bertrand Traoré,BFA,MF,Villarreal,27,1995,6.3,4,0,0,7,21,2,9,1,4,1,0,0,22,4,3,57.1,Matches,ESP-LALIGA,23-24
a4b1028a,563,Hamari Traoré,MLI,DF,Real Sociedad,31,1992,25.5,7,0,0,32,18,1,47,24,19,0,1,0,136,29,35,45.3,Matches,ESP-LALIGA,23-24
fc647b34,564,Óscar Trejo,ARG,"FW,MF",Rayo Vallecano,35,1988,15.3,4,1,0,40,40,3,23,5,15,1,0,0,92,14,19,42.4,Matches,ESP-LALIGA,23-24
963829d0,565,Manu Trigueros,ESP,MF,Villarreal,31,1991,3.4,0,0,0,5,3,1,5,3,5,0,0,0,15,4,1,80.0,Matches,ESP-LALIGA,23-24
f7e87032,566,Viktor Tsyhankov,UKR,"MF,FW",Girona,25,1997,22.8,0,0,0,14,41,4,62,12,20,0,1,0,88,13,14,48.1,Matches,ESP-LALIGA,23-24
068f4dec,567,Beñat Turrientes,ESP,MF,Real Sociedad,21,2002,18.7,4,0,0,36,36,0,19,6,17,0,0,0,81,16,31,34.0,Matches,ESP-LALIGA,23-24
f8eca1b6,568,Enes Ünal,TUR,"FW,MF",Getafe,26,1997,1.6,0,0,0,5,5,4,1,0,0,0,0,0,5,3,13,18.8,Matches,ESP-LALIGA,23-24
01da7812,569,Myrto Uzuni,ALB,FW,Granada,28,1995,27.2,3,0,0,26,19,18,11,4,14,0,0,0,59,11,59,15.7,Matches,ESP-LALIGA,23-24
592f3158,570,Óscar Valentín,ESP,MF,Rayo Vallecano,28,1994,29.9,7,1,1,77,41,0,5,35,66,0,0,0,160,33,50,39.8,Matches,ESP-LALIGA,23-24
f2c6ac01,571,Martin Valjent,SVK,DF,Mallorca,27,1995,26.1,5,0,0,29,10,2,18,29,18,0,0,0,97,46,24,65.7,Matches,ESP-LALIGA,23-24
c2111b45,572,Jesús Vallejo,ESP,DF,Granada,26,1997,1.2,1,0,0,2,1,0,0,0,1,0,0,0,8,0,1,0.0,Matches,ESP-LALIGA,23-24
0166a73e,573,Álvaro Vallés,ESP,GK,Las Palmas,26,1997,36.3,2,1,0,1,6,0,1,0,2,0,0,0,73,8,2,80.0,Matches,ESP-LALIGA,23-24
0959c2a2,574,Federico Valverde,URU,MF,Real Madrid,25,1998,32.3,2,0,0,19,15,0,30,43,34,0,0,0,160,21,10,67.7,Matches,ESP-LALIGA,23-24
cf9bdd43,575,Siebe Van Der Heyden,BEL,DF,Mallorca,25,1998,3.2,2,1,0,8,1,1,0,7,2,0,0,0,10,8,6,57.1,Matches,ESP-LALIGA,23-24
27dc1378,576,José Luis García Vayá,ESP,MF,Valencia,24,1998,36.7,4,0,0,51,40,1,147,49,53,0,1,0,244,57,42,57.6,Matches,ESP-LALIGA,23-24
8c6d0e32,577,Borja Vázquez,ESP,FW,Cádiz,18,2005,0.0,0,0,0,0,0,0,1,0,0,0,0,0,0,0,0,,Matches,ESP-LALIGA,23-24
106c142c,578,Jesus Vazquez,ESP,"DF,MF",Valencia,20,2003,8.0,1,0,0,8,7,1,18,3,12,0,0,0,47,12,19,38.7,Matches,ESP-LALIGA,23-24
ee923664,579,Kevin Vázquez,ESP,DF,Celta Vigo,30,1993,7.8,3,0,0,11,10,0,8,5,13,0,1,0,29,10,8,55.6,Matches,ESP-LALIGA,23-24
fd51b456,580,Lucas Vázquez,ESP,DF,Real Madrid,32,1991,15.8,0,0,0,22,25,5,47,12,25,1,0,0,78,4,6,40.0,Matches,ESP-LALIGA,23-24
35a6e5c7,581,Gabriel Veiga,ESP,FW,Celta Vigo,21,2002,0.2,0,0,0,0,0,0,1,0,0,0,0,0,0,0,1,0.0,Matches,ESP-LALIGA,23-24
3f7bafbe,582,Alejo Véliz,ARG,FW,Sevilla,19,2003,0.4,0,0,0,4,1,0,0,0,0,0,0,0,0,3,1,75.0,Matches,ESP-LALIGA,23-24
722494dc,583,Arthur Vermeeren,BEL,MF,Atlético Madrid,18,2005,1.8,2,0,0,7,1,0,0,6,0,0,0,0,14,1,6,14.3,Matches,ESP-LALIGA,23-24
b0fce72c,584,Mikel Vesga,ESP,MF,Athletic Club,30,1993,17.0,2,0,0,28,6,0,13,32,20,0,0,0,112,31,31,50.0,Matches,ESP-LALIGA,23-24
90df343e,585,Carlos Vicente,ESP,FW,Alavés,24,1999,12.4,1,0,0,18,25,9,90,4,6,0,0,0,47,22,26,45.8,Matches,ESP-LALIGA,23-24
3a9c4b7b,586,Nacho Vidal,ESP,"DF,FW",Osasuna,28,1995,1.1,0,0,0,0,1,0,0,0,4,0,0,0,3,2,4,33.3,Matches,ESP-LALIGA,23-24
3a9c4b7b,587,Nacho Vidal,ESP,DF,Mallorca,28,1995,4.6,2,0,0,9,3,0,15,3,5,0,0,0,18,13,7,65.0,Matches,ESP-LALIGA,23-24
2ae958ab,588,Fran Vieites,ESP,GK,Betis,24,1999,3.5,0,0,0,0,0,0,0,0,0,0,0,0,1,1,0,100.0,Matches,ESP-LALIGA,23-24
efa708aa,589,Jonathan Viera,ESP,"MF,FW",Las Palmas,33,1989,6.9,1,0,0,3,16,1,16,0,3,0,0,0,28,1,4,20.0,Matches,ESP-LALIGA,23-24
efa708aa,590,Jonathan Viera,ESP,MF,Almería,33,1989,10.1,3,1,1,10,16,4,6,4,9,0,0,0,36,3,6,33.3,Matches,ESP-LALIGA,23-24
636eae97,591,Toni Villa,ESP,FW,Girona,28,1995,0.1,0,0,0,0,1,0,0,0,0,0,0,0,2,0,0,,Matches,ESP-LALIGA,23-24
57be54ec,592,Asier Villalibre,ESP,FW,Athletic Club,25,1997,5.7,0,0,0,7,11,3,2,0,1,0,0,0,13,21,23,47.7,Matches,ESP-LALIGA,23-24
bdc74a8f,593,Gonzalo Villar,ESP,MF,Granada,25,1998,20.0,7,0,0,44,66,2,24,6,33,1,0,0,131,31,17,64.6,Matches,ESP-LALIGA,23-24
cde52ef5,594,Iván Villar,ESP,GK,Celta Vigo,26,1997,11.3,0,2,0,2,2,0,0,0,0,0,2,0,19,1,0,100.0,Matches,ESP-LALIGA,23-24
7016332f,595,Ricardo Visus,ESP,DF,Betis,22,2001,1.8,0,0,0,3,1,0,0,2,2,0,0,0,3,2,5,28.6,Matches,ESP-LALIGA,23-24
ab7bf91d,596,Daniel Vivian,ESP,DF,Athletic Club,24,1999,32.0,6,0,0,37,26,1,4,31,28,0,0,0,213,34,46,42.5,Matches,ESP-LALIGA,23-24
379dc075,597,Shon Weissman,ISR,FW,Granada,27,1996,0.9,0,0,0,1,1,0,1,0,1,0,0,0,2,1,5,16.7,Matches,ESP-LALIGA,23-24
6a99e0b1,598,Iñaki Williams,GHA,FW,Athletic Club,29,1994,31.6,4,0,0,32,45,25,111,14,17,0,0,1,119,32,23,58.2,Matches,ESP-LALIGA,23-24
afdc14d7,599,Nico Williams,ESP,FW,Athletic Club,21,2002,25.1,6,1,1,19,37,12,153,3,12,3,1,0,131,8,9,47.1,Matches,ESP-LALIGA,23-24
5dfc6ad5,600,Axel Witsel,BEL,DF,Atlético Madrid,34,1989,30.9,5,0,0,24,29,0,4,16,21,0,0,0,148,55,26,67.9,Matches,ESP-LALIGA,23-24
d2c8aacc,601,Xeber,ESP,"FW,MF",Alavés,26,1997,3.4,1,0,0,9,0,1,14,1,5,0,0,0,19,2,5,28.6,Matches,ESP-LALIGA,23-24
cd59a7e6,602,Antal Yaakobishvili,HUN,DF,Girona,19,2004,0.7,0,0,0,1,0,0,0,3,1,0,0,0,3,2,1,66.7,Matches,ESP-LALIGA,23-24
82ec26c1,603,Lamine Yamal,ESP,FW,Barcelona,16,2007,24.5,3,0,0,23,52,4,87,19,37,2,0,0,102,2,11,15.4,Matches,ESP-LALIGA,23-24
cb641b9d,604,Roman Yaremchuk,UKR,FW,Valencia,27,1995,10.3,2,0,0,7,13,16,3,1,2,0,0,0,28,26,46,36.1,Matches,ESP-LALIGA,23-24
7f14ec2a,605,Arsen Zakharyan,RUS,"MF,FW",Real Sociedad,20,2003,13.6,1,0,0,21,11,3,75,4,15,0,0,0,52,11,21,34.4,Matches,ESP-LALIGA,23-24
5ca20b7a,606,Joseba Zaldúa,ESP,DF,Cádiz,31,1992,7.8,3,0,0,14,4,2,17,2,12,0,0,1,24,10,5,66.7,Matches,ESP-LALIGA,23-24
a96103b2,607,Bryan Zaragoza,ESP,"MF,FW",Granada,22,2001,18.2,5,0,0,12,33,14,98,3,9,1,0,0,56,4,9,30.8,Matches,ESP-LALIGA,23-24
5c7845f6,608,Igor Zubeldia,ESP,DF,Real Sociedad,26,1997,28.0,11,1,0,43,9,0,3,32,25,0,1,0,156,83,81,50.6,Matches,ESP-LALIGA,23-24
3ee0dd59,609,Martín Zubimendi,ESP,MF,Real Sociedad,24,1999,29.5,5,0,0,36,20,0,7,37,27,0,0,0,169,44,28,61.1,Matches,ESP-LALIGA,23-24
