id,Unnamed: 0_level_0,Unnamed: 1_level_0,Unnamed: 2_level_0,Unnamed: 3_level_0,Unnamed: 4_level_0,Unnamed: 5_level_0,Unnamed: 6_level_0,Unnamed: 7_level_0,Performance,Performance,Performance,Performance,Performance,Performance,Performance,Performance,Performance,Performance,Performance,Performance,Performance,Aerial Duels,Aerial Duels,Aerial Duels,Unnamed: 24_level_0,Unnamed: league,Unnamed: season
,Rk,Player,Nation,Pos,Squad,Age,Born,90s,CrdY,CrdR,2CrdY,Fls,Fld,Off,Crs,Int,TklW,PKwon,PKcon,OG,Recov,Won,Lost,Won%,Matches,league,season
1339039e,1,Liel Abada,ISR,"FW,MF",Celtic,20,2001,2.4,0,0,0,0,3,1,10,2,1,1,0,0,7,0,3,0.0,Matches,UCL,22-23
8f5cdf66,2,Oliver Abildgaard,DEN,MF,Celtic,26,1996,0.7,0,0,0,0,0,0,0,0,3,0,0,0,4,3,0,100.0,Matches,UCL,22-23
f417a1fa,3,Mohammad Abu Fani,ISR,MF,Maccabi Haifa,24,1998,4.4,1,0,0,13,12,0,2,3,6,0,0,0,35,0,3,0.0,Matches,UCL,22-23
b96b595c,4,Francesco Acerbi,ITA,DF,Inter,34,1988,10.2,1,0,0,6,9,1,1,11,8,0,0,0,46,25,21,54.3,Matches,UCL,22-23
81442ecb,5,Marcos Acuña,ARG,"DF,MF",Sevilla,30,1991,2.4,0,0,0,8,0,0,9,2,5,0,0,0,17,3,1,75.0,Matches,UCL,22-23
82e12fe7,6,Junior Adamu,AUT,FW,RB Salzburg,21,2001,2.3,1,0,0,6,1,4,5,1,8,0,0,0,13,4,10,28.6,Matches,UCL,22-23
65d62814,7,Antonio Adán,ESP,GK,Sporting CP,35,1987,4.2,0,1,0,1,0,0,0,0,0,0,0,0,8,0,1,0.0,Matches,UCL,22-23
ee926a02,8,Arijan Ademi,MKD,MF,Dinamo Zagreb,31,1991,5.2,2,0,0,3,3,0,0,3,11,0,0,0,21,8,4,66.7,Matches,UCL,22-23
501055d8,9,Karim Adeyemi,GER,"FW,MF",Dortmund,20,2002,4.2,1,0,0,7,6,0,6,2,1,0,0,0,21,1,6,14.3,Matches,UCL,22-23
dcfb17f4,10,Amine Adli,MAR,"FW,MF",Leverkusen,22,2000,1.3,0,0,0,4,1,3,4,0,1,0,1,0,10,3,1,75.0,Matches,UCL,22-23
89ac64a6,11,Manuel Akanji,SUI,DF,Manchester City,27,1995,10.5,2,0,0,9,5,0,1,9,16,0,1,0,61,10,13,43.5,Matches,UCL,22-23
eaeca114,12,Nathan Aké,NED,DF,Manchester City,27,1995,6.8,1,0,0,5,1,0,5,7,6,0,0,0,22,14,1,93.3,Matches,UCL,22-23
05439de2,13,David Alaba,AUT,DF,Real Madrid,30,1992,7.9,0,0,0,3,0,0,19,7,3,0,0,0,38,2,8,20.0,Matches,UCL,22-23
834d0be5,14,Lucas Alario,ARG,"FW,MF",Eint Frankfurt,29,1992,0.2,0,0,0,0,0,1,0,0,0,0,0,0,0,2,1,66.7,Matches,UCL,22-23
4601e194,15,Jordi Alba,ESP,DF,Barcelona,33,1989,1.6,0,0,0,0,0,0,9,0,0,0,0,0,16,0,0,,Matches,UCL,22-23
77e84962,16,Thiago Alcántara,ESP,MF,Liverpool,31,1991,3.4,0,0,0,4,6,0,2,7,8,0,0,0,35,3,2,60.0,Matches,UCL,22-23
cd1acf9d,17,Trent Alexander-Arnold,ENG,DF,Liverpool,23,1998,6.9,2,0,0,2,2,0,57,4,13,0,0,0,57,2,0,100.0,Matches,UCL,22-23
4288f249,18,Sotiris Alexandropoulos,GRE,MF,Sporting CP,20,2001,1.3,0,0,0,0,3,0,0,0,1,0,0,0,4,1,2,33.3,Matches,UCL,22-23
00f518d8,19,Faride Alidou,GER,"DF,FW",Eint Frankfurt,21,2001,0.8,0,0,0,1,1,0,2,1,4,0,0,0,4,1,0,100.0,Matches,UCL,22-23
7a2e46a8,20,Alisson,BRA,GK,Liverpool,29,1992,8.0,0,0,0,0,0,0,0,0,0,0,0,0,12,0,0,,Matches,UCL,22-23
f4290206,21,Marcos Alonso,ESP,DF,Barcelona,31,1990,4.5,0,0,0,3,2,0,12,6,2,0,0,0,42,8,5,61.5,Matches,UCL,22-23
8ce30c57,22,Éder Álvarez Balanta,COL,"MF,FW",Club Brugge,29,1993,0.6,0,0,0,2,2,0,0,2,0,0,0,0,6,0,0,,Matches,UCL,22-23
8b3ab7ad,23,Edson Álvarez,MEX,MF,Ajax,24,1997,5.9,2,0,0,12,4,0,0,11,8,0,1,0,37,17,19,47.2,Matches,UCL,22-23
15ab5a2b,24,Julián Álvarez,ARG,FW,Manchester City,22,2000,5.3,1,0,0,9,2,2,8,2,3,0,0,0,10,4,2,66.7,Matches,UCL,22-23
555d5edd,25,Nadiem Amiri,GER,"MF,FW",Leverkusen,25,1996,1.4,0,0,0,2,0,0,1,2,2,0,0,0,13,0,1,0.0,Matches,UCL,22-23
e0b113a7,26,Robert Andrich,GER,MF,Leverkusen,27,1994,4.5,4,0,0,15,2,0,0,5,7,0,0,0,25,5,3,62.5,Matches,UCL,22-23
df525574,27,Peter Ankersen,DEN,DF,FC Copenhagen,31,1990,0.3,0,0,0,0,0,0,0,0,0,0,0,0,1,0,0,,Matches,UCL,22-23
a2ea941d,28,Ofri Arad,ISR,"DF,MF",Maccabi Haifa,23,1998,0.2,0,0,0,2,0,0,0,1,2,0,0,0,2,0,1,0.0,Matches,UCL,22-23
56413b1f,29,Charles Aránguiz,CHI,MF,Leverkusen,33,1989,2.4,0,0,0,3,0,0,0,2,2,0,0,0,13,4,4,50.0,Matches,UCL,22-23
353eb529,30,Henrique Araújo,POR,FW,Benfica,20,2002,0.1,0,0,0,0,0,0,2,0,0,0,0,0,0,1,0,100.0,Matches,UCL,22-23
2bef2bca,31,Ronald Araújo,URU,DF,Barcelona,23,1999,1.0,0,0,0,1,0,0,0,0,0,0,0,0,1,2,4,33.3,Matches,UCL,22-23
b1313ec4,32,Scott Arfield,CAN,MF,Rangers,33,1988,3.0,0,0,0,3,0,1,2,1,1,0,0,0,17,1,4,20.0,Matches,UCL,22-23
e2ae54db,33,Hákon Arnar Haraldsson,ISL,FW,FC Copenhagen,19,2003,3.3,0,0,0,4,8,1,3,0,3,0,0,0,16,0,9,0.0,Matches,UCL,22-23
28d596a0,34,Kepa Arrizabalaga,ESP,GK,Chelsea,27,1994,9.0,2,0,0,0,0,0,0,1,0,0,0,0,10,2,1,66.7,Matches,UCL,22-23
184ad240,35,Arthur,BRA,"MF,FW",Sporting CP,24,1998,1.2,0,0,0,0,2,1,3,0,2,0,0,0,5,1,1,50.0,Matches,UCL,22-23
45af8a54,36,Marco Asensio,ESP,"FW,MF",Real Madrid,26,1996,3.6,0,0,0,0,3,0,11,5,0,0,0,0,10,1,1,50.0,Matches,UCL,22-23
0fdcef0e,37,Kristjan Asllani,ALB,MF,Inter,20,2002,1.4,0,0,0,1,2,0,8,2,1,0,0,0,8,0,1,0.0,Matches,UCL,22-23
92fffd91,38,Omer Atzili,ISR,"FW,MF",Maccabi Haifa,29,1993,3.4,3,0,0,10,4,1,15,3,3,0,0,0,10,0,3,0.0,Matches,UCL,22-23
d5dd5f1f,39,Pierre-Emerick Aubameyang,GAB,FW,Chelsea,33,1989,4.5,0,0,0,4,2,4,3,0,0,0,0,0,9,3,3,50.0,Matches,UCL,22-23
32feb0cf,40,Lynnt Audoor,BEL,MF,Club Brugge,18,2003,0.1,0,0,0,2,0,0,0,0,0,0,0,0,0,1,0,100.0,Matches,UCL,22-23
f0677ed7,41,Fredrik Aursnes,NOR,"FW,MF",Benfica,26,1995,6.9,0,0,0,6,2,2,7,5,9,0,0,0,28,7,6,53.8,Matches,UCL,22-23
10549b49,42,Sardar Azmoun,IRN,FW,Leverkusen,27,1995,0.1,0,0,0,0,0,1,0,0,0,0,0,0,0,0,1,0.0,Matches,UCL,22-23
53cad200,43,César Azpilicueta,ESP,DF,Chelsea,32,1989,2.9,0,0,0,4,4,0,4,3,5,0,0,0,17,2,1,66.7,Matches,UCL,22-23
ca002b1a,44,Youri Baas,NED,DF,Ajax,19,2003,0.5,0,0,0,0,0,0,0,0,0,0,0,0,1,1,1,50.0,Matches,UCL,22-23
78f21137,45,Alexander Bah,DEN,DF,Benfica,24,1997,7.3,1,0,0,9,8,0,23,17,9,0,1,0,34,6,6,50.0,Matches,UCL,22-23
a1232f4e,46,Eric Bailly,CIV,DF,Marseille,28,1994,3.4,2,0,0,4,4,0,0,15,5,0,0,0,26,5,4,55.6,Matches,UCL,22-23
32e8417f,47,Stefan Bajcetic,ESP,MF,Liverpool,17,2004,1.2,0,0,0,2,0,0,0,1,4,0,0,0,7,0,2,0.0,Matches,UCL,22-23
a8567629,48,Mitchel Bakker,NED,"MF,DF",Leverkusen,22,2000,3.8,2,0,0,6,2,1,6,4,5,1,0,0,30,5,1,83.3,Matches,UCL,22-23
5ccc9672,49,Alejandro Balde,ESP,DF,Barcelona,18,2003,1.9,0,0,0,1,4,0,9,0,0,0,0,0,8,0,3,0.0,Matches,UCL,22-23
7c3ed041,50,Leonardo Balerdi,ARG,DF,Marseille,23,1999,5.5,1,0,0,4,2,0,1,13,6,0,0,0,49,16,7,69.6,Matches,UCL,22-23
f449640d,51,Fodé Ballo-Touré,SEN,"DF,MF",Milan,25,1997,1.5,2,0,0,3,2,0,3,5,2,0,0,0,9,0,2,0.0,Matches,UCL,22-23
6f1d7aa8,52,Tommaso Barbieri,ITA,MF,Juventus,19,2002,0.0,0,0,0,0,0,0,1,0,1,0,0,0,1,0,0,,Matches,UCL,22-23
88ce7ddc,53,Roony Bardghji,SWE,FW,FC Copenhagen,16,2005,1.1,0,0,0,0,0,0,1,0,0,0,0,0,7,0,1,0.0,Matches,UCL,22-23
6928979a,54,Nicolò Barella,ITA,MF,Inter,25,1997,11.0,3,0,0,17,13,3,21,2,14,0,0,0,64,3,11,21.4,Matches,UCL,22-23
712dd708,55,Borna Barišić,CRO,DF,Rangers,29,1992,5.2,1,0,0,2,2,1,27,3,3,0,1,0,21,2,4,33.3,Matches,UCL,22-23
6caffe81,56,Enzo Barrenechea,ARG,DF,Juventus,21,2001,0.0,0,0,0,0,0,0,0,0,0,0,0,0,0,0,0,,Matches,UCL,22-23
45736cec,57,Pablo Barrios,ESP,MF,Atlético Madrid,19,2003,0.1,0,0,0,0,0,0,0,0,0,0,0,0,0,0,1,0.0,Matches,UCL,22-23
a36524bf,58,Calvin Bassey,NGA,DF,Ajax,22,1999,6.0,1,0,0,3,8,0,1,7,9,0,0,0,39,6,8,42.9,Matches,UCL,22-23
29b7b767,59,Fortune Bassey,NGA,FW,Viktoria Plzeň,23,1998,1.5,0,0,0,0,0,0,0,0,0,0,0,0,3,1,6,14.3,Matches,UCL,22-23
75b86fb3,60,Alessandro Bastoni,ITA,DF,Inter,23,1999,10.9,2,0,0,13,7,0,22,9,8,0,0,0,50,18,9,66.7,Matches,UCL,22-23
37d39918,61,Dylan Batubinsika,COD,DF,Maccabi Haifa,26,1996,5.0,0,0,0,3,0,0,0,10,1,0,0,0,28,10,4,71.4,Matches,UCL,22-23
d1eda5f0,62,Martin Baturina,CRO,MF,Dinamo Zagreb,19,2003,0.7,1,0,0,1,3,0,1,0,1,0,0,0,6,0,0,,Matches,UCL,22-23
e3756e72,63,Raoul Bellanova,ITA,"DF,MF",Inter,22,2000,1.3,0,0,0,0,1,0,11,1,1,0,0,0,5,3,1,75.0,Matches,UCL,22-23
f874dd44,64,Héctor Bellerín,ESP,DF,Barcelona,27,1995,2.0,0,0,0,2,0,0,5,1,3,0,0,0,7,0,7,0.0,Matches,UCL,22-23
57d88cf9,65,Jude Bellingham,ENG,MF,Dortmund,19,2003,7.0,2,0,0,6,17,0,5,13,8,0,0,0,32,10,14,41.7,Matches,UCL,22-23
db092d3b,66,Ismaël Bennacer,ALG,MF,Milan,24,1997,6.5,1,0,0,11,12,0,6,7,13,0,0,0,65,6,12,33.3,Matches,UCL,22-23
3b8674e6,67,Rodrigo Bentancur,URU,"MF,FW",Tottenham,25,1997,5.6,2,0,0,8,3,0,3,5,7,0,0,0,41,6,10,37.5,Matches,UCL,22-23
70d74ece,68,Karim Benzema,FRA,FW,Real Madrid,34,1987,8.3,0,0,0,4,2,3,0,0,2,0,0,0,12,3,10,23.1,Matches,UCL,22-23
713c144a,69,Steven Berghuis,NED,"MF,FW",Ajax,30,1991,5.1,1,0,0,3,4,2,24,4,9,0,0,0,23,1,2,33.3,Matches,UCL,22-23
a29b1131,70,Steven Bergwijn,NED,FW,Ajax,24,1997,5.8,1,0,0,7,3,3,3,1,1,0,0,0,23,1,4,20.0,Matches,UCL,22-23
67b09a18,71,Alexandro Bernabei,ARG,FW,Celtic,21,2000,0.1,0,0,0,0,0,0,0,0,0,0,0,0,1,0,1,0.0,Matches,UCL,22-23
17370b95,72,Bernardo,BRA,DF,RB Salzburg,27,1995,3.0,0,0,0,0,3,1,0,5,6,0,0,0,15,5,6,45.5,Matches,UCL,22-23
433dc9a2,73,Juan Bernat,ESP,DF,Paris S-G,29,1993,3.1,0,0,0,0,3,0,2,1,7,1,0,0,13,1,2,33.3,Matches,UCL,22-23
505486d6,74,Victor Bernth Kristiansen,DEN,"DF,MF",FC Copenhagen,19,2002,5.4,0,0,0,5,3,0,18,6,6,0,0,0,23,2,3,40.0,Matches,UCL,22-23
d00fd50a,75,Modou Biramé Ndiaye,SEN,MF,Viktoria Plzeň,25,1996,2.0,1,0,0,1,4,0,0,6,1,0,0,0,23,3,0,100.0,Matches,UCL,22-23
6c203af0,76,Yves Bissouma,MLI,MF,Tottenham,25,1996,1.0,0,0,0,0,0,0,0,2,1,0,0,0,12,2,1,66.7,Matches,UCL,22-23
663e080e,77,Janis Blaswich,GER,GK,RB Leipzig,31,1991,5.9,0,0,0,0,0,0,0,0,0,0,0,0,3,1,0,100.0,Matches,UCL,22-23
691bef82,78,Daley Blind,NED,DF,Ajax,32,1990,4.5,0,0,0,4,0,1,4,4,10,0,0,0,20,7,6,53.8,Matches,UCL,22-23
73b9fa8a,79,Petar Bočkaj,CRO,"DF,FW",Dinamo Zagreb,26,1996,0.4,0,0,0,0,2,0,5,0,0,0,0,0,0,0,0,,Matches,UCL,22-23
08fe932d,80,Nicolai Boilesen,DEN,DF,FC Copenhagen,30,1992,1.1,0,0,0,2,1,0,0,2,0,0,1,0,5,0,0,,Matches,UCL,22-23
7713c72a,81,Valerii Bondar,UKR,DF,Shakhtar,23,1999,6.0,2,0,0,3,0,0,0,7,5,0,0,1,26,5,8,38.5,Matches,UCL,22-23
415568b5,82,Artem Bondarenko,UKR,MF,Shakhtar,21,2000,5.4,1,0,0,6,3,0,2,7,4,0,0,1,29,1,3,25.0,Matches,UCL,22-23
52ec54d0,83,Leonardo Bonucci,ITA,DF,Juventus,35,1987,4.9,0,0,0,6,1,0,1,2,0,0,0,0,30,6,5,54.5,Matches,UCL,22-23
4d1c4a5d,84,Gonçalo Borges,POR,"MF,FW",Porto,21,2001,0.4,1,0,0,2,1,0,1,0,0,0,0,0,3,1,0,100.0,Matches,UCL,22-23
c68da769,85,Rafael Borré,COL,FW,Eint Frankfurt,26,1995,2.5,0,0,0,5,6,3,2,0,1,0,0,0,11,5,9,35.7,Matches,UCL,22-23
f6798fc3,86,Yassine Bounou,MAR,GK,Sevilla,31,1991,4.0,1,0,0,0,0,0,0,0,0,0,0,0,7,0,0,,Matches,UCL,22-23
7c473e12,87,Dedryck Boyata,BEL,DF,Club Brugge,31,1990,1.5,1,0,0,1,0,0,0,7,0,0,0,0,8,1,1,50.0,Matches,UCL,22-23
a167537f,88,Julian Brandt,GER,"MF,FW",Dortmund,26,1996,5.3,0,0,0,6,2,0,18,2,3,0,0,0,24,4,6,40.0,Matches,UCL,22-23
5fd5ed86,89,Gleison Bremer,BRA,DF,Juventus,25,1997,3.0,1,0,0,4,2,0,0,5,3,0,0,0,17,5,5,50.0,Matches,UCL,22-23
4c184730,90,Brian Brobbey,NED,FW,Ajax,20,2002,1.3,0,0,0,1,3,0,1,0,0,1,0,0,0,2,9,18.2,Matches,UCL,22-23
97220da2,91,Armando Broja,ALB,FW,Chelsea,20,2001,1.3,0,0,0,7,0,1,0,0,1,0,0,0,3,2,2,50.0,Matches,UCL,22-23
33b8d077,92,Marcelo Brozović,CRO,MF,Inter,29,1992,6.1,1,0,0,7,5,0,11,9,11,0,0,0,38,6,7,46.2,Matches,UCL,22-23
3235182a,93,Pavel Bucha,CZE,MF,Viktoria Plzeň,24,1998,4.0,0,1,0,1,0,0,4,2,3,0,0,0,24,1,3,25.0,Matches,UCL,22-23
3aca6420,94,Tajon Buchanan,CAN,"DF,MF",Club Brugge,23,1999,5.8,2,0,0,4,14,2,12,0,4,0,0,0,27,5,5,50.0,Matches,UCL,22-23
eaeefc50,95,Marko Bulat,CRO,MF,Dinamo Zagreb,20,2001,0.3,0,0,0,0,0,0,0,0,1,0,0,0,3,0,1,0.0,Matches,UCL,22-23
5ab0ea87,96,Sergio Busquets,ESP,MF,Barcelona,34,1988,3.2,3,0,0,4,9,0,0,4,8,0,0,0,23,7,2,77.8,Matches,UCL,22-23
b4705807,97,Aurélio Buta,POR,DF,Eint Frankfurt,25,1997,1.8,0,0,0,1,0,0,5,1,4,0,1,0,7,5,3,62.5,Matches,UCL,22-23
e34e086c,98,Jovane Cabral,CPV,MF,Sporting CP,24,1998,0.1,0,0,0,0,0,0,2,0,0,0,0,0,2,0,0,,Matches,UCL,22-23
2146785a,99,Davide Calabria,ITA,DF,Milan,25,1996,5.5,2,0,0,6,4,0,12,15,10,0,0,0,32,3,1,75.0,Matches,UCL,22-23
cd0fa27b,100,Hakan Çalhanoğlu,TUR,MF,Inter,28,1994,8.9,1,0,0,15,13,1,47,8,11,0,0,0,69,7,5,58.3,Matches,UCL,22-23
7b9c2d84,101,Eduardo Camavinga,FRA,"MF,DF",Real Madrid,19,2002,8.0,3,0,0,14,16,0,3,6,17,0,0,0,39,3,3,50.0,Matches,UCL,22-23
a65ce836,102,Emre Can,GER,MF,Dortmund,28,1994,6.3,2,0,0,12,2,0,1,13,12,0,1,0,42,3,7,30.0,Matches,UCL,22-23
bd6351cd,103,João Cancelo,POR,DF,Bayern Munich,28,1994,1.4,1,0,0,1,1,0,5,0,2,0,0,0,16,0,1,0.0,Matches,UCL,22-23
bd6351cd,104,João Cancelo,POR,DF,Manchester City,28,1994,4.2,1,0,0,5,3,2,24,3,7,0,0,0,28,3,2,60.0,Matches,UCL,22-23
6885cc44,105,Nicolás Capaldo,ARG,MF,RB Salzburg,24,1997,3.0,2,0,0,10,2,0,5,4,4,0,0,0,20,3,6,33.3,Matches,UCL,22-23
707b98f1,106,Valentin Carboni,ARG,FW,Inter,17,2005,0.2,1,0,0,1,0,0,0,0,0,0,0,0,0,0,1,0.0,Matches,UCL,22-23
4a5839fa,107,Fábio Cardoso,POR,DF,Porto,28,1994,4.0,1,0,0,4,1,0,1,3,3,0,0,0,19,8,10,44.4,Matches,UCL,22-23
3ce20eda,108,David Carmo,ANG,DF,Porto,23,1999,5.0,3,0,0,4,2,0,2,4,2,0,2,0,11,6,5,54.5,Matches,UCL,22-23
2dce876a,109,Carmona,ESP,DF,Sevilla,20,2002,5.0,2,0,0,4,4,0,10,3,4,0,0,0,13,3,4,42.9,Matches,UCL,22-23
de39485a,110,Yannick Carrasco,BEL,"DF,MF",Atlético Madrid,28,1993,3.0,0,0,0,3,0,2,23,1,4,0,0,0,14,0,2,0.0,Matches,UCL,22-23
88ced02c,111,Cameron Carter-Vickers,USA,DF,Celtic,24,1997,4.0,0,0,0,1,1,0,0,4,2,0,0,0,16,6,3,66.7,Matches,UCL,22-23
4958bfb2,112,Dani Carvajal,ESP,DF,Real Madrid,30,1992,9.7,3,0,0,10,10,1,20,7,11,0,0,0,37,6,7,46.2,Matches,UCL,22-23
966e28d0,113,Fabio Carvalho,POR,"MF,FW",Liverpool,19,2002,1.3,0,0,0,0,1,0,1,0,1,0,0,0,9,0,1,0.0,Matches,UCL,22-23
2ef08833,114,Marc Casado,ESP,MF,Barcelona,18,2003,0.3,0,0,0,0,1,0,0,0,0,0,0,0,2,1,0,100.0,Matches,UCL,22-23
c0617e2b,115,Dani Ceballos,ESP,MF,Real Madrid,25,1996,1.0,0,0,0,2,4,0,1,0,1,0,0,0,9,0,0,,Matches,UCL,22-23
a33a0dc0,116,Aleš Čermák,CZE,MF,Viktoria Plzeň,27,1994,0.4,0,0,0,1,0,0,2,2,1,0,0,0,4,0,0,,Matches,UCL,22-23
2180c761,117,El Chadaille Bitshiabu,FRA,DF,Paris S-G,17,2005,0.5,0,0,0,0,0,0,0,0,1,0,0,0,1,1,3,25.0,Matches,UCL,22-23
5515376c,118,Trevoh Chalobah,ENG,DF,Chelsea,23,1999,4.9,0,0,0,1,3,0,0,5,6,0,0,0,24,10,3,76.9,Matches,UCL,22-23
b3b7f5a6,119,Timothy Chandler,USA,DF,Eint Frankfurt,32,1990,0.1,0,0,0,0,0,0,0,0,0,0,0,0,0,0,0,,Matches,UCL,22-23
71031a25,120,Tjaronn Chery,SUR,"MF,FW",Maccabi Haifa,34,1988,6.0,1,0,0,3,2,2,14,1,1,0,0,0,27,1,0,100.0,Matches,UCL,22-23
b0f7e36c,121,Federico Chiesa,ITA,FW,Juventus,24,1997,0.2,0,0,0,1,0,1,0,0,0,0,0,0,1,0,0,,Matches,UCL,22-23
d2424d1b,122,Ben Chilwell,ENG,"DF,MF",Chelsea,25,1996,6.2,1,1,0,10,11,2,34,4,8,0,0,0,33,3,4,42.9,Matches,UCL,22-23
262e5a82,123,Chiquinho,POR,MF,Benfica,27,1995,4.5,0,0,0,3,7,1,12,7,6,0,0,0,32,3,6,33.3,Matches,UCL,22-23
163bbd4a,124,Tomáš Chorý,CZE,FW,Viktoria Plzeň,27,1995,4.0,2,0,0,9,7,3,0,1,1,1,0,0,5,18,14,56.3,Matches,UCL,22-23
1cb49278,125,Andreas Christensen,DEN,DF,Barcelona,26,1996,2.4,0,0,0,2,2,0,0,3,1,0,0,0,13,4,0,100.0,Matches,UCL,22-23
b3a712de,126,Viktor Claesson,SWE,"FW,MF",FC Copenhagen,30,1992,5.4,2,0,0,6,5,1,0,9,8,0,0,0,41,8,14,36.4,Matches,UCL,22-23
5219ab4a,127,Jonathan Clauss,FRA,DF,Marseille,29,1992,4.6,1,0,0,1,1,0,12,5,1,0,0,0,19,0,2,0.0,Matches,UCL,22-23
b9beb6c5,128,William Clem,DEN,MF,FC Copenhagen,18,2004,1.9,0,0,0,1,2,0,0,4,2,0,0,0,12,0,0,,Matches,UCL,22-23
1fbbfbde,129,Sebastián Coates,URU,DF,Sporting CP,31,1990,4.4,1,0,0,2,1,0,0,6,3,0,1,0,20,6,5,54.5,Matches,UCL,22-23
75c2e240,130,Josh Cohen,USA,GK,Maccabi Haifa,29,1992,6.0,0,0,0,0,1,0,0,0,0,0,0,0,7,0,0,,Matches,UCL,22-23
bfde3de5,131,Antonio Čolak,CRO,FW,Rangers,28,1993,3.2,0,0,0,3,3,4,1,1,0,0,0,0,7,6,14,30.0,Matches,UCL,22-23
042e8a49,132,Kingsley Coman,FRA,"FW,DF",Bayern Munich,26,1996,5.9,0,0,0,1,12,2,27,2,8,0,0,0,35,6,5,54.5,Matches,UCL,22-23
5ef3d210,133,Francisco Conceição,POR,"FW,MF",Ajax,19,2002,0.2,1,0,0,1,3,0,0,0,0,0,0,0,3,0,1,0.0,Matches,UCL,22-23
6fee9966,134,Rodrigo Conceição,POR,DF,Porto,22,2000,0.1,0,0,0,1,0,0,0,0,1,0,0,0,0,0,0,,Matches,UCL,22-23
c693347d,135,Andreas Cornelius,DEN,FW,FC Copenhagen,29,1993,1.2,0,0,0,4,3,1,0,0,1,0,0,0,2,6,6,50.0,Matches,UCL,22-23
edeb21ff,136,Pierre Cornud,FRA,DF,Maccabi Haifa,25,1996,4.1,1,0,0,2,2,0,21,3,4,0,0,0,16,5,3,62.5,Matches,UCL,22-23
01eb744d,137,Ángel Correa,ARG,"FW,MF",Atlético Madrid,27,1995,3.5,0,0,0,3,4,4,8,0,0,0,0,0,8,1,3,25.0,Matches,UCL,22-23
45b9b619,138,Joaquín Correa,ARG,FW,Inter,27,1994,3.4,0,0,0,3,4,3,0,0,1,0,0,0,12,1,4,20.0,Matches,UCL,22-23
7b4c1f6e,139,Bruno Xavier Almeida Costa,POR,MF,Porto,25,1997,0.8,0,0,0,1,1,0,3,1,2,0,0,0,4,0,0,,Matches,UCL,22-23
93fffbcf,140,Diogo Costa,POR,GK,Porto,22,1999,8.0,0,0,0,0,1,0,0,0,0,0,0,0,5,2,0,100.0,Matches,UCL,22-23
9dff291c,141,Soumaïla Coulibaly,FRA,DF,Dortmund,18,2003,0.2,0,0,0,1,0,0,0,1,0,0,0,0,1,0,0,,Matches,UCL,22-23
1840e36d,142,Thibaut Courtois,BEL,GK,Real Madrid,30,1992,10.0,0,0,0,0,0,0,0,0,1,0,0,0,8,4,0,100.0,Matches,UCL,22-23
0ab1f153,143,Juan Cuadrado,COL,"DF,MF",Juventus,34,1988,4.8,0,0,0,4,17,1,24,8,7,0,1,0,30,2,4,33.3,Matches,UCL,22-23
1daec722,144,Marc Cucurella,ESP,DF,Chelsea,24,1998,4.6,2,0,0,6,6,2,13,8,9,0,0,0,40,7,4,63.6,Matches,UCL,22-23
dc62b55d,145,Matheus Cunha,BRA,"FW,MF",Atlético Madrid,23,1999,1.4,0,0,0,2,3,1,3,1,1,1,0,0,5,0,8,0.0,Matches,UCL,22-23
44eb9093,146,Danilo D'Ambrosio,ITA,DF,Inter,33,1988,1.8,0,0,0,3,4,1,2,4,1,0,0,1,10,4,3,57.1,Matches,UCL,22-23
94b2001f,147,Danilo,BRA,DF,Juventus,31,1991,4.7,3,0,0,4,1,0,8,7,2,0,0,0,18,6,3,66.7,Matches,UCL,22-23
f08490a6,148,Arnaut Danjuma,NED,MF,Tottenham,25,1997,0.1,0,0,0,0,0,0,0,0,0,0,0,0,0,0,0,,Matches,UCL,22-23
06a1d642,149,Mohammed Daramy,DEN,FW,FC Copenhagen,20,2002,4.9,1,0,0,2,5,4,5,4,1,0,0,0,16,2,0,100.0,Matches,UCL,22-23
96e0490d,150,Matteo Darmian,ITA,DF,Inter,32,1989,9.1,1,0,0,10,4,1,10,19,11,0,0,0,35,7,9,43.8,Matches,UCL,22-23
40f65c01,151,Dean David,ISR,"FW,DF",Maccabi Haifa,26,1996,2.6,0,0,0,2,1,1,2,0,2,0,0,0,10,3,6,33.3,Matches,UCL,22-23
d781d855,152,Alphonso Davies,CAN,DF,Bayern Munich,21,2000,6.7,1,0,0,4,4,1,6,8,10,0,0,0,56,0,2,0.0,Matches,UCL,22-23
44781702,153,Ben Davies,WAL,DF,Tottenham,29,1993,4.4,0,0,0,6,3,2,2,5,6,0,0,0,17,7,2,77.8,Matches,UCL,22-23
c9009a1f,154,Ben Davies,ENG,DF,Rangers,26,1995,2.9,1,0,0,2,1,0,0,4,1,0,0,0,15,5,3,62.5,Matches,UCL,22-23
cf15bbb1,155,Steven Davis,NIR,MF,Rangers,37,1985,2.8,0,0,0,0,1,0,0,2,4,0,0,0,21,4,1,80.0,Matches,UCL,22-23
e46012d4,156,Kevin De Bruyne,BEL,MF,Manchester City,31,1991,8.0,1,0,0,5,7,1,77,2,3,0,0,0,23,1,2,33.3,Matches,UCL,22-23
2ef7c612,157,Charles De Ketelaere,BEL,"MF,FW",Milan,21,2001,2.6,1,0,0,5,1,0,3,3,1,0,0,0,12,2,4,33.3,Matches,UCL,22-23
162efffd,158,Rodrigo De Paul,ARG,MF,Atlético Madrid,28,1994,2.8,1,0,0,2,8,1,20,3,2,0,0,0,18,0,0,,Matches,UCL,22-23
ae4e2852,159,Mattia De Sciglio,ITA,DF,Juventus,29,1992,1.1,0,0,0,1,1,1,6,1,1,0,0,0,2,0,2,0.0,Matches,UCL,22-23
bc6e544a,160,Amar Dedić,BIH,DF,RB Salzburg,19,2002,6.0,0,0,0,6,6,0,9,9,11,0,0,0,31,5,6,45.5,Matches,UCL,22-23
fe641c1a,161,Thomas Delaney,DEN,MF,Sevilla,30,1991,2.6,0,0,0,2,4,0,1,1,2,0,0,0,14,4,1,80.0,Matches,UCL,22-23
b19db005,162,Ousmane Dembélé,FRA,FW,Barcelona,25,1997,4.6,1,0,0,5,6,2,51,2,7,0,0,0,16,2,1,66.7,Matches,UCL,22-23
54b4dc4e,163,Kerem Demirbay,GER,MF,Leverkusen,29,1993,3.0,1,0,0,9,4,1,28,3,5,0,0,0,24,1,1,50.0,Matches,UCL,22-23
5976f83e,164,Sergiño Dest,USA,DF,Milan,21,2000,2.1,0,0,0,2,1,1,3,1,1,0,0,0,15,1,2,33.3,Matches,UCL,22-23
230a2fac,165,Giovanni Di Lorenzo,ITA,DF,Napoli,28,1993,9.9,2,0,0,12,9,0,23,12,10,0,0,0,56,14,15,48.3,Matches,UCL,22-23
19cda00b,166,Ángel Di María,ARG,FW,Juventus,34,1988,1.6,0,0,0,1,2,0,10,0,0,0,0,0,12,0,1,0.0,Matches,UCL,22-23
aeed5c06,167,Moussa Diaby,FRA,"FW,MF",Leverkusen,23,1999,5.6,0,0,0,3,2,1,16,0,2,0,0,0,21,0,5,0.0,Matches,UCL,22-23
fc62f087,168,Abdou Diallo,SEN,"DF,MF",RB Leipzig,26,1996,2.5,0,0,0,0,2,0,1,1,2,0,0,0,14,4,4,50.0,Matches,UCL,22-23
31c69ef1,169,Rúben Dias,POR,DF,Manchester City,25,1997,11.7,2,0,0,8,1,0,2,7,18,0,0,0,55,22,15,59.5,Matches,UCL,22-23
407feb71,170,Brahim Díaz,MAR,"MF,FW",Milan,22,1999,6.7,1,0,0,11,23,0,7,6,3,0,0,0,25,4,7,36.4,Matches,UCL,22-23
4a1a9578,171,Luis Díaz,COL,FW,Liverpool,25,1997,3.0,0,0,0,6,5,2,2,0,2,1,0,0,14,7,3,70.0,Matches,UCL,22-23
ac861941,172,Eric Dier,ENG,DF,Tottenham,28,1994,6.9,3,0,0,11,0,0,4,8,5,0,0,0,40,18,13,58.1,Matches,UCL,22-23
f179ee11,173,Kevin Diks,NED,DF,FC Copenhagen,25,1996,3.7,0,0,0,5,1,0,2,4,7,0,0,0,14,8,3,72.7,Matches,UCL,22-23
970b8574,174,Federico Dimarco,ITA,DF,Inter,24,1997,8.1,2,0,0,7,9,1,63,10,6,0,0,0,47,2,7,22.2,Matches,UCL,22-23
95bb6ddc,175,Junior Dina Ebimbe,FRA,"MF,DF",Eint Frankfurt,21,2000,2.7,1,0,0,9,4,0,3,1,6,0,0,0,19,2,5,28.6,Matches,UCL,22-23
ac295d9e,176,Marko Dmitrović,SRB,GK,Sevilla,30,1992,2.0,0,0,0,0,0,0,0,0,0,0,0,0,1,2,0,100.0,Matches,UCL,22-23
d557d734,177,Matt Doherty,IRL,DF,Tottenham,30,1992,0.8,0,0,0,2,0,0,1,2,1,0,0,0,4,2,0,100.0,Matches,UCL,22-23
cc83b74d,178,Kasper Dolberg,DEN,FW,Sevilla,24,1997,1.2,0,0,0,3,1,1,0,1,0,0,0,0,3,2,4,33.3,Matches,UCL,22-23
08f5afaa,179,Gianluigi Donnarumma,ITA,GK,Paris S-G,23,1999,8.0,0,0,0,0,1,0,0,0,0,0,0,0,8,0,0,,Matches,UCL,22-23
1a992676,180,Julian Draxler,GER,MF,Benfica,28,1993,0.4,0,0,0,0,0,0,0,0,0,0,0,0,5,2,1,66.7,Matches,UCL,22-23
15ea94de,181,Josip Drmić,SUI,FW,Dinamo Zagreb,29,1992,1.1,0,0,0,0,0,1,1,0,0,0,0,0,1,1,3,25.0,Matches,UCL,22-23
481c9ece,182,Denzel Dumfries,NED,DF,Inter,26,1996,9.8,0,0,0,14,22,5,21,8,6,0,0,0,39,26,15,63.4,Matches,UCL,22-23
3bb7f478,183,Edin Džeko,BIH,FW,Inter,36,1986,9.2,2,0,0,13,14,2,7,0,2,0,0,0,16,39,26,60.0,Matches,UCL,22-23
3bb7b8b4,184,Ederson,BRA,GK,Manchester City,28,1993,11.0,2,0,0,0,1,0,0,0,0,0,0,0,15,0,0,,Matches,UCL,22-23
c8d1c3a5,185,Jorge Eduardo Sánchez,MEX,DF,Ajax,24,1997,3.0,1,0,0,4,1,0,3,2,4,0,0,0,14,1,1,50.0,Matches,UCL,22-23
57760e66,186,Marcus Edwards,ENG,"FW,MF",Sporting CP,23,1998,3.9,0,0,0,2,5,1,6,1,0,0,0,0,16,1,2,33.3,Matches,UCL,22-23
5b92d896,187,Hugo Ekitike,FRA,"MF,FW",Paris S-G,20,2002,0.7,0,0,0,2,0,0,0,0,1,0,0,0,4,1,1,50.0,Matches,UCL,22-23
b9e1436c,188,Harvey Elliott,ENG,MF,Liverpool,19,2003,4.4,1,0,0,5,5,0,5,5,5,0,0,0,30,2,4,33.3,Matches,UCL,22-23
cf007308,189,Elif Elmas,MKD,"FW,MF",Napoli,22,1999,3.2,1,0,0,5,5,0,1,0,1,0,0,0,23,0,2,0.0,Matches,UCL,22-23
df8b52a5,190,Emerson,BRA,"DF,MF",Tottenham,23,1999,6.0,1,0,0,8,12,2,15,3,11,0,0,0,28,9,10,47.4,Matches,UCL,22-23
04e17fd5,191,Youssef En-Nesyri,MAR,FW,Sevilla,25,1997,2.7,0,0,0,1,1,3,2,2,2,0,0,0,4,5,7,41.7,Matches,UCL,22-23
12dcbdcc,192,Ricardo Esgaio,POR,"DF,MF",Sporting CP,29,1993,1.2,3,1,1,2,1,0,1,0,5,0,1,0,6,0,1,0.0,Matches,UCL,22-23
1e4319ac,193,Dario Essugo,POR,MF,Sporting CP,17,2005,0.3,0,0,0,0,1,0,1,0,2,0,0,0,3,0,0,,Matches,UCL,22-23
577efaec,194,Stephen Eustáquio,CAN,MF,Porto,25,1996,6.6,1,0,0,3,7,0,22,11,7,0,0,0,35,8,5,61.5,Matches,UCL,22-23
6f3cc2fe,195,Evanilson,BRA,FW,Porto,22,1999,5.7,0,0,0,5,15,6,1,1,3,0,0,0,23,13,18,41.9,Matches,UCL,22-23
7f3b388c,196,Fabinho,BRA,MF,Liverpool,28,1993,7.0,0,0,0,12,4,0,1,9,8,0,0,0,38,10,7,58.8,Matches,UCL,22-23
366be751,197,Nicolò Fagioli,ITA,MF,Juventus,21,2001,1.2,1,0,0,1,3,0,1,1,0,0,0,0,7,0,3,0.0,Matches,UCL,22-23
762179d9,198,Rasmus Falk,DEN,MF,FC Copenhagen,30,1992,2.1,0,0,0,0,4,0,0,7,1,0,0,0,15,0,0,,Matches,UCL,22-23
bceda5ff,199,Abdul Fatawu Issahaku,GHA,"MF,DF",Sporting CP,18,2004,1.0,0,0,0,0,2,0,2,0,3,0,0,0,5,1,3,25.0,Matches,UCL,22-23
0ba976e4,200,Ansu Fati,ESP,FW,Barcelona,19,2002,2.7,0,0,0,6,0,0,4,0,1,0,0,0,6,1,7,12.5,Matches,UCL,22-23
51a3c4c8,201,Felipe,BRA,DF,Atlético Madrid,33,1989,1.0,0,0,0,0,0,0,0,1,4,0,0,0,5,4,1,80.0,Matches,UCL,22-23
8aafd64f,202,João Félix,POR,"FW,MF",Chelsea,22,1999,2.7,0,0,0,1,6,1,12,0,1,0,0,0,16,3,3,50.0,Matches,UCL,22-23
8aafd64f,203,João Félix,POR,FW,Atlético Madrid,22,1999,2.4,0,0,0,1,10,1,6,0,0,0,0,0,10,3,0,100.0,Matches,UCL,22-23
ef491564,204,Mateus Fernandes,POR,MF,Sporting CP,18,2004,0.3,0,0,0,2,1,0,0,0,0,0,0,0,1,2,0,100.0,Matches,UCL,22-23
5ff4ab71,205,Enzo Fernández,ARG,MF,Benfica,21,2001,4.7,3,0,0,15,4,0,9,9,7,0,0,0,37,1,1,50.0,Matches,UCL,22-23
5ff4ab71,206,Enzo Fernández,ARG,MF,Chelsea,21,2001,3.7,1,0,0,4,4,0,5,1,7,0,0,0,28,4,5,44.4,Matches,UCL,22-23
d9d43555,207,Fernando,BRA,FW,RB Salzburg,23,1999,0.7,0,0,0,1,5,0,0,1,0,0,0,0,1,1,0,100.0,Matches,UCL,22-23
41f32541,208,Fernando,BRA,MF,Sevilla,35,1987,1.0,0,0,0,1,2,0,0,1,0,0,0,0,6,3,2,60.0,Matches,UCL,22-23
4c370d81,209,Roberto Firmino,BRA,"FW,MF",Liverpool,30,1991,4.6,0,0,0,7,0,0,1,6,2,0,0,0,20,8,7,53.3,Matches,UCL,22-23
ed1e53f3,210,Phil Foden,ENG,"MF,FW",Manchester City,22,2000,4.3,1,0,0,4,9,2,22,5,4,0,0,0,19,1,6,14.3,Matches,UCL,22-23
132a82f1,211,Wesley Fofana,FRA,DF,Chelsea,21,2000,4.4,1,0,0,10,2,0,1,4,9,0,0,0,36,11,7,61.1,Matches,UCL,22-23
58c6b67c,212,Bernardo Folha,POR,MF,Porto,20,2002,0.1,0,0,0,1,0,0,0,0,1,0,0,0,2,0,0,,Matches,UCL,22-23
e73659d3,213,James Forrest,SCO,FW,Celtic,31,1991,1.0,0,0,0,0,0,0,10,1,1,0,0,0,3,0,4,0.0,Matches,UCL,22-23
9a2e0ccc,214,Emil Forsberg,SWE,"MF,FW",RB Leipzig,30,1991,4.5,0,0,0,6,7,2,2,1,4,0,0,0,15,0,2,0.0,Matches,UCL,22-23
c3e39f12,215,Fraser Forster,ENG,GK,Tottenham,34,1988,2.0,0,0,0,0,0,0,0,0,0,0,0,0,2,0,0,,Matches,UCL,22-23
a9142dc3,216,Timothy Fosu-Mensah,NED,"MF,DF",Leverkusen,24,1998,0.1,0,0,0,0,0,0,0,1,1,0,0,0,1,0,1,0.0,Matches,UCL,22-23
f620b04f,217,Lassina Franck Traoré,BFA,FW,Shakhtar,21,2001,2.7,0,0,0,4,4,3,0,0,0,0,0,0,3,5,5,50.0,Matches,UCL,22-23
86df4d6b,218,André Franco,POR,MF,Porto,24,1998,0.2,0,0,0,0,0,0,6,0,1,0,0,0,0,1,0,100.0,Matches,UCL,22-23
74f2e748,219,Jeremie Frimpong,NED,"MF,FW",Leverkusen,21,2000,4.2,2,1,1,4,7,1,10,5,5,0,0,0,21,6,9,40.0,Matches,UCL,22-23
fd4d5f81,220,Kyogo Furuhashi,JPN,FW,Celtic,27,1995,4.0,1,0,0,5,2,0,3,0,0,0,0,0,5,1,4,20.0,Matches,UCL,22-23
c235e803,221,Matteo Gabbia,ITA,DF,Milan,22,1999,2.3,1,0,0,5,3,0,0,3,1,0,0,0,13,1,0,100.0,Matches,UCL,22-23
3b387cc7,222,Gianluca Gaetano,ITA,MF,Napoli,22,2000,0.3,0,0,0,2,0,0,0,0,0,0,0,0,1,1,0,100.0,Matches,UCL,22-23
ce30bfc8,223,Roberto Gagliardini,ITA,MF,Inter,28,1994,1.3,1,0,0,6,3,0,1,2,2,0,0,0,7,1,2,33.3,Matches,UCL,22-23
1971591f,224,Cody Gakpo,NED,"FW,MF",Liverpool,23,1999,1.7,0,0,0,1,3,1,4,1,5,0,0,0,10,0,0,,Matches,UCL,22-23
5b3d1a7a,225,Galeno,BRA,"FW,MF",Porto,24,1997,6.3,0,0,0,4,18,1,13,10,1,2,0,0,34,10,11,47.6,Matches,UCL,22-23
c2731c10,226,Conor Gallagher,ENG,MF,Chelsea,22,2000,3.3,2,0,0,5,6,0,10,5,6,0,0,0,18,3,1,75.0,Matches,UCL,22-23
2bed3eab,227,Eric García,ESP,DF,Barcelona,21,2001,2.5,0,0,0,2,0,1,2,4,2,0,0,0,13,1,2,33.3,Matches,UCL,22-23
18dd3219,228,Federico Gatti,ITA,DF,Juventus,24,1998,2.0,1,0,0,4,3,0,1,2,2,0,0,0,7,5,2,71.4,Matches,UCL,22-23
19cae58d,229,Gavi,ESP,MF,Barcelona,17,2004,3.7,2,0,0,5,8,1,7,5,6,0,0,0,20,5,5,50.0,Matches,UCL,22-23
8827bf46,230,Gerson,BRA,MF,Marseille,25,1997,1.3,0,0,0,2,6,0,2,0,1,0,0,0,4,2,3,40.0,Matches,UCL,22-23
8d3d3b0a,231,Giorgos Giakoumakis,GRE,FW,Celtic,27,1994,2.7,0,0,0,8,4,0,0,4,3,0,0,0,13,6,3,66.7,Matches,UCL,22-23
41eebdf5,232,Samuel Gigot,FRA,DF,Marseille,28,1993,2.8,0,0,0,2,3,0,2,4,0,0,0,0,13,7,2,77.8,Matches,UCL,22-23
7b5ab7f2,233,Bryan Gil,ESP,MF,Tottenham,21,2001,0.4,0,0,0,0,3,0,3,2,0,1,0,0,7,0,1,0.0,Matches,UCL,22-23
1338e42b,234,Gilberto,BRA,DF,Benfica,29,1993,2.2,1,0,0,2,3,0,6,6,5,1,0,0,15,2,1,66.7,Matches,UCL,22-23
16ceb862,235,Olivier Giroud,FRA,FW,Milan,35,1986,10.4,1,0,0,12,8,9,2,2,6,0,0,0,17,50,36,58.1,Matches,UCL,22-23
10745192,236,Jamie Gittens,ENG,MF,Dortmund,17,2004,0.4,0,0,0,0,1,0,1,0,0,0,0,0,2,0,0,,Matches,UCL,22-23
88e357ef,237,Serge Gnabry,GER,"FW,MF",Bayern Munich,27,1995,3.8,0,0,0,4,0,5,4,0,3,0,0,0,7,0,3,0.0,Matches,UCL,22-23
0d4fd3a0,238,Sean Goldberg,ISR,DF,Maccabi Haifa,27,1995,6.0,0,0,0,6,0,0,0,4,6,0,0,1,27,8,3,72.7,Matches,UCL,22-23
56f6f826,239,Connor Goldson,ENG,DF,Rangers,29,1992,3.5,0,0,0,1,4,0,0,5,3,0,0,0,14,1,1,50.0,Matches,UCL,22-23
7a11550b,240,Joe Gomez,ENG,DF,Liverpool,25,1997,3.3,1,0,0,6,1,0,2,5,2,0,0,0,33,7,0,100.0,Matches,UCL,22-23
6e4df551,241,Papu Gómez,ARG,"FW,MF",Sevilla,34,1988,2.7,0,0,0,2,5,0,6,3,2,0,0,0,7,0,3,0.0,Matches,UCL,22-23
01e5f06e,242,Sergio Gómez,ESP,"DF,MF",Manchester City,21,2000,3.4,0,1,0,3,1,0,15,2,1,0,0,0,11,6,4,60.0,Matches,UCL,22-23
f4b52308,243,Diogo Gonçalves,POR,"FW,MF",Benfica,25,1997,0.4,0,0,0,2,2,0,2,0,0,0,0,0,4,0,2,0.0,Matches,UCL,22-23
c275947b,244,Pedro Gonçalves,POR,"MF,FW",Sporting CP,24,1998,4.0,2,1,1,11,4,0,4,3,4,0,0,0,21,1,4,20.0,Matches,UCL,22-23
cc86b9a3,245,Leon Goretzka,GER,MF,Bayern Munich,27,1995,6.7,1,0,0,12,0,0,4,7,9,0,0,0,46,7,6,53.8,Matches,UCL,22-23
2d970560,246,Robin Gosens,GER,DF,Inter,28,1994,4.7,1,0,0,7,3,0,12,5,13,0,0,0,23,5,9,35.7,Matches,UCL,22-23
9efa1d25,247,Mario Götze,GER,"MF,FW",Eint Frankfurt,30,1992,5.8,2,0,0,7,10,1,12,3,3,0,0,0,33,1,4,20.0,Matches,UCL,22-23
3cd7820a,248,Lucas Gourna-Douath,FRA,MF,RB Salzburg,18,2003,3.5,2,0,0,8,10,0,1,4,6,0,0,0,44,5,2,71.4,Matches,UCL,22-23
62182b1d,249,Kamil Grabara,POL,GK,FC Copenhagen,23,1999,4.0,0,0,0,0,0,0,0,0,0,0,0,0,1,1,0,100.0,Matches,UCL,22-23
b8e740fb,250,Ryan Gravenberch,NED,MF,Bayern Munich,20,2002,2.8,0,0,0,7,3,0,3,3,5,0,0,0,12,5,2,71.4,Matches,UCL,22-23
3f034750,251,Ivo Grbić,CRO,GK,Atlético Madrid,26,1996,1.0,0,0,0,0,0,0,0,0,0,0,0,0,2,0,0,,Matches,UCL,22-23
b0b4fd3e,252,Jack Grealish,ENG,FW,Manchester City,26,1995,10.4,1,0,0,12,32,0,21,4,5,0,0,0,49,4,8,33.3,Matches,UCL,22-23
df69b544,253,Antoine Griezmann,FRA,"FW,MF",Atlético Madrid,31,1991,4.5,0,0,0,3,4,6,20,2,5,0,0,0,17,4,7,36.4,Matches,UCL,22-23
ffbbc83b,254,Florian Grillitsch,AUT,MF,Ajax,26,1995,0.7,0,0,0,0,1,0,3,0,1,0,0,0,4,0,1,0.0,Matches,UCL,22-23
b1f4086c,255,Álex Grimaldo,ESP,DF,Benfica,26,1995,10.0,0,0,0,3,5,1,27,13,10,0,0,0,63,5,10,33.3,Matches,UCL,22-23
8b8e759d,256,Marko Grujić,SRB,MF,Porto,26,1996,3.1,1,0,0,6,2,0,2,4,5,0,0,0,16,12,9,57.1,Matches,UCL,22-23
0076ab7f,257,Nemanja Gudelj,SRB,"DF,MF",Sevilla,30,1991,5.5,2,0,0,4,4,0,0,2,2,0,0,0,22,13,7,65.0,Matches,UCL,22-23
e6bc67d7,258,Gonçalo Guedes,POR,"FW,MF",Benfica,25,1996,0.5,0,0,0,0,1,2,1,0,0,0,0,0,3,1,0,100.0,Matches,UCL,22-23
5ea8ef20,259,Mattéo Guendouzi,FRA,MF,Marseille,23,1999,4.6,1,0,0,2,6,0,5,6,3,0,0,0,26,1,3,25.0,Matches,UCL,22-23
048a1cbc,260,Raphaël Guerreiro,POR,DF,Dortmund,28,1993,5.3,0,0,0,3,8,0,10,10,4,0,0,0,26,3,4,42.9,Matches,UCL,22-23
7155e3e1,261,Pape Gueye,SEN,MF,Marseille,23,1999,0.4,0,0,0,1,2,0,0,1,0,0,0,0,4,0,1,0.0,Matches,UCL,22-23
bcb2ccd8,262,Péter Gulácsi,HUN,GK,RB Leipzig,32,1990,2.1,0,0,0,0,0,0,0,0,0,0,0,0,1,0,0,,Matches,UCL,22-23
819b3158,263,İlkay Gündoğan,GER,MF,Manchester City,31,1990,11.0,4,0,0,6,17,0,8,7,8,0,0,0,63,9,9,50.0,Matches,UCL,22-23
5ad50391,264,Joško Gvardiol,CRO,DF,RB Leipzig,20,2002,6.0,0,0,0,1,5,0,0,4,6,0,0,0,33,3,6,33.3,Matches,UCL,22-23
1f44ac21,265,Erling Haaland,NOR,FW,Manchester City,22,2000,9.3,1,0,0,11,7,4,1,2,0,0,0,0,14,17,11,60.7,Matches,UCL,22-23
92432bc6,266,Amadou Haidara,MLI,MF,RB Leipzig,24,1998,3.8,1,0,0,2,2,0,0,10,9,0,0,0,37,3,4,42.9,Matches,UCL,22-23
e42d61c7,267,Achraf Hakimi,MAR,"DF,MF",Paris S-G,23,1998,6.4,1,0,0,3,1,1,11,8,6,0,0,0,31,4,3,57.1,Matches,UCL,22-23
d2fd7c14,268,Sead Haksabanović,MNE,"MF,FW",Celtic,23,1999,2.5,0,0,0,2,7,0,18,2,3,0,0,0,12,1,1,50.0,Matches,UCL,22-23
ba115a40,269,Sébastien Haller,CIV,FW,Dortmund,28,1994,1.6,0,0,0,1,2,0,0,0,0,0,0,0,4,3,5,37.5,Matches,UCL,22-23
8ff2354e,270,Marcel Halstenberg,GER,DF,RB Leipzig,30,1991,1.9,0,0,0,2,2,0,10,6,0,0,0,0,6,1,1,50.0,Matches,UCL,22-23
e7d59f4f,271,Amine Harit,MAR,MF,Marseille,25,1997,4.2,0,0,0,4,11,2,13,3,0,1,0,0,19,3,5,37.5,Matches,UCL,22-23
cb4f24c6,272,Joe Hart,ENG,GK,Celtic,35,1987,6.0,0,0,0,0,0,0,0,1,0,0,0,0,5,0,0,,Matches,UCL,22-23
9ab16552,273,Makoto Hasebe,JPN,DF,Eint Frankfurt,38,1984,2.9,2,0,0,3,8,0,0,2,2,0,0,0,31,4,1,80.0,Matches,UCL,22-23
78f85621,274,Reo Hatate,JPN,MF,Celtic,24,1997,5.0,1,0,0,2,4,0,1,3,1,0,0,0,39,1,3,25.0,Matches,UCL,22-23
8454388c,275,Milan Havel,CZE,DF,Viktoria Plzeň,27,1994,4.7,0,0,0,0,1,0,10,4,5,0,0,0,12,4,0,100.0,Matches,UCL,22-23
fed7cb61,276,Kai Havertz,GER,"FW,MF",Chelsea,23,1999,6.9,0,0,0,12,7,2,7,1,3,0,0,0,31,17,17,50.0,Matches,UCL,22-23
a39bb753,277,Eden Hazard,BEL,"FW,MF",Real Madrid,31,1991,1.5,0,0,0,0,2,0,0,1,0,0,0,0,5,0,0,,Matches,UCL,22-23
50871bcc,278,Thorgan Hazard,BEL,"DF,FW",Dortmund,29,1993,2.2,0,0,0,2,2,0,7,3,1,0,0,0,13,1,3,25.0,Matches,UCL,22-23
40d08dcd,279,Dolev Haziz,ISR,DF,Maccabi Haifa,27,1995,2.3,1,0,0,3,4,0,15,2,5,0,0,0,12,1,1,50.0,Matches,UCL,22-23
61f63784,280,Lukáš Hejda,CZE,DF,Viktoria Plzeň,32,1990,5.7,0,0,0,6,1,0,1,7,3,0,0,0,10,6,7,46.2,Matches,UCL,22-23
935e6b8f,281,Jordan Henderson,ENG,MF,Liverpool,32,1990,3.1,0,0,0,2,1,0,2,3,2,0,0,0,21,0,2,0.0,Matches,UCL,22-23
ffed43e3,282,Jack Hendry,SCO,DF,Club Brugge,27,1995,1.0,0,0,0,1,0,1,0,0,1,0,1,0,4,1,0,100.0,Matches,UCL,22-23
0a89e877,283,Benjamin Henrichs,GER,"DF,MF",RB Leipzig,25,1997,2.2,2,0,0,5,2,0,5,3,2,0,1,0,8,1,2,33.3,Matches,UCL,22-23
555f3a0b,284,Mario Hermoso,ESP,DF,Atlético Madrid,27,1995,1.8,1,0,0,2,1,0,4,2,1,0,1,0,4,2,3,40.0,Matches,UCL,22-23
c3ee18ef,285,Lucas Hernández,FRA,DF,Bayern Munich,26,1996,1.9,0,0,0,1,3,0,0,8,2,0,0,0,7,4,2,66.7,Matches,UCL,22-23
d4c9725f,286,Theo Hernández,FRA,DF,Milan,24,1997,10.5,2,0,0,13,23,2,20,6,16,0,0,0,74,10,10,50.0,Matches,UCL,22-23
92e7e919,287,Son Heung-min,KOR,"MF,FW",Tottenham,30,1992,6.9,1,0,0,1,13,3,33,1,4,0,0,0,20,1,3,25.0,Matches,UCL,22-23
0c7a48f8,288,Piero Hincapié,ECU,DF,Leverkusen,20,2002,5.0,3,0,0,7,7,0,6,6,11,0,1,0,37,4,7,36.4,Matches,UCL,22-23
5521f419,289,Adam Hložek,CZE,"MF,FW",Leverkusen,20,2002,3.1,0,0,0,3,7,0,1,0,2,0,0,0,8,10,8,55.6,Matches,UCL,22-23
d92ab59f,290,Libor Holík,CZE,DF,Viktoria Plzeň,24,1998,3.2,0,0,0,1,4,0,15,4,1,0,0,0,10,0,1,0.0,Matches,UCL,22-23
ad3389d5,291,Lukáš Hrádecký,FIN,GK,Leverkusen,32,1989,6.0,1,0,0,0,1,0,0,0,0,0,0,0,3,0,0,,Matches,UCL,22-23
15f3ec41,292,Callum Hudson-Odoi,ENG,FW,Leverkusen,21,2000,5.1,0,0,0,0,6,1,11,3,1,0,0,0,21,1,0,100.0,Matches,UCL,22-23
05d548d8,293,Mats Hummels,GER,DF,Dortmund,33,1988,3.5,1,0,0,1,3,0,0,7,5,0,0,0,18,3,3,50.0,Matches,UCL,22-23
8b04d6c1,294,Pierre Højbjerg,DEN,MF,Tottenham,26,1995,6.9,3,0,0,8,7,0,7,11,8,0,0,0,57,5,1,83.3,Matches,UCL,22-23
ba492306,295,Samuel Iling-Junior,ENG,DF,Juventus,18,2003,0.2,0,0,0,0,0,0,4,1,0,0,0,0,2,1,0,100.0,Matches,UCL,22-23
33651873,296,Gonçalo Inácio,POR,DF,Sporting CP,20,2001,6.0,1,0,0,3,2,0,0,5,1,0,0,0,23,5,6,45.5,Matches,UCL,22-23
a0b4bb3e,297,Isco,ESP,"MF,FW",Sevilla,30,1992,4.4,0,0,0,3,14,0,4,5,3,0,0,0,25,5,6,45.5,Matches,UCL,22-23
1f994616,298,Franco Israel,URU,GK,Sporting CP,22,2000,1.7,0,0,0,0,0,0,0,0,0,0,0,0,0,0,0,,Matches,UCL,22-23
29fbdc88,299,Luka Ivanušec,CRO,MF,Dinamo Zagreb,23,1998,5.8,2,0,0,8,3,0,4,6,2,0,0,0,35,4,3,57.1,Matches,UCL,22-23
d97cccc9,300,Ryan Jack,SCO,MF,Rangers,30,1992,2.1,1,0,0,5,1,0,3,1,3,0,0,0,10,1,0,100.0,Matches,UCL,22-23
a8ee54ad,301,Kristijan Jakić,CRO,DF,Eint Frankfurt,25,1997,6.8,2,0,0,14,3,0,11,3,9,0,1,0,43,4,3,57.1,Matches,UCL,22-23
1265a93a,302,Reece James,ENG,"DF,MF",Chelsea,22,1999,7.7,3,0,0,15,7,2,40,7,8,0,0,0,55,3,6,33.3,Matches,UCL,22-23
4737cebe,303,Adnan Januzaj,BEL,"FW,MF",Sevilla,27,1995,0.6,0,0,0,0,2,0,1,1,1,0,0,0,4,2,1,66.7,Matches,UCL,22-23
eeba07f8,304,Luis Javier Suárez,COL,FW,Marseille,24,1997,1.3,1,0,0,3,4,1,1,0,0,0,0,0,2,2,7,22.2,Matches,UCL,22-23
213f0daf,305,Elias Jelert,DEN,"DF,MF",FC Copenhagen,19,2003,2.1,0,0,0,2,0,0,4,1,2,0,0,0,8,1,2,33.3,Matches,UCL,22-23
b244e804,306,Václav Jemelka,CZE,DF,Viktoria Plzeň,27,1995,4.0,2,0,0,2,2,1,4,5,7,0,0,0,14,1,3,25.0,Matches,UCL,22-23
cd1629bc,307,Valdemar Jensen,DEN,DF,FC Copenhagen,19,2003,3.4,1,0,0,4,2,0,0,5,5,0,0,0,19,4,2,66.7,Matches,UCL,22-23
ee644761,308,Moritz Jenz,GER,DF,Celtic,23,1999,6.0,1,0,0,4,0,0,0,8,4,0,1,0,22,7,2,77.8,Matches,UCL,22-23
79083382,309,Juan Jesus,BRA,DF,Napoli,31,1991,2.3,2,0,0,4,0,0,0,1,1,0,1,0,5,1,6,14.3,Matches,UCL,22-23
f9bd541e,310,Erik Jirka,SVK,"FW,MF",Viktoria Plzeň,24,1997,3.0,0,0,0,2,5,0,4,7,0,0,0,0,16,1,5,16.7,Matches,UCL,22-23
c16c4e3b,311,Ísak Jóhannesson,ISL,"FW,MF",FC Copenhagen,19,2003,3.2,0,0,0,2,2,0,14,2,0,0,0,0,13,3,6,33.3,Matches,UCL,22-23
4fb9c88f,312,Curtis Jones,ENG,"FW,MF",Liverpool,21,2001,1.1,0,0,0,2,2,1,1,1,0,0,0,0,5,2,0,100.0,Matches,UCL,22-23
1bacc518,313,Frenkie de Jong,NED,MF,Barcelona,25,1997,2.6,0,0,0,2,6,0,4,3,3,0,0,0,14,5,2,71.4,Matches,UCL,22-23
2a0c8ba4,314,Joan Jordán,ESP,MF,Sevilla,28,1994,2.9,1,0,0,5,5,0,1,4,2,0,0,0,19,1,0,100.0,Matches,UCL,22-23
45db685d,315,Jorginho,ITA,MF,Chelsea,30,1991,4.6,0,0,0,3,10,0,1,11,6,0,0,0,37,2,3,40.0,Matches,UCL,22-23
8c5f1522,316,Jota,POR,FW,Celtic,23,1999,3.2,0,0,0,3,2,2,15,3,0,0,0,0,13,0,1,0.0,Matches,UCL,22-23
178ae8f8,317,Diogo Jota,POR,"FW,MF",Liverpool,25,1996,2.9,0,0,0,3,5,1,2,0,2,0,0,0,11,6,4,60.0,Matches,UCL,22-23
7111d552,318,Vinicius Júnior,BRA,FW,Real Madrid,22,2000,10.8,1,0,0,11,28,6,21,1,7,0,0,0,40,1,2,33.3,Matches,UCL,22-23
0a084b35,319,Josip Juranović,CRO,DF,Celtic,26,1995,6.0,1,0,0,3,2,0,19,5,7,0,0,0,45,2,2,50.0,Matches,UCL,22-23
2a9f6b4d,320,Ferran Jutglà,ESP,FW,Club Brugge,23,1999,5.7,0,0,0,4,4,2,1,0,1,1,0,0,14,3,12,20.0,Matches,UCL,22-23
c066d1a5,321,Issa Kaboré,BFA,DF,Marseille,21,2001,1.3,0,0,0,2,3,1,5,0,3,0,0,0,10,0,2,0.0,Matches,UCL,22-23
85f7d1be,322,Pierre Kalulu,FRA,DF,Milan,22,2000,8.3,0,0,0,11,8,0,4,7,8,0,0,0,49,11,11,50.0,Matches,UCL,22-23
df064106,323,Lukáš Kalvach,CZE,MF,Viktoria Plzeň,27,1995,5.5,1,0,0,9,4,0,23,14,5,0,0,0,46,7,2,77.8,Matches,UCL,22-23
15b287da,324,Daichi Kamada,JPN,"MF,FW",Eint Frankfurt,25,1996,7.7,1,0,0,4,11,1,14,9,9,0,0,0,38,6,10,37.5,Matches,UCL,22-23
4da9191b,325,Glen Kamara,FIN,MF,Rangers,26,1995,1.4,0,0,0,2,1,0,0,4,0,0,0,0,10,0,1,0.0,Matches,UCL,22-23
0ca476cc,326,Dijon Kameri,AUT,MF,RB Salzburg,18,2004,1.3,0,0,0,1,3,1,2,1,2,0,0,0,13,1,4,20.0,Matches,UCL,22-23
b825a650,327,Kevin Kampl,SVN,MF,RB Leipzig,31,1990,3.0,1,0,0,3,1,0,0,3,6,0,0,0,15,0,0,,Matches,UCL,22-23
21a66f6a,328,Harry Kane,ENG,FW,Tottenham,29,1993,8.0,1,0,0,7,14,2,9,2,0,1,0,0,21,18,10,64.3,Matches,UCL,22-23
b9fbae28,329,N'Golo Kanté,FRA,MF,Chelsea,31,1991,1.8,0,0,0,3,0,0,5,2,2,0,0,0,12,0,2,0.0,Matches,UCL,22-23
23a10591,330,Mamoudou Karamoko,FRA,FW,FC Copenhagen,22,1999,0.5,0,0,0,0,0,0,0,0,0,0,0,0,0,1,5,16.7,Matches,UCL,22-23
3d50bcdb,331,Moise Kean,ITA,"FW,MF",Juventus,22,2000,1.2,0,0,0,0,1,2,2,0,1,0,0,0,3,2,5,28.6,Matches,UCL,22-23
316de854,332,Ryan Kent,ENG,"FW,MF",Rangers,25,1996,5.6,0,0,0,0,11,3,9,1,3,0,0,0,24,1,7,12.5,Matches,UCL,22-23
05e19d6a,333,Franck Kessié,CIV,MF,Barcelona,25,1996,3.0,0,0,0,7,8,0,6,2,2,0,0,0,18,2,4,33.3,Matches,UCL,22-23
862fa9fb,334,Davit Khocholava,GEO,DF,FC Copenhagen,29,1993,4.8,1,1,0,6,0,0,0,10,1,0,0,1,14,10,8,55.6,Matches,UCL,22-23
49296448,335,Joshua Kimmich,GER,MF,Bayern Munich,27,1995,9.0,3,0,0,8,17,0,40,20,11,0,0,0,53,3,3,50.0,Matches,UCL,22-23
aef6e670,336,Presnel Kimpembe,FRA,DF,Paris S-G,26,1995,1.6,1,0,0,3,2,0,0,2,2,0,0,0,5,1,0,100.0,Matches,UCL,22-23
82c615f8,337,Leon King,SCO,DF,Rangers,18,2004,4.2,0,0,0,1,1,0,1,5,5,0,1,0,14,4,6,40.0,Matches,UCL,22-23
8b8a56ce,338,Simon Kjær,DEN,DF,Milan,33,1989,5.6,0,0,0,5,0,0,0,6,4,0,0,0,25,6,8,42.9,Matches,UCL,22-23
2b0852db,339,Maurits Kjærgaard,DEN,MF,RB Salzburg,19,2003,5.5,0,0,0,6,1,0,19,4,11,0,0,0,43,0,1,0.0,Matches,UCL,22-23
15fd5593,340,Davy Klaassen,NED,MF,Ajax,29,1993,2.4,0,0,0,0,2,1,1,0,0,0,0,0,8,1,4,20.0,Matches,UCL,22-23
c2a30c01,341,Jan Kliment,CZE,FW,Viktoria Plzeň,28,1993,0.5,0,0,0,2,1,0,0,0,0,0,0,0,1,2,0,100.0,Matches,UCL,22-23
ca8033cb,342,Lukas Klostermann,GER,DF,RB Leipzig,26,1996,0.6,0,0,0,1,0,0,0,0,1,0,0,0,1,0,0,,Matches,UCL,22-23
19a967ab,343,Ansgar Knauff,GER,"DF,FW",Eint Frankfurt,20,2002,3.3,0,0,0,6,2,0,4,6,6,0,0,0,24,1,4,20.0,Matches,UCL,22-23
cd59b9df,344,Gregor Kobel,SUI,GK,Dortmund,24,1997,3.5,0,0,0,0,2,0,0,0,0,0,0,0,5,1,0,100.0,Matches,UCL,22-23
ff74841d,345,Philipp Köhn,SUI,GK,RB Salzburg,24,1998,6.0,0,0,0,0,3,0,0,0,0,0,0,0,10,0,0,,Matches,UCL,22-23
6747869d,346,Sekou Koita,MLI,FW,RB Salzburg,22,1999,0.2,0,0,0,0,0,0,0,0,0,0,0,0,0,1,1,50.0,Matches,UCL,22-23
55126f3b,347,Koke,ESP,MF,Atlético Madrid,30,1992,3.7,1,0,0,7,4,0,3,1,1,0,0,0,15,4,0,100.0,Matches,UCL,22-23
3935e52e,348,Sead Kolašinac,BIH,DF,Marseille,29,1993,1.7,0,0,0,3,1,0,0,1,3,0,0,0,8,2,0,100.0,Matches,UCL,22-23
c0b3669f,349,Randal Kolo Muani,FRA,FW,Eint Frankfurt,23,1998,5.7,1,1,0,11,7,8,4,2,4,0,0,0,18,10,19,34.5,Matches,UCL,22-23
5ed9b537,350,Ibrahima Konaté,FRA,DF,Liverpool,23,1999,2.9,1,0,0,7,4,0,0,1,5,0,0,0,10,7,2,77.8,Matches,UCL,22-23
cce181df,351,Geoffrey Kondogbia,CTA,MF,Atlético Madrid,29,1993,2.5,2,0,0,3,3,0,2,7,4,0,0,0,30,3,4,42.9,Matches,UCL,22-23
aee634bf,352,Yukhym Konoplia,UKR,DF,Shakhtar,22,1999,4.6,2,0,0,10,5,0,5,2,7,0,0,0,21,2,5,28.6,Matches,UCL,22-23
6f639ec7,353,Jan Kopic,CZE,"FW,MF",Viktoria Plzeň,32,1990,0.9,0,0,0,0,1,0,2,1,1,0,0,0,5,0,2,0.0,Matches,UCL,22-23
1f3afdcb,354,Odilon Kossonou,CIV,DF,Leverkusen,21,2001,4.8,1,0,0,7,2,0,2,4,6,0,1,0,31,9,7,56.3,Matches,UCL,22-23
b1cd37e6,355,Filip Kostić,SRB,"DF,FW",Juventus,29,1992,4.8,0,0,0,3,3,0,41,0,4,0,0,0,24,1,1,50.0,Matches,UCL,22-23
da974c7b,356,Kalidou Koulibaly,SEN,DF,Chelsea,31,1991,6.3,2,0,0,8,4,2,0,8,7,0,0,0,38,15,18,45.5,Matches,UCL,22-23
4d1666ff,357,Jules Koundé,FRA,DF,Barcelona,23,1998,2.7,0,0,0,0,1,0,2,3,3,0,0,0,19,6,7,46.2,Matches,UCL,22-23
79c0821a,358,Mateo Kovačić,CRO,MF,Chelsea,28,1994,6.9,2,0,0,5,10,0,0,6,5,0,0,0,40,2,6,25.0,Matches,UCL,22-23
9606f0b2,359,Adam Kronus,,FW,Viktoria Plzeň,20,2002,0.0,0,0,0,0,0,0,0,0,0,0,0,0,1,0,0,,Matches,UCL,22-23
6ce1f46f,360,Toni Kroos,GER,MF,Real Madrid,32,1990,9.4,2,0,0,6,11,0,28,9,16,0,0,0,54,2,2,50.0,Matches,UCL,22-23
817c6964,361,Rade Krunić,BIH,"MF,FW",Milan,28,1993,9.1,4,0,0,7,10,0,1,7,11,0,0,0,46,12,7,63.2,Matches,UCL,22-23
47420f02,362,Dmytro Kryskiv,UKR,MF,Shakhtar,21,2000,0.1,0,0,0,0,0,0,0,0,0,0,0,0,0,0,0,,Matches,UCL,22-23
292a652a,363,Serhiy Kryvtsov,UKR,DF,Shakhtar,31,1991,0.1,0,0,0,0,1,0,0,0,0,0,0,0,0,0,0,,Matches,UCL,22-23
b62878a5,364,Mohammed Kudus,GHA,FW,Ajax,21,2000,5.0,1,0,0,12,4,8,2,5,2,0,0,0,18,6,15,28.6,Matches,UCL,22-23
df3cda47,365,Dejan Kulusevski,SWE,"MF,DF",Tottenham,22,2000,2.2,0,0,0,7,5,0,10,1,3,0,0,0,7,0,3,0.0,Matches,UCL,22-23
dea88efd,366,Khvicha Kvaratskhelia,GEO,FW,Napoli,21,2001,7.7,0,0,0,4,8,0,17,2,10,0,0,0,33,5,10,33.3,Matches,UCL,22-23
c1b7847c,367,Konrad Laimer,AUT,"MF,FW",RB Leipzig,25,1997,2.9,0,0,0,2,1,0,2,2,6,0,0,0,16,0,6,0.0,Matches,UCL,22-23
abe66106,368,Érik Lamela,ARG,"FW,MF",Sevilla,30,1992,3.1,2,0,0,5,0,1,3,2,1,0,0,0,10,2,1,66.7,Matches,UCL,22-23
8e034340,369,Noa Lang,NED,FW,Club Brugge,23,1999,3.2,1,0,0,3,6,1,20,0,3,0,0,0,10,0,4,0.0,Matches,UCL,22-23
119b9a8e,370,Aymeric Laporte,ESP,DF,Manchester City,28,1994,3.2,1,0,0,3,1,0,0,3,0,1,0,0,12,10,2,83.3,Matches,UCL,22-23
e7af9060,371,Cyle Larin,CAN,"FW,MF",Club Brugge,27,1995,0.1,0,0,0,0,0,0,0,0,0,0,0,0,0,0,1,0.0,Matches,UCL,22-23
8b929ec2,372,Rasmus Lauritsen,DEN,DF,Dinamo Zagreb,26,1996,0.2,0,0,0,0,0,0,0,1,0,0,0,0,0,0,0,,Matches,UCL,22-23
da9018ca,373,Neta Lavi,ISR,MF,Maccabi Haifa,25,1996,5.2,2,0,0,9,3,0,2,9,17,0,0,0,39,3,1,75.0,Matches,UCL,22-23
20730eae,374,Rafael Leão,POR,"FW,MF",Milan,23,1999,10.1,0,0,0,11,17,1,25,3,2,2,0,0,27,7,13,35.0,Matches,UCL,22-23
4dbd0916,375,Thomas Lemar,FRA,MF,Atlético Madrid,26,1995,1.2,0,0,0,0,1,0,6,1,1,0,0,0,13,0,0,,Matches,UCL,22-23
4f28a6ff,376,Clément Lenglet,FRA,DF,Tottenham,27,1995,5.6,3,0,0,12,5,0,5,7,8,0,0,0,31,9,8,52.9,Matches,UCL,22-23
bbd86530,377,Christopher Lenz,GER,DF,Eint Frankfurt,27,1994,2.5,1,0,0,7,1,1,9,4,2,0,0,0,10,2,1,66.7,Matches,UCL,22-23
1b82f8df,378,Lukas Lerager,DEN,MF,FC Copenhagen,29,1993,5.0,2,0,0,9,2,0,4,14,4,0,0,0,21,12,5,70.6,Matches,UCL,22-23
8d78e732,379,Robert Lewandowski,POL,FW,Barcelona,33,1988,4.9,0,0,0,5,10,2,6,1,4,0,0,0,11,12,7,63.2,Matches,UCL,22-23
b57e066e,380,Rico Lewis,ENG,DF,Manchester City,17,2004,1.3,0,0,0,4,1,0,1,0,1,0,0,0,4,1,0,100.0,Matches,UCL,22-23
d6e53a3a,381,Matthijs de Ligt,NED,DF,Bayern Munich,22,1999,6.8,1,0,0,8,4,0,0,10,3,0,0,0,27,11,6,64.7,Matches,UCL,22-23
37dc1a48,382,Jesper Lindstrøm,DEN,"MF,FW",Eint Frankfurt,22,2000,5.6,0,0,0,8,11,1,10,2,2,0,0,0,32,1,4,20.0,Matches,UCL,22-23
58f077c0,383,Dominik Livaković,CRO,GK,Dinamo Zagreb,27,1995,6.0,0,0,0,0,1,0,0,0,0,0,0,0,5,1,0,100.0,Matches,UCL,22-23
99a8ddc9,384,Robert Ljubicic,AUT,"FW,DF",Dinamo Zagreb,23,1999,6.0,1,0,0,7,10,0,9,10,6,0,1,1,47,4,3,57.1,Matches,UCL,22-23
02c15616,385,Marcos Llorente,ESP,"MF,FW",Atlético Madrid,27,1995,2.4,0,0,0,1,0,0,3,2,1,0,0,0,12,1,0,100.0,Matches,UCL,22-23
8f62b6ee,386,Hugo Lloris,FRA,GK,Tottenham,35,1986,6.0,0,0,0,0,0,0,0,1,0,0,0,0,11,0,1,0.0,Matches,UCL,22-23
e9fda01d,387,Danny Loader,ENG,"FW,MF",Porto,21,2000,0.6,0,0,0,0,0,0,1,0,2,0,0,0,5,1,1,50.0,Matches,UCL,22-23
e1cbb531,388,Stanislav Lobotka,SVK,MF,Napoli,27,1994,9.7,0,0,0,8,24,0,2,5,11,0,0,0,79,0,3,0.0,Matches,UCL,22-23
a8a874f1,389,Manuel Locatelli,ITA,MF,Juventus,24,1998,2.5,1,0,0,4,2,1,6,2,5,0,0,0,20,2,6,25.0,Matches,UCL,22-23
e97fd090,390,Ruben Loftus-Cheek,ENG,MF,Chelsea,26,1996,3.2,0,0,0,2,8,0,1,7,4,0,0,0,25,4,4,50.0,Matches,UCL,22-23
20b9f052,391,Pau López,ESP,GK,Marseille,27,1994,6.0,0,0,0,0,2,0,0,0,0,0,0,0,11,1,0,100.0,Matches,UCL,22-23
8e50599a,392,Alexander lowry,SCO,MF,Rangers,19,2003,0.1,0,0,0,0,0,0,0,0,0,0,0,0,0,0,0,,Matches,UCL,22-23
a69e4806,393,Hirving Lozano,MEX,FW,Napoli,27,1995,5.2,0,0,0,7,7,3,20,2,6,0,0,0,26,2,5,28.6,Matches,UCL,22-23
881cd6be,394,Florentino Luís,POR,MF,Benfica,22,1999,9.5,2,0,0,12,1,0,1,27,15,0,0,0,60,11,7,61.1,Matches,UCL,22-23
5eae500a,395,Romelu Lukaku,BEL,FW,Inter,29,1993,2.1,1,0,0,5,1,0,1,0,3,0,0,0,8,8,8,50.0,Matches,UCL,22-23
0df2b165,396,John Lundstram,ENG,"MF,DF",Rangers,28,1994,5.0,3,0,0,9,4,0,2,9,3,0,0,0,41,4,4,50.0,Matches,UCL,22-23
3061e1ec,397,Andriy Lunin,UKR,GK,Real Madrid,23,1999,2.0,0,0,0,0,0,0,0,0,0,0,0,0,3,1,0,100.0,Matches,UCL,22-23
7be09c86,398,Mahir Madatov,AZE,FW,Dinamo Zagreb,25,1997,0.2,0,0,0,1,0,0,0,0,0,0,0,0,2,0,0,,Matches,UCL,22-23
395451fc,399,Daizen Maeda,JPN,FW,Celtic,24,1997,3.7,1,0,0,7,2,1,6,7,3,0,0,0,12,5,3,62.5,Matches,UCL,22-23
892d5bb1,400,Riyad Mahrez,ALG,"FW,MF",Manchester City,31,1991,5.6,0,0,0,4,9,2,20,1,5,1,0,0,20,1,2,33.3,Matches,UCL,22-23
fcb38f57,401,Mike Maignan,FRA,GK,Milan,27,1995,7.0,1,0,0,0,1,0,0,0,0,0,0,0,13,5,0,100.0,Matches,UCL,22-23
116c35df,402,Donyell Malen,NED,"FW,MF",Dortmund,23,1999,2.8,1,0,0,1,3,1,1,2,0,0,0,0,11,0,3,0.0,Matches,UCL,22-23
c20bdcd7,403,Reinildo Mandava,MOZ,DF,Atlético Madrid,28,1994,5.7,2,0,0,4,5,0,5,5,8,0,0,0,43,10,8,55.6,Matches,UCL,22-23
c691bfe2,404,Sadio Mané,SEN,FW,Bayern Munich,30,1992,6.1,0,0,0,11,9,9,5,4,6,0,0,0,17,9,5,64.3,Matches,UCL,22-23
7a20d90a,405,Iván Marcano,ESP,DF,Porto,35,1987,3.0,0,0,0,1,0,0,1,4,1,0,0,1,15,7,6,53.8,Matches,UCL,22-23
133faa84,406,Marcão,BRA,DF,Sevilla,26,1996,2.5,0,0,0,2,4,0,0,1,5,0,0,0,10,1,1,50.0,Matches,UCL,22-23
f0da930c,407,José María Giménez,URU,DF,Atlético Madrid,27,1995,4.5,1,0,0,4,2,0,1,6,3,0,0,0,20,8,9,47.1,Matches,UCL,22-23
5c4dc0ff,408,Mariano,DOM,FW,Real Madrid,28,1993,0.1,0,0,0,0,0,0,0,0,0,0,0,0,0,0,0,,Matches,UCL,22-23
148af9a8,409,Antonio Marin,CRO,FW,Dinamo Zagreb,21,2001,0.1,1,0,0,1,0,0,0,0,0,0,0,0,2,0,0,,Matches,UCL,22-23
f0021247,410,João Mário,POR,FW,Benfica,29,1993,9.6,2,0,0,8,9,1,25,5,8,0,1,0,65,4,6,40.0,Matches,UCL,22-23
82a39b66,411,João Mário Lopes,POR,DF,Porto,22,2000,3.0,3,0,0,4,5,0,8,3,4,0,1,0,14,1,2,33.3,Matches,UCL,22-23
d5f2f82b,412,Marquinhos,BRA,DF,Paris S-G,28,1994,7.3,0,0,0,3,4,0,0,3,3,0,0,0,31,14,8,63.6,Matches,UCL,22-23
b4ecc6b6,413,José Marsà,ESP,DF,Sporting CP,20,2002,1.1,0,0,0,2,0,0,0,1,0,0,0,0,3,1,0,100.0,Matches,UCL,22-23
f7036e1c,414,Lautaro Martínez,ARG,FW,Inter,24,1997,11.1,3,0,0,15,18,8,3,9,12,0,0,0,35,16,25,39.0,Matches,UCL,22-23
f3945e07,415,Toni Martínez,ESP,FW,Porto,25,1997,1.3,0,0,0,5,1,2,2,0,4,0,0,0,5,10,6,62.5,Matches,UCL,22-23
55abe554,416,Clinton Mata,ANG,DF,Club Brugge,29,1992,1.8,0,0,0,1,1,0,3,4,1,0,0,0,8,2,2,50.0,Matches,UCL,22-23
feb5d972,417,Pape Matar Sarr,SEN,MF,Tottenham,19,2002,1.0,0,0,0,2,1,0,0,1,3,0,0,0,12,2,3,40.0,Matches,UCL,22-23
b217ef29,418,Joël Matip,CMR,DF,Liverpool,30,1991,2.7,1,0,0,2,2,0,0,3,3,0,0,0,13,11,1,91.7,Matches,UCL,22-23
33144cc5,419,Rabbi Matondo,WAL,"MF,FW",Rangers,21,2000,1.1,0,0,0,0,2,1,1,2,1,1,0,0,4,1,3,25.0,Matches,UCL,22-23
1adcf39e,420,Mykola Matviyenko,UKR,DF,Shakhtar,26,1996,6.0,1,0,0,3,1,0,0,9,4,0,0,0,27,6,1,85.7,Matches,UCL,22-23
826e8b63,421,Philipp Max,GER,DF,Eint Frankfurt,28,1993,1.3,0,0,0,1,3,0,11,1,1,0,0,0,7,0,1,0.0,Matches,UCL,22-23
0e6bc38c,422,Eric Maxim Choupo-Moting,CMR,FW,Bayern Munich,33,1989,4.8,0,0,0,4,4,5,0,1,4,0,0,0,14,8,11,42.1,Matches,UCL,22-23
b74277a0,423,Noussair Mazraoui,MAR,DF,Bayern Munich,24,1997,4.4,2,0,0,10,3,0,8,3,9,0,0,0,32,8,12,40.0,Matches,UCL,22-23
42fd9c7f,424,Kylian Mbappé,FRA,FW,Paris S-G,23,1998,7.2,0,0,0,2,16,9,22,0,0,0,0,0,8,1,2,33.3,Matches,UCL,22-23
e76cb9cc,425,Chancel Mbemba,COD,DF,Marseille,27,1994,4.5,0,1,0,2,3,0,9,4,6,0,0,0,24,5,4,55.6,Matches,UCL,22-23
64b08de7,426,James McCarthy,IRL,MF,Celtic,31,1990,0.1,0,0,0,0,0,0,0,0,0,0,0,0,2,0,0,,Matches,UCL,22-23
f3a97d02,427,Allan McGregor,SCO,GK,Rangers,40,1982,5.0,0,0,0,0,0,0,0,0,0,0,0,0,6,0,0,,Matches,UCL,22-23
6800f515,428,Callum McGregor,SCO,MF,Celtic,29,1993,2.4,0,0,0,1,1,0,1,5,1,0,0,0,19,1,0,100.0,Matches,UCL,22-23
01c3aff5,429,Weston McKennie,USA,MF,Juventus,23,1998,4.0,1,0,0,6,2,1,3,5,3,0,0,0,15,3,6,33.3,Matches,UCL,22-23
3b0108d6,430,Jon McLaughlin,SCO,GK,Rangers,34,1987,1.0,0,0,0,0,0,0,0,0,0,0,0,0,1,1,0,100.0,Matches,UCL,22-23
0a6dbbf7,431,Brandon Mechele,BEL,DF,Club Brugge,29,1993,8.0,0,0,0,1,1,0,0,11,7,1,0,0,34,20,14,58.8,Matches,UCL,22-23
95f5aae8,432,Bjorn Meijer,NED,DF,Club Brugge,19,2003,6.4,1,0,0,5,1,1,8,11,9,0,0,0,35,9,7,56.3,Matches,UCL,22-23
38f8ce7f,433,Raz Meir,ISR,"DF,MF",Maccabi Haifa,25,1996,0.9,0,0,0,0,0,0,1,0,3,0,0,0,3,0,1,0.0,Matches,UCL,22-23
48b3dd60,434,Arthur Melo,BRA,MF,Liverpool,25,1996,0.2,0,0,0,0,1,0,0,0,0,0,0,0,2,0,0,,Matches,UCL,22-23
8f696594,435,Memphis,NED,FW,Barcelona,28,1994,0.2,0,0,0,0,0,0,0,0,0,0,0,0,0,0,0,,Matches,UCL,22-23
a30e23de,436,Sun Menachem,ISR,DF,Maccabi Haifa,28,1993,0.7,1,0,0,4,0,0,1,0,3,0,0,0,7,2,3,40.0,Matches,UCL,22-23
f20e4cc9,437,Nuno Mendes,POR,"DF,MF",Paris S-G,20,2002,4.9,0,0,0,6,9,2,12,1,7,0,0,0,21,2,3,40.0,Matches,UCL,22-23
33887998,438,Edouard Mendy,SEN,GK,Chelsea,30,1992,1.0,0,0,0,0,0,0,0,0,0,0,0,0,1,0,0,,Matches,UCL,22-23
3cefcaef,439,Ferland Mendy,FRA,DF,Real Madrid,27,1995,3.9,1,0,0,3,4,0,2,3,2,0,1,0,22,1,0,100.0,Matches,UCL,22-23
9413b19f,440,Alex Meret,ITA,GK,Napoli,25,1997,10.0,0,0,0,0,3,0,0,0,0,0,0,0,16,4,0,100.0,Matches,UCL,22-23
d70ce98e,441,Lionel Messi,ARG,"FW,MF",Paris S-G,35,1987,6.8,0,0,0,2,16,0,14,3,4,0,0,0,18,1,0,100.0,Matches,UCL,22-23
f49c4ae9,442,Junior Messias,BRA,"FW,DF",Milan,31,1991,3.5,0,0,0,5,2,2,9,3,3,0,0,0,16,2,10,16.7,Matches,UCL,22-23
e162b013,443,Thomas Meunier,BEL,DF,Dortmund,30,1991,3.9,1,0,0,6,1,0,11,6,7,0,0,0,30,2,3,40.0,Matches,UCL,22-23
b56dd813,444,Alexander Meyer,GER,GK,Dortmund,31,1991,4.5,0,0,0,0,0,0,0,0,0,0,0,0,12,0,0,,Matches,UCL,22-23
d436eb94,445,Simon Mignolet,BEL,GK,Club Brugge,34,1988,8.0,2,0,0,0,1,0,0,1,0,0,0,0,10,2,0,100.0,Matches,UCL,22-23
85613cf0,446,Arkadiusz Milik,POL,FW,Juventus,28,1994,3.8,1,0,0,4,5,5,3,1,1,0,0,0,10,3,6,33.3,Matches,UCL,22-23
2784f898,447,Éder Militão,BRA,DF,Real Madrid,24,1998,8.3,3,0,0,14,9,0,2,9,5,0,0,0,38,13,7,65.0,Matches,UCL,22-23
2f90f6b8,448,James Milner,ENG,MF,Liverpool,36,1986,2.7,1,0,0,7,4,0,7,2,9,0,1,0,18,2,1,66.7,Matches,UCL,22-23
e0f8151c,449,Kim Min-jae,KOR,DF,Napoli,25,1996,8.7,3,0,0,9,1,0,0,22,9,0,0,0,41,32,10,76.2,Matches,UCL,22-23
bbf5c11b,450,Rafa Mir,ESP,"MF,FW",Sevilla,25,1997,1.7,1,0,0,2,1,0,0,0,0,0,0,0,3,2,9,18.2,Matches,UCL,22-23
34693494,451,Fabio Miretti,ITA,"MF,FW",Juventus,18,2003,2.4,2,0,0,4,3,0,5,0,2,0,1,0,13,2,3,40.0,Matches,UCL,22-23
46152b69,452,Josip Mišić,CRO,MF,Dinamo Zagreb,28,1994,5.8,1,0,0,13,4,0,3,8,6,0,0,0,30,5,3,62.5,Matches,UCL,22-23
dd0daf32,453,Henrikh Mkhitaryan,ARM,MF,Inter,33,1989,10.1,2,0,0,14,12,2,8,16,17,0,0,0,79,5,5,50.0,Matches,UCL,22-23
34e4343c,454,Anthony Modeste,FRA,FW,Dortmund,34,1988,3.8,1,0,0,5,4,1,3,0,0,0,0,0,7,6,7,46.2,Matches,UCL,22-23
6025fab1,455,Luka Modrić,CRO,MF,Real Madrid,36,1985,8.3,0,0,0,3,6,0,21,7,2,0,0,0,44,6,4,60.0,Matches,UCL,22-23
cfdacb90,456,Ali Mohamed,NIG,MF,Maccabi Haifa,26,1995,4.0,0,0,0,5,4,1,1,7,2,0,0,0,35,0,0,,Matches,UCL,22-23
25b74470,457,Sadegh Moharrami,IRN,"FW,DF",Dinamo Zagreb,26,1996,4.5,2,0,0,5,8,0,15,0,3,0,1,0,21,1,0,100.0,Matches,UCL,22-23
23610943,458,Nahuel Molina,ARG,"DF,MF",Atlético Madrid,24,1998,5.2,0,0,0,5,4,1,38,1,3,0,0,0,26,2,10,16.7,Matches,UCL,22-23
374d5158,459,Gonzalo Montiel,ARG,DF,Sevilla,25,1997,2.5,2,0,0,4,2,0,7,4,5,0,0,0,16,3,2,60.0,Matches,UCL,22-23
47b7e3af,460,Aaron Mooy,AUS,MF,Celtic,31,1990,1.7,0,0,0,1,0,0,13,1,0,0,0,0,10,2,1,66.7,Matches,UCL,22-23
129af0db,461,Álvaro Morata,ESP,FW,Atlético Madrid,29,1992,3.3,0,0,0,6,6,4,2,0,0,0,0,0,6,3,2,60.0,Matches,UCL,22-23
0f41e2ee,462,Morato,BRA,DF,Benfica,21,2001,1.2,0,0,0,1,1,0,1,1,0,0,0,0,9,2,4,33.3,Matches,UCL,22-23
ef88f778,463,Alfredo Morelos,COL,FW,Rangers,26,1996,2.8,1,0,0,4,9,0,1,1,1,0,0,0,3,8,11,42.1,Matches,UCL,22-23
a650c75b,464,Hidemasa Morita,JPN,MF,Sporting CP,27,1995,3.7,2,0,0,6,2,0,0,2,1,0,0,0,17,4,3,57.1,Matches,UCL,22-23
736157b7,465,Jhon Mosquera,COL,"FW,MF",Viktoria Plzeň,32,1990,4.8,3,0,0,7,8,0,10,4,6,0,0,0,26,22,16,57.9,Matches,UCL,22-23
6ce43701,466,Youssoufa Moukoko,GER,"FW,MF",Dortmund,17,2004,2.7,0,0,0,1,2,2,1,0,1,0,0,0,8,1,2,33.3,Matches,UCL,22-23
9674002f,467,Mason Mount,ENG,MF,Chelsea,23,1999,4.9,3,0,0,8,7,1,21,4,6,1,0,0,31,4,5,44.4,Matches,UCL,22-23
2b622f01,468,Lucas Moura,BRA,"FW,MF",Tottenham,29,1992,1.9,0,0,0,1,1,4,4,0,2,0,0,0,6,2,2,50.0,Matches,UCL,22-23
049a888d,469,Mykhailo Mudryk,UKR,"FW,DF",Chelsea,21,2001,1.0,1,0,0,3,2,1,3,1,1,0,0,0,4,0,0,,Matches,UCL,22-23
049a888d,470,Mykhailo Mudryk,UKR,MF,Shakhtar,21,2001,5.7,2,0,0,5,9,5,21,0,1,0,0,0,24,0,9,0.0,Matches,UCL,22-23
dbfbdf06,471,Paul Mukairu,NGA,FW,FC Copenhagen,22,2000,0.5,0,0,0,1,1,0,0,0,2,0,0,0,1,1,1,50.0,Matches,UCL,22-23
ac73ec79,472,Nordi Mukiele,FRA,"DF,MF",Paris S-G,24,1997,1.2,0,0,0,4,1,1,2,1,1,0,0,0,5,2,5,28.6,Matches,UCL,22-23
3c6089ab,473,Thomas Müller,GER,"MF,FW",Bayern Munich,32,1989,4.1,0,0,0,6,3,2,3,2,3,0,0,0,29,7,17,29.2,Matches,UCL,22-23
4567a0b4,474,Petar Musa,CRO,FW,Benfica,24,1998,1.4,1,0,0,3,0,0,0,1,0,0,0,0,5,5,8,38.5,Matches,UCL,22-23
2c0558b8,475,Jamal Musiala,GER,"MF,FW",Bayern Munich,19,2003,5.9,0,0,0,6,9,0,1,6,3,0,0,0,33,1,3,25.0,Matches,UCL,22-23
3e9bd29d,476,Bohdan Mykhaylychenko,UKR,DF,Shakhtar,25,1997,4.0,1,0,0,5,2,0,5,7,2,0,0,0,16,4,1,80.0,Matches,UCL,22-23
441197b8,477,Obite N'Dicka,CIV,DF,Eint Frankfurt,22,1999,8.0,2,0,0,6,0,0,1,13,7,0,0,0,62,9,6,60.0,Matches,UCL,22-23
2946f9a1,478,Nacho,ESP,DF,Real Madrid,32,1990,4.9,0,0,0,5,6,1,0,17,5,0,0,0,32,7,3,70.0,Matches,UCL,22-23
3f10bd22,479,Jesús Navas,ESP,"DF,MF",Sevilla,36,1985,2.5,0,0,0,0,3,2,10,5,1,0,0,0,7,3,1,75.0,Matches,UCL,22-23
e7281ea9,480,Flávio Nazinho,POR,"DF,MF",Sporting CP,19,2003,1.3,0,0,0,0,1,0,1,1,2,0,0,0,3,1,3,25.0,Matches,UCL,22-23
5cdddffa,481,Tanguy Ndombele,FRA,MF,Napoli,25,1996,4.1,0,0,0,2,9,0,1,5,1,0,0,0,31,7,3,70.0,Matches,UCL,22-23
4f1e6a0b,482,David Neres,BRA,"FW,MF",Benfica,25,1997,4.9,2,0,0,8,8,3,21,1,7,0,0,0,24,1,2,33.3,Matches,UCL,22-23
953597a1,483,Luís Neto,POR,DF,Sporting CP,34,1988,0.4,0,0,0,0,0,0,0,0,1,0,0,0,1,1,0,100.0,Matches,UCL,22-23
8778c910,484,Manuel Neuer,GER,GK,Bayern Munich,36,1986,3.0,0,0,0,0,1,0,0,0,0,0,0,0,0,0,0,,Matches,UCL,22-23
c2a15a27,485,João Neves,POR,"FW,MF",Benfica,17,2004,0.3,0,0,0,0,0,0,1,0,1,0,0,0,4,0,1,0.0,Matches,UCL,22-23
69384e5d,486,Neymar,BRA,"MF,FW",Paris S-G,30,1992,6.0,4,0,0,8,19,1,19,2,1,0,0,0,15,0,4,0.0,Matches,UCL,22-23
5853ac44,487,Tanguy Nianzou,FRA,DF,Sevilla,20,2002,2.0,0,0,0,1,2,0,0,2,1,0,0,0,14,3,0,100.0,Matches,UCL,22-23
f6a90edd,488,Casper Nielsen,DEN,MF,Club Brugge,28,1994,7.2,2,0,0,8,5,0,20,6,14,0,1,0,31,6,11,35.3,Matches,UCL,22-23
c14bc029,489,Saúl Ñíguez,ESP,"MF,DF",Atlético Madrid,27,1994,3.1,0,0,0,6,2,0,6,4,6,0,0,0,15,11,11,50.0,Matches,UCL,22-23
7c56da38,490,Christopher Nkunku,FRA,"MF,FW",RB Leipzig,24,1997,6.2,1,0,0,4,6,4,4,4,4,0,1,0,21,3,4,42.9,Matches,UCL,22-23
5458f670,491,Hugo Novoa,ESP,MF,RB Leipzig,19,2003,0.0,0,0,0,0,0,0,0,0,0,0,0,0,0,0,0,,Matches,UCL,22-23
4d77b365,492,Darwin Núñez,URU,FW,Liverpool,23,1999,4.4,1,0,0,11,2,5,11,1,3,0,0,0,15,4,12,25.0,Matches,UCL,22-23
4ab12002,493,Antonio Nusa,NOR,FW,Club Brugge,17,2005,0.6,0,0,0,0,3,0,0,0,0,0,0,0,0,0,0,,Matches,UCL,22-23
fb495bb8,494,Matt O'Riley,DEN,MF,Celtic,21,2000,5.3,2,0,0,9,3,0,11,11,7,0,1,0,27,3,3,50.0,Matches,UCL,22-23
ee8508c0,495,Jan Oblak,SVN,GK,Atlético Madrid,29,1993,5.0,0,0,0,0,0,0,0,0,0,0,0,0,4,0,0,,Matches,UCL,22-23
a08b974a,496,Lucas Ocampos,ARG,FW,Ajax,28,1994,0.2,0,0,0,0,1,0,0,1,0,0,0,0,1,0,0,,Matches,UCL,22-23
a04e47f0,497,Oleh Ocheretko,UKR,MF,Shakhtar,19,2003,0.2,0,0,0,0,0,0,0,0,2,0,0,0,2,0,0,,Matches,UCL,22-23
f7750aa0,498,Denis Odoi,GHA,"DF,MF",Club Brugge,34,1988,5.8,4,0,0,8,5,1,3,7,2,0,0,0,30,11,10,52.4,Matches,UCL,22-23
ca607d59,499,Noah Okafor,SUI,FW,RB Salzburg,22,2000,5.2,1,0,0,5,4,0,4,0,0,0,0,0,11,2,5,28.6,Matches,UCL,22-23
41c12f75,500,Mathías Olivera,URU,DF,Napoli,24,1997,5.7,1,0,0,6,7,0,7,5,13,0,0,0,42,9,15,37.5,Matches,UCL,22-23
ae44e8e2,501,Dani Olmo,ESP,"FW,MF",RB Leipzig,24,1998,0.7,0,0,0,1,4,0,3,0,2,0,0,0,2,0,1,0.0,Matches,UCL,22-23
e9c0c1b2,502,André Onana,CMR,GK,Inter,26,1996,13.0,2,0,0,0,2,0,0,0,0,0,0,0,8,3,1,75.0,Matches,UCL,22-23
751a0fb5,503,Raphael Onyedika,NGA,MF,Club Brugge,21,2001,6.3,3,0,0,10,8,0,0,6,5,0,0,0,44,4,3,57.1,Matches,UCL,22-23
20030c06,504,Willi Orban,HUN,DF,RB Leipzig,29,1992,8.0,0,0,0,4,7,0,3,8,5,0,0,0,42,8,10,44.4,Matches,UCL,22-23
43a166b4,505,Divock Origi,BEL,FW,Milan,27,1995,1.7,1,0,0,3,2,2,2,0,0,0,0,0,8,5,4,55.6,Matches,UCL,22-23
ee950928,506,Mislav Oršić,CRO,FW,Dinamo Zagreb,29,1992,5.4,1,0,0,2,5,1,16,2,4,0,0,0,16,0,4,0.0,Matches,UCL,22-23
c1242d4e,507,Stefan Ortega,GER,GK,Manchester City,29,1992,2.0,0,0,0,0,0,0,0,0,0,0,0,0,4,0,0,,Matches,UCL,22-23
8c90fd7a,508,Victor Osimhen,NGA,FW,Napoli,23,1998,4.7,1,0,0,5,10,9,3,1,2,2,0,0,7,16,8,66.7,Matches,UCL,22-23
0d267745,509,Nicolás Otamendi,ARG,DF,Benfica,34,1988,8.8,3,0,0,9,6,0,0,15,11,0,0,0,55,22,17,56.4,Matches,UCL,22-23
28b1f3ce,510,Otávio,POR,MF,Porto,27,1995,5.8,3,1,1,14,14,0,14,1,13,0,0,0,27,4,10,28.6,Matches,UCL,22-23
38c7feef,511,Alex Oxlade-Chamberlain,ENG,MF,Liverpool,28,1993,0.2,0,0,0,0,0,0,0,1,1,0,0,0,0,0,0,,Matches,UCL,22-23
15413fa5,512,Salih Özcan,TUR,MF,Dortmund,24,1998,6.0,4,0,0,5,4,0,1,12,4,0,0,0,34,3,5,37.5,Matches,UCL,22-23
e82adcab,513,Exequiel Palacios,ARG,MF,Leverkusen,23,1998,1.0,2,0,0,4,3,0,4,1,1,0,0,0,14,1,1,50.0,Matches,UCL,22-23
dc7f8a28,514,Cole Palmer,ENG,"MF,FW",Manchester City,20,2002,1.5,0,0,0,1,0,0,4,0,0,0,0,0,6,0,0,,Matches,UCL,22-23
13d23b29,515,Antonios Papadopoulos,GER,"MF,FW",Dortmund,22,1999,0.1,0,0,0,0,0,0,0,0,0,0,0,0,0,0,0,,Matches,UCL,22-23
dff153a4,516,Leandro Paredes,ARG,MF,Juventus,28,1994,3.9,1,0,0,4,4,0,10,3,3,0,0,0,23,2,0,100.0,Matches,UCL,22-23
5c899683,517,Felix Passlack,GER,DF,Dortmund,24,1998,1.0,0,0,0,0,3,0,2,0,1,0,0,0,7,1,1,50.0,Matches,UCL,22-23
3392603d,518,Remko Pasveer,NED,GK,Ajax,38,1983,6.0,0,0,0,0,0,0,0,0,0,0,0,0,6,0,0,,Matches,UCL,22-23
a62c16d0,519,Paulinho,POR,FW,Sporting CP,29,1992,2.6,1,0,0,4,9,1,0,0,2,0,0,0,11,7,6,53.8,Matches,UCL,22-23
53070b63,520,Paulinho,BRA,FW,Leverkusen,22,2000,0.5,1,0,0,1,0,0,1,0,2,0,0,0,2,0,0,,Matches,UCL,22-23
45a03961,521,Benjamin Pavard,FRA,DF,Bayern Munich,26,1996,6.6,4,1,1,15,6,0,6,13,9,0,0,0,40,11,10,52.4,Matches,UCL,22-23
25146df0,522,Strahinja Pavlović,SRB,DF,RB Salzburg,21,2001,6.0,2,0,0,8,4,0,1,3,8,0,0,0,34,21,15,58.3,Matches,UCL,22-23
58ae47b2,523,Dimitri Payet,FRA,MF,Marseille,35,1987,0.9,0,0,0,0,1,0,5,1,1,0,0,0,6,0,1,0.0,Matches,UCL,22-23
0d9b2d31,524,Pedri,ESP,"MF,FW",Barcelona,19,2002,4.5,0,0,0,1,7,0,3,5,2,0,0,0,24,1,0,100.0,Matches,UCL,22-23
3b61c9ec,525,Luca Pellegrini,ITA,"DF,MF",Eint Frankfurt,23,1999,2.2,1,0,0,3,0,1,15,3,3,0,0,0,17,3,3,50.0,Matches,UCL,22-23
cc1c5035,526,Iñaki Peña,ESP,GK,Barcelona,23,1999,1.0,0,0,0,0,0,0,0,0,0,0,0,0,1,0,0,,Matches,UCL,22-23
c906ce0f,527,Pepe,POR,DF,Porto,39,1983,4.0,0,0,0,0,5,1,0,6,4,0,0,0,22,6,4,60.0,Matches,UCL,22-23
fc4e7637,528,Pepê,BRA,"DF,FW",Porto,25,1997,7.6,4,1,1,6,12,1,14,5,9,0,0,0,52,9,9,50.0,Matches,UCL,22-23
8fd9996f,529,Danilo Pereira,POR,"DF,MF",Paris S-G,30,1991,5.0,0,0,0,1,3,2,0,6,7,0,0,1,40,5,5,50.0,Matches,UCL,22-23
121101a4,530,Dino Perić,CRO,DF,Dinamo Zagreb,28,1994,6.0,0,0,0,4,1,0,1,14,4,0,0,0,22,28,7,80.0,Matches,UCL,22-23
4c62d0c8,531,Mattia Perin,ITA,GK,Juventus,29,1992,2.0,1,0,0,0,0,0,0,0,0,0,0,0,2,0,0,,Matches,UCL,22-23
6fe90922,532,Ivan Perišić,CRO,"DF,MF",Tottenham,33,1989,6.4,0,0,0,4,3,1,54,4,7,0,0,0,26,10,5,66.7,Matches,UCL,22-23
51a56075,533,Luděk Pernica,CZE,DF,Viktoria Plzeň,32,1990,5.5,2,0,0,4,0,0,0,3,4,0,0,0,16,9,9,50.0,Matches,UCL,22-23
24228180,534,Bruno Petković,CRO,FW,Dinamo Zagreb,27,1994,5.4,1,0,0,10,18,0,1,2,5,0,0,0,16,23,31,42.6,Matches,UCL,22-23
6db16dda,535,Ivan Petryak,UKR,MF,Shakhtar,28,1994,2.0,0,0,0,2,1,1,4,0,2,0,0,0,5,0,6,0.0,Matches,UCL,22-23
4f565d77,536,Kalvin Phillips,ENG,MF,Manchester City,26,1995,0.5,0,0,0,0,0,0,0,1,0,0,0,0,2,1,0,100.0,Matches,UCL,22-23
307877be,537,Frantzdy Pierrot,HAI,FW,Maccabi Haifa,27,1995,5.3,1,0,0,7,6,10,2,1,1,0,0,0,11,16,12,57.1,Matches,UCL,22-23
b5b2e1ba,538,Václav Pilař,CZE,"FW,MF",Viktoria Plzeň,33,1988,1.4,0,0,0,4,2,1,4,0,1,0,0,0,5,3,3,50.0,Matches,UCL,22-23
5db20508,539,Rodrigo Pinho,BRA,FW,Benfica,31,1991,0.2,0,0,0,1,1,1,0,0,0,0,0,0,0,1,2,33.3,Matches,UCL,22-23
adfc9123,540,Gerard Piqué,ESP,DF,Barcelona,35,1987,2.9,0,0,0,1,1,0,0,3,2,0,0,0,9,8,4,66.7,Matches,UCL,22-23
55a1cac2,541,Tommaso Pobega,ITA,MF,Milan,23,1999,1.8,1,0,0,7,1,0,2,0,2,0,0,0,6,3,3,50.0,Matches,UCL,22-23
d697a2d0,542,Suf Podgoreanu,ISR,DF,Maccabi Haifa,20,2002,0.1,0,0,0,0,1,0,0,0,0,0,0,0,1,0,0,,Matches,UCL,22-23
5e861944,543,Matteo Politano,ITA,FW,Napoli,28,1993,4.5,2,0,0,4,5,1,25,1,6,0,0,0,28,3,3,50.0,Matches,UCL,22-23
27d0a506,544,Pedro Porro,ESP,"DF,MF",Sporting CP,22,1999,4.4,1,0,0,4,7,0,22,4,10,0,0,0,23,1,3,25.0,Matches,UCL,22-23
27d0a506,545,Pedro Porro,ESP,DF,Tottenham,22,1999,0.4,0,0,0,1,0,0,8,0,0,0,0,0,3,0,0,,Matches,UCL,22-23
d2416c2e,546,Yussuf Poulsen,DEN,"FW,MF",RB Leipzig,28,1994,0.8,0,0,0,1,0,0,1,0,0,0,0,0,3,2,2,50.0,Matches,UCL,22-23
1bf33a9a,547,Christian Pulisic,USA,"DF,FW",Chelsea,23,1998,1.3,0,0,0,2,3,1,1,2,1,0,0,0,7,3,3,50.0,Matches,UCL,22-23
8794e251,548,Adrien Rabiot,FRA,MF,Juventus,27,1995,5.0,0,0,0,10,5,1,8,5,8,0,0,0,34,8,3,72.7,Matches,UCL,22-23
89f951b5,549,Ivan Rakitić,CRO,MF,Sevilla,34,1988,4.6,0,0,0,2,6,0,4,4,4,0,0,0,28,3,5,37.5,Matches,UCL,22-23
f63cda26,550,Gonçalo Ramos,POR,FW,Benfica,21,2001,7.9,2,0,0,11,10,2,5,1,5,2,0,0,9,25,46,35.2,Matches,UCL,22-23
08511d65,551,Sergio Ramos,ESP,DF,Paris S-G,36,1986,8.0,2,0,0,4,3,1,1,11,5,0,0,0,55,17,11,60.7,Matches,UCL,22-23
d720e834,552,Calvin Ramsay,SCO,DF,Liverpool,19,2003,0.0,0,0,0,0,1,0,0,0,0,0,0,0,0,0,0,,Matches,UCL,22-23
3423f250,553,Raphinha,BRA,FW,Barcelona,25,1996,3.3,0,0,0,5,2,1,30,4,7,0,0,0,16,1,1,50.0,Matches,UCL,22-23
6e058f06,554,Giacomo Raspadori,ITA,FW,Napoli,22,2000,2.8,1,0,0,4,5,1,9,2,3,0,0,0,16,1,0,100.0,Matches,UCL,22-23
7d450ed3,555,David Raum,GER,DF,RB Leipzig,24,1998,5.9,0,0,0,6,3,2,39,7,7,0,0,0,25,9,2,81.8,Matches,UCL,22-23
536cebe5,556,Ante Rebić,CRO,"FW,MF",Milan,28,1993,2.8,0,0,0,9,1,0,9,1,3,0,0,0,18,3,4,42.9,Matches,UCL,22-23
ae1159bf,557,Matheus Reis,BRA,DF,Sporting CP,27,1995,5.7,2,0,0,6,5,0,0,3,7,0,0,0,21,2,7,22.2,Matches,UCL,22-23
3376a776,558,Karim Rekik,NED,DF,Sevilla,27,1994,1.0,0,0,0,0,0,0,1,0,0,0,0,0,2,0,1,0.0,Matches,UCL,22-23
c5cbbcff,559,Devyne Rensch,NED,DF,Ajax,19,2003,3.2,1,0,0,2,1,0,1,4,9,0,0,0,17,4,2,66.7,Matches,UCL,22-23
36a3ff67,560,Marco Reus,GER,"MF,FW",Dortmund,33,1989,2.9,0,0,0,4,1,1,4,3,2,0,0,0,14,1,1,50.0,Matches,UCL,22-23
7fa4e703,561,Gio Reyna,USA,"FW,MF",Dortmund,19,2002,4.3,0,0,0,2,7,3,11,3,2,0,0,0,15,6,7,46.2,Matches,UCL,22-23
fa031b34,562,Richarlison,BRA,"MF,FW",Tottenham,25,1997,4.1,0,0,0,5,9,3,1,2,1,0,0,0,21,4,10,28.6,Matches,UCL,22-23
7e56d3db,563,Stefan Ristovski,MKD,DF,Dinamo Zagreb,30,1992,4.1,1,0,0,2,7,0,13,6,2,0,0,0,18,0,1,0.0,Matches,UCL,22-23
733e7ad8,564,Mats Rits,BEL,MF,Club Brugge,29,1993,0.2,0,0,0,0,0,0,0,0,1,0,0,0,1,0,0,,Matches,UCL,22-23
335fa267,565,Sergi Roberto,ESP,DF,Barcelona,30,1992,2.3,1,0,0,0,0,0,3,4,1,0,0,0,16,2,5,28.6,Matches,UCL,22-23
2e4f5f03,566,Andrew Robertson,SCO,DF,Liverpool,28,1994,4.2,0,0,0,0,0,0,32,2,0,0,0,0,24,4,3,57.1,Matches,UCL,22-23
c738a5ec,567,Rochinha,POR,"MF,FW",Sporting CP,27,1995,0.2,0,0,0,0,1,0,1,0,0,0,0,0,1,1,0,100.0,Matches,UCL,22-23
e12b0b5b,568,Sebastian Rode,GER,MF,Eint Frankfurt,31,1990,3.3,0,0,0,5,5,0,2,3,5,0,0,0,21,1,1,50.0,Matches,UCL,22-23
6434f10d,569,Rodri,ESP,MF,Manchester City,26,1996,11.1,1,0,0,13,6,0,3,13,15,0,0,0,105,15,11,57.7,Matches,UCL,22-23
8f5e92a6,570,Rodrygo,BRA,FW,Real Madrid,21,2001,9.1,0,0,0,4,12,2,12,9,3,1,0,0,23,5,8,38.5,Matches,UCL,22-23
a3d94a58,571,Cristian Romero,ARG,DF,Tottenham,24,1998,6.6,4,1,1,7,1,1,1,10,9,0,0,0,41,17,3,85.0,Matches,UCL,22-23
ed45c4a5,572,Valentin Rongier,FRA,MF,Marseille,27,1994,5.2,0,0,0,14,4,0,1,8,6,0,0,0,39,3,4,42.9,Matches,UCL,22-23
90c1f9a4,573,Tom Rothe,GER,DF,Dortmund,17,2004,0.7,0,0,0,0,0,0,1,1,0,0,0,0,3,0,2,0.0,Matches,UCL,22-23
4b3e1a38,574,Amir Rrahmani,KVX,DF,Napoli,28,1994,6.8,2,0,0,7,2,0,2,2,6,0,0,0,36,19,14,57.6,Matches,UCL,22-23
18b896d6,575,Antonio Rüdiger,GER,DF,Real Madrid,29,1993,7.5,0,0,0,3,0,0,0,6,6,0,0,0,34,10,5,66.7,Matches,UCL,22-23
14b8fcdf,576,Daniele Rugani,ITA,DF,Juventus,28,1994,1.0,0,0,0,0,0,0,1,3,2,0,0,0,2,5,5,50.0,Matches,UCL,22-23
0b5a292a,577,Mário Rui,POR,DF,Napoli,31,1991,4.3,1,0,0,7,5,0,16,7,6,0,1,0,30,4,11,26.7,Matches,UCL,22-23
c0c7ff58,578,Fabián Ruiz Peña,ESP,MF,Paris S-G,26,1996,2.6,1,0,0,4,4,0,0,1,1,0,0,0,16,2,4,33.3,Matches,UCL,22-23
12e7ac0a,579,Nikita Rukavytsya,AUS,"FW,MF",Maccabi Haifa,35,1987,0.5,0,0,0,0,0,1,1,0,0,0,0,0,4,1,0,100.0,Matches,UCL,22-23
4535e4bb,580,Mathew Ryan,AUS,GK,FC Copenhagen,30,1992,2.0,0,0,0,0,0,0,0,0,0,0,0,0,2,0,0,,Matches,UCL,22-23
009a4f60,581,Julian Ryerson,NOR,DF,Dortmund,24,1997,0.2,1,0,0,1,1,0,0,0,0,0,0,0,0,0,0,,Matches,UCL,22-23
e280527c,582,Marcel Sabitzer,AUT,MF,Bayern Munich,28,1994,3.1,3,0,0,5,8,0,1,5,8,0,0,0,22,5,4,55.6,Matches,UCL,22-23
ee251371,583,Alexis Saelemaekers,BEL,"FW,DF",Milan,23,1999,4.1,1,0,0,8,5,0,13,4,4,0,0,0,18,6,2,75.0,Matches,UCL,22-23
be6a794c,584,Fashion Sakala,ZAM,"FW,MF",Rangers,25,1997,2.6,0,0,0,2,6,2,8,2,3,0,0,0,4,4,5,44.4,Matches,UCL,22-23
e342ad68,585,Mohamed Salah,EGY,FW,Liverpool,30,1992,6.9,0,0,0,2,3,4,10,2,1,0,0,0,21,1,3,25.0,Matches,UCL,22-23
0a69de7b,586,Kike Salas,ESP,DF,Sevilla,20,2002,2.0,1,0,0,3,1,0,1,1,3,0,0,0,5,5,2,71.4,Matches,UCL,22-23
032f894e,587,Renato Sanches,POR,MF,Paris S-G,24,1997,1.6,0,0,0,3,3,0,0,1,0,0,0,0,15,0,3,0.0,Matches,UCL,22-23
2c0f8e9e,588,Alexis Sánchez,CHI,FW,Marseille,33,1988,4.6,0,0,0,7,10,15,5,0,3,0,0,0,8,1,7,12.5,Matches,UCL,22-23
da7b447d,589,Davinson Sánchez,COL,DF,Tottenham,26,1996,0.2,0,0,0,1,0,0,1,0,0,0,0,0,1,2,0,100.0,Matches,UCL,22-23
2f33776f,590,Cisse Sandra,BEL,FW,Club Brugge,18,2003,0.1,0,0,0,0,0,0,0,0,0,0,0,0,0,0,0,,Matches,UCL,22-23
0d82903c,591,Alex Sandro,BRA,DF,Juventus,31,1991,2.7,1,0,0,3,5,0,5,5,2,0,0,0,21,4,0,100.0,Matches,UCL,22-23
dccd127f,592,James Sands,USA,"DF,MF",Rangers,22,2000,3.6,2,1,1,8,2,0,0,4,3,0,1,0,13,6,1,85.7,Matches,UCL,22-23
2b114be3,593,Leroy Sané,GER,"FW,MF",Bayern Munich,26,1996,6.1,0,0,0,4,2,1,7,6,7,0,0,0,36,1,7,12.5,Matches,UCL,22-23
a6ee4f55,594,Nuno Santos,POR,"DF,MF",Sporting CP,27,1995,3.3,1,0,0,2,6,0,12,2,5,0,0,0,12,1,4,20.0,Matches,UCL,22-23
24051310,595,Zaidu Sanusi,NGA,DF,Porto,25,1997,6.5,0,0,0,3,1,1,8,11,9,0,0,0,30,5,9,35.7,Matches,UCL,22-23
eaefa2d0,596,Alvaro Sanz,ESP,MF,Barcelona,21,2001,0.2,0,0,0,0,0,0,0,0,0,0,0,0,1,0,0,,Matches,UCL,22-23
9744ff80,597,Pablo Sarabia,ESP,MF,Paris S-G,30,1992,1.0,1,0,0,1,1,0,5,0,1,0,0,0,2,1,0,100.0,Matches,UCL,22-23
f6ac68c1,598,Stefan Savić,MNE,DF,Atlético Madrid,31,1991,3.0,3,0,0,2,1,0,1,2,1,0,0,0,13,6,4,60.0,Matches,UCL,22-23
5d4f7d61,599,Patrik Schick,CZE,FW,Leverkusen,26,1996,5.0,0,0,0,4,3,3,0,1,2,0,0,0,12,13,14,48.1,Matches,UCL,22-23
a427724f,600,Andreas Schjelderup,NOR,FW,Benfica,18,2004,0.0,0,0,0,0,0,0,0,0,0,0,0,0,0,0,0,,Matches,UCL,22-23
8f056768,601,Xaver Schlager,AUT,MF,RB Leipzig,24,1997,6.5,1,0,0,9,3,0,0,5,7,0,0,0,53,4,2,66.7,Matches,UCL,22-23
34e12499,602,Nico Schlotterbeck,GER,DF,Dortmund,22,1999,6.2,0,0,0,1,6,0,0,3,8,0,0,0,46,10,4,71.4,Matches,UCL,22-23
f07a0fe5,603,Abdoulaye Seck,SEN,DF,Maccabi Haifa,30,1992,4.4,2,0,0,3,1,0,0,4,7,0,0,0,39,15,3,83.3,Matches,UCL,22-23
28c6e925,604,Nicolas Seiwald,AUT,MF,RB Salzburg,21,2001,6.0,0,0,0,4,2,0,18,8,14,0,0,0,47,1,5,16.7,Matches,UCL,22-23
3260690c,605,Benjamin Šeško,SVN,FW,RB Salzburg,19,2003,3.7,0,0,0,5,3,2,1,0,1,0,0,0,14,9,16,36.0,Matches,UCL,22-23
6aa3e78b,606,Ryan Sessegnon,ENG,"MF,DF",Tottenham,22,2000,1.7,1,0,0,6,3,2,3,2,7,0,0,0,7,0,0,,Matches,UCL,22-23
fcea4f04,607,Maryan Shved,UKR,MF,Shakhtar,25,1997,2.1,0,0,0,4,2,0,3,4,2,0,0,0,7,1,0,100.0,Matches,UCL,22-23
03998238,608,Danylo Sikan,UKR,FW,Shakhtar,21,2001,1.2,1,0,0,4,1,0,1,0,0,0,0,0,7,2,7,22.2,Matches,UCL,22-23
3effaa34,609,André Silva,POR,FW,RB Leipzig,26,1995,5.9,0,0,0,6,6,6,3,1,3,0,0,0,14,4,9,30.8,Matches,UCL,22-23
8f0435c7,610,António Silva,POR,DF,Benfica,18,2003,9.9,1,0,0,6,2,0,0,14,7,0,1,0,57,10,10,50.0,Matches,UCL,22-23
3eb22ec9,611,Bernardo Silva,POR,"FW,MF",Manchester City,27,1994,10.1,2,0,0,19,13,1,19,9,10,0,0,0,66,3,2,60.0,Matches,UCL,22-23
70cf63ca,612,Rafa Silva,POR,MF,Benfica,29,1993,9.1,1,0,0,3,19,3,9,1,5,1,0,0,19,5,7,41.7,Matches,UCL,22-23
86e7deaf,613,Thiago Silva,BRA,DF,Chelsea,37,1984,7.1,2,0,0,5,6,0,0,9,6,0,0,0,47,13,7,65.0,Matches,UCL,22-23
fcb27134,614,Mohamed Simakan,FRA,DF,RB Leipzig,22,2000,5.7,1,0,0,6,16,0,9,12,9,0,0,0,30,11,3,78.6,Matches,UCL,22-23
343c0d52,615,Giovanni Simeone,ARG,FW,Napoli,27,1995,2.9,0,0,0,3,4,4,4,0,2,1,0,0,4,4,7,36.4,Matches,UCL,22-23
a086ae11,616,Roko Simic,CRO,FW,RB Salzburg,18,2003,0.2,0,0,0,2,0,0,0,0,0,0,0,0,1,1,0,100.0,Matches,UCL,22-23
6250083a,617,Oliver Skipp,ENG,MF,Tottenham,21,2000,2.3,1,0,0,4,3,0,2,2,4,0,0,0,15,2,4,33.3,Matches,UCL,22-23
b35a7399,618,Leo Skiri Østigård,NOR,DF,Napoli,22,1999,2.2,0,0,0,0,2,1,1,2,2,0,0,0,10,9,5,64.3,Matches,UCL,22-23
c50cee19,619,Andreas Skov Olsen,DEN,"FW,MF",Club Brugge,22,1999,3.3,0,0,0,0,3,2,20,0,2,0,0,0,11,2,2,50.0,Matches,UCL,22-23
30f5ffa9,620,Milan Škriniar,SVK,DF,Inter,27,1995,6.0,0,0,0,6,2,0,0,4,6,0,0,0,19,13,9,59.1,Matches,UCL,22-23
c967f6b8,621,Hrvoje Smolčić,CRO,DF,Eint Frankfurt,21,2000,1.4,2,0,0,4,0,0,0,5,1,0,1,0,7,3,2,60.0,Matches,UCL,22-23
2ccd89a3,622,Eduard Sobol,UKR,"FW,DF",Club Brugge,27,1995,1.2,1,0,0,1,0,1,7,2,1,0,0,0,6,8,1,88.9,Matches,UCL,22-23
fed17f5a,623,Carlos Soler,ESP,MF,Paris S-G,25,1997,1.7,0,0,0,3,3,0,2,3,4,0,0,0,7,1,1,50.0,Matches,UCL,22-23
0670ee51,624,Oumar Solet,FRA,DF,RB Salzburg,22,2000,3.0,0,0,0,4,1,0,0,3,4,0,0,0,24,5,1,83.3,Matches,UCL,22-23
420c18a1,625,Yann Sommer,SUI,GK,Bayern Munich,33,1988,4.0,0,0,0,0,1,0,0,0,0,0,0,0,3,2,0,100.0,Matches,UCL,22-23
c13ddd3e,626,Matìas Soulé,ARG,"MF,FW",Juventus,19,2003,0.5,0,0,0,0,3,0,0,0,0,0,0,0,3,0,2,0.0,Matches,UCL,22-23
4c6facae,627,Djibril Sow,SUI,MF,Eint Frankfurt,25,1997,8.0,1,0,0,8,14,0,1,18,8,0,1,0,52,3,5,37.5,Matches,UCL,22-23
74b7375f,628,Kamal Sowah,GHA,"FW,MF",Club Brugge,22,2000,6.6,4,1,1,4,3,3,7,4,7,0,0,0,41,2,4,33.3,Matches,UCL,22-23
688fcea2,629,Dario Špikić,CRO,"FW,DF",Dinamo Zagreb,23,1999,1.9,0,0,0,1,5,0,4,4,1,0,0,0,14,0,2,0.0,Matches,UCL,22-23
2d65a822,630,Jorne Spileers,BEL,DF,Club Brugge,17,2005,0.0,0,0,0,0,0,0,0,0,0,0,0,0,1,0,0,,Matches,UCL,22-23
90339309,631,Jerry St. Juste,NED,DF,Sporting CP,25,1996,2.1,1,0,0,4,5,0,0,7,5,0,0,0,8,3,2,60.0,Matches,UCL,22-23
690d1049,632,Marko Stamenic,NZL,MF,FC Copenhagen,20,2002,3.0,3,0,0,9,1,0,0,3,1,0,1,0,15,4,7,36.4,Matches,UCL,22-23
eca17cf2,633,Jindřich Staněk,CZE,GK,Viktoria Plzeň,26,1996,5.0,0,0,0,0,0,0,0,0,0,0,0,0,6,0,0,,Matches,UCL,22-23
7ed08d5c,634,Josip Stanišić,CRO,DF,Bayern Munich,22,2000,3.9,2,0,0,6,2,0,2,4,7,0,0,0,27,1,5,16.7,Matches,UCL,22-23
5cfec13d,635,Carl Starfelt,SWE,DF,Celtic,27,1995,1.0,0,0,0,1,0,0,0,0,0,0,0,0,4,0,0,,Matches,UCL,22-23
d0b8e745,636,Orri Steinn Óskarsson,ISL,"MF,FW",FC Copenhagen,17,2004,0.2,0,0,0,1,0,0,0,0,0,0,0,0,1,1,1,50.0,Matches,UCL,22-23
ee3519f5,637,Taras Stepanenko,UKR,MF,Shakhtar,32,1989,5.9,1,0,0,6,2,0,0,12,11,0,0,0,31,6,4,60.0,Matches,UCL,22-23
b400bde0,638,Raheem Sterling,ENG,"FW,MF",Chelsea,27,1994,7.0,1,0,0,15,7,7,15,0,2,0,0,0,21,3,2,60.0,Matches,UCL,22-23
5eecec3d,639,John Stones,ENG,"MF,DF",Manchester City,28,1994,7.6,0,0,0,2,3,0,3,4,2,0,0,0,26,7,5,58.3,Matches,UCL,22-23
1e1378e1,640,Luka Sučić,CRO,MF,RB Salzburg,19,2002,4.4,2,0,0,4,1,0,3,4,3,0,0,0,29,2,8,20.0,Matches,UCL,22-23
a793f5a8,641,Heorhiy Sudakov,UKR,MF,Shakhtar,19,2002,5.3,0,0,0,3,5,0,1,6,6,0,0,0,22,1,0,100.0,Matches,UCL,22-23
e33c06cf,642,Niklas Süle,GER,DF,Dortmund,26,1995,7.5,2,0,0,4,2,0,0,6,5,0,0,0,43,7,2,77.8,Matches,UCL,22-23
141b0bd2,643,Daniel Sundgren,SWE,DF,Maccabi Haifa,31,1990,3.6,0,0,0,1,3,0,4,5,8,0,0,0,26,3,1,75.0,Matches,UCL,22-23
4e219ad2,644,Suso,ESP,"FW,MF",Sevilla,28,1993,2.6,0,0,0,2,6,1,4,1,2,0,0,0,3,1,0,100.0,Matches,UCL,22-23
33a6a650,645,Josip Šutalo,CRO,DF,Dinamo Zagreb,22,2000,6.0,0,0,0,2,4,0,0,9,6,0,1,0,39,12,9,57.1,Matches,UCL,22-23
d820a7c8,646,Jan Sýkora,CZE,"FW,DF",Viktoria Plzeň,28,1993,1.6,1,0,0,3,2,1,1,3,0,0,0,0,5,0,1,0.0,Matches,UCL,22-23
29c91632,647,Abakar Sylla,CIV,DF,Club Brugge,19,2002,5.5,4,0,0,10,1,0,1,7,2,0,1,0,30,7,6,53.8,Matches,UCL,22-23
01b8a2b2,648,Wojciech Szczęsny,POL,GK,Juventus,32,1990,4.0,0,0,0,0,0,0,0,0,0,0,0,0,5,0,0,,Matches,UCL,22-23
934e1968,649,Dominik Szoboszlai,HUN,FW,RB Leipzig,21,2000,7.3,0,0,0,7,7,1,29,1,6,0,0,0,36,5,3,62.5,Matches,UCL,22-23
c8829a58,650,Christian Sørensen,DEN,"DF,MF",FC Copenhagen,29,1992,1.1,1,0,0,2,2,0,9,2,1,0,0,0,2,0,1,0.0,Matches,UCL,22-23
2475dcc6,651,Dušan Tadić,SRB,FW,Ajax,33,1988,4.8,2,1,1,9,6,2,10,0,3,0,0,0,27,3,5,37.5,Matches,UCL,22-23
bd142efb,652,Jonathan Tah,GER,DF,Leverkusen,26,1996,5.3,1,0,0,5,0,1,0,2,6,0,0,0,44,10,4,71.4,Matches,UCL,22-23
e9971f2d,653,Japhet Tanganga,ENG,DF,Tottenham,23,1999,0.2,0,0,0,0,0,0,0,0,1,0,0,0,2,1,0,100.0,Matches,UCL,22-23
a73c8f95,654,Edmond Tapsoba,BFA,DF,Leverkusen,23,1999,3.9,0,0,0,3,2,0,0,4,5,0,0,0,27,3,4,42.9,Matches,UCL,22-23
4c2a5d34,655,Mehdi Taremi,IRN,FW,Porto,30,1992,6.8,2,1,1,9,11,2,1,1,6,0,0,0,22,15,18,45.5,Matches,UCL,22-23
b056e3da,656,Ciprian Tătărușanu,ROU,GK,Milan,36,1986,5.0,0,0,0,0,1,0,0,0,0,0,0,0,7,2,0,100.0,Matches,UCL,22-23
a65c844b,657,Nuno Tavares,POR,DF,Marseille,22,2000,6.0,1,0,0,5,14,5,33,4,8,0,0,0,45,3,3,50.0,Matches,UCL,22-23
be765073,658,James Tavernier,ENG,DF,Rangers,30,1991,5.4,1,0,0,5,1,0,22,6,5,0,0,0,32,7,8,46.7,Matches,UCL,22-23
30d75bfb,659,Greg Taylor,SCO,DF,Celtic,24,1997,6.0,0,0,0,1,6,0,8,7,9,0,0,0,26,4,7,36.4,Matches,UCL,22-23
ad9b2747,660,Kenneth Taylor,NED,MF,Ajax,20,2002,4.6,2,0,0,7,1,0,6,4,3,0,0,0,19,1,1,50.0,Matches,UCL,22-23
d0a39bdf,661,Lucas Taylor,BRA,DF,Shakhtar,27,1995,3.5,1,0,0,5,4,0,2,3,2,0,0,0,17,1,3,25.0,Matches,UCL,22-23
f4d8ce5a,662,Mavis Tchibota,CGO,FW,Maccabi Haifa,26,1996,1.0,1,0,0,4,2,0,3,0,2,0,0,0,6,0,1,0.0,Matches,UCL,22-23
4f255115,663,Aurélien Tchouaméni,FRA,MF,Real Madrid,22,2000,4.8,0,0,0,5,5,0,0,7,7,0,0,0,37,6,5,54.5,Matches,UCL,22-23
829aa60c,664,Mathys Tel,FRA,FW,Bayern Munich,17,2005,1.6,0,0,0,0,1,1,4,3,1,0,0,0,7,3,3,50.0,Matches,UCL,22-23
e73c9bb2,665,Alex Telles,BRA,"DF,FW",Sevilla,29,1992,4.3,0,0,0,3,7,0,27,4,4,0,0,0,15,7,7,50.0,Matches,UCL,22-23
6f51e382,666,Marc-André ter Stegen,GER,GK,Barcelona,30,1992,5.0,0,0,0,0,0,0,0,0,0,0,0,0,8,1,0,100.0,Matches,UCL,22-23
6b994195,667,Kévin Théophile-Catherine,FRA,DF,Dinamo Zagreb,32,1989,0.8,0,0,0,1,0,0,0,1,2,0,0,0,8,0,1,0.0,Matches,UCL,22-23
ff5ea0bf,668,Malick Thiaw,GER,DF,Milan,20,2001,3.1,2,0,0,8,3,0,0,10,4,0,0,0,15,7,5,58.3,Matches,UCL,22-23
b7c19c48,669,Mohamed Tijani,BEN,DF,Viktoria Plzeň,25,1997,1.9,0,0,0,1,1,0,0,2,0,0,0,0,10,1,1,50.0,Matches,UCL,22-23
a5420709,670,Malik Tillman,USA,MF,Rangers,20,2002,2.7,0,0,0,1,5,0,1,3,5,0,0,0,15,4,5,44.4,Matches,UCL,22-23
41034650,671,Jurriën Timber,NED,DF,Ajax,21,2001,5.9,2,0,0,11,5,1,1,8,1,0,1,0,28,4,5,44.4,Matches,UCL,22-23
7edfbb8a,672,Fikayo Tomori,ENG,DF,Milan,24,1997,9.2,4,1,0,14,2,0,1,10,16,0,2,0,57,9,11,45.0,Matches,UCL,22-23
0db169ae,673,Sandro Tonali,ITA,MF,Milan,22,2000,11.7,3,0,0,13,18,2,47,4,13,1,0,0,57,3,9,25.0,Matches,UCL,22-23
04e531b6,674,Pablo Torre,ESP,"MF,FW",Barcelona,19,2003,1.1,1,0,0,3,1,0,0,1,2,0,1,0,4,0,3,0.0,Matches,UCL,22-23
9e1035f8,675,Ferrán Torres,ESP,"FW,MF",Barcelona,22,2000,2.1,1,0,0,2,2,1,1,0,2,0,0,0,6,0,1,0.0,Matches,UCL,22-23
ab708880,676,Andriy Totovytskyi,UKR,MF,Shakhtar,29,1993,0.2,0,0,0,0,0,0,1,0,0,0,0,0,0,0,0,,Matches,UCL,22-23
ce17b5eb,677,Kevin Trapp,GER,GK,Eint Frankfurt,32,1990,8.0,0,0,0,0,1,0,0,0,0,0,0,0,10,4,0,100.0,Matches,UCL,22-23
77e39b04,678,Francisco Trincão,POR,"MF,FW",Sporting CP,22,1999,4.3,0,0,0,2,3,1,5,2,4,0,0,0,16,1,9,10.0,Matches,UCL,22-23
41f0b196,679,Anatolii Trubin,UKR,GK,Shakhtar,20,2001,6.0,1,0,0,0,0,0,0,0,0,0,0,0,3,2,0,100.0,Matches,UCL,22-23
f315ca93,680,Kostas Tsimikas,GRE,DF,Liverpool,26,1996,3.8,1,0,0,6,8,0,44,2,3,0,0,0,23,4,9,30.8,Matches,UCL,22-23
aa34ed38,681,David Turnbull,SCO,MF,Celtic,23,1999,1.1,0,0,0,1,0,0,6,0,0,0,0,0,3,0,1,0.0,Matches,UCL,22-23
35d64857,682,Tuta,BRA,DF,Eint Frankfurt,23,1999,6.7,2,1,1,6,1,0,1,8,11,0,0,0,55,7,7,50.0,Matches,UCL,22-23
d3dc62d1,683,Marián Tvrdoň,SVK,GK,Viktoria Plzeň,27,1994,1.0,0,0,0,0,0,0,0,0,0,0,0,0,3,0,0,,Matches,UCL,22-23
c9817014,684,Manuel Ugarte Ribeiro,URU,MF,Sporting CP,21,2001,5.2,2,0,0,16,11,0,1,13,17,0,0,0,43,6,4,60.0,Matches,UCL,22-23
1a799243,685,Andreas Ulmer,AUT,DF,RB Salzburg,36,1985,4.2,1,0,0,4,2,0,11,4,1,1,0,0,28,3,1,75.0,Matches,UCL,22-23
7d3e7da6,686,Sven Ulreich,GER,GK,Bayern Munich,33,1988,3.0,0,0,0,0,0,0,0,0,0,0,0,0,3,1,0,100.0,Matches,UCL,22-23
1880614f,687,Cengiz Ünder,TUR,MF,Marseille,25,1997,1.9,1,0,0,1,0,1,7,1,3,0,0,0,6,0,0,,Matches,UCL,22-23
d248cd8f,688,Dayot Upamecano,FRA,DF,Bayern Munich,23,1998,7.9,2,0,0,7,1,0,0,14,8,0,1,0,50,11,6,64.7,Matches,UCL,22-23
b997c3de,689,Mateus Uribe,COL,MF,Porto,31,1991,6.8,3,0,0,14,2,0,3,11,9,0,1,0,68,5,9,35.7,Matches,UCL,22-23
c2111b45,690,Jesús Vallejo,ESP,DF,Real Madrid,25,1997,0.2,0,0,0,0,0,0,0,0,2,0,0,0,0,0,1,0.0,Matches,UCL,22-23
0959c2a2,691,Federico Valverde,URU,"MF,FW",Real Madrid,24,1998,10.7,0,0,0,10,5,1,20,14,7,0,0,0,45,7,5,58.3,Matches,UCL,22-23
e06683ca,692,Virgil van Dijk,NED,DF,Liverpool,31,1991,8.0,1,0,0,6,0,0,0,4,2,0,1,0,36,28,8,77.8,Matches,UCL,22-23
392a7aea,693,Hans Vanaken,BEL,MF,Club Brugge,29,1992,7.8,1,0,0,7,9,0,2,4,3,0,0,0,34,28,10,73.7,Matches,UCL,22-23
08990838,694,Denis Vavro,SVK,DF,FC Copenhagen,26,1996,4.0,1,0,0,2,1,0,1,7,1,0,0,0,16,5,1,83.3,Matches,UCL,22-23
fd51b456,695,Lucas Vázquez,ESP,DF,Real Madrid,31,1991,2.2,1,0,0,3,4,0,9,3,1,0,0,0,11,0,0,,Matches,UCL,22-23
4a56052c,696,Jordan Veretout,FRA,MF,Marseille,29,1993,5.4,2,0,0,9,5,1,15,2,9,0,0,0,34,5,6,45.5,Matches,UCL,22-23
5eaf85b5,697,Lucas Veríssimo,BRA,DF,Benfica,27,1995,0.1,0,0,0,1,0,0,0,0,0,0,0,0,2,0,0,,Matches,UCL,22-23
6bc49da7,698,Gabriel Veron,BRA,"MF,FW",Porto,19,2002,0.5,0,0,0,1,0,0,2,0,0,0,0,0,3,0,2,0.0,Matches,UCL,22-23
1467af0d,699,Marco Verratti,ITA,MF,Paris S-G,29,1992,6.9,4,0,0,10,16,0,1,6,18,0,1,0,52,5,2,71.4,Matches,UCL,22-23
3b029691,700,Vitinha,POR,MF,Paris S-G,22,2000,6.5,0,0,0,5,7,0,2,13,6,0,0,0,51,2,3,40.0,Matches,UCL,22-23
03df04ff,701,Odisseas Vlachodimos,GRE,GK,Benfica,28,1994,10.0,0,0,0,0,0,0,0,0,0,0,0,0,7,1,0,100.0,Matches,UCL,22-23
79443529,702,Dušan Vlahović,SRB,FW,Juventus,22,2000,4.6,0,0,0,4,4,4,2,0,1,0,0,0,10,3,9,25.0,Matches,UCL,22-23
aed44b64,703,Adam Vlkanova,CZE,MF,Viktoria Plzeň,27,1994,5.1,0,0,0,6,9,1,14,2,2,0,0,0,35,4,3,57.1,Matches,UCL,22-23
d0d8dd44,704,Stefan de Vrij,NED,DF,Inter,30,1992,3.3,1,0,0,4,0,0,0,4,4,0,0,0,7,2,3,40.0,Matches,UCL,22-23
86dd77d1,705,Kyle Walker,ENG,"DF,FW",Manchester City,32,1990,3.1,0,0,0,2,1,1,5,3,7,0,0,0,21,3,1,75.0,Matches,UCL,22-23
cb64672e,706,Paul Wanner,GER,"DF,FW",Bayern Munich,16,2005,0.4,0,0,0,1,0,0,1,1,0,0,0,0,2,1,0,100.0,Matches,UCL,22-23
a8b8af8d,707,Stephen Welsh,SCO,DF,Celtic,22,2000,1.0,0,0,0,1,0,0,0,1,0,0,0,0,3,0,1,0.0,Matches,UCL,22-23
f9acca3a,708,Wendell,BRA,DF,Porto,29,1993,1.6,0,0,0,2,4,0,8,1,1,0,0,0,12,2,1,66.7,Matches,UCL,22-23
49fe9070,709,Timo Werner,GER,FW,RB Leipzig,26,1996,5.6,1,0,0,2,2,5,3,0,0,0,0,0,13,0,0,,Matches,UCL,22-23
83300259,710,Owen Wijndal,NED,DF,Ajax,22,1999,0.8,0,0,0,2,0,0,3,2,0,0,0,0,5,0,0,,Matches,UCL,22-23
c19a2df1,711,Josh Wilson-Esbrand,ENG,DF,Manchester City,19,2002,0.5,0,0,0,0,1,0,1,0,1,0,0,0,2,1,0,100.0,Matches,UCL,22-23
5dfc6ad5,712,Axel Witsel,BEL,"DF,MF",Atlético Madrid,33,1989,5.1,0,0,0,2,3,0,0,3,3,0,0,0,29,13,8,61.9,Matches,UCL,22-23
4b803b3c,713,Maximilian Wöber,AUT,DF,RB Salzburg,24,1998,1.8,0,0,0,3,0,0,9,0,6,0,0,0,11,6,4,60.0,Matches,UCL,22-23
fa661778,714,Marius Wolf,GER,DF,Dortmund,27,1995,2.0,1,0,0,4,1,0,9,2,3,0,1,0,9,2,1,66.7,Matches,UCL,22-23
e9b0ccaf,715,Scott Wright,SCO,"FW,MF",Rangers,24,1997,1.5,0,0,0,2,1,3,2,1,1,0,0,0,7,0,2,0.0,Matches,UCL,22-23
cb641b9d,716,Roman Yaremchuk,UKR,FW,Club Brugge,26,1995,1.2,1,0,0,1,0,0,1,0,1,0,0,0,4,2,3,40.0,Matches,UCL,22-23
94721522,717,Rıdvan Yılmaz,TUR,DF,Rangers,21,2001,1.0,0,0,0,0,0,0,4,3,0,0,0,0,8,0,0,,Matches,UCL,22-23
6b9960cf,718,Warren Zaïre-Emery,FRA,MF,Paris S-G,16,2006,0.9,0,0,0,0,2,0,2,0,2,0,0,0,5,0,2,0.0,Matches,UCL,22-23
384d58d9,719,Denis Zakaria,SUI,MF,Chelsea,25,1996,0.8,0,0,0,1,3,0,0,2,1,0,0,0,9,0,0,,Matches,UCL,22-23
6bb2c084,720,Andre-Frank Zambo Anguissa,CMR,MF,Napoli,26,1995,7.2,2,1,1,17,16,0,1,14,8,0,0,0,56,8,7,53.3,Matches,UCL,22-23
3b12b11f,721,Alessandro Zanoli,ITA,DF,Napoli,21,2000,0.1,0,0,0,0,0,0,3,1,2,0,0,0,0,1,1,50.0,Matches,UCL,22-23
f15b778f,722,Zeca,GRE,MF,FC Copenhagen,33,1988,1.8,0,0,0,4,0,0,0,3,0,0,0,0,11,3,1,75.0,Matches,UCL,22-23
d19ef4ef,723,Alessio Zerbin,ITA,FW,Napoli,23,1999,0.6,0,0,0,0,0,0,0,0,1,0,0,0,7,0,0,,Matches,UCL,22-23
a5296e55,724,Piotr Zieliński,POL,MF,Napoli,28,1994,6.9,1,0,0,3,12,0,33,4,4,1,0,0,21,1,4,20.0,Matches,UCL,22-23
6622454d,725,Hakim Ziyech,MAR,"FW,MF",Chelsea,29,1993,1.6,1,0,0,3,3,1,18,2,0,0,0,0,5,0,2,0.0,Matches,UCL,22-23
adfbe1f5,726,Oleksandr Zubkov,UKR,"FW,MF",Shakhtar,25,1996,4.1,1,0,0,4,7,0,0,4,4,0,0,0,19,2,4,33.3,Matches,UCL,22-23
37557ec4,727,Neven Đurasek,CRO,MF,Shakhtar,23,1998,1.0,1,0,0,1,0,0,0,4,0,0,0,0,6,0,0,,Matches,UCL,22-23
