id,Unnamed: 0_level_0,Unnamed: 1_level_0,Unnamed: 2_level_0,Unnamed: 3_level_0,Unnamed: 4_level_0,Unnamed: 5_level_0,Unnamed: 6_level_0,Unnamed: 7_level_0,Touches,Touches,Touches,Touches,Touches,Touches,Touches,Take-Ons,Take-Ons,Take-Ons,Take-Ons,Take-Ons,Carries,Carries,Carries,Carries,Carries,Carries,Carries,Carries,Receiving,Receiving,Unnamed: 30_level_0,Unnamed: league,Unnamed: season
,Rk,Player,Nation,Pos,Squad,Age,Born,90s,Touches,Def Pen,Def 3rd,Mid 3rd,Att 3rd,Att Pen,Live,Att,Succ,Succ%,Tkld,Tkld%,Carries,TotDist,PrgDist,PrgC,1/3,CPA,Mis,Dis,Rec,PrgR,Matches,league,season
2f798b41,1,Aymen Abdennour,TUN,DF,Marseille,27,1989,5.5,375,27,175,200,4,2,375,1,1,100.0,0,0.0,296,1522,829,2,1,0,0,1,278,0,Matches,FRA-L1,17-18
a4c3f7af,2,Mehdi Abeid,ALG,MF,Dijon,24,1992,13.1,752,30,183,496,84,10,752,20,14,70.0,6,30.0,503,2859,1321,20,13,0,24,21,494,14,Matches,FRA-L1,17-18
16714a62,3,Khaled Adénon,BEN,DF,Amiens,32,1985,32.5,1562,274,941,621,16,10,1562,7,4,57.1,3,42.9,697,3218,1795,6,3,0,12,7,739,1,Matches,FRA-L1,17-18
26777636,4,Yacine Adli,FRA,FW,Paris S-G,17,2000,0.1,7,0,1,5,1,0,7,0,0,,0,,6,55,16,0,0,0,0,0,7,0,Matches,FRA-L1,17-18
3dd738a1,5,Ruben Aguilar,FRA,DF,Montpellier,24,1993,27.3,1894,63,458,920,548,33,1894,48,30,62.5,18,37.5,855,5307,3416,97,77,5,34,27,1073,160,Matches,FRA-L1,17-18
48b28bfd,6,Jean-Eudes Aholou,CIV,MF,Strasbourg,23,1994,33.4,1694,70,472,1062,191,26,1694,50,39,78.0,11,22.0,860,4336,2037,32,29,2,38,27,991,22,Matches,FRA-L1,17-18
c46fa34c,7,Youssef Aït Bennasser,MAR,MF,Caen,21,1996,22.7,1357,52,297,925,163,4,1357,51,43,84.3,8,15.7,673,4676,2603,37,26,3,18,34,871,27,Matches,FRA-L1,17-18
9b8970ce,8,David Alcibiade,FRA,DF,Nantes,25,1991,2.3,124,13,46,53,27,3,124,0,0,,0,,45,241,161,2,3,0,1,1,45,2,Matches,FRA-L1,17-18
b18a3023,9,Júnior Alonso,PAR,DF,Lille,24,1993,30.9,2219,177,1110,1053,78,23,2219,18,15,83.3,3,16.7,1223,6120,4032,19,14,3,14,11,1416,14,Matches,FRA-L1,17-18
c9e99e49,10,Dani Alves,BRA,DF,Paris S-G,34,1983,22.9,2299,51,502,1234,583,47,2299,42,28,66.7,14,33.3,1414,5650,3505,76,62,8,20,30,1688,144,Matches,FRA-L1,17-18
9260926b,11,Ibrahim Amadou,FRA,"MF,DF",Lille,24,1993,26.7,1803,105,648,1091,81,16,1803,13,11,84.6,2,15.4,1034,5131,2883,18,13,1,18,11,1305,19,Matches,FRA-L1,17-18
ab914649,12,Morgan Amalfitano,FRA,"MF,FW",Rennes,32,1985,8.3,338,8,42,195,103,19,338,12,9,75.0,3,25.0,185,1069,401,16,8,1,10,17,244,34,Matches,FRA-L1,17-18
d7bf3d19,13,Romain Amalfitano,FRA,MF,Dijon,27,1989,30.0,1742,61,409,1178,180,6,1742,71,47,66.2,24,33.8,1140,6763,3002,50,35,3,56,48,1183,46,Matches,FRA-L1,17-18
22721b88,14,Jordan Amavi,FRA,DF,Marseille,23,1994,24.4,1681,87,475,882,355,9,1681,71,44,62.0,27,38.0,1023,5151,3032,70,58,4,31,26,955,83,Matches,FRA-L1,17-18
bcc81786,15,Kelvin Amian,FRA,DF,Toulouse,19,1998,35.0,1634,121,570,739,335,18,1634,34,19,55.9,15,44.1,752,3884,2163,41,31,4,34,20,746,83,Matches,FRA-L1,17-18
ef9c1c95,16,Benjamin André,FRA,MF,Rennes,26,1990,33.5,2343,81,372,1415,569,50,2343,44,35,79.5,9,20.5,1057,5078,2287,48,54,2,66,56,1495,117,Matches,FRA-L1,17-18
872cd68c,17,Yoann Andreu,FRA,DF,Angers,28,1989,23.0,1441,57,484,646,325,11,1441,24,13,54.2,11,45.8,753,3736,2065,37,50,4,20,18,743,74,Matches,FRA-L1,17-18
a5db0bec,18,Houssem Aouar,ALG,"MF,FW",Lyon,19,1998,27.0,1896,34,231,1234,465,80,1896,113,81,71.7,32,28.3,1296,7004,3624,87,72,22,50,55,1443,131,Matches,FRA-L1,17-18
fa18c72e,19,Luiz Araújo,BRA,"FW,MF",Lille,21,1996,22.4,1020,11,130,479,434,55,1020,106,75,70.8,31,29.2,670,5608,2727,94,63,27,54,53,749,152,Matches,FRA-L1,17-18
2f965a72,20,Alphonse Areola,FRA,GK,Paris S-G,24,1993,34.0,941,813,939,3,0,0,941,0,0,,0,,505,2472,1581,0,0,0,0,0,356,0,Matches,FRA-L1,17-18
9dd5da03,21,Yoël Armougom,FRA,"DF,MF",Caen,19,1998,1.5,99,5,16,49,35,2,99,1,1,100.0,0,0.0,28,304,199,5,1,1,2,1,48,10,Matches,FRA-L1,17-18
a557e6b0,22,Benoît Assou-Ekotto,CMR,DF,Metz,33,1984,11.7,714,29,238,397,86,1,714,9,8,88.9,1,11.1,365,1235,519,8,7,0,6,4,361,17,Matches,FRA-L1,17-18
eacb45fd,23,Danilo Avelar,BRA,DF,Amiens,28,1989,19.2,1072,88,362,524,196,10,1072,25,11,44.0,14,56.0,416,1753,1060,22,18,0,14,15,511,66,Matches,FRA-L1,17-18
833a91a1,24,Durel Avounou,CGO,"DF,MF",Caen,19,1997,7.2,355,23,81,200,75,6,355,6,5,83.3,1,16.7,124,674,235,5,5,2,12,6,168,23,Matches,FRA-L1,17-18
70d8e84c,25,Chidozie Awaziem,NGA,DF,Nantes,20,1997,16.8,849,107,451,348,53,12,849,6,5,83.3,1,16.7,358,1720,1108,10,5,1,5,10,382,5,Matches,FRA-L1,17-18
eaf71a5e,26,Karim Azamoum,FRA,MF,Troyes,27,1990,25.0,1245,62,307,624,326,33,1245,22,13,59.1,9,40.9,563,2780,1131,26,12,5,31,30,708,76,Matches,FRA-L1,17-18
d3ce9f1f,27,Ludovic Baal,GUF,DF,Rennes,31,1986,12.9,975,27,235,557,194,2,975,20,18,90.0,2,10.0,458,2165,1293,29,24,2,9,12,558,35,Matches,FRA-L1,17-18
7844c810,28,Dylan Bahamboula,CGO,"FW,MF",Dijon,22,1995,0.3,18,0,1,6,12,0,18,1,0,0.0,1,100.0,13,139,49,1,2,0,2,1,15,2,Matches,FRA-L1,17-18
776972d5,29,Farès Bahlouli,FRA,"MF,FW",Lille,22,1995,3.4,209,1,15,87,112,5,209,26,14,53.8,12,46.2,133,1003,395,11,13,2,11,18,143,34,Matches,FRA-L1,17-18
5046b7d4,30,Stéphane Bahoken,CMR,FW,Strasbourg,25,1992,18.5,519,2,39,221,264,59,519,19,7,36.8,12,63.2,340,1880,771,31,13,11,54,33,375,124,Matches,FRA-L1,17-18
509a4ccb,31,Keita Baldé,SEN,"FW,MF",Monaco,22,1995,16.4,563,7,53,239,281,62,563,46,30,65.2,16,34.8,386,2486,1257,57,31,16,41,27,414,139,Matches,FRA-L1,17-18
cee88597,32,Iván Balliu,ALB,DF,Metz,25,1992,21.7,1401,64,395,656,362,10,1401,27,16,59.3,11,40.7,721,3047,1514,34,48,1,17,6,786,92,Matches,FRA-L1,17-18
f449640d,33,Fodé Ballo-Touré,SEN,DF,Lille,20,1997,22.8,1425,54,417,722,298,22,1425,23,16,69.6,7,30.4,680,3491,2197,43,18,4,19,23,835,98,Matches,FRA-L1,17-18
4e7bfc23,34,Florent Balmont,FRA,MF,Dijon,37,1980,9.6,599,9,92,389,126,5,599,14,8,57.1,6,42.9,387,1568,857,10,15,1,12,9,407,21,Matches,FRA-L1,17-18
8ff07990,35,Mario Balotelli,ITA,FW,Nice,26,1990,25.2,1055,28,80,572,417,98,1049,48,30,62.5,18,37.5,560,3319,1459,46,46,19,54,46,919,173,Matches,FRA-L1,17-18
7fecbcdb,36,Abdoulaye Bamba,CIV,DF,Angers,27,1990,17.0,995,35,309,506,184,5,995,15,9,60.0,6,40.0,480,2127,1254,32,21,2,8,11,530,55,Matches,FRA-L1,17-18
b2bd0f6c,37,Jonathan Bamba,CIV,FW,Saint-Étienne,21,1996,28.6,1556,16,163,693,721,91,1552,83,43,51.8,39,47.0,937,6542,3210,116,76,34,76,86,1134,247,Matches,FRA-L1,17-18
a1d04509,38,Yacine Bammou,MAR,"MF,FW",Nantes,25,1991,8.1,375,12,73,154,155,23,375,7,2,28.6,5,71.4,205,1025,460,15,12,3,14,13,246,59,Matches,FRA-L1,17-18
5693aa98,39,Sekou Baradji,FRA,MF,Amiens,33,1984,0.1,6,0,3,3,0,0,6,0,0,,0,,2,5,0,0,1,0,0,0,2,0,Matches,FRA-L1,17-18
67d251a2,40,Nicolas Basin,FRA,DF,Metz,19,1998,3.5,202,13,74,85,43,2,202,0,0,,0,,77,302,152,4,1,0,2,1,98,9,Matches,FRA-L1,17-18
e61bdd69,41,Gil Bastião Dias,POR,MF,Monaco,20,1996,0.1,3,0,0,1,2,0,3,0,0,,0,,3,45,18,0,0,0,0,1,3,2,Matches,FRA-L1,17-18
2515040a,42,Paul Baysse,FRA,DF,Bordeaux,29,1988,6.3,366,31,175,175,16,10,366,2,2,100.0,0,0.0,206,1278,824,7,2,0,3,2,214,1,Matches,FRA-L1,17-18
7abfcbff,43,Hervé Bazile,HAI,"MF,FW",Caen,27,1990,9.7,477,3,68,173,240,21,477,41,19,46.3,22,53.7,239,2030,552,28,15,6,34,32,308,110,Matches,FRA-L1,17-18
0d57f1c1,44,Henri Bedimo,CMR,"DF,FW",Marseille,33,1984,0.5,27,3,9,15,3,0,27,0,0,,0,,13,67,28,2,1,0,0,1,17,4,Matches,FRA-L1,17-18
2174bc8d,45,François Bellugou,FRA,MF,Troyes,30,1987,24.2,1190,56,349,749,101,12,1190,17,11,64.7,6,35.3,605,2844,994,10,6,0,17,14,707,13,Matches,FRA-L1,17-18
61d618fa,46,Chaouki Ben Saada,TUN,"FW,MF",Troyes,33,1984,3.8,245,5,33,111,109,9,245,24,14,58.3,10,41.7,152,1007,470,13,11,1,10,9,172,29,Matches,FRA-L1,17-18
b7e7937d,47,Diego Benaglio,SUI,GK,Monaco,33,1983,2.5,68,60,68,0,0,0,68,0,0,,0,,32,220,155,0,0,0,0,0,15,0,Matches,FRA-L1,17-18
30395d3b,48,Nicolas Benezet,FRA,"FW,MF",Guingamp,26,1991,18.3,1192,10,108,528,577,60,1192,72,45,62.5,27,37.5,741,4996,2529,92,57,19,44,41,894,174,Matches,FRA-L1,17-18
8a2248b4,49,Walter Benítez,ARG,GK,Nice,24,1993,28.0,824,768,824,0,0,0,824,0,0,,0,,344,1808,1421,0,0,0,1,0,262,0,Matches,FRA-L1,17-18
378825c7,50,Ramy Bensebaini,ALG,DF,Rennes,22,1995,26.0,1791,123,610,901,296,28,1791,34,23,67.6,11,32.4,819,4277,2418,45,28,7,14,5,972,77,Matches,FRA-L1,17-18
6fbde63a,51,Yassine Benzia,ALG,"MF,FW",Lille,22,1994,25.4,1686,18,177,1007,528,34,1686,71,53,74.6,18,25.4,1050,5919,2556,60,60,8,54,44,1245,137,Matches,FRA-L1,17-18
b6e50615,52,Yuri Berchiche,ESP,DF,Paris S-G,27,1990,19.1,1359,42,319,676,371,41,1359,16,12,75.0,4,25.0,780,2858,1695,41,22,11,19,7,903,145,Matches,FRA-L1,17-18
9001138b,53,Robert Berić,SVN,FW,Saint-Étienne,26,1991,11.6,268,5,16,137,118,36,266,9,3,33.3,6,66.7,124,543,239,14,5,8,14,9,185,47,Matches,FRA-L1,17-18
3250c6cd,54,Kévin Bérigaud,FRA,"FW,MF",Montpellier,29,1988,3.0,96,1,3,50,44,8,96,7,3,42.9,4,57.1,51,292,128,3,3,0,7,5,78,26,Matches,FRA-L1,17-18
5e6342d4,55,Vincent Bessat,FRA,"DF,MF",Caen,31,1985,17.4,1117,28,267,492,364,7,1117,19,10,52.6,9,47.4,458,2726,1268,31,29,1,32,13,623,129,Matches,FRA-L1,17-18
15285503,56,Quentin Beunardeau,FRA,GK,Metz,23,1994,0.4,23,18,22,1,0,0,23,0,0,,0,,10,64,36,0,0,0,0,0,9,0,Matches,FRA-L1,17-18
a51728e3,57,Milan Biševac,SRB,DF,Metz,33,1983,7.9,392,52,196,181,18,5,392,1,1,100.0,0,0.0,218,1251,749,6,2,0,1,1,234,3,Matches,FRA-L1,17-18
6c203af0,58,Yves Bissouma,MLI,"MF,DF",Lille,20,1996,17.3,1271,32,260,774,265,22,1271,75,55,73.3,20,26.7,748,5407,2943,64,43,7,28,18,854,51,Matches,FRA-L1,17-18
6191093d,59,Ludovic Blas,FRA,MF,Guingamp,19,1997,19.9,1162,15,151,737,299,36,1162,57,41,71.9,16,28.1,748,4778,2403,50,40,7,33,41,872,59,Matches,FRA-L1,17-18
d9afac11,60,Jérémy Blayac,FRA,FW,Strasbourg,34,1983,10.2,479,13,25,202,255,78,479,13,10,76.9,3,23.1,297,1214,277,8,4,6,39,20,415,129,Matches,FRA-L1,17-18
c69ef855,61,Alexis Blin,FRA,MF,Toulouse,20,1996,21.0,967,39,184,623,171,21,967,13,8,61.5,5,38.5,534,2251,1023,8,21,2,17,21,556,28,Matches,FRA-L1,17-18
8c2c48a9,62,Yann Bodiger,FRA,MF,Toulouse,22,1995,2.5,134,2,17,93,24,5,134,1,0,0.0,1,100.0,84,338,151,3,1,1,8,1,88,6,Matches,FRA-L1,17-18
f3642ba8,63,Mathieu Bodmer,FRA,"DF,MF",Amiens,34,1982,4.4,309,17,107,165,40,10,309,0,0,,0,,161,735,446,3,0,1,2,2,225,3,Matches,FRA-L1,17-18
f6496133,64,Quentin Boisgard,FRA,MF,Toulouse,20,1997,2.0,113,1,6,60,49,7,113,13,7,53.8,6,46.2,79,374,117,2,3,2,5,6,82,6,Matches,FRA-L1,17-18
e65dd8dc,65,Landry Bonnefoi,FRA,GK,Strasbourg,33,1983,3.0,84,77,84,0,0,0,84,0,0,,0,,23,256,171,0,0,0,0,0,21,0,Matches,FRA-L1,17-18
e90af77c,66,Gabriel Boschilia,BRA,"FW,MF",Monaco,21,1996,0.9,57,0,8,28,22,2,57,3,0,0.0,3,100.0,38,309,108,1,1,1,1,3,43,9,Matches,FRA-L1,17-18
96908f80,67,Jean-Christophe Bouet,FRA,GK,Amiens,34,1983,1.0,32,31,32,0,0,0,32,0,0,,0,,15,146,111,0,0,0,0,0,5,0,Matches,FRA-L1,17-18
f3085377,68,Arnold Bouka Moutou,CGO,DF,Dijon,28,1988,3.7,205,2,45,101,61,3,205,11,6,54.5,5,45.5,119,784,393,15,8,2,13,4,116,17,Matches,FRA-L1,17-18
a0791826,69,Farid Boulaya,ALG,"MF,FW",Metz,24,1993,2.0,115,2,15,64,37,3,115,3,2,66.7,1,33.3,84,498,286,9,3,2,6,7,89,11,Matches,FRA-L1,17-18
7cf9f0ed,70,Emmanuel Bourgaud,FRA,"FW,MF",Amiens,29,1987,6.0,371,10,66,184,130,4,371,11,10,90.9,1,9.1,193,1122,535,13,12,2,9,13,227,22,Matches,FRA-L1,17-18
20e73fac,71,Benjamin Bourigeaud,FRA,"MF,FW",Rennes,23,1994,34.5,2145,38,294,1066,813,51,2142,48,23,47.9,25,52.1,991,4809,2428,63,61,6,54,38,1318,195,Matches,FRA-L1,17-18
fd771f95,72,Martin Braithwaite,DEN,FW,Bordeaux,26,1991,10.2,302,5,27,140,138,31,302,16,8,50.0,8,50.0,185,1002,320,11,10,2,25,15,223,56,Matches,FRA-L1,17-18
3e016e5a,73,Brandon,ESP,"FW,MF",Rennes,22,1995,4.0,163,0,17,78,73,10,163,6,4,66.7,2,33.3,90,530,231,10,3,1,6,12,109,34,Matches,FRA-L1,17-18
f83c8d6c,74,Jimmy Briand,FRA,FW,Guingamp,31,1985,35.7,1389,59,151,680,576,122,1385,43,23,53.5,20,46.5,765,4088,1848,64,46,19,113,62,1068,226,Matches,FRA-L1,17-18
8746d5d0,75,Patrick Burner,MTQ,DF,Nice,21,1996,10.0,721,26,254,376,103,8,721,34,27,79.4,7,20.6,331,2004,1514,35,19,5,8,6,477,30,Matches,FRA-L1,17-18
26975a92,76,Ludovic Butelle,FRA,GK,Angers,34,1983,18.4,571,442,566,5,0,0,571,0,0,,0,,283,2269,1625,0,0,0,0,0,133,0,Matches,FRA-L1,17-18
148e136f,77,Rémy Cabella,FRA,"FW,MF",Marseille,27,1990,0.7,45,0,5,25,16,4,45,3,3,100.0,0,0.0,32,280,194,9,3,3,1,1,36,2,Matches,FRA-L1,17-18
148e136f,78,Rémy Cabella,FRA,"MF,FW",Saint-Étienne,27,1990,25.1,1869,7,174,1052,670,83,1866,97,63,64.9,34,35.1,1174,8341,4932,146,92,24,46,62,1473,193,Matches,FRA-L1,17-18
85322440,79,Cafú,POR,MF,Metz,24,1993,7.6,353,18,72,228,57,5,353,13,5,38.5,8,61.5,212,912,338,2,10,1,12,6,245,17,Matches,FRA-L1,17-18
8d043f1d,80,Jonathan Cafu,BRA,"FW,MF",Bordeaux,26,1991,7.0,421,6,45,193,192,36,421,26,13,50.0,13,50.0,325,2243,1143,36,28,12,32,16,338,75,Matches,FRA-L1,17-18
677ee102,81,Yannick Cahuzac,FRA,MF,Toulouse,32,1985,16.9,735,52,243,440,55,5,735,8,3,37.5,5,62.5,361,1581,697,9,4,0,7,7,358,11,Matches,FRA-L1,17-18
07296190,82,Abdoul Camara,GUI,"FW,MF",Guingamp,27,1990,9.9,400,3,59,159,193,33,400,34,16,47.1,18,52.9,268,2146,1053,46,20,16,18,15,320,69,Matches,FRA-L1,17-18
c58270f8,83,Souleymane Camara,SEN,FW,Montpellier,34,1982,10.4,356,16,28,170,162,36,355,11,6,54.5,5,45.5,180,893,325,12,11,2,25,12,294,87,Matches,FRA-L1,17-18
79b2399c,84,Pierrick Capelle,FRA,MF,Angers,30,1987,20.9,1081,27,198,536,362,47,1081,45,34,75.6,11,24.4,635,4021,2017,59,45,7,41,44,683,99,Matches,FRA-L1,17-18
950ff24d,85,Yoan Cardinale,FRA,GK,Nice,23,1994,10.0,298,273,296,2,0,0,298,0,0,,0,,115,548,453,0,0,0,0,0,121,0,Matches,FRA-L1,17-18
b4a014b1,86,Diego Carlos,BRA,DF,Nantes,24,1993,25.5,1263,209,674,522,75,35,1263,5,4,80.0,1,20.0,573,2406,1552,4,6,1,13,7,600,8,Matches,FRA-L1,17-18
8f898ba8,87,Guido Carrillo,ARG,FW,Monaco,26,1991,4.7,137,7,10,63,64,25,137,1,1,100.0,0,0.0,53,165,34,1,0,1,5,4,102,14,Matches,FRA-L1,17-18
23b6ab66,88,Thomas Carrique,FRA,DF,Bordeaux,18,1999,1.0,58,0,8,23,27,0,58,1,0,0.0,1,100.0,27,143,112,3,3,0,1,0,32,8,Matches,FRA-L1,17-18
527f063d,89,Edinson Cavani,URU,FW,Paris S-G,30,1987,28.7,748,24,79,245,435,180,743,26,15,57.7,11,42.3,373,1368,655,30,11,22,35,14,544,168,Matches,FRA-L1,17-18
edd1466a,90,Fouad Chafik,MAR,DF,Dijon,30,1986,17.9,1087,43,304,518,276,13,1087,33,24,72.7,9,27.3,489,2701,1409,32,37,6,19,13,535,79,Matches,FRA-L1,17-18
7961f7aa,91,Kwon Chang-hoon,KOR,"FW,MF",Dijon,23,1994,23.7,984,19,142,383,474,67,984,49,28,57.1,21,42.9,621,3895,1874,66,39,19,49,44,657,175,Matches,FRA-L1,17-18
346c15cc,92,Charly Charrier,FRA,"MF,FW",Amiens,31,1986,1.2,83,0,9,46,28,5,83,0,0,,0,,64,295,100,1,2,0,5,7,68,16,Matches,FRA-L1,17-18
873ce3a2,93,Pape Cheikh Diop,SEN,MF,Lyon,19,1997,0.1,9,0,2,6,1,0,9,0,0,,0,,6,37,29,0,0,0,0,0,9,0,Matches,FRA-L1,17-18
2235f850,94,Saliou Ciss,SEN,"DF,MF",Angers,27,1989,1.6,72,1,23,29,21,2,72,5,4,80.0,1,20.0,58,346,197,6,5,0,1,3,57,10,Matches,FRA-L1,17-18
a1017967,95,Issa Cissokho,SEN,DF,Amiens,32,1985,18.1,1014,87,402,483,140,2,1014,10,8,80.0,2,20.0,411,2685,1437,25,25,1,19,5,475,26,Matches,FRA-L1,17-18
3010aefb,96,Marcus Coco,FRA,"FW,MF",Guingamp,21,1996,17.6,825,7,92,359,397,47,825,47,24,51.1,23,48.9,486,3710,1819,77,39,22,53,47,610,156,Matches,FRA-L1,17-18
4e7d66f8,97,Renaud Cohade,FRA,MF,Metz,32,1984,36.6,2531,101,475,1562,536,25,2531,55,30,54.5,25,45.5,1393,6148,3057,70,56,3,67,39,1561,140,Matches,FRA-L1,17-18
166a981d,98,Racine Coly,SEN,DF,Nice,21,1995,6.9,501,19,138,267,100,5,501,17,14,82.4,3,17.6,245,1645,951,27,9,1,9,6,313,34,Matches,FRA-L1,17-18
535b0343,99,Alois Confais,FRA,"MF,DF",Troyes,20,1996,6.8,323,12,89,191,44,5,323,1,1,100.0,0,0.0,157,696,275,3,0,1,5,2,215,12,Matches,FRA-L1,17-18
3f5b4635,100,Daniel Congré,FRA,DF,Montpellier,32,1985,29.3,1575,133,627,846,113,22,1575,4,3,75.0,1,25.0,687,3572,2156,14,9,1,14,3,906,14,Matches,FRA-L1,17-18
15a21c79,101,Diego Contento,GER,"DF,MF",Bordeaux,27,1990,1.2,50,8,21,22,7,2,50,0,0,,0,,17,98,41,0,1,0,2,0,24,0,Matches,FRA-L1,17-18
7d45b97a,102,Jérémy Cordoval,GLP,DF,Troyes,27,1990,10.2,519,33,183,221,120,6,519,12,8,66.7,4,33.3,213,1313,720,17,10,2,6,3,231,20,Matches,FRA-L1,17-18
cfd8dde3,103,Benjamin Corgnet,FRA,"MF,FW",Strasbourg,30,1987,15.3,743,13,88,400,267,36,743,36,25,69.4,11,30.6,449,2124,999,30,26,4,31,25,527,80,Matches,FRA-L1,17-18
beb391dd,104,Maxwel Cornet,CIV,FW,Lyon,20,1996,14.1,703,11,66,295,354,63,703,43,20,46.5,23,53.5,477,3537,1822,62,56,19,34,44,527,143,Matches,FRA-L1,17-18
5d42d487,105,Quentin Cornette,FRA,"FW,MF",Amiens,23,1994,5.0,208,4,40,118,59,10,208,20,11,55.0,9,45.0,110,824,509,15,12,4,16,8,122,20,Matches,FRA-L1,17-18
909222de,106,Nuno da Costa,CPV,"FW,MF",Strasbourg,26,1991,19.2,666,6,78,308,296,78,666,86,50,58.1,36,41.9,409,2549,1195,47,29,18,82,37,431,134,Matches,FRA-L1,17-18
2434f24a,107,Benoît Costil,FRA,GK,Bordeaux,30,1987,36.0,1242,1032,1233,9,0,0,1242,3,3,100.0,0,0.0,618,3438,2381,0,0,0,1,0,477,0,Matches,FRA-L1,17-18
9980269a,108,Kalifa Coulibaly,MLI,FW,Nantes,25,1991,3.8,142,6,13,49,80,9,142,7,3,42.9,4,57.1,78,467,132,8,5,3,13,10,109,32,Matches,FRA-L1,17-18
85a44ecc,109,Lassana Coulibaly,MLI,MF,Angers,21,1996,9.3,433,14,74,222,146,23,433,29,15,51.7,14,48.3,290,1621,891,24,27,3,16,9,296,46,Matches,FRA-L1,17-18
8f325097,110,Nicolas Cozza,FRA,"DF,MF",Montpellier,18,1999,6.4,402,13,105,201,101,6,402,16,7,43.8,9,56.3,219,1895,1284,29,21,4,4,11,225,24,Matches,FRA-L1,17-18
06f33dc8,111,Enzo Crivelli,FRA,FW,Angers,22,1995,11.4,360,5,21,185,154,38,360,12,6,50.0,6,50.0,217,789,201,6,6,3,36,20,298,56,Matches,FRA-L1,17-18
06f33dc8,112,Enzo Crivelli,FRA,FW,Caen,22,1995,8.1,202,1,7,110,86,23,202,6,4,66.7,2,33.3,83,465,68,2,2,1,21,14,154,46,Matches,FRA-L1,17-18
3e092724,113,Wylan Cyprien,FRA,MF,Nice,22,1995,10.6,925,20,270,522,139,8,925,7,5,71.4,2,28.6,440,1622,864,8,5,2,15,12,730,9,Matches,FRA-L1,17-18
1ec7e1c5,114,Damien Da Silva,FRA,DF,Caen,29,1988,31.5,1720,201,908,783,42,27,1720,9,9,100.0,0,0.0,713,4435,2270,12,5,0,12,2,889,2,Matches,FRA-L1,17-18
3067cbef,115,Kouadio-Yves Dabila,CIV,DF,Lille,20,1997,10.5,617,51,281,287,52,2,617,3,3,100.0,0,0.0,334,1510,829,5,5,0,4,4,399,8,Matches,FRA-L1,17-18
c53083ad,116,Bryan Dabo,BFA,"MF,FW",Saint-Étienne,25,1992,14.3,799,27,143,479,191,28,797,34,26,76.5,8,23.5,425,2338,1247,34,18,7,31,25,589,49,Matches,FRA-L1,17-18
fd2bc67d,117,Dante,BRA,DF,Nice,33,1983,32.4,2618,261,1375,1199,54,32,2618,10,8,80.0,2,20.0,1520,6505,3511,8,6,2,4,3,1947,3,Matches,FRA-L1,17-18
a5876fca,118,Romain Danzé,FRA,DF,Rennes,31,1986,7.6,524,29,145,263,116,1,524,4,0,0.0,4,100.0,200,698,389,5,5,0,1,4,296,30,Matches,FRA-L1,17-18
75d97aa6,119,Stéphane Darbion,FRA,"FW,MF",Troyes,33,1984,19.0,910,18,158,387,372,33,910,49,22,44.9,27,55.1,610,3837,1796,53,34,6,34,43,664,146,Matches,FRA-L1,17-18
070a3904,120,Sergi Darder,ESP,MF,Lyon,23,1993,2.3,167,3,20,115,33,0,167,4,1,25.0,3,75.0,98,518,159,0,1,0,1,1,126,3,Matches,FRA-L1,17-18
44f8c299,121,Lucas Deaux,FRA,MF,Guingamp,28,1988,21.6,1424,24,259,910,271,44,1424,26,18,69.2,8,30.8,630,2876,1387,33,18,3,31,23,964,66,Matches,FRA-L1,17-18
92232aad,122,Mathieu Debuchy,FRA,DF,Saint-Étienne,32,1985,14.6,1026,85,346,409,276,45,1026,15,6,40.0,9,60.0,353,1423,755,23,8,4,21,11,497,88,Matches,FRA-L1,17-18
79685569,123,Jonathan Delaplace,FRA,MF,Caen,31,1986,6.5,298,4,61,158,84,7,298,5,2,40.0,3,60.0,87,629,307,6,7,0,6,11,160,12,Matches,FRA-L1,17-18
d33c706e,124,Andy Delort,ALG,FW,Toulouse,25,1991,25.9,1115,17,60,430,636,103,1113,41,19,46.3,22,53.7,658,2542,957,28,23,15,83,48,850,240,Matches,FRA-L1,17-18
a6138e4a,125,Jessy Deminguet,FRA,"MF,FW",Caen,19,1998,5.9,292,10,53,116,128,7,292,7,5,71.4,2,28.6,169,1221,622,23,14,1,17,17,184,47,Matches,FRA-L1,17-18
ff16ecad,126,Mathieu Deplagne,FRA,DF,Troyes,25,1991,26.8,1631,100,544,735,368,16,1631,23,15,65.2,8,34.8,733,3754,1875,49,34,8,12,17,790,83,Matches,FRA-L1,17-18
19cda00b,127,Ángel Di María,ARG,FW,Paris S-G,29,1988,23.5,1531,10,91,552,901,136,1531,86,48,55.8,38,44.2,956,5585,2835,95,71,41,41,32,1204,287,Matches,FRA-L1,17-18
cd387ff4,128,Fallou Diagne,SEN,"DF,MF",Metz,27,1989,24.9,1276,130,632,607,52,16,1276,9,8,88.9,1,11.1,666,2640,1185,7,5,4,12,3,682,12,Matches,FRA-L1,17-18
65585e3a,129,Adama Diakhaby,FRA,FW,Monaco,21,1996,9.4,343,5,38,137,174,34,343,25,5,20.0,20,80.0,193,1430,681,26,15,8,24,15,230,82,Matches,FRA-L1,17-18
d2110326,130,Mouctar Diakhaby,GUI,DF,Lyon,20,1996,8.1,508,77,280,229,6,5,508,7,7,100.0,0,0.0,342,1975,1221,6,2,0,3,2,331,0,Matches,FRA-L1,17-18
26383ea5,131,Abdoulaye Diallo,SEN,GK,Rennes,25,1992,3.0,90,73,90,0,0,0,90,0,0,,0,,32,179,143,0,0,0,0,0,29,0,Matches,FRA-L1,17-18
6605d143,132,Habib Diallo,SEN,"FW,MF",Metz,22,1995,0.2,5,0,0,1,4,0,5,0,0,,0,,3,11,1,0,0,0,1,0,5,0,Matches,FRA-L1,17-18
6c6ecdd4,133,Mustapha Diallo,SEN,MF,Guingamp,31,1986,15.4,780,23,172,501,115,41,780,8,8,100.0,0,0.0,316,1298,457,8,6,0,10,9,467,20,Matches,FRA-L1,17-18
79584585,134,Lassana Diarra,FRA,MF,Paris S-G,32,1985,6.7,565,11,102,422,50,3,565,35,32,91.4,3,8.6,410,2033,1039,14,14,3,12,10,472,7,Matches,FRA-L1,17-18
247accfd,135,Bakaye Dibassy,MLI,DF,Amiens,27,1989,30.9,1676,154,698,755,246,28,1676,41,37,90.2,4,9.8,751,3590,1856,48,31,5,29,31,801,48,Matches,FRA-L1,17-18
a3d524cb,136,Thomas Didillon,FRA,GK,Metz,21,1995,9.0,294,235,290,4,0,0,294,0,0,,0,,133,951,673,0,0,0,1,0,77,0,Matches,FRA-L1,17-18
d2aa8ac0,137,Étienne Didot,FRA,MF,Guingamp,34,1983,18.0,1207,30,270,751,191,5,1207,10,6,60.0,4,40.0,575,2556,1056,14,10,2,17,20,751,26,Matches,FRA-L1,17-18
92b56413,138,Tristan Dingomé,CMR,MF,Troyes,26,1991,13.2,697,24,158,378,166,6,697,9,6,66.7,3,33.3,374,1556,745,12,10,1,8,13,474,32,Matches,FRA-L1,17-18
10650926,139,Ismaël Diomandé,CIV,"DF,MF",Caen,24,1992,7.9,343,37,156,174,20,3,343,2,2,100.0,0,0.0,179,1329,842,9,5,0,6,2,205,0,Matches,FRA-L1,17-18
4be0b467,140,Lois Diony,FRA,FW,Saint-Étienne,24,1992,10.3,249,9,22,87,142,37,249,13,8,61.5,5,38.5,153,782,243,11,7,7,25,25,196,81,Matches,FRA-L1,17-18
a712ca2b,141,Issa Diop,FRA,DF,Toulouse,20,1997,34.0,1570,164,713,821,52,29,1570,15,11,73.3,4,26.7,869,4533,2850,14,9,1,10,5,832,1,Matches,FRA-L1,17-18
7f622eef,142,Assane Dioussé,SEN,MF,Saint-Étienne,19,1997,14.9,1017,27,222,681,119,9,1017,15,13,86.7,2,13.3,546,2341,1006,14,6,3,16,22,713,26,Matches,FRA-L1,17-18
933d3b51,143,Koffi Djidji,CIV,DF,Nantes,24,1992,26.8,1285,117,604,540,149,5,1285,15,12,80.0,3,20.0,550,2428,1212,18,16,1,19,8,583,24,Matches,FRA-L1,17-18
43e7a164,144,Alexander Djiku,GHA,DF,Caen,22,1994,28.0,1635,117,702,885,58,22,1635,7,6,85.7,1,14.3,677,4598,2816,21,7,0,9,6,850,3,Matches,FRA-L1,17-18
083525e5,145,Papy Djilobodji,SEN,DF,Dijon,28,1988,30.0,1943,225,996,920,56,27,1943,18,14,77.8,4,22.2,1125,6092,3979,16,8,2,7,11,1167,3,Matches,FRA-L1,17-18
ccb1c3af,146,Keagan Dolly,RSA,"MF,FW",Montpellier,24,1993,9.8,544,2,33,225,294,21,544,18,12,66.7,6,33.3,280,1820,1007,31,26,5,24,18,372,97,Matches,FRA-L1,17-18
9ffdf29a,147,Jean-Luc Dompé,FRA,FW,Amiens,21,1995,0.3,19,0,2,6,12,2,19,3,3,100.0,0,0.0,11,97,75,4,0,1,0,0,10,2,Matches,FRA-L1,17-18
d28b4a9d,148,Dória,BRA,DF,Marseille,22,1994,0.9,38,3,16,18,4,0,38,1,0,0.0,1,100.0,20,107,49,2,2,0,0,0,20,2,Matches,FRA-L1,17-18
6421dd73,149,Mathieu Dossevi,TOG,"FW,MF",Metz,29,1988,27.9,1459,11,161,585,742,75,1459,141,73,51.8,68,48.2,1012,7374,3359,136,65,31,94,54,1038,253,Matches,FRA-L1,17-18
1a992676,150,Julian Draxler,GER,"MF,FW",Paris S-G,23,1993,18.9,1529,13,156,968,418,54,1529,62,45,72.6,17,27.4,977,5602,2738,65,45,20,28,32,1273,117,Matches,FRA-L1,17-18
ff0ab48c,151,Leo Dubois,FRA,DF,Nantes,22,1994,33.6,2376,103,661,1015,727,37,2376,54,38,70.4,16,29.6,1097,6262,3658,96,84,10,50,28,1186,130,Matches,FRA-L1,17-18
0e12089d,152,Maxime Dupé,FRA,GK,Nantes,24,1993,1.0,25,22,25,0,0,0,25,0,0,,0,,8,75,50,0,0,0,0,0,6,0,Matches,FRA-L1,17-18
f09a8b75,153,Jimmy Durmaz,SWE,"MF,FW",Toulouse,28,1989,11.4,623,10,56,317,262,22,619,29,18,62.1,11,37.9,414,2532,1375,36,30,9,15,19,425,79,Matches,FRA-L1,17-18
167d5018,154,Félix Eboa Eboa,CMR,DF,Guingamp,20,1997,16.9,923,89,416,436,80,11,923,12,11,91.7,1,8.3,400,1969,1056,14,5,1,6,7,461,10,Matches,FRA-L1,17-18
51a3caf1,155,Patrice Evra,FRA,DF,Marseille,36,1981,3.9,217,19,70,113,37,1,217,7,4,57.1,3,42.9,100,411,197,4,4,0,5,0,100,6,Matches,FRA-L1,17-18
ae82fa48,156,Valentin Eysseric,FRA,FW,Nice,25,1992,1.0,90,0,9,40,42,4,90,5,3,60.0,2,40.0,47,270,114,2,2,1,2,6,69,13,Matches,FRA-L1,17-18
7f3b388c,157,Fabinho,BRA,MF,Monaco,23,1993,34.0,2342,71,445,1645,285,33,2338,51,37,72.5,14,27.5,1317,6736,3776,64,39,10,24,21,1525,57,Matches,FRA-L1,17-18
66116290,158,Radamel Falcao,COL,FW,Monaco,31,1986,23.7,822,17,33,427,374,95,819,35,19,54.3,16,45.7,532,2278,789,30,17,15,86,57,661,164,Matches,FRA-L1,17-18
b82880c6,159,Simon Falette,GUI,DF,Metz,25,1992,1.0,76,13,50,27,1,0,76,0,0,,0,,56,209,95,0,0,0,0,0,50,0,Matches,FRA-L1,17-18
b396a0b1,160,Imad Faraj,MAR,"MF,DF",Lille,18,1999,1.8,117,3,26,45,47,10,117,11,8,72.7,3,27.3,75,525,237,8,3,3,8,5,79,20,Matches,FRA-L1,17-18
bece776f,161,Nabil Fekir,FRA,"MF,FW",Lyon,24,1993,27.5,1564,2,106,855,647,107,1560,119,90,75.6,29,24.4,1168,6882,3432,102,74,33,73,76,1222,178,Matches,FRA-L1,17-18
ac62861c,162,Julien Féret,FRA,MF,Caen,35,1982,34.0,2054,74,301,1284,502,17,2054,44,27,61.4,17,38.6,854,5214,2731,57,45,7,54,37,1176,96,Matches,FRA-L1,17-18
857e2586,163,Brian Fernández,ARG,FW,Metz,22,1994,1.4,49,0,0,19,30,7,49,4,2,50.0,2,50.0,25,175,104,6,2,1,5,1,29,9,Matches,FRA-L1,17-18
375622c5,164,Jordan Ferri,FRA,MF,Lyon,25,1992,7.1,617,14,110,402,116,13,617,13,12,92.3,1,7.7,402,2120,1168,21,16,3,11,9,477,30,Matches,FRA-L1,17-18
f51edbf3,165,Afonso Figueiredo,POR,"DF,FW",Rennes,24,1993,2.5,144,4,39,69,38,0,144,1,0,0.0,1,100.0,60,250,151,5,3,0,3,3,79,7,Matches,FRA-L1,17-18
9dafff2a,166,Guessouma Fofana,MTN,MF,Amiens,24,1992,8.3,331,13,70,217,53,7,331,16,13,81.3,3,18.8,173,1172,632,15,8,1,12,16,203,19,Matches,FRA-L1,17-18
574aa9ec,167,Steven Fortes,CPV,DF,Toulouse,25,1992,1.7,95,10,41,55,0,0,95,2,0,0.0,2,100.0,49,254,174,2,0,0,1,0,53,0,Matches,FRA-L1,17-18
45e17712,168,Dimitri Foulquier,FRA,DF,Strasbourg,24,1993,13.8,828,33,232,435,177,9,828,54,33,61.1,21,38.9,414,3201,1767,44,25,4,19,14,447,30,Matches,FRA-L1,17-18
5aca2a18,169,Lilian Fournier,FRA,FW,Metz,19,1998,0.2,7,0,0,4,3,0,7,2,2,100.0,0,0.0,4,20,0,0,0,0,0,0,4,2,Matches,FRA-L1,17-18
4b96c347,170,Angelo Fulgini,FRA,MF,Angers,20,1996,17.0,931,13,115,454,372,45,931,40,26,65.0,14,35.0,579,2683,1378,39,38,5,40,40,629,116,Matches,FRA-L1,17-18
9f6325f9,171,Milan Gajić,SRB,DF,Bordeaux,21,1996,4.0,236,8,69,118,50,3,236,0,0,,0,,107,528,305,9,9,1,2,4,118,16,Matches,FRA-L1,17-18
cf4053e2,172,Serge Gakpé,TOG,"FW,MF",Amiens,30,1987,20.3,677,19,118,336,235,54,677,34,19,55.9,15,44.1,410,2707,1334,46,23,9,39,23,478,122,Matches,FRA-L1,17-18
23c63b7f,173,Ignatius Ganago,CMR,"FW,MF",Nice,18,1999,0.8,31,1,3,13,15,6,31,3,1,33.3,2,66.7,16,102,32,2,0,2,3,0,22,9,Matches,FRA-L1,17-18
56b52c4e,174,Najib Gandi,FRA,"FW,MF",Nantes,23,1994,1.1,59,1,20,21,19,1,59,4,4,100.0,0,0.0,36,220,137,3,5,0,3,1,29,5,Matches,FRA-L1,17-18
4c700f46,175,Jérémy Gélin,FRA,"DF,MF",Rennes,20,1997,25.7,1604,118,588,977,46,6,1604,5,3,60.0,2,40.0,890,3977,2587,12,10,0,6,3,1052,7,Matches,FRA-L1,17-18
1040e783,176,Romain Genevois,HAI,DF,Caen,29,1987,20.1,1018,90,431,464,132,8,1018,3,3,100.0,0,0.0,353,2295,1271,17,14,1,13,10,503,29,Matches,FRA-L1,17-18
ea0ff634,177,Valère Germain,FRA,FW,Marseille,27,1990,24.1,716,19,47,304,371,99,715,9,4,44.4,5,55.6,436,1483,576,19,15,6,29,19,522,148,Matches,FRA-L1,17-18
9836e892,178,Willem Geubbels,FRA,"FW,MF",Lyon,15,2001,0.4,13,0,1,5,7,2,13,1,0,0.0,1,100.0,7,40,26,1,1,0,0,0,11,3,Matches,FRA-L1,17-18
0049d544,179,Yassine El Ghanassy,BEL,"MF,FW",Nantes,27,1990,7.2,372,5,30,156,197,22,372,52,38,73.1,14,26.9,277,2452,1312,36,24,14,17,27,301,62,Matches,FRA-L1,17-18
ffa90327,180,Anwar El Ghazi,NED,"FW,MF",Lille,22,1995,18.3,839,12,90,324,436,57,839,44,24,54.5,20,45.5,497,3516,2082,78,69,21,33,39,626,163,Matches,FRA-L1,17-18
dc3a9a0d,181,Rachid Ghezzal,ALG,"FW,MF",Monaco,25,1992,11.2,760,8,68,334,368,47,760,55,29,52.7,26,47.3,464,2957,1233,39,26,12,45,24,543,127,Matches,FRA-L1,17-18
3f944dad,182,Guillaume Gillet,BEL,MF,Nantes,33,1984,0.2,13,1,2,9,2,0,13,0,0,,0,,6,29,21,0,1,0,0,0,8,0,Matches,FRA-L1,17-18
6ba71da5,183,Jimmy Giraudon,FRA,DF,Troyes,25,1992,23.2,1223,157,666,540,28,11,1223,5,5,100.0,0,0.0,688,3984,2562,8,6,2,10,2,695,3,Matches,FRA-L1,17-18
81d9a76b,184,Thibault Giresse,FRA,"FW,MF",Guingamp,36,1981,0.3,21,1,4,6,11,0,21,0,0,,0,,9,57,25,2,2,0,0,1,14,0,Matches,FRA-L1,17-18
3befc2b6,185,Andrei Girotto,BRA,MF,Nantes,25,1992,16.9,872,44,203,501,176,27,872,15,9,60.0,6,40.0,412,1940,1009,15,21,4,13,9,496,17,Matches,FRA-L1,17-18
c6056d58,186,Kamil Glik,POL,DF,Monaco,29,1988,36.0,2140,237,1122,972,52,37,2140,4,3,75.0,1,25.0,1160,5038,3378,9,2,0,10,3,1317,5,Matches,FRA-L1,17-18
1232e1dc,187,Joris Gnagnon,FRA,DF,Rennes,20,1997,32.4,1591,144,661,853,82,42,1591,7,7,100.0,0,0.0,918,4504,2468,10,7,1,13,5,1059,7,Matches,FRA-L1,17-18
c27dfb82,188,Anthony Gonçalves,FRA,"MF,FW",Strasbourg,31,1986,19.5,1038,24,191,453,411,18,1038,23,9,39.1,14,60.9,563,2961,1649,59,46,1,35,22,635,139,Matches,FRA-L1,17-18
743fd71f,189,Vagner Gonçalves,CPV,FW,Saint-Étienne,21,1996,1.2,46,2,8,19,20,8,46,4,3,75.0,1,25.0,31,213,83,2,0,2,3,6,35,15,Matches,FRA-L1,17-18
8730ed6a,190,Georges Gope-Fenepej,NCL,FW,Amiens,28,1988,0.5,26,1,1,13,12,0,26,4,1,25.0,3,75.0,16,97,53,1,1,0,2,1,21,4,Matches,FRA-L1,17-18
4d3e9033,191,Mathieu Gorgelin,FRA,GK,Lyon,26,1990,4.0,100,79,100,0,0,0,100,0,0,,0,,52,251,173,0,0,0,0,0,35,0,Matches,FRA-L1,17-18
7c6d6c96,192,Prince-Désir Gouano,FRA,DF,Amiens,23,1993,30.5,1441,212,884,538,21,9,1441,9,6,66.7,3,33.3,608,2382,1171,0,1,0,6,3,688,0,Matches,FRA-L1,17-18
e893fc23,193,Lemouya Goudiaby,SEN,DF,Metz,20,1997,0.9,56,4,17,22,17,0,56,3,1,33.3,2,66.7,21,75,38,0,1,0,4,1,26,4,Matches,FRA-L1,17-18
aad56ca3,194,Amine Gouiri,ALG,"FW,MF",Lyon,17,2000,0.9,32,0,6,12,14,3,32,4,3,75.0,1,25.0,24,153,68,5,2,2,2,3,27,8,Matches,FRA-L1,17-18
3acddfdd,195,Yoann Gourcuff,FRA,"MF,FW",Rennes,31,1986,4.7,240,0,10,145,86,11,240,6,4,66.7,2,33.3,164,802,330,6,6,1,6,7,189,24,Matches,FRA-L1,17-18
c5a500ca,196,Max Gradel,CIV,"FW,MF",Toulouse,29,1987,26.8,1436,26,182,471,812,109,1431,143,79,55.2,64,44.8,936,6749,3379,136,76,50,97,61,941,316,Matches,FRA-L1,17-18
d2448564,197,Samuel Grandsir,FRA,"FW,MF",Troyes,20,1996,28.9,1352,26,276,538,575,71,1352,134,68,50.7,66,49.3,946,7740,3959,127,102,29,84,74,981,233,Matches,FRA-L1,17-18
8b298f56,198,Clément Grenier,FRA,MF,Guingamp,26,1991,13.4,921,17,95,508,328,18,919,30,22,73.3,8,26.7,484,2320,1178,22,24,1,28,19,617,67,Matches,FRA-L1,17-18
8b298f56,199,Clément Grenier,FRA,FW,Lyon,26,1991,0.1,8,0,1,6,1,0,8,0,0,,0,,6,14,8,0,0,0,0,0,5,2,Matches,FRA-L1,17-18
53283127,200,Jérémy Grimm,FRA,MF,Strasbourg,30,1987,9.0,468,41,140,251,79,10,468,6,6,100.0,0,0.0,179,776,396,3,4,1,13,11,251,14,Matches,FRA-L1,17-18
e6bc67d7,201,Gonçalo Guedes,POR,FW,Paris S-G,20,1996,0.1,3,0,0,2,2,0,3,2,1,50.0,1,50.0,2,35,23,2,1,0,0,0,3,0,Matches,FRA-L1,17-18
5d8d7454,202,Frederic Guilbert,FRA,DF,Caen,22,1994,36.0,2081,111,611,1003,492,13,2081,39,23,59.0,16,41.0,639,4285,2097,71,56,4,43,39,844,144,Matches,FRA-L1,17-18
9453d2f4,203,Baptiste Guillaume,BEL,"FW,MF",Angers,22,1995,5.1,136,3,5,60,72,20,136,4,2,50.0,2,50.0,79,413,184,9,7,2,17,7,110,36,Matches,FRA-L1,17-18
bc270726,204,Régis Gurtner,FRA,GK,Amiens,30,1986,37.0,1345,1153,1332,14,0,0,1345,2,2,100.0,0,0.0,540,3866,2994,0,1,1,1,0,363,0,Matches,FRA-L1,17-18
82671804,205,Luiz Gustavo,BRA,"MF,DF",Marseille,30,1987,33.5,2316,83,577,1515,255,32,2316,44,38,86.4,6,13.6,1646,8883,4594,52,40,2,24,28,1629,21,Matches,FRA-L1,17-18
ec400194,206,Oussama Haddadi,TUN,DF,Dijon,25,1992,27.8,1663,99,545,770,373,25,1663,34,25,73.5,9,26.5,862,5453,3081,70,60,6,30,12,886,114,Matches,FRA-L1,17-18
9f29c204,207,Oualid El Hajjam,MAR,DF,Amiens,26,1991,24.4,1405,93,490,671,265,18,1405,32,19,59.4,13,40.6,571,3075,1650,48,29,3,39,29,593,74,Matches,FRA-L1,17-18
0b4d8274,208,Romain Hamouma,FRA,FW,Saint-Étienne,30,1987,20.5,857,10,103,338,426,77,857,40,19,47.5,21,52.5,504,3095,1339,59,34,18,54,43,625,176,Matches,FRA-L1,17-18
563fcd6b,209,Gauthier Hein,FRA,FW,Metz,20,1996,0.9,52,1,9,16,28,3,52,1,0,0.0,1,100.0,41,145,88,3,1,1,3,2,39,9,Matches,FRA-L1,17-18
3681cfff,210,Christophe Hérelle,MTQ,DF,Troyes,24,1992,32.9,1685,257,921,727,46,21,1685,5,1,20.0,4,80.0,862,4832,2624,15,6,2,10,1,909,4,Matches,FRA-L1,17-18
6f5ead86,211,Hernani,BRA,"MF,FW",Saint-Étienne,23,1994,6.0,396,13,55,232,114,6,396,21,13,61.9,8,38.1,179,1140,516,11,10,1,1,11,245,22,Matches,FRA-L1,17-18
c4bbea9f,212,Vitorino Hilton,BRA,DF,Montpellier,39,1977,27.0,1401,164,781,599,46,30,1401,10,8,80.0,2,20.0,664,4089,2121,13,2,1,9,1,672,1,Matches,FRA-L1,17-18
97b87472,213,Tomáš Hubočan,SVK,DF,Marseille,31,1985,1.0,39,1,8,21,10,0,39,1,0,0.0,1,100.0,18,87,47,1,0,0,1,0,24,4,Matches,FRA-L1,17-18
d14229f3,214,Adrien Hunou,FRA,"FW,MF",Rennes,23,1994,16.2,683,7,83,306,305,41,683,20,8,40.0,12,60.0,369,1752,665,18,15,5,37,20,503,124,Matches,FRA-L1,17-18
7ffaf233,215,Suk Hyun-jun,KOR,FW,Troyes,26,1991,13.3,465,7,43,203,224,62,465,26,7,26.9,19,73.1,221,1242,470,25,12,10,46,19,368,84,Matches,FRA-L1,17-18
3767b3b7,216,Edgar Ié,GNB,DF,Lille,23,1994,35.0,2313,168,1027,1093,211,36,2313,30,24,80.0,6,20.0,1151,6714,4393,55,33,2,32,22,1350,53,Matches,FRA-L1,17-18
20c2c0e8,217,Julien Ielsch,FRA,"MF,DF",Amiens,34,1983,6.8,314,12,92,172,57,8,314,6,5,83.3,1,16.7,114,516,211,5,10,3,8,12,152,13,Matches,FRA-L1,17-18
8ff4872e,218,Jordan Ikoko,COD,DF,Guingamp,23,1994,26.9,1591,72,435,778,396,26,1591,41,24,58.5,17,41.5,743,4488,2525,76,46,7,34,19,854,105,Matches,FRA-L1,17-18
42eaa028,219,Jonathan Ikone,FRA,"MF,FW",Montpellier,19,1998,11.1,520,5,35,228,268,37,520,52,33,63.5,19,36.5,328,2775,1305,48,41,19,30,27,414,85,Matches,FRA-L1,17-18
f352a2db,220,Jules Iloki,FRA,"MF,FW",Nantes,25,1992,15.8,609,8,82,258,280,25,609,13,9,69.2,4,30.8,330,2244,1343,41,33,3,26,12,423,147,Matches,FRA-L1,17-18
b86fe156,221,Giannelli Imbula,COD,MF,Toulouse,24,1992,24.9,1443,21,198,968,310,18,1443,84,65,77.4,19,22.6,1008,6811,3464,74,49,4,42,41,1047,40,Matches,FRA-L1,17-18
3e87d087,222,Emmanuel Imorou,BEN,DF,Caen,28,1988,0.4,23,1,2,17,4,0,23,1,0,0.0,1,100.0,11,101,78,2,0,0,0,0,15,2,Matches,FRA-L1,17-18
46d50339,223,Christophe Jallet,FRA,DF,Nice,33,1983,13.0,958,54,276,496,190,10,958,6,5,83.3,1,16.7,436,2373,1393,32,17,2,13,11,597,91,Matches,FRA-L1,17-18
1bc6135b,224,Ablie Jallow,GAM,FW,Metz,18,1998,1.4,61,1,13,25,25,5,61,3,2,66.7,1,33.3,45,177,75,2,2,1,6,2,45,10,Matches,FRA-L1,17-18
689c9cf4,225,Saidy Janko,GAM,DF,Saint-Étienne,21,1995,15.8,988,51,260,449,294,8,988,45,32,71.1,13,28.9,472,3358,2108,58,43,3,19,20,543,79,Matches,FRA-L1,17-18
22a62523,226,Nicolas Janvier,FRA,MF,Rennes,18,1998,0.8,59,1,5,39,15,1,59,3,2,66.7,1,33.3,43,190,71,1,1,0,1,4,51,7,Matches,FRA-L1,17-18
7d9b37bf,227,Corentin Jean,FRA,"FW,MF",Toulouse,22,1995,18.8,653,9,90,251,329,31,653,34,22,64.7,12,35.3,444,2854,1536,53,30,9,20,23,447,150,Matches,FRA-L1,17-18
2e52206e,228,Benjamin Jeannot,FRA,FW,Dijon,25,1992,15.6,499,27,63,249,191,49,499,13,8,61.5,5,38.5,275,1165,366,11,14,5,36,34,359,81,Matches,FRA-L1,17-18
7cab69b5,229,Jemerson,BRA,DF,Monaco,24,1992,31.7,1718,170,871,810,46,32,1718,6,4,66.7,2,33.3,939,4955,2999,9,5,2,12,4,1065,1,Matches,FRA-L1,17-18
a56bd2ee,230,Karl-Johan Johnsson,SWE,GK,Guingamp,27,1990,38.0,1258,1094,1257,1,0,0,1258,1,1,100.0,0,0.0,538,3398,2475,0,0,0,0,0,434,0,Matches,FRA-L1,17-18
13c44fc5,231,Jorge,BRA,DF,Monaco,21,1996,21.3,1314,58,366,681,293,14,1314,52,21,40.4,31,59.6,635,3758,2122,60,48,6,32,21,653,115,Matches,FRA-L1,17-18
5d66c10d,232,Yann Jouffre,FRA,"FW,MF",Metz,33,1984,3.1,208,3,29,116,64,3,208,3,3,100.0,0,0.0,144,690,209,4,6,0,7,7,156,23,Matches,FRA-L1,17-18
0eb03d5b,233,Vukašin Jovanović,SRB,DF,Bordeaux,21,1996,16.0,880,69,440,419,26,8,880,3,2,66.7,1,33.3,540,3275,2066,15,7,0,8,3,549,1,Matches,FRA-L1,17-18
f36c432f,234,Stevan Jovetić,MNE,FW,Monaco,27,1989,8.4,353,3,13,180,171,38,353,11,6,54.5,5,45.5,236,1202,645,19,23,3,26,18,295,62,Matches,FRA-L1,17-18
f323d995,235,Christopher Jullien,FRA,DF,Toulouse,24,1993,28.9,1573,198,791,730,72,49,1573,0,0,,0,,812,4012,2442,8,5,1,10,3,849,10,Matches,FRA-L1,17-18
8ba3a754,236,Alexander Kačaniklić,SWE,"MF,FW",Nantes,25,1991,3.5,143,6,22,52,69,8,143,3,2,66.7,1,33.3,89,588,288,16,9,5,12,6,93,27,Matches,FRA-L1,17-18
5b1bf5e3,237,Gaël Kakuta,COD,"MF,FW",Amiens,26,1991,34.3,1833,25,183,967,712,42,1832,142,89,62.7,53,37.3,988,5486,2599,77,56,7,109,126,1281,194,Matches,FRA-L1,17-18
81d3318f,238,François Kamano,GUI,FW,Bordeaux,21,1996,22.4,992,4,101,419,499,101,991,94,46,48.9,48,51.1,751,6011,3348,122,85,48,71,51,766,213,Matches,FRA-L1,17-18
3814120d,239,Bingourou Kamara,SEN,GK,Strasbourg,20,1996,18.8,659,569,659,0,0,0,659,0,0,,0,,341,2299,1556,0,1,0,1,0,244,0,Matches,FRA-L1,17-18
cc77354e,240,Boubacar Kamara,FRA,"DF,MF",Marseille,17,1999,5.1,341,19,130,181,32,4,341,6,5,83.3,1,16.7,207,923,523,4,1,1,5,5,225,4,Matches,FRA-L1,17-18
b4c816a9,241,Wilfried Kanga,CIV,"FW,MF",Angers,19,1998,1.9,54,0,3,25,26,3,54,4,0,0.0,4,100.0,36,102,26,0,1,0,6,2,37,16,Matches,FRA-L1,17-18
a4527d33,242,Eiji Kawashima,JPN,GK,Metz,34,1983,28.5,970,782,963,7,0,0,970,0,0,,0,,404,2172,1433,0,0,0,1,0,267,0,Matches,FRA-L1,17-18
4657faba,243,Joris Kayembe,COD,"FW,MF",Nantes,22,1994,1.0,37,3,7,8,23,7,37,4,1,25.0,3,75.0,21,163,104,3,1,2,3,1,24,7,Matches,FRA-L1,17-18
0515a4cb,244,Christophe Kerbrat,FRA,DF,Guingamp,30,1986,36.9,2089,255,1076,974,59,18,2089,4,4,100.0,0,0.0,1067,6003,3651,12,9,1,9,6,1169,1,Matches,FRA-L1,17-18
06f46837,245,Billy Ketkeophomphone,LAO,MF,Angers,27,1990,4.9,253,5,36,122,96,5,253,14,9,64.3,5,35.7,162,904,416,13,7,3,12,22,169,31,Matches,FRA-L1,17-18
abccacf7,246,Driss Khalid,MAR,FW,Toulouse,18,1999,0.3,17,2,4,6,7,4,17,2,0,0.0,2,100.0,12,55,30,1,0,0,1,2,11,1,Matches,FRA-L1,17-18
796b1c41,247,Saîf-Eddine Khaoui,TUN,"MF,FW",Troyes,22,1995,21.7,1019,7,162,438,441,43,1018,80,49,61.3,31,38.8,535,3220,1611,43,35,10,52,29,623,103,Matches,FRA-L1,17-18
2677a1de,248,Wahbi Khazri,TUN,"FW,MF",Rennes,26,1991,21.3,995,3,72,470,474,78,991,71,45,63.4,26,36.6,582,3916,1703,54,42,22,69,55,713,146,Matches,FRA-L1,17-18
aef6e670,249,Presnel Kimpembe,FRA,DF,Paris S-G,21,1995,26.9,2066,152,772,1258,51,14,2066,22,19,86.4,3,13.6,1407,8447,5102,36,10,0,12,9,1580,3,Matches,FRA-L1,17-18
faf873a7,250,Hervé Koffi,BFA,GK,Lille,20,1996,4.0,137,124,135,2,0,0,137,0,0,,0,,63,392,249,0,0,0,0,0,41,0,Matches,FRA-L1,17-18
d3b58e33,251,Seybou Koita,NIG,FW,Amiens,23,1994,2.4,76,1,6,51,21,5,76,5,3,60.0,2,40.0,44,266,95,4,4,1,5,1,52,11,Matches,FRA-L1,17-18
fcbcbd94,252,Moussa Konaté,SEN,FW,Amiens,24,1993,27.5,808,14,40,401,379,97,806,27,12,44.4,15,55.6,504,2615,989,46,35,14,90,53,649,173,Matches,FRA-L1,17-18
1f713024,253,Bakary Koné,BFA,DF,Strasbourg,29,1988,27.4,1266,160,744,503,29,15,1266,7,6,85.7,1,14.3,771,3213,1796,4,5,1,7,2,788,1,Matches,FRA-L1,17-18
1f9a3a04,254,Terence Kongolo,NED,DF,Monaco,23,1994,2.9,188,12,47,97,46,2,188,2,1,50.0,1,50.0,74,386,222,4,9,0,4,2,88,16,Matches,FRA-L1,17-18
ce316f8c,255,Christian Kouakou,CIV,"MF,FW",Caen,26,1991,9.4,279,12,51,99,133,37,279,16,6,37.5,10,62.5,162,1161,604,17,13,12,25,16,186,66,Matches,FRA-L1,17-18
86a2ba20,256,Rominigue Kouamé,MLI,"DF,MF",Lille,20,1996,2.2,161,4,40,101,22,2,161,8,7,87.5,1,12.5,88,622,295,7,5,0,4,7,108,8,Matches,FRA-L1,17-18
dc366c36,257,Tomáš Koubek,CZE,GK,Rennes,24,1992,34.0,1063,813,1052,11,0,0,1063,0,0,,0,,446,3263,2382,0,0,0,2,0,285,0,Matches,FRA-L1,17-18
4d1666ff,258,Jules Koundé,FRA,DF,Bordeaux,18,1998,17.7,1016,100,488,508,30,10,1016,8,4,50.0,4,50.0,645,4062,2821,22,10,0,2,4,648,1,Matches,FRA-L1,17-18
9a493fb7,259,Vincent Koziello,FRA,MF,Nice,21,1995,9.0,667,19,134,450,87,5,667,9,6,66.7,3,33.3,404,1941,972,12,9,2,12,11,529,4,Matches,FRA-L1,17-18
9a506145,260,Rene Krhin,SVN,MF,Nantes,27,1990,14.6,645,45,186,411,54,14,645,15,12,80.0,3,20.0,307,1417,589,9,5,0,7,3,363,4,Matches,FRA-L1,17-18
41e7ef1c,261,Layvin Kurzawa,FRA,DF,Paris S-G,24,1992,18.9,1323,40,310,660,365,65,1323,30,18,60.0,12,40.0,735,2997,1679,42,36,7,28,15,859,152,Matches,FRA-L1,17-18
4bf69118,262,Enock Kwateng,FRA,DF,Nantes,20,1997,1.0,59,6,32,22,5,0,59,0,0,,0,,20,34,19,0,1,0,1,0,21,1,Matches,FRA-L1,17-18
f45cf4f7,263,Brighton Labeau,MTQ,FW,Amiens,21,1996,0.3,5,0,0,1,4,1,5,1,0,0.0,1,100.0,3,38,20,1,0,1,1,0,2,1,Matches,FRA-L1,17-18
7cdda3bf,264,Gaëtan Laborde,FRA,FW,Bordeaux,23,1994,10.6,398,7,24,180,200,56,397,31,15,48.4,16,51.6,251,1275,510,22,16,11,42,20,291,72,Matches,FRA-L1,17-18
5984e9f9,265,Léo Lacroix,SUI,DF,Saint-Étienne,25,1992,8.6,458,64,259,190,14,10,458,3,3,100.0,0,0.0,220,1137,663,4,1,1,4,1,276,1,Matches,FRA-L1,17-18
4e7db402,266,Alban Lafont,FRA,GK,Toulouse,18,1999,38.0,1363,1034,1339,24,1,1,1363,1,1,100.0,0,0.0,595,3449,2430,0,0,0,1,0,396,0,Matches,FRA-L1,17-18
770d7eb8,267,Kenny Lala,MAD,DF,Strasbourg,25,1991,30.3,2110,116,652,1059,440,12,2107,107,62,57.9,45,42.1,1174,8534,4983,111,96,7,38,35,1166,71,Matches,FRA-L1,17-18
8614496d,268,Ádám Lang,HUN,DF,Dijon,24,1993,2.6,145,14,82,63,3,1,145,1,1,100.0,0,0.0,86,409,166,0,1,0,2,0,93,0,Matches,FRA-L1,17-18
542cc80f,269,Paul Lasne,FRA,MF,Montpellier,28,1989,34.0,2126,19,282,1439,422,26,2126,38,27,71.1,11,28.9,1201,6902,3028,70,57,10,47,27,1531,89,Matches,FRA-L1,17-18
6e5b5a45,270,Wesley Lautoa,NCL,"DF,MF",Dijon,29,1987,6.9,358,33,141,207,18,3,358,4,4,100.0,0,0.0,183,980,498,6,4,0,4,3,212,1,Matches,FRA-L1,17-18
d512db65,271,Mickaël Le Bihan,FRA,"FW,MF",Nice,27,1990,1.2,61,0,1,39,21,5,61,5,3,60.0,2,40.0,39,191,103,3,2,2,6,4,56,20,Matches,FRA-L1,17-18
321a71a7,272,Maxime Le Marchand,FRA,DF,Nice,27,1989,28.2,2255,162,888,1177,203,13,2255,24,17,70.8,7,29.2,1066,5174,3510,45,31,2,16,16,1534,69,Matches,FRA-L1,17-18
7cf431a5,273,James Lea Siliki,CMR,MF,Rennes,21,1996,20.2,980,14,111,605,284,24,980,51,29,56.9,22,43.1,534,3340,1757,47,34,7,41,22,662,66,Matches,FRA-L1,17-18
2fa2a875,274,Benjamin Lecomte,FRA,GK,Montpellier,26,1991,38.0,1234,1047,1221,13,0,0,1234,1,1,100.0,0,0.0,604,4186,2696,0,0,0,0,0,412,0,Matches,FRA-L1,17-18
f5044e54,275,Pierre Lees-Melou,FRA,"MF,FW",Nice,24,1993,32.1,1970,61,337,1038,619,86,1969,45,33,73.3,12,26.7,997,6162,2916,76,60,18,52,39,1421,193,Matches,FRA-L1,17-18
4dbd0916,276,Thomas Lemar,FRA,"MF,FW",Monaco,21,1995,26.4,1582,16,116,859,638,36,1582,89,46,51.7,44,49.4,1041,6715,3470,93,75,5,52,41,1140,163,Matches,FRA-L1,17-18
47c2e669,277,Dylan Lempereur,FRA,DF,Metz,18,1998,1.6,72,11,30,30,12,0,72,1,1,100.0,0,0.0,21,77,33,3,2,0,0,1,25,0,Matches,FRA-L1,17-18
1b82f8df,278,Lukas Lerager,DEN,MF,Bordeaux,24,1993,36.5,1991,58,382,1215,412,72,1991,14,8,57.1,6,42.9,1083,4273,1994,35,27,5,45,29,1254,97,Matches,FRA-L1,17-18
96fcd380,279,Alexandre Letellier,FRA,GK,Angers,26,1990,13.0,355,317,353,2,0,0,355,0,0,,0,,167,1033,727,0,0,0,1,0,99,0,Matches,FRA-L1,17-18
6b9f2f3e,280,Igor Lewczuk,POL,DF,Bordeaux,32,1985,4.9,225,15,80,108,37,2,225,4,2,50.0,2,50.0,104,487,245,8,2,0,0,3,123,8,Matches,FRA-L1,17-18
f7691f63,281,Dimitri Liénard,FRA,"MF,FW",Strasbourg,29,1988,28.9,2004,43,366,1025,649,24,2003,52,34,65.4,18,34.6,1135,6443,3196,75,75,7,55,45,1241,118,Matches,FRA-L1,17-18
0f52f925,282,Lucas Lima,BRA,"DF,FW",Nantes,25,1991,29.5,1953,84,502,801,671,20,1953,51,24,47.1,27,52.9,846,4046,2265,56,45,5,52,37,954,121,Matches,FRA-L1,17-18
d7553721,283,Giovani Lo Celso,ARG,MF,Paris S-G,21,1996,19.7,1830,37,290,1155,403,30,1830,67,47,70.1,20,29.9,1279,8608,4509,65,46,3,34,29,1473,56,Matches,FRA-L1,17-18
6bca20fe,284,Enzo Loiodice,FRA,MF,Dijon,16,2000,1.9,122,0,13,94,16,1,122,2,2,100.0,0,0.0,69,381,212,5,3,0,1,4,92,9,Matches,FRA-L1,17-18
f00de885,285,Anthony Lopes,POR,GK,Lyon,26,1990,34.0,1132,974,1123,10,0,0,1132,0,0,,0,,579,3194,2279,0,0,0,0,0,464,0,Matches,FRA-L1,17-18
7c2965bb,286,Rony Lopes,POR,"FW,MF",Monaco,21,1995,28.1,1189,12,124,458,628,113,1189,85,46,54.1,39,45.9,802,5299,2932,111,71,36,86,50,867,282,Matches,FRA-L1,17-18
20094685,287,Maxime Lopez,FRA,"MF,FW",Marseille,19,1997,15.3,1541,11,207,1046,301,20,1541,23,16,69.6,7,30.4,1192,5787,3063,50,44,3,14,11,1264,51,Matches,FRA-L1,17-18
54131505,288,Arnaud Lusamba,COD,MF,Nice,20,1997,1.8,126,3,25,72,32,0,126,9,7,77.8,2,22.2,73,380,177,4,5,0,5,4,89,2,Matches,FRA-L1,17-18
88fdac8b,289,Cheikh M'Bengue,SEN,DF,Saint-Étienne,29,1988,5.4,283,27,117,125,41,1,283,2,1,50.0,1,50.0,79,223,116,0,0,0,2,1,116,8,Matches,FRA-L1,17-18
c121a641,290,Raïs M'Bolhi,ALG,GK,Rennes,31,1986,1.0,28,22,28,0,0,0,28,0,0,,0,,11,73,59,0,0,0,0,0,6,0,Matches,FRA-L1,17-18
d4133fa1,291,Yann M'Vila,FRA,MF,Saint-Étienne,27,1990,16.4,1455,67,370,1015,75,2,1455,6,5,83.3,1,16.7,784,3381,1607,15,11,0,10,9,1112,4,Matches,FRA-L1,17-18
31377e38,292,Zinédine Machach,FRA,"FW,MF",Toulouse,21,1996,2.1,79,1,17,31,32,3,79,10,5,50.0,5,50.0,58,376,158,6,2,0,6,7,50,14,Matches,FRA-L1,17-18
67ac5bb8,293,Gabriel Magalhães,BRA,DF,Troyes,19,1997,0.9,51,6,27,24,0,0,51,0,0,,0,,31,222,156,0,0,0,0,0,34,0,Matches,FRA-L1,17-18
f329ec76,294,Hicham Mahou,FRA,"MF,FW",Nice,18,1999,0.6,35,0,3,15,18,4,35,1,1,100.0,0,0.0,26,264,161,4,2,4,3,2,25,8,Matches,FRA-L1,17-18
91e58f66,295,Thiago Maia,BRA,"MF,DF",Lille,20,1997,27.4,2013,74,506,1284,257,16,2013,52,41,78.8,11,21.2,1122,6100,2999,45,29,2,40,36,1396,41,Matches,FRA-L1,17-18
e768de1f,296,Habib Maïga,CIV,"MF,DF",Saint-Étienne,21,1996,7.9,450,11,136,240,83,4,450,22,19,86.4,3,13.6,240,1343,694,18,8,3,15,22,270,19,Matches,FRA-L1,17-18
fcb38f57,297,Mike Maignan,FRA,GK,Lille,22,1995,33.7,1233,1053,1226,7,0,0,1233,10,9,90.0,1,10.0,541,3338,2377,0,1,1,2,1,489,0,Matches,FRA-L1,17-18
22bfb57e,298,Jean-Victor Makengo,FRA,"FW,MF",Nice,19,1998,2.7,145,2,17,86,47,4,145,20,10,50.0,10,50.0,101,802,406,10,9,2,6,9,119,26,Matches,FRA-L1,17-18
6853490f,299,Malcom,BRA,FW,Bordeaux,20,1997,31.7,1868,3,104,832,980,91,1865,141,93,66.0,48,34.0,1300,10156,5115,153,132,46,74,65,1447,272,Matches,FRA-L1,17-18
d6a889ea,300,Kévin Malcuit,MAR,DF,Lille,26,1991,20.2,1462,52,415,706,371,30,1462,96,57,59.4,39,40.6,866,6079,3721,104,70,14,38,31,933,114,Matches,FRA-L1,17-18
c26a3918,301,Vincent Manceau,FRA,DF,Angers,28,1989,33.0,2079,87,642,983,475,22,2079,24,16,66.7,8,33.3,977,4756,2895,64,48,4,23,21,1015,104,Matches,FRA-L1,17-18
1d2d5cc8,302,Steve Mandanda,FRA,GK,Marseille,32,1985,30.0,960,863,957,3,0,0,960,0,0,,0,,537,2877,1772,0,0,0,0,0,423,0,Matches,FRA-L1,17-18
de343d38,303,Georges Mandjeck,CMR,"MF,DF",Metz,28,1988,10.8,537,19,123,376,47,8,537,16,10,62.5,6,37.5,256,1287,642,6,6,0,3,8,306,10,Matches,FRA-L1,17-18
dbb10755,304,Kader Mangane,SEN,DF,Strasbourg,34,1983,19.1,905,117,532,339,46,29,905,8,8,100.0,0,0.0,458,2698,1577,8,4,0,5,3,482,5,Matches,FRA-L1,17-18
c801616a,305,Thomas Mangani,FRA,MF,Angers,30,1987,33.6,2481,56,415,1473,616,36,2480,36,20,55.6,16,44.4,1466,6144,2781,27,42,3,42,43,1620,68,Matches,FRA-L1,17-18
392d98fc,306,Harrison Manzala,COD,"FW,MF",Amiens,23,1994,20.7,916,18,155,479,302,54,915,65,40,61.5,25,38.5,557,3799,1940,76,43,25,55,38,626,137,Matches,FRA-L1,17-18
706a60e1,307,Myziane Maolida,COM,"FW,MF",Lyon,18,1999,3.7,186,0,10,87,93,20,186,26,14,53.8,12,46.2,149,1007,479,14,14,8,11,5,153,46,Matches,FRA-L1,17-18
e54a9890,308,Faitout Maouassa,FRA,"MF,FW",Rennes,19,1998,9.9,381,5,33,174,179,12,381,31,9,29.0,22,71.0,228,1931,899,37,28,7,26,21,281,78,Matches,FRA-L1,17-18
9ae9eaea,309,Fernando Marçal,BRA,DF,Lyon,28,1989,14.4,1185,55,329,664,200,12,1185,10,2,20.0,8,80.0,679,3462,2048,37,27,4,18,9,742,63,Matches,FRA-L1,17-18
51fa3fed,310,Vincent Marcel,FRA,"MF,FW",Nice,20,1997,0.5,27,0,2,18,8,1,27,0,0,,0,,21,119,64,0,1,0,4,2,21,7,Matches,FRA-L1,17-18
e3d0b0c4,311,Marcelo,BRA,DF,Lyon,30,1987,34.5,2632,250,1168,1427,49,33,2632,5,5,100.0,0,0.0,1670,8947,5520,21,4,0,14,5,1774,4,Matches,FRA-L1,17-18
5c4dc0ff,312,Mariano,DOM,FW,Lyon,23,1993,27.9,751,25,37,320,405,111,750,54,29,53.7,25,46.3,455,2785,1294,51,49,20,61,48,563,127,Matches,FRA-L1,17-18
0d2158d5,313,Jordan Marié,FRA,MF,Dijon,25,1991,20.9,1161,34,239,756,175,16,1161,15,8,53.3,7,46.7,569,2019,997,10,8,2,31,19,722,34,Matches,FRA-L1,17-18
cdf65d12,314,Marlon,BRA,DF,Nice,21,1995,21.4,1565,158,814,717,41,10,1565,11,9,81.8,2,18.2,815,4108,2898,9,9,0,5,1,1210,3,Matches,FRA-L1,17-18
d5f2f82b,315,Marquinhos,BRA,DF,Paris S-G,23,1994,25.1,1893,182,852,1004,41,28,1893,2,2,100.0,0,0.0,1192,6000,3518,14,4,0,4,1,1412,6,Matches,FRA-L1,17-18
468fdbad,316,Jonas Martin,FRA,MF,Strasbourg,27,1990,33.6,2048,58,343,1299,422,38,2045,41,27,65.9,14,34.1,1287,5939,2615,41,34,3,38,51,1432,98,Matches,FRA-L1,17-18
1ad8cb67,317,Pablo Martinez,FRA,DF,Strasbourg,28,1989,23.5,1261,115,582,602,84,23,1261,10,5,50.0,5,50.0,663,3227,1908,18,11,0,11,7,711,24,Matches,FRA-L1,17-18
0e96a5e1,318,Christopher Martins,LUX,MF,Lyon,20,1997,0.8,47,0,8,35,4,0,47,0,0,,0,,28,100,32,0,1,0,2,2,33,1,Matches,FRA-L1,17-18
b51242ef,319,Jonathan Martins Pereira,FRA,DF,Guingamp,31,1986,12.6,849,45,252,393,210,11,849,13,9,69.2,4,30.8,382,1598,911,24,12,4,13,11,461,55,Matches,FRA-L1,17-18
639b42f5,320,Eden Massouema,CGO,"MF,FW",Dijon,20,1997,2.1,87,4,20,49,19,1,87,2,2,100.0,0,0.0,45,251,106,0,1,0,4,1,59,4,Matches,FRA-L1,17-18
c0cddebe,321,Blaise Matuidi,FRA,MF,Paris S-G,30,1987,0.3,22,0,5,12,5,1,22,0,0,,0,,12,66,12,0,0,0,2,0,19,0,Matches,FRA-L1,17-18
42fd9c7f,322,Kylian Mbappé,FRA,"FW,MF",Monaco,18,1998,0.8,39,0,1,17,22,11,39,6,4,66.7,2,33.3,27,182,125,6,3,5,1,1,33,12,Matches,FRA-L1,17-18
42fd9c7f,323,Kylian Mbappé,FRA,FW,Paris S-G,18,1998,23.3,981,1,33,369,599,190,981,136,78,57.4,58,42.6,744,4995,2584,98,66,52,65,59,871,282,Matches,FRA-L1,17-18
b931d9d1,324,Adama Mbengue,SEN,DF,Caen,23,1993,17.7,1099,50,341,457,322,10,1099,47,29,61.7,18,38.3,437,3587,2139,77,45,7,41,26,499,107,Matches,FRA-L1,17-18
aa1a8c7e,325,Isaac Mbenza,BEL,"FW,MF",Montpellier,21,1996,23.3,844,2,57,352,446,64,844,35,22,62.9,13,37.1,466,3650,1956,74,46,22,47,34,612,179,Matches,FRA-L1,17-18
6afaebf2,326,Bryan Mbeumo,CMR,"FW,MF",Troyes,17,1999,0.7,36,2,4,17,16,3,36,2,1,50.0,1,50.0,25,186,126,5,1,1,4,4,26,3,Matches,FRA-L1,17-18
4887118d,327,Jordi Mboula,ESP,MF,Monaco,18,1999,0.3,20,1,3,6,12,3,20,3,2,66.7,1,33.3,14,186,127,5,2,1,1,0,14,4,Matches,FRA-L1,17-18
5cec2c74,328,Soualiho Meïté,FRA,MF,Bordeaux,23,1994,14.8,862,18,159,545,177,24,862,49,34,69.4,15,30.6,609,3199,1541,36,24,3,25,33,616,46,Matches,FRA-L1,17-18
5cec2c74,329,Soualiho Meïté,FRA,MF,Monaco,23,1994,1.1,55,3,12,41,4,0,55,1,1,100.0,0,0.0,24,180,88,0,2,0,2,2,35,0,Matches,FRA-L1,17-18
8f696594,330,Memphis,NED,FW,Lyon,23,1994,28.4,1644,1,91,736,844,111,1642,108,58,53.7,50,46.3,1121,6250,3317,121,96,37,90,67,1262,266,Matches,FRA-L1,17-18
6690ef25,331,Pedro Mendes,POR,DF,Montpellier,26,1990,31.7,1763,149,882,811,92,21,1763,17,13,76.5,4,23.5,840,4220,2194,11,16,3,10,11,1017,14,Matches,FRA-L1,17-18
c6e5d20f,332,Thiago Mendes,BRA,MF,Lille,25,1992,25.5,1629,28,203,946,501,36,1629,48,39,81.3,9,18.8,1012,5623,2686,57,76,11,67,42,1257,126,Matches,FRA-L1,17-18
e68f2cb4,333,Stiven Mendoza,COL,"FW,MF",Amiens,25,1992,11.5,496,6,84,233,197,26,496,38,26,68.4,12,31.6,300,1681,759,22,13,6,33,25,311,81,Matches,FRA-L1,17-18
e067808c,334,Alexandre Mendy,GNB,FW,Bordeaux,23,1994,8.8,254,2,13,113,130,52,254,9,6,66.7,3,33.3,157,547,157,9,0,5,23,9,197,64,Matches,FRA-L1,17-18
3cefcaef,335,Ferland Mendy,FRA,DF,Lyon,22,1995,23.6,1831,56,410,989,454,34,1831,70,48,68.6,22,31.4,1137,6942,4003,97,61,15,42,27,1200,138,Matches,FRA-L1,17-18
1598599e,336,Nampalys Mendy,SEN,MF,Nice,25,1992,10.7,805,16,158,597,54,0,805,4,3,75.0,1,25.0,495,2233,1100,10,5,0,5,6,667,6,Matches,FRA-L1,17-18
f99fe221,337,Hamza Mendyl,MAR,"DF,MF",Lille,19,1997,9.5,520,18,162,235,133,6,520,24,12,50.0,12,50.0,261,1698,848,23,27,1,14,2,299,41,Matches,FRA-L1,17-18
e162b013,338,Thomas Meunier,BEL,DF,Paris S-G,25,1991,17.5,1312,55,284,641,398,47,1312,26,19,73.1,7,26.9,770,4476,2844,70,68,10,14,8,867,146,Matches,FRA-L1,17-18
ce492295,339,Mexer,MOZ,DF,Rennes,28,1988,13.3,652,91,368,276,14,6,652,1,1,100.0,0,0.0,323,1522,687,0,1,0,2,1,334,1,Matches,FRA-L1,17-18
e39f8724,340,Mathieu Michel,FRA,GK,Angers,25,1991,6.6,196,160,194,2,0,0,196,0,0,,0,,92,674,445,0,0,0,0,0,52,0,Matches,FRA-L1,17-18
cb9ec45d,341,Clément Michelin,FRA,DF,Toulouse,20,1997,3.1,157,12,49,71,39,0,157,3,0,0.0,3,100.0,79,427,286,7,8,0,1,0,78,6,Matches,FRA-L1,17-18
1251f42e,342,Danijel Milićević,BIH,"MF,FW",Metz,31,1986,7.9,387,4,27,161,201,27,387,6,2,33.3,4,66.7,241,1326,611,25,20,4,18,8,271,69,Matches,FRA-L1,17-18
c6ac6579,343,Kostas Mitroglou,GRE,FW,Marseille,29,1988,9.7,208,5,10,78,121,69,208,2,1,50.0,1,50.0,135,367,130,6,3,2,18,4,169,41,Matches,FRA-L1,17-18
7e82a78f,344,Florent Mollet,FRA,"MF,FW",Metz,25,1991,15.7,884,14,96,481,318,33,883,37,21,56.8,16,43.2,589,3075,1240,35,24,9,38,23,619,97,Matches,FRA-L1,17-18
84d94b91,345,Thomas Monconduit,FRA,MF,Amiens,26,1991,32.8,1812,107,397,1211,227,10,1812,52,37,71.2,15,28.8,886,4325,2148,34,34,3,42,31,1105,34,Matches,FRA-L1,17-18
4a57580c,346,Kévin Monnet-Paquet,FRA,"FW,MF",Saint-Étienne,28,1988,19.6,890,25,158,373,374,57,890,40,20,50.0,20,50.0,512,3101,1491,51,34,10,34,52,641,179,Matches,FRA-L1,17-18
e97150c0,347,Jérémy Morel,MAD,DF,Lyon,33,1984,32.4,2238,195,988,1244,16,0,2238,8,5,62.5,3,37.5,1477,7521,4396,12,10,1,16,3,1589,0,Matches,FRA-L1,17-18
3eaf8817,348,Lebo Mothiba,RSA,FW,Lille,21,1996,13.2,422,13,27,182,214,44,422,7,5,71.4,2,28.6,227,962,179,8,10,5,37,17,326,104,Matches,FRA-L1,17-18
57ef0d97,349,Thiago Motta,ITA,MF,Paris S-G,34,1982,12.8,1449,41,280,1056,115,6,1449,5,5,100.0,0,0.0,833,3926,2308,15,13,1,8,11,1208,9,Matches,FRA-L1,17-18
6ca88b2a,350,François Moubandje,SUI,DF,Toulouse,27,1990,18.9,1084,64,385,516,191,6,1084,31,19,61.3,12,38.7,474,2271,1214,26,19,1,18,8,489,54,Matches,FRA-L1,17-18
28a65a2c,351,Jessy Moulin,FRA,GK,Saint-Étienne,31,1986,3.4,157,142,157,0,0,0,157,0,0,,0,,61,304,224,0,0,0,0,0,36,0,Matches,FRA-L1,17-18
2b622f01,352,Lucas Moura,BRA,FW,Paris S-G,24,1992,0.8,56,0,2,18,37,7,56,4,4,100.0,0,0.0,35,254,146,3,5,2,2,0,44,10,Matches,FRA-L1,17-18
f5a00fa4,353,João Moutinho,POR,MF,Monaco,30,1986,31.1,2299,69,296,1490,526,16,2299,29,21,72.4,8,27.6,1261,6367,3895,54,46,1,31,18,1519,76,Matches,FRA-L1,17-18
af0c835b,354,Samuel Moutoussamy,COD,MF,Nantes,20,1996,4.8,207,7,44,101,69,8,207,10,6,60.0,4,40.0,103,590,337,10,9,1,9,8,121,16,Matches,FRA-L1,17-18
176674ab,355,Ndombe Mubele,COD,"FW,MF",Toulouse,23,1994,4.1,223,2,33,80,111,18,223,25,10,40.0,15,60.0,137,960,473,26,4,7,11,8,135,39,Matches,FRA-L1,17-18
176674ab,356,Ndombe Mubele,COD,"FW,MF",Rennes,23,1994,13.6,488,3,30,155,316,62,487,58,31,53.4,27,46.6,326,2267,962,41,22,21,78,48,391,107,Matches,FRA-L1,17-18
ac73ec79,357,Nordi Mukiele,FRA,DF,Montpellier,19,1997,31.0,2147,105,650,1166,371,33,2147,63,41,65.1,22,34.9,1062,7075,4375,82,59,9,42,27,1245,80,Matches,FRA-L1,17-18
e50623a0,358,Kévin N'Doram,FRA,"MF,DF",Monaco,21,1996,8.0,514,38,141,350,25,2,514,6,4,66.7,2,33.3,305,1448,817,4,4,0,3,3,337,2,Matches,FRA-L1,17-18
4749367a,359,Abdallah N'dour,SEN,DF,Strasbourg,23,1993,2.8,157,9,49,62,48,0,157,1,0,0.0,1,100.0,85,523,295,8,8,0,4,0,84,17,Matches,FRA-L1,17-18
77f278a0,360,Clinton N'Jie,CMR,FW,Marseille,23,1993,9.7,339,1,16,132,197,46,339,37,25,67.6,12,32.4,232,1508,698,27,17,13,28,25,241,74,Matches,FRA-L1,17-18
61590953,361,Stanley N'Soki,FRA,DF,Paris S-G,18,1999,0.3,17,3,12,5,0,0,17,1,1,100.0,0,0.0,13,29,15,0,0,0,0,0,14,0,Matches,FRA-L1,17-18
8e87af42,362,Préjuce Nakoulma,BFA,FW,Nantes,30,1987,12.8,495,1,31,217,257,44,495,45,18,40.0,27,60.0,376,2663,1249,47,40,14,49,42,421,99,Matches,FRA-L1,17-18
fa00f0c9,363,Nathan,BRA,MF,Amiens,21,1996,0.1,5,0,0,3,2,0,5,0,0,,0,,3,6,0,0,0,0,0,1,3,0,Matches,FRA-L1,17-18
5cdddffa,364,Tanguy Ndombele,FRA,MF,Amiens,20,1996,2.6,149,3,29,90,33,9,149,19,14,73.7,5,26.3,78,535,309,12,6,3,6,8,99,8,Matches,FRA-L1,17-18
5cdddffa,365,Tanguy Ndombele,FRA,MF,Lyon,20,1996,26.1,1831,17,262,1270,337,22,1831,104,80,76.9,24,23.1,1304,7047,3707,69,54,7,57,47,1405,55,Matches,FRA-L1,17-18
69384e5d,366,Neymar,BRA,FW,Paris S-G,25,1992,19.8,1750,0,54,834,899,143,1746,212,142,67.0,70,33.0,1301,10426,5158,152,140,57,67,58,1521,226,Matches,FRA-L1,17-18
813aae2f,367,Yeni Ngbakoto,COD,"FW,MF",Guingamp,25,1992,6.4,270,6,40,110,122,10,269,11,3,27.3,8,72.7,149,854,398,15,10,1,13,9,192,43,Matches,FRA-L1,17-18
45076ff8,368,Santy Ngom,SEN,"FW,MF",Nantes,24,1993,5.2,219,1,22,107,91,25,219,9,6,66.7,3,33.3,160,695,226,7,5,4,20,8,184,51,Matches,FRA-L1,17-18
34cfec6b,369,Guy Ngosso,CMR,MF,Amiens,32,1985,6.8,398,22,75,294,32,4,398,6,4,66.7,2,33.3,199,648,312,1,2,0,6,11,267,11,Matches,FRA-L1,17-18
75a63397,370,Opa Nguette,SEN,"FW,MF",Metz,23,1994,11.4,469,6,76,185,214,40,469,73,38,52.1,35,47.9,338,2392,1208,46,29,22,45,34,331,87,Matches,FRA-L1,17-18
00242715,371,Moussa Niakhate,SEN,DF,Metz,21,1996,34.5,1771,194,956,754,80,21,1771,21,17,81.0,4,19.0,997,5226,2827,30,24,1,11,4,976,15,Matches,FRA-L1,17-18
1ac3b888,372,Adama Niane,MLI,FW,Troyes,24,1993,24.0,868,16,77,425,376,103,866,30,13,43.3,17,56.7,454,2153,815,23,19,10,86,51,613,133,Matches,FRA-L1,17-18
46faabfa,373,Ibrahima Niane,SEN,"FW,MF",Metz,18,1999,9.4,407,7,41,171,202,37,407,37,17,45.9,20,54.1,291,1679,790,23,17,3,37,16,324,73,Matches,FRA-L1,17-18
91f2da4c,374,Casimir Ninga,CHA,"FW,MF",Montpellier,24,1993,14.3,473,13,44,171,268,62,473,41,16,39.0,25,61.0,268,1894,944,38,29,10,60,29,334,100,Matches,FRA-L1,17-18
1ec4e202,375,Benjamin Nivet,FRA,"MF,FW",Troyes,40,1977,15.2,876,22,114,457,313,32,876,19,12,63.2,7,36.8,482,2128,781,18,17,5,33,29,631,70,Matches,FRA-L1,17-18
bf354e77,376,Jordan Nkololo,COD,"MF,FW",Caen,24,1992,4.7,185,3,24,85,83,20,185,7,5,71.4,2,28.6,111,884,458,12,8,1,18,11,122,30,Matches,FRA-L1,17-18
7c56da38,377,Christopher Nkunku,FRA,"FW,MF",Paris S-G,19,1997,7.0,439,9,58,246,141,27,439,19,13,68.4,5,26.3,314,1753,878,18,16,3,18,19,364,47,Matches,FRA-L1,17-18
268c3cfc,378,Vincent Nogueira,FRA,MF,Strasbourg,29,1988,0.7,45,2,12,31,3,0,45,0,0,,0,,31,192,69,1,0,0,0,1,38,2,Matches,FRA-L1,17-18
81aeb1dd,379,Paul-Georges Ntep,CMR,"FW,MF",Saint-Étienne,25,1992,5.7,262,3,35,107,128,7,262,21,14,66.7,7,33.3,148,1017,531,19,8,2,16,7,203,58,Matches,FRA-L1,17-18
6043997c,380,Gerzino Nyamsi,FRA,DF,Rennes,20,1997,3.0,116,12,53,60,4,3,116,4,3,75.0,1,25.0,52,279,179,1,0,0,3,0,62,0,Matches,FRA-L1,17-18
c3512013,381,Johann Obiang,GAB,DF,Troyes,24,1993,5.2,320,11,105,123,92,3,320,6,1,16.7,5,83.3,158,733,397,10,7,0,6,3,176,21,Matches,FRA-L1,17-18
a08b974a,382,Lucas Ocampos,ARG,FW,Marseille,23,1994,22.6,1080,25,151,518,436,107,1080,82,46,56.1,36,43.9,679,4028,1819,62,44,27,75,57,677,146,Matches,FRA-L1,17-18
9e27e5de,383,Prince Oniangué,CGO,MF,Angers,28,1988,11.7,465,8,68,310,95,20,465,9,7,77.8,2,22.2,263,1203,610,17,12,0,18,10,311,22,Matches,FRA-L1,17-18
243f4a0b,384,Otávio,BRA,MF,Bordeaux,23,1994,16.5,1081,44,317,703,72,3,1081,17,16,94.1,1,5.9,613,2435,1108,12,7,1,7,8,671,2,Matches,FRA-L1,17-18
ae7d0ecd,385,Alexandre Oukidja,ALG,GK,Strasbourg,29,1988,16.2,528,423,521,7,0,0,528,0,0,,0,,233,1666,1148,0,0,0,0,0,153,0,Matches,FRA-L1,17-18
e3e05edf,386,Ambroise Oyongo,CMR,DF,Montpellier,26,1991,2.2,129,3,31,65,36,2,129,8,6,75.0,2,25.0,68,392,228,9,7,0,3,2,76,12,Matches,FRA-L1,17-18
29d8ad3f,387,Pablo,BRA,DF,Bordeaux,26,1991,14.3,781,104,458,313,14,13,781,5,4,80.0,1,20.0,455,2133,864,4,1,0,2,0,466,0,Matches,FRA-L1,17-18
f86ca403,388,Vincent Pajot,FRA,MF,Saint-Étienne,26,1990,14.3,713,39,166,430,121,26,713,7,4,57.1,3,42.9,265,1145,467,13,9,1,11,9,437,24,Matches,FRA-L1,17-18
779847d6,389,Nicolas Pallois,FRA,DF,Nantes,29,1987,27.0,1132,220,648,465,40,9,1132,22,19,86.4,3,13.6,483,2660,1488,13,7,0,16,5,457,4,Matches,FRA-L1,17-18
25444898,390,Julian Palmieri,FRA,DF,Metz,30,1986,12.5,722,25,185,380,168,5,722,22,12,54.5,10,45.5,351,1511,783,15,14,0,8,3,374,41,Matches,FRA-L1,17-18
881ef58c,391,Javier Pastore,ARG,"MF,FW",Paris S-G,28,1989,15.0,1187,15,104,694,402,62,1187,42,27,64.3,15,35.7,765,4129,2360,65,46,19,32,25,996,131,Matches,FRA-L1,17-18
450e277f,392,Mateo Pavlović,BIH,DF,Angers,27,1990,21.8,1085,118,503,551,39,32,1085,4,4,100.0,0,0.0,612,2928,1646,4,0,0,4,2,625,2,Matches,FRA-L1,17-18
58ae47b2,393,Dimitri Payet,FRA,"MF,FW",Marseille,30,1987,26.1,1882,4,110,967,835,78,1879,57,45,78.9,12,21.1,1371,7810,4337,119,109,31,54,49,1417,203,Matches,FRA-L1,17-18
2f8f43f3,394,Stef Peeters,BEL,MF,Caen,25,1992,12.3,656,9,97,346,219,21,655,11,7,63.6,4,36.4,256,1571,821,20,14,3,19,13,381,43,Matches,FRA-L1,17-18
88615858,395,Bryan Pelé,FRA,"FW,MF",Troyes,25,1992,17.9,796,19,134,319,356,35,796,47,27,57.4,20,42.6,488,3585,1876,54,44,10,52,18,569,142,Matches,FRA-L1,17-18
76806215,396,Yohann Pelé,FRA,GK,Marseille,34,1982,8.2,255,234,254,1,0,0,255,1,1,100.0,0,0.0,138,719,376,0,0,0,0,0,104,0,Matches,FRA-L1,17-18
a44d3a3c,397,Pietro Pellegri,ITA,FW,Monaco,16,2001,0.3,10,0,1,3,6,2,10,2,2,100.0,0,0.0,6,89,60,3,1,2,0,1,7,3,Matches,FRA-L1,17-18
97fb4608,398,Théo Pellenard,FRA,DF,Bordeaux,23,1994,15.9,1019,39,289,524,216,6,1019,19,14,73.7,5,26.3,538,2919,1700,26,30,2,19,17,566,48,Matches,FRA-L1,17-18
57e3f0c7,399,Nicolas Pépé,CIV,"FW,MF",Lille,22,1995,31.6,1434,11,115,600,746,109,1433,118,73,61.9,45,38.1,991,6356,2631,97,76,34,109,120,1186,285,Matches,FRA-L1,17-18
6dfd8f05,400,Romain Perraud,FRA,FW,Nice,19,1997,0.0,3,0,0,1,2,0,3,0,0,,0,,1,22,20,1,0,0,0,0,2,1,Matches,FRA-L1,17-18
6b200d45,401,Loïc Perrin,FRA,DF,Saint-Étienne,31,1985,27.4,1831,209,1007,790,46,21,1831,11,10,90.9,1,9.1,939,3684,2215,9,7,1,8,5,1168,9,Matches,FRA-L1,17-18
8e2d5426,402,Chris Philipps,LUX,"MF,DF",Metz,23,1994,9.4,529,26,171,305,62,3,529,4,2,50.0,2,50.0,306,1224,502,4,5,0,7,5,304,14,Matches,FRA-L1,17-18
b6dac747,403,Lebogang Phiri,RSA,MF,Guingamp,22,1994,11.5,747,16,143,543,67,2,747,10,8,80.0,2,20.0,426,2021,893,9,8,0,4,10,532,4,Matches,FRA-L1,17-18
64ba07c0,404,Ronaël Pierre-Gabriel,FRA,DF,Saint-Étienne,19,1998,13.0,774,40,247,401,132,6,774,23,14,60.9,9,39.1,354,1930,1023,21,19,5,16,13,434,25,Matches,FRA-L1,17-18
fca455cc,405,Facundo Píriz,URU,MF,Montpellier,27,1990,9.0,529,17,125,332,76,6,529,10,6,60.0,4,40.0,211,1015,317,5,7,0,6,5,329,8,Matches,FRA-L1,17-18
516dc25b,406,Jaroslav Plašil,CZE,MF,Bordeaux,35,1982,11.6,776,27,156,499,126,6,776,9,8,88.9,1,11.1,473,2367,1086,14,10,1,14,13,516,21,Matches,FRA-L1,17-18
bc6bd723,407,Alassane Pléa,FRA,FW,Nice,24,1993,33.8,1374,26,106,652,631,149,1372,102,68,66.7,34,33.3,841,5182,2701,93,58,39,63,61,1177,294,Matches,FRA-L1,17-18
7add56e1,408,Morgan Poaty,CGO,DF,Montpellier,20,1997,1.9,109,2,26,52,34,1,109,3,1,33.3,2,66.7,59,446,262,10,8,1,1,1,63,5,Matches,FRA-L1,17-18
31bbb7e2,409,Gerónimo Poblete,ARG,MF,Metz,24,1993,18.4,1027,26,222,718,104,3,1027,21,16,76.2,5,23.8,669,2921,1242,18,16,3,22,11,701,20,Matches,FRA-L1,17-18
1e23a224,410,Florentin Pogba,GUI,DF,Saint-Étienne,26,1990,3.6,179,23,81,79,20,1,179,3,2,66.7,1,33.3,84,449,275,5,4,0,2,2,97,7,Matches,FRA-L1,17-18
ccbbe661,411,Ezequiel Ponce,ARG,FW,Lille,20,1997,12.2,377,11,27,204,152,41,377,14,12,85.7,2,14.3,201,1033,233,8,8,4,36,28,286,65,Matches,FRA-L1,17-18
fa27b5a0,412,Jérémie Porsan-Clémenté,FRA,DF,Montpellier,19,1997,1.0,58,0,19,24,15,2,58,1,1,100.0,0,0.0,23,134,50,2,2,0,4,3,27,7,Matches,FRA-L1,17-18
b92edde2,413,Maxime Poundjé,FRA,DF,Bordeaux,24,1992,18.9,1180,41,320,570,302,5,1180,58,35,60.3,23,39.7,583,3645,2145,63,45,3,18,17,623,69,Matches,FRA-L1,17-18
51c30111,414,Sanjin Prcić,BIH,MF,Rennes,23,1993,17.4,1086,32,219,743,137,3,1086,4,2,50.0,2,50.0,598,3103,1728,16,27,0,12,7,739,17,Matches,FRA-L1,17-18
b0547a87,415,Nicolas de Préville,FRA,FW,Bordeaux,26,1991,21.5,1043,12,92,477,490,85,1042,110,53,48.2,57,51.8,709,4395,2144,79,47,28,81,43,754,166,Matches,FRA-L1,17-18
b0547a87,416,Nicolas de Préville,FRA,"FW,MF",Lille,26,1991,3.2,100,5,8,49,45,17,99,3,1,33.3,2,66.7,59,320,128,9,2,4,6,7,71,20,Matches,FRA-L1,17-18
1061c207,417,Jérôme Prior,FRA,GK,Bordeaux,21,1995,2.0,45,40,45,0,0,0,45,0,0,,0,,15,97,63,0,0,0,0,0,15,0,Matches,FRA-L1,17-18
4df04a86,418,Sloan Privat,FRA,FW,Guingamp,28,1989,0.0,1,0,0,0,1,1,1,0,0,,0,,0,0,0,0,0,0,0,0,1,0,Matches,FRA-L1,17-18
bcb98316,419,Loïc Puyo,FRA,MF,Angers,28,1988,1.9,146,4,30,89,29,2,146,2,1,50.0,1,50.0,74,331,164,4,3,1,3,3,83,7,Matches,FRA-L1,17-18
8794e251,420,Adrien Rabiot,FRA,MF,Paris S-G,22,1995,26.2,2461,51,457,1638,391,35,2461,51,39,76.5,12,23.5,1709,10679,5803,84,63,4,33,36,1982,60,Matches,FRA-L1,17-18
9a1f2e1c,421,Rafael,BRA,DF,Lyon,27,1990,20.1,1496,49,340,786,391,31,1496,44,24,54.5,20,45.5,807,4327,2669,74,63,8,24,15,888,95,Matches,FRA-L1,17-18
bd4f5f94,422,Andrea Raggi,ITA,DF,Monaco,33,1984,17.9,905,51,331,438,139,11,905,4,2,50.0,2,50.0,445,1716,820,9,8,0,7,6,501,33,Matches,FRA-L1,17-18
8dbff17c,423,Adil Rami,FRA,DF,Marseille,31,1985,32.8,2191,180,1175,984,56,29,2191,8,7,87.5,1,12.5,1433,6741,3694,22,12,0,7,4,1413,3,Matches,FRA-L1,17-18
276cce2e,424,Pedro Rebocho,POR,DF,Guingamp,22,1995,19.1,1227,59,366,590,282,7,1227,23,16,69.6,7,30.4,548,2774,1465,39,27,5,33,12,673,76,Matches,FRA-L1,17-18
d504b3e1,425,Jeff Reine-Adélaïde,FRA,MF,Angers,19,1998,4.9,223,5,54,95,81,14,223,30,21,70.0,9,30.0,166,1248,637,22,14,9,7,21,163,17,Matches,FRA-L1,17-18
e0d725fe,426,Jan Repas,SVN,"MF,FW",Caen,20,1997,10.0,355,2,34,167,161,17,355,22,9,40.9,13,59.1,220,1961,593,21,18,3,31,29,248,91,Matches,FRA-L1,17-18
bcf1b2e9,427,Baptiste Reynet,FRA,GK,Dijon,26,1990,38.0,1801,1405,1775,30,0,0,1801,2,2,100.0,0,0.0,932,4904,3384,0,1,1,1,0,770,0,Matches,FRA-L1,17-18
7a137df4,428,Kévin Rimane,GUF,DF,Paris S-G,26,1991,0.1,4,0,0,4,0,0,4,0,0,,0,,3,12,2,0,0,0,0,0,3,0,Matches,FRA-L1,17-18
2bae5658,429,Emmanuel Rivière,FRA,FW,Metz,27,1990,22.3,840,3,26,392,428,109,838,22,13,59.1,9,40.9,488,1731,623,19,24,11,71,27,682,180,Matches,FRA-L1,17-18
7af0e1f8,430,Jonathan Rivierez,MTQ,DF,Metz,28,1989,22.9,1222,79,457,583,194,5,1222,40,27,67.5,13,32.5,585,2559,1226,15,29,4,13,3,564,41,Matches,FRA-L1,17-18
1f8c7aa9,431,Ronny Rodelin,FRA,"FW,MF",Caen,27,1989,35.1,1737,45,155,924,685,103,1736,74,57,77.0,17,23.0,818,6190,2837,87,73,11,80,60,1304,251,Matches,FRA-L1,17-18
0eeafda5,432,Rolando,POR,DF,Marseille,31,1985,27.9,1617,166,968,618,40,24,1617,4,4,100.0,0,0.0,995,4102,2294,5,6,0,5,2,1043,2,Matches,FRA-L1,17-18
ed45c4a5,433,Valentin Rongier,FRA,MF,Nantes,22,1994,26.1,1615,25,236,954,443,31,1615,50,35,70.0,15,30.0,957,4255,1860,30,41,7,36,51,1082,100,Matches,FRA-L1,17-18
9b6d9b53,434,Valentin Rosier,FRA,DF,Dijon,20,1996,30.9,1840,104,558,901,404,17,1840,62,48,77.4,14,22.6,940,6314,3411,78,58,8,43,52,944,121,Matches,FRA-L1,17-18
13203c45,435,Jérôme Roussillon,FRA,DF,Montpellier,24,1993,20.9,1275,43,302,568,418,48,1275,72,37,51.4,35,48.6,548,3386,1922,72,38,16,42,22,719,125,Matches,FRA-L1,17-18
3071a619,436,Nolan Roux,FRA,"FW,MF",Metz,29,1988,31.5,1097,29,118,519,482,113,1096,38,21,55.3,17,44.7,678,3290,1325,42,36,7,53,34,820,216,Matches,FRA-L1,17-18
cac76a72,437,Stéphane Ruffier,FRA,GK,Saint-Étienne,30,1986,34.6,1229,1054,1226,3,0,0,1229,0,0,,0,,563,2924,1969,0,0,0,0,0,519,0,Matches,FRA-L1,17-18
a87e9eb6,438,Vincent Rüfli,SUI,"DF,FW",Dijon,29,1988,0.3,19,0,6,10,3,0,19,0,0,,0,,5,41,30,1,1,0,0,0,6,1,Matches,FRA-L1,17-18
17f29fb0,439,Idriss Saadi,ALG,FW,Strasbourg,25,1992,10.5,320,2,18,157,148,39,320,21,7,33.3,13,61.9,182,892,325,12,8,5,35,15,225,65,Matches,FRA-L1,17-18
fbbb9269,440,Youssouf Sabaly,SEN,DF,Bordeaux,24,1993,34.4,2500,95,654,1233,643,23,2500,79,51,64.6,28,35.4,1291,6813,3884,105,89,5,55,34,1365,145,Matches,FRA-L1,17-18
68a87d66,441,Ihsan Sacko,FRA,"FW,MF",Nice,20,1997,2.9,102,2,15,53,35,4,102,8,5,62.5,3,37.5,68,385,221,7,5,2,2,3,91,18,Matches,FRA-L1,17-18
68a87d66,442,Ihsan Sacko,FRA,"FW,MF",Strasbourg,20,1997,7.9,287,2,47,124,120,32,287,12,4,33.3,8,66.7,157,969,463,16,14,7,27,9,186,41,Matches,FRA-L1,17-18
22c77851,443,Adrián Sahibeddine,FRA,"FW,MF",Dijon,22,1994,0.4,13,0,0,5,9,3,13,3,2,66.7,1,33.3,8,99,35,1,0,1,1,2,8,2,Matches,FRA-L1,17-18
90fcf472,444,Wesley Saïd,FRA,"FW,MF",Dijon,22,1995,20.4,691,6,82,336,288,68,691,48,32,66.7,16,33.3,443,2427,1237,34,31,9,34,27,494,124,Matches,FRA-L1,17-18
2b16cb1a,445,Allan Saint-Maximin,FRA,"FW,MF",Nice,20,1997,25.0,1196,8,135,503,595,121,1196,167,108,64.7,59,35.3,912,8358,5149,183,83,76,61,74,1008,272,Matches,FRA-L1,17-18
2b16cb1a,446,Allan Saint-Maximin,FRA,MF,Monaco,20,1997,0.2,6,0,0,2,4,0,6,0,0,,0,,5,62,33,1,0,1,0,1,6,1,Matches,FRA-L1,17-18
d63e2912,447,Hiroki Sakai,JPN,DF,Marseille,27,1990,28.0,1860,65,468,933,470,18,1860,36,20,55.6,16,44.4,958,3851,2105,50,45,7,24,14,1030,117,Matches,FRA-L1,17-18
57c433c8,448,Diafra Sakho,SEN,FW,Rennes,27,1989,8.6,248,12,23,99,128,38,248,12,5,41.7,7,58.3,142,454,109,4,4,0,41,10,189,43,Matches,FRA-L1,17-18
5d59e0df,449,Emiliano Sala,ARG,FW,Nantes,26,1990,33.7,1275,53,95,579,614,160,1270,53,28,52.8,24,45.3,709,2936,954,34,31,9,133,80,983,223,Matches,FRA-L1,17-18
bb4a42be,450,Yannis Salibur,FRA,"FW,MF",Guingamp,26,1991,16.9,788,1,65,348,384,54,788,78,51,65.4,27,34.6,530,3958,1946,73,47,16,30,31,634,136,Matches,FRA-L1,17-18
c3725db2,451,Yoann Salmier,GUF,DF,Strasbourg,24,1992,12.3,659,67,402,247,15,7,659,8,7,87.5,1,12.5,383,1863,1160,6,3,1,3,1,435,2,Matches,FRA-L1,17-18
cfe852d8,452,Mamadou Samassa,MLI,GK,Troyes,27,1990,21.0,735,598,727,8,0,0,735,0,0,,0,,293,2135,1540,0,0,0,3,0,186,0,Matches,FRA-L1,17-18
60d90c55,453,Brice Samba,FRA,GK,Caen,23,1994,3.5,110,91,109,2,0,0,110,1,1,100.0,0,0.0,50,333,221,0,0,0,0,0,34,0,Matches,FRA-L1,17-18
24eb7ed6,454,Junior Sambia,FRA,MF,Montpellier,20,1996,17.1,1021,9,103,525,402,18,1021,49,29,59.2,20,40.8,502,2957,1494,44,40,5,52,40,711,131,Matches,FRA-L1,17-18
8802c1d5,455,Frédéric Sammaritano,FRA,"FW,MF",Dijon,31,1986,15.9,761,16,116,346,307,53,761,25,16,64.0,9,36.0,501,2668,1469,45,31,12,30,22,550,109,Matches,FRA-L1,17-18
bced0375,456,Ibrahim Sangaré,CIV,MF,Toulouse,19,1997,17.6,1040,43,208,674,182,17,1040,36,29,80.6,7,19.4,548,3247,1601,34,20,2,24,25,611,23,Matches,FRA-L1,17-18
c650629d,457,Younousse Sankharé,SEN,MF,Bordeaux,27,1989,20.9,1064,11,152,749,180,42,1064,34,21,61.8,12,35.3,719,3888,2171,39,22,3,21,22,807,43,Matches,FRA-L1,17-18
a8b4a643,458,Baissama Sankoh,GUI,"MF,DF",Caen,25,1992,17.1,729,62,214,467,60,6,729,19,11,57.9,8,42.1,301,1851,794,16,10,2,28,18,348,19,Matches,FRA-L1,17-18
11ced928,459,Yaya Sanogo,FRA,FW,Toulouse,24,1993,16.8,502,17,30,192,283,90,502,27,14,51.9,13,48.1,314,1041,329,10,8,4,54,31,415,96,Matches,FRA-L1,17-18
6e7f1353,460,Morgan Sanson,FRA,MF,Marseille,22,1994,24.1,1390,5,127,732,558,69,1390,72,46,63.9,26,36.1,985,5401,2505,93,75,8,72,61,1074,195,Matches,FRA-L1,17-18
5e22e2a4,461,Baptiste Santamaria,FRA,MF,Angers,22,1995,28.8,1453,64,363,937,172,8,1453,25,22,88.0,3,12.0,836,4193,2114,29,35,4,26,26,854,15,Matches,FRA-L1,17-18
086d7db3,462,Ivan Santini,CRO,FW,Caen,28,1989,30.9,1035,37,75,477,487,133,1029,18,13,72.2,5,27.8,481,1954,520,10,8,3,99,59,858,203,Matches,FRA-L1,17-18
a2da58b1,463,Yusuf Sari,TUR,FW,Marseille,18,1998,0.0,0,0,0,0,0,0,0,0,0,,0,,0,0,0,0,0,0,0,0,0,0,Matches,FRA-L1,17-18
1a4b9094,464,Bouna Sarr,SEN,"DF,FW",Marseille,25,1992,19.9,1607,47,390,821,427,25,1607,71,44,62.0,27,38.0,1007,6427,3666,95,65,10,30,25,977,107,Matches,FRA-L1,17-18
bfdb33aa,465,Ismaila Sarr,SEN,"FW,MF",Rennes,19,1998,20.6,718,2,62,270,408,78,718,105,63,60.0,41,39.0,556,4437,2160,80,58,31,88,54,572,205,Matches,FRA-L1,17-18
4315f30d,466,Malang Sarr,FRA,DF,Nice,18,1999,14.7,1243,89,556,614,78,7,1243,8,7,87.5,1,12.5,674,4253,3078,28,13,2,9,7,920,17,Matches,FRA-L1,17-18
e1b3413d,467,Ernest Seka,GUI,DF,Strasbourg,30,1987,24.2,1637,95,551,807,295,25,1637,42,22,52.4,20,47.6,767,4294,2590,58,44,6,28,16,880,53,Matches,FRA-L1,17-18
6aeb647a,468,Vahid Selimović,LUX,DF,Metz,20,1997,11.7,583,53,300,277,11,1,583,4,4,100.0,0,0.0,310,1529,921,5,4,0,5,1,332,3,Matches,FRA-L1,17-18
4db2157a,469,Ole Selnæs,NOR,MF,Saint-Étienne,23,1994,22.9,1493,83,396,979,136,9,1493,8,8,100.0,0,0.0,726,3779,2036,25,15,0,3,5,939,14,Matches,FRA-L1,17-18
10efd0e1,470,Jean Seri,CIV,MF,Nice,26,1991,29.1,2972,68,607,1924,458,23,2972,52,37,71.2,15,28.8,1552,7091,3917,51,38,5,50,23,2456,53,Matches,FRA-L1,17-18
7fb301af,471,Julien Serrano,FRA,DF,Monaco,19,1998,3.1,200,9,50,92,58,2,200,1,1,100.0,0,0.0,98,458,233,7,7,1,8,1,123,25,Matches,FRA-L1,17-18
c4527123,472,Grégory Sertic,FRA,"DF,MF",Marseille,27,1989,3.9,247,25,105,127,17,9,247,1,1,100.0,0,0.0,154,590,285,2,0,1,1,0,155,1,Matches,FRA-L1,17-18
35c5f9b1,473,Stéphane Sessègnon,BEN,"MF,FW",Montpellier,33,1984,10.9,572,2,30,334,215,15,572,26,18,69.2,8,30.8,309,1785,807,21,17,3,18,18,424,43,Matches,FRA-L1,17-18
4c5b714f,474,Djibril Sidibé,FRA,DF,Monaco,25,1992,23.9,1966,47,370,1098,518,45,1966,51,21,41.2,30,58.8,1079,4822,2654,56,42,7,39,19,1238,170,Matches,FRA-L1,17-18
adf825b9,475,Kolbeinn Sigþórsson,ISL,FW,Nantes,27,1990,0.3,12,0,0,8,4,2,12,2,2,100.0,0,0.0,5,38,19,2,1,0,0,1,12,2,Matches,FRA-L1,17-18
4914ed4a,476,Gabriel Silva,BRA,DF,Saint-Étienne,26,1991,23.1,1384,85,437,606,352,17,1384,28,18,64.3,10,35.7,617,2896,1665,39,34,6,33,21,754,104,Matches,FRA-L1,17-18
86e7deaf,477,Thiago Silva,BRA,DF,Paris S-G,32,1984,23.5,1927,199,800,1090,45,16,1927,1,1,100.0,0,0.0,1185,5763,3616,16,2,0,3,0,1440,1,Matches,FRA-L1,17-18
0fe7f7bc,478,Giovanni Sio,CIV,FW,Montpellier,28,1989,24.4,894,22,47,396,460,111,893,43,21,48.8,22,51.2,510,2509,948,36,25,19,62,47,736,222,Matches,FRA-L1,17-18
c2211709,479,Ellyes Skhiri,TUN,MF,Montpellier,22,1995,33.9,1965,55,395,1266,330,17,1965,50,41,82.0,9,18.0,863,4525,2074,28,39,3,30,22,1238,49,Matches,FRA-L1,17-18
2e0367a6,480,Naïm Sliti,TUN,"FW,MF",Dijon,25,1992,25.4,1209,11,107,500,636,58,1207,130,104,80.0,26,20.0,822,6108,3276,111,90,32,73,72,860,168,Matches,FRA-L1,17-18
ad625c12,481,Wesley Sneijder,NED,"MF,FW",Nice,33,1984,4.4,345,2,23,197,128,3,345,10,7,70.0,3,30.0,197,786,270,3,7,0,8,3,297,26,Matches,FRA-L1,17-18
c1febb46,482,Somália,BRA,"MF,FW",Toulouse,28,1988,22.2,967,40,194,479,320,38,967,79,38,48.1,41,51.9,593,4162,1975,65,45,15,48,33,577,99,Matches,FRA-L1,17-18
7768df30,483,Jérémy Sorbon,FRA,DF,Guingamp,33,1983,29.0,1388,152,758,612,23,11,1388,1,1,100.0,0,0.0,639,3010,1601,9,5,1,7,8,759,0,Matches,FRA-L1,17-18
e3ad3368,484,Rayan Souici,FRA,MF,Saint-Étienne,19,1998,0.1,6,0,2,4,0,0,6,0,0,,0,,5,6,2,0,0,0,0,0,5,0,Matches,FRA-L1,17-18
7b075c75,485,Adama Soumaoro,FRA,DF,Lille,25,1992,13.2,693,93,414,276,7,6,693,9,9,100.0,0,0.0,402,2458,1458,3,1,1,6,8,433,0,Matches,FRA-L1,17-18
ae59b359,486,Boubakary Soumaré,FRA,MF,Lille,18,1999,5.7,389,9,72,283,40,0,389,14,13,92.9,1,7.1,234,1486,653,14,12,0,7,5,294,8,Matches,FRA-L1,17-18
4e0afc5d,487,Arnaud Souquet,FRA,DF,Nice,25,1992,26.8,1973,113,616,1002,373,26,1973,34,22,64.7,12,35.3,847,5111,3160,70,55,6,37,22,1244,123,Matches,FRA-L1,17-18
84549a07,488,Bassem Srarfi,TUN,"FW,MF",Nice,20,1997,9.7,506,5,73,238,202,39,506,49,25,51.0,24,49.0,295,2154,1241,41,23,12,20,14,395,77,Matches,FRA-L1,17-18
6fb7edd3,489,Timo Stavitski,FIN,"MF,FW",Caen,18,1999,4.5,168,1,18,59,95,5,168,12,8,66.7,4,33.3,95,846,292,12,9,1,14,7,125,31,Matches,FRA-L1,17-18
7b536033,490,Mariusz Stępiński,POL,FW,Nantes,22,1995,0.0,2,0,0,1,1,0,2,0,0,,0,,1,2,2,0,0,0,0,0,2,1,Matches,FRA-L1,17-18
f6db3bd5,491,Danijel Subašić,CRO,GK,Monaco,32,1984,32.7,976,858,973,3,0,0,976,0,0,,0,,439,2972,2232,0,0,0,1,0,293,0,Matches,FRA-L1,17-18
821233cc,492,Neven Subotić,SRB,DF,Saint-Étienne,28,1988,16.0,1008,108,528,465,20,10,1008,5,2,40.0,3,60.0,550,2520,1563,10,3,0,7,0,683,4,Matches,FRA-L1,17-18
beff5d14,493,Gilles Sunu,TOG,"MF,FW",Angers,26,1991,7.3,323,2,35,151,144,14,323,18,11,61.1,7,38.9,266,1799,769,33,28,5,21,18,272,73,Matches,FRA-L1,17-18
8417953b,494,Seydou Sy,SEN,GK,Monaco,21,1995,2.8,106,94,106,0,0,0,106,0,0,,0,,40,292,253,0,0,0,0,0,25,0,Matches,FRA-L1,17-18
b99bec05,495,Issiaga Sylla,GUI,"DF,FW",Toulouse,23,1994,17.8,1103,57,285,531,303,17,1103,29,13,44.8,16,55.2,539,3344,1878,49,36,2,39,18,554,87,Matches,FRA-L1,17-18
d8b97bb3,496,Moussa Sylla,MLI,FW,Monaco,17,1999,3.4,93,1,2,41,52,11,93,6,5,83.3,1,16.7,49,236,116,4,6,1,9,6,69,14,Matches,FRA-L1,17-18
e61d33f1,497,Alexander Søderlund,NOR,FW,Saint-Étienne,29,1987,4.0,105,2,4,41,60,13,105,3,3,100.0,0,0.0,50,187,43,1,2,0,9,8,83,30,Matches,FRA-L1,17-18
15e1afd5,498,Franck Tabanou,FRA,DF,Guingamp,28,1989,11.6,754,59,249,335,176,4,754,17,9,52.9,8,47.1,301,1320,689,17,11,2,12,7,389,41,Matches,FRA-L1,17-18
942c6dc3,499,Ervin Taha,FRA,FW,Bordeaux,18,1999,0.4,18,0,2,6,10,0,18,0,0,,0,,8,27,19,1,2,0,0,0,14,2,Matches,FRA-L1,17-18
ec1aa15e,500,Mehdi Tahrat,ALG,MF,Angers,27,1990,4.9,278,12,70,177,32,4,278,7,6,85.7,1,14.3,136,713,360,8,4,1,8,8,152,4,Matches,FRA-L1,17-18
a0f9b535,501,Flavien Tait,FRA,MF,Angers,24,1993,24.8,1315,14,194,631,522,45,1315,101,69,68.3,31,30.7,902,6064,3258,111,87,18,52,60,919,182,Matches,FRA-L1,17-18
8da74c05,502,Adrien Tameze,CMR,MF,Nice,23,1994,18.7,1528,52,381,1011,145,13,1528,46,36,78.3,10,21.7,796,4045,1941,21,19,2,23,30,1182,23,Matches,FRA-L1,17-18
730bd100,503,Oussama Tannane,MAR,FW,Saint-Étienne,23,1994,2.3,133,1,15,47,73,9,133,6,2,33.3,4,66.7,80,352,174,4,2,2,8,6,89,26,Matches,FRA-L1,17-18
b056e3da,504,Ciprian Tătărușanu,ROU,GK,Nantes,31,1986,37.0,1161,1017,1153,8,0,0,1161,1,0,0.0,1,100.0,548,3193,2413,0,0,0,0,0,371,0,Matches,FRA-L1,17-18
d520120b,505,Júlio Tavares,CPV,FW,Dijon,28,1988,22.8,745,45,69,329,351,110,742,14,10,71.4,4,28.6,360,1373,549,19,13,9,53,17,579,139,Matches,FRA-L1,17-18
4f093689,506,Jordan Tell,GLP,"FW,MF",Rennes,20,1997,1.3,51,0,4,22,26,8,51,3,0,0.0,3,100.0,36,143,42,1,0,2,7,4,42,10,Matches,FRA-L1,17-18
5148dcc5,507,Martin Terrier,FRA,"FW,MF",Strasbourg,20,1997,18.6,715,11,81,320,326,70,715,38,19,50.0,19,50.0,423,2742,1329,46,35,19,49,22,517,107,Matches,FRA-L1,17-18
77d7c96f,508,Kenny Tete,NED,DF,Lyon,21,1995,17.9,1270,68,305,677,296,26,1270,25,10,40.0,15,60.0,726,3872,1924,45,30,5,25,21,766,86,Matches,FRA-L1,17-18
2b9fdeea,509,Florian Thauvin,FRA,FW,Marseille,24,1993,32.8,2285,26,173,1106,1042,192,2281,171,119,69.6,52,30.4,1731,10684,5495,192,129,76,81,86,1842,325,Matches,FRA-L1,17-18
6b994195,510,Kévin Théophile-Catherine,FRA,DF,Saint-Étienne,27,1989,24.1,1340,145,631,685,37,8,1340,20,17,85.0,3,15.0,743,4296,2967,10,2,0,12,8,860,4,Matches,FRA-L1,17-18
7de29631,511,Vincent Thill,LUX,MF,Metz,17,2000,0.3,18,0,1,9,8,0,18,0,0,,0,,14,88,36,2,0,0,1,0,14,3,Matches,FRA-L1,17-18
275e2c51,512,Romain Thomas,FRA,DF,Angers,29,1988,27.4,1480,187,785,663,43,27,1480,2,2,100.0,0,0.0,793,3459,2032,5,3,0,13,6,881,5,Matches,FRA-L1,17-18
c76b7567,513,Adrien Thomasson,FRA,"MF,FW",Nantes,23,1993,28.6,1644,21,258,778,626,81,1644,35,21,60.0,14,40.0,914,4247,1988,60,42,7,48,46,1169,206,Matches,FRA-L1,17-18
6f8cd6d0,514,Marcus Thuram,FRA,FW,Guingamp,19,1997,21.4,749,10,54,317,393,94,749,80,60,75.0,20,25.0,450,3073,1584,67,38,35,73,43,590,173,Matches,FRA-L1,17-18
56f7a928,515,Youri Tielemans,BEL,MF,Monaco,20,1997,17.4,1058,30,156,680,234,27,1058,43,24,55.8,19,44.2,572,2755,1495,30,27,7,19,18,696,60,Matches,FRA-L1,17-18
871fc5f8,516,Jonathan Tinhan,BEN,"MF,FW",Troyes,28,1989,0.8,33,1,3,8,23,2,33,2,0,0.0,2,100.0,15,85,12,1,0,0,1,1,24,11,Matches,FRA-L1,17-18
de4fe7a2,517,Ola Toivonen,SWE,"FW,MF",Toulouse,31,1986,8.9,393,11,35,216,144,27,393,6,5,83.3,1,16.7,230,848,413,10,8,0,12,2,290,38,Matches,FRA-L1,17-18
5ceba7fc,518,Karl Toko Ekambi,CMR,"FW,MF",Angers,24,1992,33.8,1350,2,60,577,736,168,1347,131,66,50.4,65,49.6,1037,6747,3048,138,77,55,106,86,1125,352,Matches,FRA-L1,17-18
7adea561,519,Jérémy Toulalan,FRA,DF,Bordeaux,33,1983,21.0,1269,145,639,618,24,2,1269,11,9,81.8,2,18.2,775,4316,2562,16,7,2,6,2,769,1,Matches,FRA-L1,17-18
ef7cd87a,520,Abdoulaye Touré,GUI,MF,Nantes,23,1994,31.2,1761,81,389,1112,275,16,1761,64,45,70.3,19,29.7,929,4086,1904,24,32,2,42,45,1021,34,Matches,FRA-L1,17-18
c8c60119,521,Almamy Touré,MLI,DF,Monaco,21,1996,13.9,837,53,226,405,214,16,837,19,13,68.4,6,31.6,381,1927,1150,32,25,4,17,13,409,76,Matches,FRA-L1,17-18
d72db2f5,522,Thomas Touré,CIV,FW,Bordeaux,23,1993,0.1,5,0,0,4,1,0,5,1,0,0.0,1,100.0,4,15,0,0,0,0,0,0,1,0,Matches,FRA-L1,17-18
d72db2f5,523,Thomas Touré,CIV,MF,Angers,23,1993,1.4,83,2,9,31,43,6,83,7,2,28.6,5,71.4,65,457,184,4,5,4,5,5,60,19,Matches,FRA-L1,17-18
71ec39ef,524,Lucas Tousart,FRA,MF,Lyon,20,1997,34.8,1897,110,495,1277,143,24,1897,25,19,76.0,6,24.0,1061,4750,2124,16,17,1,37,21,1151,10,Matches,FRA-L1,17-18
1a6f2a66,525,Adama Traoré,MLI,"MF,FW",Monaco,22,1995,2.1,106,1,7,56,43,9,106,3,3,100.0,0,0.0,59,274,83,1,0,0,6,5,78,9,Matches,FRA-L1,17-18
c47541e0,526,Bertrand Traoré,BFA,FW,Lyon,21,1995,25.4,1394,27,152,642,621,112,1394,82,52,63.4,30,36.6,996,6419,3203,108,79,43,78,39,1101,270,Matches,FRA-L1,17-18
de488e56,527,Charles Traore,MLI,DF,Troyes,25,1992,33.3,2161,160,829,938,417,15,2161,36,20,55.6,16,44.4,944,4387,2629,39,35,4,26,13,1057,101,Matches,FRA-L1,17-18
a4b1028a,528,Hamari Traoré,MLI,DF,Rennes,25,1992,29.3,2082,86,564,1137,400,14,2082,35,24,68.6,11,31.4,840,4241,2459,55,38,7,30,6,1094,90,Matches,FRA-L1,17-18
b666421b,529,Ismaël Traoré,CIV,DF,Angers,30,1986,31.7,1411,142,728,654,49,20,1411,19,14,73.7,5,26.3,849,3883,2030,8,11,0,16,5,788,6,Matches,FRA-L1,17-18
883f251e,530,Lacina Traoré,CIV,FW,Amiens,27,1990,8.7,315,23,36,142,138,34,315,14,7,50.0,7,50.0,166,675,143,2,9,2,34,23,254,65,Matches,FRA-L1,17-18
ce17b5eb,531,Kevin Trapp,GER,GK,Paris S-G,27,1990,4.0,103,86,103,0,0,0,103,0,0,,0,,52,255,185,0,1,1,0,0,37,0,Matches,FRA-L1,17-18
cc41f558,532,Matthieu Udol,FRA,DF,Metz,21,1996,3.9,229,18,93,90,48,4,229,7,2,28.6,5,71.4,108,600,367,10,6,2,6,1,119,22,Matches,FRA-L1,17-18
dcf7cf44,533,Valentín Vada,ARG,MF,Bordeaux,21,1996,9.6,704,5,92,412,206,13,704,15,9,60.0,6,40.0,453,2185,1007,21,20,2,22,9,518,43,Matches,FRA-L1,17-18
8cb8dc58,534,Cédric Varrault,FRA,DF,Dijon,37,1980,9.8,565,69,311,248,7,5,565,3,3,100.0,0,0.0,284,1477,998,5,1,0,4,0,339,1,Matches,FRA-L1,17-18
1d0900d4,535,Rémy Vercoutre,FRA,GK,Caen,37,1980,34.5,1150,886,1094,57,0,0,1150,1,1,100.0,0,0.0,383,2978,2191,0,0,0,0,0,390,0,Matches,FRA-L1,17-18
7cb9de24,536,Olivier Verdon,BEN,DF,Bordeaux,21,1995,0.1,5,4,5,0,0,0,5,0,0,,0,,2,7,0,0,0,0,0,0,1,0,Matches,FRA-L1,17-18
1467af0d,537,Marco Verratti,ITA,MF,Paris S-G,24,1992,19.1,2229,39,373,1530,341,15,2229,51,42,82.4,9,17.6,1574,7166,3815,41,41,2,18,36,1930,48,Matches,FRA-L1,17-18
446aa6e1,538,Oswaldo Vizcarrondo,VEN,DF,Troyes,33,1984,19.1,986,126,523,456,13,8,986,1,1,100.0,0,0.0,526,2570,1392,3,0,0,5,1,571,1,Matches,FRA-L1,17-18
eb78322b,539,Anthony Walongwa,,DF,Nantes,23,1993,1.0,30,5,20,10,0,0,30,0,0,,0,,11,31,11,0,0,0,0,0,10,0,Matches,FRA-L1,17-18
0984c5d5,540,Rémi Walter,FRA,"MF,FW",Nice,22,1995,5.5,280,6,48,167,68,5,280,13,7,53.8,6,46.2,157,859,320,10,6,1,10,7,202,13,Matches,FRA-L1,17-18
0984c5d5,541,Rémi Walter,FRA,MF,Troyes,22,1995,11.1,523,20,127,331,79,4,523,18,16,88.9,2,11.1,287,1367,705,10,12,1,16,17,281,5,Matches,FRA-L1,17-18
8eec784d,542,Timothy Weah,USA,FW,Paris S-G,17,2000,1.4,27,0,1,8,18,5,27,0,0,,0,,19,125,45,2,0,1,4,2,23,8,Matches,FRA-L1,17-18
f3600c02,543,Xeka,POR,MF,Dijon,22,1994,15.5,891,25,181,502,224,35,891,26,15,57.7,11,42.3,595,2795,1161,18,13,3,29,25,599,41,Matches,FRA-L1,17-18
f3600c02,544,Xeka,POR,MF,Lille,22,1994,0.2,17,0,5,6,6,1,17,0,0,,0,,9,59,36,1,1,0,1,0,11,1,Matches,FRA-L1,17-18
7f9111ea,545,Steeve Yago,BFA,DF,Toulouse,24,1992,17.5,930,61,303,437,199,7,930,16,7,43.8,9,56.3,399,1857,1059,19,19,1,18,13,378,28,Matches,FRA-L1,17-18
1c344204,546,Cédric Yamberé,CTA,DF,Dijon,26,1990,31.4,1635,147,776,818,62,20,1635,23,18,78.3,5,21.7,917,5712,3837,35,20,0,13,3,988,5,Matches,FRA-L1,17-18
20573d10,547,Mapou Yanga-Mbiwa,FRA,DF,Lyon,28,1989,1.4,109,8,48,60,1,0,109,0,0,,0,,80,418,249,0,1,0,0,0,83,0,Matches,FRA-L1,17-18
e2f9bb5f,548,Zaydou Youssouf,FRA,FW,Bordeaux,18,1999,1.5,75,1,6,45,24,2,75,7,3,42.9,4,57.1,51,388,125,7,5,0,4,7,55,9,Matches,FRA-L1,17-18
6bb2c084,549,Andre-Frank Zambo Anguissa,CMR,MF,Marseille,21,1995,27.1,2186,40,362,1521,342,32,2186,78,60,76.9,18,23.1,1549,7509,3501,59,64,7,43,42,1502,37,Matches,FRA-L1,17-18
c8c02ac7,550,Mehdi Zeffane,ALG,"DF,MF",Rennes,25,1992,11.0,704,32,201,372,139,3,704,7,4,57.1,3,42.9,329,1546,854,15,14,0,11,3,412,33,Matches,FRA-L1,17-18
e750cba4,551,Erwin Zelazny,FRA,GK,Troyes,25,1991,17.0,715,538,709,6,0,0,715,0,0,,0,,326,2447,1724,0,0,0,1,0,232,0,Matches,FRA-L1,17-18
775185ae,552,Kévin Zohi,MLI,MF,Strasbourg,20,1996,0.0,0,0,0,0,0,0,0,0,0,,0,,1,2,0,0,0,0,0,1,1,1,Matches,FRA-L1,17-18
a8797cf1,553,Bongani Zungu,RSA,MF,Amiens,24,1992,23.2,1314,52,337,901,97,7,1314,21,16,76.2,5,23.8,692,3373,1660,20,12,3,24,14,798,15,Matches,FRA-L1,17-18
