id,Unnamed: 0_level_0,Unnamed: 1_level_0,Unnamed: 2_level_0,Unnamed: 3_level_0,Unnamed: 4_level_0,Unnamed: 5_level_0,Unnamed: 6_level_0,Unnamed: 7_level_0,Total,Total,Total,Total,Total,Short,Short,Short,Medium,Medium,Medium,Long,Long,Long,Unnamed: 22_level_0,Unnamed: 23_level_0,Expected,Expected,Unnamed: 26_level_0,Unnamed: 27_level_0,Unnamed: 28_level_0,Unnamed: 29_level_0,Unnamed: 30_level_0,Unnamed: 31_level_0,Unnamed: league,Unnamed: season
,Rk,Player,Nation,Pos,Squad,Age,Born,90s,Cmp,Att,Cmp%,TotDist,PrgDist,Cmp,Att,Cmp%,Cmp,Att,Cmp%,Cmp,Att,Cmp%,Ast,xAG,xA,A-xAG,KP,1/3,PPA,CrsPA,PrgP,Matches,league,season
65d62814,1,Antonio Adán,ESP,GK,Atlético Madrid,31,1987,1.0,13,24,54.2,389,295,3,3,100.0,3,3,100.0,7,18,38.9,0,0.0,0.0,0.0,0,0,0,0,0,Matches,ESP-LALIGA,18-19
5890cef1,2,Aday,ESP,"DF,MF",Girona,30,1987,7.2,227,320,70.9,4254,1386,105,117,89.7,86,123,69.9,30,63,47.6,2,1.5,0.9,0.5,13,5,11,10,11,Matches,ESP-LALIGA,18-19
293211e1,3,Aritz Aduriz,ESP,FW,Athletic Club,37,1981,10.5,146,238,61.3,1751,325,90,139,64.7,38,66,57.6,3,7,42.9,0,0.7,0.8,-0.7,8,9,4,1,15,Matches,ESP-LALIGA,18-19
cacadf4f,4,Luis Advíncula,PER,DF,Rayo Vallecano,28,1990,26.5,957,1197,79.9,15766,5283,506,557,90.8,343,422,81.3,76,144,52.8,3,2.4,2.9,0.6,16,60,23,11,90,Matches,ESP-LALIGA,18-19
355c883a,5,Martin Agirregabiria,ESP,DF,Alavés,22,1996,22.6,653,964,67.7,10341,4920,340,413,82.3,246,343,71.7,47,137,34.3,0,0.5,0.9,-0.5,8,54,14,6,89,Matches,ESP-LALIGA,18-19
18dc8533,6,Juan Aguilera,ESP,MF,Huesca,32,1985,3.8,166,189,87.8,2706,846,90,93,96.8,58,68,85.3,14,19,73.7,0,0.0,0.2,0.0,0,16,3,2,21,Matches,ESP-LALIGA,18-19
f2a68b97,7,Carlos Akapo,EQG,DF,Huesca,25,1993,11.4,332,443,74.9,4988,1943,189,217,87.1,100,141,70.9,26,47,55.3,0,0.2,0.6,-0.2,3,21,4,0,34,Matches,ESP-LALIGA,18-19
06efa9dc,8,Sergio Akieme,ESP,DF,Rayo Vallecano,20,1997,2.0,64,84,76.2,950,312,36,39,92.3,22,26,84.6,4,12,33.3,1,0.1,0.1,0.9,1,3,1,1,7,Matches,ESP-LALIGA,18-19
4601e194,9,Jordi Alba,ESP,DF,Barcelona,29,1989,33.2,2279,2695,84.6,33032,10768,1392,1511,92.1,716,852,84.0,110,188,58.5,8,6.7,5.9,1.3,47,140,57,7,207,Matches,ESP-LALIGA,18-19
ba71d071,10,Pedro Alcalá,ESP,DF,Girona,29,1989,20.8,686,869,78.9,14910,5012,168,200,84.0,408,462,88.3,106,190,55.8,1,0.6,0.4,0.4,5,30,5,0,47,Matches,ESP-LALIGA,18-19
036bba5f,11,Rubén Alcaraz,ESP,MF,Valladolid,27,1991,33.1,1438,1757,81.8,29343,7859,556,603,92.2,604,681,88.7,254,402,63.2,2,0.9,1.1,1.1,20,172,2,0,181,Matches,ESP-LALIGA,18-19
46166b49,12,Álex Alegría,ESP,"FW,MF",Rayo Vallecano,25,1992,1.6,22,32,68.8,293,51,13,18,72.2,6,8,75.0,1,1,100.0,0,0.4,0.1,-0.4,3,2,1,0,5,Matches,ESP-LALIGA,18-19
3d7e48ce,13,Iván Alejo,ESP,MF,Getafe,23,1995,1.6,18,43,41.9,341,87,7,15,46.7,7,16,43.8,3,6,50.0,0,0.6,0.4,-0.6,1,2,1,1,3,Matches,ESP-LALIGA,18-19
6c811eb7,14,Carles Aleñá,ESP,MF,Barcelona,20,1998,7.1,536,587,91.3,8645,1908,272,288,94.4,208,218,95.4,43,55,78.2,0,0.7,0.8,-0.7,9,58,6,0,65,Matches,ESP-LALIGA,18-19
3e1858af,15,Alexander,ARG,FW,Leganés,29,1988,0.1,4,8,50.0,40,30,4,5,80.0,0,2,0.0,0,1,0.0,0,0.0,0.0,0.0,0,0,0,0,0,Matches,ESP-LALIGA,18-19
b18a3023,16,Júnior Alonso,PAR,"DF,MF",Celta Vigo,25,1993,6.0,233,319,73.0,3830,1525,123,137,89.8,84,113,74.3,19,48,39.6,0,0.2,0.4,-0.2,5,14,2,1,21,Matches,ESP-LALIGA,18-19
88d91621,17,Sergio Álvarez,ESP,"DF,MF",Eibar,26,1992,11.9,395,500,79.0,7730,1938,122,144,84.7,212,252,84.1,49,79,62.0,0,0.1,0.1,-0.1,2,32,0,0,29,Matches,ESP-LALIGA,18-19
8875b8c9,18,Sergio Álvarez,ESP,GK,Celta Vigo,31,1986,13.0,302,463,65.2,9673,7638,38,38,100.0,139,141,98.6,124,277,44.8,0,0.0,0.0,0.0,0,6,0,0,0,Matches,ESP-LALIGA,18-19
3ecc11d8,19,Yeray Álvarez,ESP,DF,Athletic Club,23,1995,29.0,1031,1294,79.7,20322,8052,348,390,89.2,542,625,86.7,126,241,52.3,0,0.1,0.4,-0.1,2,76,4,1,93,Matches,ESP-LALIGA,18-19
9260926b,20,Ibrahim Amadou,FRA,"MF,DF",Sevilla,25,1993,8.5,302,361,83.7,5164,1309,138,151,91.4,128,149,85.9,26,36,72.2,0,0.1,0.1,-0.1,3,19,0,0,25,Matches,ESP-LALIGA,18-19
d70a2141,21,Jordi Amat,IDN,DF,Rayo Vallecano,26,1992,30.7,1064,1295,82.2,20994,7883,397,457,86.9,516,574,89.9,140,221,63.3,0,0.4,0.2,-0.4,5,63,0,0,95,Matches,ESP-LALIGA,18-19
f3b1d9a2,22,Amath,SEN,MF,Getafe,22,1996,11.1,142,210,67.6,2264,798,77,99,77.8,47,64,73.4,13,22,59.1,2,1.5,1.2,0.5,10,12,10,1,30,Matches,ESP-LALIGA,18-19
3024e383,23,José Ángel,ESP,DF,Eibar,28,1989,33.6,1386,2173,63.8,29556,13592,488,569,85.8,582,822,70.8,289,663,43.6,1,5.7,5.5,-4.7,56,174,68,42,195,Matches,ESP-LALIGA,18-19
011d8c56,24,Miguel Ángel Moyá,ESP,GK,Real Sociedad,34,1984,11.0,292,363,80.4,8746,6055,35,35,100.0,133,134,99.3,124,192,64.6,0,0.0,0.0,0.0,0,1,0,0,0,Matches,ESP-LALIGA,18-19
dbe519cf,25,Antoñito,ESP,"DF,MF",Valladolid,30,1987,20.7,644,896,71.9,9991,4264,357,400,89.3,213,296,72.0,50,132,37.9,1,1.9,1.4,-0.9,23,59,25,13,71,Matches,ESP-LALIGA,18-19
3e4f735d,26,Vitorino Antunes,POR,"DF,MF",Getafe,31,1987,24.2,701,1198,58.5,13980,7479,278,344,80.8,291,456,63.8,118,319,37.0,3,3.1,3.1,-0.1,31,76,33,21,99,Matches,ESP-LALIGA,18-19
c93231dc,27,Anuar,MAR,"MF,FW",Valladolid,23,1995,12.0,296,400,74.0,4913,1106,127,169,75.1,134,162,82.7,20,35,57.1,0,0.1,0.1,-0.1,2,16,1,0,35,Matches,ESP-LALIGA,18-19
a230ebcc,28,Emmanuel Apeh,NGA,"FW,MF",Celta Vigo,21,1996,0.2,3,4,75.0,49,0,1,1,100.0,2,2,100.0,0,0,,0,0.0,0.0,0.0,1,1,0,0,0,Matches,ESP-LALIGA,18-19
58afe001,29,Mauro Arambarri,URU,MF,Getafe,22,1995,29.7,519,776,66.9,11338,3285,178,239,74.5,194,280,69.3,127,203,62.6,2,1.5,1.1,0.5,18,81,9,2,96,Matches,ESP-LALIGA,18-19
2b15a82a,30,Guilherme Arana,BRA,DF,Sevilla,21,1997,7.0,231,289,79.9,3514,904,140,157,89.2,77,93,82.8,13,22,59.1,0,0.0,0.1,0.0,1,3,2,1,13,Matches,ESP-LALIGA,18-19
27a013f7,31,Néstor Araujo,MEX,DF,Celta Vigo,26,1991,29.8,1291,1502,86.0,25226,8148,387,439,88.2,769,841,91.4,117,184,63.6,0,0.3,0.3,-0.3,4,57,4,2,61,Matches,ESP-LALIGA,18-19
850c0a0d,32,Anaitz Arbilla,ESP,DF,Eibar,31,1987,21.7,863,1152,74.9,20574,7115,222,266,83.5,408,478,85.4,228,380,60.0,2,1.1,1.3,0.9,4,124,5,1,109,Matches,ESP-LALIGA,18-19
fdd60087,33,Santiago Arias,COL,DF,Atlético Madrid,26,1992,19.7,787,1015,77.5,11137,4647,460,515,89.3,258,352,73.3,32,74,43.2,1,1.3,1.3,-0.3,14,47,22,7,84,Matches,ESP-LALIGA,18-19
46e07328,34,José Arnaiz,ESP,"MF,FW",Leganés,23,1995,1.3,25,32,78.1,342,31,14,19,73.7,11,12,91.7,0,0,,0,0.1,0.0,-0.1,1,0,0,0,2,Matches,ESP-LALIGA,18-19
9f0ea33f,35,Sergio Asenjo,ESP,GK,Villarreal,29,1989,32.0,544,826,65.9,19230,14913,41,41,100.0,230,236,97.5,272,541,50.3,0,0.0,0.0,0.0,0,17,0,0,1,Matches,ESP-LALIGA,18-19
45af8a54,36,Marco Asensio,ESP,FW,Real Madrid,22,1996,19.8,839,1024,81.9,12382,2878,513,566,90.6,249,306,81.4,52,81,64.2,4,5.0,5.1,-1.0,30,49,45,15,95,Matches,ESP-LALIGA,18-19
7dcf86f6,37,Iago Aspas,ESP,"FW,MF",Celta Vigo,30,1987,25.0,731,919,79.5,11112,2271,393,462,85.1,217,263,82.5,67,84,79.8,6,6.7,3.9,-0.7,57,46,27,2,89,Matches,ESP-LALIGA,18-19
253a06b9,38,Ezequiel Ávila,ARG,"FW,MF",Huesca,24,1994,22.2,296,583,50.8,5882,2026,140,226,61.9,88,173,50.9,56,115,48.7,2,3.6,2.1,-1.6,22,48,17,3,78,Matches,ESP-LALIGA,18-19
1f54ed90,39,Abdoulaye Ba,SEN,DF,Rayo Vallecano,27,1991,23.4,867,1054,82.3,17985,6935,267,285,93.7,447,498,89.8,143,245,58.4,0,0.1,0.1,-0.1,2,24,1,0,44,Matches,ESP-LALIGA,18-19
09a9e921,40,Carlos Bacca,COL,FW,Villarreal,31,1986,14.1,185,277,66.8,2610,623,117,164,71.3,43,66,65.2,13,20,65.0,1,1.6,1.1,-0.6,23,12,11,0,24,Matches,ESP-LALIGA,18-19
a58bb1e1,41,Gareth Bale,WAL,FW,Real Madrid,29,1989,19.8,567,791,71.7,9102,1919,339,393,86.3,154,237,65.0,57,97,58.8,3,2.9,2.9,0.1,18,48,22,9,62,Matches,ESP-LALIGA,18-19
1fe67e86,42,Mikel Balenziaga,ESP,DF,Athletic Club,30,1988,5.8,169,227,74.4,2440,913,97,111,87.4,59,81,72.8,5,20,25.0,0,0.7,0.6,-0.7,3,7,3,1,11,Matches,ESP-LALIGA,18-19
fa937f7a,43,Éver Banega,ARG,MF,Sevilla,30,1988,29.6,1823,2241,81.3,37173,13708,689,764,90.2,781,903,86.5,321,486,66.0,5,4.0,3.6,1.0,53,253,32,6,318,Matches,ESP-LALIGA,18-19
35f6db55,44,Léo Baptistão,BRA,"FW,MF",Espanyol,25,1992,13.7,278,388,71.6,4103,953,156,191,81.7,101,126,80.2,13,24,54.2,2,1.4,1.4,0.6,18,18,13,0,30,Matches,ESP-LALIGA,18-19
cac2537b,45,Enis Bardhi,MKD,MF,Levante,23,1995,31.5,864,1188,72.7,13783,4114,432,528,81.8,291,364,79.9,83,171,48.5,4,3.8,2.7,0.2,29,94,26,6,150,Matches,ESP-LALIGA,18-19
487d9b09,46,Antonio Barragán,ESP,"DF,FW",Betis,31,1987,10.4,527,637,82.7,7971,2800,310,343,90.4,157,190,82.6,37,62,59.7,0,0.5,0.8,-0.5,9,21,17,5,44,Matches,ESP-LALIGA,18-19
200e89e1,47,Ander Barrenetxea,ESP,"FW,MF",Real Sociedad,16,2001,4.4,82,111,73.9,1071,226,55,66,83.3,22,31,71.0,2,5,40.0,0,0.3,0.2,-0.3,7,4,3,0,9,Matches,ESP-LALIGA,18-19
b742cc0d,48,Marc Bartra,ESP,DF,Betis,27,1991,32.5,1991,2278,87.4,37979,13815,707,752,94.0,1059,1131,93.6,203,345,58.8,0,0.1,0.6,-0.1,4,125,5,0,109,Matches,ESP-LALIGA,18-19
8c44e37b,49,Borja Bastón,ESP,FW,Alavés,25,1992,16.0,197,320,61.6,2358,429,136,189,72.0,42,74,56.8,5,9,55.6,1,1.3,0.6,-0.3,8,11,4,2,16,Matches,ESP-LALIGA,18-19
2973d8ff,50,Michy Batshuayi,BEL,FW,Valencia,24,1993,5.9,101,135,74.8,1583,255,60,72,83.3,24,35,68.6,13,13,100.0,0,0.8,0.4,-0.8,10,4,4,0,8,Matches,ESP-LALIGA,18-19
debc6b55,51,Jon Bautista,ESP,FW,Real Sociedad,23,1995,6.6,84,137,61.3,1059,173,55,84,65.5,20,32,62.5,2,4,50.0,0,0.9,0.6,-0.9,4,7,0,0,6,Matches,ESP-LALIGA,18-19
d8712bf9,52,Bebé,CPV,"FW,MF",Rayo Vallecano,28,1990,14.5,304,515,59.0,5175,1195,161,206,78.2,88,148,59.5,39,99,39.4,1,3.4,2.1,-2.4,22,21,16,16,34,Matches,ESP-LALIGA,18-19
d8712bf9,53,Bebé,CPV,MF,Eibar,28,1990,0.7,22,34,64.7,347,63,13,13,100.0,7,15,46.7,1,4,25.0,0,0.1,0.1,-0.1,1,0,1,1,1,Matches,ESP-LALIGA,18-19
ed5c5fa3,54,Fran Beltrán,ESP,MF,Celta Vigo,19,1999,16.9,783,865,90.5,13504,2928,346,371,93.3,335,364,92.0,78,86,90.7,0,0.8,0.8,-0.8,10,55,6,0,67,Matches,ESP-LALIGA,18-19
942b4f90,55,Wissam Ben Yedder,FRA,FW,Sevilla,27,1990,31.2,570,795,71.7,7544,1660,372,466,79.8,134,185,72.4,26,56,46.4,9,7.4,5.5,1.6,44,48,31,3,100,Matches,ESP-LALIGA,18-19
70d74ece,56,Karim Benzema,FRA,FW,Real Madrid,30,1987,32.8,985,1213,81.2,13841,2432,630,733,85.9,243,291,83.5,66,83,79.5,6,6.0,4.5,0.0,48,84,52,4,135,Matches,ESP-LALIGA,18-19
b6e50615,57,Yuri Berchiche,ESP,"DF,FW",Athletic Club,28,1990,34.7,1384,1753,79.0,21246,7938,768,873,88.0,504,619,81.4,71,153,46.4,2,2.0,2.3,0.0,19,80,32,14,137,Matches,ESP-LALIGA,18-19
04a65a8f,58,Markel Bergara,ESP,MF,Getafe,32,1986,0.6,13,18,72.2,225,85,5,6,83.3,6,7,85.7,1,2,50.0,0,0.0,0.0,0.0,0,1,1,0,2,Matches,ESP-LALIGA,18-19
697295b1,59,Pedro Bigas,ESP,DF,Eibar,27,1990,6.5,245,300,81.7,5756,1789,49,55,89.1,130,148,87.8,62,87,71.3,1,0.3,0.2,0.7,1,24,2,0,34,Matches,ESP-LALIGA,18-19
c4dce677,60,Alejandro Blanco,ESP,"FW,MF",Alavés,19,1998,0.2,4,6,66.7,32,11,1,3,33.3,1,1,100.0,0,0,,0,0.0,0.0,0.0,0,0,0,0,0,Matches,ESP-LALIGA,18-19
967f34d3,61,Rubén Blanco,ESP,GK,Celta Vigo,23,1995,25.0,534,818,65.3,17769,13582,65,67,97.0,238,239,99.6,230,507,45.4,0,0.1,0.1,-0.1,2,11,1,0,0,Matches,ESP-LALIGA,18-19
9ab48bde,62,Pablo de Blasis,ARG,"DF,MF",Eibar,30,1988,16.9,550,803,68.5,8961,3616,287,341,84.2,181,253,71.5,55,146,37.7,0,2.4,1.7,-2.4,22,66,30,15,79,Matches,ESP-LALIGA,18-19
2e23c66b,63,Emmanuel Boateng,GHA,FW,Levante,22,1996,7.8,66,105,62.9,797,114,48,67,71.6,9,21,42.9,3,6,50.0,0,0.1,0.1,-0.1,2,5,0,0,3,Matches,ESP-LALIGA,18-19
f4ec4fd0,64,Kevin-Prince Boateng,GHA,FW,Barcelona,31,1987,2.7,46,61,75.4,563,63,32,39,82.1,8,11,72.7,2,3,66.7,0,0.1,0.1,-0.1,2,1,0,0,2,Matches,ESP-LALIGA,18-19
13b0c150,65,Daniele Bonera,ITA,DF,Villarreal,37,1981,2.6,84,93,90.3,1842,687,19,20,95.0,48,50,96.0,17,22,77.3,0,0.0,0.0,0.0,0,5,0,0,3,Matches,ESP-LALIGA,18-19
1001ae82,66,Ryad Boudebouz,ALG,"MF,FW",Celta Vigo,28,1990,8.0,301,397,75.8,4754,1412,162,177,91.5,90,122,73.8,32,59,54.2,2,2.5,2.4,-0.5,17,31,13,5,40,Matches,ESP-LALIGA,18-19
1001ae82,67,Ryad Boudebouz,ALG,"MF,FW",Betis,28,1990,6.0,282,343,82.2,4075,727,159,178,89.3,89,107,83.2,16,30,53.3,0,1.0,1.0,-1.0,10,14,7,2,43,Matches,ESP-LALIGA,18-19
b0c71810,68,Sofiane Boufal,MAR,"MF,FW",Celta Vigo,24,1993,23.2,659,872,75.6,9701,2415,382,441,86.6,188,257,73.2,48,91,52.7,3,3.6,3.8,-0.6,40,47,31,2,95,Matches,ESP-LALIGA,18-19
f6798fc3,69,Yassine Bounou,MAR,GK,Girona,27,1991,31.8,660,984,67.1,21715,15369,51,51,100.0,312,319,97.8,296,611,48.4,0,0.0,0.0,0.0,0,11,0,0,0,Matches,ESP-LALIGA,18-19
fd771f95,70,Martin Braithwaite,DEN,FW,Leganés,27,1991,15.6,176,245,71.8,2286,367,125,157,79.6,36,53,67.9,7,11,63.6,5,1.4,1.2,3.6,14,13,4,0,23,Matches,ESP-LALIGA,18-19
4accb7e0,71,Darko Brašanac,SRB,MF,Alavés,26,1992,17.6,501,637,78.6,8261,2543,236,277,85.2,202,247,81.8,41,66,62.1,1,0.4,0.4,0.6,9,52,5,1,67,Matches,ESP-LALIGA,18-19
1519a888,72,Rajko Brežančić,SRB,DF,Huesca,28,1989,0.7,15,24,62.5,279,111,8,9,88.9,6,9,66.7,1,5,20.0,0,0.0,0.0,0.0,0,1,1,0,4,Matches,ESP-LALIGA,18-19
45e304c8,73,Burgui,ESP,"MF,FW",Alavés,24,1993,6.2,164,216,75.9,2599,827,88,103,85.4,57,75,76.0,15,23,65.2,0,0.5,0.5,-0.5,12,15,7,2,28,Matches,ESP-LALIGA,18-19
5ab0ea87,74,Sergio Busquets,ESP,MF,Barcelona,30,1988,30.2,2152,2405,89.5,37276,11486,910,996,91.4,925,1006,91.9,232,273,85.0,1,1.5,1.7,-0.5,15,239,13,0,198,Matches,ESP-LALIGA,18-19
f3112790,75,Unai Bustinza,ESP,DF,Leganés,26,1992,22.5,717,1051,68.2,14328,6245,275,327,84.1,316,424,74.5,118,269,43.9,1,0.7,0.7,0.3,9,71,11,6,89,Matches,ESP-LALIGA,18-19
e7ab4179,76,Erick Cabaco,URU,DF,Levante,23,1995,18.1,514,710,72.4,10250,4914,208,236,88.1,219,281,77.9,79,171,46.2,0,0.1,0.3,-0.1,3,64,6,0,65,Matches,ESP-LALIGA,18-19
92b4a127,77,Gustavo Cabral,ARG,DF,Celta Vigo,32,1985,21.1,793,912,87.0,15514,5017,237,256,92.6,450,497,90.5,92,133,69.2,0,0.3,0.2,-0.3,5,20,2,0,44,Matches,ESP-LALIGA,18-19
69cbc8b6,78,Leandro Cabrera,URU,DF,Getafe,27,1991,31.0,556,1126,49.4,14398,7857,127,214,59.3,264,448,58.9,163,401,40.6,0,0.8,0.7,-0.8,7,92,10,5,96,Matches,ESP-LALIGA,18-19
bdef8cdb,79,Jordi Calavera,ESP,DF,Eibar,22,1995,0.0,0,0,,0,0,0,0,,0,0,,0,0,,0,0.0,0.0,0.0,0,0,0,0,0,Matches,ESP-LALIGA,18-19
41b3069f,80,Fernando Calero,ESP,DF,Valladolid,22,1995,34.8,1218,1466,83.1,23897,9547,414,450,92.0,640,715,89.5,150,262,57.3,0,0.3,0.6,-0.3,5,102,7,0,102,Matches,ESP-LALIGA,18-19
6922f806,81,Jonathan Calleri,ARG,FW,Alavés,24,1993,31.9,418,743,56.3,5955,1412,242,376,64.4,113,203,55.7,29,60,48.3,2,3.6,2.1,-1.6,31,38,20,7,76,Matches,ESP-LALIGA,18-19
1a1609ab,82,Juanjo Camacho,ESP,"MF,DF",Huesca,37,1980,0.4,12,24,50.0,103,49,9,14,64.3,1,4,25.0,0,3,0.0,0,0.2,0.2,-0.2,2,0,0,0,2,Matches,ESP-LALIGA,18-19
873619c6,83,Sergio Camello,ESP,FW,Atlético Madrid,17,2001,0.5,8,10,80.0,100,25,6,6,100.0,2,2,100.0,0,1,0.0,0,0.0,0.0,0.0,1,1,0,0,0,Matches,ESP-LALIGA,18-19
61220da2,84,José Campaña,ESP,MF,Levante,25,1993,35.7,1617,2021,80.0,27765,9200,755,863,87.5,611,722,84.6,177,302,58.6,9,5.1,5.0,3.9,58,162,26,6,215,Matches,ESP-LALIGA,18-19
a6de370d,85,Sergio Canales,ESP,MF,Betis,27,1991,29.5,1581,1898,83.3,25620,5038,787,846,93.0,585,664,88.1,133,254,52.4,2,4.8,5.5,-2.8,55,106,38,9,181,Matches,ESP-LALIGA,18-19
37f1cf47,86,Ander Capa,ESP,"DF,FW",Athletic Club,26,1992,18.2,670,930,72.0,10178,4018,368,420,87.6,231,323,71.5,44,103,42.7,0,1.0,1.2,-1.0,12,48,23,6,70,Matches,ESP-LALIGA,18-19
b92b456a,87,Marc Cardona,ESP,"FW,MF",Eibar,23,1995,6.7,121,175,69.1,1478,331,75,96,78.1,27,38,71.1,3,9,33.3,1,0.7,0.7,0.3,5,9,1,1,9,Matches,ESP-LALIGA,18-19
e1deea75,88,Daniel Carriço,POR,DF,Sevilla,29,1988,23.7,802,1009,79.5,15263,6512,312,349,89.4,372,435,85.5,103,189,54.5,1,0.3,1.4,0.7,5,57,8,1,65,Matches,ESP-LALIGA,18-19
8f898ba8,89,Guido Carrillo,ARG,FW,Leganés,27,1991,22.1,410,650,63.1,5337,935,265,373,71.0,114,175,65.1,13,30,43.3,1,1.4,1.0,-0.4,21,41,7,0,55,Matches,ESP-LALIGA,18-19
4958bfb2,90,Dani Carvajal,ESP,DF,Real Madrid,26,1992,23.4,1575,1840,85.6,25791,7946,831,911,91.2,558,631,88.4,147,197,74.6,2,3.6,2.8,-1.6,30,89,20,5,121,Matches,ESP-LALIGA,18-19
dee86451,91,William Carvalho,POR,MF,Betis,26,1992,26.5,1696,1912,88.7,28860,7849,806,876,92.0,660,717,92.1,176,223,78.9,5,1.8,2.4,3.2,18,195,24,0,199,Matches,ESP-LALIGA,18-19
4d224fe8,92,Casemiro,BRA,MF,Real Madrid,26,1992,25.7,1431,1641,87.2,26905,7567,644,712,90.4,527,574,91.8,223,281,79.4,0,0.9,0.8,-0.9,14,108,14,2,111,Matches,ESP-LALIGA,18-19
958bba56,93,Santiago Cáseres,ARG,MF,Villarreal,21,1997,17.6,784,866,90.5,15268,3775,300,322,93.2,349,374,93.3,122,145,84.1,1,1.1,0.6,-0.1,15,73,5,0,101,Matches,ESP-LALIGA,18-19
274ab13c,94,Catena,ESP,DF,Rayo Vallecano,23,1994,2.0,85,99,85.9,1653,581,25,25,100.0,45,49,91.8,10,17,58.8,0,0.0,0.0,0.0,0,3,0,0,9,Matches,ESP-LALIGA,18-19
e2e9c250,95,Santi Cazorla,ESP,"MF,FW",Villarreal,33,1984,29.4,1415,1750,80.9,26810,9060,619,675,91.7,548,635,86.3,213,357,59.7,10,6.8,6.8,3.2,71,170,51,10,255,Matches,ESP-LALIGA,18-19
c0617e2b,96,Dani Ceballos,ESP,"MF,FW",Real Madrid,21,1996,13.9,953,1037,91.9,15425,3344,520,551,94.4,346,362,95.6,74,84,88.1,0,1.2,1.2,-1.2,24,93,14,2,140,Matches,ESP-LALIGA,18-19
c4b8bcf4,97,Charles,BRA,FW,Eibar,34,1984,19.3,381,561,67.9,4743,882,241,321,75.1,91,140,65.0,11,17,64.7,1,1.4,2.1,-0.4,15,33,14,0,55,Matches,ESP-LALIGA,18-19
e98f3a6a,98,Chechu,ESP,DF,Rayo Vallecano,36,1982,1.0,47,52,90.4,1034,450,7,8,87.5,34,36,94.4,6,8,75.0,0,0.0,0.0,0.0,0,6,0,0,7,Matches,ESP-LALIGA,18-19
7f203b54,99,Chema,ESP,DF,Levante,26,1992,13.9,275,372,73.9,5585,2678,104,118,88.1,123,152,80.9,42,90,46.7,0,0.7,0.2,-0.7,3,22,1,0,31,Matches,ESP-LALIGA,18-19
0ac94a23,100,Denis Cheryshev,RUS,MF,Valencia,27,1990,19.0,447,712,62.8,7066,2163,239,319,74.9,157,250,62.8,35,87,40.2,2,7.6,5.6,-5.6,37,28,34,18,64,Matches,ESP-LALIGA,18-19
8d957256,101,Leandro Chichizola,ARG,GK,Getafe,28,1990,1.0,12,27,44.4,523,428,0,0,,3,4,75.0,9,23,39.1,0,0.0,0.0,0.0,0,0,0,0,0,Matches,ESP-LALIGA,18-19
b8a642fc,102,Samuel Chukwueze,NGA,"MF,FW",Villarreal,19,1999,19.0,377,537,70.2,6162,1562,201,246,81.7,127,170,74.7,36,56,64.3,2,1.5,1.7,0.5,22,24,20,2,55,Matches,ESP-LALIGA,18-19
04ac8285,103,Jasper Cillessen,NED,GK,Barcelona,29,1989,3.0,98,111,88.3,2379,1570,19,19,100.0,54,55,98.2,25,37,67.6,0,0.0,0.0,0.0,0,0,0,0,0,Matches,ESP-LALIGA,18-19
6d8f8441,104,Coke,ESP,DF,Levante,31,1987,20.2,696,934,74.5,11062,5019,372,440,84.5,259,327,79.2,51,108,47.2,0,1.3,1.6,-1.3,12,48,20,7,65,Matches,ESP-LALIGA,18-19
85dace26,105,Álex Collado,ESP,FW,Barcelona,19,1999,0.9,25,30,83.3,358,37,15,16,93.8,9,9,100.0,1,1,100.0,0,0.0,0.0,0.0,0,1,0,0,1,Matches,ESP-LALIGA,18-19
5ae499d0,106,Santi Comesaña,ESP,MF,Rayo Vallecano,21,1996,22.6,910,1078,84.4,16841,5054,367,426,86.2,386,437,88.3,123,150,82.0,1,0.4,0.4,0.6,13,77,6,3,99,Matches,ESP-LALIGA,18-19
8b0b02c9,107,Duje Čop,CRO,FW,Valladolid,28,1990,7.6,118,181,65.2,1475,252,79,105,75.2,25,44,56.8,5,6,83.3,0,1.4,1.1,-1.4,10,6,3,3,9,Matches,ESP-LALIGA,18-19
a6951bf8,108,Francis Coquelin,FRA,MF,Valencia,27,1991,19.6,836,974,85.8,14916,4550,380,425,89.4,314,343,91.5,105,145,72.4,1,1.3,1.0,-0.3,18,100,4,1,106,Matches,ESP-LALIGA,18-19
49ea92be,109,Iñigo Córdoba,ESP,"FW,MF",Athletic Club,21,1997,14.7,301,465,64.7,4222,1174,183,228,80.3,83,122,68.0,14,43,32.6,4,2.2,1.7,1.8,18,20,12,7,40,Matches,ESP-LALIGA,18-19
01eb744d,110,Ángel Correa,ARG,"MF,FW",Atlético Madrid,23,1995,21.3,547,753,72.6,7219,1909,323,390,82.8,149,207,72.0,22,42,52.4,2,4.6,3.5,-2.6,37,51,22,2,77,Matches,ESP-LALIGA,18-19
a190d597,111,Diego Costa,ESP,FW,Atlético Madrid,29,1988,12.4,214,310,69.0,2551,330,129,163,79.1,44,70,62.9,10,12,83.3,2,0.9,0.7,1.1,8,6,5,0,12,Matches,ESP-LALIGA,18-19
808d48f3,112,Jaume Costa,ESP,DF,Villarreal,30,1988,16.6,768,967,79.4,12964,4939,365,408,89.5,336,402,83.6,58,119,48.7,0,0.8,1.8,-0.8,8,78,19,6,95,Matches,ESP-LALIGA,18-19
545e2f01,113,David Costas,ESP,DF,Celta Vigo,23,1995,13.0,603,688,87.6,11990,3800,198,216,91.7,313,334,93.7,83,111,74.8,0,0.0,0.1,0.0,0,31,0,0,34,Matches,ESP-LALIGA,18-19
1840e36d,114,Thibaut Courtois,BEL,GK,Real Madrid,26,1992,27.0,651,841,77.4,17880,11719,77,77,100.0,390,393,99.2,184,368,50.0,0,0.0,0.0,0.0,0,1,0,0,0,Matches,ESP-LALIGA,18-19
0ef89a37,115,Philippe Coutinho,BRA,"FW,MF",Barcelona,26,1992,22.4,1241,1461,84.9,17612,3633,743,823,90.3,368,416,88.5,69,115,60.0,2,3.7,4.2,-1.7,32,99,40,1,158,Matches,ESP-LALIGA,18-19
3c05c659,116,Sebastián Cristóforo,URU,MF,Getafe,24,1993,5.0,112,149,75.2,2161,730,47,54,87.0,48,57,84.2,15,30,50.0,2,0.5,0.2,1.5,7,22,2,0,25,Matches,ESP-LALIGA,18-19
71b47ab9,117,Cucho,COL,FW,Huesca,19,1999,23.9,404,607,66.6,6293,1633,219,285,76.8,104,154,67.5,48,77,62.3,3,4.4,3.8,-1.4,32,25,34,12,47,Matches,ESP-LALIGA,18-19
1daec722,118,Marc Cucurella,ESP,"MF,FW",Eibar,20,1998,26.2,744,998,74.5,10562,2913,439,511,85.9,239,317,75.4,29,67,43.3,2,3.2,3.5,-1.2,31,44,30,13,78,Matches,ESP-LALIGA,18-19
75751c99,119,Iván Cuéllar,ESP,GK,Leganés,34,1984,33.9,599,1080,55.5,25351,21445,27,28,96.4,171,176,97.2,401,873,45.9,0,0.0,0.1,0.0,0,39,2,0,0,Matches,ESP-LALIGA,18-19
070a3904,120,Sergi Darder,ESP,MF,Espanyol,24,1993,30.1,1010,1307,77.3,17918,5586,468,535,87.5,402,494,81.4,120,200,60.0,2,3.8,3.9,-1.8,37,125,30,7,169,Matches,ESP-LALIGA,18-19
248c409d,121,Moisés Delgado,ESP,DF,Valladolid,24,1994,3.0,63,101,62.4,1052,325,33,42,78.6,25,37,67.6,5,18,27.8,0,0.1,0.1,-0.1,3,4,3,2,7,Matches,ESP-LALIGA,18-19
b19db005,122,Ousmane Dembélé,FRA,"FW,MF",Barcelona,21,1997,18.5,764,1004,76.1,11339,2356,434,510,85.1,241,321,75.1,55,93,59.1,5,4.9,4.0,0.1,45,48,44,10,80,Matches,ESP-LALIGA,18-19
549c6ba7,123,Franco Di Santo,ARG,FW,Rayo Vallecano,29,1989,1.9,23,38,60.5,317,24,13,20,65.0,8,14,57.1,1,1,100.0,0,0.0,0.0,0.0,0,0,0,0,0,Matches,ESP-LALIGA,18-19
d2110326,124,Mouctar Diakhaby,GUI,DF,Valencia,21,1996,17.6,592,700,84.6,11670,4175,200,225,88.9,305,338,90.2,79,118,66.9,0,0.0,0.1,0.0,0,24,0,0,48,Matches,ESP-LALIGA,18-19
407feb71,125,Brahim Díaz,MAR,FW,Real Madrid,18,1999,4.2,142,170,83.5,1790,399,97,106,91.5,36,46,78.3,4,6,66.7,1,1.5,0.9,-0.5,7,11,4,0,12,Matches,ESP-LALIGA,18-19
17a1299d,126,Javier Díaz,ESP,GK,Sevilla,21,1997,1.0,13,23,56.5,366,264,3,3,100.0,5,5,100.0,5,15,33.3,0,0.0,0.0,0.0,0,0,0,0,0,Matches,ESP-LALIGA,18-19
70438d35,127,Adrián Diéguez,ESP,DF,Huesca,22,1996,8.3,151,208,72.6,2766,1141,65,76,85.5,68,86,79.1,15,41,36.6,0,0.0,0.0,0.0,1,3,0,0,8,Matches,ESP-LALIGA,18-19
fc70e345,128,Stole Dimitrievski,MKD,GK,Rayo Vallecano,24,1993,21.0,417,645,64.7,13527,10691,54,55,98.2,178,184,96.7,185,401,46.1,0,0.0,0.0,0.0,0,5,1,0,0,Matches,ESP-LALIGA,18-19
7329018e,129,Papakouli Diop,SEN,MF,Eibar,32,1986,26.1,829,1146,72.3,15640,4202,318,414,76.8,411,521,78.9,89,157,56.7,1,0.7,1.0,0.3,10,127,12,2,157,Matches,ESP-LALIGA,18-19
a4971d84,130,Djené,TOG,DF,Getafe,26,1991,33.1,705,991,71.1,15319,6000,193,257,75.1,385,475,81.1,119,222,53.6,0,0.2,0.4,-0.2,5,62,8,2,81,Matches,ESP-LALIGA,18-19
ac295d9e,131,Marko Dmitrović,SRB,GK,Eibar,26,1992,24.0,367,760,48.3,15988,14024,24,25,96.0,110,111,99.1,232,622,37.3,0,0.0,0.1,0.0,0,52,0,0,0,Matches,ESP-LALIGA,18-19
c9cb972b,132,Jaume Doménech,ESP,GK,Valencia,27,1990,4.0,59,92,64.1,2118,1850,9,9,100.0,15,17,88.2,35,65,53.8,0,0.0,0.0,0.0,0,0,0,0,0,Matches,ESP-LALIGA,18-19
e208bcc8,133,Cheick Doukouré,CIV,MF,Levante,25,1992,3.5,81,110,73.6,1332,390,39,56,69.6,31,38,81.6,7,10,70.0,0,0.0,0.1,0.0,0,11,1,0,14,Matches,ESP-LALIGA,18-19
c49afee6,134,Seydou Doumbia,CIV,FW,Girona,30,1987,6.0,50,71,70.4,577,124,25,35,71.4,13,17,76.5,2,2,100.0,0,0.0,0.1,0.0,0,3,2,0,5,Matches,ESP-LALIGA,18-19
aa0ac32d,135,Óscar Duarte,CRC,"DF,MF",Espanyol,29,1989,7.3,290,334,86.8,6120,2184,80,88,90.9,164,180,91.1,40,58,69.0,0,0.1,0.2,-0.1,2,13,3,0,16,Matches,ESP-LALIGA,18-19
1fe0492d,136,Rubén Duarte,ESP,DF,Alavés,22,1995,30.8,814,1230,66.2,14285,6793,411,481,85.4,300,445,67.4,93,256,36.3,0,1.7,1.7,-1.7,25,89,22,15,105,Matches,ESP-LALIGA,18-19
37e103f8,137,Hugo Duro,ESP,"MF,FW",Getafe,18,1999,4.6,41,65,63.1,472,120,23,34,67.6,11,19,57.9,0,2,0.0,0,0.6,0.3,-0.6,2,3,1,0,5,Matches,ESP-LALIGA,18-19
525f9bf4,138,Raphael Dwamena,GHA,FW,Levante,22,1995,2.5,29,44,65.9,405,97,16,21,76.2,10,12,83.3,1,3,33.3,1,0.5,0.2,0.5,3,3,1,0,3,Matches,ESP-LALIGA,18-19
7f8fb807,139,Dennis Eckert,GER,FW,Celta Vigo,21,1997,2.4,30,43,69.8,385,52,17,21,81.0,11,14,78.6,0,0,,0,0.1,0.1,-0.1,3,0,0,0,4,Matches,ESP-LALIGA,18-19
f7dc2ae5,140,Aritz Elustondo,ESP,DF,Real Sociedad,24,1994,25.0,965,1236,78.1,17700,6583,370,422,87.7,510,611,83.5,78,159,49.1,0,0.6,0.9,-0.6,9,44,12,9,71,Matches,ESP-LALIGA,18-19
7b309e55,141,Gorka Elustondo,ESP,"MF,DF",Rayo Vallecano,31,1987,3.2,118,146,80.8,2201,727,49,57,86.0,54,61,88.5,13,17,76.5,0,0.4,0.2,-0.4,3,10,2,0,15,Matches,ESP-LALIGA,18-19
fd47b4f2,142,Rodrigo Ely,BRA,DF,Alavés,24,1993,4.8,114,160,71.3,2595,1273,35,40,87.5,51,67,76.1,27,47,57.4,0,0.1,0.0,-0.1,2,9,0,0,6,Matches,ESP-LALIGA,18-19
db8f0eba,143,Adri Embarba,ESP,"MF,FW",Rayo Vallecano,26,1992,25.4,486,823,59.1,8573,2811,218,279,78.1,168,262,64.1,69,195,35.4,6,7.4,6.8,-1.4,54,28,22,16,53,Matches,ESP-LALIGA,18-19
df8b52a5,144,Emerson,BRA,"FW,DF",Betis,19,1999,3.5,155,191,81.2,1864,692,94,107,87.9,37,46,80.4,5,7,71.4,0,0.3,0.2,-0.3,4,3,4,1,13,Matches,ESP-LALIGA,18-19
04e17fd5,145,Youssef En-Nesyri,MAR,FW,Leganés,21,1997,23.4,279,513,54.4,4228,980,167,261,64.0,73,145,50.3,24,45,53.3,2,2.3,1.5,-0.3,17,30,9,4,28,Matches,ESP-LALIGA,18-19
bb4b1242,146,Sergi Enrich,ESP,FW,Eibar,28,1990,28.7,667,941,70.9,8211,1035,430,583,73.8,141,187,75.4,25,36,69.4,4,2.7,1.5,1.3,28,28,13,0,58,Matches,ESP-LALIGA,18-19
aec0fb6f,147,Javier Eraso,ESP,"MF,FW",Leganés,28,1990,7.0,176,234,75.2,2637,501,101,122,82.8,56,67,83.6,10,25,40.0,0,1.0,0.7,-1.0,7,17,1,0,16,Matches,ESP-LALIGA,18-19
3f79a1c8,148,Gonzalo Escalante,ARG,MF,Eibar,25,1993,19.9,591,767,77.1,10225,2183,267,329,81.2,252,295,85.4,55,87,63.2,1,1.0,1.0,0.0,9,66,6,0,79,Matches,ESP-LALIGA,18-19
b0616e3d,149,Sergio Escudero,ESP,"DF,FW",Sevilla,28,1989,17.2,753,958,78.6,12000,4798,394,435,90.6,290,348,83.3,51,121,42.1,1,1.2,2.1,-0.2,11,57,26,6,107,Matches,ESP-LALIGA,18-19
4242011c,150,Bernardo Espinosa,COL,DF,Girona,29,1989,30.3,1198,1397,85.8,26059,8879,273,306,89.2,730,801,91.1,190,263,72.2,1,1.2,1.1,-0.2,9,21,3,0,49,Matches,ESP-LALIGA,18-19
b037bd4f,151,Beñat Etxebarria,ESP,MF,Athletic Club,31,1987,22.6,1026,1287,79.7,19358,5684,433,482,89.8,395,457,86.4,160,277,57.8,2,2.6,3.6,-0.6,32,117,17,2,138,Matches,ESP-LALIGA,18-19
4a895384,152,Xabier Etxeita,ESP,DF,Huesca,30,1987,29.7,666,899,74.1,13694,6134,220,253,87.0,327,404,80.9,112,213,52.6,0,0.3,0.4,-0.3,3,56,5,1,62,Matches,ESP-LALIGA,18-19
89151b16,153,Zouhair Feddal,MAR,DF,Betis,29,1989,18.9,1104,1287,85.8,21115,6943,412,450,91.6,550,603,91.2,122,199,61.3,1,1.0,0.6,0.0,7,85,7,1,87,Matches,ESP-LALIGA,18-19
a01c3d54,154,Aitor Fernández,ESP,GK,Levante,27,1991,16.0,279,461,60.5,9383,7504,31,32,96.9,109,111,98.2,138,313,44.1,0,0.3,0.0,-0.3,1,6,0,0,0,Matches,ESP-LALIGA,18-19
307fcd26,155,Andrés Fernández,ESP,GK,Villarreal,31,1986,6.0,138,192,71.9,4658,3630,7,7,100.0,65,65,100.0,66,119,55.5,0,0.0,0.0,0.0,1,0,0,0,1,Matches,ESP-LALIGA,18-19
9127f9ce,156,Borja Fernández,ESP,"MF,DF",Valladolid,37,1981,9.3,300,382,78.5,5851,1866,113,139,81.3,132,157,84.1,50,73,68.5,0,0.0,0.1,0.0,1,25,1,1,31,Matches,ESP-LALIGA,18-19
b86a64b2,157,Joaquín Fernández,ESP,"DF,MF",Valladolid,22,1996,9.3,244,312,78.2,4456,1408,93,108,86.1,122,142,85.9,24,48,50.0,0,0.0,0.1,0.0,1,13,0,0,17,Matches,ESP-LALIGA,18-19
4acd733a,158,Valery Fernández,ESP,"DF,FW",Girona,18,1999,9.9,320,404,79.2,4703,1543,192,206,93.2,100,143,69.9,19,33,57.6,1,0.7,1.2,0.3,3,11,6,4,17,Matches,ESP-LALIGA,18-19
8970907e,159,David Ferreiro,ESP,"MF,FW",Huesca,30,1988,25.3,647,1042,62.1,11351,3711,305,367,83.1,229,353,64.9,86,246,35.0,3,5.4,6.8,-2.4,51,48,44,27,72,Matches,ESP-LALIGA,18-19
b39a793e,160,Facundo Ferreyra,ARG,FW,Espanyol,27,1991,2.3,35,52,67.3,464,71,17,23,73.9,11,18,61.1,2,3,66.7,0,0.0,0.1,0.0,0,1,1,1,2,Matches,ESP-LALIGA,18-19
24f59bb2,161,Junior Firpo,DOM,"DF,FW",Betis,21,1996,21.5,914,1138,80.3,13603,3975,534,602,88.7,311,391,79.5,47,84,56.0,4,2.2,3.1,1.8,20,49,14,2,83,Matches,ESP-LALIGA,18-19
148d4105,162,Mathieu Flamini,FRA,MF,Getafe,34,1984,5.0,89,135,65.9,1427,483,40,56,71.4,36,54,66.7,6,14,42.9,0,0.0,0.1,0.0,1,8,1,0,19,Matches,ESP-LALIGA,18-19
82927de4,163,Pablo Fornals,ESP,"MF,FW",Villarreal,22,1996,27.5,897,1187,75.6,14620,4393,444,536,82.8,332,407,81.6,83,133,62.4,3,5.9,3.3,-2.9,44,106,39,3,174,Matches,ESP-LALIGA,18-19
45e17712,164,Dimitri Foulquier,FRA,"MF,DF",Getafe,25,1993,20.0,276,459,60.1,4612,1616,134,182,73.6,106,162,65.4,27,57,47.4,2,1.7,1.2,0.3,15,25,8,3,39,Matches,ESP-LALIGA,18-19
2e8fc160,165,Javi Fuego,ESP,MF,Villarreal,34,1984,2.6,106,144,73.6,1684,628,50,60,83.3,45,56,80.4,5,11,45.5,0,0.0,0.0,0.0,0,10,0,0,9,Matches,ESP-LALIGA,18-19
89cbc961,166,Ramiro Funes Mori,ARG,"DF,MF",Villarreal,27,1991,29.2,985,1222,80.6,21193,7554,290,335,86.6,494,562,87.9,187,293,63.8,1,0.5,0.6,0.5,6,71,6,1,65,Matches,ESP-LALIGA,18-19
a4b00319,167,Javi Galán,ESP,"DF,FW",Huesca,23,1994,16.0,402,631,63.7,6147,3031,229,273,83.9,135,220,61.4,28,85,32.9,2,2.4,2.1,-0.4,17,26,17,13,31,Matches,ESP-LALIGA,18-19
36d5469c,168,Álex Gallar,ESP,"MF,FW",Huesca,26,1992,11.2,326,463,70.4,5693,2070,151,189,79.9,111,150,74.0,44,76,57.9,1,2.8,2.3,-1.8,28,26,17,6,47,Matches,ESP-LALIGA,18-19
82e9b89d,169,Enric Gallego,ESP,FW,Huesca,31,1986,17.1,209,387,54.0,2578,729,132,215,61.4,50,100,50.0,6,17,35.3,1,2.1,1.3,-1.1,15,14,11,3,26,Matches,ESP-LALIGA,18-19
960fb42d,170,Álex Gálvez,ESP,DF,Rayo Vallecano,29,1989,15.7,562,699,80.4,10931,4302,197,214,92.1,283,324,87.3,66,132,50.0,0,0.5,0.3,-0.5,4,28,2,0,37,Matches,ESP-LALIGA,18-19
42276181,171,Kévin Gameiro,FRA,FW,Valencia,31,1987,17.9,332,439,75.6,4217,756,205,243,84.4,88,110,80.0,8,18,44.4,1,3.7,3.4,-2.7,25,16,17,0,36,Matches,ESP-LALIGA,18-19
baf5665c,172,Cristian Ganea,ROU,DF,Athletic Club,26,1992,0.5,10,11,90.9,213,79,4,4,100.0,4,5,80.0,2,2,100.0,0,0.0,0.0,0.0,0,2,0,0,3,Matches,ESP-LALIGA,18-19
ac3fb1be,173,Ezequiel Garay,ARG,DF,Valencia,31,1986,23.7,896,1075,83.3,18868,6953,266,293,90.8,480,529,90.7,142,235,60.4,0,0.5,0.7,-0.5,4,89,3,0,82,Matches,ESP-LALIGA,18-19
bc39454c,174,Borja Garcés,ESP,FW,Atlético Madrid,18,1999,0.2,2,4,50.0,22,9,1,1,100.0,1,1,100.0,0,0,,0,0.0,0.0,0.0,0,0,0,0,0,Matches,ESP-LALIGA,18-19
17d9e354,175,Alberto García,ESP,GK,Rayo Vallecano,33,1985,17.0,387,554,69.9,12384,9051,39,40,97.5,176,182,96.7,172,331,52.0,0,0.0,0.0,0.0,0,6,0,0,0,Matches,ESP-LALIGA,18-19
a10361d2,176,Aleix García,ESP,MF,Girona,21,1997,18.5,945,1160,81.5,16792,5006,425,467,91.0,351,417,84.2,126,205,61.5,1,2.1,2.6,-1.1,29,78,15,2,132,Matches,ESP-LALIGA,18-19
90bbd822,177,Álvaro García,ESP,"FW,MF",Rayo Vallecano,25,1992,19.6,314,507,61.9,4899,1536,171,235,72.8,84,144,58.3,36,71,50.7,2,2.9,2.8,-0.9,20,18,21,8,37,Matches,ESP-LALIGA,18-19
e7f4603c,178,Borja García,ESP,"MF,FW",Girona,27,1990,29.2,1085,1345,80.7,17344,4003,587,655,89.6,348,426,81.7,106,176,60.2,3,4.8,3.7,-1.8,36,88,40,4,148,Matches,ESP-LALIGA,18-19
240d3a0b,179,Dani García,ESP,MF,Athletic Club,28,1990,27.5,1159,1406,82.4,21646,5438,478,550,86.9,505,581,86.9,149,217,68.7,1,0.1,0.3,0.9,4,100,3,0,105,Matches,ESP-LALIGA,18-19
167c1bb0,180,Javi García,ESP,"DF,MF",Betis,31,1987,5.8,417,445,93.7,7451,2697,165,172,95.9,228,240,95.0,21,25,84.0,0,0.0,0.1,0.0,0,24,0,0,28,Matches,ESP-LALIGA,18-19
05a4465d,181,Manu García,ESP,MF,Alavés,32,1986,25.9,698,955,73.1,11470,3374,358,447,80.1,252,329,76.6,63,106,59.4,1,0.7,0.9,0.3,12,68,5,2,97,Matches,ESP-LALIGA,18-19
b418dbd4,182,Raúl García,ESP,"MF,FW",Athletic Club,32,1986,26.3,502,932,53.9,7376,2700,298,448,66.5,143,275,52.0,37,108,34.3,3,3.0,2.6,0.0,26,74,26,2,116,Matches,ESP-LALIGA,18-19
1a317a1b,183,Raúl García,ESP,DF,Leganés,29,1989,4.2,77,124,62.1,1480,784,34,39,87.2,33,52,63.5,9,23,39.1,0,0.0,0.0,0.0,0,5,0,0,9,Matches,ESP-LALIGA,18-19
1a317a1b,184,Raúl García,ESP,DF,Girona,29,1989,9.4,346,502,68.9,5573,2591,187,218,85.8,119,163,73.0,31,88,35.2,1,0.3,0.6,0.7,6,19,7,6,28,Matches,ESP-LALIGA,18-19
2bee98fd,185,Sergio García,ESP,"FW,MF",Espanyol,35,1983,16.5,317,505,62.8,5295,1751,173,231,74.9,100,152,65.8,33,72,45.8,1,2.3,2.2,-1.3,27,35,30,5,65,Matches,ESP-LALIGA,18-19
fb5d47b3,186,Mario Gaspar,ESP,DF,Villarreal,27,1990,28.9,1059,1360,77.9,16331,6738,579,658,88.0,409,509,80.4,49,137,35.8,2,2.6,2.6,-0.6,16,67,19,6,106,Matches,ESP-LALIGA,18-19
7b5ab7f2,187,Bryan Gil,ESP,"MF,FW",Sevilla,17,2001,1.9,52,78,66.7,593,158,32,39,82.1,12,21,57.1,1,5,20.0,1,0.4,0.2,0.6,2,3,2,1,7,Matches,ESP-LALIGA,18-19
1232e1dc,188,Joris Gnagnon,FRA,"DF,MF",Sevilla,21,1997,5.0,234,260,90.0,4109,1163,83,90,92.2,123,135,91.1,17,23,73.9,0,0.1,0.1,-0.1,2,28,1,0,25,Matches,ESP-LALIGA,18-19
fc4f85b1,189,Diego Godín,URU,DF,Atlético Madrid,32,1986,27.9,844,1056,79.9,16070,7223,341,391,87.2,366,430,85.1,116,194,59.8,1,0.3,0.7,0.7,3,49,2,0,60,Matches,ESP-LALIGA,18-19
9d2a3d5f,190,Ibai Gómez,ESP,FW,Athletic Club,28,1989,6.4,197,281,70.1,3098,1213,114,123,92.7,50,72,69.4,22,55,40.0,2,1.4,2.1,0.6,17,16,12,10,23,Matches,ESP-LALIGA,18-19
9d2a3d5f,191,Ibai Gómez,ESP,"MF,FW",Alavés,28,1989,16.1,390,578,67.5,6555,2231,211,248,85.1,116,170,68.2,44,105,41.9,2,2.1,2.4,-0.1,22,35,18,11,41,Matches,ESP-LALIGA,18-19
4c2e9442,192,Maxi Gómez,URU,FW,Celta Vigo,21,1996,32.9,497,694,71.6,7695,1323,269,354,76.0,148,197,75.1,44,65,67.7,5,3.0,1.8,2.0,31,46,15,3,64,Matches,ESP-LALIGA,18-19
5a626448,193,Moi Gómez,ESP,MF,Huesca,24,1994,33.9,1210,1546,78.3,22702,7355,512,581,88.1,464,565,82.1,193,314,61.5,7,4.8,4.3,2.2,51,130,29,12,180,Matches,ESP-LALIGA,18-19
bc6f5f06,194,Sergi Gómez,ESP,DF,Sevilla,26,1992,30.7,1240,1467,84.5,25728,9063,394,432,91.2,637,716,89.0,195,271,72.0,0,0.4,0.5,-0.4,5,69,4,2,94,Matches,ESP-LALIGA,18-19
b8c1de25,195,Maxime Gonalons,FRA,MF,Sevilla,29,1989,6.0,275,334,82.3,5418,1833,112,127,88.2,118,133,88.7,41,58,70.7,0,0.1,0.1,-0.1,4,23,0,0,39,Matches,ESP-LALIGA,18-19
42dcf26d,196,Álvaro González,ESP,DF,Villarreal,28,1990,32.9,1209,1528,79.1,26158,11225,362,401,90.3,629,735,85.6,209,363,57.6,2,1.2,0.7,0.8,9,124,10,5,144,Matches,ESP-LALIGA,18-19
f11fe861,197,Bruno González,ESP,DF,Getafe,28,1990,18.9,365,517,70.6,8325,2740,80,109,73.4,199,242,82.2,81,142,57.0,1,0.3,0.3,0.7,3,17,2,2,29,Matches,ESP-LALIGA,18-19
896b5df2,198,Cristo González,ESP,FW,Real Madrid,20,1997,0.5,10,11,90.9,175,63,2,2,100.0,6,6,100.0,1,1,100.0,0,0.0,0.0,0.0,1,0,1,0,1,Matches,ESP-LALIGA,18-19
6f5f82c0,199,Andoni Gorosabel,ESP,DF,Real Sociedad,21,1996,5.1,225,279,80.6,3260,1129,133,146,91.1,74,92,80.4,10,17,58.8,0,0.5,0.3,-0.5,4,8,5,2,18,Matches,ESP-LALIGA,18-19
a25250f8,200,Álex Granell,ESP,"MF,DF",Girona,29,1988,26.6,1088,1533,71.0,21139,8385,457,531,86.1,435,559,77.8,169,369,45.8,4,6.0,6.0,-2.0,50,142,37,21,182,Matches,ESP-LALIGA,18-19
1b17ed86,201,Esteban Granero,ESP,MF,Espanyol,31,1987,22.4,988,1201,82.3,17134,4971,443,494,89.7,403,459,87.8,106,183,57.9,1,1.5,2.5,-0.5,29,87,16,3,113,Matches,ESP-LALIGA,18-19
df69b544,202,Antoine Griezmann,FRA,"FW,MF",Atlético Madrid,27,1991,35.5,1123,1510,74.4,16009,4255,647,764,84.7,290,391,74.2,92,175,52.6,8,7.7,7.4,0.3,73,79,60,5,136,Matches,ESP-LALIGA,18-19
ef322658,203,Andrés Guardado,MEX,"MF,DF",Betis,31,1986,25.9,1453,1684,86.3,25347,5869,685,744,92.1,583,653,89.3,144,205,70.2,4,3.6,3.2,0.4,31,118,26,5,151,Matches,ESP-LALIGA,18-19
32974271,204,Sergi Guardiola,ESP,FW,Valladolid,27,1991,16.8,228,367,62.1,3482,698,133,183,72.7,62,90,68.9,22,40,55.0,1,2.2,1.7,-1.2,9,17,9,1,28,Matches,ESP-LALIGA,18-19
32974271,205,Sergi Guardiola,ESP,"MF,FW",Getafe,27,1991,0.3,6,14,42.9,51,13,6,8,75.0,0,1,0.0,0,2,0.0,0,0.0,0.0,0.0,0,0,0,0,0,Matches,ESP-LALIGA,18-19
e6bc67d7,206,Gonçalo Guedes,POR,"MF,FW",Valencia,21,1996,16.3,471,667,70.6,7219,2146,260,314,82.8,160,224,71.4,35,69,50.7,3,2.7,3.6,0.3,21,46,39,3,97,Matches,ESP-LALIGA,18-19
aa386464,207,Javi Guerra,ESP,"FW,MF",Rayo Vallecano,36,1982,2.6,58,76,76.3,701,97,34,39,87.2,12,17,70.6,4,6,66.7,1,0.6,0.5,0.4,3,3,0,0,5,Matches,ESP-LALIGA,18-19
59d53e8a,208,Francis Guerrero,ESP,"DF,FW",Betis,22,1996,19.8,776,997,77.8,10786,3486,482,546,88.3,227,290,78.3,35,77,45.5,1,1.4,2.1,-0.4,14,25,20,8,44,Matches,ESP-LALIGA,18-19
8e48dc61,209,Ander Guevara,ESP,MF,Real Sociedad,21,1997,1.0,42,44,95.5,748,199,16,16,100.0,18,19,94.7,5,5,100.0,0,0.0,0.1,0.0,1,7,1,1,1,Matches,ESP-LALIGA,18-19
99bebd12,210,John Guidetti,SWE,FW,Alavés,26,1992,7.0,103,156,66.0,1263,286,60,81,74.1,26,43,60.5,5,10,50.0,1,1.0,0.6,0.0,9,5,6,3,12,Matches,ESP-LALIGA,18-19
ac454a4f,211,Gerard Gumbau,ESP,MF,Leganés,23,1994,13.3,320,450,71.1,5959,1712,143,166,86.1,131,168,78.0,42,94,44.7,1,0.4,0.6,0.6,7,22,5,3,41,Matches,ESP-LALIGA,18-19
8d2ad5c0,212,Serdar Gürler,TUR,"MF,FW",Huesca,26,1991,5.4,105,170,61.8,1394,389,75,98,76.5,16,35,45.7,7,12,58.3,1,0.2,0.5,0.8,6,1,6,2,14,Matches,ESP-LALIGA,18-19
6b5ea2f4,213,Gorka Guruzeta,ESP,"MF,FW",Athletic Club,21,1996,0.6,7,9,77.8,76,22,3,4,75.0,2,2,100.0,0,0,,0,0.1,0.1,-0.1,2,0,1,0,1,Matches,ESP-LALIGA,18-19
7c689c48,214,Hacen,MTN,MF,Valladolid,20,1997,0.0,0,2,0.0,0,0,0,1,0.0,0,1,0.0,0,0,,0,0.0,0.0,0.0,0,0,0,0,0,Matches,ESP-LALIGA,18-19
8696bc90,215,Munir El Haddadi,MAR,"FW,MF",Sevilla,22,1995,11.6,243,347,70.0,3013,644,152,188,80.9,62,87,71.3,4,20,20.0,1,0.9,0.3,0.1,11,18,3,1,25,Matches,ESP-LALIGA,18-19
8696bc90,216,Munir El Haddadi,MAR,FW,Barcelona,22,1995,1.7,48,62,77.4,531,109,36,40,90.0,7,14,50.0,1,2,50.0,1,0.6,0.6,0.4,3,3,0,0,1,Matches,ESP-LALIGA,18-19
98554bfd,217,Uche Henry Agbo,NGA,MF,Rayo Vallecano,22,1995,4.1,184,202,91.1,2899,790,102,106,96.2,62,68,91.2,15,18,83.3,0,0.0,0.1,0.0,1,14,2,0,18,Matches,ESP-LALIGA,18-19
555f3a0b,218,Mario Hermoso,ESP,DF,Espanyol,23,1995,31.2,1355,1625,83.4,29066,10469,424,465,91.2,669,760,88.0,245,353,69.4,0,0.4,0.9,-0.4,5,72,2,0,84,Matches,ESP-LALIGA,18-19
c3ee18ef,219,Lucas Hernández,FRA,DF,Atlético Madrid,22,1996,12.4,448,557,80.4,7150,2600,221,246,89.8,173,205,84.4,32,67,47.8,0,0.8,0.7,-0.8,3,24,7,3,36,Matches,ESP-LALIGA,18-19
d4c9725f,220,Theo Hernández,FRA,DF,Real Sociedad,20,1997,22.0,937,1167,80.3,13917,4109,541,606,89.3,333,398,83.7,38,88,43.2,2,1.8,1.7,0.2,18,44,17,8,72,Matches,ESP-LALIGA,18-19
5083a734,221,Yangel Herrera,VEN,"MF,DF",Huesca,20,1998,12.8,352,474,74.3,5257,1964,204,247,82.6,106,138,76.8,25,55,45.5,0,0.2,0.3,-0.2,4,40,5,0,46,Matches,ESP-LALIGA,18-19
9109185e,222,Iago Herrerín,ESP,GK,Athletic Club,30,1988,31.0,552,983,56.2,24212,21210,33,34,97.1,139,142,97.9,379,798,47.5,1,0.5,0.2,0.5,2,44,2,0,0,Matches,ESP-LALIGA,18-19
ba5a9545,223,Pablo Hervías,ESP,MF,Valladolid,25,1993,1.8,49,65,75.4,849,165,15,18,83.3,22,30,73.3,7,10,70.0,0,0.3,0.2,-0.3,2,4,1,1,3,Matches,ESP-LALIGA,18-19
ba5a9545,224,Pablo Hervías,ESP,MF,Eibar,25,1993,2.0,45,80,56.3,659,186,27,33,81.8,10,16,62.5,5,23,21.7,1,0.3,0.3,0.7,6,2,1,1,1,Matches,ESP-LALIGA,18-19
2ef16f06,225,Andrew Hjulsager,DEN,"MF,FW",Celta Vigo,23,1995,4.0,95,137,69.3,1510,617,51,60,85.0,32,43,74.4,8,22,36.4,3,1.7,0.8,1.3,6,8,6,4,13,Matches,ESP-LALIGA,18-19
875898c7,226,Wesley Hoedt,NED,DF,Celta Vigo,24,1994,9.9,417,497,83.9,9067,3222,117,132,88.6,230,246,93.5,66,99,66.7,0,0.4,0.1,-0.4,5,24,1,0,32,Matches,ESP-LALIGA,18-19
c7429db3,227,Robert Ibáñez,ESP,MF,Getafe,25,1993,0.8,17,19,89.5,194,26,12,13,92.3,4,4,100.0,0,1,0.0,0,0.0,0.0,0.0,0,1,0,0,0,Matches,ESP-LALIGA,18-19
ad1ffcfd,228,Vicente Iborra,ESP,MF,Villarreal,30,1988,18.5,637,796,80.0,10504,2790,325,391,83.1,228,277,82.3,63,79,79.7,1,0.9,1.0,0.1,7,63,4,0,69,Matches,ESP-LALIGA,18-19
75645f0e,229,Borja Iglesias,ESP,FW,Espanyol,25,1993,34.2,477,688,69.3,6574,925,294,385,76.4,129,181,71.3,24,39,61.5,3,4.1,2.5,-1.1,42,24,11,1,31,Matches,ESP-LALIGA,18-19
5ce0b5ba,230,Asier Illarramendi,ESP,MF,Real Sociedad,28,1990,20.2,1060,1267,83.7,19327,6015,429,480,89.4,483,548,88.1,120,180,66.7,1,1.4,1.6,-0.4,11,117,10,0,144,Matches,ESP-LALIGA,18-19
b86fe156,231,Giannelli Imbula,COD,MF,Rayo Vallecano,25,1992,19.2,654,732,89.3,11027,3016,337,358,94.1,239,257,93.0,59,83,71.1,1,0.9,1.1,0.1,22,71,15,2,114,Matches,ESP-LALIGA,18-19
4b5e7e90,232,Pablo Insua,ESP,DF,Huesca,24,1993,8.6,192,246,78.0,4187,1458,42,58,72.4,114,132,86.4,32,48,66.7,0,0.1,0.2,-0.1,1,9,0,0,15,Matches,ESP-LALIGA,18-19
61bd33d0,233,Takashi Inui,JPN,"MF,FW",Alavés,30,1988,9.2,187,261,71.6,2778,688,102,121,84.3,69,97,71.1,11,26,42.3,0,0.6,0.6,-0.6,4,16,7,2,20,Matches,ESP-LALIGA,18-19
61bd33d0,234,Takashi Inui,JPN,MF,Betis,30,1988,4.2,105,131,80.2,1453,286,63,71,88.7,27,31,87.1,8,11,72.7,0,0.1,0.2,-0.1,3,4,5,2,10,Matches,ESP-LALIGA,18-19
26f2473f,235,Gorka Iraizoz,ESP,GK,Girona,37,1981,6.2,156,231,67.5,5094,3857,10,10,100.0,67,70,95.7,79,151,52.3,0,0.0,0.0,0.0,0,3,0,0,0,Matches,ESP-LALIGA,18-19
3e5a168c,236,Carlos Isaac,ESP,DF,Atlético Madrid,20,1998,1.0,44,54,81.5,577,113,30,32,93.8,10,16,62.5,2,3,66.7,0,0.0,0.0,0.0,1,2,0,0,1,Matches,ESP-LALIGA,18-19
a0b4bb3e,237,Isco,ESP,"MF,FW",Real Madrid,26,1992,13.2,834,982,84.9,12886,3190,487,523,93.1,262,306,85.6,59,90,65.6,2,2.8,2.0,-0.8,26,92,22,2,119,Matches,ESP-LALIGA,18-19
000b3da6,238,Manuel Iturra,CHI,MF,Villarreal,34,1984,0.8,45,54,83.3,849,262,20,22,90.9,21,24,87.5,4,6,66.7,0,0.0,0.0,0.0,0,5,0,0,8,Matches,ESP-LALIGA,18-19
6dce77a5,239,Ander Iturraspe,ESP,MF,Athletic Club,29,1989,1.1,71,80,88.8,1190,385,30,33,90.9,36,40,90.0,2,4,50.0,0,0.0,0.0,0.0,0,5,0,0,5,Matches,ESP-LALIGA,18-19
d2fa73e7,240,Ivi,ESP,"MF,FW",Valladolid,24,1994,0.2,10,15,66.7,109,19,8,10,80.0,2,2,100.0,0,2,0.0,0,0.0,0.0,0.0,0,0,0,0,0,Matches,ESP-LALIGA,18-19
4737cebe,241,Adnan Januzaj,BEL,"FW,MF",Real Sociedad,23,1995,13.9,369,557,66.2,6946,2270,191,214,89.3,91,134,67.9,68,153,44.4,3,3.0,3.4,0.0,30,30,33,12,54,Matches,ESP-LALIGA,18-19
9038c2a1,242,Jason,ESP,"DF,FW",Levante,24,1994,25.9,559,837,66.8,8956,3477,280,342,81.9,191,269,71.0,51,126,40.5,5,4.8,2.5,0.2,30,51,22,9,75,Matches,ESP-LALIGA,18-19
0f134faf,243,Mathias Jensen,DEN,"MF,FW",Celta Vigo,22,1996,2.6,61,81,75.3,803,185,44,52,84.6,14,19,73.7,2,8,25.0,0,0.1,0.2,-0.1,1,4,1,0,7,Matches,ESP-LALIGA,18-19
4a537185,244,Jesé,ESP,"FW,MF",Betis,25,1993,8.7,146,196,74.5,1980,267,90,119,75.6,37,44,84.1,7,10,70.0,0,0.7,0.5,-0.7,7,8,6,0,15,Matches,ESP-LALIGA,18-19
4c5b14d2,245,Joaquín,ESP,"FW,MF",Betis,37,1981,18.8,779,976,79.8,11616,2962,441,493,89.5,249,305,81.6,48,97,49.5,0,3.5,4.1,-3.5,45,43,40,14,85,Matches,ESP-LALIGA,18-19
244f57b9,246,Jony,ESP,"MF,FW",Alavés,27,1991,33.0,657,1192,55.1,13032,5515,283,373,75.9,215,342,62.9,140,387,36.2,11,9.6,7.7,1.4,85,49,60,40,76,Matches,ESP-LALIGA,18-19
2a0c8ba4,247,Joan Jordán,ESP,MF,Eibar,24,1994,31.9,1473,1875,78.6,30052,7182,563,649,86.7,587,704,83.4,282,420,67.1,4,5.0,5.9,-1.0,68,165,31,11,184,Matches,ESP-LALIGA,18-19
d87e2cae,248,Willian José,BRA,FW,Real Sociedad,26,1991,26.3,569,775,73.4,9810,1574,294,357,82.4,167,223,74.9,80,117,68.4,5,3.7,3.2,1.3,36,35,21,2,60,Matches,ESP-LALIGA,18-19
129dd8e7,249,Aleksandar Jovanović,SRB,GK,Huesca,25,1992,12.0,158,334,47.3,6179,5269,15,16,93.8,48,50,96.0,95,266,35.7,0,0.0,0.1,0.0,0,12,1,0,0,Matches,ESP-LALIGA,18-19
9b337c7c,250,Jozabed,ESP,MF,Celta Vigo,27,1991,12.8,597,716,83.4,11619,3291,232,264,87.9,251,279,90.0,101,134,75.4,0,0.8,0.3,-0.8,8,77,2,0,71,Matches,ESP-LALIGA,18-19
d83f09ff,251,Miguel Juan Llambrich,ESP,"DF,FW",Villarreal,22,1996,6.0,169,236,71.6,2828,1112,81,97,83.5,78,97,80.4,8,32,25.0,0,0.2,0.3,-0.2,3,9,5,3,15,Matches,ESP-LALIGA,18-19
9ba48d64,252,Juanfran,ESP,"DF,FW",Leganés,29,1988,16.2,433,660,65.6,7734,3605,222,252,88.1,141,228,61.8,64,145,44.1,1,1.9,2.6,-0.9,23,40,31,24,56,Matches,ESP-LALIGA,18-19
cfd8d664,253,Juanfran,ESP,DF,Atlético Madrid,33,1985,17.9,774,973,79.5,10659,3909,497,550,90.4,200,266,75.2,43,79,54.4,2,3.5,3.1,-1.5,20,41,20,9,57,Matches,ESP-LALIGA,18-19
84399660,254,Juanmi,ESP,"FW,MF",Real Sociedad,25,1993,16.9,295,373,79.1,4083,716,182,212,85.8,81,102,79.4,13,21,61.9,2,1.5,1.1,0.5,10,12,8,1,21,Matches,ESP-LALIGA,18-19
1633fc8a,255,Juanpe,ESP,DF,Girona,27,1991,30.7,1277,1579,80.9,26167,10792,385,434,88.7,708,798,88.7,176,309,57.0,0,0.2,0.3,-0.2,5,63,3,0,91,Matches,ESP-LALIGA,18-19
d79afcfc,256,Juanpi,VEN,"MF,FW",Huesca,24,1994,7.4,169,235,71.9,2681,808,84,100,84.0,52,73,71.2,18,38,47.4,2,0.5,0.6,1.5,8,22,6,2,20,Matches,ESP-LALIGA,18-19
de7d40d6,257,David Juncà,ESP,DF,Celta Vigo,24,1993,19.5,831,1053,78.9,13505,4946,424,468,90.6,322,401,80.3,61,133,45.9,3,0.9,1.1,2.1,16,46,22,9,64,Matches,ESP-LALIGA,18-19
7111d552,258,Vinicius Júnior,BRA,"FW,MF",Real Madrid,18,2000,9.7,224,309,72.5,3257,586,147,180,81.7,62,88,70.5,11,17,64.7,0,1.5,1.4,-1.5,15,5,13,5,17,Matches,ESP-LALIGA,18-19
5b1bf5e3,259,Gaël Kakuta,COD,"MF,FW",Rayo Vallecano,27,1991,8.0,188,277,67.9,2796,985,115,143,80.4,54,85,63.5,11,32,34.4,0,0.2,0.7,-0.2,5,26,6,2,28,Matches,ESP-LALIGA,18-19
d4931a5a,260,Nikola Kalinić,CRO,FW,Atlético Madrid,30,1988,7.1,61,108,56.5,635,97,44,71,62.0,4,12,33.3,1,1,100.0,0,0.2,0.3,-0.2,3,2,3,0,4,Matches,ESP-LALIGA,18-19
8455ad90,261,Lee Kang-in,KOR,"MF,FW",Valencia,17,2001,0.3,12,19,63.2,192,56,6,7,85.7,4,7,57.1,1,3,33.3,0,0.0,0.1,0.0,1,2,1,1,2,Matches,ESP-LALIGA,18-19
d717630e,262,Wilfrid Kaptoum,CMR,MF,Betis,22,1996,8.6,279,326,85.6,3879,832,167,180,92.8,89,101,88.1,9,16,56.3,0,0.1,0.2,-0.1,2,21,1,0,22,Matches,ESP-LALIGA,18-19
1512328c,263,Keko,ESP,"MF,FW",Valladolid,26,1991,17.0,340,537,63.3,5919,1561,179,230,77.8,103,148,69.6,40,98,40.8,1,1.6,1.8,-0.6,13,24,18,15,33,Matches,ESP-LALIGA,18-19
e897d8ba,264,Kiké,ESP,FW,Eibar,28,1989,14.4,278,407,68.3,3470,615,169,214,79.0,67,105,63.8,13,27,48.1,0,1.8,1.9,-1.8,14,19,8,1,27,Matches,ESP-LALIGA,18-19
8b8a56ce,265,Simon Kjær,DEN,DF,Sevilla,29,1989,22.3,777,910,85.4,15448,6439,261,276,94.6,403,435,92.6,100,172,58.1,0,0.5,0.7,-0.5,6,40,6,0,51,Matches,ESP-LALIGA,18-19
e82d2807,266,Kenan Kodro,BIH,"FW,MF",Athletic Club,24,1993,1.8,37,47,78.7,426,50,22,25,88.0,6,9,66.7,1,1,100.0,0,0.1,0.0,-0.1,2,1,0,0,0,Matches,ESP-LALIGA,18-19
55126f3b,267,Koke,ESP,MF,Atlético Madrid,26,1992,28.7,1715,2081,82.4,25958,7698,915,982,93.2,517,617,83.8,153,296,51.7,5,4.8,6.1,0.2,61,154,26,4,174,Matches,ESP-LALIGA,18-19
cce181df,268,Geoffrey Kondogbia,CTA,MF,Valencia,25,1993,13.8,628,746,84.2,12446,3392,248,284,87.3,264,293,90.1,101,132,76.5,1,0.9,0.7,0.1,6,81,6,0,87,Matches,ESP-LALIGA,18-19
29e48848,269,Vasyl Kravets,UKR,"DF,FW",Leganés,20,1997,5.3,160,228,70.2,2700,921,83,96,86.5,62,85,72.9,13,37,35.1,0,0.9,0.6,-0.9,6,7,6,4,17,Matches,ESP-LALIGA,18-19
6ce1f46f,270,Toni Kroos,GER,MF,Real Madrid,28,1990,24.7,1980,2229,88.8,37939,10912,887,931,95.3,726,789,92.0,330,432,76.4,4,5.3,4.6,-1.3,64,231,15,2,269,Matches,ESP-LALIGA,18-19
b7c99b9b,271,Víctor Laguardia,ESP,DF,Alavés,28,1989,36.0,896,1279,70.1,20270,9717,251,312,80.4,456,554,82.3,182,382,47.6,2,1.0,1.6,1.0,6,90,5,0,92,Matches,ESP-LALIGA,18-19
bf12926c,272,Diego Lainez,MEX,"FW,MF",Betis,18,2000,3.9,109,131,83.2,1203,206,68,70,97.1,22,28,78.6,1,6,16.7,1,0.4,0.4,0.6,7,8,2,0,8,Matches,ESP-LALIGA,18-19
8e088e04,273,Toni Lato,ESP,DF,Valencia,20,1997,3.0,140,175,80.0,2301,954,72,80,90.0,54,64,84.4,12,23,52.2,0,0.0,0.1,0.0,1,10,2,0,14,Matches,ESP-LALIGA,18-19
ad6295d4,274,Miguel Layún,MEX,"MF,DF",Villarreal,30,1988,5.6,193,279,69.2,3340,1015,100,118,84.7,63,87,72.4,24,60,40.0,1,0.9,1.2,0.1,11,19,5,5,18,Matches,ESP-LALIGA,18-19
9a64e67e,275,Robin Le Normand,ESP,DF,Real Sociedad,21,1996,3.2,194,221,87.8,4060,1176,47,49,95.9,111,120,92.5,30,41,73.2,1,0.9,0.5,0.1,2,8,1,0,12,Matches,ESP-LALIGA,18-19
e3fabb0a,276,Wu Lei,CHN,"FW,MF",Espanyol,26,1991,11.8,151,212,71.2,1757,465,102,124,82.3,27,40,67.5,5,10,50.0,1,1.5,1.2,-0.5,10,8,15,3,23,Matches,ESP-LALIGA,18-19
59b7d823,277,Iñigo Lekue,ESP,DF,Athletic Club,25,1993,2.3,90,118,76.3,1454,644,47,53,88.7,33,42,78.6,7,16,43.8,0,0.1,0.1,-0.1,2,5,0,0,5,Matches,ESP-LALIGA,18-19
4dbd0916,278,Thomas Lemar,FRA,MF,Atlético Madrid,22,1995,20.2,825,1020,80.9,11702,3077,486,540,90.0,220,275,80.0,55,99,55.6,3,3.3,3.2,-0.3,38,61,28,5,84,Matches,ESP-LALIGA,18-19
4f28a6ff,279,Clément Lenglet,FRA,DF,Barcelona,23,1995,21.5,1024,1147,89.3,19010,7938,407,422,96.4,481,516,93.2,120,172,69.8,0,0.0,0.1,0.0,0,34,0,0,49,Matches,ESP-LALIGA,18-19
d66b9872,280,Pedro León,ESP,"MF,FW",Eibar,31,1986,4.7,84,166,50.6,1471,566,42,62,67.7,27,50,54.0,13,36,36.1,0,0.3,0.6,-0.3,5,10,5,5,11,Matches,ESP-LALIGA,18-19
0a0cc13c,281,Sergio León,ESP,"FW,MF",Betis,29,1989,7.1,79,104,76.0,1047,109,47,54,87.0,22,28,78.6,3,6,50.0,1,0.6,0.7,0.4,6,1,1,1,3,Matches,ESP-LALIGA,18-19
bba30585,282,Diego Llorente,ESP,DF,Real Sociedad,24,1993,19.5,935,1110,84.2,20043,6276,240,267,89.9,552,605,91.2,141,215,65.6,0,0.1,0.4,-0.1,2,51,3,1,58,Matches,ESP-LALIGA,18-19
02c15616,283,Marcos Llorente,ESP,MF,Real Madrid,23,1995,6.0,350,379,92.3,7106,1489,128,139,92.1,161,164,98.2,59,64,92.2,0,0.2,0.2,-0.2,4,23,0,0,18,Matches,ESP-LALIGA,18-19
d7553721,284,Giovani Lo Celso,ARG,"MF,FW",Betis,22,1996,26.6,1194,1461,81.7,18078,4211,632,713,88.6,425,487,87.3,66,106,62.3,4,4.0,3.8,0.0,27,119,40,1,175,Matches,ESP-LALIGA,18-19
e1cbb531,285,Stanislav Lobotka,SVK,MF,Celta Vigo,23,1994,27.7,1257,1418,88.6,20195,5158,648,712,91.0,473,511,92.6,100,128,78.1,1,0.9,1.3,0.1,18,89,12,2,118,Matches,ESP-LALIGA,18-19
1163de29,286,Samuele Longo,ITA,FW,Huesca,26,1992,6.2,52,83,62.7,637,179,33,45,73.3,11,22,50.0,2,4,50.0,2,1.7,0.2,0.3,6,4,1,0,7,Matches,ESP-LALIGA,18-19
f1887f53,287,Álex López,ESP,MF,Espanyol,21,1997,1.2,69,77,89.6,1293,236,26,28,92.9,30,33,90.9,11,12,91.7,0,0.0,0.1,0.0,0,6,1,1,9,Matches,ESP-LALIGA,18-19
f03f284b,288,David López,ESP,DF,Espanyol,28,1989,20.2,1070,1213,88.2,21115,8037,360,402,89.6,549,589,93.2,147,201,73.1,0,0.3,0.4,-0.3,5,72,6,1,81,Matches,ESP-LALIGA,18-19
73683fa9,289,Diego López,ESP,GK,Espanyol,36,1981,38.0,835,1205,69.3,25991,19055,94,94,100.0,403,411,98.1,336,694,48.4,0,0.0,0.1,0.0,1,17,0,0,1,Matches,ESP-LALIGA,18-19
ffad706e,290,Javi López,ESP,DF,Espanyol,32,1986,21.6,848,1112,76.3,13724,4920,427,473,90.3,355,455,78.0,53,121,43.8,1,0.9,1.4,0.1,17,63,21,7,86,Matches,ESP-LALIGA,18-19
a685f013,291,Lluis López,ESP,DF,Espanyol,21,1997,5.8,198,245,80.8,3747,1582,74,86,86.0,97,113,85.8,23,41,56.1,0,0.0,0.3,0.0,0,12,0,0,18,Matches,ESP-LALIGA,18-19
a60823a4,292,Pedro López Muñoz,ESP,DF,Levante,34,1983,5.2,191,234,81.6,3151,1259,102,108,94.4,67,81,82.7,18,34,52.9,1,0.5,0.6,0.5,5,14,7,4,22,Matches,ESP-LALIGA,18-19
20b9f052,293,Pau López,ESP,GK,Betis,23,1994,33.0,1015,1248,81.3,24142,16870,234,236,99.2,537,548,98.0,243,457,53.2,0,0.0,0.0,0.0,0,5,1,0,1,Matches,ESP-LALIGA,18-19
2a8c9f98,294,Roberto López,ESP,MF,Real Sociedad,18,2000,0.3,1,3,33.3,6,0,1,1,100.0,0,2,0.0,0,0,,0,0.0,0.0,0.0,0,0,0,0,0,Matches,ESP-LALIGA,18-19
88050721,295,Unai López,ESP,MF,Athletic Club,22,1995,3.6,218,257,84.8,4080,911,93,101,92.1,94,102,92.2,26,42,61.9,0,0.4,0.5,-0.4,2,24,4,1,31,Matches,ESP-LALIGA,18-19
38699c72,296,Anthony Lozano,HON,"FW,MF",Girona,25,1993,8.1,122,190,64.2,1500,374,76,99,76.8,27,44,61.4,5,19,26.3,0,0.4,0.4,-0.4,4,7,4,0,11,Matches,ESP-LALIGA,18-19
e4ed2628,297,Filipe Luís,BRA,DF,Atlético Madrid,32,1985,22.6,1254,1537,81.6,18297,6454,720,776,92.8,406,500,81.2,68,160,42.5,2,1.1,1.9,0.9,15,95,25,7,110,Matches,ESP-LALIGA,18-19
b05e2dbd,298,José Luis Gayà,ESP,DF,Valencia,23,1995,34.9,1437,1816,79.1,23651,8165,735,817,90.0,567,694,81.7,114,217,52.5,1,2.3,3.1,-1.3,25,127,36,15,158,Matches,ESP-LALIGA,18-19
4a478107,299,José Luis Morales,ESP,"FW,MF",Levante,31,1987,35.5,528,799,66.1,7840,2236,312,378,82.5,142,204,69.6,44,101,43.6,5,6.0,3.5,-1.0,44,35,45,7,87,Matches,ESP-LALIGA,18-19
a7f00c8c,300,Luisinho,POR,DF,Huesca,33,1985,5.6,206,246,83.7,3264,1059,111,116,95.7,82,98,83.7,10,24,41.7,0,0.7,0.1,-0.7,3,12,4,2,16,Matches,ESP-LALIGA,18-19
6f7d826d,301,Douglas Luiz,BRA,MF,Girona,20,1998,16.6,619,746,83.0,12097,3567,246,274,89.8,260,301,86.4,99,143,69.2,0,0.5,0.7,-0.5,10,66,7,1,90,Matches,ESP-LALIGA,18-19
ed239245,302,Antonio Luna,ESP,"DF,FW",Levante,27,1991,14.0,462,651,71.0,7490,2889,236,264,89.4,190,264,72.0,27,92,29.3,2,1.8,1.1,0.2,10,32,19,8,48,Matches,ESP-LALIGA,18-19
3061e1ec,303,Andriy Lunin,UKR,GK,Leganés,19,1999,4.1,82,124,66.1,3059,2362,6,7,85.7,28,28,100.0,48,89,53.9,0,0.0,0.0,0.0,0,2,0,0,0,Matches,ESP-LALIGA,18-19
00b28772,304,Nemanja Maksimović,SRB,MF,Getafe,23,1995,35.7,581,779,74.6,8549,2302,290,365,79.5,190,248,76.6,39,72,54.2,0,0.5,0.6,-0.5,12,47,7,0,83,Matches,ESP-LALIGA,18-19
6853490f,305,Malcom,BRA,"FW,MF",Barcelona,21,1997,6.8,274,329,83.3,3602,634,188,201,93.5,71,98,72.4,6,10,60.0,2,1.7,1.2,0.3,13,9,5,1,18,Matches,ESP-LALIGA,18-19
cb574619,306,Hugo Mallo,ESP,DF,Celta Vigo,27,1991,34.4,1426,1997,71.4,22809,8871,750,846,88.7,513,713,71.9,116,307,37.8,4,4.7,4.7,-0.7,31,94,39,19,136,Matches,ESP-LALIGA,18-19
fbd6378b,307,Aïssa Mandi,ALG,DF,Betis,26,1991,34.0,2407,2616,92.0,42318,15490,1064,1127,94.4,1072,1143,93.8,215,256,84.0,1,1.5,1.9,-0.5,16,182,10,3,172,Matches,ESP-LALIGA,18-19
4ffb647d,308,Martín Mantovani,ARG,DF,Huesca,34,1984,7.8,180,226,79.6,3128,1247,80,86,93.0,81,104,77.9,14,25,56.0,0,0.0,0.0,0.0,0,3,0,0,10,Matches,ESP-LALIGA,18-19
bbfaeda4,309,Fran Manzanara,ESP,"DF,MF",Levante,21,1996,1.7,60,68,88.2,1036,276,26,30,86.7,28,30,93.3,4,5,80.0,0,0.0,0.0,0.0,0,0,0,0,3,Matches,ESP-LALIGA,18-19
603116a7,310,Marcelo,BRA,DF,Real Madrid,30,1988,20.6,1267,1560,81.2,19926,7061,722,786,91.9,408,489,83.4,101,201,50.2,2,3.1,2.8,-1.1,33,120,48,12,183,Matches,ESP-LALIGA,18-19
9f323c71,311,Óscar de Marcos,ESP,"DF,FW",Athletic Club,29,1989,26.9,1029,1349,76.3,15936,5713,547,631,86.7,382,484,78.9,60,133,45.1,2,3.3,4.2,-1.3,26,72,34,18,107,Matches,ESP-LALIGA,18-19
d70a3661,312,Miguel Marí,ESP,MF,Eibar,21,1997,0.8,36,40,90.0,647,106,18,19,94.7,11,13,84.6,7,7,100.0,0,0.0,0.0,0.0,0,6,0,0,3,Matches,ESP-LALIGA,18-19
f0da930c,313,José María Giménez,URU,DF,Atlético Madrid,23,1995,19.7,585,734,79.7,12538,4916,191,211,90.5,266,305,87.2,121,200,60.5,0,0.5,0.5,-0.5,3,36,2,0,29,Matches,ESP-LALIGA,18-19
5c4dc0ff,314,Mariano,DOM,FW,Real Madrid,24,1993,5.0,69,92,75.0,969,162,49,61,80.3,16,22,72.7,2,2,100.0,0,1.0,0.8,-1.0,5,7,2,0,9,Matches,ESP-LALIGA,18-19
b7f2edff,315,Adrián Marín,ESP,"DF,MF",Alavés,21,1997,3.2,77,116,66.4,1121,693,43,44,97.7,27,47,57.4,4,18,22.2,0,0.0,0.0,0.0,0,6,0,0,8,Matches,ESP-LALIGA,18-19
d9764034,316,Guillermo Maripán,CHI,DF,Alavés,24,1994,22.3,533,709,75.2,12091,5470,150,182,82.4,256,293,87.4,121,209,57.9,2,1.0,0.4,1.0,3,31,1,0,48,Matches,ESP-LALIGA,18-19
0ae4e09a,317,Roger Martí,ESP,FW,Levante,27,1991,21.0,243,367,66.2,3411,602,125,158,79.1,64,103,62.1,19,34,55.9,0,1.0,0.7,-1.0,16,15,5,1,30,Matches,ESP-LALIGA,18-19
3fc45c73,318,Iñigo Martínez,ESP,DF,Athletic Club,27,1991,32.2,1138,1472,77.3,25411,9410,366,410,89.3,531,614,86.5,230,411,56.0,0,0.6,1.1,-0.6,7,95,10,2,116,Matches,ESP-LALIGA,18-19
3ef0fa48,319,Gelson Martins,POR,"FW,MF",Atlético Madrid,23,1995,2.5,49,67,73.1,608,190,37,44,84.1,7,8,87.5,3,6,50.0,0,0.1,0.1,-0.1,2,3,2,0,4,Matches,ESP-LALIGA,18-19
8fae77ea,320,Jordi Masip,ESP,GK,Valladolid,29,1989,35.0,602,1158,52.0,22388,19028,45,45,100.0,232,236,98.3,324,866,37.4,0,0.0,0.0,0.0,1,15,0,0,0,Matches,ESP-LALIGA,18-19
02319ad7,321,Jaime Mata,ESP,"FW,MF",Getafe,29,1988,27.0,413,708,58.3,6275,1324,227,337,67.4,126,197,64.0,32,71,45.1,6,2.5,2.2,3.5,19,32,14,3,47,Matches,ESP-LALIGA,18-19
64e8ed6d,322,Borja Mayoral,ESP,FW,Levante,21,1997,18.0,318,398,79.9,4447,883,178,209,85.2,95,109,87.2,17,24,70.8,2,3.1,1.7,-1.1,20,21,11,2,38,Matches,ESP-LALIGA,18-19
30672832,323,Róbert Mazáň,SVK,DF,Celta Vigo,24,1994,1.0,44,54,81.5,674,225,27,30,90.0,15,17,88.2,2,6,33.3,0,0.1,0.0,-0.1,2,1,1,0,2,Matches,ESP-LALIGA,18-19
31223bcf,324,Álvaro Medrán,ESP,MF,Rayo Vallecano,24,1994,12.8,623,789,79.0,11239,3692,278,312,89.1,227,264,86.0,85,152,55.9,0,1.6,1.4,-1.6,29,74,6,1,81,Matches,ESP-LALIGA,18-19
379652be,325,Óscar Melendo,ESP,"MF,FW",Espanyol,20,1997,22.2,746,889,83.9,11225,2730,389,435,89.4,266,304,87.5,52,73,71.2,5,4.0,3.0,1.0,34,63,40,3,126,Matches,ESP-LALIGA,18-19
3902e91b,326,Gonzalo Melero,ESP,MF,Huesca,24,1994,14.9,619,723,85.6,9552,2630,331,370,89.5,208,240,86.7,47,59,79.7,1,1.9,0.9,-0.9,22,67,7,0,95,Matches,ESP-LALIGA,18-19
48b3dd60,327,Arthur Melo,BRA,MF,Barcelona,21,1996,15.9,1200,1292,92.9,19847,4831,581,612,94.9,468,496,94.4,107,119,89.9,1,1.1,1.3,-0.1,14,138,6,0,120,Matches,ESP-LALIGA,18-19
c9e39d91,328,Brais Méndez,ESP,"MF,FW",Celta Vigo,21,1997,26.1,919,1249,73.6,14272,4225,477,546,87.4,300,393,76.3,79,182,43.4,7,4.1,4.7,2.9,45,73,25,5,112,Matches,ESP-LALIGA,18-19
bf97c188,329,Gabriel Mercado,ARG,DF,Sevilla,31,1987,19.3,640,785,81.5,11445,4330,265,291,91.1,308,346,89.0,52,111,46.8,1,0.4,0.2,0.6,2,50,4,1,52,Matches,ESP-LALIGA,18-19
d080ed5e,330,Mikel Merino,ESP,MF,Real Sociedad,22,1996,22.8,873,1110,78.6,15160,4570,403,479,84.1,349,426,81.9,94,143,65.7,3,2.4,2.7,0.6,13,111,17,4,142,Matches,ESP-LALIGA,18-19
1d5f96d9,331,Sabin Merino,ESP,"FW,MF",Leganés,26,1992,3.3,67,90,74.4,832,174,48,57,84.2,14,22,63.6,3,5,60.0,0,0.1,0.3,-0.1,2,6,3,0,6,Matches,ESP-LALIGA,18-19
ddd5348b,332,Martín Merquelanz,ESP,MF,Real Sociedad,23,1995,0.1,0,0,,0,0,0,0,,0,0,,0,0,,0,0.0,0.0,0.0,0,0,0,0,0,Matches,ESP-LALIGA,18-19
7c4243d4,333,Roque Mesa,ESP,MF,Sevilla,29,1989,19.4,817,961,85.0,13287,3520,434,468,92.7,274,307,89.3,76,112,67.9,2,1.7,2.1,0.3,19,76,25,11,98,Matches,ESP-LALIGA,18-19
d70ce98e,334,Lionel Messi,ARG,FW,Barcelona,31,1987,30.1,1504,1936,77.7,24346,8451,839,948,88.5,453,598,75.8,155,242,64.0,13,14.4,14.0,-1.4,89,200,140,2,328,Matches,ESP-LALIGA,18-19
418f8f61,335,Míchel,ESP,MF,Valladolid,30,1988,28.4,1395,1752,79.6,27266,7715,561,637,88.1,565,662,85.3,227,361,62.9,2,4.2,3.2,-2.2,53,145,13,5,214,Matches,ESP-LALIGA,18-19
6763373d,336,Miguel,ESP,FW,Valladolid,18,1999,0.1,4,6,66.7,39,2,4,5,80.0,0,0,,0,0,,0,0.0,0.0,0.0,0,0,0,0,0,Matches,ESP-LALIGA,18-19
335039a2,337,Pere Milla,ESP,"MF,FW",Eibar,25,1992,3.8,71,135,52.6,1037,307,42,57,73.7,22,40,55.0,2,17,11.8,0,0.2,0.4,-0.2,3,4,6,3,7,Matches,ESP-LALIGA,18-19
0b90bb97,338,Santi Mina,ESP,FW,Valencia,22,1995,20.6,343,479,71.6,5097,815,194,246,78.9,101,137,73.7,24,34,70.6,5,3.9,3.1,1.1,16,21,11,3,34,Matches,ESP-LALIGA,18-19
174f09a6,339,Ignasi Miquel,ESP,DF,Getafe,25,1992,3.5,51,92,55.4,1184,600,11,14,78.6,29,42,69.0,11,35,31.4,0,0.0,0.2,0.0,0,7,2,1,6,Matches,ESP-LALIGA,18-19
7f4c7c9f,340,Jorge Miramón,ESP,DF,Huesca,29,1989,27.7,981,1339,73.3,17740,8549,452,518,87.3,377,506,74.5,123,229,53.7,0,1.9,1.9,-1.9,26,78,38,21,118,Matches,ESP-LALIGA,18-19
6025fab1,341,Luka Modrić,CRO,MF,Real Madrid,32,1985,29.0,1714,1986,86.3,30564,8774,832,899,92.5,611,682,89.6,224,292,76.7,6,3.8,3.7,2.2,54,223,40,6,295,Matches,ESP-LALIGA,18-19
608f2092,342,Johan Mojica,COL,"FW,MF",Girona,25,1992,0.2,6,9,66.7,141,57,4,5,80.0,0,1,0.0,2,3,66.7,0,0.0,0.0,0.0,0,1,0,0,1,Matches,ESP-LALIGA,18-19
43f71e77,343,Jorge Molina,ESP,FW,Getafe,36,1982,29.4,495,765,64.7,6897,1899,307,410,74.9,134,204,65.7,28,42,66.7,5,6.6,3.8,-1.6,44,41,31,2,84,Matches,ESP-LALIGA,18-19
23fffc06,344,Victor Mollejo,ESP,"FW,DF",Atlético Madrid,17,2001,0.7,19,24,79.2,156,19,16,16,100.0,1,4,25.0,0,0,,0,0.0,0.0,0.0,1,0,0,0,0,Matches,ESP-LALIGA,18-19
3e96f3e7,345,Francisco Montero,ESP,DF,Atlético Madrid,19,1999,4.5,121,166,72.9,2161,872,48,52,92.3,57,72,79.2,10,34,29.4,0,0.0,0.0,0.0,0,5,1,0,6,Matches,ESP-LALIGA,18-19
0c3f7197,346,Emre Mor,TUR,"FW,MF",Celta Vigo,21,1997,4.1,65,89,73.0,1009,255,25,32,78.1,23,31,74.2,6,8,75.0,0,0.1,0.1,-0.1,2,7,2,0,13,Matches,ESP-LALIGA,18-19
129af0db,347,Álvaro Morata,ESP,FW,Atlético Madrid,25,1992,12.0,152,266,57.1,1704,232,98,153,64.1,29,58,50.0,2,8,25.0,1,0.7,0.5,0.3,5,8,5,0,12,Matches,ESP-LALIGA,18-19
16e9d0ea,348,Álex Moreno,ESP,DF,Rayo Vallecano,25,1993,34.8,1152,1536,75.0,16661,5751,702,806,87.1,341,458,74.5,56,141,39.7,1,2.6,2.9,-1.6,31,70,35,11,117,Matches,ESP-LALIGA,18-19
81f0781e,349,Gerard Moreno,ESP,FW,Villarreal,26,1992,25.7,539,771,69.9,9186,1990,272,356,76.4,185,255,72.5,65,88,73.9,1,3.9,2.6,-2.9,38,47,20,4,88,Matches,ESP-LALIGA,18-19
5d311e8d,350,Héctor Moreno,MEX,DF,Real Sociedad,30,1988,21.5,1037,1221,84.9,20185,7557,347,369,94.0,566,615,92.0,110,196,56.1,0,0.5,0.6,-0.5,4,65,2,0,94,Matches,ESP-LALIGA,18-19
014b57f5,351,Sergio Moreno,ESP,FW,Rayo Vallecano,19,1999,0.2,2,2,100.0,35,0,1,1,100.0,1,1,100.0,0,0,,0,0.0,0.0,0.0,0,0,0,0,0,Matches,ESP-LALIGA,18-19
a0255c67,352,Manu Morlanes,ESP,MF,Villarreal,19,1999,6.8,269,324,83.0,4694,1401,124,144,86.1,110,128,85.9,27,33,81.8,3,1.7,0.5,1.3,9,41,7,0,52,Matches,ESP-LALIGA,18-19
3aa4a3be,353,Loren Morón,ESP,FW,Betis,24,1993,21.7,259,355,73.0,3182,581,159,190,83.7,70,96,72.9,6,14,42.9,0,1.2,0.6,-1.2,11,13,7,0,26,Matches,ESP-LALIGA,18-19
9e098912,354,Toni Moya,ESP,DF,Atlético Madrid,20,1998,1.0,45,49,91.8,867,323,18,18,100.0,21,22,95.5,5,8,62.5,0,0.0,0.0,0.0,0,3,0,0,3,Matches,ESP-LALIGA,18-19
933e8c8a,355,Javi Moyano,ESP,DF,Valladolid,32,1986,23.3,706,969,72.9,12180,5100,336,382,88.0,302,396,76.3,58,146,39.7,0,0.3,0.6,-0.3,10,48,9,2,69,Matches,ESP-LALIGA,18-19
c05dfb74,356,Iker Muniain,ESP,"MF,FW",Athletic Club,25,1992,26.5,1042,1250,83.4,15973,3974,551,617,89.3,361,418,86.4,76,115,66.1,3,3.3,3.5,-0.3,29,121,36,4,179,Matches,ESP-LALIGA,18-19
4db76f57,357,Marc Muniesa,ESP,"DF,MF",Girona,26,1992,15.6,687,866,79.3,12414,5269,282,315,89.5,314,373,84.2,73,133,54.9,0,0.5,1.1,-0.5,6,50,12,5,62,Matches,ESP-LALIGA,18-19
228b0d9d,358,Aihen Muñoz,ESP,DF,Real Sociedad,20,1997,10.6,381,528,72.2,5921,2320,206,240,85.8,136,194,70.1,28,59,47.5,0,0.3,0.4,-0.3,7,17,10,7,24,Matches,ESP-LALIGA,18-19
e4b8c5b6,359,Ezequiel Muñoz,ARG,DF,Leganés,27,1990,2.3,95,116,81.9,2036,558,24,27,88.9,52,58,89.7,19,31,61.3,0,0.0,0.0,0.0,0,3,0,0,4,Matches,ESP-LALIGA,18-19
e9fbcc21,360,Joaquín Muñoz,ESP,FW,Atlético Madrid,19,1999,0.0,0,1,0.0,0,0,0,0,,0,1,0.0,0,0,,0,0.0,0.0,0.0,0,0,0,0,0,Matches,ESP-LALIGA,18-19
eb2fe5b6,361,Luis Muriel,COL,"MF,FW",Sevilla,27,1991,1.4,36,47,76.6,481,107,25,29,86.2,7,9,77.8,2,3,66.7,1,0.1,0.1,0.9,3,4,0,0,4,Matches,ESP-LALIGA,18-19
b233e8e4,362,Jeison Murillo,COL,DF,Valencia,26,1992,1.0,16,17,94.1,318,191,2,3,66.7,12,12,100.0,1,1,100.0,0,0.0,0.0,0.0,0,1,0,0,1,Matches,ESP-LALIGA,18-19
b233e8e4,363,Jeison Murillo,COL,DF,Barcelona,26,1992,1.3,116,126,92.1,2557,884,30,30,100.0,64,68,94.1,20,24,83.3,0,0.0,0.0,0.0,0,11,0,0,13,Matches,ESP-LALIGA,18-19
74e0a984,364,Damián Musto,ARG,"MF,DF",Huesca,31,1987,18.7,626,785,79.7,11162,3517,279,337,82.8,237,273,86.8,75,118,63.6,0,0.3,0.2,-0.3,8,64,2,0,73,Matches,ESP-LALIGA,18-19
e29d1111,365,Nacho,ESP,DF,Valladolid,29,1989,35.0,1274,1841,69.2,22285,9036,590,673,87.7,537,700,76.7,124,354,35.0,3,3.7,3.3,-0.7,42,94,44,18,151,Matches,ESP-LALIGA,18-19
2946f9a1,366,Nacho,ESP,DF,Real Madrid,28,1990,18.9,922,1043,88.4,15840,5295,411,449,91.5,419,459,91.3,72,100,72.0,1,0.8,0.5,0.2,6,49,5,2,53,Matches,ESP-LALIGA,18-19
a2609621,367,Naldo,BRA,DF,Espanyol,29,1988,15.1,489,605,80.8,9729,3951,162,187,86.6,249,280,88.9,71,118,60.2,1,0.3,0.1,0.7,2,17,1,0,21,Matches,ESP-LALIGA,18-19
8db394aa,368,Ximo Navarro,ESP,DF,Alavés,28,1990,28.1,763,996,76.6,14090,5699,313,363,86.2,345,418,82.5,91,166,54.8,2,1.5,1.5,0.5,10,49,13,13,68,Matches,ESP-LALIGA,18-19
3f10bd22,369,Jesús Navas,ESP,"DF,FW",Sevilla,32,1985,30.1,1366,1868,73.1,23681,7928,685,786,87.2,513,682,75.2,143,271,52.8,5,6.2,8.1,-1.2,41,109,78,32,184,Matches,ESP-LALIGA,18-19
ecada4fc,370,Keylor Navas,CRC,GK,Real Madrid,31,1986,10.0,240,300,80.0,6672,4356,21,21,100.0,145,146,99.3,74,133,55.6,0,0.0,0.0,0.0,0,2,0,0,0,Matches,ESP-LALIGA,18-19
ad178594,371,Raúl Navas,ESP,DF,Real Sociedad,30,1988,14.6,750,873,85.9,15651,5266,195,212,92.0,451,488,92.4,98,152,64.5,0,0.3,0.3,-0.3,6,42,3,2,45,Matches,ESP-LALIGA,18-19
a9dc785c,372,Neto,BRA,GK,Valencia,29,1989,34.0,490,849,57.7,16756,14227,50,50,100.0,206,211,97.6,230,584,39.4,0,0.1,0.0,-0.1,1,9,0,0,1,Matches,ESP-LALIGA,18-19
c14bc029,373,Saúl Ñíguez,ESP,"MF,DF",Atlético Madrid,23,1994,32.5,1232,1619,76.1,18291,5554,679,774,87.7,417,556,75.0,71,140,50.7,1,1.3,2.1,-0.3,15,110,19,4,120,Matches,ESP-LALIGA,18-19
857cb4f3,374,Peru Nolaskoain,ESP,DF,Athletic Club,19,1998,5.2,239,277,86.3,4466,1846,83,96,86.5,123,133,92.5,27,35,77.1,0,0.1,0.1,-0.1,1,19,2,0,24,Matches,ESP-LALIGA,18-19
b2d0ec1b,375,Nolito,ESP,"FW,DF",Sevilla,31,1986,0.8,19,31,61.3,357,64,8,13,61.5,8,11,72.7,3,4,75.0,0,0.0,0.0,0.0,0,0,0,0,2,Matches,ESP-LALIGA,18-19
be170419,376,Unai Núñez,ESP,DF,Athletic Club,21,1997,11.8,469,541,86.7,9733,3530,149,161,92.5,248,268,92.5,68,98,69.4,0,0.5,0.2,-0.5,3,22,0,0,39,Matches,ESP-LALIGA,18-19
97572117,377,Allan Nyom,CMR,"DF,FW",Leganés,30,1988,19.0,471,639,73.7,7197,2977,272,300,90.7,150,207,72.5,38,88,43.2,1,2.2,2.5,-1.2,26,31,31,26,46,Matches,ESP-LALIGA,18-19
ee8508c0,378,Jan Oblak,SVN,GK,Atlético Madrid,25,1993,37.0,476,864,55.1,17872,15366,55,56,98.2,163,168,97.0,258,637,40.5,0,0.0,0.0,0.0,0,12,0,0,0,Matches,ESP-LALIGA,18-19
1d1691ad,379,Álvaro Odriozola,ESP,DF,Real Madrid,22,1995,13.1,648,762,85.0,8974,2717,419,456,91.9,192,227,84.6,25,36,69.4,2,3.2,2.4,-1.2,17,25,14,7,38,Matches,ESP-LALIGA,18-19
375a669e,380,Dani Ojeda,ESP,"MF,DF",Leganés,23,1994,2.1,47,68,69.1,782,173,27,35,77.1,16,25,64.0,4,5,80.0,0,0.1,0.2,-0.1,2,2,2,2,3,Matches,ESP-LALIGA,18-19
4cee5954,381,Lucas Olaza,URU,DF,Celta Vigo,24,1994,10.0,356,487,73.1,5690,2575,184,198,92.9,129,176,73.3,29,81,35.8,2,0.6,0.5,1.4,7,24,12,8,18,Matches,ESP-LALIGA,18-19
b5bdf144,382,Oier Olazábal,ESP,GK,Levante,28,1989,21.0,355,580,61.2,12351,9967,27,28,96.4,139,143,97.2,189,404,46.8,0,0.1,0.0,-0.1,1,6,0,0,0,Matches,ESP-LALIGA,18-19
72b07a9c,383,Kiko Olivas,ESP,DF,Valladolid,29,1988,34.4,1195,1359,87.9,22635,7140,443,484,91.5,598,639,93.6,135,200,67.5,0,0.2,1.0,-0.2,4,59,2,0,75,Matches,ESP-LALIGA,18-19
a8fbae1d,384,Paulo Oliveira,POR,DF,Eibar,26,1992,24.9,698,1020,68.4,16807,6155,129,170,75.9,394,488,80.7,165,323,51.1,0,0.1,0.2,-0.1,1,65,1,0,83,Matches,ESP-LALIGA,18-19
41c12f75,385,Mathías Olivera,URU,"DF,MF",Getafe,20,1997,11.2,221,397,55.7,3099,1683,141,197,71.6,61,117,52.1,11,49,22.4,1,0.9,0.9,0.1,7,19,6,3,36,Matches,ESP-LALIGA,18-19
0f0aa5b4,386,Kenneth Omeruo,NGA,DF,Leganés,24,1993,27.0,779,979,79.6,16929,6196,220,247,89.1,395,451,87.6,155,252,61.5,0,0.1,0.2,-0.1,2,45,3,1,56,Matches,ESP-LALIGA,18-19
c90977db,387,Fabián Orellana,CHI,"MF,FW",Eibar,32,1986,30.4,957,1303,73.4,14832,3086,518,646,80.2,319,400,79.8,75,124,60.5,5,5.4,5.4,-0.4,48,65,51,12,134,Matches,ESP-LALIGA,18-19
8c3c640c,388,Mikel Oyarzabal,ESP,"FW,MF",Real Sociedad,21,1997,35.0,720,1013,71.1,10783,2678,421,506,83.2,217,300,72.3,51,97,52.6,2,5.0,3.5,-3.0,45,53,21,5,109,Matches,ESP-LALIGA,18-19
97852360,389,Fernando Pacheco,ESP,GK,Alavés,26,1992,35.0,587,1048,56.0,23015,19770,52,53,98.1,163,166,98.2,372,824,45.1,0,0.1,0.1,-0.1,3,11,0,0,0,Matches,ESP-LALIGA,18-19
2306bfde,390,Rubén Pardo,ESP,"MF,FW",Real Sociedad,25,1992,15.2,701,901,77.8,13160,4065,298,330,90.3,272,319,85.3,104,198,52.5,2,3.2,2.9,-1.2,38,90,18,6,96,Matches,ESP-LALIGA,18-19
7460ca0d,391,Daniel Parejo,ESP,MF,Valencia,29,1989,34.0,1973,2421,81.5,38483,14887,790,874,90.4,812,936,86.8,325,499,65.1,7,7.8,7.7,-0.8,81,254,36,7,292,Matches,ESP-LALIGA,18-19
529f49ab,392,Thomas Partey,GHA,MF,Atlético Madrid,25,1993,23.0,1133,1381,82.0,19019,6337,570,646,88.2,396,458,86.5,126,195,64.6,4,1.3,2.1,2.7,19,121,19,1,147,Matches,ESP-LALIGA,18-19
b7ca5c51,393,Gabriel Paulista,BRA,DF,Valencia,27,1990,29.1,1127,1300,86.7,23545,9286,350,380,92.1,587,649,90.4,180,246,73.2,1,0.2,0.3,0.8,5,57,2,0,56,Matches,ESP-LALIGA,18-19
63f04c6c,394,Alfonso Pedraza,ESP,"DF,FW",Villarreal,22,1996,23.3,701,974,72.0,10800,4005,393,465,84.5,258,343,75.2,37,83,44.6,3,3.9,2.8,-0.9,25,43,30,13,74,Matches,ESP-LALIGA,18-19
112521d1,395,Adrià Pedrosa,ESP,DF,Espanyol,20,1998,8.5,246,314,78.3,3968,1167,128,142,90.1,93,119,78.2,18,38,47.4,0,1.0,1.0,-1.0,8,13,9,3,19,Matches,ESP-LALIGA,18-19
1f079188,396,Rubén Peña,ESP,DF,Eibar,27,1991,29.7,1308,1954,66.9,24359,12434,561,682,82.3,539,736,73.2,179,408,43.9,2,4.4,5.1,-2.4,44,169,68,44,211,Matches,ESP-LALIGA,18-19
a8f21b9f,397,Carles Pérez,ESP,FW,Barcelona,20,1998,0.2,6,7,85.7,86,14,3,4,75.0,3,3,100.0,0,0,,0,0.0,0.0,0.0,0,0,1,0,1,Matches,ESP-LALIGA,18-19
e1cea3f7,398,Hernán Pérez,PAR,"FW,MF",Espanyol,29,1989,8.8,171,270,63.3,2737,822,97,127,76.4,56,91,61.5,13,28,46.4,2,2.0,1.3,0.0,14,13,15,5,28,Matches,ESP-LALIGA,18-19
3c7bc9bd,399,Rubén Pérez,ESP,MF,Leganés,29,1989,27.5,1081,1362,79.4,21600,6870,436,504,86.5,451,542,83.2,183,261,70.1,0,1.2,1.1,-1.2,14,137,4,1,140,Matches,ESP-LALIGA,18-19
48e89655,400,Pablo Piatti,ARG,"FW,MF",Espanyol,29,1989,8.3,185,282,65.6,2775,801,105,126,83.3,62,92,67.4,12,36,33.3,0,1.4,1.0,-1.4,13,12,12,3,28,Matches,ESP-LALIGA,18-19
32c0491f,401,Cristiano Piccini,ITA,DF,Valencia,25,1992,20.8,779,1013,76.9,12997,4576,396,443,89.4,308,394,78.2,60,127,47.2,0,0.2,1.3,-0.2,5,53,19,9,75,Matches,ESP-LALIGA,18-19
e54bd0a2,402,Tomás Pina Isla,ESP,MF,Alavés,30,1987,26.0,876,1066,82.2,14800,5302,407,481,84.6,376,423,88.9,71,99,71.7,0,1.2,1.0,-1.2,22,102,8,1,132,Matches,ESP-LALIGA,18-19
adfc9123,403,Gerard Piqué,ESP,DF,Barcelona,31,1987,35.0,2196,2407,91.2,42386,14988,781,844,92.5,1154,1215,95.0,242,307,78.8,2,1.4,0.9,0.6,6,143,2,0,127,Matches,ESP-LALIGA,18-19
72b92c4e,404,Carles Planas,ESP,DF,Girona,27,1991,4.7,162,230,70.4,2560,865,87,103,84.5,60,80,75.0,11,36,30.6,1,0.3,0.2,0.7,2,7,5,2,13,Matches,ESP-LALIGA,18-19
7c388b20,405,Óscar Plano,ESP,"MF,FW",Valladolid,27,1991,29.9,609,841,72.4,9641,2452,334,396,84.3,199,264,75.4,54,110,49.1,4,3.8,3.0,0.2,31,57,20,3,96,Matches,ESP-LALIGA,18-19
f4b7f2ec,406,Stiven Plaza,ECU,"FW,MF",Valladolid,19,1999,0.4,4,6,66.7,38,5,3,4,75.0,1,1,100.0,0,0,,0,0.0,0.0,0.0,0,0,0,0,0,Matches,ESP-LALIGA,18-19
29b61deb,407,Pere Pons,ESP,MF,Girona,25,1993,31.0,932,1199,77.7,15015,4308,464,563,82.4,363,446,81.4,68,107,63.6,2,2.0,1.2,0.0,17,86,11,2,117,Matches,ESP-LALIGA,18-19
27d0a506,408,Pedro Porro,ESP,DF,Girona,18,1999,24.6,837,1246,67.2,14762,5366,397,474,83.8,328,467,70.2,92,206,44.7,4,2.9,3.3,1.1,25,71,34,20,109,Matches,ESP-LALIGA,18-19
8e010ff4,409,Francisco Portillo,ESP,MF,Getafe,28,1990,22.2,594,813,73.1,8877,3297,327,397,82.4,188,254,74.0,42,69,60.9,4,2.5,2.7,1.5,23,60,39,6,134,Matches,ESP-LALIGA,18-19
1bda5842,410,Portu,ESP,"FW,MF",Girona,26,1992,31.3,480,701,68.5,6769,1838,280,348,80.5,149,222,67.1,22,50,44.0,2,4.2,4.7,-2.2,33,38,35,13,85,Matches,ESP-LALIGA,18-19
474ecac8,411,Sergio Postigo,ESP,DF,Levante,29,1988,16.1,384,497,77.3,8211,3877,115,129,89.1,198,228,86.8,64,121,52.9,1,0.7,0.5,0.3,4,47,4,0,44,Matches,ESP-LALIGA,18-19
fc8b614b,412,José Pozo,ESP,MF,Rayo Vallecano,22,1996,18.0,600,745,80.5,8758,2414,326,366,89.1,214,254,84.3,23,57,40.4,0,1.9,2.0,-1.9,30,74,27,2,119,Matches,ESP-LALIGA,18-19
51c30111,413,Sanjin Prcić,BIH,MF,Levante,24,1993,5.9,235,288,81.6,4167,1226,101,118,85.6,100,117,85.5,27,41,65.9,0,0.0,0.2,0.0,1,32,1,1,37,Matches,ESP-LALIGA,18-19
b182a240,414,Quincy Promes,NED,"FW,DF",Sevilla,26,1992,17.6,711,936,76.0,10848,3716,415,480,86.5,229,322,71.1,49,79,62.0,3,4.5,4.1,-1.5,29,50,31,9,80,Matches,ESP-LALIGA,18-19
2683eda7,415,Javi Puado,ESP,"FW,MF",Espanyol,20,1998,4.0,64,93,68.8,778,148,51,60,85.0,9,21,42.9,2,4,50.0,0,0.5,0.2,-0.5,4,4,3,1,5,Matches,ESP-LALIGA,18-19
f090a37a,416,Riqui Puig,ESP,MF,Barcelona,18,1999,1.7,106,116,91.4,1562,227,67,72,93.1,34,35,97.1,4,6,66.7,0,0.7,0.2,-0.7,2,13,2,0,16,Matches,ESP-LALIGA,18-19
978cd030,417,Jorge Pulido,ESP,DF,Huesca,27,1991,30.9,788,1069,73.7,14787,5946,300,352,85.2,383,475,80.6,87,191,45.5,3,0.7,1.0,2.3,12,49,8,4,74,Matches,ESP-LALIGA,18-19
84fb6aff,418,Xavi Quintillà,ESP,DF,Villarreal,21,1996,7.0,291,379,76.8,4220,1782,168,189,88.9,102,137,74.5,13,33,39.4,0,0.3,0.4,-0.3,5,17,3,3,24,Matches,ESP-LALIGA,18-19
ea6a7ab4,419,Dani Raba,ESP,"MF,FW",Villarreal,22,1995,2.1,76,103,73.8,1337,189,39,44,88.6,21,28,75.0,13,19,68.4,1,0.8,0.8,0.2,5,2,1,0,7,Matches,ESP-LALIGA,18-19
0c2ac3cb,420,Rafinha,BRA,"FW,MF",Barcelona,25,1993,2.5,131,148,88.5,1967,275,76,81,93.8,46,54,85.2,6,8,75.0,0,0.1,0.2,-0.1,2,9,0,0,5,Matches,ESP-LALIGA,18-19
89f951b5,421,Ivan Rakitić,CRO,MF,Barcelona,30,1988,29.4,2344,2595,90.3,40268,10616,1075,1136,94.6,938,1019,92.1,235,290,81.0,5,2.0,3.3,3.0,16,285,27,3,263,Matches,ESP-LALIGA,18-19
be3a0121,422,Jonás Ramalho,ESP,DF,Girona,25,1993,18.0,651,804,81.0,11952,4500,248,273,90.8,338,376,89.9,56,116,48.3,0,0.1,0.6,-0.1,2,28,7,2,50,Matches,ESP-LALIGA,18-19
833fb62e,423,Sandro Ramírez,ESP,"FW,MF",Real Sociedad,23,1995,11.7,280,389,72.0,4134,986,150,179,83.8,100,130,76.9,13,35,37.1,0,1.2,1.7,-1.2,18,22,13,3,40,Matches,ESP-LALIGA,18-19
d2be40f2,424,Iván Ramis,ESP,DF,Eibar,33,1984,18.6,644,819,78.6,15431,5193,142,176,80.7,334,382,87.4,162,237,68.4,0,0.1,0.1,-0.1,1,50,0,0,75,Matches,ESP-LALIGA,18-19
44e07fac,425,Chris Ramos,ESP,FW,Valladolid,21,1997,0.7,3,10,30.0,31,19,2,6,33.3,1,3,33.3,0,0,,0,0.0,0.0,0.0,0,1,0,0,1,Matches,ESP-LALIGA,18-19
08511d65,426,Sergio Ramos,ESP,DF,Real Madrid,32,1986,27.5,1777,1938,91.7,36291,15282,630,664,94.9,839,884,94.9,292,356,82.0,1,0.6,0.6,0.4,8,152,4,0,135,Matches,ESP-LALIGA,18-19
54073b28,427,Recio,ESP,MF,Leganés,27,1991,14.3,552,662,83.4,9204,2550,279,319,87.5,206,233,88.4,53,72,73.6,0,0.3,0.4,-0.3,7,47,5,1,65,Matches,ESP-LALIGA,18-19
3353737a,428,Sergio Reguilón,ESP,DF,Real Madrid,21,1996,12.4,644,780,82.6,9705,3178,405,434,93.3,181,222,81.5,44,84,52.4,2,1.8,2.0,0.2,17,58,8,3,77,Matches,ESP-LALIGA,18-19
d4f46475,429,Diego Reyes,MEX,DF,Leganés,25,1992,3.6,151,187,80.7,2991,1256,52,61,85.2,82,95,86.3,16,27,59.3,0,0.1,0.2,-0.1,1,16,2,0,17,Matches,ESP-LALIGA,18-19
def69cd0,430,Mikel Rico,ESP,MF,Athletic Club,33,1984,2.7,76,98,77.6,1090,370,45,48,93.8,21,33,63.6,5,7,71.4,0,0.0,0.1,0.0,1,6,2,0,9,Matches,ESP-LALIGA,18-19
581c5276,431,Asier Riesgo,ESP,GK,Eibar,34,1983,14.0,221,392,56.4,9294,8228,19,20,95.0,54,59,91.5,148,309,47.9,0,0.0,0.1,0.0,0,25,0,0,0,Matches,ESP-LALIGA,18-19
8ef81d2d,432,Cristian Rivera,ESP,MF,Huesca,21,1997,18.8,546,696,78.4,9633,2737,243,286,85.0,222,260,85.4,61,90,67.8,0,0.6,0.7,-0.6,12,43,6,1,72,Matches,ESP-LALIGA,18-19
c00097d2,433,Rober,ESP,DF,Levante,23,1995,31.7,898,1106,81.2,17657,7066,339,394,86.0,392,443,88.5,148,221,67.0,0,0.7,0.3,-0.7,8,50,5,1,86,Matches,ESP-LALIGA,18-19
335fa267,434,Sergi Roberto,ESP,"DF,MF",Barcelona,26,1992,23.2,1599,1783,89.7,22577,5553,952,1019,93.4,524,574,91.3,62,87,71.3,7,3.6,3.4,3.4,29,73,29,5,104,Matches,ESP-LALIGA,18-19
59d93937,435,Patrick Roberts,ENG,"MF,FW",Girona,21,1997,6.7,150,188,79.8,2175,536,77,96,80.2,54,65,83.1,9,12,75.0,0,0.3,0.9,-0.3,8,10,8,0,26,Matches,ESP-LALIGA,18-19
cda0b317,436,Joel Robles,ESP,GK,Betis,28,1990,5.0,147,187,78.6,3745,2755,33,33,100.0,71,73,97.3,43,79,54.4,0,0.0,0.0,0.0,0,2,0,0,0,Matches,ESP-LALIGA,18-19
da27e268,437,Marc Roca,ESP,MF,Espanyol,21,1996,34.6,1702,1965,86.6,32538,10561,680,766,88.8,749,832,90.0,241,299,80.6,2,3.6,2.9,-1.6,23,196,21,0,259,Matches,ESP-LALIGA,18-19
ecd8c01e,438,Rubén Rochina,ESP,MF,Levante,27,1991,20.0,707,1039,68.0,13464,4800,326,386,84.5,214,304,70.4,136,269,50.6,5,5.2,4.4,-0.2,30,103,26,5,128,Matches,ESP-LALIGA,18-19
6434f10d,439,Rodri,ESP,MF,Atlético Madrid,22,1996,30.4,1756,1933,90.8,29871,8377,816,877,93.0,695,755,92.1,177,211,83.9,1,1.4,1.2,-0.4,17,163,8,0,152,Matches,ESP-LALIGA,18-19
1fb1c435,440,Rodrigo,ESP,FW,Valencia,27,1991,28.1,625,875,71.4,9351,2139,352,437,80.5,173,247,70.0,48,79,60.8,6,4.3,4.0,1.7,30,54,32,2,111,Matches,ESP-LALIGA,18-19
f1bed920,441,Kévin Rodrigues,POR,DF,Real Sociedad,24,1994,5.4,180,239,75.3,2853,1331,94,112,83.9,67,86,77.9,14,26,53.8,0,0.3,0.3,-0.3,6,9,4,3,18,Matches,ESP-LALIGA,18-19
8cfc2f69,442,Ángel Rodríguez,ESP,FW,Getafe,31,1987,20.2,221,350,63.1,3526,948,113,154,73.4,71,109,65.1,22,41,53.7,3,3.8,2.9,-0.8,20,25,21,7,37,Matches,ESP-LALIGA,18-19
19709006,443,Óscar Rodríguez Arnaiz,ESP,MF,Leganés,20,1998,27.8,760,1094,69.5,13369,3659,373,466,80.0,272,375,72.5,94,191,49.2,3,4.7,4.0,-1.7,48,69,28,10,114,Matches,ESP-LALIGA,18-19
b6b2b820,444,Marko Rog,CRO,MF,Sevilla,23,1995,4.0,179,209,85.6,2506,599,104,116,89.7,63,72,87.5,4,10,40.0,0,0.1,0.1,-0.1,4,9,4,0,21,Matches,ESP-LALIGA,18-19
d1491e00,445,Diego Rolán,URU,"MF,FW",Leganés,25,1993,2.4,69,93,74.2,885,232,49,56,87.5,16,21,76.2,3,11,27.3,0,0.3,0.4,-0.3,3,3,3,1,4,Matches,ESP-LALIGA,18-19
d1491e00,446,Diego Rolán,URU,"MF,FW",Alavés,25,1993,3.3,67,91,73.6,902,201,49,54,90.7,12,21,57.1,4,8,50.0,0,0.2,0.2,-0.2,2,5,2,1,9,Matches,ESP-LALIGA,18-19
51e3954c,447,Facundo Roncaglia,ARG,DF,Valencia,31,1987,6.7,239,298,80.2,4526,1860,85,99,85.9,126,138,91.3,22,46,47.8,0,0.0,0.0,0.0,0,13,1,1,11,Matches,ESP-LALIGA,18-19
51e3954c,448,Facundo Roncaglia,ARG,DF,Celta Vigo,31,1987,11.9,468,565,82.8,8149,2481,193,209,92.3,236,266,88.7,33,71,46.5,0,0.1,0.2,-0.1,2,18,1,0,26,Matches,ESP-LALIGA,18-19
81069528,449,Roberto Rosales,VEN,DF,Espanyol,29,1988,19.4,865,1159,74.6,15576,6490,409,460,88.9,343,453,75.7,102,187,54.5,1,1.2,1.8,-0.2,12,66,24,8,100,Matches,ESP-LALIGA,18-19
ccaa5728,450,Waldo Rubio,ESP,MF,Valladolid,22,1995,5.5,92,146,63.0,1411,469,52,65,80.0,30,47,63.8,7,16,43.8,0,0.3,0.2,-0.3,6,8,6,0,15,Matches,ESP-LALIGA,18-19
6cbf8d0d,451,Abel Ruiz,ESP,FW,Barcelona,18,2000,0.2,8,11,72.7,86,19,7,8,87.5,1,3,33.3,0,0,,0,0.1,0.1,-0.1,1,0,0,0,2,Matches,ESP-LALIGA,18-19
b3dc6eca,452,Víctor Ruiz,ESP,DF,Villarreal,29,1989,21.9,1039,1213,85.7,20044,8424,416,436,95.4,475,520,91.3,137,217,63.1,0,0.4,1.2,-0.4,4,81,10,1,101,Matches,ESP-LALIGA,18-19
625c144a,453,Gerónimo Rulli,ARG,GK,Real Sociedad,26,1992,27.0,782,1095,71.4,22376,15005,85,86,98.8,430,436,98.6,266,565,47.1,0,0.0,0.0,0.0,1,6,0,0,1,Matches,ESP-LALIGA,18-19
13e0eb29,454,Samuel Sáiz,ESP,MF,Getafe,27,1991,3.4,95,140,67.9,1830,438,38,58,65.5,35,44,79.5,17,26,65.4,0,0.1,0.4,-0.1,3,6,4,0,13,Matches,ESP-LALIGA,18-19
003a5c72,455,Mikel San José,ESP,MF,Athletic Club,29,1989,19.3,540,720,75.0,9070,3378,254,322,78.9,211,263,80.2,55,82,67.1,0,1.7,1.2,-1.7,16,56,19,2,98,Matches,ESP-LALIGA,18-19
0a447501,456,Antonio Sanabria,PAR,FW,Betis,22,1996,9.0,103,141,73.0,1382,212,52,68,76.5,34,41,82.9,4,7,57.1,0,0.0,0.1,0.0,1,4,2,0,9,Matches,ESP-LALIGA,18-19
60359288,457,Javi Sánchez,ESP,DF,Real Madrid,21,1997,0.5,7,8,87.5,204,35,1,1,100.0,3,3,100.0,3,4,75.0,0,0.0,0.0,0.0,0,0,0,0,0,Matches,ESP-LALIGA,18-19
ad4d0985,458,Víctor Sánchez,ESP,MF,Espanyol,30,1987,14.1,440,559,78.7,6718,2258,224,251,89.2,164,203,80.8,27,48,56.3,2,0.8,0.8,1.2,8,44,7,1,59,Matches,ESP-LALIGA,18-19
7958dc65,459,Luca Sangalli,ESP,"MF,FW",Real Sociedad,23,1995,11.1,275,388,70.9,4151,1110,149,184,81.0,95,125,76.0,20,44,45.5,3,1.3,0.7,1.7,11,25,8,4,36,Matches,ESP-LALIGA,18-19
7eb97a8e,460,Nicola Sansone,ITA,"FW,MF",Villarreal,26,1991,0.4,12,17,70.6,157,37,9,10,90.0,3,4,75.0,0,0,,1,0.0,0.0,1.0,1,0,0,0,3,Matches,ESP-LALIGA,18-19
bca21ef3,461,Roberto Santamaría,ESP,GK,Huesca,33,1985,20.0,308,588,52.4,15093,13705,11,11,100.0,55,57,96.5,242,515,47.0,0,0.0,0.1,0.0,1,30,1,0,0,Matches,ESP-LALIGA,18-19
3cb6f224,462,Michael Santos,URU,"FW,MF",Leganés,25,1993,6.2,71,102,69.6,921,237,52,73,71.2,15,22,68.2,3,5,60.0,3,0.6,0.3,2.4,6,5,5,1,10,Matches,ESP-LALIGA,18-19
9744ff80,463,Pablo Sarabia,ESP,"MF,FW",Sevilla,26,1992,30.3,1045,1442,72.5,16471,5252,579,683,84.8,352,456,77.2,78,187,41.7,13,11.1,9.0,1.9,68,94,66,14,191,Matches,ESP-LALIGA,18-19
5f186f5c,464,Lluís Sastre,ESP,MF,Huesca,32,1986,1.3,71,93,76.3,1203,327,35,40,87.5,29,31,93.5,6,14,42.9,0,0.0,0.2,0.0,1,12,3,0,12,Matches,ESP-LALIGA,18-19
f6ac68c1,465,Stefan Savić,MNE,DF,Atlético Madrid,27,1991,15.5,446,549,81.2,9053,3359,161,171,94.2,202,230,87.8,75,129,58.1,2,0.7,0.2,1.3,3,41,2,0,40,Matches,ESP-LALIGA,18-19
07750704,466,Alfa Semedo,GNB,MF,Espanyol,20,1997,0.5,17,22,77.3,282,110,7,10,70.0,9,10,90.0,1,1,100.0,0,0.0,0.0,0.0,1,2,0,0,3,Matches,ESP-LALIGA,18-19
d04b94db,467,Nélson Semedo,POR,DF,Barcelona,24,1993,17.8,1098,1213,90.5,14699,3251,697,738,94.4,306,342,89.5,43,52,82.7,0,0.3,0.7,-0.3,4,51,8,0,44,Matches,ESP-LALIGA,18-19
c904f3d5,468,Rúben Semedo,POR,DF,Huesca,24,1994,9.4,313,361,86.7,6760,2435,74,84,88.1,183,198,92.4,52,69,75.4,0,0.2,0.2,-0.2,1,13,2,0,25,Matches,ESP-LALIGA,18-19
1e1bea09,469,Paik Seung-ho,KOR,"FW,MF",Girona,21,1997,0.7,17,20,85.0,273,83,13,14,92.9,1,1,100.0,2,3,66.7,0,0.0,0.0,0.0,0,5,0,0,2,Matches,ESP-LALIGA,18-19
d2ac648c,470,Gaku Shibasaki,JPN,"MF,FW",Getafe,26,1992,4.3,82,137,59.9,1421,494,35,50,70.0,33,53,62.3,9,19,47.4,0,0.2,0.3,-0.2,3,8,7,2,14,Matches,ESP-LALIGA,18-19
b14d0c5d,471,Sidnei,BRA,DF,Betis,28,1989,19.4,1130,1274,88.7,20451,5207,464,500,92.8,533,574,92.9,111,158,70.3,0,0.1,0.3,-0.1,2,72,3,0,67,Matches,ESP-LALIGA,18-19
3effaa34,472,André Silva,POR,FW,Sevilla,22,1995,24.0,400,560,71.4,5163,1309,260,325,80.0,106,144,73.6,11,22,50.0,0,4.3,2.2,-4.3,29,23,23,2,74,Matches,ESP-LALIGA,18-19
f2308b33,473,Jonathan Silva,ARG,"DF,FW",Leganés,24,1994,30.0,845,1285,65.8,14873,7131,424,499,85.0,303,437,69.3,103,269,38.3,6,5.3,3.7,0.7,47,73,30,23,98,Matches,ESP-LALIGA,18-19
5f3eaaf5,474,Moses Simon,NGA,"DF,MF",Levante,23,1995,8.7,202,301,67.1,3198,1082,108,128,84.4,75,108,69.4,15,41,36.6,1,0.7,0.7,0.3,7,13,2,1,20,Matches,ESP-LALIGA,18-19
5dcf3e90,475,Unai Simón,ESP,GK,Athletic Club,21,1997,7.0,125,191,65.4,4283,3473,13,13,100.0,53,54,98.1,58,121,47.9,0,0.0,0.0,0.0,0,2,0,0,0,Matches,ESP-LALIGA,18-19
92d38e6c,476,Dimitris Siovas,GRE,DF,Leganés,29,1988,32.9,1045,1476,70.8,21957,8769,326,400,81.5,541,666,81.2,176,382,46.1,0,1.1,1.5,-1.1,10,96,12,1,112,Matches,ESP-LALIGA,18-19
fd9c4805,477,Pione Sisto,DEN,"FW,MF",Celta Vigo,23,1995,9.4,376,456,82.5,5905,1240,213,237,89.9,111,129,86.0,35,56,62.5,1,1.1,1.2,-0.1,13,32,8,3,40,Matches,ESP-LALIGA,18-19
9970da54,478,Antonio Sivera,ESP,GK,Alavés,21,1996,3.0,48,100,48.0,2263,2082,2,2,100.0,10,10,100.0,36,87,41.4,0,0.1,0.0,-0.1,1,1,0,0,0,Matches,ESP-LALIGA,18-19
19b776e9,479,Rubén Sobrino,ESP,"FW,MF",Alavés,26,1992,10.7,161,242,66.5,2131,404,97,138,70.3,39,58,67.2,7,16,43.8,1,1.2,0.5,-0.2,9,13,4,1,19,Matches,ESP-LALIGA,18-19
19b776e9,480,Rubén Sobrino,ESP,"FW,MF",Valencia,26,1992,2.1,36,47,76.6,500,112,22,27,81.5,14,16,87.5,0,2,0.0,0,0.0,0.1,0.0,1,4,0,0,5,Matches,ESP-LALIGA,18-19
5fa714d5,481,Alex Sola,ESP,DF,Real Sociedad,19,1999,1.0,58,76,76.3,700,259,41,48,85.4,11,17,64.7,2,3,66.7,0,0.1,0.1,-0.1,1,2,1,1,3,Matches,ESP-LALIGA,18-19
c8764028,482,Andrés Solano,COL,DF,Atlético Madrid,20,1998,0.5,21,27,77.8,352,102,8,8,100.0,11,14,78.6,1,3,33.3,0,0.0,0.0,0.0,0,1,0,0,1,Matches,ESP-LALIGA,18-19
fed17f5a,483,Carlos Soler,ESP,MF,Valencia,21,1997,27.3,741,985,75.2,11632,4071,387,462,83.8,252,325,77.5,63,111,56.8,6,4.1,5.2,1.9,34,81,36,12,123,Matches,ESP-LALIGA,18-19
6435143e,484,Kévin Soni,CMR,"FW,DF",Girona,20,1998,0.9,18,24,75.0,212,25,11,12,91.7,6,9,66.7,0,2,0.0,0,0.1,0.1,-0.1,3,1,0,0,0,Matches,ESP-LALIGA,18-19
8f8c6934,485,David Soria,ESP,GK,Getafe,25,1993,37.0,466,1095,42.6,22842,20920,10,11,90.9,64,68,94.1,392,1008,38.9,0,0.1,0.2,-0.1,2,65,4,0,0,Matches,ESP-LALIGA,18-19
5512b1a9,486,Juan Soriano,ESP,GK,Sevilla,20,1997,4.0,78,147,53.1,2467,1834,8,8,100.0,35,36,97.2,35,101,34.7,0,0.0,0.0,0.0,0,0,0,0,0,Matches,ESP-LALIGA,18-19
220c11f1,487,Cristhian Stuani,URU,FW,Girona,31,1986,30.3,343,507,67.7,4589,572,208,284,73.2,106,155,68.4,8,17,47.1,0,1.0,1.0,-1.0,14,19,4,0,30,Matches,ESP-LALIGA,18-19
ba5004e1,488,Damián Suárez,URU,DF,Getafe,30,1988,36.0,1317,1998,65.9,26225,13920,574,682,84.2,495,710,69.7,220,498,44.2,3,4.9,5.8,-1.9,61,130,51,25,153,Matches,ESP-LALIGA,18-19
12c50af5,489,Denis Suárez,ESP,"MF,DF",Barcelona,24,1994,0.2,14,18,77.8,190,40,10,12,83.3,3,4,75.0,1,1,100.0,0,0.1,0.0,-0.1,1,1,1,1,1,Matches,ESP-LALIGA,18-19
25c72b36,490,Leonardo Suárez,ARG,"FW,MF",Valladolid,22,1996,5.7,121,156,77.6,1761,368,70,83,84.3,38,48,79.2,8,12,66.7,0,0.3,0.2,-0.3,2,13,2,0,23,Matches,ESP-LALIGA,18-19
a6154613,491,Luis Suárez,URU,FW,Barcelona,31,1987,31.4,744,1001,74.3,11662,2187,414,506,81.8,204,273,74.7,78,101,77.2,6,6.9,5.9,-0.9,47,40,38,5,97,Matches,ESP-LALIGA,18-19
7106f0a0,492,Mario Suárez,ESP,MF,Rayo Vallecano,31,1987,11.4,461,583,79.1,7982,2723,219,257,85.2,183,224,81.7,46,81,56.8,0,0.7,0.3,-0.7,10,42,5,1,56,Matches,ESP-LALIGA,18-19
6fd1ba62,493,Markel Susaeta,ESP,"FW,MF",Athletic Club,30,1987,15.3,469,638,73.5,6643,1799,259,292,88.7,154,197,78.2,24,83,28.9,2,3.2,3.5,-1.2,36,30,25,10,48,Matches,ESP-LALIGA,18-19
a03c82b2,494,Rodrigo Tarín,ESP,DF,Leganés,22,1996,15.9,394,533,73.9,7756,2890,132,158,83.5,212,261,81.2,46,98,46.9,0,0.1,0.2,-0.1,1,21,2,1,27,Matches,ESP-LALIGA,18-19
72a99e38,495,Cristian Tello,ESP,"DF,FW",Betis,26,1991,17.5,763,915,83.4,11822,2520,421,470,89.6,263,314,83.8,58,81,71.6,6,4.0,3.4,2.0,27,32,24,7,56,Matches,ESP-LALIGA,18-19
6f51e382,496,Marc-André ter Stegen,GER,GK,Barcelona,26,1992,35.0,930,1084,85.8,24411,17180,131,131,100.0,512,521,98.3,284,427,66.5,0,0.0,0.0,0.0,0,6,0,0,0,Matches,ESP-LALIGA,18-19
174651c8,497,David Timor,ESP,MF,Girona,28,1989,1.8,74,87,85.1,1622,527,21,24,87.5,39,44,88.6,14,17,82.4,0,0.0,0.0,0.0,0,6,0,0,10,Matches,ESP-LALIGA,18-19
7cefa219,498,Tito,ESP,DF,Rayo Vallecano,33,1985,12.2,485,631,76.9,7472,3548,268,300,89.3,190,245,77.6,19,60,31.7,0,0.2,0.2,-0.2,6,33,4,1,54,Matches,ESP-LALIGA,18-19
88f130ed,499,Jean-Clair Todibo,FRA,DF,Barcelona,18,1999,1.7,109,118,92.4,1827,584,44,45,97.8,62,66,93.9,2,5,40.0,0,0.0,0.0,0.0,0,5,0,0,5,Matches,ESP-LALIGA,18-19
5ceba7fc,500,Karl Toko Ekambi,CMR,"FW,MF",Villarreal,25,1992,23.8,379,537,70.6,5556,782,242,294,82.3,99,146,67.8,27,44,61.4,1,2.1,2.0,-1.1,24,11,12,3,28,Matches,ESP-LALIGA,18-19
02ef8778,501,Raúl de Tomás,ESP,FW,Rayo Vallecano,23,1994,31.3,377,473,79.7,6421,1010,204,235,86.8,104,130,80.0,49,74,66.2,1,1.5,0.9,-0.5,18,36,8,0,40,Matches,ESP-LALIGA,18-19
d4ef9ac5,502,Toño,ESP,"DF,FW",Levante,28,1989,19.6,645,875,73.7,9464,4231,386,441,87.5,201,261,77.0,33,95,34.7,2,1.2,1.4,0.8,15,54,19,5,67,Matches,ESP-LALIGA,18-19
87882adc,503,Daniel Torres,COL,MF,Alavés,28,1989,0.8,13,15,86.7,166,53,8,8,100.0,4,4,100.0,0,1,0.0,0,0.0,0.0,0.0,0,0,0,0,0,Matches,ESP-LALIGA,18-19
9e1035f8,504,Ferrán Torres,ESP,MF,Valencia,18,2000,9.4,239,330,72.4,3643,1131,127,157,80.9,83,108,76.9,19,35,54.3,1,1.7,1.6,-0.7,15,13,18,8,27,Matches,ESP-LALIGA,18-19
fc647b34,505,Óscar Trejo,ARG,"MF,FW",Rayo Vallecano,30,1988,19.6,672,882,76.2,9138,2733,408,481,84.8,202,264,76.5,26,66,39.4,4,3.9,2.7,0.1,29,79,14,2,120,Matches,ESP-LALIGA,18-19
963829d0,506,Manu Trigueros,ESP,MF,Villarreal,26,1991,17.2,857,1016,84.4,15441,4962,363,395,91.9,399,446,89.5,81,132,61.4,0,2.1,1.5,-2.1,17,111,17,2,128,Matches,ESP-LALIGA,18-19
e3993b65,507,Patrick Twumasi,GHA,"MF,FW",Alavés,24,1994,1.9,43,68,63.2,748,243,22,28,78.6,13,18,72.2,6,17,35.3,0,0.1,0.3,-0.1,2,5,4,2,7,Matches,ESP-LALIGA,18-19
3eed9821,508,Samuel Umtiti,FRA,DF,Barcelona,24,1993,13.2,841,891,94.4,15403,5428,329,345,95.4,427,440,97.0,79,92,85.9,1,0.7,1.0,0.3,1,52,1,0,69,Matches,ESP-LALIGA,18-19
f8eca1b6,509,Enes Ünal,TUR,FW,Valladolid,21,1997,23.9,367,539,68.1,4751,1034,239,317,75.4,78,115,67.8,17,34,50.0,3,1.5,0.7,1.5,19,39,6,1,46,Matches,ESP-LALIGA,18-19
7b456af7,510,Tomáš Vaclík,CZE,GK,Sevilla,29,1989,33.0,606,1003,60.4,19457,15474,74,76,97.4,256,259,98.8,271,654,41.4,0,0.0,0.0,0.0,0,9,0,0,2,Matches,ESP-LALIGA,18-19
c2111b45,511,Jesús Vallejo,ESP,DF,Real Madrid,21,1997,3.5,138,157,87.9,2878,1151,37,39,94.9,79,82,96.3,21,34,61.8,0,0.0,0.0,0.0,0,0,0,0,5,Matches,ESP-LALIGA,18-19
0959c2a2,512,Federico Valverde,URU,MF,Real Madrid,20,1998,7.3,323,378,85.4,5143,1632,185,203,91.1,97,113,85.8,30,40,75.0,0,0.3,0.5,-0.3,9,38,7,1,58,Matches,ESP-LALIGA,18-19
9f8e9423,513,Raphaël Varane,FRA,DF,Real Madrid,25,1993,30.6,1527,1720,88.8,31799,10305,455,495,91.9,813,868,93.7,248,323,76.8,0,0.3,0.5,-0.3,4,75,0,0,72,Matches,ESP-LALIGA,18-19
467bae22,514,Franco Vázquez,ARG,MF,Sevilla,29,1989,25.3,870,1120,77.7,14100,4018,450,524,85.9,310,378,82.0,78,120,65.0,4,3.9,3.6,0.1,29,90,26,6,171,Matches,ESP-LALIGA,18-19
ee923664,515,Kevin Vázquez,ESP,DF,Celta Vigo,25,1993,2.4,87,116,75.0,1251,437,46,56,82.1,34,43,79.1,2,7,28.6,0,0.0,0.0,0.0,1,4,3,1,4,Matches,ESP-LALIGA,18-19
fd51b456,516,Lucas Vázquez,ESP,"FW,MF",Real Madrid,27,1991,16.8,774,967,80.0,11111,2746,496,551,90.0,206,249,82.7,51,99,51.5,3,4.7,4.5,-1.7,30,44,35,10,69,Matches,ESP-LALIGA,18-19
bfb15d99,517,Koke Vegas,ESP,GK,Levante,22,1995,1.0,19,24,79.2,514,356,4,4,100.0,8,8,100.0,7,12,58.3,0,0.0,0.0,0.0,0,1,0,0,0,Matches,ESP-LALIGA,18-19
5efb80d5,518,Emiliano Velázquez,URU,DF,Rayo Vallecano,24,1994,14.2,386,561,68.8,7603,3643,144,171,84.2,174,220,79.1,57,130,43.8,2,0.8,0.5,1.2,7,28,6,3,42,Matches,ESP-LALIGA,18-19
d3298c99,519,Daniele Verde,ITA,"MF,FW",Valladolid,22,1996,7.3,206,315,65.4,3270,1053,117,128,91.4,61,99,61.6,19,55,34.5,0,1.4,1.6,-1.4,12,15,8,3,23,Matches,ESP-LALIGA,18-19
d0d79694,520,Thomas Vermaelen,BEL,DF,Barcelona,32,1985,6.5,360,383,94.0,6597,1848,138,146,94.5,185,191,96.9,33,40,82.5,0,0.0,0.1,0.0,0,31,0,0,22,Matches,ESP-LALIGA,18-19
b0fce72c,521,Mikel Vesga,ESP,MF,Leganés,25,1993,23.0,638,827,77.1,10662,2420,342,402,85.1,220,281,78.3,58,98,59.2,1,1.1,1.4,-0.1,15,68,12,4,70,Matches,ESP-LALIGA,18-19
c67cd65c,522,Rúben Vezo,POR,DF,Levante,24,1994,14.9,396,512,77.3,8340,3409,118,138,85.5,210,241,87.1,63,110,57.3,1,1.1,0.6,-0.1,4,25,2,0,42,Matches,ESP-LALIGA,18-19
c67cd65c,523,Rúben Vezo,POR,DF,Valencia,24,1994,2.2,87,118,73.7,1415,544,46,51,90.2,29,38,76.3,10,18,55.6,0,0.1,0.1,-0.1,2,5,0,0,5,Matches,ESP-LALIGA,18-19
04965583,524,Aleix Vidal,ESP,"DF,MF",Sevilla,28,1989,5.9,236,324,72.8,4328,1607,90,109,82.6,112,146,76.7,26,46,56.5,0,1.0,0.9,-1.0,14,17,13,4,32,Matches,ESP-LALIGA,18-19
67cdbc0e,525,Arturo Vidal,CHI,MF,Barcelona,31,1987,21.4,1342,1516,88.5,20535,4284,734,783,93.7,468,507,92.3,81,121,66.9,7,4.8,4.3,2.2,22,107,16,1,104,Matches,ESP-LALIGA,18-19
f69d934e,526,Carlos Vigaray,ESP,DF,Alavés,23,1994,7.2,164,235,69.8,2726,1449,79,91,86.8,69,94,73.4,12,32,37.5,0,0.2,0.2,-0.2,5,11,7,4,17,Matches,ESP-LALIGA,18-19
bad38a94,527,Dídac Vilà,ESP,DF,Espanyol,29,1989,26.2,1009,1418,71.2,17286,6271,498,572,87.1,413,563,73.4,86,201,42.8,2,3.0,3.6,-1.0,20,77,25,7,119,Matches,ESP-LALIGA,18-19
636eae97,528,Toni Villa,ESP,"MF,FW",Valladolid,23,1995,19.6,442,602,73.4,6705,1684,251,303,82.8,132,170,77.6,34,67,50.7,2,2.2,2.3,-0.2,24,41,13,5,69,Matches,ESP-LALIGA,18-19
db750822,529,Vitolo,ESP,"MF,FW",Atlético Madrid,28,1989,8.4,249,322,77.3,3103,936,157,193,81.3,50,64,78.1,12,17,70.6,1,1.0,1.4,0.0,8,13,10,0,37,Matches,ESP-LALIGA,18-19
4442fbcd,530,Nikola Vukčević,MNE,MF,Levante,26,1991,7.4,201,244,82.4,3256,1169,92,102,90.2,88,108,81.5,15,23,65.2,0,0.1,0.2,-0.1,1,18,1,0,22,Matches,ESP-LALIGA,18-19
808df563,531,Moussa Wagué,SEN,"DF,FW",Barcelona,19,1998,2.5,128,154,83.1,1796,437,81,89,91.0,46,52,88.5,1,6,16.7,0,0.3,0.3,-0.3,5,10,2,1,10,Matches,ESP-LALIGA,18-19
999908af,532,Wakaso,GHA,MF,Alavés,28,1990,18.5,503,678,74.2,10190,3051,179,217,82.5,222,276,80.4,88,144,61.1,1,0.4,0.6,0.6,8,66,12,4,80,Matches,ESP-LALIGA,18-19
d83bbc54,533,Daniel Wass,DEN,"DF,MF",Valencia,29,1989,26.2,1033,1357,76.1,16222,5850,563,639,88.1,368,470,78.3,69,158,43.7,3,4.3,3.2,-1.3,31,92,24,9,118,Matches,ESP-LALIGA,18-19
c0b1a6da,534,Axel Werner,ARG,GK,Huesca,22,1996,6.0,84,177,47.5,3228,2672,3,3,100.0,31,32,96.9,50,142,35.2,0,0.0,0.0,0.0,0,0,0,0,0,Matches,ESP-LALIGA,18-19
6a99e0b1,535,Iñaki Williams,GHA,FW,Athletic Club,24,1994,33.6,498,730,68.2,5920,967,337,428,78.7,105,161,65.2,11,25,44.0,4,3.3,4.0,0.7,29,18,17,5,39,Matches,ESP-LALIGA,18-19
4b803b3c,536,Maximilian Wöber,AUT,DF,Sevilla,20,1998,6.0,237,301,78.7,4133,1287,113,127,89.0,101,119,84.9,21,36,58.3,0,0.6,0.4,-0.6,5,16,7,3,24,Matches,ESP-LALIGA,18-19
61bb7498,537,Yoel,ESP,GK,Valladolid,29,1988,3.0,47,98,48.0,1996,1770,3,3,100.0,14,16,87.5,30,78,38.5,0,0.0,0.0,0.0,0,4,0,0,0,Matches,ESP-LALIGA,18-19
e49ce451,538,Okay Yokuşlu,TUR,MF,Celta Vigo,24,1994,24.4,1196,1397,85.6,20720,7021,551,626,88.0,485,535,90.7,119,155,76.8,0,0.7,0.5,-0.7,11,93,9,1,113,Matches,ESP-LALIGA,18-19
5ca20b7a,539,Joseba Zaldúa,ESP,DF,Real Sociedad,26,1992,23.8,956,1244,76.8,15178,6156,547,613,89.2,329,426,77.2,66,133,49.6,2,1.9,2.1,0.1,14,74,31,16,94,Matches,ESP-LALIGA,18-19
37f96552,540,Nabil El Zhar,MAR,"MF,FW",Leganés,31,1986,10.7,210,298,70.5,3545,1085,114,137,83.2,69,96,71.9,24,49,49.0,0,0.9,1.4,-0.9,17,24,16,8,45,Matches,ESP-LALIGA,18-19
c818c4d9,541,Luca Zidane,FRA,GK,Real Madrid,20,1998,1.0,34,40,85.0,864,569,7,7,100.0,16,17,94.1,11,16,68.8,0,0.0,0.0,0.0,0,1,1,0,0,Matches,ESP-LALIGA,18-19
5c7845f6,542,Igor Zubeldia,ESP,MF,Real Sociedad,21,1997,28.3,1031,1207,85.4,19069,4583,403,456,88.4,493,533,92.5,113,163,69.3,1,1.0,0.7,0.0,8,82,6,1,89,Matches,ESP-LALIGA,18-19
3ee0dd59,543,Martín Zubimendi,ESP,MF,Real Sociedad,19,1999,0.1,1,4,25.0,19,19,0,1,0.0,1,2,50.0,0,0,,0,0.4,0.1,-0.4,1,1,0,0,1,Matches,ESP-LALIGA,18-19
d9bda115,544,David Zurutuza,ESP,MF,Real Sociedad,32,1986,13.6,490,616,79.5,7978,2147,247,294,84.0,188,224,83.9,39,51,76.5,0,0.6,0.9,-0.6,9,49,4,1,63,Matches,ESP-LALIGA,18-19
