id,Unnamed: 0_level_0,Unnamed: 1_level_0,Unnamed: 2_level_0,Unnamed: 3_level_0,Unnamed: 4_level_0,Unnamed: 5_level_0,Unnamed: 6_level_0,Unnamed: 7_level_0,Performance,Performance,Performance,Performance,Performance,Performance,Performance,Performance,Performance,Performance,Performance,Performance,Performance,Aerial Duels,Aerial Duels,Aerial Duels,Unnamed: 24_level_0,Unnamed: league,Unnamed: season
,Rk,Player,Nation,Pos,Squad,Age,Born,90s,CrdY,CrdR,2CrdY,Fls,Fld,Off,Crs,Int,TklW,PKwon,PKcon,OG,Recov,Won,Lost,Won%,Matches,league,season
7f9c5d2d,1,Abner,BRA,DF,Betis,22,2000,6.7,2,0,0,8,2,0,13,8,9,0,1,0,43,9,16,36.0,Matches,ESP-LALIGA,22-23
be6faae0,2,Álvaro Aceves,ESP,GK,Valladolid,19,2003,0.1,0,0,0,0,0,0,0,0,0,0,0,0,2,1,1,50.0,Matches,ESP-LALIGA,22-23
81442ecb,3,Marcos Acuña,ARG,DF,Sevilla,30,1991,21.2,10,3,0,32,34,1,147,23,36,0,1,0,141,30,18,62.5,Matches,ESP-LALIGA,22-23
a2c1a8d3,4,Julen Agirrezabala,ESP,GK,Athletic Club,21,2000,7.5,0,0,0,0,0,0,0,0,0,0,0,0,14,1,0,100.0,Matches,ESP-LALIGA,22-23
014aa7bd,5,Álvaro Aguado,ESP,MF,Valladolid,26,1996,21.0,4,0,0,13,33,0,57,13,15,0,1,0,130,15,17,46.9,Matches,ESP-LALIGA,22-23
18abe173,6,Joseph Aidoo,GHA,DF,Celta Vigo,26,1995,34.7,6,1,1,18,18,0,2,31,36,0,1,0,214,63,63,50.0,Matches,ESP-LALIGA,22-23
06efa9dc,7,Sergio Akieme,ESP,DF,Almería,24,1997,25.5,5,0,0,20,18,0,70,14,16,0,0,0,127,14,15,48.3,Matches,ESP-LALIGA,22-23
733aab44,8,Babatunde Akinsola,NGA,FW,Valladolid,19,2003,0.1,0,0,0,0,1,0,0,0,1,0,0,0,1,0,0,,Matches,ESP-LALIGA,22-23
31f5b89b,9,Paul Akouokou,CIV,"MF,DF",Betis,24,1997,5.0,3,0,0,7,4,0,0,12,9,0,0,0,27,6,7,46.2,Matches,ESP-LALIGA,22-23
05439de2,10,David Alaba,AUT,DF,Real Madrid,30,1992,20.4,3,0,0,9,3,0,26,14,11,0,1,0,94,11,8,57.9,Matches,ESP-LALIGA,22-23
455c26a4,11,Ángel Alarcón,ESP,FW,Barcelona,18,2004,0.3,0,0,0,2,1,0,1,0,0,,,0,,,,,Matches,ESP-LALIGA,22-23
99ea2ddd,12,Tomás Alarcón,CHI,MF,Cádiz,23,1999,2.5,2,1,1,4,3,0,6,2,2,0,0,0,14,3,1,75.0,Matches,ESP-LALIGA,22-23
4601e194,13,Jordi Alba,ESP,DF,Barcelona,33,1989,15.8,6,1,1,11,4,10,91,11,18,0,0,0,118,8,15,34.8,Matches,ESP-LALIGA,22-23
4bd414c1,14,Raúl Albiol,ESP,DF,Villarreal,36,1985,23.5,6,0,0,17,13,1,1,14,17,0,0,0,108,38,25,60.3,Matches,ESP-LALIGA,22-23
036bba5f,15,Rubén Alcaraz,ESP,MF,Cádiz,31,1991,22.7,11,1,1,45,33,0,44,19,31,0,1,0,159,30,29,50.8,Matches,ESP-LALIGA,22-23
bb08bce9,16,Omar Alderete,PAR,DF,Getafe,25,1996,22.7,9,0,0,35,10,0,7,26,20,0,0,0,141,61,31,66.3,Matches,ESP-LALIGA,22-23
3d7e48ce,17,Iván Alejo,ESP,"MF,FW",Cádiz,27,1995,14.6,13,1,1,38,44,2,108,5,21,0,1,0,76,25,17,59.5,Matches,ESP-LALIGA,22-23
6c811eb7,18,Carles Aleñá,ESP,"MF,FW",Getafe,24,1998,23.5,12,1,1,60,50,3,43,4,10,0,1,0,120,15,38,28.3,Matches,ESP-LALIGA,22-23
b907d169,19,Alejandro Alfaro,ESP,MF,Elche,20,2002,0.2,0,0,0,2,0,0,0,0,0,0,0,0,0,0,0,,Matches,ESP-LALIGA,22-23
acc1aefa,20,Ángel Algobia,ESP,MF,Getafe,23,1999,12.6,3,0,0,31,10,0,11,3,13,0,0,0,68,7,21,25.0,Matches,ESP-LALIGA,22-23
f8405304,21,Mohamed Ali Cho,FRA,"FW,MF",Real Sociedad,18,2004,6.5,1,0,0,11,12,3,30,2,10,1,0,0,34,5,15,25.0,Matches,ESP-LALIGA,22-23
e6697917,22,Domingos André Ribeiro Almeida,POR,MF,Valencia,22,2000,28.2,3,0,0,31,40,1,127,20,42,0,0,0,161,14,29,32.6,Matches,ESP-LALIGA,22-23
f4290206,23,Marcos Alonso,ESP,DF,Barcelona,31,1990,13.0,3,0,0,10,8,0,23,11,10,0,1,0,85,26,10,72.2,Matches,ESP-LALIGA,22-23
56bcaaa0,24,Carlos Álvarez,ESP,MF,Sevilla,18,2003,0.1,1,0,0,1,0,0,0,0,1,0,0,0,0,0,0,,Matches,ESP-LALIGA,22-23
852ddfb8,25,Gastón Álvarez,URU,DF,Getafe,22,2000,16.7,7,1,0,27,12,0,23,15,30,0,1,0,53,31,31,50.0,Matches,ESP-LALIGA,22-23
3ecc11d8,26,Yeray Álvarez,ESP,DF,Athletic Club,27,1995,25.9,7,1,0,22,22,1,9,48,23,0,2,0,194,55,39,58.5,Matches,ESP-LALIGA,22-23
00eba9c9,27,Selim Amallah,MAR,"MF,FW",Valladolid,25,1996,3.0,2,1,0,10,8,1,2,5,9,0,0,0,10,7,8,46.7,Matches,ESP-LALIGA,22-23
f3b1d9a2,28,Amath,SEN,"MF,FW",Mallorca,26,1996,13.6,2,1,0,35,24,7,16,5,19,1,0,0,62,8,19,29.6,Matches,ESP-LALIGA,22-23
22721b88,29,Jordan Amavi,FRA,DF,Getafe,28,1994,2.2,2,1,1,3,2,1,6,4,2,0,0,0,15,8,3,72.7,Matches,ESP-LALIGA,22-23
ae86d473,30,Marcos André,BRA,"FW,MF",Valencia,25,1996,5.0,2,1,0,9,12,1,1,0,1,0,0,0,9,10,15,40.0,Matches,ESP-LALIGA,22-23
fdd26d71,31,Fabrizio Angileri,ARG,DF,Getafe,28,1994,6.5,2,1,0,7,1,0,12,7,9,0,1,0,19,17,10,63.0,Matches,ESP-LALIGA,22-23
4a5f2032,32,Josep Antoni Gayá,ESP,"DF,MF",Mallorca,22,2000,1.1,0,0,0,0,0,0,0,1,0,0,0,0,5,1,1,50.0,Matches,ESP-LALIGA,22-23
62a583ee,33,José Antonio,ESP,"MF,DF",Cádiz,18,2004,0.5,0,0,0,0,4,0,1,0,1,0,0,0,2,0,0,,Matches,ESP-LALIGA,22-23
c93231dc,34,Anuar,MAR,"MF,FW",Valladolid,27,1995,2.3,1,0,0,3,6,1,1,3,4,0,0,0,10,2,5,28.6,Matches,ESP-LALIGA,22-23
58afe001,35,Mauro Arambarri,URU,MF,Getafe,26,1995,11.0,5,1,1,21,11,0,42,14,6,0,0,1,63,15,12,55.6,Matches,ESP-LALIGA,22-23
2bef2bca,36,Ronald Araújo,URU,DF,Barcelona,23,1999,20.0,5,1,0,16,17,1,5,12,18,0,0,1,94,46,27,63.0,Matches,ESP-LALIGA,22-23
a461f098,37,Adu Ares,ESP,"FW,MF",Athletic Club,20,2001,0.9,0,0,0,2,8,0,8,2,2,0,0,0,7,3,0,100.0,Matches,ESP-LALIGA,22-23
1e465e70,38,Sergio Arribas,ESP,"MF,FW",Real Madrid,20,2001,0.2,0,0,0,0,0,0,1,0,0,0,0,0,2,0,0,,Matches,ESP-LALIGA,22-23
6091cf45,39,Roberto Arroyo,ESP,MF,Valladolid,18,2003,0.2,0,0,0,0,0,0,1,0,1,0,0,0,0,0,0,,Matches,ESP-LALIGA,22-23
5d133e96,40,Ricard Artero,ESP,"MF,FW",Girona,19,2003,1.5,0,0,0,2,1,0,0,1,3,0,0,0,8,2,2,50.0,Matches,ESP-LALIGA,22-23
759d8dd7,41,Santiago Arzamendia,PAR,"DF,MF",Cádiz,24,1998,5.4,0,0,0,4,2,1,14,2,8,0,0,0,46,6,6,50.0,Matches,ESP-LALIGA,22-23
9f0ea33f,42,Sergio Asenjo,ESP,GK,Valladolid,33,1989,10.0,0,0,0,0,4,0,0,0,0,0,0,0,22,0,0,,Matches,ESP-LALIGA,22-23
45af8a54,43,Marco Asensio,ESP,"FW,MF",Real Madrid,26,1996,16.0,1,0,0,10,16,4,82,5,10,1,1,0,45,3,2,60.0,Matches,ESP-LALIGA,22-23
7dcf86f6,44,Iago Aspas,ESP,FW,Celta Vigo,34,1987,31.9,6,0,0,16,59,12,45,7,4,0,0,0,103,31,45,40.8,Matches,ESP-LALIGA,22-23
d5dd5f1f,45,Pierre-Emerick Aubameyang,GAB,FW,Barcelona,33,1989,0.1,0,0,0,0,0,0,0,0,0,0,0,0,1,0,0,,Matches,ESP-LALIGA,22-23
9fec8860,46,Ludwig Augustinsson,SWE,DF,Mallorca,28,1994,1.5,0,0,0,1,1,0,6,1,1,0,0,0,13,4,1,80.0,Matches,ESP-LALIGA,22-23
253a06b9,47,Ezequiel Ávila,ARG,"FW,MF",Osasuna,28,1994,19.0,7,1,0,25,35,14,81,8,5,0,0,0,54,35,50,41.2,Matches,ESP-LALIGA,22-23
bfd381b3,48,Iddrisu Baba,GHA,"MF,DF",Mallorca,26,1996,18.9,5,0,0,31,30,0,0,11,17,0,0,0,122,37,28,56.9,Matches,ESP-LALIGA,22-23
075fe5a3,49,Srđan Babić,SRB,DF,Almería,26,1996,33.3,5,0,0,24,9,2,2,29,18,0,0,0,136,71,46,60.7,Matches,ESP-LALIGA,22-23
114bbdee,50,Loïc Bade,FRA,DF,Sevilla,22,2000,16.1,4,0,0,13,4,0,4,23,20,0,0,0,97,34,27,55.7,Matches,ESP-LALIGA,22-23
e4346678,51,Édgar Badía,ESP,GK,Elche,30,1992,36.0,2,0,0,1,6,0,0,0,0,0,1,0,33,8,1,88.9,Matches,ESP-LALIGA,22-23
518f2234,52,Alex Baena,ESP,"MF,FW",Villarreal,21,2001,21.6,13,1,1,58,56,3,26,7,17,1,1,0,100,1,26,3.7,Matches,ESP-LALIGA,22-23
5ccc9672,53,Alejandro Balde,ESP,DF,Barcelona,18,2003,27.5,4,0,0,27,29,5,67,12,30,0,0,0,145,19,18,51.4,Matches,ESP-LALIGA,22-23
1fe67e86,54,Mikel Balenziaga,ESP,DF,Athletic Club,34,1988,1.3,0,0,0,3,0,0,3,1,4,0,0,0,6,0,0,,Matches,ESP-LALIGA,22-23
cee88597,55,Iván Balliu,ALB,DF,Rayo Vallecano,30,1992,35.9,6,0,0,42,34,7,105,25,29,0,2,2,145,29,37,43.9,Matches,ESP-LALIGA,22-23
35f6db55,56,Léo Baptistão,BRA,"FW,MF",Almería,29,1992,19.2,7,0,0,30,23,10,18,19,20,0,0,0,104,27,40,40.3,Matches,ESP-LALIGA,22-23
03049c8c,57,Keidi Bare,ALB,MF,Espanyol,24,1997,5.6,0,0,0,11,13,0,6,11,8,0,0,0,25,5,9,35.7,Matches,ESP-LALIGA,22-23
aad53e64,58,Kike Barja,ESP,"FW,MF",Osasuna,25,1997,14.6,1,0,0,18,15,7,110,4,9,0,0,0,65,8,11,42.1,Matches,ESP-LALIGA,22-23
200e89e1,59,Ander Barrenetxea,ESP,"FW,DF",Real Sociedad,20,2001,9.8,4,0,0,23,14,0,13,5,15,0,0,0,74,11,15,42.3,Matches,ESP-LALIGA,22-23
45736cec,60,Pablo Barrios,ESP,MF,Atlético Madrid,19,2003,8.0,4,0,0,7,12,0,6,9,10,0,0,0,49,6,9,40.0,Matches,ESP-LALIGA,22-23
d637fc22,61,Rodrigo Battaglia,ARG,MF,Mallorca,31,1991,7.6,5,0,0,11,11,0,1,5,5,0,2,0,29,11,8,57.9,Matches,ESP-LALIGA,22-23
d8712bf9,62,Bebé,CPV,FW,Rayo Vallecano,32,1990,0.7,1,0,0,2,2,0,16,0,0,0,0,0,6,0,1,0.0,Matches,ESP-LALIGA,22-23
f874dd44,63,Héctor Bellerín,ESP,DF,Barcelona,27,1995,1.6,0,0,0,2,0,0,3,3,0,0,0,0,10,3,0,100.0,Matches,ESP-LALIGA,22-23
ed5c5fa3,64,Fran Beltrán,ESP,MF,Celta Vigo,23,1999,31.7,4,0,0,26,16,2,51,53,22,0,1,0,196,18,48,27.3,Matches,ESP-LALIGA,22-23
50cbc806,65,Iker Benito,ESP,"FW,MF",Osasuna,19,2002,2.0,0,0,0,2,2,1,6,2,3,0,0,0,14,1,4,20.0,Matches,ESP-LALIGA,22-23
70d74ece,66,Karim Benzema,FRA,FW,Real Madrid,34,1987,22.6,1,0,0,10,6,22,3,2,5,2,0,0,35,14,13,51.9,Matches,ESP-LALIGA,22-23
b6e50615,67,Yuri Berchiche,ESP,DF,Athletic Club,32,1990,26.7,9,1,1,31,33,5,66,40,32,1,1,0,173,51,26,66.2,Matches,ESP-LALIGA,22-23
dc1c2fce,68,Álex Berenguer,ESP,FW,Athletic Club,27,1995,25.5,2,0,0,48,25,19,162,10,37,0,0,0,114,35,42,45.5,Matches,ESP-LALIGA,22-23
697295b1,69,Pedro Bigas,ESP,DF,Elche,31,1990,22.4,4,2,0,17,16,0,5,33,20,1,1,0,123,42,19,68.9,Matches,ESP-LALIGA,22-23
47c609d5,70,El Bilal Touré,MLI,FW,Almería,20,2001,14.0,0,0,0,25,7,13,4,1,3,0,0,0,46,44,46,48.9,Matches,ESP-LALIGA,22-23
506daeac,71,Antonio Blanco,ESP,MF,Cádiz,22,2000,1.8,0,0,0,2,1,0,0,1,4,0,0,0,7,3,0,100.0,Matches,ESP-LALIGA,22-23
1657f448,72,Lautaro Blanco,ARG,"DF,MF",Elche,23,1999,9.7,2,0,0,7,2,2,86,2,9,0,0,0,49,0,8,0.0,Matches,ESP-LALIGA,22-23
0da6a13e,73,Theo Bongonda,COD,"MF,FW",Cádiz,26,1995,21.5,2,0,0,15,37,6,68,6,20,0,0,0,96,14,13,51.9,Matches,ESP-LALIGA,22-23
f6798fc3,74,Yassine Bounou,MAR,GK,Sevilla,31,1991,23.9,2,0,0,0,1,0,0,2,1,0,0,0,34,4,2,66.7,Matches,ESP-LALIGA,22-23
d49f3e6b,75,Lucas Boyé,ARG,FW,Elche,26,1996,27.4,7,1,0,61,45,14,15,15,16,0,0,0,104,49,57,46.2,Matches,ESP-LALIGA,22-23
fd771f95,76,Martin Braithwaite,DEN,"FW,MF",Espanyol,31,1991,27.3,5,1,0,20,42,13,20,5,2,0,0,0,58,48,59,44.9,Matches,ESP-LALIGA,22-23
4accb7e0,77,Darko Brašanac,SRB,MF,Osasuna,30,1992,11.6,5,0,0,16,14,3,7,12,20,0,1,0,50,15,15,50.0,Matches,ESP-LALIGA,22-23
10072610,78,Claudio Bravo,CHI,GK,Betis,39,1983,12.0,2,0,0,0,0,0,0,2,0,0,0,0,14,3,0,100.0,Matches,ESP-LALIGA,22-23
8f3565b3,79,Ante Budimir,CRO,FW,Osasuna,31,1991,20.0,5,0,0,48,23,12,3,5,9,1,0,0,37,97,104,48.3,Matches,ESP-LALIGA,22-23
c5642098,80,Manu Bueno,ESP,MF,Sevilla,18,2004,1.7,0,0,0,1,2,0,0,0,4,0,0,0,12,1,3,25.0,Matches,ESP-LALIGA,22-23
edc98fac,81,Santiago Bueno,URU,DF,Girona,23,1998,33.4,7,1,1,37,34,2,4,31,38,2,1,0,144,74,41,64.3,Matches,ESP-LALIGA,22-23
5ab0ea87,82,Sergio Busquets,ESP,MF,Barcelona,34,1988,26.0,8,1,1,31,40,0,7,27,26,0,0,0,187,53,59,47.3,Matches,ESP-LALIGA,22-23
69cbc8b6,83,Leandro Cabrera,URU,DF,Espanyol,31,1991,29.7,10,2,1,29,20,1,14,43,24,0,1,1,138,62,37,62.6,Matches,ESP-LALIGA,22-23
fe05804b,84,Cala,ESP,DF,Cádiz,32,1989,1.5,0,0,0,1,5,0,0,1,1,0,0,0,3,3,4,42.9,Matches,ESP-LALIGA,22-23
41b3069f,85,Fernando Calero,ESP,"DF,MF",Espanyol,26,1995,17.9,6,0,0,22,9,1,4,13,29,0,0,0,86,35,29,54.7,Matches,ESP-LALIGA,22-23
af34f10d,86,Alexander Callens,PER,DF,Girona,30,1992,1.3,1,0,0,3,1,0,0,1,3,0,0,0,9,0,1,0.0,Matches,ESP-LALIGA,22-23
7b9c2d84,87,Eduardo Camavinga,FRA,"MF,DF",Real Madrid,19,2002,22.3,6,0,0,39,69,3,6,17,48,0,0,0,136,22,11,66.7,Matches,ESP-LALIGA,22-23
873619c6,88,Sergio Camello,ESP,FW,Rayo Vallecano,21,2001,26.7,1,0,0,12,19,11,4,2,10,0,0,0,63,27,49,35.5,Matches,ESP-LALIGA,22-23
a6de370d,89,Sergio Canales,ESP,"FW,MF",Betis,31,1991,26.7,4,2,1,9,32,4,135,14,14,0,0,0,121,13,24,35.1,Matches,ESP-LALIGA,22-23
37f1cf47,90,Ander Capa,ESP,DF,Athletic Club,30,1992,1.2,1,0,0,4,0,0,4,0,1,0,0,0,10,4,0,100.0,Matches,ESP-LALIGA,22-23
5acc4a10,91,Étienne Capoue,FRA,MF,Villarreal,34,1988,21.7,4,0,0,18,41,0,9,19,12,0,0,0,113,25,19,56.8,Matches,ESP-LALIGA,22-23
c4b888df,92,Isaac Carcelen,ESP,DF,Cádiz,29,1993,24.4,4,3,0,16,27,2,73,19,51,0,1,0,135,21,32,39.6,Matches,ESP-LALIGA,22-23
688b96e3,93,Juan Carlos,ESP,GK,Girona,34,1988,10.0,0,0,0,0,0,0,0,1,0,0,0,0,16,1,0,100.0,Matches,ESP-LALIGA,22-23
5b93209a,94,José Carlos Lazo,ESP,"MF,FW",Almería,26,1996,0.2,0,0,0,1,1,0,0,0,0,0,0,0,1,0,0,,Matches,ESP-LALIGA,22-23
5b93209a,95,José Carlos Lazo,ESP,"MF,FW",Espanyol,26,1996,1.8,0,0,0,2,5,0,4,3,3,0,0,0,9,0,3,0.0,Matches,ESP-LALIGA,22-23
2dce876a,96,Carmona,ESP,"MF,DF",Elche,20,2002,6.5,5,1,1,19,7,2,12,8,9,0,0,0,44,6,11,35.3,Matches,ESP-LALIGA,22-23
2dce876a,97,Carmona,ESP,DF,Sevilla,20,2002,5.9,6,1,1,14,6,0,11,7,11,0,0,0,34,3,8,27.3,Matches,ESP-LALIGA,22-23
de39485a,98,Yannick Carrasco,BEL,"DF,MF",Atlético Madrid,28,1993,25.7,2,0,0,24,21,6,107,12,14,0,0,0,134,5,9,35.7,Matches,ESP-LALIGA,22-23
4958bfb2,99,Dani Carvajal,ESP,DF,Real Madrid,30,1992,19.8,8,1,1,22,15,5,49,15,18,0,1,0,109,10,9,52.6,Matches,ESP-LALIGA,22-23
dee86451,100,William Carvalho,POR,MF,Betis,30,1992,27.1,6,1,0,29,40,2,5,16,27,0,0,0,159,32,27,54.2,Matches,ESP-LALIGA,22-23
4d224fe8,101,Casemiro,BRA,MF,Real Madrid,30,1992,0.1,0,0,0,1,0,0,0,0,0,0,0,0,1,0,0,,Matches,ESP-LALIGA,22-23
da76bab4,102,Valentín Castellanos,ARG,FW,Girona,23,1998,28.9,11,0,0,43,46,31,10,6,5,0,0,0,56,51,70,42.1,Matches,ESP-LALIGA,22-23
130a7a3f,103,Samu Castillejo,ESP,"FW,MF",Valencia,27,1995,15.1,7,0,0,32,40,7,87,9,12,0,0,0,66,7,19,26.9,Matches,ESP-LALIGA,22-23
274ab13c,104,Catena,ESP,DF,Rayo Vallecano,27,1994,34.5,14,1,1,32,15,3,1,28,14,0,0,0,181,80,37,68.4,Matches,ESP-LALIGA,22-23
527f063d,105,Edinson Cavani,URU,FW,Valencia,35,1987,16.1,6,0,0,18,8,15,3,2,4,0,0,0,37,20,28,41.7,Matches,ESP-LALIGA,22-23
c0617e2b,106,Dani Ceballos,ESP,MF,Real Madrid,25,1996,17.4,8,0,0,17,41,1,16,25,29,0,0,0,132,4,8,33.3,Matches,ESP-LALIGA,22-23
ae852b7d,107,Álex Centelles,ESP,DF,Almería,24,1997,12.5,0,1,0,7,5,0,46,11,14,0,0,0,66,7,17,29.2,Matches,ESP-LALIGA,22-23
5e1028e5,108,Franco Cervi,ARG,"MF,DF",Celta Vigo,28,1994,21.0,2,1,0,27,42,2,113,36,46,0,0,0,145,12,25,32.4,Matches,ESP-LALIGA,22-23
63c5e56b,109,Pep Chavarría,ESP,"FW,MF",Rayo Vallecano,24,1998,4.1,1,0,0,11,4,1,13,2,4,0,0,0,27,8,3,72.7,Matches,ESP-LALIGA,22-23
873ce3a2,110,Pape Cheikh Diop,SEN,MF,Elche,24,1997,0.4,1,1,0,3,0,0,0,0,0,0,0,0,3,0,1,0.0,Matches,ESP-LALIGA,22-23
1cb49278,111,Andreas Christensen,DEN,DF,Barcelona,26,1996,19.6,2,0,0,18,7,0,1,21,15,0,0,1,107,42,19,68.9,Matches,ESP-LALIGA,22-23
b8a642fc,112,Samuel Chukwueze,NGA,"FW,MF",Villarreal,23,1999,26.0,1,0,0,19,34,11,28,12,7,1,0,0,110,14,20,41.2,Matches,ESP-LALIGA,22-23
2475cf9b,113,Chumi,ESP,DF,Almería,23,1999,16.5,5,0,0,10,3,0,8,15,16,0,0,0,87,11,12,47.8,Matches,ESP-LALIGA,22-23
ec1a731e,114,Víctor Chust,ESP,DF,Cádiz,22,2000,10.7,3,0,0,11,4,1,0,10,6,0,1,0,46,16,17,48.5,Matches,ESP-LALIGA,22-23
9a0408b6,115,Pathé Ciss,SEN,"MF,DF",Rayo Vallecano,28,1994,14.2,4,0,0,38,13,1,3,22,29,0,0,1,101,34,28,54.8,Matches,ESP-LALIGA,22-23
33a61a52,116,Carlos Clerc,ESP,"DF,MF",Elche,30,1992,29.3,5,0,0,32,31,2,89,28,51,0,0,0,151,20,22,47.6,Matches,ESP-LALIGA,22-23
85dace26,117,Álex Collado,ESP,MF,Elche,23,1999,8.1,1,0,0,9,10,1,18,2,14,0,0,0,33,4,8,33.3,Matches,ESP-LALIGA,22-23
b3f62bfc,118,Diego Collado,ESP,FW,Villarreal,21,2001,0.1,0,0,0,0,0,0,2,0,0,0,0,0,0,0,0,,Matches,ESP-LALIGA,22-23
15937e17,119,Eray Cömert,SUI,DF,Valencia,24,1998,18.6,5,1,0,22,11,1,1,29,23,0,0,0,106,44,31,58.7,Matches,ESP-LALIGA,22-23
5ae499d0,120,Santi Comesaña,ESP,MF,Rayo Vallecano,25,1996,27.2,6,0,0,49,28,4,17,32,44,0,0,0,173,32,44,42.1,Matches,ESP-LALIGA,22-23
0f26ffd7,121,Copete,ESP,DF,Mallorca,22,1999,24.5,7,1,0,47,24,2,9,44,28,0,1,0,113,39,16,70.9,Matches,ESP-LALIGA,22-23
a6951bf8,122,Francis Coquelin,FRA,MF,Villarreal,31,1991,8.3,2,0,0,11,7,0,5,9,13,0,0,0,36,6,4,60.0,Matches,ESP-LALIGA,22-23
fb938d24,123,Jesús Corona,MEX,FW,Sevilla,29,1993,1.2,0,0,0,2,5,1,3,1,0,0,0,0,5,0,2,0.0,Matches,ESP-LALIGA,22-23
01eb744d,124,Ángel Correa,ARG,"FW,MF",Atlético Madrid,27,1995,16.2,3,1,0,19,20,14,22,10,6,0,0,0,63,5,16,23.8,Matches,ESP-LALIGA,22-23
c78b352d,125,Thierry Correia,POR,DF,Valencia,23,1999,22.3,5,0,0,39,44,1,87,24,52,2,0,0,149,24,20,54.5,Matches,ESP-LALIGA,22-23
808d48f3,126,Jaume Costa,ESP,DF,Mallorca,34,1988,28.9,10,0,0,44,32,7,75,22,34,0,0,0,122,30,26,53.6,Matches,ESP-LALIGA,22-23
76c2a023,127,Samu Costa,POR,MF,Almería,21,2000,22.1,5,0,0,51,44,4,8,37,31,0,0,0,143,48,24,66.7,Matches,ESP-LALIGA,22-23
1840e36d,128,Thibaut Courtois,BEL,GK,Real Madrid,30,1992,31.0,0,0,0,0,3,0,0,3,0,0,0,0,59,9,0,100.0,Matches,ESP-LALIGA,22-23
1944818c,129,Yan Couto,BRA,"DF,MF",Girona,20,2002,12.9,3,0,0,12,15,2,63,5,18,0,0,0,78,1,7,12.5,Matches,ESP-LALIGA,22-23
a56da3ba,130,Juan Cruz Armada,ESP,DF,Osasuna,30,1992,22.9,7,0,0,17,9,1,35,13,14,0,0,0,94,18,22,45.0,Matches,ESP-LALIGA,22-23
cc2dd8a5,131,Juan Cruz,ESP,FW,Betis,22,2000,2.0,1,0,0,4,2,1,6,0,0,0,0,0,8,1,2,33.3,Matches,ESP-LALIGA,22-23
0abc51f2,132,Jorge Cuenca,ESP,DF,Villarreal,22,1999,5.6,1,0,0,4,1,0,1,6,7,0,1,0,28,15,7,68.2,Matches,ESP-LALIGA,22-23
192c89a6,133,Braian Cufré,ARG,DF,Mallorca,25,1996,2.4,0,0,0,5,3,2,1,2,2,0,0,0,13,0,1,0.0,Matches,ESP-LALIGA,22-23
dc62b55d,134,Matheus Cunha,BRA,"FW,MF",Atlético Madrid,23,1999,4.2,2,0,0,7,6,1,3,2,1,0,0,0,16,3,14,17.6,Matches,ESP-LALIGA,22-23
f9a225f5,135,Curro,ESP,MF,Almería,26,1996,0.5,1,0,0,1,0,0,1,0,0,0,0,0,3,0,2,0.0,Matches,ESP-LALIGA,22-23
f08490a6,136,Arnaut Danjuma,NED,FW,Villarreal,25,1997,5.3,0,0,0,2,7,3,6,0,3,0,0,0,10,0,3,0.0,Matches,ESP-LALIGA,22-23
070a3904,137,Sergi Darder,ESP,MF,Espanyol,28,1993,36.9,4,0,0,31,78,2,181,24,38,0,0,0,205,12,13,48.0,Matches,ESP-LALIGA,22-23
162efffd,138,Rodrigo De Paul,ARG,MF,Atlético Madrid,28,1994,21.4,5,0,0,33,49,0,47,8,21,0,0,0,127,6,8,42.9,Matches,ESP-LALIGA,22-23
84a85b48,139,Alberto Del Moral,ESP,MF,Villarreal,22,2000,0.1,0,0,0,0,0,0,0,0,0,0,0,0,0,0,0,,Matches,ESP-LALIGA,22-23
fe641c1a,140,Thomas Delaney,DEN,MF,Sevilla,30,1991,3.4,3,0,0,4,5,1,4,4,2,0,0,0,8,9,2,81.8,Matches,ESP-LALIGA,22-23
e7d2a50b,141,Fran Delgado,ESP,DF,Betis,21,2001,0.1,0,0,0,0,0,0,1,0,0,0,0,0,0,0,0,,Matches,ESP-LALIGA,22-23
b19db005,142,Ousmane Dembélé,FRA,FW,Barcelona,25,1997,15.7,4,0,0,16,19,5,106,0,12,0,0,0,60,4,12,25.0,Matches,ESP-LALIGA,22-23
d2110326,143,Mouctar Diakhaby,GUI,DF,Valencia,25,1996,27.2,7,1,1,23,13,4,1,20,16,0,0,0,149,48,40,54.5,Matches,ESP-LALIGA,22-23
80211dc5,144,Mamady Diarra,MLI,"MF,DF",Cádiz,22,2000,0.7,0,0,0,1,1,0,0,0,1,0,0,0,5,0,0,,Matches,ESP-LALIGA,22-23
d61759ec,145,Youba Diarra,MLI,MF,Cádiz,24,1998,1.1,2,0,0,3,0,0,0,2,0,0,0,0,12,0,2,0.0,Matches,ESP-LALIGA,22-23
fc70e345,146,Stole Dimitrievski,MKD,GK,Rayo Vallecano,28,1993,36.9,4,0,0,0,3,0,0,1,0,0,0,0,40,9,1,90.0,Matches,ESP-LALIGA,22-23
a4971d84,147,Djené,TOG,DF,Getafe,30,1991,31.6,10,1,0,49,38,1,23,42,28,0,2,0,204,53,30,63.9,Matches,ESP-LALIGA,22-23
ac295d9e,148,Marko Dmitrović,SRB,GK,Sevilla,30,1992,14.1,1,0,0,0,1,0,0,0,0,0,0,0,23,4,0,100.0,Matches,ESP-LALIGA,22-23
d557d734,149,Matt Doherty,IRL,DF,Atlético Madrid,30,1992,0.2,0,0,0,1,0,0,0,0,0,0,0,0,0,0,0,,Matches,ESP-LALIGA,22-23
cc83b74d,150,Kasper Dolberg,DEN,FW,Sevilla,24,1997,2.2,0,0,0,2,4,0,0,0,0,0,0,0,3,3,4,42.9,Matches,ESP-LALIGA,22-23
3521abfe,151,Carlos Dominguez,ESP,DF,Celta Vigo,21,2001,1.2,0,0,0,0,0,0,0,0,1,0,0,0,9,1,0,100.0,Matches,ESP-LALIGA,22-23
5e95c000,152,John Donald,ESP,"MF,DF",Elche,21,2000,12.1,3,1,0,23,8,0,0,14,11,0,0,0,52,28,17,62.2,Matches,ESP-LALIGA,22-23
93090f69,153,Domingos Duarte,POR,DF,Getafe,27,1995,29.5,11,1,1,32,21,2,0,39,18,0,2,1,126,47,30,61.0,Matches,ESP-LALIGA,22-23
6db116ec,154,Pablo Durán,ESP,"MF,DF",Celta Vigo,21,2001,0.4,0,0,0,1,0,1,1,1,0,0,0,0,3,1,1,50.0,Matches,ESP-LALIGA,22-23
37e103f8,155,Hugo Duro,ESP,FW,Valencia,22,1999,15.4,5,0,0,20,35,3,2,2,12,0,0,0,37,32,61,34.4,Matches,ESP-LALIGA,22-23
3e93f8cf,156,Íñigo Eguaras,ESP,MF,Almería,30,1992,10.7,6,0,0,7,8,0,3,6,8,0,0,0,67,3,5,37.5,Matches,ESP-LALIGA,22-23
f7dc2ae5,157,Aritz Elustondo,ESP,DF,Real Sociedad,28,1994,16.1,5,1,0,21,9,1,9,20,17,0,0,0,58,18,23,43.9,Matches,ESP-LALIGA,22-23
fd47b4f2,158,Rodrigo Ely,BRA,DF,Almería,28,1993,35.1,10,1,1,25,14,2,3,31,21,0,0,1,142,79,38,67.5,Matches,ESP-LALIGA,22-23
db8f0eba,159,Adri Embarba,ESP,"FW,MF",Almería,30,1992,16.4,5,1,1,22,30,10,127,9,27,0,0,0,100,8,30,21.1,Matches,ESP-LALIGA,22-23
db8f0eba,160,Adri Embarba,ESP,FW,Espanyol,30,1992,0.4,0,0,0,1,1,0,2,0,0,0,0,0,2,0,1,0.0,Matches,ESP-LALIGA,22-23
04e17fd5,161,Youssef En-Nesyri,MAR,FW,Sevilla,25,1997,18.5,4,0,0,10,11,21,4,4,8,0,0,0,28,60,90,40.0,Matches,ESP-LALIGA,22-23
3f79a1c8,162,Gonzalo Escalante,ARG,MF,Cádiz,29,1993,12.5,4,0,0,14,17,0,4,17,24,0,1,0,86,27,28,49.1,Matches,ESP-LALIGA,22-23
b0616e3d,163,Sergio Escudero,ESP,DF,Valladolid,32,1989,16.0,3,0,0,19,20,1,56,26,19,0,0,0,89,24,24,50.0,Matches,ESP-LALIGA,22-23
db001fa9,164,Alfonso Espino,URU,DF,Cádiz,30,1992,34.7,7,0,0,49,36,3,110,48,56,0,3,0,253,33,43,43.4,Matches,ESP-LALIGA,22-23
4242011c,165,Bernardo Espinosa,COL,DF,Girona,33,1989,13.6,5,0,0,12,10,0,0,12,2,0,1,0,66,53,28,65.4,Matches,ESP-LALIGA,22-23
283c7121,166,Edu Expósito,ESP,MF,Espanyol,25,1996,12.9,3,1,0,14,29,0,48,12,20,0,0,0,69,14,12,53.8,Matches,ESP-LALIGA,22-23
3409de86,167,Nicolás Ezequiel Fernández,ARG,"MF,DF",Elche,22,2000,5.7,2,0,0,11,9,3,33,5,12,0,0,1,39,1,6,14.3,Matches,ESP-LALIGA,22-23
bed68338,168,Abde Ezzalzouli,MAR,"FW,MF",Osasuna,20,2001,16.7,4,2,1,27,34,2,76,4,19,0,0,0,71,3,17,15.0,Matches,ESP-LALIGA,22-23
66116290,169,Radamel Falcao,COL,"FW,MF",Rayo Vallecano,36,1986,6.8,4,0,0,16,14,12,0,2,4,0,0,0,19,23,26,46.9,Matches,ESP-LALIGA,22-23
72a84002,170,Fali,ESP,"DF,MF",Cádiz,28,1993,19.0,6,0,0,16,18,1,2,13,19,0,0,0,95,26,26,50.0,Matches,ESP-LALIGA,22-23
805a2a11,171,Mamadou Fall,SEN,DF,Villarreal,19,2002,0.3,0,0,0,1,0,0,1,0,0,0,0,0,4,0,0,,Matches,ESP-LALIGA,22-23
0ba976e4,172,Ansu Fati,ESP,FW,Barcelona,19,2002,15.5,3,0,0,18,13,10,9,5,9,0,0,0,65,7,14,33.3,Matches,ESP-LALIGA,22-23
89151b16,173,Zouhair Feddal,MAR,DF,Valladolid,33,1989,4.2,1,0,0,4,2,0,1,5,2,0,1,0,19,6,7,46.2,Matches,ESP-LALIGA,22-23
bece776f,174,Nabil Fekir,FRA,MF,Betis,29,1993,10.7,4,1,0,21,39,7,48,1,5,1,0,0,31,8,11,42.1,Matches,ESP-LALIGA,22-23
51a3c4c8,175,Felipe,BRA,DF,Atlético Madrid,33,1989,2.2,0,0,0,4,3,0,0,0,2,0,0,0,16,6,6,50.0,Matches,ESP-LALIGA,22-23
15d0c248,176,Luiz Felipe,ITA,DF,Betis,25,1997,19.6,3,3,0,10,10,0,2,28,23,0,0,0,80,31,36,46.3,Matches,ESP-LALIGA,22-23
8aafd64f,177,João Félix,POR,"FW,MF",Atlético Madrid,22,1999,7.2,5,0,0,16,23,3,8,3,7,0,0,0,18,7,8,46.7,Matches,ESP-LALIGA,22-23
e5d01ecf,178,Kiko Femenía,ESP,DF,Villarreal,31,1991,12.6,0,0,0,6,8,0,31,20,9,0,0,0,61,9,6,60.0,Matches,ESP-LALIGA,22-23
a01c3d54,179,Aitor Fernández,ESP,GK,Osasuna,31,1991,21.0,1,0,0,0,0,0,0,2,1,0,0,0,27,3,1,75.0,Matches,ESP-LALIGA,22-23
aa677a35,180,Álex Fernández,ESP,"MF,FW",Cádiz,29,1992,17.5,0,0,0,7,14,0,37,8,7,0,0,0,77,12,30,28.6,Matches,ESP-LALIGA,22-23
f127d782,181,Álvaro Fernández,ESP,GK,Espanyol,24,1998,11.0,1,0,0,0,2,0,0,0,0,0,0,0,15,2,1,66.7,Matches,ESP-LALIGA,22-23
e08647d6,182,Carlos Fernández,ESP,FW,Real Sociedad,26,1996,7.0,6,0,0,17,15,9,0,1,4,0,0,0,35,25,23,52.1,Matches,ESP-LALIGA,22-23
f25b010f,183,Federico Fernández,ARG,DF,Elche,33,1989,1.0,0,0,0,0,0,0,0,2,1,0,0,0,3,1,2,33.3,Matches,ESP-LALIGA,22-23
b86a64b2,184,Joaquín Fernández,ESP,DF,Valladolid,26,1996,24.0,4,0,0,16,11,3,1,27,28,0,1,1,93,52,29,64.2,Matches,ESP-LALIGA,22-23
4acd733a,185,Valery Fernández,ESP,"MF,DF",Girona,22,1999,10.7,1,0,0,6,16,4,23,10,6,1,1,0,49,10,5,66.7,Matches,ESP-LALIGA,22-23
dabb2827,186,Fernando,ESP,GK,Almería,32,1990,36.5,3,0,0,0,6,0,0,1,0,0,0,0,35,2,1,66.7,Matches,ESP-LALIGA,22-23
41f32541,187,Fernando,BRA,"MF,DF",Sevilla,35,1987,17.5,3,1,0,17,9,0,2,24,23,0,0,1,99,20,13,60.6,Matches,ESP-LALIGA,22-23
eb82b6f1,188,Fidel,ESP,"MF,FW",Elche,32,1989,19.0,5,0,0,10,19,9,57,5,10,0,0,0,101,3,9,25.0,Matches,ESP-LALIGA,22-23
45e17712,189,Dimitri Foulquier,FRA,DF,Valencia,29,1993,19.3,4,0,0,28,14,1,86,14,19,0,0,0,111,18,19,48.6,Matches,ESP-LALIGA,22-23
6c7762c3,190,Juan Foyth,ARG,DF,Villarreal,24,1998,21.8,6,0,0,40,9,0,10,20,48,0,1,0,125,36,22,62.1,Matches,ESP-LALIGA,22-23
29d0f2ac,191,Iván Fresneda,ESP,DF,Valladolid,17,2004,19.4,3,0,0,13,25,0,59,15,34,0,0,0,103,8,18,30.8,Matches,ESP-LALIGA,22-23
a4b00319,192,Javi Galán,ESP,DF,Celta Vigo,27,1994,35.1,6,0,0,50,73,8,162,41,72,0,1,0,211,33,24,57.9,Matches,ESP-LALIGA,22-23
91f7631f,193,Iñigo Ruiz de Galarreta,ESP,MF,Mallorca,28,1993,27.2,12,0,0,60,46,0,54,30,38,0,1,0,195,20,24,45.5,Matches,ESP-LALIGA,22-23
a10361d2,194,Aleix García,ESP,MF,Girona,25,1997,26.0,1,0,0,14,29,1,179,31,20,0,0,0,132,13,6,68.4,Matches,ESP-LALIGA,22-23
90bbd822,195,Álvaro García,ESP,"FW,MF",Rayo Vallecano,29,1992,31.9,7,0,0,36,32,12,159,34,28,2,0,0,184,12,8,60.0,Matches,ESP-LALIGA,22-23
e7f4603c,196,Borja García,ESP,"MF,FW",Girona,31,1990,7.5,1,0,0,4,20,3,17,5,4,0,0,0,33,6,7,46.2,Matches,ESP-LALIGA,22-23
661e2822,197,Carlos García,ESP,DF,Cádiz,22,2000,0.3,0,0,0,0,0,0,0,0,0,0,0,0,1,1,0,100.0,Matches,ESP-LALIGA,22-23
240d3a0b,198,Dani García,ESP,MF,Athletic Club,32,1990,16.5,6,0,0,34,14,0,5,19,27,0,0,0,97,21,17,55.3,Matches,ESP-LALIGA,22-23
3e42f707,199,David García,ESP,DF,Osasuna,28,1994,29.8,8,1,0,54,15,0,2,45,20,0,1,0,162,84,36,70.0,Matches,ESP-LALIGA,22-23
2bed3eab,200,Eric García,ESP,"DF,MF",Barcelona,21,2001,15.7,3,0,0,18,8,0,0,19,16,0,2,0,90,23,15,60.5,Matches,ESP-LALIGA,22-23
7226539b,201,Fran Garcia,ESP,DF,Rayo Vallecano,22,1999,37.9,1,0,0,22,26,3,156,44,54,0,2,0,229,7,20,25.9,Matches,ESP-LALIGA,22-23
87b498b0,202,Joan García,ESP,GK,Espanyol,21,2001,1.0,0,0,0,0,0,0,0,0,0,0,0,0,3,0,0,,Matches,ESP-LALIGA,22-23
b418dbd4,203,Raúl García,ESP,"FW,MF",Athletic Club,36,1986,10.7,4,0,0,14,19,8,13,6,8,0,0,0,31,40,38,51.3,Matches,ESP-LALIGA,22-23
5c96b017,204,Rubén García,ESP,"FW,MF",Osasuna,29,1993,12.9,2,0,0,14,17,1,79,12,11,0,0,0,71,12,35,25.5,Matches,ESP-LALIGA,22-23
4a633cfe,205,Unai García,ESP,DF,Osasuna,30,1992,19.0,6,1,0,22,4,0,3,19,13,0,1,0,90,38,29,56.7,Matches,ESP-LALIGA,22-23
9a26fa06,206,Felix Garreta,ESP,DF,Betis,18,2004,1.0,0,0,0,2,1,0,0,1,0,0,0,0,3,1,1,50.0,Matches,ESP-LALIGA,22-23
5757adc3,207,Aleix Garrido,ESP,FW,Barcelona,18,2004,0.1,0,0,0,0,0,0,1,0,1,0,0,0,1,0,0,,Matches,ESP-LALIGA,22-23
475a738b,208,Sékou Gassama,SEN,FW,Valladolid,27,1995,0.4,0,0,0,1,0,0,0,0,0,0,0,0,2,2,2,50.0,Matches,ESP-LALIGA,22-23
19cae58d,209,Gavi,ESP,"MF,FW",Barcelona,17,2004,28.1,10,0,0,74,72,9,38,18,31,0,0,0,113,39,33,54.2,Matches,ESP-LALIGA,22-23
63d17038,210,Paulo Gazzaniga,ARG,GK,Girona,30,1992,28.0,4,0,0,0,6,0,0,1,0,0,0,0,36,4,0,100.0,Matches,ESP-LALIGA,22-23
7b5ab7f2,211,Bryan Gil,ESP,"FW,DF",Sevilla,21,2001,10.2,4,0,0,18,21,3,29,8,11,0,0,0,63,4,9,30.8,Matches,ESP-LALIGA,22-23
fea23125,212,David Gil,ESP,GK,Cádiz,28,1994,4.0,0,0,0,0,0,0,0,0,0,0,0,0,5,0,0,,Matches,ESP-LALIGA,22-23
6652cf96,213,Óscar Gil,ESP,DF,Espanyol,25,1997,28.4,14,0,0,54,39,0,38,31,37,0,1,0,124,13,39,25.0,Matches,ESP-LALIGA,22-23
18017beb,214,Álvaro Giménez,ESP,FW,Cádiz,31,1991,0.2,0,0,0,1,1,1,0,0,0,0,0,0,0,0,0,,Matches,ESP-LALIGA,22-23
0e5ddc7c,215,Dani Gómez,ESP,"MF,FW",Espanyol,24,1998,1.0,2,0,0,3,2,4,2,1,1,0,0,0,5,1,0,100.0,Matches,ESP-LALIGA,22-23
4c2e9442,216,Maxi Gómez,URU,FW,Valencia,25,1996,1.2,0,0,0,4,3,1,0,0,0,0,0,0,0,2,6,25.0,Matches,ESP-LALIGA,22-23
5a626448,217,Moi Gómez,ESP,"MF,FW",Osasuna,28,1994,27.3,5,0,0,14,26,1,115,10,17,0,0,0,176,7,25,21.9,Matches,ESP-LALIGA,22-23
6e4df551,218,Papu Gómez,ARG,"FW,MF",Sevilla,34,1988,11.8,4,0,0,6,22,3,40,4,4,0,1,0,44,3,6,33.3,Matches,ESP-LALIGA,22-23
bc6f5f06,219,Sergi Gómez,ESP,DF,Espanyol,30,1992,26.0,1,2,0,9,8,0,3,27,16,0,0,0,113,43,36,54.4,Matches,ESP-LALIGA,22-23
f0f4671c,220,Antonio Gomis,ESP,GK,Atlético Madrid,19,2003,0.1,0,0,0,0,0,0,0,0,0,0,0,0,0,0,0,,Matches,ESP-LALIGA,22-23
4ac7608e,221,Diego González,ESP,DF,Elche,27,1995,10.6,4,0,0,17,5,0,1,7,7,0,1,0,47,19,8,70.4,Matches,ESP-LALIGA,22-23
49d028db,222,Édgar González,ESP,DF,Betis,25,1997,19.7,8,2,2,23,13,0,0,21,19,0,0,0,83,48,33,59.3,Matches,ESP-LALIGA,22-23
1fc474ae,223,Giovanni González,URU,DF,Mallorca,27,1994,10.3,5,0,0,16,17,1,20,7,8,0,0,0,48,12,11,52.2,Matches,ESP-LALIGA,22-23
2c56a792,224,Nicolás González,ESP,MF,Valencia,20,2002,15.6,2,0,0,33,13,0,3,19,15,0,1,1,95,27,15,64.3,Matches,ESP-LALIGA,22-23
56545648,225,Roberto González,ESP,"FW,MF",Betis,21,2001,0.6,1,0,0,1,4,0,5,1,0,0,0,0,0,0,0,,Matches,ESP-LALIGA,22-23
6f5f82c0,226,Andoni Gorosabel,ESP,DF,Real Sociedad,25,1996,19.0,3,0,0,25,17,0,41,17,25,0,0,0,82,19,33,36.5,Matches,ESP-LALIGA,22-23
ee45d138,227,José Gragera,ESP,"MF,DF",Espanyol,21,2000,5.1,2,0,0,14,6,0,0,7,9,0,0,0,17,12,9,57.1,Matches,ESP-LALIGA,22-23
3f034750,228,Ivo Grbić,CRO,GK,Atlético Madrid,26,1996,10.2,3,0,0,1,1,0,0,0,0,0,1,0,9,4,1,80.0,Matches,ESP-LALIGA,22-23
30061f53,229,Dominik Greif,SVK,GK,Mallorca,25,1997,1.0,0,0,0,0,0,0,0,0,0,0,0,0,0,0,0,,Matches,ESP-LALIGA,22-23
8b298f56,230,Clément Grenier,FRA,MF,Mallorca,31,1991,8.0,7,0,0,21,13,0,34,6,8,0,0,0,46,3,9,25.0,Matches,ESP-LALIGA,22-23
df69b544,231,Antoine Griezmann,FRA,"FW,MF",Atlético Madrid,31,1991,31.8,2,0,0,22,41,11,131,24,34,0,0,0,150,28,34,45.2,Matches,ESP-LALIGA,22-23
ef322658,232,Andrés Guardado,MEX,MF,Betis,35,1986,15.3,7,0,0,16,10,0,9,23,25,0,0,0,121,17,29,37.0,Matches,ESP-LALIGA,22-23
32974271,233,Sergi Guardiola,ESP,FW,Valladolid,31,1991,5.6,1,0,0,14,9,4,3,2,7,0,0,0,14,9,14,39.1,Matches,ESP-LALIGA,22-23
32974271,234,Sergi Guardiola,ESP,FW,Cádiz,31,1991,12.9,2,0,0,7,21,11,14,3,7,0,0,0,39,11,31,26.2,Matches,ESP-LALIGA,22-23
0076ab7f,235,Nemanja Gudelj,SRB,"DF,MF",Sevilla,30,1991,30.9,8,0,0,26,21,1,3,34,33,0,0,0,119,47,23,67.1,Matches,ESP-LALIGA,22-23
3828f130,236,Javier Guerra,ESP,MF,Valencia,19,2003,6.7,0,0,0,13,7,0,8,11,13,0,0,0,43,6,8,42.9,Matches,ESP-LALIGA,22-23
8e48dc61,237,Ander Guevara,ESP,MF,Real Sociedad,25,1997,2.5,2,0,0,5,3,0,0,2,2,0,0,0,19,3,2,60.0,Matches,ESP-LALIGA,22-23
7155e3e1,238,Pape Gueye,SEN,MF,Sevilla,23,1999,13.0,6,3,2,30,34,1,18,22,22,2,0,0,81,19,17,52.8,Matches,ESP-LALIGA,22-23
f7c12fbf,239,Hugo Guillamón,ESP,MF,Valencia,22,2000,18.1,5,0,0,35,34,0,32,19,12,0,2,1,96,20,20,50.0,Matches,ESP-LALIGA,22-23
ac454a4f,240,Gerard Gumbau,ESP,MF,Elche,27,1994,30.4,11,0,0,51,21,2,164,28,25,0,0,0,165,22,30,42.3,Matches,ESP-LALIGA,22-23
6b5ea2f4,241,Gorka Guruzeta,ESP,FW,Athletic Club,25,1996,15.8,2,0,0,28,14,16,4,4,20,0,0,0,49,29,47,38.2,Matches,ESP-LALIGA,22-23
0b2c8585,242,Raúl Guti,ESP,MF,Elche,25,1996,12.4,1,0,0,8,22,1,9,8,12,0,0,0,64,6,10,37.5,Matches,ESP-LALIGA,22-23
7e98cff1,243,Miguel Gutiérrez,ESP,DF,Girona,21,2001,26.6,6,0,0,23,24,3,104,18,23,0,0,0,157,9,16,36.0,Matches,ESP-LALIGA,22-23
8696bc90,244,Munir El Haddadi,MAR,"MF,FW",Getafe,26,1995,12.8,4,0,0,14,34,13,70,9,7,0,0,0,64,28,28,50.0,Matches,ESP-LALIGA,22-23
82cfae2a,245,Dennis Hadzikadunic,BIH,DF,Mallorca,24,1998,6.8,1,0,0,6,2,0,0,3,6,0,0,0,28,16,13,55.2,Matches,ESP-LALIGA,22-23
e0979e74,246,Haissem Hassan,FRA,"FW,MF",Villarreal,20,2002,0.6,0,0,0,0,1,0,1,1,0,0,0,0,2,1,1,50.0,Matches,ESP-LALIGA,22-23
a39bb753,247,Eden Hazard,BEL,FW,Real Madrid,31,1991,2.2,0,0,0,2,9,0,0,1,0,0,0,0,5,1,0,100.0,Matches,ESP-LALIGA,22-23
8059806f,248,Luiz Henrique,BRA,FW,Betis,21,2001,20.1,6,0,0,25,41,5,31,14,34,0,0,0,127,27,41,39.7,Matches,ESP-LALIGA,22-23
555f3a0b,249,Mario Hermoso,ESP,DF,Atlético Madrid,27,1995,23.4,7,2,2,27,13,2,16,19,15,0,1,0,137,35,27,56.5,Matches,ESP-LALIGA,22-23
9a76c2e9,250,Javi Hernández,ESP,DF,Girona,24,1998,12.4,3,0,0,9,21,1,16,7,12,0,1,0,67,10,10,50.0,Matches,ESP-LALIGA,22-23
132ac341,251,Aridane Hernández,ESP,DF,Osasuna,33,1989,19.9,1,0,0,14,12,0,0,28,15,0,0,1,107,30,15,66.7,Matches,ESP-LALIGA,22-23
02d2c436,252,Luis Hernández,ESP,DF,Cádiz,33,1989,35.0,8,1,1,27,7,2,18,31,21,0,0,0,148,40,23,63.5,Matches,ESP-LALIGA,22-23
90162357,253,Mario Hernández,ESP,DF,Rayo Vallecano,23,1999,1.1,1,0,0,1,1,0,1,2,2,0,0,0,3,0,1,0.0,Matches,ESP-LALIGA,22-23
e19c989c,254,Jorge Herrando,ESP,DF,Osasuna,21,2001,0.3,0,1,0,1,0,0,0,0,0,0,0,0,0,3,0,100.0,Matches,ESP-LALIGA,22-23
436a9dd0,255,Ander Herrera,ESP,MF,Athletic Club,32,1989,7.7,4,1,0,20,11,0,7,11,10,0,0,0,53,7,5,58.3,Matches,ESP-LALIGA,22-23
a4995f48,256,Sergio Herrera,ESP,GK,Osasuna,29,1993,17.0,3,0,0,1,4,0,0,1,0,0,1,1,12,2,1,66.7,Matches,ESP-LALIGA,22-23
5083a734,257,Yangel Herrera,VEN,"MF,FW",Girona,24,1998,10.7,4,0,0,34,22,2,19,4,9,0,0,0,45,18,31,36.7,Matches,ESP-LALIGA,22-23
139560df,258,Omar El Hilali,MAR,"DF,MF",Espanyol,18,2003,1.0,1,0,0,0,2,0,2,1,2,0,0,0,10,2,1,66.7,Matches,ESP-LALIGA,22-23
b85bf253,259,Martin Hongla,CMR,"DF,MF",Valladolid,24,1998,14.5,7,2,1,21,3,2,7,8,13,0,1,0,98,7,16,30.4,Matches,ESP-LALIGA,22-23
3701906c,260,Pablo Ibáñez,ESP,MF,Osasuna,23,1998,11.8,1,0,0,22,16,4,6,8,13,0,0,0,61,24,37,39.3,Matches,ESP-LALIGA,22-23
974322dc,261,Iglesias,ESP,"DF,MF",Getafe,24,1998,23.8,7,0,0,44,21,2,86,21,35,0,0,0,127,15,19,44.1,Matches,ESP-LALIGA,22-23
75645f0e,262,Borja Iglesias,ESP,FW,Betis,29,1993,26.3,2,1,0,40,52,22,0,1,4,0,0,0,46,24,44,35.3,Matches,ESP-LALIGA,22-23
5ce0b5ba,263,Asier Illarramendi,ESP,MF,Real Sociedad,32,1990,12.0,5,0,0,25,13,0,6,18,18,0,0,0,67,16,20,44.4,Matches,ESP-LALIGA,22-23
8e92be30,264,Alexander Isak,SWE,FW,Real Sociedad,22,1999,1.7,0,0,0,1,0,0,2,0,1,0,0,0,2,0,0,,Matches,ESP-LALIGA,22-23
a0b4bb3e,265,Isco,ESP,"MF,FW",Sevilla,30,1992,8.9,5,0,0,11,34,6,18,10,9,0,0,0,48,5,14,26.3,Matches,ESP-LALIGA,22-23
9d33c71a,266,Diego Iturralde,ESP,DF,Sevilla,19,2003,0.5,1,0,0,2,1,0,1,0,0,0,0,0,1,1,1,50.0,Matches,ESP-LALIGA,22-23
9c36ed83,267,Nicolas Jackson,SEN,FW,Villarreal,21,2001,17.8,6,1,1,32,26,13,5,2,11,0,0,0,46,13,30,30.2,Matches,ESP-LALIGA,22-23
4737cebe,268,Adnan Januzaj,BEL,FW,Sevilla,27,1995,0.5,0,0,0,1,2,0,1,1,0,0,0,0,5,0,0,,Matches,ESP-LALIGA,22-23
eeba07f8,269,Luis Javier Suárez,COL,FW,Almería,24,1997,16.6,4,1,0,36,22,5,11,3,11,1,0,0,46,36,55,39.6,Matches,ESP-LALIGA,22-23
4c5b14d2,270,Joaquín,ESP,"MF,FW",Betis,41,1981,5.5,2,0,0,1,8,1,31,4,3,0,0,0,25,1,5,16.7,Matches,ESP-LALIGA,22-23
1bacc518,271,Frenkie de Jong,NED,MF,Barcelona,25,1997,28.2,3,0,0,33,34,1,37,35,26,0,0,0,182,32,15,68.1,Matches,ESP-LALIGA,22-23
2a0c8ba4,272,Joan Jordán,ESP,MF,Sevilla,28,1994,17.7,8,0,0,34,12,0,8,16,17,0,0,0,113,11,12,47.8,Matches,ESP-LALIGA,22-23
5b28b2f6,273,Josan,ESP,"DF,MF",Elche,32,1989,12.0,3,0,0,10,18,5,48,7,20,0,1,0,67,5,7,41.7,Matches,ESP-LALIGA,22-23
d87e2cae,274,Willian José,BRA,FW,Betis,30,1991,8.1,1,0,0,9,6,3,4,1,6,0,0,0,31,16,20,44.4,Matches,ESP-LALIGA,22-23
6265208f,275,Joselu,ESP,FW,Espanyol,32,1990,33.2,2,0,0,23,70,26,17,8,11,2,0,0,69,174,107,61.9,Matches,ESP-LALIGA,22-23
84399660,276,Juanmi,ESP,FW,Betis,29,1993,10.3,3,0,0,15,22,15,0,4,10,0,0,0,45,9,16,36.0,Matches,ESP-LALIGA,22-23
1633fc8a,277,Juanpe,ESP,DF,Girona,31,1991,15.8,3,0,0,11,2,0,3,10,11,0,1,0,59,18,9,66.7,Matches,ESP-LALIGA,22-23
360d70f8,278,Lago Junior,CIV,"FW,MF",Mallorca,31,1990,0.6,0,0,0,3,1,0,2,0,0,0,0,0,7,4,1,80.0,Matches,ESP-LALIGA,22-23
7111d552,279,Vinicius Júnior,BRA,FW,Real Madrid,22,2000,31.4,10,1,0,47,122,23,64,6,21,1,0,0,98,2,6,25.0,Matches,ESP-LALIGA,22-23
0107757e,280,Filip Jørgensen,DEN,GK,Villarreal,20,2002,2.0,0,0,0,0,0,0,0,0,0,0,0,0,2,0,0,,Matches,ESP-LALIGA,22-23
7d08063d,281,Tino Kadewere,ZIM,"FW,MF",Mallorca,26,1996,6.0,1,0,0,6,3,5,7,2,3,0,0,0,17,30,20,60.0,Matches,ESP-LALIGA,22-23
55634fb8,282,Kaiky,BRA,DF,Almería,18,2004,6.5,5,0,0,7,3,0,1,11,5,0,1,0,22,6,10,37.5,Matches,ESP-LALIGA,22-23
8455ad90,283,Lee Kang-in,KOR,"MF,FW",Mallorca,21,2001,31.4,10,0,0,51,61,2,201,11,24,0,0,0,146,23,57,28.8,Matches,ESP-LALIGA,22-23
211589b8,284,Jon Karrikaburu,ESP,FW,Real Sociedad,19,2002,1.0,1,0,0,3,4,3,1,0,0,0,0,0,5,4,4,50.0,Matches,ESP-LALIGA,22-23
5eebbfdf,285,Kenedy,BRA,"FW,DF",Valladolid,26,1996,3.1,3,0,0,9,2,0,5,1,2,0,0,0,14,2,3,40.0,Matches,ESP-LALIGA,22-23
05e19d6a,286,Franck Kessié,CIV,MF,Barcelona,25,1996,11.0,4,0,0,17,16,3,5,12,9,0,0,0,61,7,8,46.7,Matches,ESP-LALIGA,22-23
e897d8ba,287,Kiké,ESP,FW,Osasuna,32,1989,11.3,5,0,0,26,26,6,7,1,3,2,0,0,33,44,57,43.6,Matches,ESP-LALIGA,22-23
4c3a6744,288,Justin Kluivert,NED,"FW,MF",Valencia,23,1999,16.1,4,0,0,24,19,10,64,7,14,1,0,0,69,8,22,26.7,Matches,ESP-LALIGA,22-23
55126f3b,289,Koke,ESP,MF,Atlético Madrid,30,1992,28.3,4,0,0,20,27,1,24,20,38,0,0,0,170,11,14,44.0,Matches,ESP-LALIGA,22-23
fc076f78,290,Luca Koleosho,ITA,"FW,DF",Espanyol,17,2004,0.7,0,0,0,1,0,1,3,0,2,0,0,0,5,0,0,,Matches,ESP-LALIGA,22-23
cce181df,291,Geoffrey Kondogbia,CTA,MF,Atlético Madrid,29,1993,11.2,5,0,0,17,19,2,0,26,23,0,0,0,101,12,10,54.5,Matches,ESP-LALIGA,22-23
4d1666ff,292,Jules Koundé,FRA,DF,Barcelona,23,1998,27.0,2,0,0,22,12,2,36,19,23,0,0,1,157,43,22,66.2,Matches,ESP-LALIGA,22-23
6ce1f46f,293,Toni Kroos,GER,MF,Real Madrid,32,1990,23.9,2,1,1,28,36,0,122,24,32,0,1,0,154,7,4,63.6,Matches,ESP-LALIGA,22-23
16aa3654,294,Takefusa Kubo,JPN,"FW,MF",Real Sociedad,21,2001,27.1,3,0,0,35,48,21,72,9,26,2,0,0,107,16,25,39.0,Matches,ESP-LALIGA,22-23
60abea75,295,César de la Hoz,ESP,MF,Almería,30,1992,18.6,6,0,0,21,12,0,3,13,20,0,1,0,83,24,29,45.3,Matches,ESP-LALIGA,22-23
e9241b40,296,Luca de la Torre,USA,MF,Celta Vigo,24,1998,16.5,6,0,0,33,12,4,21,9,19,0,0,0,98,5,23,17.9,Matches,ESP-LALIGA,22-23
abe66106,297,Érik Lamela,ARG,"FW,MF",Sevilla,30,1992,20.5,10,1,1,59,21,8,33,7,27,0,0,0,105,16,30,34.8,Matches,ESP-LALIGA,22-23
e7af9060,298,Cyle Larin,CAN,FW,Valladolid,27,1995,16.3,4,0,0,23,25,29,6,0,3,0,1,0,41,43,60,41.7,Matches,ESP-LALIGA,22-23
2bea832e,299,Juanmi Latasa,ESP,FW,Getafe,21,2001,5.0,2,0,0,21,11,1,2,1,4,0,0,0,17,68,54,55.7,Matches,ESP-LALIGA,22-23
8e088e04,300,Toni Lato,ESP,"DF,MF",Valencia,24,1997,10.2,1,0,0,12,9,4,32,6,11,0,0,0,50,4,19,17.4,Matches,ESP-LALIGA,22-23
86ff856b,301,Lázaro,BRA,"FW,MF",Almería,20,2002,8.0,1,0,0,7,12,3,9,2,3,0,0,0,32,6,14,30.0,Matches,ESP-LALIGA,22-23
9a64e67e,302,Robin Le Normand,ESP,DF,Real Sociedad,25,1996,31.1,6,0,0,44,29,2,1,33,23,0,0,1,147,108,37,74.5,Matches,ESP-LALIGA,22-23
2fa2a875,303,Benjamin Lecomte,FRA,GK,Espanyol,31,1991,10.0,1,1,0,1,0,0,0,0,0,0,0,1,16,0,0,,Matches,ESP-LALIGA,22-23
6c4776b1,304,Jeremías Ledesma,ARG,GK,Cádiz,29,1993,34.0,2,0,0,1,7,0,0,2,2,0,1,0,39,8,3,72.7,Matches,ESP-LALIGA,22-23
6eaed4eb,305,Florian Lejeune,FRA,DF,Rayo Vallecano,31,1991,28.5,6,3,1,23,9,5,9,15,17,0,1,1,123,59,32,64.8,Matches,ESP-LALIGA,22-23
59b7d823,306,Iñigo Lekue,ESP,DF,Athletic Club,29,1993,14.7,1,0,0,15,6,1,43,13,17,0,0,0,118,17,8,68.0,Matches,ESP-LALIGA,22-23
4dbd0916,307,Thomas Lemar,FRA,MF,Atlético Madrid,26,1995,13.9,1,0,0,7,17,2,44,7,18,0,0,0,75,5,7,41.7,Matches,ESP-LALIGA,22-23
0a0cc13c,308,Sergio León,ESP,FW,Valladolid,33,1989,14.8,0,1,0,8,22,20,9,0,4,0,0,0,45,18,47,27.7,Matches,ESP-LALIGA,22-23
8d78e732,309,Robert Lewandowski,POL,FW,Barcelona,33,1988,31.6,4,1,1,39,46,22,19,2,11,0,0,0,58,52,45,53.6,Matches,ESP-LALIGA,22-23
2a295d33,310,Samuel Lino,BRA,"FW,MF",Valencia,22,1999,32.1,4,0,0,35,60,15,82,18,43,2,0,0,170,17,41,29.3,Matches,ESP-LALIGA,22-23
ff800ed8,311,Pol Lirola,ESP,DF,Elche,24,1997,7.0,1,0,0,4,3,0,32,7,6,0,0,0,45,8,6,57.1,Matches,ESP-LALIGA,22-23
38b0cf42,312,Javier Llabrés,ESP,FW,Mallorca,19,2002,0.2,0,0,0,0,0,2,0,0,0,0,0,0,1,0,1,0.0,Matches,ESP-LALIGA,22-23
02c15616,313,Marcos Llorente,ESP,"MF,DF",Atlético Madrid,27,1995,18.9,5,0,0,30,13,3,44,17,15,0,1,0,108,10,19,34.5,Matches,ESP-LALIGA,22-23
d7553721,314,Giovani Lo Celso,ARG,"MF,FW",Villarreal,26,1996,12.5,3,0,0,15,31,4,31,6,28,0,0,0,61,2,5,28.6,Matches,ESP-LALIGA,22-23
f03f284b,315,David López,ESP,DF,Girona,32,1989,18.4,5,0,0,16,16,3,0,14,18,0,0,0,106,29,32,47.5,Matches,ESP-LALIGA,22-23
73683fa9,316,Diego López,ESP,GK,Rayo Vallecano,40,1981,1.1,0,0,0,0,0,0,0,0,0,0,0,0,3,0,0,,Matches,ESP-LALIGA,22-23
c487901c,317,Diego López,ESP,"FW,MF",Valencia,20,2002,5.0,0,0,0,6,7,1,12,3,2,0,0,0,29,7,8,46.7,Matches,ESP-LALIGA,22-23
88050721,318,Unai López,ESP,MF,Rayo Vallecano,26,1995,13.9,2,0,0,22,17,2,55,15,20,0,0,0,98,7,17,29.2,Matches,ESP-LALIGA,22-23
38699c72,319,Anthony Lozano,HON,FW,Cádiz,29,1993,16.0,6,0,0,43,35,8,7,3,4,1,0,0,47,60,79,43.2,Matches,ESP-LALIGA,22-23
ea610f00,320,Pol Lozano,ESP,MF,Espanyol,22,1999,0.2,1,0,0,1,0,0,1,0,0,0,0,0,1,1,1,50.0,Matches,ESP-LALIGA,22-23
b05e2dbd,321,José Luis Gayà,ESP,DF,Valencia,27,1995,30.1,4,0,0,13,27,7,213,23,46,1,0,0,166,24,21,53.3,Matches,ESP-LALIGA,22-23
4a478107,322,José Luis Morales,ESP,"FW,MF",Villarreal,35,1987,13.5,2,0,0,6,10,11,13,2,6,0,0,0,29,8,16,33.3,Matches,ESP-LALIGA,22-23
3061e1ec,323,Andriy Lunin,UKR,GK,Real Madrid,23,1999,7.0,0,0,0,0,0,0,0,0,0,0,0,0,14,0,0,,Matches,ESP-LALIGA,22-23
922da988,324,Awer Mabil,AUS,"MF,FW",Cádiz,26,1995,1.8,0,0,0,0,3,0,9,0,0,0,0,0,6,1,5,16.7,Matches,ESP-LALIGA,22-23
ed6ea4d9,325,Darwin Machís,VEN,FW,Valladolid,29,1993,6.7,1,0,0,10,12,2,37,3,2,0,0,0,26,2,6,25.0,Matches,ESP-LALIGA,22-23
5db04597,326,Pablo Maffeo,ESP,DF,Mallorca,25,1997,33.1,6,1,0,32,45,5,123,26,46,0,0,0,161,47,32,59.5,Matches,ESP-LALIGA,22-23
01a49bd2,327,Lisandro Magallán,ARG,DF,Elche,28,1993,10.0,0,1,0,15,5,0,1,13,11,0,0,0,53,17,19,47.2,Matches,ESP-LALIGA,22-23
d4808594,328,Jon Magunacelaya,ESP,"MF,FW",Real Sociedad,22,2000,0.7,0,0,0,1,1,0,2,0,0,0,0,0,4,0,2,0.0,Matches,ESP-LALIGA,22-23
00b28772,329,Nemanja Maksimović,SRB,MF,Getafe,27,1995,22.8,3,0,0,25,8,0,9,34,30,0,0,0,93,45,30,60.0,Matches,ESP-LALIGA,22-23
cb574619,330,Hugo Mallo,ESP,DF,Celta Vigo,31,1991,24.0,6,1,1,44,23,6,67,24,29,0,1,0,124,52,46,53.1,Matches,ESP-LALIGA,22-23
bbc19252,331,Mickael Malsa,MTQ,MF,Valladolid,26,1995,0.8,0,0,0,2,0,0,0,2,2,0,0,0,5,1,1,50.0,Matches,ESP-LALIGA,22-23
d4b73232,332,Giorgi Mamardashvili,GEO,GK,Valencia,21,2000,38.0,3,0,0,1,3,0,0,1,0,0,1,0,61,8,1,88.9,Matches,ESP-LALIGA,22-23
c20bdcd7,333,Reinildo Mandava,MOZ,DF,Atlético Madrid,28,1994,20.6,4,0,0,32,30,0,16,30,43,0,0,0,129,29,20,59.2,Matches,ESP-LALIGA,22-23
fbd6378b,334,Aïssa Mandi,ALG,DF,Villarreal,30,1991,16.2,1,0,0,16,10,4,2,21,10,0,0,0,62,20,19,51.3,Matches,ESP-LALIGA,22-23
133faa84,335,Marcão,BRA,DF,Sevilla,26,1996,4.2,2,0,0,5,6,0,0,6,2,0,0,0,16,8,4,66.7,Matches,ESP-LALIGA,22-23
853b7c48,336,Agustín Marchesín,ARG,GK,Celta Vigo,34,1988,19.0,2,0,0,0,4,0,0,0,0,0,0,0,22,3,0,100.0,Matches,ESP-LALIGA,22-23
9f323c71,337,Óscar de Marcos,ESP,DF,Athletic Club,33,1989,31.3,7,0,0,43,16,2,130,29,33,0,0,1,198,25,23,52.1,Matches,ESP-LALIGA,22-23
44330c36,338,Alberto Marí,ESP,"FW,MF",Valencia,21,2001,1.0,1,0,0,3,2,2,0,0,0,0,0,0,4,2,3,40.0,Matches,ESP-LALIGA,22-23
6f4c734d,339,José Mari,ESP,MF,Cádiz,34,1987,4.4,4,0,0,6,7,0,1,5,7,0,0,0,38,5,7,41.7,Matches,ESP-LALIGA,22-23
f0da930c,340,José María Giménez,URU,DF,Atlético Madrid,27,1995,26.9,9,0,0,19,8,0,0,24,25,0,1,0,141,49,24,67.1,Matches,ESP-LALIGA,22-23
5c4dc0ff,341,Mariano,DOM,FW,Real Madrid,28,1993,1.7,2,0,0,3,0,1,0,0,0,0,0,0,4,5,3,62.5,Matches,ESP-LALIGA,22-23
a83c19cf,342,Pablo Marín,ESP,"MF,FW",Real Sociedad,19,2003,4.0,1,0,0,12,2,0,3,4,5,0,0,0,20,4,7,36.4,Matches,ESP-LALIGA,22-23
d9235a45,343,Diego Mariño,ESP,GK,Almería,32,1990,0.5,0,0,0,0,0,0,0,0,0,0,0,0,0,0,0,,Matches,ESP-LALIGA,22-23
0ae4e09a,344,Roger Martí,ESP,FW,Elche,31,1991,7.3,2,0,0,16,11,4,5,1,2,0,0,0,27,6,12,33.3,Matches,ESP-LALIGA,22-23
0ae4e09a,345,Roger Martí,ESP,FW,Cádiz,31,1991,7.1,1,0,0,26,15,8,0,2,4,0,0,0,22,10,23,30.3,Matches,ESP-LALIGA,22-23
e1e75690,346,Ander Martin,ESP,"MF,FW",Real Sociedad,21,2000,0.5,0,0,0,2,0,0,4,0,2,0,0,0,5,1,3,25.0,Matches,ESP-LALIGA,22-23
2ae30661,347,Andrés Martín,ESP,"FW,MF",Rayo Vallecano,23,1999,2.3,1,0,0,5,3,0,11,1,2,0,0,0,16,5,2,71.4,Matches,ESP-LALIGA,22-23
64035864,348,Carlos Martín,ESP,"FW,MF",Atlético Madrid,20,2002,0.3,1,0,0,2,0,1,2,1,2,0,0,0,3,0,0,,Matches,ESP-LALIGA,22-23
ae48c5cb,349,Iván Martín,ESP,MF,Girona,23,1999,17.6,2,0,0,18,13,3,18,9,7,1,0,0,81,12,16,42.9,Matches,ESP-LALIGA,22-23
c3e66ffe,350,Arnau Martinez,ESP,DF,Girona,19,2003,30.4,11,0,0,36,66,6,60,25,45,0,1,0,171,32,25,56.1,Matches,ESP-LALIGA,22-23
3fc45c73,351,Iñigo Martínez,ESP,DF,Athletic Club,31,1991,14.9,1,0,0,13,10,3,5,18,8,0,0,0,92,26,19,57.8,Matches,ESP-LALIGA,22-23
937c6ae6,352,Roger Martínez,ESP,DF,Espanyol,18,2004,0.1,0,0,0,0,0,0,0,0,0,0,0,0,1,0,0,,Matches,ESP-LALIGA,22-23
11fd2b75,353,Omar Mascarell,EQG,"MF,DF",Elche,29,1993,27.2,6,0,0,21,17,0,22,45,26,0,0,0,157,27,21,56.3,Matches,ESP-LALIGA,22-23
8fae77ea,354,Jordi Masip,ESP,GK,Valladolid,33,1989,27.9,4,0,0,0,5,0,0,1,0,0,0,0,31,6,2,75.0,Matches,ESP-LALIGA,22-23
02319ad7,355,Jaime Mata,ESP,"FW,MF",Getafe,33,1988,4.9,5,0,0,17,7,4,9,3,10,0,0,0,27,10,15,40.0,Matches,ESP-LALIGA,22-23
64e8ed6d,356,Borja Mayoral,ESP,FW,Getafe,25,1997,30.7,4,0,0,16,38,11,37,3,4,1,0,0,105,36,84,30.0,Matches,ESP-LALIGA,22-23
8aae94b9,357,Mamadou Mbaye,SEN,DF,Cádiz,24,1998,8.4,2,0,0,6,2,4,0,7,7,0,1,0,31,26,20,56.5,Matches,ESP-LALIGA,22-23
d854c9d0,358,Fernando Medrano,ESP,DF,Celta Vigo,22,2000,0.1,0,0,0,1,0,0,0,1,1,0,0,0,1,0,0,,Matches,ESP-LALIGA,22-23
3902e91b,359,Gonzalo Melero,ESP,MF,Almería,28,1994,20.6,5,0,0,24,30,3,2,7,16,0,0,0,96,14,17,45.2,Matches,ESP-LALIGA,22-23
8f696594,360,Memphis,NED,FW,Atlético Madrid,28,1994,3.0,1,0,0,2,6,0,5,0,0,0,0,0,3,1,5,16.7,Matches,ESP-LALIGA,22-23
8f696594,361,Memphis,NED,FW,Barcelona,28,1994,1.3,0,0,0,2,2,1,4,0,1,0,0,0,7,1,2,33.3,Matches,ESP-LALIGA,22-23
1545cf15,362,Houboulang Mendes,GNB,DF,Almería,24,1998,9.8,2,0,0,13,4,0,31,7,11,0,1,0,37,1,1,50.0,Matches,ESP-LALIGA,22-23
c9e39d91,363,Brais Méndez,ESP,MF,Real Sociedad,25,1997,26.7,6,0,0,60,54,2,125,12,34,0,0,0,127,25,29,46.3,Matches,ESP-LALIGA,22-23
b151a3f2,364,Diego Méndez,ESP,MF,Rayo Vallecano,18,2003,0.0,0,0,0,0,0,0,0,1,0,0,0,0,0,1,0,100.0,Matches,ESP-LALIGA,22-23
3cefcaef,365,Ferland Mendy,FRA,DF,Real Madrid,27,1995,15.0,2,0,0,4,18,0,7,14,12,0,0,0,77,7,8,46.7,Matches,ESP-LALIGA,22-23
9f979eb2,366,Jorge Meré,ESP,DF,Cádiz,25,1997,6.7,0,0,0,1,3,0,0,6,7,0,0,0,27,15,8,65.2,Matches,ESP-LALIGA,22-23
d080ed5e,367,Mikel Merino,ESP,MF,Real Sociedad,26,1996,27.7,5,1,0,74,48,4,25,20,49,0,0,0,218,112,59,65.5,Matches,ESP-LALIGA,22-23
7c4243d4,368,Roque Mesa,ESP,MF,Valladolid,33,1989,18.0,11,1,1,38,25,1,12,13,15,0,1,0,145,11,23,32.4,Matches,ESP-LALIGA,22-23
2784f898,369,Éder Militão,BRA,DF,Real Madrid,24,1998,30.0,4,0,0,35,38,1,12,42,32,1,1,0,159,64,34,65.3,Matches,ESP-LALIGA,22-23
19c36442,370,Luis Milla,ESP,MF,Getafe,27,1994,20.6,6,1,1,29,22,1,75,32,30,0,1,0,149,17,19,47.2,Matches,ESP-LALIGA,22-23
335039a2,371,Pere Milla,ESP,"FW,MF",Elche,29,1992,20.5,7,0,0,19,44,13,14,9,20,1,0,0,97,28,33,45.9,Matches,ESP-LALIGA,22-23
1fda2b14,372,Marko Milovanović,SRB,FW,Almería,18,2003,0.2,1,0,0,2,0,0,0,0,0,0,0,0,0,5,3,62.5,Matches,ESP-LALIGA,22-23
056269d7,373,Óscar Mingueza,ESP,DF,Celta Vigo,23,1999,14.3,2,0,0,19,8,1,29,12,21,0,2,0,90,8,8,50.0,Matches,ESP-LALIGA,22-23
bbf5c11b,374,Rafa Mir,ESP,FW,Sevilla,25,1997,14.4,1,0,0,23,11,18,6,4,2,0,0,0,42,37,42,46.8,Matches,ESP-LALIGA,22-23
ead61f73,375,Juan Miranda,ESP,DF,Betis,22,2000,16.4,1,1,0,15,20,1,73,20,16,0,1,0,78,21,17,55.3,Matches,ESP-LALIGA,22-23
e6777e6b,376,Stefan Mitrović,SRB,DF,Getafe,32,1990,18.7,5,0,0,13,3,0,0,17,6,0,0,0,63,38,16,70.4,Matches,ESP-LALIGA,22-23
6025fab1,377,Luka Modrić,CRO,MF,Real Madrid,36,1985,19.4,7,0,0,21,16,3,62,10,9,0,0,0,86,11,14,44.0,Matches,ESP-LALIGA,22-23
608f2092,378,Johan Mojica,COL,DF,Villarreal,29,1992,7.1,0,0,0,3,14,0,40,4,9,0,0,0,49,7,4,63.6,Matches,ESP-LALIGA,22-23
608f2092,379,Johan Mojica,COL,"DF,MF",Elche,29,1992,3.0,2,0,0,4,3,0,14,4,3,0,1,0,33,4,1,80.0,Matches,ESP-LALIGA,22-23
23610943,380,Nahuel Molina,ARG,DF,Atlético Madrid,24,1998,31.9,7,1,0,22,16,3,120,18,43,0,0,0,158,22,32,40.7,Matches,ESP-LALIGA,22-23
9939e168,381,Jon Moncayola,ESP,"MF,DF",Osasuna,24,1998,27.2,6,0,0,35,17,3,78,17,39,1,0,0,186,17,15,53.1,Matches,ESP-LALIGA,22-23
8ac501f5,382,Monchu,ESP,MF,Valladolid,22,1999,22.6,10,0,0,46,28,1,76,18,29,0,1,0,119,18,31,36.7,Matches,ESP-LALIGA,22-23
28e957d7,383,César Montes,MEX,DF,Espanyol,25,1997,17.7,6,0,0,18,6,1,1,14,9,0,1,0,91,68,38,64.2,Matches,ESP-LALIGA,22-23
374d5158,384,Gonzalo Montiel,ARG,DF,Sevilla,25,1997,16.9,8,1,0,19,10,11,39,19,15,0,0,0,100,13,16,44.8,Matches,ESP-LALIGA,22-23
5cec2487,385,Martín Montoya,ESP,DF,Betis,31,1991,5.0,1,0,0,4,6,0,10,9,8,0,0,0,24,8,3,72.7,Matches,ESP-LALIGA,22-23
129af0db,386,Álvaro Morata,ESP,FW,Atlético Madrid,29,1992,21.1,4,0,0,39,56,26,4,0,11,0,0,0,57,53,38,58.2,Matches,ESP-LALIGA,22-23
b7d7f3bf,387,Jon Morcillo,ESP,"FW,MF",Athletic Club,23,1998,0.8,0,0,0,1,1,0,6,1,0,0,0,0,7,1,1,50.0,Matches,ESP-LALIGA,22-23
11b9265b,388,Alberto Moreno,ESP,DF,Villarreal,30,1992,14.4,7,0,0,26,9,3,36,23,12,0,0,0,62,12,10,54.5,Matches,ESP-LALIGA,22-23
16e9d0ea,389,Álex Moreno,ESP,DF,Betis,29,1993,15.0,1,0,0,17,19,1,28,17,22,0,1,0,78,9,18,33.3,Matches,ESP-LALIGA,22-23
a21417e2,390,Diego Moreno,ESP,DF,Osasuna,21,2001,7.1,1,0,0,3,4,1,20,5,4,0,0,0,33,5,8,38.5,Matches,ESP-LALIGA,22-23
81f0781e,391,Gerard Moreno,ESP,FW,Villarreal,30,1992,13.7,4,0,0,11,14,13,8,5,6,0,0,0,38,19,17,52.8,Matches,ESP-LALIGA,22-23
004d185e,392,Tete Morente,ESP,"MF,DF",Elche,25,1996,23.0,5,0,0,32,21,12,99,25,21,1,1,0,98,35,21,62.5,Matches,ESP-LALIGA,22-23
f4c69aa6,393,Ilaix Moriba,GUI,MF,Valencia,19,2003,11.2,6,2,1,32,33,0,4,4,16,0,0,0,75,25,26,49.0,Matches,ESP-LALIGA,22-23
a0255c67,394,Manu Morlanes,ESP,MF,Villarreal,23,1999,1.8,0,1,0,1,1,0,0,1,2,0,0,0,5,1,2,33.3,Matches,ESP-LALIGA,22-23
a0255c67,395,Manu Morlanes,ESP,MF,Mallorca,23,1999,7.8,3,0,0,6,8,0,2,5,9,0,0,0,40,6,16,27.3,Matches,ESP-LALIGA,22-23
3aa4a3be,396,Loren Morón,ESP,FW,Betis,28,1993,0.2,1,0,0,2,0,0,0,0,2,0,0,0,1,0,2,0.0,Matches,ESP-LALIGA,22-23
dc1ce4f5,397,Cristhian Mosquera,ESP,DF,Valencia,18,2004,1.6,0,0,0,0,1,0,1,1,2,0,0,0,8,3,2,60.0,Matches,ESP-LALIGA,22-23
5487adcd,398,Abdul Mumin,GHA,DF,Rayo Vallecano,24,1998,10.2,2,0,0,7,8,0,3,9,9,0,0,0,54,13,18,41.9,Matches,ESP-LALIGA,22-23
c05dfb74,399,Iker Muniain,ESP,"MF,FW",Athletic Club,29,1992,18.8,2,0,0,13,62,1,113,4,16,0,0,0,81,3,13,18.8,Matches,ESP-LALIGA,22-23
228b0d9d,400,Aihen Muñoz,ESP,DF,Real Sociedad,24,1997,19.5,2,0,0,29,16,0,54,9,23,0,0,0,102,21,25,45.7,Matches,ESP-LALIGA,22-23
49a6ecbb,401,Álvaro Muñoz,URU,FW,Real Madrid,18,2004,0.9,0,0,0,3,0,3,0,0,1,0,0,0,4,2,4,33.3,Matches,ESP-LALIGA,22-23
175ece4c,402,Iker Muñoz,ESP,MF,Osasuna,19,2002,2.8,0,0,0,5,4,0,0,3,0,0,0,0,15,6,3,66.7,Matches,ESP-LALIGA,22-23
44e8521b,403,Pablo Muñoz,ESP,MF,Rayo Vallecano,18,2003,0.1,0,0,0,2,1,0,0,0,0,0,0,0,0,0,0,,Matches,ESP-LALIGA,22-23
0cadc46d,404,Vedat Muriqi,KVX,FW,Mallorca,28,1994,32.6,6,1,0,59,39,29,11,12,7,1,0,0,88,198,156,55.9,Matches,ESP-LALIGA,22-23
b51b1b9c,405,Yunus Musah,USA,MF,Valencia,19,2002,23.4,10,1,0,42,42,3,40,11,35,0,0,0,97,28,36,43.8,Matches,ESP-LALIGA,22-23
dfe5caa2,406,Francisco Mwepu,ZAM,FW,Cádiz,22,2000,0.2,0,0,0,0,0,0,0,0,0,0,0,0,0,0,0,,Matches,ESP-LALIGA,22-23
2946f9a1,407,Nacho,ESP,DF,Real Madrid,32,1990,18.2,7,0,0,16,14,3,14,18,16,0,0,1,88,36,21,63.2,Matches,ESP-LALIGA,22-23
485e4939,408,Juanjo Narváez,COL,"MF,FW",Valladolid,27,1995,1.6,0,0,0,1,9,1,1,0,1,0,0,0,5,3,6,33.3,Matches,ESP-LALIGA,22-23
f35430a4,409,Matija Nastasić,SRB,DF,Mallorca,29,1993,10.1,3,0,0,12,0,1,1,18,8,0,0,0,31,9,6,60.0,Matches,ESP-LALIGA,22-23
c997b942,410,Roberto Navarro,ESP,"MF,FW",Real Sociedad,20,2002,3.9,2,0,0,8,6,5,16,2,4,0,0,0,22,7,5,58.3,Matches,ESP-LALIGA,22-23
3f10bd22,411,Jesús Navas,ESP,"DF,FW",Sevilla,36,1985,22.0,5,0,0,7,33,7,135,22,12,0,0,1,130,15,28,34.9,Matches,ESP-LALIGA,22-23
63b0ca6b,412,Álvaro Negredo,ESP,FW,Cádiz,36,1985,8.4,0,0,0,5,8,7,2,0,4,0,0,0,9,31,26,54.4,Matches,ESP-LALIGA,22-23
5853ac44,413,Tanguy Nianzou,FRA,DF,Sevilla,20,2002,15.2,1,1,0,13,14,0,1,16,15,0,0,0,73,32,11,74.4,Matches,ESP-LALIGA,22-23
c14bc029,414,Saúl Ñíguez,ESP,"MF,DF",Atlético Madrid,27,1994,12.2,8,0,0,34,5,2,15,15,27,0,1,0,51,41,27,60.3,Matches,ESP-LALIGA,22-23
81d5c497,415,Fernando Niño,ESP,"MF,FW",Villarreal,21,2000,0.2,0,0,0,1,0,0,0,0,0,0,0,0,0,0,1,0.0,Matches,ESP-LALIGA,22-23
a6103274,416,Randy Nteka,ANG,"FW,MF",Elche,24,1997,8.1,1,0,0,21,17,3,0,4,10,0,0,0,38,15,31,32.6,Matches,ESP-LALIGA,22-23
a6103274,417,Randy Nteka,ANG,"FW,MF",Rayo Vallecano,24,1997,1.3,0,1,0,4,5,0,0,2,2,0,0,0,11,5,4,55.6,Matches,ESP-LALIGA,22-23
be170419,418,Unai Núñez,ESP,DF,Celta Vigo,25,1997,35.0,8,0,0,25,31,1,3,72,35,0,0,1,205,70,53,56.9,Matches,ESP-LALIGA,22-23
ee8508c0,419,Jan Oblak,SVN,GK,Atlético Madrid,29,1993,27.7,1,0,0,0,3,0,0,1,0,0,0,0,24,2,0,100.0,Matches,ESP-LALIGA,22-23
2e3995cd,420,Brian Ocampo,URU,"MF,FW",Cádiz,23,1999,12.4,2,0,0,32,27,2,34,3,15,0,0,0,92,7,13,35.0,Matches,ESP-LALIGA,22-23
a08b974a,421,Lucas Ocampos,ARG,"FW,MF",Sevilla,28,1994,12.9,7,0,0,15,24,6,26,8,14,1,0,0,74,30,16,65.2,Matches,ESP-LALIGA,22-23
1d1691ad,422,Álvaro Odriozola,ESP,DF,Real Madrid,26,1995,0.4,0,0,0,0,2,0,3,0,0,0,0,0,1,0,1,0.0,Matches,ESP-LALIGA,22-23
3d99999d,423,Olasagasti,ESP,"MF,DF",Real Sociedad,21,2000,0.7,0,0,0,1,4,0,0,0,4,0,0,0,6,2,0,100.0,Matches,ESP-LALIGA,22-23
4cee5954,424,Lucas Olaza,URU,DF,Valladolid,28,1994,16.6,3,0,0,12,20,2,71,14,14,0,0,0,72,27,30,47.4,Matches,ESP-LALIGA,22-23
a3e4bf46,425,Brian Oliván,ESP,DF,Espanyol,28,1994,26.7,7,0,0,32,15,3,140,22,27,0,0,0,147,17,37,31.5,Matches,ESP-LALIGA,22-23
5132b92c,426,Lucas Oliveira Rosa,BRA,DF,Valladolid,22,2000,10.3,3,0,0,19,11,1,37,15,18,0,0,0,55,15,12,55.6,Matches,ESP-LALIGA,22-23
7c363088,427,Aimar Oroz,ESP,"MF,FW",Osasuna,20,2001,22.4,6,0,0,36,61,2,7,24,14,0,0,0,106,17,39,30.4,Matches,ESP-LALIGA,22-23
f9358b61,428,Pedro Ortiz,ESP,MF,Sevilla,21,2000,0.0,0,0,0,0,0,0,0,0,0,0,0,0,1,0,0,,Matches,ESP-LALIGA,22-23
8c3c640c,429,Mikel Oyarzabal,ESP,"FW,MF",Real Sociedad,25,1997,13.5,1,0,0,15,16,12,28,3,7,1,0,0,56,15,29,34.1,Matches,ESP-LALIGA,22-23
9a93efc9,430,Cenk Özkacar,TUR,DF,Valencia,21,2000,15.2,1,0,0,7,10,0,3,12,20,0,0,0,106,49,34,59.0,Matches,ESP-LALIGA,22-23
97852360,431,Fernando Pacheco,ESP,GK,Almería,30,1992,1.0,0,0,0,0,0,0,0,0,0,0,0,0,0,0,0,,Matches,ESP-LALIGA,22-23
97852360,432,Fernando Pacheco,ESP,GK,Espanyol,30,1992,16.0,0,0,0,0,4,0,0,1,0,0,0,0,13,4,1,80.0,Matches,ESP-LALIGA,22-23
44150beb,433,Jon Pacheco,ESP,DF,Real Sociedad,21,2001,13.3,2,0,0,18,11,1,0,12,10,0,1,0,55,30,23,56.6,Matches,ESP-LALIGA,22-23
962e54cb,434,Gonçalo Paciência,POR,"FW,MF",Celta Vigo,27,1994,7.4,2,1,0,19,17,0,6,0,5,0,0,0,20,29,23,55.8,Matches,ESP-LALIGA,22-23
ac8b2421,435,Helibelton Palacios,COL,DF,Elche,29,1993,21.3,6,0,0,30,19,0,18,20,20,0,0,0,118,21,25,45.7,Matches,ESP-LALIGA,22-23
49dbab27,436,Isaac Palazón Camacho,ESP,"FW,MF",Rayo Vallecano,27,1994,32.9,4,0,0,37,104,9,192,17,30,0,0,0,210,30,83,26.5,Matches,ESP-LALIGA,22-23
b906757a,437,Aitor Paredes,ESP,DF,Athletic Club,22,2000,9.5,3,0,0,12,2,0,2,14,6,0,0,1,59,21,7,75.0,Matches,ESP-LALIGA,22-23
7460ca0d,438,Daniel Parejo,ESP,MF,Villarreal,33,1989,36.5,6,0,0,30,75,0,144,29,40,0,1,0,257,17,21,44.7,Matches,ESP-LALIGA,22-23
e2dcc60e,439,Moises Parra Gutierrez,ESP,FW,Getafe,20,2002,0.1,0,0,0,0,0,0,0,0,0,0,0,0,1,0,0,,Matches,ESP-LALIGA,22-23
647d39d2,440,Raúl Parra,ESP,DF,Cádiz,22,1999,3.4,1,0,0,6,3,0,6,1,2,0,0,0,17,3,1,75.0,Matches,ESP-LALIGA,22-23
a2d9cf74,441,Pascu,ESP,"DF,FW",Villarreal,19,2003,0.1,0,0,0,1,0,0,0,0,0,0,0,0,2,0,0,,Matches,ESP-LALIGA,22-23
881ef58c,442,Javier Pastore,ARG,MF,Elche,33,1989,0.1,0,0,0,1,0,0,0,0,0,0,0,0,1,0,0,,Matches,ESP-LALIGA,22-23
b7ca5c51,443,Gabriel Paulista,BRA,DF,Valencia,31,1990,16.7,4,2,1,12,11,0,0,32,9,0,1,0,83,42,30,58.3,Matches,ESP-LALIGA,22-23
63f04c6c,444,Alfonso Pedraza,ESP,DF,Villarreal,26,1996,18.1,5,0,0,20,15,2,76,18,26,0,0,0,88,12,12,50.0,Matches,ESP-LALIGA,22-23
0d9b2d31,445,Pedri,ESP,MF,Barcelona,19,2002,22.0,2,0,0,8,43,4,25,13,22,0,0,0,134,3,5,37.5,Matches,ESP-LALIGA,22-23
112521d1,446,Adrià Pedrosa,ESP,"DF,MF",Espanyol,24,1998,2.5,0,0,0,3,4,1,9,5,1,0,0,0,18,1,1,50.0,Matches,ESP-LALIGA,22-23
cc1c5035,447,Iñaki Peña,ESP,GK,Barcelona,23,1999,0.8,0,0,0,0,0,0,0,0,0,0,0,0,2,0,0,,Matches,ESP-LALIGA,22-23
1f079188,448,Rubén Peña,ESP,"DF,MF",Osasuna,31,1991,14.2,2,1,0,26,14,0,54,17,18,0,0,0,94,14,19,42.4,Matches,ESP-LALIGA,22-23
5496cc91,449,Alberto Perea,ESP,MF,Cádiz,31,1990,0.5,0,0,0,0,2,0,1,0,0,0,0,0,2,0,2,0.0,Matches,ESP-LALIGA,22-23
819aa8e7,450,Ayoze Pérez,ESP,"FW,MF",Betis,29,1993,15.4,3,0,0,32,29,2,7,13,15,2,0,0,67,8,24,25.0,Matches,ESP-LALIGA,22-23
a8f21b9f,451,Carles Pérez,ESP,"MF,FW",Celta Vigo,24,1998,23.8,5,0,0,35,37,9,36,6,23,1,0,0,110,6,40,13.0,Matches,ESP-LALIGA,22-23
3d79a68c,452,Francisco Perez,ESP,"FW,MF",Valencia,19,2002,1.6,2,0,0,4,3,3,8,0,1,0,0,0,12,0,2,0.0,Matches,ESP-LALIGA,22-23
237a3851,453,Kike Pérez,ESP,MF,Valladolid,25,1997,25.6,9,0,0,57,57,4,58,20,33,0,0,0,186,31,31,50.0,Matches,ESP-LALIGA,22-23
a300ac7e,454,Lucas Pérez,ESP,FW,Cádiz,33,1988,7.0,3,0,0,5,4,6,40,1,2,0,0,0,21,2,8,20.0,Matches,ESP-LALIGA,22-23
b7c04927,455,Luis Pérez,ESP,DF,Valladolid,27,1995,13.5,2,0,0,12,16,4,54,16,24,0,0,0,55,7,16,30.4,Matches,ESP-LALIGA,22-23
8c725b43,456,Germán Pezzella,ARG,DF,Betis,31,1991,27.9,4,3,0,27,17,1,2,50,28,0,0,0,108,73,31,70.2,Matches,ESP-LALIGA,22-23
64ba07c0,457,Ronaël Pierre-Gabriel,FRA,DF,Espanyol,24,1998,2.6,2,1,1,4,4,0,10,9,9,0,0,0,18,4,2,66.7,Matches,ESP-LALIGA,22-23
540ec57b,458,Yeremi Pino,ESP,"FW,MF",Villarreal,19,2002,27.2,8,0,0,65,53,18,20,15,38,1,0,0,107,24,37,39.3,Matches,ESP-LALIGA,22-23
adfc9123,459,Gerard Piqué,ESP,DF,Barcelona,35,1987,4.3,2,1,0,7,2,0,0,2,4,0,0,0,26,20,6,76.9,Matches,ESP-LALIGA,22-23
7c388b20,460,Óscar Plano,ESP,"FW,MF",Valladolid,31,1991,22.6,3,0,0,23,49,7,23,29,25,1,0,0,108,34,50,40.5,Matches,ESP-LALIGA,22-23
54bcdeb0,461,Gonzalo Plata,ECU,FW,Valladolid,21,2000,25.6,1,0,0,22,41,4,54,12,35,3,0,0,123,17,44,27.9,Matches,ESP-LALIGA,22-23
ccbbe661,462,Ezequiel Ponce,ARG,"FW,MF",Elche,25,1997,12.5,2,1,0,32,9,8,1,1,7,1,0,0,36,35,44,44.3,Matches,ESP-LALIGA,22-23
8e010ff4,463,Francisco Portillo,ESP,"MF,FW",Almería,32,1990,8.0,1,0,0,2,3,2,12,7,6,0,0,0,54,5,5,50.0,Matches,ESP-LALIGA,22-23
1bda5842,464,Portu,ESP,"MF,DF",Getafe,30,1992,19.7,7,1,1,25,25,10,91,17,21,0,0,0,91,20,34,37.0,Matches,ESP-LALIGA,22-23
fc8b614b,465,José Pozo,ESP,"MF,FW",Rayo Vallecano,26,1996,1.0,0,0,0,2,4,0,4,1,2,0,0,0,5,2,3,40.0,Matches,ESP-LALIGA,22-23
35440884,466,Manuel Pozo,ESP,FW,Valladolid,20,2001,0.2,0,0,0,0,0,0,1,2,0,0,0,0,4,0,0,,Matches,ESP-LALIGA,22-23
3c16d927,467,Alejandro Pozo Pozo,ESP,DF,Almería,23,1999,20.9,2,0,0,15,14,1,70,26,19,0,1,0,138,12,23,34.3,Matches,ESP-LALIGA,22-23
d1b060e2,468,Abdón Prats,ESP,"FW,MF",Mallorca,29,1992,4.6,1,0,0,5,6,2,0,0,0,0,0,0,12,14,38,26.9,Matches,ESP-LALIGA,22-23
2683eda7,469,Javi Puado,ESP,"FW,MF",Espanyol,24,1998,26.0,4,0,0,16,25,4,36,10,11,1,0,0,135,21,41,33.9,Matches,ESP-LALIGA,22-23
39352da2,470,Arnau Puigmal,ESP,"MF,FW",Almería,21,2001,8.5,4,0,0,10,15,2,18,11,14,0,1,0,36,3,8,27.3,Matches,ESP-LALIGA,22-23
41fb0f4e,471,Domingos Quina,POR,MF,Elche,22,1999,3.1,3,1,1,5,11,0,6,3,2,0,0,0,27,0,1,0.0,Matches,ESP-LALIGA,22-23
2f456b86,472,Rubén Quintanilla,ESP,DF,Mallorca,20,2002,0.0,0,0,0,0,0,0,0,0,0,0,0,0,0,0,0,,Matches,ESP-LALIGA,22-23
b857bd29,473,Antonio Raillo,ESP,DF,Mallorca,30,1991,30.7,11,1,0,42,21,5,0,31,21,1,0,0,140,92,51,64.3,Matches,ESP-LALIGA,22-23
58ad9383,474,Predrag Rajković,SRB,GK,Mallorca,26,1995,36.0,3,0,0,1,3,0,0,0,0,0,1,0,23,5,1,83.3,Matches,ESP-LALIGA,22-23
89f951b5,475,Ivan Rakitić,CRO,MF,Sevilla,34,1988,19.9,3,1,0,16,27,3,74,27,26,0,0,0,111,20,20,50.0,Matches,ESP-LALIGA,22-23
cc9256ef,476,Largie Ramazani,BEL,"FW,MF",Almería,21,2001,15.6,6,0,0,31,15,12,20,15,9,1,1,0,57,5,18,21.7,Matches,ESP-LALIGA,22-23
44e07fac,477,Chris Ramos,ESP,FW,Cádiz,25,1997,7.9,2,0,0,21,12,0,6,1,9,1,0,0,23,65,48,57.5,Matches,ESP-LALIGA,22-23
3423f250,478,Raphinha,BRA,FW,Barcelona,25,1996,23.0,9,0,0,22,37,15,172,14,19,0,0,0,98,14,9,60.9,Matches,ESP-LALIGA,22-23
3353737a,479,Sergio Reguilón,ESP,DF,Atlético Madrid,25,1996,3.4,3,1,1,4,6,1,9,2,5,0,0,0,15,8,5,61.5,Matches,ESP-LALIGA,22-23
e358587b,480,Pepe Reina,ESP,GK,Villarreal,39,1982,22.0,2,0,0,0,1,0,0,1,0,0,0,0,23,3,0,100.0,Matches,ESP-LALIGA,22-23
6b21b7b5,481,Reinier,BRA,"MF,FW",Girona,20,2002,7.2,1,1,0,4,15,2,2,5,10,0,0,0,29,6,12,33.3,Matches,ESP-LALIGA,22-23
3376a776,482,Karim Rekik,NED,DF,Sevilla,27,1994,13.1,2,0,0,20,5,0,1,10,5,0,0,1,71,22,10,68.8,Matches,ESP-LALIGA,22-23
374ee424,483,Álex Remiro,ESP,GK,Real Sociedad,27,1995,38.0,1,0,0,0,4,0,0,0,1,0,0,0,58,7,1,87.5,Matches,ESP-LALIGA,22-23
14d5b7ac,484,Alejandro Revuelta Montero,ESP,DF,Getafe,22,2000,0.0,0,0,0,0,0,0,0,0,0,0,0,0,0,0,0,,Matches,ESP-LALIGA,22-23
b3b9b8b8,485,Chadi Riad,MAR,MF,Barcelona,19,2003,0.0,0,0,0,0,0,0,0,0,0,0,0,0,0,0,0,,Matches,ESP-LALIGA,22-23
ce8039aa,486,Nico Ribaudo,ESP,"MF,FW",Espanyol,21,2001,13.9,4,0,0,24,33,3,44,5,13,0,0,0,65,12,28,30.0,Matches,ESP-LALIGA,22-23
d9ba39fc,487,Diego Rico,ESP,DF,Real Sociedad,29,1993,18.3,3,0,0,27,26,2,55,20,21,0,0,0,96,18,17,51.4,Matches,ESP-LALIGA,22-23
65154df0,488,Rodrigo Riquelme,ESP,"MF,FW",Girona,22,2000,24.2,1,0,0,27,36,5,78,11,8,0,1,0,111,9,13,40.9,Matches,ESP-LALIGA,22-23
335fa267,489,Sergi Roberto,ESP,"DF,MF",Barcelona,30,1992,14.5,3,0,0,19,12,2,25,11,15,0,0,0,62,7,12,36.8,Matches,ESP-LALIGA,22-23
a8981944,490,Lucas Robertone,ARG,MF,Almería,25,1997,31.6,7,0,0,33,89,3,137,46,28,0,0,0,207,20,36,35.7,Matches,ESP-LALIGA,22-23
5f21b94c,491,Joel Roca,ESP,"MF,FW",Girona,17,2005,0.9,1,0,0,2,5,0,0,0,2,0,0,0,5,0,0,,Matches,ESP-LALIGA,22-23
37f827ec,492,Enzo Roco,CHI,DF,Elche,29,1992,18.4,7,1,1,34,10,0,1,17,13,0,4,0,83,46,20,69.7,Matches,ESP-LALIGA,22-23
85bed4ee,493,Rodri,ESP,"FW,MF",Betis,22,2000,17.8,0,0,0,6,39,2,47,13,11,1,0,0,102,2,12,14.3,Matches,ESP-LALIGA,22-23
8cfc2f69,494,Ángel Rodríguez,ESP,"FW,MF",Mallorca,35,1987,4.4,1,0,0,9,6,2,2,1,1,0,0,0,12,10,9,52.6,Matches,ESP-LALIGA,22-23
19709006,495,Óscar Rodríguez Arnaiz,ESP,MF,Celta Vigo,24,1998,19.7,6,0,0,22,26,2,83,24,25,0,1,0,115,11,20,35.5,Matches,ESP-LALIGA,22-23
70f8e0bd,496,Dani Rodríguez,ESP,MF,Mallorca,34,1988,23.3,8,0,0,49,33,4,32,21,23,0,0,0,133,11,37,22.9,Matches,ESP-LALIGA,22-23
34e393f2,497,Guido Rodríguez,ARG,MF,Betis,28,1994,31.9,8,0,0,45,64,1,9,42,75,0,0,1,213,44,46,48.9,Matches,ESP-LALIGA,22-23
958d67bb,498,Miguel Rodríguez,ESP,"MF,FW",Celta Vigo,19,2003,2.8,0,0,0,6,8,1,13,1,5,0,0,0,16,1,8,11.1,Matches,ESP-LALIGA,22-23
8f5e92a6,499,Rodrygo,BRA,"FW,MF",Real Madrid,21,2001,26.4,4,0,0,18,49,10,22,8,10,2,0,0,63,14,23,37.8,Matches,ESP-LALIGA,22-23
924ff27e,500,Leo Román,ESP,GK,Mallorca,22,2000,1.0,0,0,0,0,0,0,0,0,0,0,0,0,4,0,0,,Matches,ESP-LALIGA,22-23
2fbe6af0,501,Iván Romero,ESP,MF,Sevilla,21,2001,0.1,1,0,0,1,1,0,0,0,0,0,0,0,0,1,0,100.0,Matches,ESP-LALIGA,22-23
4b511457,502,Oriol Romeu,ESP,MF,Girona,30,1991,32.8,10,1,1,59,33,0,13,37,38,0,1,0,195,39,46,45.9,Matches,ESP-LALIGA,22-23
35d4f151,503,Rubén,ESP,"DF,MF",Espanyol,21,2001,9.9,1,0,0,18,7,0,48,18,15,0,0,0,64,15,4,78.9,Matches,ESP-LALIGA,22-23
18b896d6,504,Antonio Rüdiger,GER,DF,Real Madrid,29,1993,26.8,1,0,0,13,7,2,5,19,16,0,0,0,158,37,22,62.7,Matches,ESP-LALIGA,22-23
a55d8df5,505,Aitor Ruibal,ESP,"DF,FW",Betis,26,1996,16.2,4,1,0,22,18,3,31,24,29,0,0,0,102,14,18,43.8,Matches,ESP-LALIGA,22-23
b3dc6eca,506,Víctor Ruiz,ESP,DF,Betis,33,1989,6.2,0,0,0,4,2,1,0,6,3,0,0,0,29,17,7,70.8,Matches,ESP-LALIGA,22-23
625c144a,507,Gerónimo Rulli,ARG,GK,Villarreal,30,1992,14.0,1,0,0,0,1,0,0,1,0,0,0,0,20,3,0,100.0,Matches,ESP-LALIGA,22-23
b75ac54b,508,Franco Russo,ARG,DF,Mallorca,27,1994,1.6,0,0,0,0,2,0,0,3,1,0,0,0,12,3,2,60.0,Matches,ESP-LALIGA,22-23
fbbb9269,509,Youssouf Sabaly,SEN,DF,Betis,29,1993,18.7,2,0,0,20,33,2,17,19,23,0,0,0,109,5,11,31.3,Matches,ESP-LALIGA,22-23
686cbe7d,510,Umar Sadiq,NGA,FW,Almería,25,1997,2.7,1,0,0,9,2,7,0,0,0,0,0,0,8,4,10,28.6,Matches,ESP-LALIGA,22-23
686cbe7d,511,Umar Sadiq,NGA,FW,Real Sociedad,25,1997,0.9,0,0,0,3,1,4,0,0,1,0,0,0,1,2,2,50.0,Matches,ESP-LALIGA,22-23
13e0eb29,512,Samuel Sáiz,ESP,MF,Girona,31,1991,2.7,1,0,0,3,4,2,6,0,2,0,0,0,15,2,3,40.0,Matches,ESP-LALIGA,22-23
0a69de7b,513,Kike Salas,ESP,DF,Sevilla,20,2002,4.1,1,1,0,4,1,0,0,5,1,0,1,0,14,9,6,60.0,Matches,ESP-LALIGA,22-23
405f267a,514,Salvi,ESP,"FW,MF",Rayo Vallecano,31,1991,5.4,2,0,0,8,10,2,37,2,8,0,0,0,30,4,11,26.7,Matches,ESP-LALIGA,22-23
efecd633,515,Fede San Emeterio,ESP,MF,Cádiz,25,1997,20.5,14,0,0,58,22,0,4,17,22,0,0,0,87,23,30,43.4,Matches,ESP-LALIGA,22-23
bdb624a3,516,Oihan Sancet,ESP,MF,Athletic Club,22,2000,28.1,6,1,0,41,54,2,17,4,16,0,0,0,140,24,22,52.2,Matches,ESP-LALIGA,22-23
a254bbe0,517,Antonio Sánchez,ESP,"MF,DF",Mallorca,25,1997,12.0,5,0,0,26,15,0,32,22,8,1,1,0,96,7,16,30.4,Matches,ESP-LALIGA,22-23
70107d4d,518,Iván Sánchez,ESP,"MF,FW",Valladolid,29,1992,12.8,0,0,0,9,43,1,38,8,14,0,0,0,62,2,12,14.3,Matches,ESP-LALIGA,22-23
60359288,519,Javi Sánchez,ESP,DF,Valladolid,25,1997,26.6,11,0,0,34,9,0,5,46,26,0,2,0,115,46,45,50.5,Matches,ESP-LALIGA,22-23
ffacd3d5,520,Manu Sánchez,ESP,DF,Osasuna,21,2000,23.6,3,0,0,26,10,2,71,14,35,1,0,0,126,15,22,40.5,Matches,ESP-LALIGA,22-23
79f2a5f5,521,Esteban Saveljich,MNE,FW,Rayo Vallecano,31,1991,0.0,1,0,0,0,0,0,0,0,0,0,0,0,0,0,0,,Matches,ESP-LALIGA,22-23
f6ac68c1,522,Stefan Savić,MNE,DF,Atlético Madrid,31,1991,21.6,4,2,0,31,8,1,0,33,26,0,0,0,104,56,30,65.1,Matches,ESP-LALIGA,22-23
a45eac1f,523,Haris Seferović,SUI,FW,Celta Vigo,30,1992,9.9,3,0,0,4,7,14,21,1,3,0,0,0,24,19,19,50.0,Matches,ESP-LALIGA,22-23
a62b4888,524,Jaime Seoane,ESP,"MF,FW",Getafe,25,1997,3.6,1,0,0,6,4,0,2,1,4,0,0,0,17,2,5,28.6,Matches,ESP-LALIGA,22-23
e2716bd0,525,David Silva,ESP,MF,Real Sociedad,36,1986,21.5,3,0,0,30,33,3,20,15,21,0,0,0,137,10,12,45.5,Matches,ESP-LALIGA,22-23
ea83bfa6,526,Rui Silva,POR,GK,Betis,28,1994,26.0,2,0,0,0,2,0,0,0,1,0,0,0,43,6,1,85.7,Matches,ESP-LALIGA,22-23
7f271d74,527,Simo,ESP,DF,Espanyol,17,2005,1.6,0,0,0,2,0,0,0,0,1,0,1,0,6,2,4,33.3,Matches,ESP-LALIGA,22-23
5dcf3e90,528,Unai Simón,ESP,GK,Athletic Club,25,1997,30.5,2,0,0,0,1,0,0,0,0,0,0,0,36,0,0,,Matches,ESP-LALIGA,22-23
19b776e9,529,Rubén Sobrino,ESP,"MF,FW",Cádiz,30,1992,27.4,11,0,0,50,53,8,12,24,37,0,0,0,164,60,64,48.4,Matches,ESP-LALIGA,22-23
5fa714d5,530,Alex Sola,ESP,DF,Real Sociedad,23,1999,3.9,1,0,0,3,8,0,12,7,9,0,0,0,17,7,3,70.0,Matches,ESP-LALIGA,22-23
3ca6106c,531,Augusto Solari,ARG,MF,Celta Vigo,30,1992,2.9,0,0,0,9,4,0,3,4,6,0,0,0,18,4,3,57.1,Matches,ESP-LALIGA,22-23
fed17f5a,532,Carlos Soler,ESP,MF,Valencia,25,1997,2.7,0,0,0,2,4,0,16,0,0,0,0,0,4,1,1,50.0,Matches,ESP-LALIGA,22-23
8f8c6934,533,David Soria,ESP,GK,Getafe,29,1993,38.0,2,0,0,1,3,0,0,1,0,0,0,0,39,4,0,100.0,Matches,ESP-LALIGA,22-23
3aa74860,534,Hugo Sotelo,ESP,MF,Celta Vigo,18,2003,0.2,0,0,0,0,0,0,0,0,0,0,0,0,0,0,1,0.0,Matches,ESP-LALIGA,22-23
e4738e91,535,Dyego Sousa,POR,FW,Almería,32,1989,5.9,1,0,0,10,12,4,1,1,6,0,0,0,17,27,25,51.9,Matches,ESP-LALIGA,22-23
6a8a7af8,536,Vinicius Souza,BRA,MF,Espanyol,23,1999,27.0,10,1,1,65,38,0,4,48,66,0,2,0,151,72,63,53.3,Matches,ESP-LALIGA,22-23
f553b2b3,537,Jørgen Strand Larsen,NOR,FW,Celta Vigo,22,2000,18.9,4,0,0,34,43,13,4,3,7,1,0,0,42,42,47,47.2,Matches,ESP-LALIGA,22-23
220c11f1,538,Cristhian Stuani,URU,FW,Girona,35,1986,12.1,8,0,0,39,23,7,3,2,6,0,0,0,26,21,24,46.7,Matches,ESP-LALIGA,22-23
ba5004e1,539,Damián Suárez,URU,"DF,MF",Getafe,34,1988,21.6,7,0,0,43,17,2,78,15,33,0,0,0,132,14,16,46.7,Matches,ESP-LALIGA,22-23
12c50af5,540,Denis Suárez,ESP,"MF,FW",Espanyol,28,1994,10.5,2,0,0,16,14,1,37,5,20,0,0,0,49,4,12,25.0,Matches,ESP-LALIGA,22-23
7106f0a0,541,Mario Suárez,ESP,"MF,DF",Rayo Vallecano,35,1987,0.1,0,1,0,0,0,0,0,0,0,0,0,0,0,0,1,0.0,Matches,ESP-LALIGA,22-23
4e219ad2,542,Suso,ESP,"MF,FW",Sevilla,28,1993,11.8,1,0,0,13,19,7,79,2,10,0,0,0,55,3,7,30.0,Matches,ESP-LALIGA,22-23
184fe4b2,543,Williot Swedberg,SWE,MF,Celta Vigo,18,2004,0.6,1,0,0,1,1,0,0,0,1,0,0,0,2,0,0,,Matches,ESP-LALIGA,22-23
e92cd3f7,544,Alexander Sørloth,NOR,FW,Real Sociedad,26,1995,26.5,4,0,0,32,16,17,8,2,9,0,0,0,74,60,54,52.6,Matches,ESP-LALIGA,22-23
34269bdf,545,Renato Tapia,PER,"MF,DF",Celta Vigo,27,1995,16.1,8,1,1,29,16,0,11,19,25,0,1,0,80,26,18,59.1,Matches,ESP-LALIGA,22-23
4f255115,546,Aurélien Tchouaméni,FRA,MF,Real Madrid,22,2000,23.5,2,0,0,35,35,0,12,49,40,0,0,0,123,48,24,66.7,Matches,ESP-LALIGA,22-23
e73c9bb2,547,Alex Telles,BRA,DF,Sevilla,29,1992,15.9,6,0,0,25,14,1,83,20,13,1,0,0,78,26,16,61.9,Matches,ESP-LALIGA,22-23
6f51e382,548,Marc-André ter Stegen,GER,GK,Barcelona,30,1992,37.2,0,0,0,0,2,0,0,1,0,0,0,0,69,6,1,85.7,Matches,ESP-LALIGA,22-23
f36016a5,549,Ramón Terrats,ESP,MF,Villarreal,21,2000,9.1,1,0,0,14,18,0,16,8,10,0,0,0,43,6,7,46.2,Matches,ESP-LALIGA,22-23
f36016a5,550,Ramón Terrats,ESP,MF,Girona,21,2000,2.4,0,0,0,3,3,0,2,3,2,0,0,0,9,0,7,0.0,Matches,ESP-LALIGA,22-23
02ef8778,551,Raúl de Tomás,ESP,FW,Rayo Vallecano,27,1994,8.9,2,0,0,21,23,20,8,0,2,0,0,0,21,12,20,37.5,Matches,ESP-LALIGA,22-23
04e531b6,552,Pablo Torre,ESP,"FW,MF",Barcelona,19,2003,1.6,0,0,0,4,3,0,8,2,1,0,0,0,9,1,1,50.0,Matches,ESP-LALIGA,22-23
381dbcfc,553,David Torres,ESP,DF,Valladolid,19,2003,4.3,1,0,0,3,2,0,1,3,1,0,0,0,14,9,9,50.0,Matches,ESP-LALIGA,22-23
9e1035f8,554,Ferrán Torres,ESP,"FW,MF",Barcelona,22,2000,15.5,5,1,0,17,25,8,60,3,7,0,0,0,53,11,9,55.0,Matches,ESP-LALIGA,22-23
58a9a4d9,555,Óliver Torres,ESP,"MF,FW",Sevilla,27,1994,23.7,2,0,0,30,45,7,57,10,23,0,0,0,145,7,18,28.0,Matches,ESP-LALIGA,22-23
532e1e4f,556,Pau Torres,ESP,DF,Villarreal,25,1997,33.9,10,0,0,20,17,0,4,13,25,2,0,1,195,59,48,55.1,Matches,ESP-LALIGA,22-23
d733aa38,557,Roberto Torres,ESP,"FW,MF",Osasuna,33,1989,0.1,0,0,0,0,0,0,2,0,0,0,0,0,1,0,0,,Matches,ESP-LALIGA,22-23
0e4fef6e,558,Lucas Torró,ESP,MF,Osasuna,28,1994,27.5,10,0,0,64,31,0,1,42,32,0,0,0,184,86,50,63.2,Matches,ESP-LALIGA,22-23
e96b2583,559,Nabil Touaizi,MAR,MF,Espanyol,21,2001,0.0,0,0,0,0,0,0,0,0,0,0,0,0,0,0,1,0.0,Matches,ESP-LALIGA,22-23
fc647b34,560,Óscar Trejo,ARG,"MF,FW",Rayo Vallecano,34,1988,23.8,9,0,0,77,65,5,35,8,32,0,0,0,139,11,36,23.4,Matches,ESP-LALIGA,22-23
963829d0,561,Manu Trigueros,ESP,MF,Villarreal,30,1991,9.2,2,1,0,13,10,1,4,5,14,0,0,0,33,6,13,31.6,Matches,ESP-LALIGA,22-23
f7e87032,562,Viktor Tsyhankov,UKR,MF,Girona,24,1997,16.5,0,0,0,8,21,2,55,7,8,1,0,0,70,7,13,35.0,Matches,ESP-LALIGA,22-23
068f4dec,563,Beñat Turrientes,ESP,"MF,FW",Real Sociedad,20,2002,1.2,0,0,0,2,1,0,4,0,3,0,0,0,7,0,2,0.0,Matches,ESP-LALIGA,22-23
f8eca1b6,564,Enes Ünal,TUR,FW,Getafe,25,1997,33.0,6,0,0,61,77,28,17,6,14,2,0,0,87,156,164,48.8,Matches,ESP-LALIGA,22-23
2dd7e29d,565,Oscar Ureña,DOM,MF,Girona,19,2003,1.1,0,0,0,2,1,0,4,1,2,0,0,0,3,0,1,0.0,Matches,ESP-LALIGA,22-23
592f3158,566,Óscar Valentín,ESP,MF,Rayo Vallecano,27,1994,28.4,11,0,0,75,50,1,3,44,51,0,0,0,204,27,45,37.5,Matches,ESP-LALIGA,22-23
f2c6ac01,567,Martin Valjent,SVK,DF,Mallorca,26,1995,29.5,8,0,0,33,11,1,6,29,27,0,1,0,114,34,29,54.0,Matches,ESP-LALIGA,22-23
c2111b45,568,Jesús Vallejo,ESP,DF,Real Madrid,25,1997,0.2,0,0,0,0,0,0,0,0,0,0,0,0,1,0,0,,Matches,ESP-LALIGA,22-23
0bc4e720,569,Manu Vallejo,ESP,"FW,MF",Girona,25,1997,2.3,0,0,0,1,6,1,7,1,1,2,0,0,8,0,5,0.0,Matches,ESP-LALIGA,22-23
0959c2a2,570,Federico Valverde,URU,"MF,FW",Real Madrid,24,1998,27.8,2,0,0,11,15,5,27,17,20,0,0,0,132,31,11,73.8,Matches,ESP-LALIGA,22-23
106c142c,571,Jesus Vazquez,ESP,"DF,MF",Valencia,19,2003,3.4,1,0,0,4,5,0,11,1,8,0,0,0,22,2,4,33.3,Matches,ESP-LALIGA,22-23
ee923664,572,Kevin Vázquez,ESP,"DF,MF",Celta Vigo,29,1993,4.9,2,0,0,8,5,1,7,2,8,0,0,0,28,2,6,25.0,Matches,ESP-LALIGA,22-23
fd51b456,573,Lucas Vázquez,ESP,DF,Real Madrid,31,1991,12.7,2,0,0,23,16,3,41,7,23,1,0,0,63,1,5,16.7,Matches,ESP-LALIGA,22-23
35a6e5c7,574,Gabriel Veiga,ESP,MF,Celta Vigo,20,2002,25.5,6,1,0,42,41,4,27,21,19,0,0,0,132,19,17,52.8,Matches,ESP-LALIGA,22-23
4112ace5,575,Unai Vencedor Paris,ESP,MF,Athletic Club,21,2000,2.1,2,0,0,12,2,0,2,1,1,0,0,0,19,1,0,100.0,Matches,ESP-LALIGA,22-23
1c2c55fc,576,Gonzalo Verdú,ESP,DF,Elche,33,1988,7.8,1,2,0,10,5,0,0,10,5,0,0,1,33,28,15,65.1,Matches,ESP-LALIGA,22-23
b0fce72c,577,Mikel Vesga,ESP,MF,Athletic Club,29,1993,28.6,5,0,0,44,21,0,12,36,35,1,0,1,201,65,48,57.5,Matches,ESP-LALIGA,22-23
04965583,578,Aleix Vidal,ESP,"MF,FW",Espanyol,32,1989,11.4,10,1,1,23,17,1,39,15,5,0,0,0,63,3,7,30.0,Matches,ESP-LALIGA,22-23
3a9c4b7b,579,Nacho Vidal,ESP,DF,Osasuna,27,1995,13.9,4,0,0,28,17,0,31,19,14,0,0,0,61,29,13,69.0,Matches,ESP-LALIGA,22-23
636eae97,580,Toni Villa,ESP,MF,Valladolid,27,1995,1.0,0,0,0,0,1,1,5,0,3,0,0,0,6,0,0,,Matches,ESP-LALIGA,22-23
636eae97,581,Toni Villa,ESP,"MF,FW",Girona,27,1995,9.9,2,0,0,12,18,7,27,8,18,0,0,0,52,1,5,16.7,Matches,ESP-LALIGA,22-23
57be54ec,582,Asier Villalibre,ESP,FW,Athletic Club,24,1997,1.1,0,0,0,3,1,0,0,0,0,0,0,0,2,2,2,50.0,Matches,ESP-LALIGA,22-23
bdc74a8f,583,Gonzalo Villar,ESP,MF,Getafe,24,1998,5.1,5,0,0,20,12,0,6,6,5,0,0,0,50,7,7,50.0,Matches,ESP-LALIGA,22-23
cde52ef5,584,Iván Villar,ESP,GK,Celta Vigo,25,1997,19.0,0,0,0,0,2,0,0,0,0,0,0,0,23,2,1,66.7,Matches,ESP-LALIGA,22-23
ab7bf91d,585,Daniel Vivian,ESP,DF,Athletic Club,23,1999,26.4,7,1,0,38,21,2,6,24,32,0,0,0,214,40,55,42.1,Matches,ESP-LALIGA,22-23
379dc075,586,Shon Weissman,ISR,FW,Valladolid,26,1996,8.3,1,0,0,5,8,7,2,1,1,0,0,0,24,4,23,14.8,Matches,ESP-LALIGA,22-23
c0b1a6da,587,Axel Werner,ARG,GK,Elche,26,1996,2.0,0,0,0,0,0,0,0,0,0,0,0,0,0,0,0,,Matches,ESP-LALIGA,22-23
6a99e0b1,588,Iñaki Williams,GHA,FW,Athletic Club,28,1994,31.5,2,0,0,31,31,22,98,7,16,0,0,0,76,32,36,47.1,Matches,ESP-LALIGA,22-23
afdc14d7,589,Nico Williams,ESP,FW,Athletic Club,20,2002,29.5,3,0,0,23,35,14,174,8,16,1,0,0,147,20,27,42.6,Matches,ESP-LALIGA,22-23
5dfc6ad5,590,Axel Witsel,BEL,"DF,MF",Atlético Madrid,33,1989,25.1,2,1,0,20,15,0,2,23,22,0,0,0,119,41,36,53.2,Matches,ESP-LALIGA,22-23
82ec26c1,591,Lamine Yamal,ESP,FW,Barcelona,15,2007,0.1,0,0,0,0,0,0,1,0,0,0,0,0,0,0,1,0.0,Matches,ESP-LALIGA,22-23
f6f6b6e8,592,Jawad El Yamiq,MAR,DF,Valladolid,30,1992,17.9,1,1,0,13,9,1,0,37,11,0,1,0,118,42,25,62.7,Matches,ESP-LALIGA,22-23
5ca20b7a,593,Joseba Zaldúa,ESP,DF,Cádiz,30,1992,7.1,4,0,0,11,4,2,12,11,8,0,0,0,23,19,12,61.3,Matches,ESP-LALIGA,22-23
968a1c2f,594,Oier Zarraga,ESP,MF,Athletic Club,23,1999,9.5,5,0,0,17,12,0,29,10,9,0,0,0,56,9,12,42.9,Matches,ESP-LALIGA,22-23
5c7845f6,595,Igor Zubeldia,ESP,DF,Real Sociedad,25,1997,28.2,11,0,0,44,10,1,3,21,18,0,0,1,165,60,53,53.1,Matches,ESP-LALIGA,22-23
3ee0dd59,596,Martín Zubimendi,ESP,MF,Real Sociedad,23,1999,34.5,12,0,0,50,31,1,4,37,33,0,1,0,218,58,34,63.0,Matches,ESP-LALIGA,22-23
