id,Unnamed: 0_level_0,Unnamed: 1_level_0,Unnamed: 2_level_0,Unnamed: 3_level_0,Unnamed: 4_level_0,Unnamed: 5_level_0,Unnamed: 6_level_0,Unnamed: 7_level_0,Standard,Standard,Standard,Standard,Standard,Standard,Standard,Standard,Standard,Standard,Standard,Standard,Expected,Expected,Expected,Expected,Expected,Unnamed: 25_level_0,Unnamed: league,Unnamed: season
,Rk,Player,Nation,Pos,Squad,Age,Born,90s,Gls,Sh,SoT,SoT%,Sh/90,SoT/90,G/Sh,G/SoT,Dist,FK,PK,PKatt,xG,npxG,npxG/Sh,G-xG,np:G-xG,Matches,league,season
32c2d95f,1,Yunis Abdelhamid,MAR,DF,Reims,31,1987,28.0,3,19,5,26.3,0.68,0.18,0.16,0.6,13.3,0,0,0,1.7,1.7,0.09,1.3,1.3,Matches,FRA-L1,19-20
a4c3f7af,2,Mehdi Abeid,ALG,MF,Nantes,26,1992,20.2,1,33,7,21.2,1.63,0.35,0.03,0.14,25.1,3,0,0,1.5,1.5,0.04,-0.5,-0.5,Matches,FRA-L1,19-20
469d3d84,3,Charles Abi,FRA,FW,Saint-Étienne,19,2000,6.9,0,5,0,0.0,0.72,0.0,0.0,,16.0,0,0,0,0.3,0.3,0.07,-0.3,-0.3,Matches,FRA-L1,19-20
dcfb17f4,4,Amine Adli,MAR,"MF,FW",Toulouse,19,2000,0.5,0,0,0,,0.0,0.0,,,,0,0,0,0.0,0.0,,0.0,0.0,Matches,FRA-L1,19-20
26777636,5,Yacine Adli,FRA,MF,Bordeaux,19,2000,11.3,3,17,6,35.3,1.5,0.53,0.18,0.5,23.8,1,0,0,0.8,0.8,0.04,2.2,2.2,Matches,FRA-L1,19-20
288e1e13,6,Nayef Aguerd,MAR,DF,Dijon,23,1996,10.6,1,4,1,25.0,0.38,0.09,0.25,1.0,22.0,1,0,0,0.3,0.3,0.08,0.7,0.7,Matches,FRA-L1,19-20
3dd738a1,7,Ruben Aguilar,FRA,DF,Monaco,26,1993,11.9,0,6,2,33.3,0.5,0.17,0.0,0.0,22.6,0,0,0,0.2,0.2,0.04,-0.2,-0.2,Matches,FRA-L1,19-20
48b28bfd,8,Jean-Eudes Aholou,CIV,MF,Saint-Étienne,25,1994,7.0,1,10,4,40.0,1.43,0.57,0.1,0.25,17.7,0,0,0,0.7,0.7,0.07,0.3,0.3,Matches,FRA-L1,19-20
c46fa34c,9,Youssef Aït Bennasser,MAR,MF,Bordeaux,23,1996,6.0,0,2,0,0.0,0.34,0.0,0.0,,30.5,0,0,0,0.1,0.1,0.03,-0.1,-0.1,Matches,FRA-L1,19-20
9b398aea,10,Rayan Aït-Nouri,ALG,DF,Angers,18,2001,14.2,0,4,0,0.0,0.28,0.0,0.0,,17.9,0,0,0,0.2,0.2,0.05,-0.2,-0.2,Matches,FRA-L1,19-20
462475ed,11,Ludovic Ajorque,FRA,FW,Strasbourg,25,1994,22.9,8,49,21,42.9,2.14,0.92,0.14,0.33,13.4,0,1,1,7.2,6.4,0.13,0.8,0.6,Matches,FRA-L1,19-20
414e1f69,12,Marley Aké,FRA,"FW,MF",Marseille,18,2001,1.1,0,3,0,0.0,2.73,0.0,0.0,,24.3,0,0,0,0.1,0.1,0.04,-0.1,-0.1,Matches,FRA-L1,19-20
debc2f28,13,Chadrac Akolo,COD,"FW,MF",Amiens,24,1995,6.0,2,9,4,44.4,1.49,0.66,0.22,0.5,19.1,0,0,0,1.1,1.1,0.13,0.9,0.9,Matches,FRA-L1,19-20
5314e067,14,Sofiane Alakouch,MAR,DF,Nîmes,21,1998,15.6,0,9,4,44.4,0.58,0.26,0.0,0.0,21.8,0,0,0,0.9,0.9,0.1,-0.9,-0.9,Matches,FRA-L1,19-20
4085f08e,15,Haitam Aleesami,NOR,DF,Amiens,28,1991,21.3,1,2,1,50.0,0.09,0.05,0.5,1.0,12.6,0,0,0,0.4,0.4,0.18,0.6,0.6,Matches,FRA-L1,19-20
8fa8f8d2,16,Rúnar Alex Rúnarsson,ISL,GK,Dijon,24,1995,10.0,0,0,0,,0.0,0.0,,,,0,0,0,0.0,0.0,,0.0,0.0,Matches,FRA-L1,19-20
bdedd861,17,Rachid Alioui,MAR,FW,Angers,27,1992,17.4,6,58,22,37.9,3.34,1.27,0.1,0.27,20.7,11,0,0,5.2,5.2,0.09,0.8,0.8,Matches,FRA-L1,19-20
0a63446f,18,Mickaël Alphonse,GLP,DF,Dijon,30,1989,15.3,0,6,0,0.0,0.39,0.0,0.0,,23.4,0,0,0,0.2,0.2,0.03,-0.2,-0.2,Matches,FRA-L1,19-20
d7bf3d19,19,Romain Amalfitano,FRA,MF,Dijon,29,1989,18.8,1,11,2,18.2,0.58,0.11,0.09,0.5,26.4,0,0,0,0.4,0.4,0.04,0.6,0.6,Matches,FRA-L1,19-20
22721b88,20,Jordan Amavi,FRA,DF,Marseille,25,1994,24.0,1,16,4,25.0,0.67,0.17,0.06,0.25,21.9,0,0,0,0.7,0.7,0.05,0.3,0.3,Matches,FRA-L1,19-20
2945f4b7,21,Thierry Ambrose,GLP,FW,Metz,22,1997,6.1,0,23,4,17.4,3.78,0.66,0.0,0.0,20.0,0,0,0,1.2,1.2,0.05,-1.2,-1.2,Matches,FRA-L1,19-20
bcc81786,22,Kelvin Amian,FRA,DF,Toulouse,21,1998,18.1,0,8,3,37.5,0.44,0.17,0.0,0.0,19.4,0,0,0,0.4,0.4,0.05,-0.4,-0.4,Matches,FRA-L1,19-20
e34fc66d,23,Joachim Andersen,DEN,DF,Lyon,23,1996,17.0,1,10,1,10.0,0.59,0.06,0.1,1.0,16.1,0,0,0,0.9,0.9,0.09,0.1,0.1,Matches,FRA-L1,19-20
ef9c1c95,24,Benjamin André,FRA,MF,Lille,28,1990,22.8,2,14,3,21.4,0.61,0.13,0.14,0.67,15.8,0,0,0,0.9,0.9,0.07,1.1,1.1,Matches,FRA-L1,19-20
d8992b84,25,Victorien Angban,CIV,MF,Metz,22,1996,11.4,0,4,0,0.0,0.35,0.0,0.0,,30.2,0,0,0,0.1,0.1,0.03,-0.1,-0.1,Matches,FRA-L1,19-20
38d9ce53,26,Janis Antiste,FRA,MF,Toulouse,16,2002,0.1,0,1,0,0.0,7.5,0.0,0.0,,13.9,0,0,0,0.0,0.0,0.05,0.0,0.0,Matches,FRA-L1,19-20
a5db0bec,27,Houssem Aouar,ALG,"MF,FW",Lyon,21,1998,21.7,3,46,18,39.1,2.12,0.83,0.07,0.17,20.0,2,0,0,3.7,3.7,0.08,-0.7,-0.7,Matches,FRA-L1,19-20
b94b8be1,28,Adil Aouchiche,FRA,MF,Paris S-G,17,2002,0.7,0,0,0,,0.0,0.0,,,,0,0,0,0.0,0.0,,0.0,0.0,Matches,FRA-L1,19-20
feb5d3ab,29,Dennis Appiah,FRA,DF,Nantes,27,1992,17.8,0,1,0,0.0,0.06,0.0,0.0,,17.1,0,0,0,0.1,0.1,0.05,-0.1,-0.1,Matches,FRA-L1,19-20
fa18c72e,30,Luiz Araújo,BRA,"FW,MF",Lille,23,1996,9.2,2,24,11,45.8,2.61,1.2,0.08,0.18,24.8,0,0,0,1.0,1.0,0.04,1.0,1.0,Matches,FRA-L1,19-20
2f965a72,31,Alphonse Areola,FRA,GK,Paris S-G,26,1993,3.0,0,0,0,,0.0,0.0,,,,0,0,0,0.0,0.0,,0.0,0.0,Matches,FRA-L1,19-20
6a827d8e,32,Youcef Atal,ALG,"FW,DF",Nice,23,1996,11.1,1,19,9,47.4,1.7,0.81,0.05,0.11,18.1,0,0,0,1.4,1.4,0.07,-0.4,-0.4,Matches,FRA-L1,19-20
97bfa797,33,Jean-Kévin Augustin,FRA,FW,Monaco,22,1997,3.0,0,7,3,42.9,2.37,1.02,0.0,0.0,13.8,0,0,0,0.5,0.5,0.07,-0.5,-0.5,Matches,FRA-L1,19-20
7dfbba27,34,Mathias Autret,FRA,"MF,FW",Brest,28,1991,13.6,2,27,9,33.3,1.99,0.66,0.07,0.22,22.1,0,0,0,1.8,1.8,0.07,0.2,0.2,Matches,FRA-L1,19-20
d3ce9f1f,35,Ludovic Baal,GUF,DF,Brest,33,1986,9.2,0,2,0,0.0,0.22,0.0,0.0,,11.7,0,0,0,0.1,0.1,0.07,-0.1,-0.1,Matches,FRA-L1,19-20
06df8256,36,Benoît Badiashile,FRA,DF,Monaco,18,2001,15.7,0,10,3,30.0,0.64,0.19,0.0,0.0,14.7,0,0,0,0.7,0.7,0.07,-0.7,-0.7,Matches,FRA-L1,19-20
3deb2342,37,Bastian Badu,FRA,FW,Montpellier,19,2000,0.1,0,1,1,100.0,10.0,10.0,0.0,0.0,13.6,0,0,0,0.1,0.1,0.05,-0.1,-0.1,Matches,FRA-L1,19-20
5046b7d4,38,Stéphane Bahoken,CMR,FW,Angers,27,1992,10.1,4,18,8,44.4,1.79,0.79,0.17,0.38,16.5,0,1,1,3.4,2.6,0.14,0.6,0.4,Matches,FRA-L1,19-20
5065d67d,39,Dénys Bain,FRA,DF,Brest,26,1993,14.1,1,3,1,33.3,0.21,0.07,0.33,1.0,6.9,0,0,0,0.7,0.7,0.23,0.3,0.3,Matches,FRA-L1,19-20
be13e5a8,40,Stefan Bajic,FRA,GK,Saint-Étienne,17,2001,1.0,0,0,0,,0.0,0.0,,,,0,0,0,0.0,0.0,,0.0,0.0,Matches,FRA-L1,19-20
59bf127b,41,Tiemoué Bakayoko,FRA,MF,Monaco,24,1994,19.1,1,24,7,29.2,1.26,0.37,0.04,0.14,18.5,0,0,0,2.1,2.1,0.09,-1.1,-1.1,Matches,FRA-L1,19-20
a8567629,42,Mitchel Bakker,NED,DF,Paris S-G,19,2000,1.0,0,0,0,,0.0,0.0,,,,0,0,0,0.0,0.0,,0.0,0.0,Matches,FRA-L1,19-20
509a4ccb,43,Keita Baldé,SEN,"FW,MF",Monaco,24,1995,9.5,4,28,13,46.4,2.94,1.36,0.14,0.31,16.1,0,0,0,4.0,4.0,0.14,0.0,0.0,Matches,FRA-L1,19-20
f449640d,44,Fodé Ballo-Touré,SEN,DF,Monaco,22,1997,18.7,0,5,2,40.0,0.27,0.11,0.0,0.0,13.0,0,0,0,0.9,0.9,0.19,-0.9,-0.9,Matches,FRA-L1,19-20
4e7bfc23,45,Florent Balmont,FRA,MF,Dijon,39,1980,4.5,0,7,3,42.9,1.57,0.67,0.0,0.0,30.8,0,0,0,0.2,0.2,0.03,-0.2,-0.2,Matches,FRA-L1,19-20
7fecbcdb,46,Abdoulaye Bamba,CIV,DF,Angers,29,1990,6.2,0,1,0,0.0,0.16,0.0,0.0,,25.2,0,0,0,0.0,0.0,0.03,0.0,0.0,Matches,FRA-L1,19-20
b2bd0f6c,47,Jonathan Bamba,CIV,"FW,MF",Lille,23,1996,21.5,1,45,23,51.1,2.09,1.07,0.0,0.0,22.6,0,1,3,5.6,3.3,0.07,-4.6,-3.3,Matches,FRA-L1,19-20
0557ff4f,48,Danilo Barbosa,BRA,"DF,MF",Nice,23,1996,12.5,0,5,1,20.0,0.4,0.08,0.0,0.0,19.7,2,0,0,0.5,0.5,0.09,-0.5,-0.5,Matches,FRA-L1,19-20
1ddbc7ca,49,Melvin Bard,FRA,DF,Lyon,18,2000,0.5,0,0,0,,0.0,0.0,,,,0,0,0,0.0,0.0,,0.0,0.0,Matches,FRA-L1,19-20
80556f08,50,Toma Bašić,CRO,MF,Bordeaux,22,1996,11.0,1,17,4,23.5,1.54,0.36,0.06,0.25,26.8,4,0,0,0.8,0.8,0.05,0.2,0.2,Matches,FRA-L1,19-20
65391fa7,51,Thomas Basila,FRA,DF,Nantes,20,1999,4.6,0,1,0,0.0,0.22,0.0,0.0,,8.1,0,0,0,0.1,0.1,0.11,-0.1,-0.1,Matches,FRA-L1,19-20
e61bdd69,52,Gil Bastião Dias,POR,"DF,MF",Monaco,22,1996,11.7,0,17,5,29.4,1.45,0.43,0.0,0.0,19.7,0,0,0,1.0,1.0,0.06,-1.0,-1.0,Matches,FRA-L1,19-20
0f9b8301,53,Cristian Battocchio,ITA,MF,Brest,27,1992,15.5,3,19,6,31.6,1.23,0.39,0.16,0.5,28.1,4,0,1,1.7,1.0,0.05,1.3,2.0,Matches,FRA-L1,19-20
3f1a7191,54,Gaëtan Belaud,FRA,DF,Brest,32,1986,6.4,0,3,0,0.0,0.47,0.0,0.0,,25.0,0,0,0,0.1,0.1,0.03,-0.1,-0.1,Matches,FRA-L1,19-20
2b1bed19,55,Haris Belkebla,ALG,MF,Brest,25,1994,20.2,0,7,3,42.9,0.35,0.15,0.0,0.0,23.0,0,0,0,0.7,0.7,0.1,-0.7,-0.7,Matches,FRA-L1,19-20
e3756e72,56,Raoul Bellanova,ITA,DF,Bordeaux,19,2000,0.7,0,0,0,,0.0,0.0,,,,0,0,0,0.0,0.0,,0.0,0.0,Matches,FRA-L1,19-20
10f0fdd3,57,Jean-Ricner Bellegarde,FRA,MF,Strasbourg,21,1998,16.6,0,18,4,22.2,1.08,0.24,0.0,0.0,22.3,0,0,0,1.0,1.0,0.05,-1.0,-1.0,Matches,FRA-L1,19-20
c05d65d1,58,Sami Ben Amar,MAR,FW,Nîmes,21,1998,0.2,0,0,0,,0.0,0.0,,,,0,0,0,0.0,0.0,,0.0,0.0,Matches,FRA-L1,19-20
942b4f90,59,Wissam Ben Yedder,FRA,FW,Monaco,28,1990,24.0,18,61,33,54.1,2.54,1.37,0.25,0.45,14.2,7,3,3,14.4,12.0,0.2,3.6,3.0,Matches,FRA-L1,19-20
3b5cd50d,60,Cristian Benavente,PER,"MF,FW",Nantes,25,1994,3.9,0,4,3,75.0,1.03,0.77,0.0,0.0,21.2,0,0,0,0.4,0.4,0.1,-0.4,-0.4,Matches,FRA-L1,19-20
bef0a7ac,61,Darío Benedetto,ARG,FW,Marseille,29,1990,23.3,11,60,27,45.0,2.57,1.16,0.18,0.41,16.5,3,0,1,9.6,8.8,0.15,1.4,2.2,Matches,FRA-L1,19-20
8a2248b4,62,Walter Benítez,ARG,GK,Nice,26,1993,26.0,0,0,0,,0.0,0.0,,,,0,0,0,0.0,0.0,,0.0,0.0,Matches,FRA-L1,19-20
f5b6fb78,63,Loris Benito,SUI,DF,Bordeaux,27,1992,21.1,1,12,2,16.7,0.57,0.09,0.08,0.5,14.8,0,0,0,0.8,0.8,0.07,0.2,0.2,Matches,FRA-L1,19-20
b6047994,64,Bilal Benkhedim,FRA,"MF,FW",Saint-Étienne,18,2001,1.5,0,1,0,0.0,0.68,0.0,0.0,,10.3,0,0,0,0.4,0.4,0.39,-0.4,-0.4,Matches,FRA-L1,19-20
fbf76716,65,Yassine Benrahou,FRA,"FW,MF",Bordeaux,20,1999,1.9,0,3,0,0.0,1.61,0.0,0.0,,23.8,2,0,0,0.2,0.2,0.08,-0.2,-0.2,Matches,FRA-L1,19-20
fbf76716,66,Yassine Benrahou,FRA,"MF,FW",Nîmes,20,1999,8.5,2,23,10,43.5,2.72,1.18,0.09,0.2,20.7,5,0,0,2.0,2.0,0.09,0.0,0.0,Matches,FRA-L1,19-20
6fbde63a,67,Yassine Benzia,ALG,MF,Dijon,24,1994,1.9,0,4,0,0.0,2.08,0.0,0.0,,26.9,0,0,0,0.1,0.1,0.04,-0.1,-0.1,Matches,FRA-L1,19-20
9001138b,68,Robert Berić,SVN,FW,Saint-Étienne,28,1991,4.6,1,7,1,14.3,1.53,0.22,0.14,1.0,8.7,0,0,0,1.4,1.4,0.2,-0.4,-0.4,Matches,FRA-L1,19-20
28dabd43,69,Paul Bernardoni,FRA,GK,Nîmes,22,1997,24.5,0,0,0,,0.0,0.0,,,,0,0,0,0.0,0.0,,0.0,0.0,Matches,FRA-L1,19-20
433dc9a2,70,Juan Bernat,ESP,"DF,MF",Paris S-G,26,1993,15.4,0,6,1,16.7,0.39,0.06,0.0,0.0,14.2,0,0,0,0.4,0.4,0.07,-0.4,-0.4,Matches,FRA-L1,19-20
380a15e2,71,Dimitry Bertaud,COD,GK,Montpellier,21,1998,2.2,0,0,0,,0.0,0.0,,,,0,0,0,0.0,0.0,,0.0,0.0,Matches,FRA-L1,19-20
47c609d5,72,El Bilal Touré,MLI,FW,Reims,17,2001,5.0,3,9,4,44.4,1.79,0.79,0.11,0.25,13.8,0,2,2,3.3,1.8,0.2,-0.3,-0.8,Matches,FRA-L1,19-20
6191093d,73,Ludovic Blas,FRA,"FW,MF",Nantes,21,1997,20.5,5,46,19,41.3,2.24,0.93,0.11,0.26,22.3,0,0,0,4.0,4.0,0.09,1.0,1.0,Matches,FRA-L1,19-20
c69ef855,74,Alexis Blin,FRA,MF,Amiens,22,1996,20.5,0,2,0,0.0,0.1,0.0,0.0,,17.9,0,0,0,0.1,0.1,0.06,-0.1,-0.1,Matches,FRA-L1,19-20
7d937aa1,75,Antonin Bobichon,FRA,MF,Nîmes,23,1995,2.0,0,2,0,0.0,1.0,0.0,0.0,,31.1,0,0,0,0.1,0.1,0.03,-0.1,-0.1,Matches,FRA-L1,19-20
7d937aa1,76,Antonin Bobichon,FRA,MF,Angers,23,1995,7.2,2,20,5,25.0,2.77,0.69,0.1,0.4,21.4,1,0,0,1.0,1.0,0.05,1.0,1.0,Matches,FRA-L1,19-20
f3642ba8,77,Mathieu Bodmer,FRA,"MF,FW",Amiens,36,1982,1.0,1,4,2,50.0,4.09,2.05,0.25,0.5,14.1,0,0,0,0.3,0.3,0.07,0.7,0.7,Matches,FRA-L1,19-20
6c8ddd52,78,Sacha Boey,FRA,DF,Rennes,18,2000,1.9,0,1,0,0.0,0.52,0.0,0.0,,11.5,0,0,0,0.1,0.1,0.1,-0.1,-0.1,Matches,FRA-L1,19-20
f6496133,79,Quentin Boisgard,FRA,"MF,FW",Toulouse,22,1997,12.7,1,17,2,11.8,1.34,0.16,0.06,0.5,22.2,2,0,0,0.8,0.8,0.05,0.2,0.2,Matches,FRA-L1,19-20
e90af77c,80,Gabriel Boschilia,BRA,"MF,FW",Monaco,23,1996,1.4,0,5,0,0.0,3.46,0.0,0.0,,26.3,1,0,0,0.2,0.2,0.04,-0.2,-0.2,Matches,FRA-L1,19-20
0b0cbe5b,81,Denis Bouanga,GAB,"FW,MF",Saint-Étienne,24,1994,22.7,10,75,34,45.3,3.31,1.5,0.09,0.21,17.8,2,3,3,10.3,7.9,0.11,-0.3,-0.9,Matches,FRA-L1,19-20
f9d5908e,82,Hicham Boudaoui,ALG,"MF,FW",Nice,19,1999,5.4,1,4,4,100.0,0.73,0.73,0.25,0.25,12.1,0,0,0,1.0,1.0,0.25,0.0,0.0,Matches,FRA-L1,19-20
1001ae82,83,Ryad Boudebouz,ALG,"MF,FW",Saint-Étienne,29,1990,17.7,1,25,5,20.0,1.41,0.28,0.0,0.0,24.5,5,1,1,2.2,1.4,0.06,-1.2,-1.4,Matches,FRA-L1,19-20
a0791826,84,Farid Boulaya,ALG,FW,Metz,26,1993,9.1,2,24,9,37.5,2.63,0.99,0.08,0.22,21.9,7,0,0,1.8,1.8,0.07,0.2,0.2,Matches,FRA-L1,19-20
20e73fac,85,Benjamin Bourigeaud,FRA,MF,Rennes,25,1994,21.1,2,42,10,23.8,1.99,0.47,0.05,0.2,25.9,12,0,0,2.5,2.5,0.06,-0.5,-0.5,Matches,FRA-L1,19-20
e8a65bc8,86,Bilal Boutobba,FRA,MF,Montpellier,20,1998,0.1,0,0,0,,0.0,0.0,,,,0,0,0,0.0,0.0,,0.0,0.0,Matches,FRA-L1,19-20
861227d2,87,John Boye,GHA,DF,Metz,32,1987,23.5,2,7,2,28.6,0.3,0.09,0.29,1.0,6.0,0,0,0,2.3,2.3,0.33,-0.3,-0.3,Matches,FRA-L1,19-20
8bbe2df5,88,Domagoj Bradarić,CRO,DF,Lille,19,1999,15.8,0,5,0,0.0,0.32,0.0,0.0,,29.3,1,0,0,0.4,0.4,0.09,-0.4,-0.4,Matches,FRA-L1,19-20
16324e1d,89,Anthony Briançon,FRA,DF,Nîmes,24,1994,19.3,1,18,3,16.7,0.93,0.16,0.06,0.33,18.4,0,0,0,2.0,2.0,0.11,-1.0,-1.0,Matches,FRA-L1,19-20
f83c8d6c,90,Jimmy Briand,FRA,FW,Bordeaux,33,1985,16.9,7,27,10,37.0,1.59,0.59,0.22,0.6,14.2,0,1,1,5.2,4.5,0.17,1.8,1.5,Matches,FRA-L1,19-20
edd81e2a,91,Dylan Bronn,TUN,DF,Metz,24,1995,9.0,0,2,1,50.0,0.22,0.11,0.0,0.0,11.6,0,0,0,0.1,0.1,0.06,-0.1,-0.1,Matches,FRA-L1,19-20
f9921b7f,92,Lucas Buadés,FRA,"MF,FW",Nîmes,21,1997,1.3,0,0,0,,0.0,0.0,,,,0,0,0,0.0,0.0,,0.0,0.0,Matches,FRA-L1,19-20
8746d5d0,93,Patrick Burner,MTQ,DF,Nice,23,1996,15.9,1,7,1,14.3,0.44,0.06,0.14,1.0,22.7,0,0,0,0.3,0.3,0.05,0.7,0.7,Matches,FRA-L1,19-20
26975a92,94,Ludovic Butelle,FRA,GK,Angers,36,1983,26.0,0,0,0,,0.0,0.0,,,,0,0,0,0.0,0.0,,0.0,0.0,Matches,FRA-L1,19-20
db87a2c4,95,Marcin Bułka,POL,GK,Paris S-G,19,1999,1.0,0,0,0,,0.0,0.0,,,,0,0,0,0.0,0.0,,0.0,0.0,Matches,FRA-L1,19-20
ad7b19ef,96,Yohan Cabaye,FRA,MF,Saint-Étienne,33,1986,9.5,0,11,3,27.3,1.15,0.31,0.0,0.0,23.2,1,0,0,0.5,0.5,0.05,-0.5,-0.5,Matches,FRA-L1,19-20
38568467,97,Manuel Cabit,MTQ,DF,Metz,26,1993,3.0,0,0,0,,0.0,0.0,,,,0,0,0,0.0,0.0,,0.0,0.0,Matches,FRA-L1,19-20
0118c54c,98,Anthony Caci,FRA,DF,Strasbourg,22,1997,7.7,1,4,3,75.0,0.52,0.39,0.25,0.33,19.9,0,0,0,0.4,0.4,0.1,0.6,0.6,Matches,FRA-L1,19-20
e8edfdc9,99,Jhonder Cádiz,VEN,"FW,MF",Dijon,24,1995,8.9,2,31,13,41.9,3.49,1.46,0.06,0.15,14.8,0,0,0,3.2,3.2,0.1,-1.2,-1.2,Matches,FRA-L1,19-20
2a657da0,100,Mathieu Cafaro,FRA,"FW,MF",Reims,22,1997,10.3,1,38,12,31.6,3.7,1.17,0.0,0.0,24.6,7,1,1,2.7,1.9,0.05,-1.7,-1.9,Matches,FRA-L1,19-20
8d043f1d,101,Jonathan Cafu,BRA,DF,Bordeaux,28,1991,2.2,0,1,0,0.0,0.45,0.0,0.0,,22.8,0,0,0,0.0,0.0,0.04,0.0,0.0,Matches,FRA-L1,19-20
34bb6fbd,102,Arturo Calabresi,ITA,DF,Amiens,23,1996,20.9,1,6,1,16.7,0.29,0.05,0.17,1.0,16.9,0,0,0,0.8,0.8,0.14,0.2,0.2,Matches,FRA-L1,19-20
94f8d10c,103,Duje Ćaleta-Car,CRO,DF,Marseille,22,1996,21.0,1,15,5,33.3,0.72,0.24,0.07,0.2,15.5,0,0,0,1.4,1.4,0.09,-0.4,-0.4,Matches,FRA-L1,19-20
8577e60a,104,Mahdi Camara,FRA,MF,Saint-Étienne,21,1998,10.0,0,6,2,33.3,0.6,0.2,0.0,0.0,20.2,0,0,0,0.3,0.3,0.05,-0.3,-0.3,Matches,FRA-L1,19-20
c58270f8,105,Souleymane Camara,SEN,FW,Montpellier,36,1982,1.8,0,3,2,66.7,1.66,1.1,0.0,0.0,11.8,0,0,0,0.3,0.3,0.1,-0.3,-0.3,Matches,FRA-L1,19-20
7b9c2d84,106,Eduardo Camavinga,FRA,MF,Rennes,16,2002,23.4,1,15,4,26.7,0.64,0.17,0.07,0.25,22.6,0,0,0,0.9,0.9,0.06,0.1,0.1,Matches,FRA-L1,19-20
79b2399c,107,Pierrick Capelle,FRA,"MF,DF",Angers,32,1987,19.4,1,36,11,30.6,1.85,0.57,0.03,0.09,19.4,0,0,0,2.6,2.6,0.07,-1.6,-1.6,Matches,FRA-L1,19-20
f81ef10d,108,Maxence Caqueret,FRA,MF,Lyon,19,2000,6.3,0,4,2,50.0,0.63,0.32,0.0,0.0,23.7,0,0,0,0.2,0.2,0.04,-0.2,-0.2,Matches,FRA-L1,19-20
5e080f73,109,Irvin Cardona,FRA,"FW,MF",Brest,21,1997,16.1,6,50,14,28.0,3.1,0.87,0.12,0.43,15.3,0,0,0,5.5,5.5,0.11,0.5,0.5,Matches,FRA-L1,19-20
5b5724d2,110,Lionel Carole,FRA,DF,Strasbourg,28,1991,14.1,0,5,0,0.0,0.35,0.0,0.0,,26.2,0,0,0,0.2,0.2,0.03,-0.2,-0.2,Matches,FRA-L1,19-20
8608f269,111,Matis Carvalho,POR,GK,Montpellier,20,1999,0.8,0,0,0,,0.0,0.0,,,,0,0,0,0.0,0.0,,0.0,0.0,Matches,FRA-L1,19-20
f54d2149,112,Moreto Cassamã,GNB,MF,Reims,21,1998,6.6,1,4,1,25.0,0.61,0.15,0.25,1.0,28.1,1,0,0,0.2,0.2,0.04,0.8,0.8,Matches,FRA-L1,19-20
e0f3a1f6,113,Jean-Charles Castelletto,CMR,DF,Brest,24,1995,20.4,1,3,1,33.3,0.15,0.05,0.33,1.0,7.1,0,0,0,0.5,0.5,0.17,0.5,0.5,Matches,FRA-L1,19-20
527f063d,114,Edinson Cavani,URU,FW,Paris S-G,32,1987,6.7,4,27,10,37.0,4.02,1.49,0.11,0.3,10.5,1,1,1,8.7,7.9,0.29,-4.7,-4.9,Matches,FRA-L1,19-20
31a62dc7,115,Zeki Çelik,TUR,DF,Lille,22,1997,23.0,0,4,1,25.0,0.17,0.04,0.0,0.0,21.5,0,0,0,0.2,0.2,0.04,-0.2,-0.2,Matches,FRA-L1,19-20
3c6bbbab,116,Fabien Centonze,FRA,DF,Metz,23,1996,28.0,0,9,3,33.3,0.32,0.11,0.0,0.0,24.0,0,0,0,0.5,0.5,0.05,-0.5,-0.5,Matches,FRA-L1,19-20
5d9577aa,117,Florian Chabrolle,FRA,MF,Marseille,21,1998,0.2,0,0,0,,0.0,0.0,,,,0,0,0,0.0,0.0,,0.0,0.0,Matches,FRA-L1,19-20
edd1466a,118,Fouad Chafik,MAR,DF,Dijon,32,1986,17.0,0,7,1,14.3,0.41,0.06,0.0,0.0,26.9,0,0,0,0.2,0.2,0.03,-0.2,-0.2,Matches,FRA-L1,19-20
18ebca4b,119,Gaëtan Charbonnier,FRA,"FW,MF",Brest,30,1988,22.9,4,49,14,28.6,2.14,0.61,0.08,0.29,18.5,0,0,2,7.1,5.5,0.11,-3.1,-1.5,Matches,FRA-L1,19-20
16aa7d4c,120,Brendan Chardonnet,FRA,DF,Brest,24,1994,9.1,0,4,0,0.0,0.44,0.0,0.0,,19.6,0,0,0,0.3,0.3,0.08,-0.3,-0.3,Matches,FRA-L1,19-20
279ddf6a,121,Xavier Chavalerin,FRA,MF,Reims,28,1991,23.9,1,21,3,14.3,0.88,0.13,0.05,0.33,21.5,1,0,0,0.9,0.9,0.04,0.1,0.1,Matches,FRA-L1,19-20
80e4c841,122,Aurélien Chedjou,CMR,DF,Amiens,34,1985,21.9,0,8,2,25.0,0.37,0.09,0.0,0.0,10.3,0,0,0,0.7,0.7,0.08,-0.7,-0.7,Matches,FRA-L1,19-20
b34c63a5,123,Rayan Cherki,FRA,"MF,FW",Lyon,15,2003,1.6,0,3,2,66.7,1.89,1.26,0.0,0.0,23.5,0,0,0,0.2,0.2,0.07,-0.2,-0.2,Matches,FRA-L1,19-20
7909ffa4,124,Joris Chotard,FRA,MF,Montpellier,17,2001,13.9,0,9,2,22.2,0.65,0.14,0.0,0.0,32.3,0,0,0,0.2,0.2,0.03,-0.2,-0.2,Matches,FRA-L1,19-20
45c1c326,125,Mounir Chouiar,FRA,"MF,FW",Dijon,20,1999,16.7,4,39,17,43.6,2.33,1.02,0.1,0.24,17.5,6,0,0,3.6,3.6,0.09,0.4,0.4,Matches,FRA-L1,19-20
9cebd6ce,126,Ibrahim Cissé,CIV,DF,Nice,20,1999,0.6,0,1,1,100.0,1.8,1.8,0.0,0.0,8.5,0,0,0,0.1,0.1,0.11,-0.1,-0.1,Matches,FRA-L1,19-20
0f87f8c2,127,Ibrahim Cissé,SEN,DF,Angers,23,1996,0.7,0,0,0,,0.0,0.0,,,,0,0,0,0.0,0.0,,0.0,0.0,Matches,FRA-L1,19-20
741418c3,128,Alexis Claude-Maurice,FRA,"FW,MF",Nice,21,1998,18.1,1,38,10,26.3,2.1,0.55,0.03,0.1,18.3,0,0,0,3.2,3.2,0.08,-2.2,-2.2,Matches,FRA-L1,19-20
7800bdb8,129,Yannis Clementia,MTQ,GK,Nice,22,1997,2.0,0,0,0,,0.0,0.0,,,,0,0,0,0.0,0.0,,0.0,0.0,Matches,FRA-L1,19-20
3010aefb,130,Marcus Coco,FRA,FW,Nantes,23,1996,0.2,0,0,0,,0.0,0.0,,,,0,0,0,0.0,0.0,,0.0,0.0,Matches,FRA-L1,19-20
4e7d66f8,131,Renaud Cohade,FRA,MF,Metz,34,1984,8.5,1,8,4,50.0,0.94,0.47,0.13,0.25,20.5,1,0,0,0.4,0.4,0.05,0.6,0.6,Matches,FRA-L1,19-20
166a981d,132,Racine Coly,SEN,"DF,FW",Nice,23,1995,7.2,1,6,4,66.7,0.83,0.55,0.17,0.25,10.1,0,0,0,0.9,0.9,0.17,0.1,0.1,Matches,FRA-L1,19-20
3f5b4635,133,Daniel Congré,FRA,DF,Montpellier,34,1985,21.6,0,9,2,22.2,0.42,0.09,0.0,0.0,10.4,0,0,0,1.2,1.2,0.14,-1.2,-1.2,Matches,FRA-L1,19-20
cfd8dde3,134,Benjamin Corgnet,FRA,"MF,FW",Strasbourg,32,1987,2.9,0,4,1,25.0,1.38,0.34,0.0,0.0,13.9,0,0,0,0.5,0.5,0.13,-0.5,-0.5,Matches,FRA-L1,19-20
beb391dd,135,Maxwel Cornet,CIV,"FW,DF",Lyon,22,1996,14.8,4,24,13,54.2,1.62,0.88,0.17,0.31,17.2,3,0,0,2.1,2.1,0.09,1.9,1.9,Matches,FRA-L1,19-20
5d42d487,136,Quentin Cornette,FRA,"FW,MF",Amiens,25,1994,3.9,0,2,1,50.0,0.52,0.26,0.0,0.0,22.1,0,0,0,0.1,0.1,0.04,-0.1,-0.1,Matches,FRA-L1,19-20
bc50c437,137,Edmilson Correia,GNB,"FW,DF",Saint-Étienne,19,2000,0.5,0,0,0,,0.0,0.0,,,,0,0,0,0.0,0.0,,0.0,0.0,Matches,FRA-L1,19-20
909222de,138,Nuno da Costa,CPV,FW,Strasbourg,28,1991,5.9,1,18,7,38.9,3.07,1.2,0.06,0.14,16.5,0,0,0,1.3,1.3,0.07,-0.3,-0.3,Matches,FRA-L1,19-20
2434f24a,139,Benoît Costil,FRA,GK,Bordeaux,32,1987,28.0,0,0,0,,0.0,0.0,,,,0,0,0,0.0,0.0,,0.0,0.0,Matches,FRA-L1,19-20
9980269a,140,Kalifa Coulibaly,MLI,FW,Nantes,27,1991,18.0,4,48,19,39.6,2.67,1.06,0.08,0.21,13.1,0,0,0,6.1,6.1,0.13,-2.1,-2.1,Matches,FRA-L1,19-20
67b7357e,141,Senou Coulibaly,MLI,DF,Dijon,24,1994,7.4,0,5,0,0.0,0.68,0.0,0.0,,10.4,0,0,0,0.6,0.6,0.12,-0.6,-0.6,Matches,FRA-L1,19-20
26e4447b,142,Yoann Court,FRA,"FW,MF",Brest,29,1990,16.3,3,34,11,32.4,2.09,0.68,0.09,0.27,22.2,2,0,0,1.8,1.8,0.05,1.2,1.2,Matches,FRA-L1,19-20
8f325097,143,Nicolas Cozza,FRA,DF,Montpellier,20,1999,6.2,0,1,0,0.0,0.16,0.0,0.0,,4.0,0,0,0,0.2,0.2,0.23,-0.2,-0.2,Matches,FRA-L1,19-20
3e092724,144,Wylan Cyprien,FRA,MF,Nice,24,1995,19.7,7,53,14,26.4,2.69,0.71,0.04,0.14,27.8,20,5,5,6.5,2.6,0.05,0.5,-0.6,Matches,FRA-L1,19-20
007faf7a,145,Lucas Da Cunha,FRA,MF,Rennes,18,2001,0.8,0,2,0,0.0,2.5,0.0,0.0,,25.0,0,0,0,0.1,0.1,0.03,-0.1,-0.1,Matches,FRA-L1,19-20
1ec7e1c5,146,Damien Da Silva,FRA,DF,Rennes,31,1988,24.9,1,5,2,40.0,0.2,0.08,0.2,0.5,14.0,0,0,0,0.4,0.4,0.08,0.6,0.6,Matches,FRA-L1,19-20
29c02c9f,147,Colin Dagba,FRA,DF,Paris S-G,20,1998,7.4,0,2,0,0.0,0.27,0.0,0.0,,17.5,0,0,0,0.1,0.1,0.04,-0.1,-0.1,Matches,FRA-L1,19-20
fd2bc67d,148,Dante,BRA,DF,Nice,35,1983,21.0,1,18,6,33.3,0.86,0.29,0.06,0.17,10.4,1,0,0,1.7,1.7,0.09,-0.7,-0.7,Matches,FRA-L1,19-20
44f8c299,149,Lucas Deaux,FRA,MF,Nîmes,30,1988,14.8,2,15,5,33.3,1.01,0.34,0.13,0.4,20.9,0,0,0,1.3,1.3,0.09,0.7,0.7,Matches,FRA-L1,19-20
92232aad,150,Mathieu Debuchy,FRA,DF,Saint-Étienne,34,1985,19.7,1,13,3,23.1,0.66,0.15,0.08,0.33,14.1,0,0,0,1.4,1.4,0.11,-0.4,-0.4,Matches,FRA-L1,19-20
0be95d34,151,Romain Del Castillo,FRA,"FW,MF",Rennes,23,1996,13.8,2,27,9,33.3,1.96,0.65,0.04,0.11,20.6,0,1,1,3.1,2.3,0.09,-1.1,-1.3,Matches,FRA-L1,19-20
8332db56,152,Thomas Delaine,FRA,DF,Metz,27,1992,13.9,0,7,4,57.1,0.5,0.29,0.0,0.0,18.9,0,0,0,0.3,0.3,0.04,-0.3,-0.3,Matches,FRA-L1,19-20
2ee1b96b,153,Paul Delecroix,FRA,GK,Metz,30,1988,1.5,0,0,0,,0.0,0.0,,,,0,0,0,0.0,0.0,,0.0,0.0,Matches,FRA-L1,19-20
d33c706e,154,Andy Delort,ALG,FW,Montpellier,27,1991,25.3,9,82,28,34.1,3.24,1.11,0.11,0.32,18.0,2,0,2,11.4,9.9,0.12,-2.4,-0.9,Matches,FRA-L1,19-20
e7986081,155,Moussa Dembélé,FRA,FW,Lyon,23,1996,24.3,16,51,21,41.2,2.1,0.86,0.24,0.57,14.6,0,4,5,11.5,7.5,0.15,4.5,4.5,Matches,FRA-L1,19-20
47af88b8,156,Jason Denayer,BEL,DF,Lyon,24,1995,23.7,0,5,2,40.0,0.21,0.08,0.0,0.0,8.7,0,0,0,0.7,0.7,0.15,-0.7,-0.7,Matches,FRA-L1,19-20
0d3585b5,157,Kévin Denkey,TOG,FW,Nîmes,18,2000,6.7,3,20,7,35.0,2.99,1.04,0.15,0.43,17.3,0,0,0,2.0,2.0,0.1,1.0,1.0,Matches,FRA-L1,19-20
19cda00b,158,Ángel Di María,ARG,"FW,MF",Paris S-G,31,1988,22.2,8,72,22,30.6,3.24,0.99,0.1,0.32,21.0,8,1,2,8.3,6.7,0.09,-0.3,0.3,Matches,FRA-L1,19-20
244bc2c8,159,Boulaye Dia,SEN,FW,Reims,22,1996,20.1,7,38,17,44.7,1.89,0.84,0.16,0.35,14.7,0,1,1,5.7,5.0,0.13,1.3,1.0,Matches,FRA-L1,19-20
d07e3b41,160,Fousseni Diabaté,MLI,"FW,MF",Amiens,23,1995,13.2,1,7,2,28.6,0.53,0.15,0.14,0.5,16.9,0,0,0,0.6,0.6,0.09,0.4,0.4,Matches,FRA-L1,19-20
1bfb6fef,161,Bafodé Diakité,FRA,DF,Toulouse,18,2001,15.2,2,10,5,50.0,0.66,0.33,0.2,0.4,7.9,0,0,0,1.6,1.6,0.16,0.4,0.4,Matches,FRA-L1,19-20
fc62f087,162,Abdou Diallo,SEN,DF,Paris S-G,23,1996,13.3,0,5,2,40.0,0.37,0.15,0.0,0.0,7.4,0,0,0,1.2,1.2,0.24,-1.2,-1.2,Matches,FRA-L1,19-20
6605d143,163,Habib Diallo,SEN,FW,Metz,24,1995,24.4,12,73,28,38.4,2.99,1.15,0.15,0.39,19.6,1,1,3,9.6,7.2,0.1,2.4,3.8,Matches,FRA-L1,19-20
11ff3d56,164,Ibrahima Diallo,FRA,MF,Brest,20,1999,17.3,0,5,2,40.0,0.29,0.12,0.0,0.0,28.2,0,0,0,0.2,0.2,0.03,-0.2,-0.2,Matches,FRA-L1,19-20
698f11e3,165,Moussa Diarra,MLI,DF,Toulouse,18,2000,1.0,0,0,0,,0.0,0.0,,,,0,0,0,0.0,0.0,,0.0,0.0,Matches,FRA-L1,19-20
d83f8f69,166,Lucas Dias,FRA,GK,Nîmes,20,1999,3.5,0,0,0,,0.0,0.0,,,,0,0,0,0.0,0.0,,0.0,0.0,Matches,FRA-L1,19-20
247accfd,167,Bakaye Dibassy,MLI,DF,Amiens,29,1989,20.8,2,5,4,80.0,0.24,0.19,0.4,0.5,9.8,0,0,0,1.2,1.2,0.23,0.8,0.8,Matches,FRA-L1,19-20
92b56413,168,Tristan Dingomé,CMR,MF,Reims,28,1991,9.9,0,9,1,11.1,0.91,0.1,0.0,0.0,20.3,0,0,0,0.4,0.4,0.05,-0.4,-0.4,Matches,FRA-L1,19-20
4be0b467,169,Lois Diony,FRA,FW,Saint-Étienne,26,1992,7.4,2,15,7,46.7,2.03,0.95,0.13,0.29,17.2,2,0,0,1.2,1.2,0.08,0.8,0.8,Matches,FRA-L1,19-20
7f622eef,170,Assane Dioussé,SEN,MF,Saint-Étienne,21,1997,1.3,0,1,1,100.0,0.75,0.75,0.0,0.0,26.7,0,0,0,0.0,0.0,0.03,0.0,0.0,Matches,FRA-L1,19-20
ad82197c,171,Axel Disasi,FRA,DF,Reims,21,1998,27.0,1,15,2,13.3,0.56,0.07,0.07,0.5,11.5,0,0,0,2.8,2.8,0.19,-1.8,-1.8,Matches,FRA-L1,19-20
b2336681,172,Tiago Djaló,POR,DF,Lille,19,2000,7.3,0,0,0,,0.0,0.0,,,,0,0,0,0.0,0.0,,0.0,0.0,Matches,FRA-L1,19-20
43e7a164,173,Alexander Djiku,GHA,"DF,MF",Strasbourg,24,1994,22.9,1,20,7,35.0,0.87,0.31,0.05,0.14,18.1,0,0,0,2.6,2.6,0.13,-1.6,-1.6,Matches,FRA-L1,19-20
cc83b74d,174,Kasper Dolberg,DEN,FW,Nice,21,1997,21.0,11,42,25,59.5,2.0,1.19,0.26,0.44,13.9,0,0,0,8.1,8.1,0.19,2.9,2.9,Matches,FRA-L1,19-20
ccb1c3af,175,Keagan Dolly,RSA,MF,Montpellier,26,1993,1.6,0,4,3,75.0,2.43,1.82,0.0,0.0,29.0,0,0,0,0.1,0.1,0.03,-0.1,-0.1,Matches,FRA-L1,19-20
0f26fd24,176,Anastasios Donis,GRE,FW,Reims,22,1996,6.8,0,16,7,43.8,2.36,1.03,0.0,0.0,21.5,0,0,0,1.4,1.4,0.09,-1.4,-1.4,Matches,FRA-L1,19-20
6421dd73,177,Mathieu Dossevi,TOG,"MF,FW",Toulouse,31,1988,19.5,1,24,3,12.5,1.23,0.15,0.04,0.33,18.0,1,0,0,1.7,1.7,0.07,-0.7,-0.7,Matches,FRA-L1,19-20
6481421d,178,Moussa Doumbia,MLI,"FW,MF",Reims,24,1994,19.1,2,44,9,20.5,2.31,0.47,0.02,0.11,22.8,3,1,1,3.4,2.6,0.06,-1.4,-1.6,Matches,FRA-L1,19-20
9daeac61,179,Souleyman Doumbia,CIV,DF,Angers,22,1996,5.0,0,0,0,,0.0,0.0,,,,0,0,0,0.0,0.0,,0.0,0.0,Matches,FRA-L1,19-20
9daeac61,180,Souleyman Doumbia,CIV,DF,Rennes,22,1996,1.0,0,0,0,,0.0,0.0,,,,0,0,0,0.0,0.0,,0.0,0.0,Matches,FRA-L1,19-20
1a992676,181,Julian Draxler,GER,MF,Paris S-G,25,1993,7.6,0,13,5,38.5,1.71,0.66,0.0,0.0,18.5,0,0,0,1.1,1.1,0.08,-1.1,-1.1,Matches,FRA-L1,19-20
ff0ab48c,182,Leo Dubois,FRA,DF,Lyon,24,1994,15.0,0,5,0,0.0,0.33,0.0,0.0,,24.4,0,0,0,0.2,0.2,0.03,-0.2,-0.2,Matches,FRA-L1,19-20
9b6556d2,183,Haris Duljević,BIH,"FW,MF",Nîmes,25,1993,5.8,0,14,4,28.6,2.42,0.69,0.0,0.0,24.3,0,0,0,0.6,0.6,0.04,-0.6,-0.6,Matches,FRA-L1,19-20
e5cd9da6,184,Riza Durmisi,DEN,"DF,MF",Nice,25,1994,1.8,0,1,1,100.0,0.56,0.56,0.0,0.0,27.1,1,0,0,0.1,0.1,0.05,-0.1,-0.1,Matches,FRA-L1,19-20
0cbc8baa,185,Jean-Kevin Duverne,HAI,DF,Brest,22,1997,13.1,0,2,1,50.0,0.15,0.08,0.0,0.0,16.1,0,0,0,0.2,0.2,0.08,-0.2,-0.2,Matches,FRA-L1,19-20
72a0fb65,186,Bruno Ecuele Manga,GAB,DF,Dijon,31,1988,28.0,0,18,0,0.0,0.64,0.0,0.0,,13.7,0,0,0,1.7,1.7,0.09,-1.7,-1.7,Matches,FRA-L1,19-20
5c9ac7f0,187,Renaud Emond,BEL,FW,Nantes,27,1991,3.2,0,4,1,25.0,1.23,0.31,0.0,0.0,11.7,0,0,0,0.6,0.6,0.16,-0.6,-0.6,Matches,FRA-L1,19-20
bc7b4580,188,Fábio,BRA,DF,Nantes,29,1990,9.3,0,3,0,0.0,0.32,0.0,0.0,,28.0,0,0,0,0.1,0.1,0.03,-0.1,-0.1,Matches,FRA-L1,19-20
33508c78,189,Cesc Fàbregas,ESP,MF,Monaco,32,1987,10.3,0,10,2,20.0,0.97,0.19,0.0,0.0,21.5,1,0,0,0.5,0.5,0.05,-0.5,-0.5,Matches,FRA-L1,19-20
767212e6,190,Julien Faussurier,FRA,DF,Brest,32,1987,22.0,2,10,5,50.0,0.45,0.23,0.2,0.4,15.3,0,0,0,0.8,0.8,0.08,1.2,1.2,Matches,FRA-L1,19-20
005c0807,191,Zinedine Ferhat,ALG,"FW,MF",Nîmes,26,1993,25.0,3,45,13,28.9,1.8,0.52,0.07,0.23,19.2,3,0,0,4.1,4.1,0.09,-1.1,-1.1,Matches,FRA-L1,19-20
05816e19,192,Juan Ferney Otero,COL,"FW,MF",Amiens,24,1995,13.4,1,19,6,31.6,1.42,0.45,0.05,0.17,20.1,1,0,0,2.0,2.0,0.1,-1.0,-1.0,Matches,FRA-L1,19-20
375622c5,193,Jordan Ferri,FRA,MF,Montpellier,27,1992,12.8,0,11,4,36.4,0.86,0.31,0.0,0.0,23.6,0,0,0,0.4,0.4,0.04,-0.4,-0.4,Matches,FRA-L1,19-20
4c4ffacc,194,Mamadou Fofana,MLI,"DF,MF",Metz,21,1998,17.6,0,10,0,0.0,0.57,0.0,0.0,,23.2,0,0,0,0.4,0.4,0.04,-0.4,-0.4,Matches,FRA-L1,19-20
132a82f1,195,Wesley Fofana,FRA,DF,Saint-Étienne,18,2000,13.5,1,7,1,14.3,0.52,0.07,0.14,1.0,8.4,0,0,0,0.9,0.9,0.13,0.1,0.1,Matches,FRA-L1,19-20
822d51d7,196,Youssouf Fofana,FRA,MF,Strasbourg,20,1999,11.2,1,14,4,28.6,1.25,0.36,0.07,0.25,21.4,0,0,0,0.8,0.8,0.06,0.2,0.2,Matches,FRA-L1,19-20
822d51d7,197,Youssouf Fofana,FRA,MF,Monaco,20,1999,6.8,0,7,2,28.6,1.03,0.3,0.0,0.0,26.5,0,0,0,0.3,0.3,0.04,-0.3,-0.3,Matches,FRA-L1,19-20
90eb507d,198,Thomas Foket,BEL,DF,Reims,24,1994,27.0,0,8,1,12.5,0.3,0.04,0.0,0.0,18.6,0,0,0,0.5,0.5,0.06,-0.5,-0.5,Matches,FRA-L1,19-20
2145368f,199,Lamine Fomba,FRA,MF,Nîmes,21,1998,15.3,0,15,2,13.3,0.98,0.13,0.0,0.0,20.2,0,0,0,1.4,1.4,0.1,-1.4,-1.4,Matches,FRA-L1,19-20
90f87966,200,José Fonte,POR,DF,Lille,35,1983,24.5,1,16,4,25.0,0.65,0.16,0.06,0.25,11.8,0,0,0,1.6,1.6,0.1,-0.6,-0.6,Matches,FRA-L1,19-20
f84a807c,201,Lyle Foster,RSA,FW,Monaco,18,2000,0.7,0,2,0,0.0,2.9,0.0,0.0,,17.6,0,0,0,0.3,0.3,0.14,-0.3,-0.3,Matches,FRA-L1,19-20
4b96c347,202,Angelo Fulgini,FRA,MF,Angers,22,1996,17.5,1,35,16,45.7,1.99,0.91,0.03,0.06,19.0,0,0,0,3.1,3.1,0.09,-2.1,-2.1,Matches,FRA-L1,19-20
9e64fc85,203,Ruben Gabrielsen,NOR,DF,Toulouse,27,1992,7.3,0,4,1,25.0,0.55,0.14,0.0,0.0,9.6,0,0,0,0.4,0.4,0.09,-0.4,-0.4,Matches,FRA-L1,19-20
7ebfac0f,204,Nicolás Gaitán,ARG,"MF,FW",Lille,31,1988,0.6,0,0,0,,0.0,0.0,,,,0,0,0,0.0,0.0,,0.0,0.0,Matches,FRA-L1,19-20
c1b16364,205,Marvin Gakpa,FRA,"MF,FW",Metz,25,1993,5.2,0,14,2,14.3,2.69,0.38,0.0,0.0,23.2,2,0,0,0.6,0.6,0.05,-0.6,-0.6,Matches,FRA-L1,19-20
72c812f3,206,Idrissa Gana Gueye,SEN,MF,Paris S-G,29,1989,18.4,1,11,3,27.3,0.6,0.16,0.09,0.33,18.0,0,0,0,1.3,1.3,0.12,-0.3,-0.3,Matches,FRA-L1,19-20
23c63b7f,207,Ignatius Ganago,CMR,"FW,MF",Nice,20,1999,13.8,3,17,5,29.4,1.23,0.36,0.18,0.6,18.0,0,0,0,1.9,1.9,0.11,1.1,1.1,Matches,FRA-L1,19-20
6be41a31,208,Yann Gboho,FRA,FW,Rennes,18,2001,2.5,1,3,1,33.3,1.19,0.4,0.33,1.0,12.4,0,0,0,0.2,0.2,0.08,0.8,0.8,Matches,FRA-L1,19-20
4c700f46,209,Jérémy Gélin,FRA,"DF,MF",Rennes,22,1997,10.3,0,3,0,0.0,0.29,0.0,0.0,,9.3,0,0,0,0.5,0.5,0.15,-0.5,-0.5,Matches,FRA-L1,19-20
ea0ff634,210,Valère Germain,FRA,FW,Marseille,29,1990,15.0,2,20,4,20.0,1.33,0.27,0.1,0.5,13.3,0,0,0,1.3,1.3,0.07,0.7,0.7,Matches,FRA-L1,19-20
f7b1d4e0,211,Saman Ghoddos,IRN,FW,Amiens,25,1993,2.6,1,6,3,50.0,2.34,1.17,0.17,0.33,20.1,1,0,0,0.7,0.7,0.12,0.3,0.3,Matches,FRA-L1,19-20
3befc2b6,212,Andrei Girotto,BRA,DF,Nantes,27,1992,24.2,1,22,5,22.7,0.91,0.21,0.05,0.2,19.8,0,0,0,1.3,1.3,0.06,-0.3,-0.3,Matches,FRA-L1,19-20
c6056d58,213,Kamil Glik,POL,DF,Monaco,31,1988,23.0,1,12,3,25.0,0.52,0.13,0.08,0.33,8.1,0,0,0,2.2,2.2,0.19,-1.2,-1.2,Matches,FRA-L1,19-20
1232e1dc,214,Joris Gnagnon,FRA,DF,Rennes,22,1997,14.2,0,9,1,11.1,0.63,0.07,0.0,0.0,12.5,0,0,0,0.6,0.6,0.07,-0.6,-0.6,Matches,FRA-L1,19-20
a0434482,215,Eddy Gnahoré,FRA,MF,Amiens,25,1993,12.6,0,7,0,0.0,0.56,0.0,0.0,,17.0,0,0,0,0.9,0.9,0.12,-0.9,-0.9,Matches,FRA-L1,19-20
132bb875,216,Mauro Goicoechea,URU,GK,Toulouse,31,1988,2.0,0,0,0,,0.0,0.0,,,,0,0,0,0.0,0.0,,0.0,0.0,Matches,FRA-L1,19-20
3708e9fa,217,Aleksandr Golovin,RUS,MF,Monaco,23,1996,22.9,3,38,14,36.8,1.66,0.61,0.08,0.21,21.3,1,0,0,3.4,3.4,0.09,-0.4,-0.4,Matches,FRA-L1,19-20
cecbce23,218,Alfred Gomis,SEN,GK,Dijon,25,1993,18.0,0,0,0,,0.0,0.0,,,,0,0,0,0.0,0.0,,0.0,0.0,Matches,FRA-L1,19-20
d26cd32d,219,Mathieu Goncalves,FRA,DF,Toulouse,18,2001,3.5,0,0,0,,0.0,0.0,,,,0,0,0,0.0,0.0,,0.0,0.0,Matches,FRA-L1,19-20
42dcf26d,220,Álvaro González,ESP,DF,Marseille,29,1990,18.1,0,13,3,23.1,0.72,0.17,0.0,0.0,13.6,0,0,0,1.0,1.0,0.07,-1.0,-1.0,Matches,FRA-L1,19-20
7c6d6c96,221,Prince-Désir Gouano,FRA,DF,Amiens,25,1993,3.0,0,0,0,,0.0,0.0,,,,0,0,0,0.0,0.0,,0.0,0.0,Matches,FRA-L1,19-20
aad56ca3,222,Amine Gouiri,ALG,FW,Lyon,19,2000,0.0,0,0,0,,0.0,0.0,,,,0,0,0,0.0,0.0,,0.0,0.0,Matches,FRA-L1,19-20
c5a500ca,223,Max Gradel,CIV,"MF,FW",Toulouse,31,1987,18.2,3,36,11,30.6,1.98,0.61,0.03,0.09,20.9,6,2,3,5.2,2.8,0.08,-2.2,-1.8,Matches,FRA-L1,19-20
d2448564,224,Samuel Grandsir,FRA,"FW,MF",Brest,22,1996,16.6,3,28,9,32.1,1.69,0.54,0.11,0.33,15.8,0,0,0,2.4,2.4,0.09,0.6,0.6,Matches,FRA-L1,19-20
8b298f56,225,Clément Grenier,FRA,MF,Rennes,28,1991,9.3,1,7,2,28.6,0.75,0.21,0.14,0.5,30.7,5,0,0,0.7,0.7,0.1,0.3,0.3,Matches,FRA-L1,19-20
53283127,226,Jérémy Grimm,FRA,MF,Strasbourg,32,1987,0.0,0,0,0,,0.0,0.0,,,,0,0,0,0.0,0.0,,0.0,0.0,Matches,FRA-L1,19-20
82518f62,227,Bruno Guimarães,BRA,MF,Lyon,21,1997,3.0,0,2,0,0.0,0.67,0.0,0.0,,22.9,0,0,0,0.1,0.1,0.05,-0.1,-0.1,Matches,FRA-L1,19-20
923f4dda,228,Serhou Guirassy,GUI,FW,Amiens,23,1996,21.3,9,41,15,36.6,1.92,0.7,0.15,0.4,18.1,2,3,4,8.9,5.7,0.14,0.1,0.3,Matches,FRA-L1,19-20
7091324a,229,Rafik Guitane,FRA,MF,Rennes,20,1999,0.2,0,0,0,,0.0,0.0,,,,0,0,0,0.0,0.0,,0.0,0.0,Matches,FRA-L1,19-20
bc270726,230,Régis Gurtner,FRA,GK,Amiens,32,1986,28.0,0,0,0,,0.0,0.0,,,,0,0,0,0.0,0.0,,0.0,0.0,Matches,FRA-L1,19-20
82671804,231,Luiz Gustavo,BRA,MF,Marseille,32,1987,2.1,0,2,0,0.0,0.95,0.0,0.0,,12.6,0,0,0,0.1,0.1,0.07,-0.1,-0.1,Matches,FRA-L1,19-20
0b4d8274,232,Romain Hamouma,FRA,"FW,MF",Saint-Étienne,32,1987,9.6,6,20,12,60.0,2.08,1.25,0.3,0.5,13.2,1,0,0,4.1,4.1,0.2,1.9,1.9,Matches,FRA-L1,19-20
0a89e877,233,Benjamin Henrichs,GER,"DF,MF",Monaco,22,1997,9.9,0,10,1,10.0,1.01,0.1,0.0,0.0,20.1,0,0,0,0.7,0.7,0.07,-0.7,-0.7,Matches,FRA-L1,19-20
3681cfff,234,Christophe Hérelle,MTQ,DF,Nice,26,1992,12.3,3,6,3,50.0,0.49,0.24,0.5,1.0,16.6,0,0,0,1.2,1.2,0.21,1.8,1.8,Matches,FRA-L1,19-20
436a9dd0,235,Ander Herrera,ESP,"MF,DF",Paris S-G,29,1989,6.1,1,6,2,33.3,0.99,0.33,0.17,0.5,20.5,0,0,0,0.3,0.3,0.06,0.7,0.7,Matches,FRA-L1,19-20
c4bbea9f,236,Vitorino Hilton,BRA,DF,Montpellier,41,1977,27.9,0,13,0,0.0,0.47,0.0,0.0,,8.3,0,0,0,1.5,1.5,0.11,-1.5,-1.5,Matches,FRA-L1,19-20
fa060e71,237,Josué Homawoo,FRA,DF,Nantes,21,1997,0.5,0,0,0,,0.0,0.0,,,,0,0,0,0.0,0.0,,0.0,0.0,Matches,FRA-L1,19-20
db7849ca,238,Franck Honorat,FRA,"FW,DF",Saint-Étienne,22,1996,9.4,0,5,1,20.0,0.53,0.11,0.0,0.0,26.5,0,0,0,0.1,0.1,0.02,-0.1,-0.1,Matches,FRA-L1,19-20
d14229f3,239,Adrien Hunou,FRA,"FW,MF",Rennes,25,1994,13.4,8,27,14,51.9,2.01,1.04,0.26,0.5,11.7,0,1,1,7.9,7.2,0.29,0.1,-0.2,Matches,FRA-L1,19-20
7ffaf233,240,Suk Hyun-jun,KOR,"FW,MF",Reims,28,1991,2.9,1,12,3,25.0,4.12,1.03,0.08,0.33,15.5,0,0,0,1.0,1.0,0.08,0.0,0.0,Matches,FRA-L1,19-20
885b7aa7,241,Didier Ibrahim Ndong,GAB,MF,Dijon,25,1994,26.5,0,19,6,31.6,0.72,0.23,0.0,0.0,26.1,0,0,0,0.7,0.7,0.04,-0.7,-0.7,Matches,FRA-L1,19-20
43b78598,242,Mauro Icardi,ARG,FW,Paris S-G,26,1993,14.1,12,36,20,55.6,2.56,1.42,0.33,0.6,9.8,0,0,0,11.7,11.7,0.33,0.3,0.3,Matches,FRA-L1,19-20
42eaa028,243,Jonathan Ikone,FRA,"MF,FW",Lille,21,1998,22.9,3,35,13,37.1,1.53,0.57,0.06,0.15,19.5,1,1,1,4.1,3.3,0.09,-1.1,-1.3,Matches,FRA-L1,19-20
23bf644d,244,Yun Il-lok,KOR,"MF,FW",Montpellier,27,1992,1.3,0,2,0,0.0,1.49,0.0,0.0,,8.2,0,0,0,0.5,0.5,0.26,-0.5,-0.5,Matches,FRA-L1,19-20
14e8e9d7,245,Nicolas Isimat-Mirin,FRA,DF,Toulouse,27,1991,14.0,1,4,4,100.0,0.29,0.29,0.25,0.25,9.1,0,0,0,0.5,0.5,0.12,0.5,0.5,Matches,FRA-L1,19-20
46d50339,246,Christophe Jallet,FRA,DF,Amiens,35,1983,9.5,1,3,1,33.3,0.32,0.11,0.33,1.0,27.8,1,0,0,0.1,0.1,0.03,0.9,0.9,Matches,FRA-L1,19-20
7d9b37bf,247,Corentin Jean,FRA,DF,Toulouse,24,1995,0.1,0,0,0,,0.0,0.0,,,,0,0,0,0.0,0.0,,0.0,0.0,Matches,FRA-L1,19-20
2e52206e,248,Benjamin Jeannot,FRA,"MF,FW",Dijon,27,1992,1.9,0,5,3,60.0,2.69,1.62,0.0,0.0,22.2,0,0,0,0.3,0.3,0.05,-0.3,-0.3,Matches,FRA-L1,19-20
7cab69b5,249,Jemerson,BRA,"DF,MF",Monaco,26,1992,11.7,0,0,0,,0.0,0.0,,,,0,0,0,0.0,0.0,,0.0,0.0,Matches,FRA-L1,19-20
4a537185,250,Jesé,ESP,FW,Paris S-G,26,1993,0.0,0,0,0,,0.0,0.0,,,,0,0,0,0.0,0.0,,0.0,0.0,Matches,FRA-L1,19-20
0eb03d5b,251,Vukašin Jovanović,SRB,DF,Bordeaux,23,1996,6.4,0,0,0,,0.0,0.0,,,,0,0,0,0.0,0.0,,0.0,0.0,Matches,FRA-L1,19-20
f36c432f,252,Stevan Jovetić,MNE,"FW,MF",Monaco,29,1989,5.3,2,22,8,36.4,4.19,1.52,0.09,0.25,21.3,2,0,0,1.3,1.3,0.06,0.7,0.7,Matches,FRA-L1,19-20
32f3d97e,253,Abdoul Kader Bamba,FRA,"FW,MF",Nantes,25,1994,16.3,1,19,9,47.4,1.16,0.55,0.05,0.11,20.1,0,0,0,2.0,2.0,0.11,-1.0,-1.0,Matches,FRA-L1,19-20
5b1bf5e3,254,Gaël Kakuta,COD,"MF,FW",Amiens,28,1991,22.2,2,43,11,25.6,1.93,0.49,0.05,0.18,22.4,6,0,0,2.8,2.8,0.07,-0.8,-0.8,Matches,FRA-L1,19-20
3a74f92b,255,Lovre Kalinić,CRO,GK,Toulouse,29,1990,3.4,0,0,0,,0.0,0.0,,,,0,0,0,0.0,0.0,,0.0,0.0,Matches,FRA-L1,19-20
b8d22478,256,Samuel Kalu,NGA,"DF,FW",Bordeaux,21,1997,15.1,1,39,11,28.2,2.59,0.73,0.03,0.09,21.0,1,0,0,2.7,2.7,0.07,-1.7,-1.7,Matches,FRA-L1,19-20
81d3318f,257,François Kamano,GUI,"DF,MF",Bordeaux,23,1996,7.2,1,5,2,40.0,0.69,0.28,0.2,0.5,18.2,0,0,0,0.8,0.8,0.15,0.2,0.2,Matches,FRA-L1,19-20
cc77354e,258,Boubacar Kamara,FRA,"DF,MF",Marseille,19,1999,23.8,1,15,3,20.0,0.63,0.13,0.07,0.33,25.1,0,0,0,0.8,0.8,0.05,0.2,0.2,Matches,FRA-L1,19-20
19a12bed,259,Hassane Kamara,CIV,"DF,FW",Reims,25,1994,19.0,2,31,7,22.6,1.63,0.37,0.06,0.29,21.7,1,0,0,1.9,1.9,0.06,0.1,0.1,Matches,FRA-L1,19-20
b4c816a9,260,Wilfried Kanga,CIV,FW,Angers,21,1998,0.8,0,3,0,0.0,3.97,0.0,0.0,,9.7,0,0,0,0.4,0.4,0.13,-0.4,-0.4,Matches,FRA-L1,19-20
51dbeea9,261,Thilo Kehrer,GER,DF,Paris S-G,22,1996,5.3,1,3,3,100.0,0.56,0.56,0.33,0.33,12.4,0,0,0,0.5,0.5,0.15,0.5,0.5,Matches,FRA-L1,19-20
8c955557,262,Jules Keita,GUI,"MF,FW",Dijon,21,1998,1.8,0,3,0,0.0,1.71,0.0,0.0,,18.7,0,0,0,0.2,0.2,0.05,-0.2,-0.2,Matches,FRA-L1,19-20
796b1c41,263,Saîf-Eddine Khaoui,TUN,"MF,FW",Marseille,24,1995,1.2,0,5,2,40.0,4.25,1.7,0.0,0.0,23.1,0,0,0,0.2,0.2,0.04,-0.2,-0.2,Matches,FRA-L1,19-20
2677a1de,264,Wahbi Khazri,TUN,"FW,MF",Saint-Étienne,28,1991,12.8,3,44,8,18.2,3.45,0.63,0.05,0.25,23.3,3,1,1,3.8,3.0,0.07,-0.8,-1.0,Matches,FRA-L1,19-20
aef6e670,265,Presnel Kimpembe,FRA,DF,Paris S-G,23,1995,13.6,0,6,2,33.3,0.44,0.15,0.0,0.0,14.0,0,0,0,0.7,0.7,0.12,-0.7,-0.7,Matches,FRA-L1,19-20
ab096c6f,266,Timothée Kolodziejczak,FRA,DF,Saint-Étienne,27,1991,14.5,0,3,1,33.3,0.21,0.07,0.0,0.0,15.6,0,0,0,0.2,0.2,0.07,-0.2,-0.2,Matches,FRA-L1,19-20
6b2c894b,267,Ghislain Konan,CIV,DF,Reims,23,1995,14.8,0,2,0,0.0,0.14,0.0,0.0,,30.3,0,0,0,0.1,0.1,0.03,-0.1,-0.1,Matches,FRA-L1,19-20
fcbcbd94,268,Moussa Konaté,SEN,FW,Amiens,26,1993,6.8,2,12,7,58.3,1.76,1.03,0.17,0.29,13.7,0,0,1,1.6,0.8,0.07,0.4,1.2,Matches,FRA-L1,19-20
a46472d0,269,Lamine Koné,CIV,DF,Strasbourg,30,1989,16.4,1,8,2,25.0,0.49,0.12,0.13,0.5,10.9,0,0,0,0.7,0.7,0.08,0.3,0.3,Matches,FRA-L1,19-20
86574238,270,Manu Koné,FRA,MF,Toulouse,18,2001,9.7,0,9,2,22.2,0.93,0.21,0.0,0.0,29.0,0,0,0,0.2,0.2,0.03,-0.2,-0.2,Matches,FRA-L1,19-20
3ef68782,271,Moussa Koné,SEN,"FW,MF",Nîmes,22,1996,1.6,2,7,3,42.9,4.5,1.93,0.29,0.67,13.7,0,0,0,1.3,1.3,0.19,0.7,0.7,Matches,FRA-L1,19-20
e6eadfb8,272,Youssouf Koné,MLI,DF,Lyon,24,1995,9.1,0,3,0,0.0,0.33,0.0,0.0,,30.6,0,0,0,0.1,0.1,0.02,-0.1,-0.1,Matches,FRA-L1,19-20
f5efb153,273,Laurent Koscielny,FRA,DF,Bordeaux,33,1985,24.3,0,3,0,0.0,0.12,0.0,0.0,,8.1,0,0,0,0.4,0.4,0.12,-0.4,-0.4,Matches,FRA-L1,19-20
21f8d950,274,Efthimis Koulouris,GRE,FW,Toulouse,23,1996,17.1,4,38,13,34.2,2.22,0.76,0.11,0.31,16.3,0,0,0,4.5,4.5,0.12,-0.5,-0.5,Matches,FRA-L1,19-20
9a506145,275,Rene Krhin,SVN,"DF,MF",Nantes,29,1990,3.6,0,1,0,0.0,0.28,0.0,0.0,,7.6,0,0,0,0.1,0.1,0.06,-0.1,-0.1,Matches,FRA-L1,19-20
41e7ef1c,276,Layvin Kurzawa,FRA,DF,Paris S-G,26,1992,9.5,1,6,3,50.0,0.63,0.31,0.17,0.33,10.4,0,0,0,0.8,0.8,0.15,0.2,0.2,Matches,FRA-L1,19-20
1b6862e8,277,Dereck Kutesa,SUI,"FW,MF",Reims,21,1997,5.9,1,5,2,40.0,0.85,0.34,0.2,0.5,21.2,0,0,0,0.3,0.3,0.06,0.7,0.7,Matches,FRA-L1,19-20
4bf69118,278,Enock Kwateng,FRA,DF,Bordeaux,22,1997,10.9,0,4,2,50.0,0.37,0.18,0.0,0.0,15.5,0,0,0,0.4,0.4,0.1,-0.4,-0.4,Matches,FRA-L1,19-20
7cdda3bf,279,Gaëtan Laborde,FRA,FW,Montpellier,25,1994,24.9,6,64,22,34.4,2.57,0.89,0.09,0.27,14.6,0,0,0,8.3,8.3,0.13,-2.3,-2.3,Matches,FRA-L1,19-20
4e7db402,280,Alban Lafont,FRA,GK,Nantes,20,1999,27.0,0,0,0,,0.0,0.0,,,,0,0,0,0.0,0.0,,0.0,0.0,Matches,FRA-L1,19-20
07f73a4f,281,Jack Lahne,SWE,FW,Amiens,17,2001,0.1,1,1,1,100.0,10.0,10.0,1.0,1.0,6.7,0,0,0,0.4,0.4,0.37,0.6,0.6,Matches,FRA-L1,19-20
770d7eb8,282,Kenny Lala,MAD,"DF,MF",Strasbourg,27,1991,22.7,2,17,5,29.4,0.75,0.22,0.0,0.0,24.5,5,2,2,3.2,1.6,0.1,-1.2,-1.6,Matches,FRA-L1,19-20
08082af0,283,Loïck Landre,FRA,DF,Nîmes,27,1992,10.3,1,6,2,33.3,0.58,0.19,0.17,0.5,17.6,0,0,0,0.8,0.8,0.14,0.2,0.2,Matches,FRA-L1,19-20
b49729cb,284,Gautier Larsonneur,FRA,GK,Brest,22,1997,26.6,0,0,0,,0.0,0.0,,,,0,0,0,0.0,0.0,,0.0,0.0,Matches,FRA-L1,19-20
542cc80f,285,Paul Lasne,FRA,"MF,FW",Brest,30,1989,13.6,2,13,5,38.5,0.96,0.37,0.15,0.4,19.2,0,0,0,0.8,0.8,0.06,1.2,1.2,Matches,FRA-L1,19-20
6e5b5a45,286,Wesley Lautoa,NCL,"MF,DF",Dijon,31,1987,20.8,0,9,0,0.0,0.43,0.0,0.0,,18.2,0,0,0,0.6,0.6,0.07,-0.6,-0.6,Matches,FRA-L1,19-20
d512db65,287,Mickaël Le Bihan,FRA,"FW,DF",Nice,29,1990,1.1,0,2,0,0.0,1.8,0.0,0.0,,13.4,0,0,0,0.1,0.1,0.05,-0.1,-0.1,Matches,FRA-L1,19-20
8f4d116f,288,Damien Le Tallec,FRA,"MF,DF",Montpellier,29,1990,27.3,2,15,7,46.7,0.55,0.26,0.13,0.29,15.1,0,0,0,1.0,1.0,0.07,1.0,1.0,Matches,FRA-L1,19-20
7cf431a5,289,James Lea Siliki,CMR,MF,Rennes,23,1996,12.0,0,15,3,20.0,1.25,0.25,0.0,0.0,21.9,1,0,0,0.9,0.9,0.06,-0.9,-0.9,Matches,FRA-L1,19-20
ca122e29,290,Adrien Lebeau,FRA,"MF,FW",Strasbourg,20,1999,0.1,0,0,0,,0.0,0.0,,,,0,0,0,0.0,0.0,,0.0,0.0,Matches,FRA-L1,19-20
2fa2a875,291,Benjamin Lecomte,FRA,GK,Monaco,28,1991,28.0,0,0,0,,0.0,0.0,,,,0,0,0,0.0,0.0,,0.0,0.0,Matches,FRA-L1,19-20
f5044e54,292,Pierre Lees-Melou,FRA,MF,Nice,26,1993,25.0,5,54,21,38.9,2.16,0.84,0.09,0.24,21.4,0,0,0,4.2,4.2,0.08,0.8,0.8,Matches,FRA-L1,19-20
c3e4ecbb,293,Jordan Lefort,FRA,DF,Amiens,25,1993,9.4,0,3,1,33.3,0.32,0.11,0.0,0.0,23.6,0,0,0,0.1,0.1,0.05,-0.1,-0.1,Matches,FRA-L1,19-20
586ef3a3,294,Nicolas Lemaître,FRA,GK,Reims,22,1997,1.0,0,0,0,,0.0,0.0,,,,0,0,0,0.0,0.0,,0.0,0.0,Matches,FRA-L1,19-20
51c83a90,295,Donovan Léon,GUF,GK,Brest,26,1992,1.4,0,0,0,,0.0,0.0,,,,0,0,0,0.0,0.0,,0.0,0.0,Matches,FRA-L1,19-20
29ef0f49,296,Aaron Leya Iseka,BEL,FW,Toulouse,21,1997,8.6,2,24,9,37.5,2.78,1.04,0.04,0.11,14.9,0,1,2,5.0,3.5,0.15,-3.0,-2.5,Matches,FRA-L1,19-20
f7691f63,297,Dimitri Liénard,FRA,MF,Strasbourg,31,1988,16.5,2,34,10,29.4,2.06,0.6,0.06,0.2,26.0,7,0,0,1.6,1.6,0.05,0.4,0.4,Matches,FRA-L1,19-20
57a46f3f,298,Isaac Lihadji,FRA,MF,Marseille,17,2002,0.3,0,0,0,,0.0,0.0,,,,0,0,0,0.0,0.0,,0.0,0.0,Matches,FRA-L1,19-20
0f52f925,299,Lucas Lima,BRA,"FW,DF",Nantes,27,1991,3.0,0,4,1,25.0,1.33,0.33,0.0,0.0,29.7,2,0,0,0.1,0.1,0.04,-0.1,-0.1,Matches,FRA-L1,19-20
ccee698e,300,Anthony Limbombe,BEL,"FW,MF",Nantes,25,1994,1.7,1,2,1,50.0,1.19,0.6,0.5,1.0,11.2,0,0,0,0.4,0.4,0.22,0.6,0.6,Matches,FRA-L1,19-20
ac89503b,301,Gautier Lloris,FRA,DF,Nice,24,1995,3.0,0,0,0,,0.0,0.0,,,,0,0,0,0.0,0.0,,0.0,0.0,Matches,FRA-L1,19-20
6bca20fe,302,Enzo Loiodice,FRA,MF,Dijon,18,2000,2.1,0,3,1,33.3,1.41,0.47,0.0,0.0,25.6,0,0,0,0.1,0.1,0.04,-0.1,-0.1,Matches,FRA-L1,19-20
f00de885,303,Anthony Lopes,POR,GK,Lyon,28,1990,26.0,0,0,0,,0.0,0.0,,,,0,0,0,0.0,0.0,,0.0,0.0,Matches,FRA-L1,19-20
7c2965bb,304,Rony Lopes,POR,FW,Monaco,23,1995,0.9,0,2,0,0.0,2.25,0.0,0.0,,12.7,0,0,0,0.1,0.1,0.07,-0.1,-0.1,Matches,FRA-L1,19-20
20094685,305,Maxime Lopez,FRA,"MF,FW",Marseille,21,1997,12.3,0,10,2,20.0,0.81,0.16,0.0,0.0,19.2,0,0,0,0.6,0.6,0.06,-0.6,-0.6,Matches,FRA-L1,19-20
934a0957,306,Albert Lottin,FRA,MF,Bordeaux,17,2001,0.5,0,0,0,,0.0,0.0,,,,0,0,0,0.0,0.0,,0.0,0.0,Matches,FRA-L1,19-20
e1df6989,307,Imran Louza,MAR,"MF,FW",Nantes,20,1999,22.3,2,35,14,40.0,1.57,0.63,0.06,0.14,25.7,3,0,0,1.7,1.7,0.05,0.3,0.3,Matches,FRA-L1,19-20
a99138af,308,Jean Lucas,BRA,MF,Lyon,21,1998,2.2,1,6,2,33.3,2.7,0.9,0.17,0.5,26.4,0,0,0,0.4,0.4,0.07,0.6,0.6,Matches,FRA-L1,19-20
54131505,309,Arnaud Lusamba,COD,"MF,FW",Nice,22,1997,10.9,1,6,3,50.0,0.55,0.27,0.17,0.33,18.2,0,0,0,0.4,0.4,0.07,0.6,0.6,Matches,FRA-L1,19-20
d4133fa1,310,Yann M'Vila,FRA,"MF,DF",Saint-Étienne,29,1990,21.6,0,9,3,33.3,0.42,0.14,0.0,0.0,23.0,0,0,0,0.6,0.6,0.06,-0.6,-0.6,Matches,FRA-L1,19-20
0bb6e193,311,Yvann Macon,FRA,DF,Saint-Étienne,20,1998,1.1,0,1,1,100.0,0.95,0.95,0.0,0.0,29.1,0,0,0,0.0,0.0,0.03,0.0,0.0,Matches,FRA-L1,19-20
67ac5bb8,312,Gabriel Magalhães,BRA,DF,Lille,21,1997,23.2,1,17,4,23.5,0.73,0.17,0.06,0.25,12.0,0,0,0,1.3,1.3,0.08,-0.3,-0.3,Matches,FRA-L1,19-20
d4d35152,313,Hugo Magnetti,FRA,MF,Brest,21,1998,2.6,0,6,2,33.3,2.29,0.76,0.0,0.0,23.7,0,0,0,0.2,0.2,0.04,-0.2,-0.2,Matches,FRA-L1,19-20
91e58f66,314,Thiago Maia,BRA,MF,Lille,22,1997,0.5,0,0,0,,0.0,0.0,,,,0,0,0,0.0,0.0,,0.0,0.0,Matches,FRA-L1,19-20
e768de1f,315,Habib Maïga,CIV,MF,Metz,23,1996,25.2,1,29,9,31.0,1.15,0.36,0.03,0.11,22.5,0,0,0,1.6,1.6,0.05,-0.6,-0.6,Matches,FRA-L1,19-20
fcb38f57,316,Mike Maignan,FRA,GK,Lille,24,1995,28.0,0,1,0,0.0,0.04,0.0,0.0,,13.5,0,0,0,0.0,0.0,0.04,0.0,0.0,Matches,FRA-L1,19-20
bc0bfc64,317,Josh Maja,NGA,FW,Bordeaux,20,1998,8.2,6,18,12,66.7,2.2,1.47,0.33,0.5,16.4,0,0,0,3.6,3.6,0.2,2.4,2.4,Matches,FRA-L1,19-20
46907171,318,Abdul Majeed Waris,GHA,FW,Strasbourg,27,1991,4.1,2,6,2,33.3,1.46,0.49,0.33,1.0,15.5,0,0,0,1.1,1.1,0.19,0.9,0.9,Matches,FRA-L1,19-20
22bfb57e,319,Jean-Victor Makengo,FRA,MF,Toulouse,21,1998,11.0,2,14,4,28.6,1.28,0.36,0.14,0.5,24.9,0,0,0,0.8,0.8,0.06,1.2,1.2,Matches,FRA-L1,19-20
0f86995c,320,Hianga Mananga Mbock,FRA,MF,Brest,19,1999,1.6,1,4,1,25.0,2.55,0.64,0.25,1.0,23.5,0,0,0,0.2,0.2,0.05,0.8,0.8,Matches,FRA-L1,19-20
c26a3918,321,Vincent Manceau,FRA,DF,Angers,30,1989,22.0,0,8,2,25.0,0.36,0.09,0.0,0.0,20.9,0,0,0,0.3,0.3,0.04,-0.3,-0.3,Matches,FRA-L1,19-20
1d2d5cc8,322,Steve Mandanda,FRA,GK,Marseille,34,1985,26.3,0,0,0,,0.0,0.0,,,,0,0,0,0.0,0.0,,0.0,0.0,Matches,FRA-L1,19-20
c20bdcd7,323,Reinildo Mandava,MOZ,"DF,MF",Lille,25,1994,12.3,0,2,0,0.0,0.16,0.0,0.0,,27.3,0,0,0,0.1,0.1,0.03,-0.1,-0.1,Matches,FRA-L1,19-20
c801616a,324,Thomas Mangani,FRA,MF,Angers,32,1987,20.8,2,30,6,20.0,1.44,0.29,0.07,0.33,23.0,4,0,0,1.7,1.7,0.06,0.3,0.3,Matches,FRA-L1,19-20
706a60e1,325,Myziane Maolida,COM,"FW,MF",Nice,20,1999,7.5,1,15,5,33.3,2.0,0.67,0.07,0.2,16.4,0,0,0,1.5,1.5,0.1,-0.5,-0.5,Matches,FRA-L1,19-20
e54a9890,326,Faitout Maouassa,FRA,DF,Rennes,21,1998,20.0,3,12,7,58.3,0.6,0.35,0.25,0.43,22.9,0,0,0,0.6,0.6,0.05,2.4,2.4,Matches,FRA-L1,19-20
9ae9eaea,327,Fernando Marçal,BRA,DF,Lyon,30,1989,9.2,0,4,1,25.0,0.43,0.11,0.0,0.0,25.7,0,0,0,0.1,0.1,0.04,-0.1,-0.1,Matches,FRA-L1,19-20
e3d0b0c4,328,Marcelo,BRA,DF,Lyon,32,1987,16.7,0,8,2,25.0,0.48,0.12,0.0,0.0,10.4,0,0,0,0.7,0.7,0.08,-0.7,-0.7,Matches,FRA-L1,19-20
5d93ccee,329,Dario Maresic,AUT,DF,Reims,19,1999,1.0,0,0,0,,0.0,0.0,,,,0,0,0,0.0,0.0,,0.0,0.0,Matches,FRA-L1,19-20
0d2158d5,330,Jordan Marié,FRA,"MF,FW",Dijon,27,1991,2.2,0,1,0,0.0,0.45,0.0,0.0,,30.3,0,0,0,0.0,0.0,0.04,0.0,0.0,Matches,FRA-L1,19-20
d9764034,331,Guillermo Maripán,CHI,DF,Monaco,25,1994,19.5,2,12,4,33.3,0.62,0.21,0.17,0.5,13.8,0,0,0,1.9,1.9,0.16,0.1,0.1,Matches,FRA-L1,19-20
d5f2f82b,332,Marquinhos,BRA,"MF,DF",Paris S-G,25,1994,16.4,3,11,3,27.3,0.67,0.18,0.27,1.0,10.0,0,0,0,1.9,1.9,0.17,1.1,1.1,Matches,FRA-L1,19-20
468fdbad,333,Jonas Martin,FRA,MF,Rennes,29,1990,1.3,0,1,0,0.0,0.8,0.0,0.0,,10.9,0,0,0,0.1,0.1,0.1,-0.1,-0.1,Matches,FRA-L1,19-20
468fdbad,334,Jonas Martin,FRA,MF,Strasbourg,29,1990,2.7,0,1,0,0.0,0.36,0.0,0.0,,22.9,0,0,1,0.8,0.0,0.05,-0.8,0.0,Matches,FRA-L1,19-20
1ad8cb67,335,Pablo Martinez,FRA,DF,Nîmes,30,1989,26.0,2,13,3,23.1,0.5,0.12,0.15,0.67,15.6,0,0,0,1.1,1.1,0.08,0.9,0.9,Matches,FRA-L1,19-20
3ef0fa48,336,Gelson Martins,POR,"DF,FW",Monaco,24,1995,18.6,4,28,10,35.7,1.51,0.54,0.14,0.4,15.5,0,0,0,5.0,5.0,0.18,-1.0,-1.0,Matches,FRA-L1,19-20
30144daa,337,Stephy Mavididi,ENG,"FW,MF",Dijon,21,1998,15.5,5,26,9,34.6,1.68,0.58,0.19,0.56,16.1,0,0,0,2.9,2.9,0.11,2.1,2.1,Matches,FRA-L1,19-20
0e6bc38c,338,Eric Maxim Choupo-Moting,CMR,"FW,MF",Paris S-G,30,1989,5.0,3,18,8,44.4,3.59,1.6,0.17,0.38,12.0,0,0,0,2.6,2.6,0.14,0.4,0.4,Matches,FRA-L1,19-20
6a26e528,339,Kévin Mayi,GAB,"FW,MF",Brest,26,1993,0.0,0,0,0,,0.0,0.0,,,,0,0,0,0.0,0.0,,0.0,0.0,Matches,FRA-L1,19-20
42fd9c7f,340,Kylian Mbappé,FRA,FW,Paris S-G,20,1998,16.8,18,87,49,56.3,5.18,2.91,0.21,0.37,14.2,0,0,0,15.6,15.6,0.18,2.4,2.4,Matches,FRA-L1,19-20
8f534f8e,341,Loïc Mbe Soh,FRA,DF,Paris S-G,18,2001,0.6,0,0,0,,0.0,0.0,,,,0,0,0,0.0,0.0,,0.0,0.0,Matches,FRA-L1,19-20
aa1a8c7e,342,Isaac Mbenza,BEL,FW,Amiens,23,1996,0.9,0,4,1,25.0,4.29,1.07,0.0,0.0,23.9,1,0,0,0.2,0.2,0.06,-0.2,-0.2,Matches,FRA-L1,19-20
46750e9c,343,Nathanael Mbuku,FRA,"FW,MF",Reims,17,2002,4.4,0,8,1,12.5,1.82,0.23,0.0,0.0,15.6,0,0,0,0.5,0.5,0.06,-0.5,-0.5,Matches,FRA-L1,19-20
d21e361a,344,Farid El Melali,ALG,"MF,FW",Angers,22,1997,3.4,3,6,5,83.3,1.76,1.47,0.5,0.6,14.7,0,0,0,1.4,1.4,0.23,1.6,1.6,Matches,FRA-L1,19-20
8f696594,345,Memphis,NED,"FW,MF",Lyon,25,1994,11.3,9,47,20,42.6,4.16,1.77,0.17,0.4,21.1,7,1,1,4.7,3.9,0.08,4.3,4.1,Matches,FRA-L1,19-20
6690ef25,346,Pedro Mendes,POR,DF,Montpellier,28,1990,15.3,1,9,3,33.3,0.59,0.2,0.11,0.33,13.5,0,0,0,1.7,1.7,0.19,-0.7,-0.7,Matches,FRA-L1,19-20
c6e5d20f,347,Thiago Mendes,BRA,MF,Lyon,27,1992,20.1,0,26,3,11.5,1.29,0.15,0.0,0.0,26.0,0,0,0,1.2,1.2,0.05,-1.2,-1.2,Matches,FRA-L1,19-20
e68f2cb4,348,Stiven Mendoza,COL,"FW,MF",Amiens,27,1992,12.2,5,23,10,43.5,1.88,0.82,0.22,0.5,19.6,1,0,0,3.6,3.6,0.16,1.4,1.4,Matches,FRA-L1,19-20
e067808c,349,Alexandre Mendy,GNB,FW,Brest,25,1994,10.0,3,28,9,32.1,2.8,0.9,0.11,0.33,13.8,0,0,1,3.9,3.2,0.11,-0.9,-0.2,Matches,FRA-L1,19-20
33887998,350,Edouard Mendy,SEN,GK,Rennes,27,1992,24.0,0,0,0,,0.0,0.0,,,,0,0,0,0.0,0.0,,0.0,0.0,Matches,FRA-L1,19-20
f99fe221,351,Hamza Mendyl,MAR,DF,Dijon,21,1997,16.0,1,10,1,10.0,0.62,0.06,0.1,1.0,20.6,1,0,0,0.5,0.5,0.05,0.5,0.5,Matches,FRA-L1,19-20
e162b013,352,Thomas Meunier,BEL,DF,Paris S-G,27,1991,13.8,0,4,2,50.0,0.29,0.14,0.0,0.0,15.0,0,0,0,0.4,0.4,0.11,-0.4,-0.4,Matches,FRA-L1,19-20
ce492295,353,Mexer,MOZ,DF,Bordeaux,30,1988,16.5,0,9,0,0.0,0.54,0.0,0.0,,23.1,0,0,0,0.5,0.5,0.05,-0.5,-0.5,Matches,FRA-L1,19-20
b66d1d8a,354,Florian Miguel,FRA,DF,Nîmes,22,1996,22.8,1,18,2,11.1,0.79,0.09,0.06,0.5,17.8,0,0,0,1.3,1.3,0.07,-0.3,-0.3,Matches,FRA-L1,19-20
4788cb6b,355,Georges Mikautadze,GEO,FW,Metz,18,2000,0.1,0,1,0,0.0,11.25,0.0,0.0,,24.9,0,0,0,0.0,0.0,0.03,0.0,0.0,Matches,FRA-L1,19-20
e6777e6b,356,Stefan Mitrović,SRB,DF,Strasbourg,29,1990,22.8,1,5,1,20.0,0.22,0.04,0.2,1.0,10.1,0,0,0,0.4,0.4,0.08,0.6,0.6,Matches,FRA-L1,19-20
7e82a78f,357,Florent Mollet,FRA,"MF,FW",Montpellier,27,1991,18.7,6,46,20,43.5,2.46,1.07,0.13,0.3,23.5,11,0,0,3.0,3.0,0.07,3.0,3.0,Matches,FRA-L1,19-20
84d94b91,358,Thomas Monconduit,FRA,MF,Amiens,28,1991,15.2,0,11,2,18.2,0.73,0.13,0.0,0.0,25.3,0,0,0,0.6,0.6,0.06,-0.6,-0.6,Matches,FRA-L1,19-20
f10983ae,359,Steven Moreira,CPV,DF,Toulouse,24,1994,15.4,0,6,0,0.0,0.39,0.0,0.0,,24.1,0,0,0,0.2,0.2,0.04,-0.2,-0.2,Matches,FRA-L1,19-20
e97150c0,360,Jérémy Morel,MAD,DF,Rennes,35,1984,20.1,1,13,3,23.1,0.65,0.15,0.08,0.33,16.8,0,0,0,1.3,1.3,0.1,-0.3,-0.3,Matches,FRA-L1,19-20
3eaf8817,361,Lebo Mothiba,RSA,FW,Strasbourg,23,1996,11.6,3,27,10,37.0,2.32,0.86,0.11,0.3,14.6,1,0,0,4.6,4.6,0.17,-1.6,-1.6,Matches,FRA-L1,19-20
5f26e0c5,362,Harold Moukoudi,CMR,DF,Saint-Étienne,21,1997,11.0,0,3,0,0.0,0.27,0.0,0.0,,9.7,0,0,0,0.3,0.3,0.11,-0.3,-0.3,Matches,FRA-L1,19-20
28a65a2c,363,Jessy Moulin,FRA,GK,Saint-Étienne,33,1986,5.0,0,0,0,,0.0,0.0,,,,0,0,0,0.0,0.0,,0.0,0.0,Matches,FRA-L1,19-20
4c93a97f,364,Wesley Moustache,FRA,DF,Nantes,20,1999,0.5,0,0,0,,0.0,0.0,,,,0,0,0,0.0,0.0,,0.0,0.0,Matches,FRA-L1,19-20
af0c835b,365,Samuel Moutoussamy,COD,"DF,MF",Nantes,22,1996,5.8,0,5,1,20.0,0.86,0.17,0.0,0.0,18.7,0,0,0,0.3,0.3,0.05,-0.3,-0.3,Matches,FRA-L1,19-20
2acf0cd7,366,Marshall Munetsi,ZIM,MF,Reims,23,1996,9.3,0,4,0,0.0,0.43,0.0,0.0,,26.1,0,0,0,0.2,0.2,0.06,-0.2,-0.2,Matches,FRA-L1,19-20
e50623a0,367,Kévin N'Doram,FRA,MF,Metz,23,1996,18.3,0,9,2,22.2,0.49,0.11,0.0,0.0,26.2,0,0,0,0.4,0.4,0.04,-0.4,-0.4,Matches,FRA-L1,19-20
4749367a,368,Abdallah N'dour,SEN,DF,Strasbourg,25,1993,4.1,0,0,0,,0.0,0.0,,,,0,0,0,0.0,0.0,,0.0,0.0,Matches,FRA-L1,19-20
2b3d9aad,369,Ferris N'Goma,FRA,"MF,FW",Brest,26,1993,0.3,1,1,0,0.0,3.6,0.0,0.0,,40.6,0,1,1,0.8,0.0,0.05,0.2,0.0,Matches,FRA-L1,19-20
e110ea4b,370,Nathan N'Goumou,FRA,FW,Toulouse,19,2000,0.1,0,0,0,,0.0,0.0,,,,0,0,0,0.0,0.0,,0.0,0.0,Matches,FRA-L1,19-20
61590953,371,Stanley N'Soki,FRA,DF,Nice,20,1999,14.1,0,4,1,25.0,0.28,0.07,0.0,0.0,9.9,0,0,0,0.4,0.4,0.09,-0.4,-0.4,Matches,FRA-L1,19-20
ecada4fc,372,Keylor Navas,CRC,GK,Paris S-G,32,1986,21.0,0,0,0,,0.0,0.0,,,,0,0,0,0.0,0.0,,0.0,0.0,Matches,FRA-L1,19-20
87e9c7cd,373,Papa Ndiaga Yade,MTN,FW,Metz,19,2000,0.0,0,0,0,,0.0,0.0,,,,0,0,0,0.0,0.0,,0.0,0.0,Matches,FRA-L1,19-20
69384e5d,374,Neymar,BRA,"MF,FW",Paris S-G,27,1992,14.6,13,66,32,48.5,4.51,2.19,0.14,0.28,17.8,10,4,5,14.7,10.7,0.17,-1.7,-1.7,Matches,FRA-L1,19-20
b748968d,375,Muzinga Ngonda,COD,DF,Dijon,24,1994,6.0,0,0,0,,0.0,0.0,,,,0,0,0,0.0,0.0,,0.0,0.0,Matches,FRA-L1,19-20
8413ceb1,376,Ahmad Ngouyamsa,CMR,DF,Dijon,18,2000,0.6,0,0,0,,0.0,0.0,,,,0,0,0,0.0,0.0,,0.0,0.0,Matches,FRA-L1,19-20
75a63397,377,Opa Nguette,SEN,FW,Metz,25,1994,20.3,5,27,10,37.0,1.33,0.49,0.19,0.5,17.3,0,0,0,2.9,2.9,0.11,2.1,2.1,Matches,FRA-L1,19-20
46faabfa,378,Ibrahima Niane,SEN,FW,Metz,20,1999,10.6,3,29,11,37.9,2.74,1.04,0.07,0.18,21.6,1,1,1,2.5,1.7,0.06,0.5,0.3,Matches,FRA-L1,19-20
2054d037,379,M'Baye Niang,SEN,FW,Rennes,24,1994,23.6,10,64,28,43.8,2.71,1.19,0.16,0.36,15.3,0,0,2,9.3,7.7,0.12,0.7,2.3,Matches,FRA-L1,19-20
5853ac44,380,Tanguy Nianzou,FRA,"DF,MF",Paris S-G,17,2002,5.0,2,3,3,100.0,0.6,0.6,0.67,0.67,6.6,0,0,0,0.9,0.9,0.28,1.1,1.1,Matches,FRA-L1,19-20
ff20acfe,381,Cheikh Niasse,SEN,MF,Lille,19,2000,0.2,0,0,0,,0.0,0.0,,,,0,0,0,0.0,0.0,,0.0,0.0,Matches,FRA-L1,19-20
91f2da4c,382,Casimir Ninga,CHA,"MF,FW",Angers,26,1993,7.6,3,31,7,22.6,4.08,0.92,0.1,0.43,14.7,0,0,0,3.2,3.2,0.1,-0.2,-0.2,Matches,FRA-L1,19-20
80d1adb3,383,Timothée Nkada,FRA,FW,Reims,20,1999,1.6,0,2,0,0.0,1.22,0.0,0.0,,15.0,0,0,0,0.1,0.1,0.05,-0.1,-0.1,Matches,FRA-L1,19-20
7b9a9e25,384,Arnaud Nordin,FRA,"FW,MF",Saint-Étienne,21,1998,10.1,1,13,6,46.2,1.29,0.59,0.08,0.17,18.0,0,0,0,0.9,0.9,0.07,0.1,0.1,Matches,FRA-L1,19-20
6043997c,385,Gerzino Nyamsi,FRA,DF,Rennes,22,1997,1.3,0,0,0,,0.0,0.0,,,,0,0,0,0.0,0.0,,0.0,0.0,Matches,FRA-L1,19-20
c7526c18,386,Steven Nzonzi,FRA,MF,Rennes,30,1988,4.3,0,2,1,50.0,0.47,0.23,0.0,0.0,17.9,0,0,0,0.2,0.2,0.08,-0.2,-0.2,Matches,FRA-L1,19-20
b5bb8188,387,Jean Onana,CMR,MF,Lille,19,2000,0.9,0,1,0,0.0,1.14,0.0,0.0,,31.0,0,0,0,0.0,0.0,0.03,0.0,0.0,Matches,FRA-L1,19-20
e90dc1d5,388,Henry Onyekuru,NGA,"MF,FW",Monaco,22,1997,1.8,0,1,0,0.0,0.56,0.0,0.0,,14.2,0,0,0,0.1,0.1,0.1,-0.1,-0.1,Matches,FRA-L1,19-20
b871bf55,389,Nicholas Opoku,GHA,DF,Amiens,21,1997,7.0,0,1,0,0.0,0.14,0.0,0.0,,22.4,0,0,0,0.0,0.0,0.03,0.0,0.0,Matches,FRA-L1,19-20
8c90fd7a,390,Victor Osimhen,NGA,FW,Lille,20,1998,25.4,13,83,32,38.6,3.27,1.26,0.13,0.34,14.2,0,2,3,15.5,13.2,0.16,-2.5,-2.2,Matches,FRA-L1,19-20
243f4a0b,391,Otávio,BRA,MF,Bordeaux,25,1994,24.6,2,22,7,31.8,0.9,0.28,0.09,0.29,26.9,0,0,0,0.8,0.8,0.03,1.2,1.2,Matches,FRA-L1,19-20
6578600f,392,Abou Ouattara,BFA,FW,Lille,19,1999,0.1,0,0,0,,0.0,0.0,,,,0,0,0,0.0,0.0,,0.0,0.0,Matches,FRA-L1,19-20
ea02beaf,393,Remi Oudin,FRA,"FW,MF",Bordeaux,22,1996,6.2,1,12,3,25.0,1.92,0.48,0.08,0.33,16.8,0,0,0,1.7,1.7,0.14,-0.7,-0.7,Matches,FRA-L1,19-20
ea02beaf,394,Remi Oudin,FRA,"FW,MF",Reims,22,1996,15.5,3,36,10,27.8,2.32,0.64,0.08,0.3,17.3,1,0,0,3.2,3.2,0.09,-0.2,-0.2,Matches,FRA-L1,19-20
ae7d0ecd,395,Alexandre Oukidja,ALG,GK,Metz,31,1988,26.5,0,0,0,,0.0,0.0,,,,0,0,0,0.0,0.0,,0.0,0.0,Matches,FRA-L1,19-20
6b4436ba,396,Zinédine Ould Khaled,FRA,MF,Angers,19,2000,0.7,0,0,0,,0.0,0.0,,,,0,0,0,0.0,0.0,,0.0,0.0,Matches,FRA-L1,19-20
ed90babd,397,Adam Ounas,ALG,"FW,MF",Nice,22,1996,12.5,2,21,9,42.9,1.68,0.72,0.1,0.22,17.9,1,0,0,2.0,2.0,0.1,0.0,0.0,Matches,FRA-L1,19-20
e3e05edf,398,Ambroise Oyongo,CMR,"DF,FW",Montpellier,28,1991,20.2,0,10,0,0.0,0.49,0.0,0.0,,21.2,0,0,0,0.4,0.4,0.04,-0.4,-0.4,Matches,FRA-L1,19-20
29d8ad3f,399,Pablo,BRA,DF,Bordeaux,28,1991,24.1,4,17,7,41.2,0.7,0.29,0.24,0.57,10.3,0,0,0,1.9,1.9,0.11,2.1,2.1,Matches,FRA-L1,19-20
f86ca403,400,Vincent Pajot,FRA,MF,Angers,28,1990,1.3,0,3,0,0.0,2.39,0.0,0.0,,22.8,0,0,0,0.1,0.1,0.05,-0.1,-0.1,Matches,FRA-L1,19-20
f86ca403,401,Vincent Pajot,FRA,MF,Metz,28,1990,5.8,0,6,2,33.3,1.04,0.35,0.0,0.0,23.8,0,0,0,0.2,0.2,0.04,-0.2,-0.2,Matches,FRA-L1,19-20
19f8e480,402,Sergi Palencia,ESP,DF,Saint-Étienne,23,1996,5.2,0,1,0,0.0,0.19,0.0,0.0,,16.0,0,0,0,0.1,0.1,0.06,-0.1,-0.1,Matches,FRA-L1,19-20
779847d6,403,Nicolas Pallois,FRA,DF,Nantes,31,1987,21.0,0,14,3,21.4,0.67,0.14,0.0,0.0,14.0,1,0,0,1.3,1.3,0.09,-1.3,-1.3,Matches,FRA-L1,19-20
c795c408,404,Jonathan Panzo,ENG,DF,Monaco,18,2000,1.2,0,1,0,0.0,0.84,0.0,0.0,,13.1,0,0,0,0.1,0.1,0.09,-0.1,-0.1,Matches,FRA-L1,19-20
475583ff,405,Gaëtan Paquiez,FRA,DF,Nîmes,25,1994,17.0,0,5,0,0.0,0.29,0.0,0.0,,21.7,0,0,0,0.2,0.2,0.04,-0.2,-0.2,Matches,FRA-L1,19-20
2306bfde,406,Rubén Pardo,ESP,MF,Bordeaux,26,1992,2.1,1,2,2,100.0,0.96,0.96,0.5,0.5,19.5,0,0,0,0.1,0.1,0.07,0.9,0.9,Matches,FRA-L1,19-20
dff153a4,407,Leandro Paredes,ARG,MF,Paris S-G,25,1994,9.0,0,18,4,22.2,1.99,0.44,0.0,0.0,28.1,2,0,0,0.6,0.6,0.03,-0.6,-0.6,Matches,FRA-L1,19-20
450e277f,408,Mateo Pavlović,BIH,DF,Angers,29,1990,9.0,0,7,3,42.9,0.78,0.33,0.0,0.0,9.5,0,0,0,0.8,0.8,0.12,-0.8,-0.8,Matches,FRA-L1,19-20
58ae47b2,409,Dimitri Payet,FRA,"FW,MF",Marseille,32,1987,21.4,9,60,23,38.3,2.8,1.07,0.1,0.26,23.3,16,3,3,6.4,4.1,0.07,2.6,1.9,Matches,FRA-L1,19-20
b684a484,410,Jordan Pefok,USA,FW,Rennes,23,1996,4.9,0,10,1,10.0,2.05,0.2,0.0,0.0,11.7,0,0,0,0.8,0.8,0.08,-0.8,-0.8,Matches,FRA-L1,19-20
76806215,411,Yohann Pelé,FRA,GK,Marseille,36,1982,1.7,0,0,0,,0.0,0.0,,,,0,0,0,0.0,0.0,,0.0,0.0,Matches,FRA-L1,19-20
97fb4608,412,Théo Pellenard,FRA,DF,Angers,25,1994,5.1,0,0,0,,0.0,0.0,,,,0,0,0,0.0,0.0,,0.0,0.0,Matches,FRA-L1,19-20
f18d7ab2,413,Andy Pelmard,FRA,DF,Nice,19,2000,8.5,0,2,0,0.0,0.23,0.0,0.0,,27.6,0,0,0,0.0,0.0,0.02,0.0,0.0,Matches,FRA-L1,19-20
8846a40f,414,Mathias Pereira Lage,POR,MF,Angers,22,1996,17.1,1,35,9,25.7,2.04,0.53,0.03,0.11,19.3,0,0,0,1.7,1.7,0.05,-0.7,-0.7,Matches,FRA-L1,19-20
6dfd8f05,415,Romain Perraud,FRA,DF,Brest,21,1997,18.6,0,22,4,18.2,1.19,0.22,0.0,0.0,24.0,1,0,0,1.1,1.1,0.05,-1.1,-1.1,Matches,FRA-L1,19-20
6b200d45,416,Loïc Perrin,FRA,DF,Saint-Étienne,33,1985,19.0,0,5,0,0.0,0.26,0.0,0.0,,13.8,0,0,0,0.6,0.6,0.12,-0.6,-0.6,Matches,FRA-L1,19-20
49070d66,417,Lucas Perrin,FRA,DF,Marseille,20,1998,4.0,0,3,1,33.3,0.75,0.25,0.0,0.0,9.2,0,0,0,0.5,0.5,0.17,-0.5,-0.5,Matches,FRA-L1,19-20
b98cea65,418,Danijel Petković,MNE,GK,Angers,26,1993,2.0,0,0,0,,0.0,0.0,,,,0,0,0,0.0,0.0,,0.0,0.0,Matches,FRA-L1,19-20
dab1b8dc,419,Denis Petrić,SRB,GK,Nantes,31,1988,1.0,0,0,0,,0.0,0.0,,,,0,0,0,0.0,0.0,,0.0,0.0,Matches,FRA-L1,19-20
a046fc35,420,Rayan Philippe,FRA,FW,Dijon,18,2000,0.3,0,1,0,0.0,3.0,0.0,0.0,,11.8,0,0,0,0.1,0.1,0.07,-0.1,-0.1,Matches,FRA-L1,19-20
f98b15f0,421,Romain Philippoteaux,FRA,"FW,MF",Nîmes,31,1988,22.2,5,31,12,38.7,1.4,0.54,0.16,0.42,19.6,0,0,0,2.4,2.4,0.08,2.6,2.6,Matches,FRA-L1,19-20
a634b9d2,422,Jérémy Pied,FRA,DF,Lille,30,1989,5.0,0,2,1,50.0,0.4,0.2,0.0,0.0,24.2,0,0,0,0.1,0.1,0.04,-0.1,-0.1,Matches,FRA-L1,19-20
b92edde2,423,Maxime Poundjé,FRA,DF,Bordeaux,26,1992,0.0,0,0,0,,0.0,0.0,,,,0,0,0,0.0,0.0,,0.0,0.0,Matches,FRA-L1,19-20
9bb0b9f1,424,Percy Prado,PER,DF,Nantes,23,1996,2.1,0,0,0,,0.0,0.0,,,,0,0,0,0.0,0.0,,0.0,0.0,Matches,FRA-L1,19-20
51c30111,425,Sanjin Prcić,BIH,"MF,FW",Strasbourg,25,1993,0.9,0,1,1,100.0,1.15,1.15,0.0,0.0,21.2,0,0,0,0.0,0.0,0.04,0.0,0.0,Matches,FRA-L1,19-20
b0547a87,426,Nicolas de Préville,FRA,"MF,FW",Bordeaux,28,1991,22.2,6,45,19,42.2,2.03,0.86,0.11,0.26,22.5,13,1,1,5.0,4.3,0.09,1.0,0.7,Matches,FRA-L1,19-20
0630eb63,427,Nemanja Radonjić,SRB,"FW,MF",Marseille,23,1996,9.8,5,30,14,46.7,3.07,1.43,0.17,0.36,18.3,0,0,0,3.3,3.3,0.11,1.7,1.7,Matches,FRA-L1,19-20
9a1f2e1c,428,Rafael,BRA,DF,Lyon,29,1990,7.8,0,5,1,20.0,0.64,0.13,0.0,0.0,26.6,0,0,0,0.1,0.1,0.02,-0.1,-0.1,Matches,FRA-L1,19-20
58ad9383,429,Predrag Rajković,SRB,GK,Reims,23,1995,27.0,0,0,0,,0.0,0.0,,,,0,0,0,0.0,0.0,,0.0,0.0,Matches,FRA-L1,19-20
3423f250,430,Raphinha,BRA,"MF,FW",Rennes,22,1996,18.8,5,42,13,31.0,2.24,0.69,0.1,0.31,20.1,8,1,1,5.2,4.1,0.1,-0.2,-0.1,Matches,FRA-L1,19-20
d504b3e1,431,Jeff Reine-Adélaïde,FRA,MF,Angers,21,1998,0.9,1,2,1,50.0,2.28,1.14,0.5,1.0,11.3,0,0,0,0.8,0.8,0.38,0.2,0.2,Matches,FRA-L1,19-20
d504b3e1,432,Jeff Reine-Adélaïde,FRA,"MF,FW",Lyon,21,1998,8.7,2,4,3,75.0,0.46,0.34,0.5,0.67,12.4,0,0,0,1.0,1.0,0.25,1.0,1.0,Matches,FRA-L1,19-20
5c2da10f,433,Loïc Rémy,FRA,FW,Lille,32,1987,10.7,7,28,11,39.3,2.62,1.03,0.25,0.64,16.7,1,0,0,4.6,4.6,0.17,2.4,2.4,Matches,FRA-L1,19-20
bcf1b2e9,434,Baptiste Reynet,FRA,GK,Toulouse,28,1990,22.6,0,0,0,,0.0,0.0,,,,0,0,0,0.0,0.0,,0.0,0.0,Matches,FRA-L1,19-20
5f0241b2,435,Sergio Rico,ESP,GK,Paris S-G,25,1993,2.0,0,0,0,,0.0,0.0,,,,0,0,0,0.0,0.0,,0.0,0.0,Matches,FRA-L1,19-20
beae3a73,436,Renaud Ripart,FRA,"FW,DF",Nîmes,26,1993,22.5,4,47,13,27.7,2.09,0.58,0.04,0.15,17.4,0,2,2,5.1,3.6,0.08,-1.1,-1.6,Matches,FRA-L1,19-20
ea0aa7e0,437,Mihailo Ristić,SRB,"DF,MF",Montpellier,23,1995,9.0,0,8,1,12.5,0.89,0.11,0.0,0.0,23.0,0,0,0,0.3,0.3,0.04,-0.3,-0.3,Matches,FRA-L1,19-20
46a7b605,438,Maxence Rivera,FRA,"MF,FW",Saint-Étienne,17,2002,0.3,0,1,0,0.0,3.6,0.0,0.0,,15.7,0,0,0,0.0,0.0,0.05,0.0,0.0,Matches,FRA-L1,19-20
ea42c03f,439,Agustín Rogel,URU,DF,Toulouse,21,1997,9.5,0,4,0,0.0,0.42,0.0,0.0,,8.9,0,0,0,0.5,0.5,0.11,-0.5,-0.5,Matches,FRA-L1,19-20
0aa874f4,440,Alaixys Romao,TOG,MF,Reims,35,1984,19.8,0,12,2,16.7,0.61,0.1,0.0,0.0,18.9,0,0,0,0.6,0.6,0.05,-0.6,-0.6,Matches,FRA-L1,19-20
ed45c4a5,441,Valentin Rongier,FRA,MF,Marseille,24,1994,19.9,0,36,9,25.0,1.81,0.45,0.0,0.0,23.7,0,0,1,2.3,1.6,0.04,-2.3,-1.6,Matches,FRA-L1,19-20
ed45c4a5,442,Valentin Rongier,FRA,MF,Nantes,24,1994,3.0,0,4,1,25.0,1.33,0.33,0.0,0.0,17.3,0,0,0,0.3,0.3,0.07,-0.3,-0.3,Matches,FRA-L1,19-20
3071a619,443,Nolan Roux,FRA,FW,Nîmes,31,1988,6.5,2,18,7,38.9,2.77,1.08,0.11,0.29,14.5,0,0,0,1.4,1.4,0.08,0.6,0.6,Matches,FRA-L1,19-20
cac76a72,444,Stéphane Ruffier,FRA,GK,Saint-Étienne,32,1986,22.0,0,0,0,,0.0,0.0,,,,0,0,0,0.0,0.0,,0.0,0.0,Matches,FRA-L1,19-20
625c144a,445,Gerónimo Rulli,ARG,GK,Montpellier,27,1992,25.0,0,0,0,,0.0,0.0,,,,0,0,0,0.0,0.0,,0.0,0.0,Matches,FRA-L1,19-20
60f58477,446,Roli Pereira de Sa,FRA,MF,Nantes,22,1996,0.1,0,1,0,0.0,15.0,0.0,0.0,,28.2,0,0,0,0.0,0.0,0.03,0.0,0.0,Matches,FRA-L1,19-20
fbbb9269,447,Youssouf Sabaly,SEN,DF,Bordeaux,26,1993,10.1,0,5,1,20.0,0.49,0.1,0.0,0.0,16.7,0,0,0,0.2,0.2,0.05,-0.2,-0.2,Matches,FRA-L1,19-20
68a87d66,448,Ihsan Sacko,FRA,FW,Nice,22,1997,1.6,0,0,0,,0.0,0.0,,,,0,0,0,0.0,0.0,,0.0,0.0,Matches,FRA-L1,19-20
90fcf472,449,Wesley Saïd,FRA,"MF,FW",Toulouse,24,1995,12.9,2,25,10,40.0,1.94,0.78,0.08,0.2,18.0,0,0,0,3.3,3.3,0.13,-1.3,-1.3,Matches,FRA-L1,19-20
93c942fb,450,Théo Sainte-Luce,FRA,"MF,DF",Nîmes,20,1998,0.2,0,0,0,,0.0,0.0,,,,0,0,0,0.0,0.0,,0.0,0.0,Matches,FRA-L1,19-20
d63e2912,451,Hiroki Sakai,JPN,DF,Marseille,29,1990,18.0,0,2,0,0.0,0.11,0.0,0.0,,21.7,0,0,0,0.1,0.1,0.05,-0.1,-0.1,Matches,FRA-L1,19-20
972aeb2a,452,William Saliba,FRA,DF,Saint-Étienne,18,2001,11.0,0,3,0,0.0,0.27,0.0,0.0,,15.6,0,0,0,0.2,0.2,0.08,-0.2,-0.2,Matches,FRA-L1,19-20
74733221,453,Romain Salin,FRA,GK,Rennes,35,1984,4.0,0,0,0,,0.0,0.0,,,,0,0,0,0.0,0.0,,0.0,0.0,Matches,FRA-L1,19-20
fb14aa28,454,Mama Samba Baldé,GNB,"FW,MF",Dijon,23,1995,18.6,6,50,16,32.0,2.68,0.86,0.12,0.38,16.9,0,0,0,6.0,6.0,0.12,0.0,0.0,Matches,FRA-L1,19-20
24eb7ed6,455,Junior Sambia,FRA,"DF,MF",Montpellier,22,1996,6.5,1,13,5,38.5,1.99,0.77,0.08,0.2,22.6,2,0,0,0.6,0.6,0.05,0.4,0.4,Matches,FRA-L1,19-20
8802c1d5,456,Frédéric Sammaritano,FRA,"MF,FW",Dijon,33,1986,5.8,1,9,2,22.2,1.56,0.35,0.11,0.5,23.7,3,0,0,0.6,0.6,0.07,0.4,0.4,Matches,FRA-L1,19-20
032f894e,457,Renato Sanches,POR,"MF,FW",Lille,21,1997,16.5,3,30,10,33.3,1.82,0.61,0.1,0.3,25.2,4,0,0,1.6,1.4,0.05,1.4,1.6,Matches,FRA-L1,19-20
bced0375,458,Ibrahim Sangaré,CIV,MF,Toulouse,21,1997,24.2,0,22,5,22.7,0.91,0.21,0.0,0.0,19.4,2,0,0,2.0,2.0,0.09,-2.0,-2.0,Matches,FRA-L1,19-20
11ced928,459,Yaya Sanogo,FRA,FW,Toulouse,26,1993,10.1,3,25,10,40.0,2.47,0.99,0.08,0.2,14.4,0,1,1,3.3,2.5,0.1,-0.3,-0.5,Matches,FRA-L1,19-20
6e7f1353,460,Morgan Sanson,FRA,MF,Marseille,24,1994,24.1,5,39,12,30.8,1.62,0.5,0.13,0.42,20.8,0,0,0,3.8,3.8,0.1,1.2,1.2,Matches,FRA-L1,19-20
5e22e2a4,461,Baptiste Santamaria,FRA,MF,Angers,24,1995,27.8,1,35,11,31.4,1.26,0.4,0.03,0.09,25.3,0,0,0,1.6,1.6,0.05,-0.6,-0.6,Matches,FRA-L1,19-20
9744ff80,462,Pablo Sarabia,ESP,"FW,MF",Paris S-G,27,1992,12.9,4,33,10,30.3,2.55,0.77,0.12,0.4,16.0,0,0,0,3.2,3.2,0.1,0.8,0.8,Matches,FRA-L1,19-20
1a4b9094,463,Bouna Sarr,SEN,"DF,FW",Marseille,27,1992,24.0,1,28,4,14.3,1.16,0.17,0.04,0.25,19.5,1,0,0,2.4,2.4,0.09,-1.4,-1.4,Matches,FRA-L1,19-20
4315f30d,464,Malang Sarr,FRA,DF,Nice,20,1999,16.2,1,4,1,25.0,0.25,0.06,0.25,1.0,21.1,0,0,0,0.2,0.2,0.06,0.8,0.8,Matches,FRA-L1,19-20
a0b65401,465,Sidy Sarr,SEN,MF,Nîmes,23,1996,12.9,0,22,6,27.3,1.7,0.46,0.0,0.0,22.5,2,0,0,1.6,1.6,0.07,-1.6,-1.6,Matches,FRA-L1,19-20
6bde367b,466,Téji Savanier,FRA,MF,Montpellier,27,1991,16.9,6,29,7,24.1,1.71,0.41,0.14,0.57,28.8,7,2,2,2.7,1.1,0.04,3.3,2.9,Matches,FRA-L1,19-20
834b5c4c,467,Matz Sels,BEL,GK,Strasbourg,27,1992,27.0,0,0,0,,0.0,0.0,,,,0,0,0,0.0,0.0,,0.0,0.0,Matches,FRA-L1,19-20
8b28686a,468,Gen Shoji,JPN,DF,Toulouse,26,1992,0.5,0,0,0,,0.0,0.0,,,,0,0,0,0.0,0.0,,0.0,0.0,Matches,FRA-L1,19-20
ea540835,469,Kalidou Sidibé,FRA,MF,Toulouse,20,1999,1.0,0,0,0,,0.0,0.0,,,,0,0,0,0.0,0.0,,0.0,0.0,Matches,FRA-L1,19-20
9c2b1f11,470,Kaj Sierhuis,NED,FW,Reims,21,1998,0.1,0,0,0,,0.0,0.0,,,,0,0,0,0.0,0.0,,0.0,0.0,Matches,FRA-L1,19-20
d6f88a1d,471,Adrien Silva,POR,MF,Monaco,30,1989,13.6,0,14,3,21.4,1.03,0.22,0.0,0.0,26.5,4,0,0,0.6,0.6,0.04,-0.6,-0.6,Matches,FRA-L1,19-20
4914ed4a,472,Gabriel Silva,BRA,DF,Saint-Étienne,28,1991,2.6,0,0,0,,0.0,0.0,,,,0,0,0,0.0,0.0,,0.0,0.0,Matches,FRA-L1,19-20
bef22bc4,473,Matheus Pereira da Silva,BRA,"MF,FW",Dijon,21,1998,5.2,0,12,3,25.0,2.32,0.58,0.0,0.0,23.5,0,0,0,0.8,0.8,0.07,-0.8,-0.8,Matches,FRA-L1,19-20
86e7deaf,474,Thiago Silva,BRA,DF,Paris S-G,34,1984,17.5,0,6,2,33.3,0.34,0.11,0.0,0.0,12.8,0,0,0,0.4,0.4,0.06,-0.4,-0.4,Matches,FRA-L1,19-20
fcb27134,475,Mohamed Simakan,FRA,DF,Strasbourg,19,2000,16.7,0,9,3,33.3,0.54,0.18,0.0,0.0,16.5,0,0,0,0.5,0.5,0.05,-0.5,-0.5,Matches,FRA-L1,19-20
5f3eaaf5,476,Moses Simon,NGA,"FW,MF",Nantes,24,1995,24.2,5,43,18,41.9,1.78,0.74,0.12,0.28,15.5,0,0,0,6.6,6.6,0.15,-1.6,-1.6,Matches,FRA-L1,19-20
0f8418aa,477,Ibrahima Sissoko,MLI,MF,Strasbourg,21,1997,17.8,0,16,1,6.3,0.9,0.06,0.0,0.0,22.8,0,0,0,0.8,0.8,0.05,-0.8,-0.8,Matches,FRA-L1,19-20
e4bb1f08,478,Sambou Sissoko,FRA,"MF,FW",Reims,20,1999,0.4,0,0,0,,0.0,0.0,,,,0,0,0,0.0,0.0,,0.0,0.0,Matches,FRA-L1,19-20
d9a66c60,479,Petar Škuletić,SRB,"FW,MF",Montpellier,29,1990,1.2,0,4,1,25.0,3.4,0.85,0.0,0.0,17.5,0,0,1,1.1,0.3,0.07,-1.1,-0.3,Matches,FRA-L1,19-20
ffec9769,480,Islam Slimani,ALG,FW,Monaco,31,1988,14.3,9,52,19,36.5,3.64,1.33,0.15,0.42,11.9,0,1,1,9.0,8.2,0.16,0.0,-0.2,Matches,FRA-L1,19-20
0670ee51,481,Oumar Solet,FRA,DF,Lyon,19,2000,0.1,0,0,0,,0.0,0.0,,,,0,0,0,0.0,0.0,,0.0,0.0,Matches,FRA-L1,19-20
7b075c75,482,Adama Soumaoro,FRA,DF,Lille,27,1992,4.6,1,4,2,50.0,0.87,0.43,0.25,0.5,7.7,0,0,0,0.8,0.8,0.2,0.2,0.2,Matches,FRA-L1,19-20
ae59b359,483,Boubakary Soumaré,FRA,MF,Lille,20,1999,13.5,0,1,0,0.0,0.07,0.0,0.0,,12.5,0,0,0,0.0,0.0,0.03,0.0,0.0,Matches,FRA-L1,19-20
85e2d218,484,Bryan Soumaré,FRA,"MF,FW",Dijon,20,1999,4.3,0,6,4,66.7,1.41,0.94,0.0,0.0,22.0,0,0,0,0.5,0.5,0.08,-0.5,-0.5,Matches,FRA-L1,19-20
4e0afc5d,485,Arnaud Souquet,FRA,"DF,FW",Montpellier,27,1992,22.4,2,14,4,28.6,0.62,0.18,0.14,0.5,21.3,0,0,0,0.6,0.5,0.03,1.4,1.5,Matches,FRA-L1,19-20
84549a07,486,Bassem Srarfi,TUN,"FW,MF",Nice,22,1997,1.5,0,2,0,0.0,1.35,0.0,0.0,,16.8,0,0,0,0.1,0.1,0.05,-0.1,-0.1,Matches,FRA-L1,19-20
bb67bff1,487,Vlatko Stojanovski,MKD,FW,Nîmes,22,1997,1.4,0,2,2,100.0,1.46,1.46,0.0,0.0,13.8,0,0,0,0.4,0.4,0.2,-0.4,-0.4,Matches,FRA-L1,19-20
ef2e5e1a,488,Kevin Strootman,NED,MF,Marseille,29,1990,15.7,2,10,1,10.0,0.64,0.06,0.1,1.0,19.4,0,1,1,1.8,1.0,0.1,0.2,0.0,Matches,FRA-L1,19-20
0c291a1a,489,Mathías Suárez,URU,DF,Montpellier,23,1996,0.7,0,0,0,,0.0,0.0,,,,0,0,0,0.0,0.0,,0.0,0.0,Matches,FRA-L1,19-20
1bab7b66,490,Stoppila Sunzu,ZAM,DF,Metz,30,1989,15.0,0,4,0,0.0,0.27,0.0,0.0,,8.9,0,0,0,0.6,0.6,0.14,-0.6,-0.6,Matches,FRA-L1,19-20
b99bec05,491,Issiaga Sylla,GUI,DF,Toulouse,25,1994,28.0,0,21,4,19.0,0.75,0.14,0.0,0.0,16.4,0,0,0,1.2,1.2,0.06,-1.2,-1.2,Matches,FRA-L1,19-20
d8b97bb3,492,Moussa Sylla,MLI,FW,Monaco,19,1999,0.1,0,0,0,,0.0,0.0,,,,0,0,0,0.0,0.0,,0.0,0.0,Matches,FRA-L1,19-20
ff3a6a60,493,Eddy Sylvestre,FRA,MF,Nice,19,1999,0.4,0,0,0,,0.0,0.0,,,,0,0,0,0.0,0.0,,0.0,0.0,Matches,FRA-L1,19-20
a0f9b535,494,Flavien Tait,FRA,"MF,FW",Rennes,26,1993,9.8,2,14,4,28.6,1.42,0.41,0.14,0.5,19.2,1,0,0,1.2,1.2,0.09,0.8,0.8,Matches,FRA-L1,19-20
814ac171,495,Madih Talal,FRA,FW,Amiens,21,1997,0.2,0,0,0,,0.0,0.0,,,,0,0,0,0.0,0.0,,0.0,0.0,Matches,FRA-L1,19-20
8da74c05,496,Adrien Tameze,CMR,MF,Nice,25,1994,5.8,1,5,1,20.0,0.87,0.17,0.2,1.0,14.8,0,0,0,0.8,0.8,0.15,0.2,0.2,Matches,FRA-L1,19-20
53e585f2,497,Adil Taoui,FRA,MF,Toulouse,17,2001,0.3,0,1,1,100.0,3.6,3.6,0.0,0.0,27.2,1,0,0,0.1,0.1,0.06,-0.1,-0.1,Matches,FRA-L1,19-20
b056e3da,498,Ciprian Tătărușanu,ROU,GK,Lyon,33,1986,2.0,0,0,0,,0.0,0.0,,,,0,0,0,0.0,0.0,,0.0,0.0,Matches,FRA-L1,19-20
d520120b,499,Júlio Tavares,CPV,FW,Dijon,30,1988,22.2,5,49,18,36.7,2.21,0.81,0.08,0.22,15.2,0,1,1,7.1,6.4,0.13,-2.1,-2.4,Matches,FRA-L1,19-20
4f255115,500,Aurélien Tchouaméni,FRA,MF,Bordeaux,19,2000,12.3,0,12,5,41.7,0.97,0.41,0.0,0.0,21.6,0,0,0,0.7,0.7,0.06,-0.7,-0.7,Matches,FRA-L1,19-20
4f255115,501,Aurélien Tchouaméni,FRA,MF,Monaco,19,2000,0.7,0,2,1,50.0,2.77,1.38,0.0,0.0,17.2,0,0,0,0.2,0.2,0.08,-0.2,-0.2,Matches,FRA-L1,19-20
5148dcc5,502,Martin Terrier,FRA,"FW,MF",Lyon,22,1997,13.3,1,17,8,47.1,1.28,0.6,0.06,0.13,18.6,1,0,0,1.6,1.6,0.09,-0.6,-0.6,Matches,FRA-L1,19-20
77d7c96f,503,Kenny Tete,NED,DF,Lyon,23,1995,11.9,0,7,2,28.6,0.59,0.17,0.0,0.0,16.0,0,0,0,0.7,0.7,0.1,-0.7,-0.7,Matches,FRA-L1,19-20
2b9fdeea,504,Florian Thauvin,FRA,FW,Marseille,26,1993,0.2,0,3,1,33.3,12.27,4.09,0.0,0.0,16.9,0,0,0,0.3,0.3,0.1,-0.3,-0.3,Matches,FRA-L1,19-20
f4bc42b1,505,Sada Thioub,SEN,"MF,FW",Angers,24,1995,16.8,1,14,5,35.7,0.84,0.3,0.07,0.2,18.4,0,0,0,1.0,1.0,0.07,0.0,0.0,Matches,FRA-L1,19-20
275e2c51,506,Romain Thomas,FRA,DF,Angers,31,1988,26.0,1,8,2,25.0,0.31,0.08,0.13,0.5,9.1,0,0,0,0.7,0.7,0.09,0.3,0.3,Matches,FRA-L1,19-20
c76b7567,507,Adrien Thomasson,FRA,"MF,FW",Strasbourg,25,1993,23.0,8,50,18,36.0,2.17,0.78,0.16,0.44,16.4,0,0,0,5.6,5.6,0.11,2.4,2.4,Matches,FRA-L1,19-20
7d9397f8,508,Khéphren Thuram,FRA,MF,Nice,18,2001,6.6,0,1,0,0.0,0.15,0.0,0.0,,17.4,0,0,0,0.1,0.1,0.07,-0.1,-0.1,Matches,FRA-L1,19-20
2c92d3c0,509,Cheick Timite,CIV,"MF,FW",Amiens,21,1997,1.3,0,3,1,33.3,2.35,0.78,0.0,0.0,21.0,0,0,0,0.1,0.1,0.05,-0.1,-0.1,Matches,FRA-L1,19-20
5ceba7fc,510,Karl Toko Ekambi,CMR,"FW,MF",Lyon,26,1992,6.0,2,13,7,53.8,2.17,1.17,0.15,0.29,14.8,0,0,0,2.2,2.2,0.17,-0.2,-0.2,Matches,FRA-L1,19-20
ef7cd87a,511,Abdoulaye Touré,GUI,MF,Nantes,25,1994,24.7,3,32,8,25.0,1.3,0.32,0.03,0.13,26.6,0,2,2,3.1,1.5,0.05,-0.1,-0.5,Matches,FRA-L1,19-20
71ec39ef,512,Lucas Tousart,FRA,MF,Lyon,22,1997,19.6,2,28,11,39.3,1.43,0.56,0.07,0.18,23.8,0,0,0,2.1,2.1,0.07,-0.1,-0.1,Matches,FRA-L1,19-20
1a6f2a66,513,Adama Traoré,MLI,"FW,MF",Metz,24,1995,11.2,1,17,4,23.5,1.52,0.36,0.06,0.25,25.3,7,0,0,1.3,1.3,0.08,-0.3,-0.3,Matches,FRA-L1,19-20
1a6f2a66,514,Adama Traoré,MLI,MF,Monaco,24,1995,0.3,0,0,0,,0.0,0.0,,,,0,0,0,0.0,0.0,,0.0,0.0,Matches,FRA-L1,19-20
c47541e0,515,Bertrand Traoré,BFA,"FW,MF",Lyon,23,1995,13.9,1,36,11,30.6,2.59,0.79,0.03,0.09,16.4,2,0,0,3.7,3.7,0.1,-2.7,-2.7,Matches,FRA-L1,19-20
de488e56,516,Charles Traore,MLI,DF,Nantes,27,1992,19.3,0,5,0,0.0,0.26,0.0,0.0,,28.1,0,0,0,0.1,0.1,0.03,-0.1,-0.1,Matches,FRA-L1,19-20
a4b1028a,517,Hamari Traoré,MLI,DF,Rennes,27,1992,26.8,0,22,5,22.7,0.82,0.19,0.0,0.0,21.3,0,0,0,1.4,1.4,0.06,-1.4,-1.4,Matches,FRA-L1,19-20
b666421b,518,Ismaël Traoré,CIV,DF,Angers,32,1986,22.8,0,9,0,0.0,0.39,0.0,0.0,,12.5,0,0,0,0.8,0.8,0.09,-0.8,-0.8,Matches,FRA-L1,19-20
e4b72e34,519,Miguel Trauco,PER,DF,Saint-Étienne,26,1992,16.4,1,12,2,16.7,0.73,0.12,0.08,0.5,20.4,1,0,0,0.9,0.9,0.08,0.1,0.1,Matches,FRA-L1,19-20
cc41f558,520,Matthieu Udol,FRA,DF,Metz,23,1996,12.2,0,3,1,33.3,0.25,0.08,0.0,0.0,19.2,0,0,0,0.7,0.7,0.23,-0.7,-0.7,Matches,FRA-L1,19-20
a2d873dd,521,Hwang Ui-jo,KOR,"FW,MF",Bordeaux,26,1992,18.1,6,36,13,36.1,1.98,0.72,0.17,0.46,18.0,0,0,0,4.0,4.0,0.11,2.0,2.0,Matches,FRA-L1,19-20
92cd4bef,522,William Vainqueur,FRA,MF,Toulouse,30,1988,19.1,0,17,3,17.6,0.89,0.16,0.0,0.0,27.3,0,0,0,0.6,0.6,0.03,-0.6,-0.6,Matches,FRA-L1,19-20
e562a02e,523,Pierrick Valdivia,FRA,MF,Nîmes,31,1988,0.8,0,0,0,,0.0,0.0,,,,0,0,0,0.0,0.0,,0.0,0.0,Matches,FRA-L1,19-20
95981861,524,Antoine Valerio,FRA,MF,Nîmes,19,1999,1.0,0,0,0,,0.0,0.0,,,,0,0,0,0.0,0.0,,0.0,0.0,Matches,FRA-L1,19-20
254c927d,525,Luca Valls,FRA,MF,Nîmes,20,1998,0.1,0,0,0,,0.0,0.0,,,,0,0,0,0.0,0.0,,0.0,0.0,Matches,FRA-L1,19-20
c8090cb3,526,Theo Valls,FRA,MF,Nîmes,23,1995,18.1,1,25,7,28.0,1.38,0.39,0.04,0.14,24.9,2,0,0,1.0,1.0,0.04,0.0,0.0,Matches,FRA-L1,19-20
e9743d8a,527,Thibaut Vargas,FRA,"DF,MF",Montpellier,19,2000,1.7,0,0,0,,0.0,0.0,,,,0,0,0,0.0,0.0,,0.0,0.0,Matches,FRA-L1,19-20
1467af0d,528,Marco Verratti,ITA,MF,Paris S-G,26,1992,16.5,0,2,0,0.0,0.12,0.0,0.0,,6.3,0,0,0,0.3,0.3,0.15,-0.3,-0.3,Matches,FRA-L1,19-20
b2791a55,529,Clément Vidal,FRA,DF,Montpellier,19,2000,1.0,0,1,0,0.0,1.0,0.0,0.0,,8.5,0,0,0,0.1,0.1,0.12,-0.1,-0.1,Matches,FRA-L1,19-20
a440d8ca,530,Molla Wagué,MLI,DF,Nantes,28,1991,7.6,0,2,0,0.0,0.26,0.0,0.0,,10.2,0,0,0,0.2,0.2,0.1,-0.2,-0.2,Matches,FRA-L1,19-20
808df563,531,Moussa Wagué,SEN,"DF,MF",Nice,20,1998,2.2,0,1,0,0.0,0.45,0.0,0.0,,15.5,0,0,0,0.1,0.1,0.05,-0.1,-0.1,Matches,FRA-L1,19-20
0984c5d5,532,Rémi Walter,FRA,MF,Nice,24,1995,0.6,0,0,0,,0.0,0.0,,,,0,0,0,0.0,0.0,,0.0,0.0,Matches,FRA-L1,19-20
8eec784d,533,Timothy Weah,USA,"MF,FW",Lille,19,2000,0.9,0,1,0,0.0,1.06,0.0,0.0,,21.1,0,0,0,0.0,0.0,0.04,0.0,0.0,Matches,FRA-L1,19-20
f3600c02,534,Xeka,POR,MF,Lille,24,1994,7.9,0,9,3,33.3,1.14,0.38,0.0,0.0,15.3,0,0,0,1.2,1.2,0.13,-1.2,-1.2,Matches,FRA-L1,19-20
f5c8b425,535,Yusuf Yazıcı,TUR,"MF,FW",Lille,22,1997,9.4,1,20,3,15.0,2.12,0.32,0.0,0.0,24.1,3,1,1,2.2,1.4,0.07,-1.2,-1.4,Matches,FRA-L1,19-20
698b37b8,536,Elie Youan,FRA,"FW,MF",Nantes,20,1999,1.8,0,3,2,66.7,1.66,1.1,0.0,0.0,10.7,0,0,0,0.3,0.3,0.11,-0.3,-0.3,Matches,FRA-L1,19-20
e2f9bb5f,537,Zaydou Youssouf,FRA,MF,Saint-Étienne,20,1999,12.0,0,8,2,25.0,0.67,0.17,0.0,0.0,28.3,0,0,0,0.7,0.7,0.08,-0.7,-0.7,Matches,FRA-L1,19-20
3225654e,538,Arthur Zagre,FRA,MF,Paris S-G,17,2001,0.3,0,0,0,,0.0,0.0,,,,0,0,0,0.0,0.0,,0.0,0.0,Matches,FRA-L1,19-20
242b350c,539,Mootaz Zemzemi,TUN,MF,Strasbourg,19,1999,0.3,0,1,0,0.0,3.91,0.0,0.0,,29.7,0,0,0,0.0,0.0,0.03,0.0,0.0,Matches,FRA-L1,19-20
095e4199,540,Arber Zeneli,KVX,MF,Reims,24,1995,0.1,0,0,0,,0.0,0.0,,,,0,0,0,0.0,0.0,,0.0,0.0,Matches,FRA-L1,19-20
775185ae,541,Kévin Zohi,MLI,"FW,MF",Strasbourg,22,1996,5.9,1,16,5,31.3,2.72,0.85,0.06,0.2,18.2,0,0,0,1.5,1.5,0.09,-0.5,-0.5,Matches,FRA-L1,19-20
a8797cf1,542,Bongani Zungu,RSA,MF,Amiens,26,1992,11.0,0,7,1,14.3,0.64,0.09,0.0,0.0,24.1,0,0,0,0.3,0.3,0.04,-0.3,-0.3,Matches,FRA-L1,19-20
