id,Unnamed: 0_level_0,Unnamed: 1_level_0,Unnamed: 2_level_0,Unnamed: 3_level_0,Unnamed: 4_level_0,Unnamed: 5_level_0,Unnamed: 6_level_0,Unnamed: 7_level_0,Tackles,Tackles,Tackles,Tackles,Tackles,Challenges,Challenges,Challenges,Challenges,Blocks,Blocks,Blocks,Unnamed: 20_level_0,Unnamed: 21_level_0,Unnamed: 22_level_0,Unnamed: 23_level_0,Unnamed: 24_level_0,Unnamed: league,Unnamed: season
,Rk,Player,Nation,Pos,Squad,Age,Born,90s,Tkl,TklW,Def 3rd,Mid 3rd,Att 3rd,Tkl,Att,Tkl%,Lost,Blocks,Sh,Pass,Int,Tkl+Int,Clr,Err,Matches,league,season
774cf58b,1,Max Aarons,ENG,DF,Bournemouth,23,2000,13.7,29,19,20,7,2,20,34,58.8,14,9,5,4,8,37,27,0,Matches,ENG-EPL,23-24
b7e62e1d,2,Joshua Acheampong,ENG,DF,Chelsea,17,2006,0.1,0,0,0,0,0,0,0,,0,3,3,0,0,0,0,0,Matches,ENG-EPL,23-24
77816c91,3,Bénie Adama Traore,CIV,"FW,MF",Sheffield Utd,20,2002,4.3,4,2,1,2,1,0,4,0.0,4,4,1,3,1,5,1,0,Matches,ENG-EPL,23-24
2b09d998,4,Tyler Adams,USA,MF,Bournemouth,24,1999,1.3,4,3,1,3,0,2,3,66.7,1,2,0,2,4,8,2,0,Matches,ENG-EPL,23-24
c81d773d,5,Tosin Adarabioyo,ENG,DF,Fulham,25,1997,18.0,21,11,16,5,0,12,21,57.1,9,16,11,5,25,46,80,0,Matches,ENG-EPL,23-24
0480ebc7,6,Elijah Adebayo,ENG,FW,Luton Town,25,1998,15.8,4,1,1,0,3,1,12,8.3,11,13,2,11,6,10,25,0,Matches,ENG-EPL,23-24
4dcec659,7,Simon Adingra,CIV,FW,Brighton,21,2002,24.7,45,20,23,11,11,19,42,45.2,23,31,1,30,19,64,22,0,Matches,ENG-EPL,23-24
288e1e13,8,Nayef Aguerd,MAR,DF,West Ham,27,1996,20.6,26,14,19,7,0,16,22,72.7,6,33,24,9,17,43,85,2,Matches,ENG-EPL,23-24
938fa024,9,Brandon Aguilera,CRC,FW,Nott'ham Forest,20,2003,0.1,0,0,0,0,0,0,0,,0,0,0,0,0,0,0,0,Matches,ENG-EPL,23-24
a6c58494,10,Naouirou Ahamada,FRA,"MF,FW",Crystal Palace,21,2002,3.9,13,9,5,6,2,8,17,47.1,9,3,0,3,2,15,4,0,Matches,ENG-EPL,23-24
eab957a3,11,Anel Ahmedhodžić,BIH,DF,Sheffield Utd,24,1999,29.4,64,36,48,14,2,30,49,61.2,19,43,26,17,35,99,137,2,Matches,ENG-EPL,23-24
246d153b,12,Ola Aina,NGA,DF,Nott'ham Forest,26,1996,18.8,47,31,31,12,4,29,41,70.7,12,19,3,16,18,65,51,1,Matches,ENG-EPL,23-24
9b398aea,13,Rayan Aït-Nouri,ALG,"DF,MF",Wolves,22,2001,25.9,71,44,41,23,7,28,49,57.1,21,32,6,26,15,86,38,0,Matches,ENG-EPL,23-24
a8c0acb7,14,Kristoffer Ajer,NOR,DF,Brentford,25,1998,20.4,38,21,25,9,4,23,36,63.9,13,26,11,15,25,63,79,1,Matches,ENG-EPL,23-24
89ac64a6,15,Manuel Akanji,SUI,"DF,MF",Manchester City,28,1995,27.9,42,28,16,18,8,22,39,56.4,17,28,12,16,23,65,70,3,Matches,ENG-EPL,23-24
eaeca114,16,Nathan Aké,NED,DF,Manchester City,28,1995,22.7,26,16,15,8,3,13,20,65.0,7,17,2,15,14,40,54,0,Matches,ENG-EPL,23-24
77e84962,17,Thiago Alcántara,ESP,MF,Liverpool,32,1991,0.1,0,0,0,0,0,0,0,,0,0,0,0,0,0,0,0,Matches,ENG-EPL,23-24
cd1acf9d,18,Trent Alexander-Arnold,ENG,DF,Liverpool,24,1998,23.9,39,26,26,11,2,27,87,31.0,60,22,2,20,31,70,48,5,Matches,ENG-EPL,23-24
7a2e46a8,19,Alisson,BRA,GK,Liverpool,30,1992,28.0,0,0,0,0,0,0,1,0.0,1,0,0,0,0,0,11,4,Matches,ENG-EPL,23-24
862a1c15,20,Miguel Almirón,PAR,FW,Newcastle Utd,29,1994,21.5,36,24,13,15,8,11,29,37.9,18,29,2,27,10,46,13,0,Matches,ENG-EPL,23-24
8b3ab7ad,21,Edson Álvarez,MEX,MF,West Ham,25,1997,26.4,80,39,47,26,7,31,66,47.0,35,59,20,39,42,122,81,0,Matches,ENG-EPL,23-24
15ab5a2b,22,Julián Álvarez,ARG,"MF,FW",Manchester City,23,2000,29.4,24,13,5,8,11,8,32,25.0,24,30,0,30,2,26,14,1,Matches,ENG-EPL,23-24
2ee5b0c9,23,Zeki Amdouni,SUI,FW,Burnley,22,2000,21.7,27,18,1,15,11,7,25,28.0,18,23,10,13,9,36,10,0,Matches,ENG-EPL,23-24
5a2cb25d,24,Sofyan Amrabat,MAR,"MF,DF",Manchester Utd,26,1996,10.4,27,16,17,8,2,17,31,54.8,14,20,7,13,8,35,19,2,Matches,ENG-EPL,23-24
e34fc66d,25,Joachim Andersen,DEN,DF,Crystal Palace,27,1996,37.9,56,35,33,21,2,29,39,74.4,10,33,18,15,41,97,207,1,Matches,ENG-EPL,23-24
de31038e,26,Elliot Anderson,SCO,"MF,FW",Newcastle Utd,20,2002,11.4,24,18,12,9,3,15,29,51.7,14,23,4,19,8,32,23,0,Matches,ENG-EPL,23-24
e4238fb1,27,Jaidon Anthony,ENG,FW,Bournemouth,23,1999,1.7,3,1,1,0,2,1,7,14.3,6,3,0,3,1,4,3,0,Matches,ENG-EPL,23-24
ac05f970,28,Michail Antonio,JAM,FW,West Ham,33,1990,18.8,15,8,5,6,4,3,11,27.3,8,16,3,13,4,19,4,0,Matches,ENG-EPL,23-24
99127249,29,Antony,BRA,FW,Manchester Utd,23,2000,14.7,40,21,15,19,6,20,40,50.0,20,29,1,28,12,52,9,0,Matches,ENG-EPL,23-24
afe1a491,30,Oliver Arblaster,ENG,MF,Sheffield Utd,19,2004,10.5,23,14,11,8,4,7,15,46.7,8,17,7,10,15,38,9,0,Matches,ENG-EPL,23-24
05e8ca6d,31,Cameron Archer,ENG,"FW,MF",Sheffield Utd,22,2001,20.4,18,13,6,6,6,8,18,44.4,10,22,3,19,1,19,11,0,Matches,ENG-EPL,23-24
05e8ca6d,32,Cameron Archer,ENG,MF,Aston Villa,22,2001,0.1,0,0,0,0,0,0,0,,0,0,0,0,0,0,0,0,Matches,ENG-EPL,23-24
2f965a72,33,Alphonse Areola,FRA,GK,West Ham,30,1993,30.0,1,1,1,0,0,1,3,33.3,2,0,0,0,1,2,16,0,Matches,ENG-EPL,23-24
b026bbf6,34,Lorenz Assignon,TOG,DF,Burnley,23,2000,13.7,35,17,18,13,4,14,27,51.9,13,22,7,15,19,54,43,1,Matches,ENG-EPL,23-24
5c2b4f07,35,Serge Aurier,CIV,"DF,MF",Nott'ham Forest,30,1992,9.3,20,14,9,11,0,5,11,45.5,6,10,3,7,9,29,36,1,Matches,ENG-EPL,23-24
e5478b87,36,Taiwo Awoniyi,NGA,FW,Nott'ham Forest,25,1997,11.6,9,7,1,4,4,1,2,50.0,1,7,2,5,1,10,9,0,Matches,ENG-EPL,23-24
da052c14,37,Jordan Ayew,GHA,"FW,MF",Crystal Palace,31,1991,28.3,65,36,23,28,14,21,42,50.0,21,43,2,41,16,81,15,0,Matches,ENG-EPL,23-24
06df8256,38,Benoît Badiashile,FRA,DF,Chelsea,22,2001,14.9,21,15,12,9,0,9,14,64.3,5,21,14,7,18,39,66,2,Matches,ENG-EPL,23-24
3a233281,39,Leon Bailey,JAM,"MF,FW",Aston Villa,25,1997,23.0,13,7,7,4,2,5,20,25.0,15,18,1,17,9,22,6,0,Matches,ENG-EPL,23-24
32e8417f,40,Stefan Bajcetic,ESP,MF,Liverpool,18,2004,0.3,4,1,3,1,0,3,5,60.0,2,0,0,0,0,4,0,0,Matches,ENG-EPL,23-24
394854c4,41,George Baldock,GRE,DF,Sheffield Utd,30,1993,10.8,18,10,10,7,1,6,15,40.0,9,14,8,6,10,28,33,0,Matches,ENG-EPL,23-24
a1390d2f,42,Carlos Baleba,CMR,MF,Brighton,19,2004,14.7,40,20,17,19,4,23,46,50.0,23,35,7,28,18,58,30,3,Matches,ENG-EPL,23-24
f449640d,43,Fodé Ballo-Touré,SEN,"DF,MF",Fulham,26,1997,0.8,4,2,1,3,0,1,2,50.0,1,1,0,1,3,7,2,0,Matches,ENG-EPL,23-24
2886c9b5,44,Shandon Baptiste,GRN,MF,Brentford,25,1998,2.5,4,4,2,2,0,1,5,20.0,4,5,1,4,3,7,6,0,Matches,ENG-EPL,23-24
b9f282ec,45,Valentín Barco,ARG,"DF,FW",Brighton,19,2004,3.4,11,5,4,5,2,6,8,75.0,2,3,0,3,4,15,3,1,Matches,ENG-EPL,23-24
3a24769f,46,Ross Barkley,ENG,MF,Luton Town,29,1993,29.1,47,19,16,21,10,11,48,22.9,37,25,9,16,25,72,51,2,Matches,ENG-EPL,23-24
3ea50f67,47,Harvey Barnes,ENG,"FW,MF",Newcastle Utd,25,1997,8.9,6,1,3,2,1,1,2,50.0,1,1,0,1,5,11,3,0,Matches,ENG-EPL,23-24
1aa84968,48,Chris Basham,ENG,"DF,MF",Sheffield Utd,35,1988,3.6,7,2,4,3,0,2,9,22.2,7,9,4,5,5,12,17,0,Matches,ENG-EPL,23-24
a36524bf,49,Calvin Bassey,NGA,DF,Fulham,23,1999,25.6,49,29,33,15,1,21,29,72.4,8,32,11,21,28,77,84,4,Matches,ENG-EPL,23-24
a011a1e9,50,Owen Beck,WAL,DF,Liverpool,20,2002,0.1,2,1,1,1,0,0,0,,0,0,0,0,0,2,1,0,Matches,ENG-EPL,23-24
50dc94ce,51,Donny van de Beek,NED,DF,Manchester Utd,26,1997,0.0,0,0,0,0,0,0,0,,0,1,0,1,0,0,0,0,Matches,ENG-EPL,23-24
399e9474,52,Amari'i Bell,JAM,DF,Luton Town,29,1994,19.1,50,33,30,19,1,22,35,62.9,13,33,15,18,25,75,60,1,Matches,ENG-EPL,23-24
10f0fdd3,53,Jean-Ricner Bellegarde,FRA,"MF,FW",Wolves,25,1998,10.6,17,10,9,6,2,7,15,46.7,8,18,2,16,8,25,14,0,Matches,ENG-EPL,23-24
9ade9ce1,54,Anis Ben Slimane,TUN,MF,Sheffield Utd,22,2001,4.7,11,6,5,2,4,4,10,40.0,6,7,1,6,5,16,7,0,Matches,ENG-EPL,23-24
5a04fd92,55,Saïd Benrahma,ALG,"FW,MF",West Ham,27,1995,6.9,8,4,5,3,0,4,15,26.7,11,8,0,8,5,13,7,0,Matches,ENG-EPL,23-24
3b8674e6,56,Rodrigo Bentancur,URU,MF,Tottenham,26,1997,11.2,23,15,10,11,2,10,24,41.7,14,15,4,11,17,40,16,1,Matches,ENG-EPL,23-24
68db6358,57,Daniel Bentley,ENG,GK,Wolves,30,1993,4.3,0,0,0,0,0,0,1,0.0,1,0,0,0,0,0,1,0,Matches,ENG-EPL,23-24
f72293fc,58,Jóhann Berg Guðmundsson,ISL,"MF,FW",Burnley,32,1990,13.2,13,4,6,5,2,7,16,43.8,9,14,0,14,16,29,16,0,Matches,ENG-EPL,23-24
d0b6129f,59,Sander Berge,NOR,MF,Burnley,25,1998,33.4,76,46,35,36,5,34,58,58.6,24,49,20,29,23,99,60,2,Matches,ENG-EPL,23-24
2aaadf33,60,Luke Berry,ENG,"MF,DF",Luton Town,31,1992,3.6,7,2,2,4,1,2,3,66.7,1,6,1,5,0,7,3,0,Matches,ENG-EPL,23-24
ed5c0319,61,Beto,GNB,FW,Everton,25,1998,10.6,14,6,1,6,7,4,12,33.3,8,11,0,11,1,15,14,0,Matches,ENG-EPL,23-24
9af1f9ff,62,Jordan Beyer,GER,DF,Burnley,23,2000,13.7,35,20,22,12,1,14,24,58.3,10,22,15,7,16,51,68,1,Matches,ENG-EPL,23-24
d328a254,63,Philip Billing,DEN,MF,Bournemouth,27,1996,15.5,33,16,7,22,4,9,27,33.3,18,31,5,26,20,53,28,1,Matches,ENG-EPL,23-24
6c203af0,64,Yves Bissouma,MLI,MF,Tottenham,26,1996,23.0,80,52,32,36,12,41,61,67.2,20,28,5,23,37,117,43,3,Matches,ENG-EPL,23-24
4c5835e6,65,Benicio Boaitey,ENG,"FW,DF",Brighton,19,2004,0.4,0,0,0,0,0,0,1,0.0,1,1,0,1,0,0,2,0,Matches,ENG-EPL,23-24
eed2427e,66,Oscar Bobb,NOR,"FW,MF",Manchester City,20,2003,3.4,7,3,1,2,4,2,4,50.0,2,4,0,4,5,12,1,0,Matches,ENG-EPL,23-24
ae5019e6,67,Jayden Bogle,ENG,DF,Sheffield Utd,23,2000,31.0,66,36,43,21,2,35,70,50.0,35,42,11,31,32,98,97,0,Matches,ENG-EPL,23-24
a4ac4b8f,68,Willy Boly,CIV,DF,Nott'ham Forest,32,1991,16.0,46,29,36,9,1,22,40,55.0,18,32,21,11,25,71,90,0,Matches,ENG-EPL,23-24
ccce7025,69,Sven Botman,NED,DF,Newcastle Utd,23,2000,15.3,20,13,14,6,0,8,13,61.5,5,20,16,4,9,29,61,3,Matches,ENG-EPL,23-24
79c84d1c,70,Jarrod Bowen,ENG,FW,West Ham,26,1996,33.5,42,28,14,14,14,13,35,37.1,22,37,5,32,19,61,14,0,Matches,ENG-EPL,23-24
bbd67769,71,Conor Bradley,NIR,DF,Liverpool,20,2003,8.4,33,25,14,12,7,24,38,63.2,14,17,1,16,10,43,14,0,Matches,ENG-EPL,23-24
c1949191,72,Jarrad Branthwaite,ENG,DF,Everton,21,2002,34.6,66,32,42,22,2,45,62,72.6,17,51,36,15,50,116,163,2,Matches,ENG-EPL,23-24
57827369,73,Ben Brereton,CHI,"FW,MF",Sheffield Utd,24,1999,12.3,9,4,4,4,1,4,10,40.0,6,9,3,6,3,12,12,0,Matches,ENG-EPL,23-24
30e81a88,74,Rhian Brewster,ENG,"FW,MF",Sheffield Utd,23,2000,3.8,5,1,1,2,2,0,2,0.0,2,2,0,2,1,6,2,0,Matches,ENG-EPL,23-24
97220da2,75,Armando Broja,ALB,FW,Chelsea,21,2001,5.0,3,0,0,1,2,1,2,50.0,1,5,1,4,0,3,3,0,Matches,ENG-EPL,23-24
97220da2,76,Armando Broja,ALB,FW,Fulham,21,2001,1.0,0,0,0,0,0,0,0,,0,1,0,1,0,0,0,0,Matches,ENG-EPL,23-24
5f346071,77,Andre Brooks,ENG,"MF,DF",Sheffield Utd,19,2003,10.4,22,13,7,11,4,9,21,42.9,12,13,1,12,14,36,20,0,Matches,ENG-EPL,23-24
dc4cae05,78,David Brooks,WAL,"FW,MF",Bournemouth,26,1997,3.1,5,4,2,1,2,2,4,50.0,2,3,0,3,2,7,2,0,Matches,ENG-EPL,23-24
ca18c8f1,79,Jacob Brown,SCO,"MF,FW",Luton Town,25,1998,11.3,19,12,7,7,5,7,18,38.9,11,20,1,19,8,27,22,0,Matches,ENG-EPL,23-24
47369df8,80,Josh Brownhill,ENG,MF,Burnley,27,1995,25.0,61,35,23,28,10,27,37,73.0,10,33,8,25,34,95,40,1,Matches,ENG-EPL,23-24
4e204552,81,Jacob Bruun Larsen,DEN,"MF,FW",Burnley,24,1998,13.9,9,4,4,3,2,7,21,33.3,14,16,2,14,7,16,23,0,Matches,ENG-EPL,23-24
bfc3b3a0,82,Hugo Bueno,ESP,"DF,MF",Wolves,20,2002,8.2,21,14,12,7,2,12,19,63.2,7,17,4,13,6,27,24,0,Matches,ENG-EPL,23-24
edc98fac,83,Santiago Bueno,URU,DF,Wolves,24,1998,9.1,13,7,5,7,1,5,11,45.5,6,22,12,10,6,19,33,0,Matches,ENG-EPL,23-24
468a7a91,84,Facundo Buonanotte,ARG,"FW,MF",Brighton,18,2004,15.2,42,22,13,22,7,14,44,31.8,30,22,3,19,8,50,5,0,Matches,ENG-EPL,23-24
a681b7b7,85,Reece Burke,ENG,DF,Luton Town,26,1996,18.4,37,23,17,14,6,12,26,46.2,14,25,18,7,18,55,78,1,Matches,ENG-EPL,23-24
b2d31e83,86,Dan Burn,ENG,DF,Newcastle Utd,31,1992,30.3,61,33,37,20,4,26,61,42.6,35,55,25,30,37,98,124,1,Matches,ENG-EPL,23-24
dab84ad2,87,Mason Burstow,ENG,FW,Chelsea,19,2003,0.1,0,0,0,0,0,0,0,,0,0,0,0,0,0,0,0,Matches,ENG-EPL,23-24
16264a81,88,Moisés Caicedo,ECU,MF,Chelsea,21,2001,31.8,91,46,38,42,11,36,60,60.0,24,59,25,34,37,128,44,4,Matches,ENG-EPL,23-24
a8748947,89,Tom Cairney,SCO,MF,Fulham,32,1991,16.5,24,16,10,12,2,13,25,52.0,12,16,4,12,13,37,6,0,Matches,ENG-EPL,23-24
59e6e5bf,90,Dominic Calvert-Lewin,ENG,FW,Everton,26,1997,24.1,13,6,2,6,5,2,15,13.3,13,14,4,10,4,17,38,0,Matches,ENG-EPL,23-24
4506aec5,91,Thomas Cannon,IRL,FW,Everton,20,2002,0.0,0,0,0,0,0,0,0,,0,0,0,0,0,0,0,0,Matches,ENG-EPL,23-24
b4a014b1,92,Diego Carlos,BRA,DF,Aston Villa,30,1993,20.2,27,16,22,4,1,13,21,61.9,8,24,19,5,13,40,78,3,Matches,ENG-EPL,23-24
fb920f3a,93,Cesare Casadei,ITA,"FW,MF",Chelsea,20,2003,0.9,5,3,2,1,2,2,5,40.0,3,1,0,1,0,5,4,0,Matches,ENG-EPL,23-24
4d224fe8,94,Casemiro,BRA,"MF,DF",Manchester Utd,31,1992,22.0,83,56,43,32,8,51,106,48.1,55,74,33,41,18,101,71,1,Matches,ENG-EPL,23-24
cd4b2c5f,95,Kaelan Casey,ENG,DF,West Ham,18,2004,0.0,0,0,0,0,0,0,0,,0,0,0,0,0,0,1,0,Matches,ENG-EPL,23-24
2389cdc2,96,Matty Cash,POL,DF,Aston Villa,25,1997,23.8,54,31,24,24,6,29,59,49.2,30,35,14,21,18,72,59,0,Matches,ENG-EPL,23-24
197640fd,97,Timothy Castagne,BEL,DF,Fulham,27,1995,29.3,49,24,23,16,10,26,44,59.1,18,38,10,28,38,87,69,1,Matches,ENG-EPL,23-24
e28868f3,98,Jonny Castro,ESP,MF,Wolves,29,1994,0.1,0,0,0,0,0,0,1,0.0,1,1,1,0,0,0,0,0,Matches,ENG-EPL,23-24
5515376c,99,Trevoh Chalobah,ENG,DF,Chelsea,24,1999,10.6,16,12,10,2,4,10,15,66.7,5,8,7,1,8,24,51,0,Matches,ENG-EPL,23-24
dc6f5bdd,100,Calum Chambers,ENG,"MF,DF",Aston Villa,28,1995,1.7,3,0,3,0,0,0,1,0.0,1,2,1,1,2,5,4,0,Matches,ENG-EPL,23-24
890f108d,101,Youssef Chermiti,POR,FW,Everton,19,2004,2.3,3,2,2,1,0,1,5,20.0,4,4,1,3,1,4,2,0,Matches,ENG-EPL,23-24
d2424d1b,102,Ben Chilwell,ENG,DF,Chelsea,26,1996,8.4,15,10,5,9,1,5,8,62.5,3,11,3,8,4,19,19,1,Matches,ENG-EPL,23-24
34721c11,103,Tawanda Chirewa,ZIM,"MF,FW",Wolves,19,2003,1.6,7,3,3,3,1,2,3,66.7,1,0,0,0,1,8,0,0,Matches,ENG-EPL,23-24
a2852b4f,104,Leon Chiwome,ENG,FW,Wolves,17,2006,1.9,2,1,0,1,1,1,2,50.0,1,3,1,2,0,2,2,0,Matches,ENG-EPL,23-24
2696b6a9,105,Tahith Chong,NED,"MF,FW",Luton Town,23,1999,22.0,36,22,19,13,4,15,33,45.5,18,30,6,24,8,44,11,1,Matches,ENG-EPL,23-24
26ce2263,106,Ryan Christie,SCO,MF,Bournemouth,28,1995,32.3,86,44,34,35,17,39,92,42.4,53,52,11,41,52,138,53,1,Matches,ENG-EPL,23-24
b2f9c73e,107,Carney Chukwuemeka,ENG,"MF,FW",Chelsea,19,2003,2.5,6,4,3,3,0,1,3,33.3,2,1,1,0,0,6,1,0,Matches,ENG-EPL,23-24
73341ace,108,Bobby Clark,ENG,MF,Liverpool,18,2005,1.0,2,1,1,1,0,1,5,20.0,4,6,2,4,1,3,1,0,Matches,ENG-EPL,23-24
7c5fa6cf,109,Jordan Clark,ENG,MF,Luton Town,29,1993,14.5,30,17,14,11,5,11,39,28.2,28,24,3,21,11,41,15,1,Matches,ENG-EPL,23-24
0442183b,110,Nathaniel Clyne,ENG,DF,Crystal Palace,32,1991,14.9,24,15,11,11,2,14,21,66.7,7,18,6,12,10,34,33,0,Matches,ENG-EPL,23-24
0420d84f,111,Séamus Coleman,IRL,DF,Everton,34,1988,7.4,17,14,10,3,4,11,16,68.8,5,12,4,8,7,24,26,1,Matches,ENG-EPL,23-24
a8c19eb8,112,Nathan Collins,IRL,DF,Brentford,22,2001,29.5,38,20,24,12,2,19,29,65.5,10,46,30,16,44,82,141,4,Matches,ENG-EPL,23-24
700783e7,113,Levi Colwill,ENG,DF,Chelsea,20,2003,20.0,48,30,26,17,5,26,34,76.5,8,28,10,18,26,74,66,0,Matches,ENG-EPL,23-24
2afc7272,114,Lewis Cook,ENG,MF,Bournemouth,26,1997,31.0,61,41,24,30,7,34,63,54.0,29,32,11,21,65,126,46,1,Matches,ENG-EPL,23-24
74e12f1e,115,Jack Cork,ENG,MF,Burnley,34,1989,0.3,2,0,0,2,0,1,3,33.3,2,0,0,0,1,3,1,0,Matches,ENG-EPL,23-24
beb391dd,116,Maxwel Cornet,CIV,"MF,FW",West Ham,26,1996,1.2,3,2,3,0,0,1,5,20.0,4,2,0,2,2,5,1,0,Matches,ENG-EPL,23-24
fdf3cb77,117,Vladimír Coufal,CZE,DF,West Ham,30,1992,34.8,64,41,50,12,2,38,75,50.7,37,49,15,34,43,107,97,0,Matches,ENG-EPL,23-24
0ef89a37,118,Philippe Coutinho,BRA,"MF,FW",Aston Villa,31,1992,0.3,0,0,0,0,0,0,1,0.0,1,0,0,0,0,0,0,0,Matches,ENG-EPL,23-24
4f974391,119,Aaron Cresswell,ENG,"DF,FW",West Ham,33,1989,4.8,3,2,1,1,1,2,3,66.7,1,5,3,2,3,6,7,0,Matches,ENG-EPL,23-24
1daec722,120,Marc Cucurella,ESP,DF,Chelsea,25,1998,19.8,62,38,36,21,5,34,64,53.1,30,36,13,23,22,84,48,0,Matches,ENG-EPL,23-24
f6d7d690,121,Josh Cullen,IRL,MF,Burnley,27,1996,22.9,42,29,15,22,5,26,46,56.5,20,31,19,12,15,57,26,1,Matches,ENG-EPL,23-24
dc62b55d,122,Matheus Cunha,BRA,"FW,MF",Wolves,24,1999,27.1,30,16,8,17,5,13,35,37.1,22,28,7,21,13,43,21,1,Matches,ENG-EPL,23-24
7d42865e,123,Sam Curtis,IRL,DF,Sheffield Utd,17,2005,0.3,1,0,1,0,0,1,2,50.0,1,2,0,2,0,1,0,0,Matches,ENG-EPL,23-24
db4ed67b,124,Mahmoud Dahoud,GER,MF,Brighton,27,1996,5.0,9,4,2,4,3,3,9,33.3,6,4,1,3,1,10,5,0,Matches,ENG-EPL,23-24
93e08bce,125,Ameen Al-Dakhil,BEL,DF,Burnley,21,2002,11.7,12,5,4,7,1,1,10,10.0,9,13,6,7,12,24,38,2,Matches,ENG-EPL,23-24
d9565625,126,Diogo Dalot,POR,DF,Manchester Utd,24,1999,35.3,81,51,58,12,11,51,74,68.9,23,44,16,28,37,118,111,0,Matches,ENG-EPL,23-24
215f3907,127,Mikkel Damsgaard,DEN,MF,Brentford,23,2000,9.4,29,17,13,9,7,14,40,35.0,26,23,1,22,11,40,10,1,Matches,ENG-EPL,23-24
a816dbfb,128,Danilo,BRA,MF,Nott'ham Forest,22,2001,19.9,36,18,22,12,2,21,46,45.7,25,33,8,25,35,71,42,0,Matches,ENG-EPL,23-24
f08490a6,129,Arnaut Danjuma,NED,"MF,FW",Everton,26,1997,6.6,6,4,2,3,1,1,4,25.0,3,4,0,4,3,9,0,0,Matches,ENG-EPL,23-24
003cf4d1,130,Jayden Danns,ENG,FW,Liverpool,17,2006,0.1,0,0,0,0,0,0,0,,0,0,0,0,0,0,0,0,Matches,ENG-EPL,23-24
60344e4f,131,Josh Dasilva,ENG,"DF,FW",Brentford,24,1998,0.3,2,1,0,1,1,0,0,,0,0,0,0,0,2,0,0,Matches,ENG-EPL,23-24
e82900ef,132,David Datro Fofana,CIV,FW,Burnley,20,2002,9.8,10,5,3,5,2,3,6,50.0,3,9,3,6,1,11,2,0,Matches,ENG-EPL,23-24
44781702,133,Ben Davies,WAL,DF,Tottenham,30,1993,12.1,24,17,13,8,3,16,21,76.2,5,17,15,2,10,34,35,0,Matches,ENG-EPL,23-24
9228b07c,134,Tom Davies,ENG,MF,Sheffield Utd,25,1998,2.5,10,5,4,3,3,3,9,33.3,6,2,1,1,3,13,6,1,Matches,ENG-EPL,23-24
3e9e06cb,135,Craig Dawson,ENG,DF,Wolves,33,1990,24.5,30,20,23,6,1,22,34,64.7,12,51,39,12,16,46,120,1,Matches,ENG-EPL,23-24
e46012d4,136,Kevin De Bruyne,BEL,MF,Manchester City,32,1991,13.6,14,9,1,5,8,7,20,35.0,13,5,0,5,4,18,4,0,Matches,ENG-EPL,23-24
b737f944,137,Hannes Delcroix,BEL,DF,Burnley,24,1999,6.5,10,6,6,4,0,3,4,75.0,1,9,3,6,9,19,26,0,Matches,ENG-EPL,23-24
5a7301ae,138,Leander Dendoncker,BEL,MF,Aston Villa,28,1995,1.3,6,4,3,2,1,4,5,80.0,1,5,2,3,2,8,3,1,Matches,ENG-EPL,23-24
aeed5c06,139,Moussa Diaby,FRA,"FW,MF",Aston Villa,24,1999,24.2,12,5,5,4,3,4,22,18.2,18,8,1,7,9,21,6,0,Matches,ENG-EPL,23-24
9dc96f10,140,Amad Diallo,CIV,"FW,MF",Manchester Utd,21,2002,4.3,10,3,1,6,3,3,7,42.9,4,3,1,2,1,11,6,0,Matches,ENG-EPL,23-24
e31708b2,141,Amadou Diallo,ENG,MF,Newcastle Utd,20,2003,0.0,0,0,0,0,0,0,0,,0,0,0,0,0,0,0,0,Matches,ENG-EPL,23-24
31c69ef1,142,Rúben Dias,POR,DF,Manchester City,26,1997,28.4,39,20,14,21,4,19,26,73.1,7,32,17,15,30,69,77,0,Matches,ENG-EPL,23-24
4a1a9578,143,Luis Díaz,COL,FW,Liverpool,26,1997,29.2,35,25,5,17,13,7,30,23.3,23,15,0,15,3,38,8,0,Matches,ENG-EPL,23-24
ac861941,144,Eric Dier,ENG,DF,Tottenham,29,1994,2.2,2,1,2,0,0,2,2,100.0,0,3,3,0,2,4,12,0,Matches,ENG-EPL,23-24
1b84dbe1,145,Lucas Digne,FRA,DF,Aston Villa,30,1993,26.8,47,19,35,9,3,25,44,56.8,19,20,2,18,26,73,67,0,Matches,ENG-EPL,23-24
a712ca2b,146,Issa Diop,FRA,DF,Fulham,26,1997,15.8,30,16,23,5,2,15,20,75.0,5,28,19,9,17,47,80,1,Matches,ENG-EPL,23-24
ad82197c,147,Axel Disasi,FRA,DF,Chelsea,25,1998,28.7,33,19,20,10,3,23,30,76.7,7,26,19,7,18,51,102,2,Matches,ENG-EPL,23-24
733f1a7d,148,Ben Doak,SCO,FW,Liverpool,17,2005,0.2,0,0,0,0,0,0,0,,0,0,0,0,0,0,0,0,Matches,ENG-EPL,23-24
e814e1cf,149,Lewis Dobbin,ENG,MF,Everton,20,2003,2.6,9,7,3,5,1,5,9,55.6,4,5,1,4,1,10,0,0,Matches,ENG-EPL,23-24
d557d734,150,Matt Doherty,IRL,"DF,MF",Wolves,31,1992,12.8,31,18,17,10,4,12,23,52.2,11,15,5,10,7,38,47,0,Matches,ENG-EPL,23-24
fffea3e5,151,Jeremy Doku,BEL,"FW,MF",Manchester City,21,2002,17.7,39,22,13,12,14,9,20,45.0,11,14,0,14,9,48,5,0,Matches,ENG-EPL,23-24
20b3a502,152,Nicolás Domínguez,ARG,"MF,FW",Nott'ham Forest,25,1998,16.6,63,34,35,27,1,23,48,47.9,25,31,5,26,18,81,24,0,Matches,ENG-EPL,23-24
5e4d9b48,153,Jamie Donley,ENG,FW,Tottenham,18,2005,0.0,0,0,0,0,0,0,0,,0,0,0,0,0,0,3,0,Matches,ENG-EPL,23-24
02b29014,154,Abdoulaye Doucouré,MLI,"FW,MF",Everton,30,1993,29.2,43,27,20,14,9,18,46,39.1,28,23,3,20,15,58,19,0,Matches,ENG-EPL,23-24
ce4f40c7,155,Cheick Doucouré,MLI,MF,Crystal Palace,23,2000,10.2,34,17,15,13,6,18,30,60.0,12,13,2,11,20,54,12,0,Matches,ENG-EPL,23-24
bf33b257,156,Alfie Doughty,ENG,DF,Luton Town,23,1999,32.5,63,40,29,18,16,37,82,45.1,45,51,9,42,31,94,43,4,Matches,ENG-EPL,23-24
5526deb1,157,Tommy Doyle,ENG,MF,Wolves,21,2001,13.6,26,13,11,10,5,14,23,60.9,9,22,9,13,12,38,18,0,Matches,ENG-EPL,23-24
620922ed,158,Radu Drăgușin,ROU,DF,Tottenham,21,2002,4.8,5,3,5,0,0,3,3,100.0,0,5,4,1,8,13,19,0,Matches,ENG-EPL,23-24
3a949a25,159,Martin Dúbravka,SVK,GK,Newcastle Utd,34,1989,22.1,0,0,0,0,0,0,4,0.0,4,0,0,0,0,0,8,1,Matches,ENG-EPL,23-24
3fe6bd8c,160,Paul Dummett,WAL,DF,Newcastle Utd,31,1991,0.2,1,0,1,0,0,1,1,100.0,0,0,0,0,0,1,1,0,Matches,ENG-EPL,23-24
282f75f3,161,Lewis Dunk,ENG,DF,Brighton,31,1991,31.9,27,14,17,9,1,13,36,36.1,23,49,37,12,31,58,90,1,Matches,ENG-EPL,23-24
414184f7,162,Jhon Durán,COL,"FW,MF",Aston Villa,19,2003,5.3,6,5,3,1,2,1,6,16.7,5,6,0,6,1,7,10,0,Matches,ENG-EPL,23-24
123d2733,163,George Earthy,ENG,FW,West Ham,18,2004,0.4,0,0,0,0,0,0,1,0.0,1,0,0,0,1,1,0,0,Matches,ENG-EPL,23-24
3bb7b8b4,164,Ederson,BRA,GK,Manchester City,29,1993,30.9,0,0,0,0,0,0,1,0.0,1,0,0,0,0,0,10,1,Matches,ENG-EPL,23-24
0562b7f1,165,Odsonne Édouard,FRA,"FW,MF",Crystal Palace,25,1998,17.3,24,12,8,8,8,4,19,21.1,15,17,1,16,6,30,19,0,Matches,ENG-EPL,23-24
debe38a0,166,John Egan,IRL,DF,Sheffield Utd,30,1992,5.4,6,4,4,2,0,4,11,36.4,7,10,4,6,13,19,39,1,Matches,ENG-EPL,23-24
3d554589,167,Hjalmar Ekdal,SWE,DF,Burnley,24,1998,4.9,4,2,2,2,0,2,4,50.0,2,10,5,5,6,10,21,0,Matches,ENG-EPL,23-24
2fba6108,168,Anthony Elanga,SWE,"FW,MF",Nott'ham Forest,21,2002,27.0,33,19,20,6,7,17,36,47.2,19,22,2,20,8,41,20,1,Matches,ENG-EPL,23-24
b9e1436c,169,Harvey Elliott,ENG,"MF,FW",Liverpool,20,2003,15.0,27,17,8,14,5,10,31,32.3,21,27,0,27,6,33,7,0,Matches,ENG-EPL,23-24
47a34c4f,170,Mohamed Elneny,EGY,MF,Arsenal,31,1992,0.3,0,0,0,0,0,0,1,0.0,1,0,0,0,1,1,0,0,Matches,ENG-EPL,23-24
df8b52a5,171,Emerson,BRA,DF,Tottenham,24,1999,12.9,36,24,23,10,3,21,43,48.8,22,23,10,13,20,56,50,1,Matches,ENG-EPL,23-24
9cfbad36,172,Julio Enciso,PAR,"MF,FW",Brighton,19,2004,5.3,6,2,3,2,1,2,7,28.6,5,11,0,11,0,6,3,0,Matches,ENG-EPL,23-24
c149016b,173,Wataru Endo,JPN,MF,Liverpool,30,1993,19.1,48,28,11,31,6,20,61,32.8,41,24,2,22,20,68,31,3,Matches,ENG-EPL,23-24
980522ec,174,Christian Eriksen,DEN,MF,Manchester Utd,31,1992,12.7,18,13,5,10,3,12,33,36.4,21,17,6,11,4,22,13,0,Matches,ENG-EPL,23-24
1a066e69,175,Maxime Estève,FRA,DF,Burnley,21,2002,14.5,27,10,15,12,0,18,32,56.3,14,21,10,11,27,54,56,0,Matches,ENG-EPL,23-24
d38fdf53,176,Pervis Estupiñán,ECU,DF,Brighton,25,1998,13.8,26,13,12,11,3,14,30,46.7,16,14,4,10,21,47,20,0,Matches,ENG-EPL,23-24
f8fcd2a5,177,Jonny Evans,NIR,DF,Manchester Utd,35,1988,15.5,22,14,20,2,0,12,21,57.1,9,25,18,7,23,45,76,0,Matches,ENG-EPL,23-24
ae4fc6a4,178,Eberechi Eze,ENG,"MF,FW",Crystal Palace,25,1998,22.8,35,17,4,18,13,15,31,48.4,16,27,2,25,11,46,6,0,Matches,ENG-EPL,23-24
9328b835,179,Łukasz Fabiański,POL,GK,West Ham,38,1985,8.0,1,0,1,0,0,1,2,50.0,1,0,0,0,1,2,4,0,Matches,ENG-EPL,23-24
745ca0a3,180,Romain Faivre,FRA,"MF,FW",Bournemouth,25,1998,0.5,1,1,0,1,0,0,3,0.0,3,0,0,0,0,1,0,0,Matches,ENG-EPL,23-24
0ba976e4,181,Ansu Fati,ESP,"MF,FW",Brighton,20,2002,5.8,5,3,1,2,2,1,11,9.1,10,8,0,8,3,8,3,0,Matches,ENG-EPL,23-24
51a3c4c8,182,Felipe,BRA,DF,Nott'ham Forest,34,1989,4.2,12,9,9,3,0,9,12,75.0,3,4,1,3,4,16,12,0,Matches,ENG-EPL,23-24
4596da74,183,Evan Ferguson,IRL,FW,Brighton,18,2004,15.2,14,6,4,7,3,5,14,35.7,9,10,3,7,2,16,8,0,Matches,ENG-EPL,23-24
507c7bdf,184,Bruno Fernandes,POR,"MF,FW",Manchester Utd,28,1994,34.6,68,38,27,25,16,30,88,34.1,58,49,6,43,27,95,50,2,Matches,ENG-EPL,23-24
5ff4ab71,185,Enzo Fernández,ARG,MF,Chelsea,22,2001,24.5,50,22,22,18,10,27,65,41.5,38,36,13,23,17,67,28,0,Matches,ENG-EPL,23-24
b63e789d,186,John Fleck,SCO,"MF,DF",Sheffield Utd,31,1991,1.0,1,0,0,1,0,0,1,0.0,1,0,0,0,0,1,1,0,Matches,ENG-EPL,23-24
a92ab7be,187,Mark Flekken,NED,GK,Brentford,30,1993,36.5,1,1,1,0,0,1,5,20.0,4,1,0,1,0,1,17,1,Matches,ENG-EPL,23-24
ed1e53f3,188,Phil Foden,ENG,"FW,MF",Manchester City,23,2000,31.7,31,20,11,10,10,13,31,41.9,18,30,0,30,13,44,18,1,Matches,ENG-EPL,23-24
96cf7b61,189,Wes Foderingham,ENG,GK,Sheffield Utd,32,1991,29.4,5,3,5,0,0,5,6,83.3,1,0,0,0,0,5,18,6,Matches,ENG-EPL,23-24
82927de4,190,Pablo Fornals,ESP,"MF,FW",West Ham,27,1996,4.7,10,6,4,3,3,5,16,31.3,11,8,1,7,6,16,7,0,Matches,ENG-EPL,23-24
1b9728b0,191,Omari Forson,ENG,FW,Manchester Utd,19,2004,0.8,2,0,0,2,0,1,1,100.0,0,0,0,0,0,2,0,0,Matches,ENG-EPL,23-24
f84a807c,192,Lyle Foster,RSA,"FW,MF",Burnley,22,2000,21.1,19,10,5,6,8,6,17,35.3,11,13,3,10,3,22,34,0,Matches,ENG-EPL,23-24
077faf72,193,Matheus França,BRA,"MF,FW",Crystal Palace,19,2004,2.6,3,3,2,1,0,1,7,14.3,6,4,0,4,1,4,1,0,Matches,ENG-EPL,23-24
00b77ecf,194,Nathan Fraser,IRL,FW,Wolves,18,2005,2.1,5,2,2,1,2,1,3,33.3,2,2,1,1,1,6,2,0,Matches,ENG-EPL,23-24
1971591f,195,Cody Gakpo,NED,"FW,MF",Liverpool,24,1999,18.3,27,17,8,14,5,8,25,32.0,17,21,4,17,14,41,7,0,Matches,ENG-EPL,23-24
c2731c10,196,Conor Gallagher,ENG,MF,Chelsea,23,2000,34.8,85,52,37,31,17,33,77,42.9,44,50,11,39,43,128,34,0,Matches,ENG-EPL,23-24
72c812f3,197,Idrissa Gana Gueye,SEN,MF,Everton,33,1989,20.9,73,44,32,27,14,29,46,63.0,17,24,7,17,28,101,16,0,Matches,ENG-EPL,23-24
7aa8adfe,198,Alejandro Garnacho,ARG,FW,Manchester Utd,19,2004,28.5,22,15,7,6,9,12,45,26.7,33,26,2,24,18,40,18,0,Matches,ENG-EPL,23-24
4e015693,199,James Garner,ENG,MF,Everton,22,2001,33.4,83,44,32,38,13,35,82,42.7,47,45,14,31,45,128,47,1,Matches,ENG-EPL,23-24
f7b1d4e0,200,Saman Ghoddos,IRN,DF,Brentford,29,1993,8.2,28,19,19,7,2,17,31,54.8,14,9,2,7,5,33,12,0,Matches,ENG-EPL,23-24
32f60ed8,201,Morgan Gibbs-White,ENG,"MF,FW",Nott'ham Forest,23,2000,35.1,36,24,6,20,10,14,33,42.4,19,31,8,23,17,53,21,0,Matches,ENG-EPL,23-24
7b5ab7f2,202,Bryan Gil,ESP,"FW,MF",Tottenham,22,2001,2.3,1,0,0,0,1,1,4,25.0,3,3,0,3,3,4,4,0,Matches,ENG-EPL,23-24
d91f104d,203,Alfie Gilchrist,ENG,DF,Chelsea,19,2003,2.3,4,0,4,0,0,2,5,40.0,3,6,3,3,3,7,11,0,Matches,ENG-EPL,23-24
df10e27c,204,Billy Gilmour,SCO,MF,Brighton,22,2001,23.6,26,16,14,10,2,11,35,31.4,24,23,9,14,11,37,14,1,Matches,ENG-EPL,23-24
9f7c837d,205,Ben Godfrey,ENG,DF,Everton,25,1998,12.4,30,20,17,8,5,15,28,53.6,13,14,8,6,16,46,57,0,Matches,ENG-EPL,23-24
1961b2aa,206,André Gomes,POR,"MF,FW",Everton,30,1993,5.6,7,4,2,3,2,3,13,23.1,10,10,1,9,3,10,4,1,Matches,ENG-EPL,23-24
8b57ad2c,207,João Gomes,BRA,MF,Wolves,22,2001,29.4,128,74,67,49,12,44,99,44.4,55,51,8,43,18,146,29,2,Matches,ENG-EPL,23-24
f0caab96,208,Toti Gomes,POR,DF,Wolves,24,1999,30.8,44,25,32,8,4,24,37,64.9,13,40,19,21,26,70,93,2,Matches,ENG-EPL,23-24
7a11550b,209,Joe Gomez,ENG,DF,Liverpool,26,1997,19.8,47,31,24,16,7,30,63,47.6,33,26,4,22,19,66,50,2,Matches,ENG-EPL,23-24
01e5f06e,210,Sergio Gómez,ESP,"FW,MF",Manchester City,22,2000,0.6,1,0,0,1,0,1,2,50.0,1,0,0,0,1,2,0,0,Matches,ENG-EPL,23-24
7e5bebeb,211,Enso Gonzalez,PAR,"MF,DF",Wolves,18,2005,0.0,0,0,0,0,0,0,1,0.0,1,0,0,0,0,0,0,0,Matches,ENG-EPL,23-24
2bd83368,212,Anthony Gordon,ENG,FW,Newcastle Utd,22,2001,32.1,55,34,16,28,11,22,64,34.4,42,27,0,27,7,62,7,0,Matches,ENG-EPL,23-24
19a9cb70,213,Kaide Gordon,ENG,FW,Liverpool,18,2004,0.0,0,0,0,0,0,0,0,,0,0,0,0,0,0,0,0,Matches,ENG-EPL,23-24
861e9b3b,214,Daniel Gore,ENG,MF,Manchester Utd,18,2004,0.0,1,1,0,1,0,1,1,100.0,0,0,0,0,1,2,0,0,Matches,ENG-EPL,23-24
b8e740fb,215,Ryan Gravenberch,NED,MF,Liverpool,21,2002,12.5,26,12,5,13,8,12,29,41.4,17,20,2,18,14,40,11,0,Matches,ENG-EPL,23-24
3f034750,216,Ivo Grbić,CRO,GK,Sheffield Utd,27,1996,8.6,0,0,0,0,0,0,1,0.0,1,1,0,1,0,0,9,1,Matches,ENG-EPL,23-24
b0b4fd3e,217,Jack Grealish,ENG,"FW,MF",Manchester City,27,1995,11.2,13,8,6,7,0,6,12,50.0,6,13,2,11,6,19,5,0,Matches,ENG-EPL,23-24
8aec0537,218,Pascal Groß,GER,"MF,DF",Brighton,32,1991,34.6,70,46,33,21,16,31,72,43.1,41,41,8,33,22,92,32,3,Matches,ENG-EPL,23-24
d0706b27,219,Marc Guéhi,ENG,DF,Crystal Palace,23,2000,22.5,28,19,21,7,0,14,24,58.3,10,22,17,5,18,46,89,1,Matches,ENG-EPL,23-24
82518f62,220,Bruno Guimarães,BRA,MF,Newcastle Utd,25,1997,36.3,88,53,45,32,11,40,77,51.9,37,52,14,38,35,123,20,0,Matches,ENG-EPL,23-24
d56b9520,221,Malo Gusto,FRA,DF,Chelsea,20,2003,19.5,55,27,34,15,6,35,52,67.3,17,28,4,24,17,72,43,1,Matches,ENG-EPL,23-24
5ad50391,222,Joško Gvardiol,CRO,DF,Manchester City,21,2002,25.9,55,33,21,24,10,21,38,55.3,17,36,12,24,27,82,37,3,Matches,ENG-EPL,23-24
1f44ac21,223,Erling Haaland,NOR,FW,Manchester City,23,2000,28.4,6,3,0,3,3,2,3,66.7,1,11,1,10,2,8,16,0,Matches,ENG-EPL,23-24
a7588cdc,224,Antwoine Hackford,ENG,FW,Sheffield Utd,19,2004,0.1,0,0,0,0,0,0,0,,0,0,0,0,0,0,0,0,Matches,ENG-EPL,23-24
da011f18,225,Lewis Hall,ENG,DF,Newcastle Utd,18,2004,8.7,28,18,17,10,1,17,28,60.7,11,17,2,15,12,40,22,1,Matches,ENG-EPL,23-24
eebacc07,226,Gustavo Hamer,NED,MF,Sheffield Utd,26,1997,32.3,39,21,17,15,7,16,59,27.1,43,33,9,24,29,68,35,0,Matches,ENG-EPL,23-24
8c3078cd,227,Luke Harris,WAL,MF,Fulham,18,2005,0.8,1,1,1,0,0,0,1,0.0,1,0,0,0,0,1,0,0,Matches,ENG-EPL,23-24
aa849a12,228,Jack Harrison,ENG,"MF,FW",Everton,26,1996,24.6,37,22,12,12,13,17,49,34.7,32,25,5,20,12,49,24,0,Matches,ENG-EPL,23-24
10cb48b7,229,Daiki Hashioka,JPN,DF,Luton Town,24,1999,6.6,11,5,6,4,1,5,11,45.5,6,12,7,5,8,19,20,0,Matches,ENG-EPL,23-24
fed7cb61,230,Kai Havertz,GER,"MF,FW",Arsenal,24,1999,29.3,35,15,7,21,7,14,39,35.9,25,26,1,25,20,55,22,0,Matches,ENG-EPL,23-24
4fd08daa,231,Jan Paul van Hecke,NED,DF,Brighton,23,2000,26.3,47,26,25,19,3,27,45,60.0,18,49,27,22,30,77,76,4,Matches,ENG-EPL,23-24
169fd162,232,Hwang Hee-chan,KOR,"FW,MF",Wolves,27,1996,23.5,20,10,11,8,1,9,24,37.5,15,19,1,18,10,30,9,0,Matches,ENG-EPL,23-24
e5a76dfe,233,Dean Henderson,ENG,GK,Crystal Palace,26,1997,18.0,1,1,1,0,0,1,2,50.0,1,0,0,0,0,1,8,2,Matches,ENG-EPL,23-24
8a3c1dc7,234,Rico Henry,ENG,DF,Brentford,26,1997,4.5,7,5,3,3,1,6,7,85.7,1,8,3,5,5,12,5,1,Matches,ENG-EPL,23-24
92e7e919,235,Son Heung-min,KOR,FW,Tottenham,31,1992,32.6,21,13,6,7,8,10,21,47.6,11,4,1,3,8,29,4,0,Matches,ENG-EPL,23-24
1780bb4a,236,Aaron Hickey,SCO,DF,Brentford,21,2002,7.9,16,9,9,3,4,7,7,100.0,0,7,3,4,3,19,10,0,Matches,ENG-EPL,23-24
69942fb3,237,James Hill,ENG,DF,Bournemouth,21,2002,0.8,3,2,1,2,0,1,1,100.0,0,3,2,1,3,6,8,0,Matches,ENG-EPL,23-24
e98211e7,238,Jack Hinshelwood,ENG,DF,Brighton,18,2005,9.7,14,5,7,4,3,5,13,38.5,8,6,2,4,14,28,18,0,Matches,ENG-EPL,23-24
d0042ab9,239,Mason Holgate,ENG,DF,Sheffield Utd,26,1996,7.9,12,7,5,6,1,5,12,41.7,7,12,5,7,11,23,40,0,Matches,ENG-EPL,23-24
15f3ec41,240,Callum Hudson-Odoi,ENG,"FW,MF",Nott'ham Forest,22,2000,20.6,18,8,4,5,9,7,28,25.0,21,16,1,15,7,25,12,1,Matches,ENG-EPL,23-24
a0666d3e,241,Will Hughes,ENG,MF,Crystal Palace,28,1995,21.0,61,33,30,20,11,24,48,50.0,24,36,14,22,21,82,25,0,Matches,ENG-EPL,23-24
8b04d6c1,242,Pierre Højbjerg,DEN,MF,Tottenham,27,1995,14.6,32,18,13,17,2,13,34,38.2,21,21,7,14,19,51,30,3,Matches,ENG-EPL,23-24
491a433d,243,Rasmus Højlund,DEN,FW,Manchester Utd,20,2003,24.0,11,7,2,3,6,5,13,38.5,8,9,1,8,1,12,19,0,Matches,ENG-EPL,23-24
a4e85758,244,Igor,BRA,DF,Brighton,25,1998,18.2,25,18,7,16,2,17,29,58.6,12,22,9,13,14,39,52,1,Matches,ENG-EPL,23-24
07802f7f,245,Danny Ings,ENG,FW,West Ham,31,1992,4.5,6,2,0,6,0,4,13,30.8,9,4,1,3,3,9,7,0,Matches,ENG-EPL,23-24
84c5ceea,246,Tim Iroegbunam,ENG,MF,Aston Villa,20,2003,1.8,7,5,4,2,1,4,9,44.4,5,3,0,3,2,9,3,0,Matches,ENG-EPL,23-24
8e92be30,247,Alexander Isak,SWE,FW,Newcastle Utd,23,1999,25.1,5,0,2,1,2,2,8,25.0,6,16,1,15,6,11,13,0,Matches,ENG-EPL,23-24
6ca5ec4b,248,Alex Iwobi,NGA,MF,Everton,27,1996,1.6,2,0,1,0,1,2,3,66.7,1,2,0,2,1,3,0,0,Matches,ENG-EPL,23-24
6ca5ec4b,249,Alex Iwobi,NGA,"FW,MF",Fulham,27,1996,24.4,29,18,12,15,2,12,25,48.0,13,16,0,16,14,43,9,0,Matches,ENG-EPL,23-24
9c36ed83,250,Nicolas Jackson,SEN,FW,Chelsea,22,2001,31.1,21,13,5,8,8,5,24,20.8,19,20,5,15,4,25,17,0,Matches,ENG-EPL,23-24
1265a93a,251,Reece James,ENG,DF,Chelsea,23,1999,4.7,14,9,10,3,1,8,10,80.0,2,4,4,0,3,17,7,1,Matches,ENG-EPL,23-24
8449d35e,252,Vitaly Janelt,GER,"MF,DF",Brentford,25,1998,33.9,63,38,29,25,9,32,64,50.0,32,35,9,26,36,99,64,3,Matches,ENG-EPL,23-24
03edb878,253,Daniel Jebbison,ENG,FW,Sheffield Utd,19,2003,0.2,0,0,0,0,0,0,0,,0,1,0,1,0,0,0,0,Matches,ENG-EPL,23-24
0f134faf,254,Mathias Jensen,DEN,MF,Brentford,27,1996,24.5,54,32,25,22,7,26,95,27.4,69,41,6,35,23,77,25,1,Matches,ENG-EPL,23-24
b66315ae,255,Gabriel Jesus,BRA,FW,Arsenal,26,1997,16.4,24,17,11,5,8,5,18,27.8,13,23,1,22,13,37,12,0,Matches,ENG-EPL,23-24
b561db50,256,Raúl Jiménez,MEX,FW,Fulham,32,1991,15.5,18,12,4,8,6,7,20,35.0,13,11,3,8,4,22,13,0,Matches,ENG-EPL,23-24
e8832875,257,João Pedro,BRA,"FW,MF",Brighton,21,2001,22.7,31,14,10,13,8,14,24,58.3,10,15,2,13,11,42,28,0,Matches,ENG-EPL,23-24
c17bfb65,258,Joelinton,BRA,"MF,FW",Newcastle Utd,26,1996,14.2,39,27,21,15,3,14,38,36.8,24,23,7,16,19,58,11,1,Matches,ENG-EPL,23-24
73b1d65b,259,Ryan John Giles,ENG,"DF,MF",Luton Town,23,2000,5.6,8,6,4,3,1,2,7,28.6,5,2,0,2,4,12,22,0,Matches,ENG-EPL,23-24
9319781b,260,Ben Johnson,ENG,"DF,FW",West Ham,23,2000,6.0,11,7,7,3,1,9,14,64.3,5,2,1,1,5,16,14,0,Matches,ENG-EPL,23-24
0cd31129,261,Brennan Johnson,WAL,FW,Tottenham,22,2001,23.2,26,15,14,5,7,12,31,38.7,19,37,1,36,10,36,12,1,Matches,ENG-EPL,23-24
0cd31129,262,Brennan Johnson,WAL,"FW,MF",Nott'ham Forest,22,2001,2.6,4,1,1,1,2,2,4,50.0,2,4,1,3,0,4,0,0,Matches,ENG-EPL,23-24
d9e7c4da,263,Joseph Johnson,ENG,DF,Luton Town,17,2006,0.9,0,0,0,0,0,0,1,0.0,1,0,0,0,0,0,0,0,Matches,ENG-EPL,23-24
9e5708be,264,Sam Johnstone,ENG,GK,Crystal Palace,30,1993,20.0,1,0,1,0,0,1,1,100.0,0,0,0,0,1,2,5,0,Matches,ENG-EPL,23-24
4fb9c88f,265,Curtis Jones,ENG,MF,Liverpool,22,2001,13.0,27,14,12,12,3,10,23,43.5,13,22,0,22,7,34,8,0,Matches,ENG-EPL,23-24
45db685d,266,Jorginho,ITA,MF,Arsenal,31,1991,10.2,24,10,6,10,8,11,23,47.8,12,17,1,16,12,36,7,1,Matches,ENG-EPL,23-24
178ae8f8,267,Diogo Jota,POR,FW,Liverpool,26,1996,12.7,23,13,6,13,4,10,23,43.5,13,9,1,8,7,30,4,0,Matches,ENG-EPL,23-24
f098c03e,268,Mads Juel Andersen,DEN,DF,Luton Town,25,1997,4.4,6,5,4,2,0,4,4,100.0,0,9,6,3,8,14,29,0,Matches,ENG-EPL,23-24
570bb4b9,269,Hamed Junior Traorè,CIV,MF,Bournemouth,23,2000,0.5,1,0,1,0,0,1,3,33.3,2,3,0,3,0,1,0,0,Matches,ENG-EPL,23-24
0db5d2c8,270,Mathias Jørgensen,DEN,DF,Brentford,33,1990,12.1,17,12,15,1,1,11,19,57.9,8,9,5,4,12,29,40,0,Matches,ENG-EPL,23-24
c066d1a5,271,Issa Kaboré,BFA,DF,Luton Town,22,2001,19.2,52,28,23,21,8,24,45,53.3,21,22,11,11,16,68,56,2,Matches,ENG-EPL,23-24
15f24fe7,272,Sasa Kalajdzic,AUT,FW,Wolves,26,1997,1.8,6,2,3,2,1,1,2,50.0,1,3,0,3,1,7,6,0,Matches,ENG-EPL,23-24
cc77354e,273,Boubacar Kamara,FRA,MF,Aston Villa,23,1999,18.4,43,29,16,21,6,24,47,51.1,23,21,7,14,21,64,16,0,Matches,ENG-EPL,23-24
6a7353d7,274,Willy Kambwala,FRA,DF,Manchester Utd,18,2004,3.7,3,1,1,2,0,1,3,33.3,2,6,3,3,4,7,14,1,Matches,ENG-EPL,23-24
1caa93a5,275,Thomas Kaminski,BEL,GK,Luton Town,30,1992,37.8,2,1,2,0,0,2,6,33.3,4,1,0,1,0,2,14,2,Matches,ENG-EPL,23-24
32e7ce92,276,Loris Karius,GER,GK,Newcastle Utd,30,1993,1.0,0,0,0,0,0,0,0,,0,0,0,0,0,0,1,0,Matches,ENG-EPL,23-24
c5b7c315,277,Michael Keane,ENG,DF,Everton,30,1993,4.9,7,3,3,3,1,1,7,14.3,6,5,4,1,5,12,18,1,Matches,ENG-EPL,23-24
51dbeea9,278,Thilo Kehrer,GER,"DF,MF",West Ham,26,1996,0.2,1,1,0,1,0,0,0,,0,2,2,0,0,1,0,0,Matches,ENG-EPL,23-24
62d7ef38,279,Caoimhín Kelleher,IRL,GK,Liverpool,24,1998,10.0,0,0,0,0,0,0,0,,0,0,0,0,0,0,4,1,Matches,ENG-EPL,23-24
f31def1e,280,Lloyd Kelly,ENG,DF,Bournemouth,24,1998,17.3,24,19,10,9,5,14,25,56.0,11,22,12,10,13,37,67,0,Matches,ENG-EPL,23-24
aa888da7,281,Omari Kellyman,ENG,FW,Aston Villa,17,2005,0.4,1,0,0,1,0,1,2,50.0,1,0,0,0,0,1,0,0,Matches,ENG-EPL,23-24
0ad53bdc,282,Milos Kerkez,HUN,DF,Bournemouth,19,2003,21.9,47,26,31,13,3,30,42,71.4,12,31,11,20,20,67,60,2,Matches,ENG-EPL,23-24
9b066938,283,Kaine Kesler-Hayden,ENG,"MF,DF",Aston Villa,20,2002,0.1,0,0,0,0,0,0,0,,0,0,0,0,0,0,0,0,Matches,ENG-EPL,23-24
d0f72bf1,284,Max Kilman,ENG,DF,Wolves,26,1997,38.0,47,21,40,6,1,24,32,75.0,8,64,37,27,39,86,182,4,Matches,ENG-EPL,23-24
dc3e663e,285,Jakub Kiwior,POL,DF,Arsenal,23,2000,10.5,20,12,11,8,1,14,19,73.7,5,11,3,8,8,28,28,1,Matches,ENG-EPL,23-24
4c3a6744,286,Justin Kluivert,NED,"MF,FW",Bournemouth,24,1999,21.3,28,14,5,12,11,8,30,26.7,22,16,1,15,8,36,11,0,Matches,ENG-EPL,23-24
fc076f78,287,Luca Koleosho,ITA,"MF,FW",Burnley,18,2004,10.8,7,4,2,5,0,2,10,20.0,8,13,0,13,2,9,0,0,Matches,ENG-EPL,23-24
5ed9b537,288,Ibrahima Konaté,FRA,DF,Liverpool,24,1999,17.5,36,22,22,13,1,18,24,75.0,6,18,12,6,20,56,51,1,Matches,ENG-EPL,23-24
0313a347,289,Ezri Konsa,ENG,DF,Aston Villa,25,1997,34.1,54,32,28,23,3,23,27,85.2,4,36,20,16,28,82,73,3,Matches,ENG-EPL,23-24
8d3c902d,290,Cheikhou Kouyaté,SEN,MF,Nott'ham Forest,33,1989,2.4,8,5,3,3,2,1,4,25.0,3,4,1,3,2,10,10,0,Matches,ENG-EPL,23-24
79c0821a,291,Mateo Kovačić,CRO,MF,Manchester City,29,1994,17.2,36,25,16,15,5,18,28,64.3,10,23,1,22,10,46,10,0,Matches,ENG-EPL,23-24
77cf6852,292,Emil Krafth,SWE,DF,Newcastle Utd,28,1994,10.1,21,14,10,7,4,12,25,48.0,13,8,3,5,9,30,21,0,Matches,ENG-EPL,23-24
b62878a5,293,Mohammed Kudus,GHA,"FW,MF",West Ham,22,2000,27.6,65,47,27,27,11,20,40,50.0,20,25,0,25,11,76,9,1,Matches,ENG-EPL,23-24
df3cda47,294,Dejan Kulusevski,SWE,"FW,MF",Tottenham,23,2000,30.7,62,33,19,20,23,25,67,37.3,42,24,1,23,18,80,2,1,Matches,ENG-EPL,23-24
99813635,295,Adam Lallana,ENG,"MF,FW",Brighton,35,1988,9.4,8,3,4,4,0,0,4,0.0,4,2,1,1,3,11,1,0,Matches,ENG-EPL,23-24
f4e433d4,296,Tariq Lamptey,GHA,"DF,FW",Brighton,22,2000,10.2,21,14,14,5,2,13,22,59.1,9,7,3,4,6,27,6,0,Matches,ENG-EPL,23-24
119b9a8e,297,Aymeric Laporte,ESP,DF,Manchester City,29,1994,0.1,0,0,0,0,0,0,0,,0,1,1,0,0,0,1,0,Matches,ENG-EPL,23-24
0ed063d6,298,Yasser Larouci,ALG,DF,Sheffield Utd,22,2001,5.9,17,9,10,5,2,10,14,71.4,4,6,1,5,7,24,20,1,Matches,ENG-EPL,23-24
450ab6fc,299,Jamaal Lascelles,ENG,DF,Newcastle Utd,29,1993,12.0,14,9,7,7,0,6,11,54.5,5,17,12,5,5,19,42,0,Matches,ENG-EPL,23-24
ecad9aa5,300,Roméo Lavia,BEL,MF,Chelsea,19,2004,0.4,1,0,0,1,0,0,0,,0,0,0,0,0,1,1,0,Matches,ENG-EPL,23-24
2b471f99,301,Mario Lemina,GAB,MF,Wolves,29,1993,33.0,90,58,46,33,11,25,47,53.2,22,36,9,27,41,131,64,0,Matches,ENG-EPL,23-24
4f28a6ff,302,Clément Lenglet,FRA,DF,Aston Villa,28,1995,12.8,13,9,7,5,1,7,13,53.8,6,19,11,8,7,20,47,1,Matches,ENG-EPL,23-24
2628fd2b,303,Bernd Leno,GER,GK,Fulham,31,1992,38.0,0,0,0,0,0,0,0,,0,0,0,0,0,0,14,1,Matches,ENG-EPL,23-24
9b5ce51a,304,Jefferson Lerma,COL,"MF,DF",Crystal Palace,28,1994,26.7,42,25,15,23,4,19,40,47.5,21,31,12,19,36,78,72,0,Matches,ENG-EPL,23-24
b57e066e,305,Rico Lewis,ENG,"DF,MF",Manchester City,18,2004,9.0,10,7,4,4,2,3,7,42.9,4,7,1,6,4,14,6,0,Matches,ENG-EPL,23-24
41f08ac8,306,Keane Lewis-Potter,ENG,"FW,DF",Brentford,22,2001,16.0,17,7,5,11,1,7,15,46.7,8,10,2,8,7,24,23,0,Matches,ENG-EPL,23-24
f5deef4c,307,Victor Lindelöf,SWE,DF,Manchester Utd,29,1994,14.8,15,10,8,7,0,5,13,38.5,8,18,9,9,12,27,40,1,Matches,ENG-EPL,23-24
afed6722,308,Valentino Livramento,ENG,DF,Newcastle Utd,20,2002,14.6,23,13,15,6,2,10,21,47.6,11,16,7,9,25,48,41,1,Matches,ENG-EPL,23-24
d7553721,309,Giovani Lo Celso,ARG,MF,Tottenham,27,1996,5.6,22,13,10,8,4,9,14,64.3,5,4,1,3,5,27,2,0,Matches,ENG-EPL,23-24
37118440,310,Tom Lockyer,WAL,DF,Luton Town,28,1994,13.0,25,16,17,6,2,15,22,68.2,7,23,13,10,23,48,68,0,Matches,ENG-EPL,23-24
a2b105e0,311,Sean Longstaff,ENG,MF,Newcastle Utd,25,1997,30.5,54,30,17,29,8,24,63,38.1,39,43,7,36,17,71,23,0,Matches,ENG-EPL,23-24
7af88b33,312,Max Lowe,ENG,"DF,MF",Sheffield Utd,26,1997,5.6,21,10,13,5,3,8,15,53.3,7,10,4,6,5,26,15,0,Matches,ENG-EPL,23-24
6f7d826d,313,Douglas Luiz,BRA,MF,Aston Villa,25,1998,33.3,58,38,21,27,10,25,53,47.2,28,32,8,24,23,81,18,2,Matches,ENG-EPL,23-24
c6e8cf1f,314,Saša Lukić,SRB,MF,Fulham,26,1996,12.5,33,19,9,17,7,18,39,46.2,21,18,5,13,16,49,19,1,Matches,ENG-EPL,23-24
cab9634e,315,Ian Maatsen,NED,"FW,MF",Chelsea,21,2002,2.3,3,2,1,1,1,0,4,0.0,4,4,0,4,3,6,10,0,Matches,ENG-EPL,23-24
83d074ff,316,Alexis Mac Allister,ARG,MF,Liverpool,24,1998,28.9,99,55,35,50,14,59,125,47.2,66,65,8,57,35,134,25,1,Matches,ENG-EPL,23-24
ee38d9c5,317,James Maddison,ENG,MF,Tottenham,26,1996,23.7,33,19,5,18,10,15,29,51.7,14,15,3,12,13,46,10,1,Matches,ENG-EPL,23-24
bf34eebd,318,Noni Madueke,ENG,FW,Chelsea,21,2002,11.7,16,10,8,4,4,11,34,32.4,23,11,0,11,4,20,14,0,Matches,ENG-EPL,23-24
67ac5bb8,319,Gabriel Magalhães,BRA,DF,Arsenal,25,1997,33.8,48,28,24,22,2,17,22,77.3,5,44,33,11,31,79,100,1,Matches,ENG-EPL,23-24
d8931174,320,Harry Maguire,ENG,DF,Manchester Utd,30,1993,18.4,24,17,14,10,0,12,22,54.5,10,33,24,9,25,49,83,1,Matches,ENG-EPL,23-24
c6220452,321,Kobbie Mainoo,ENG,MF,Manchester Utd,18,2005,21.4,47,27,20,16,11,21,45,46.7,24,20,12,8,22,69,30,1,Matches,ENG-EPL,23-24
a572e291,322,Orel Mangala,BEL,MF,Nott'ham Forest,25,1998,17.4,27,13,16,10,1,14,29,48.3,15,12,6,6,26,53,32,0,Matches,ENG-EPL,23-24
d7f99582,323,Benson Manuel,ANG,"MF,FW",Burnley,26,1997,1.3,3,2,2,1,0,0,0,,0,1,0,1,0,3,0,0,Matches,ENG-EPL,23-24
bb5fbd2b,324,Solly March,ENG,"FW,DF",Brighton,29,1994,6.2,19,14,9,7,3,8,14,57.1,6,5,0,5,11,30,8,0,Matches,ENG-EPL,23-24
8b788c01,325,Anthony Martial,FRA,FW,Manchester Utd,27,1995,5.0,4,1,1,1,2,1,1,100.0,0,4,0,4,0,4,3,0,Matches,ENG-EPL,23-24
48a5a5d6,326,Gabriel Martinelli,BRA,FW,Arsenal,22,2001,22.4,30,24,9,12,9,13,32,40.6,19,23,1,22,5,35,9,1,Matches,ENG-EPL,23-24
7956236f,327,Emiliano Martínez,ARG,GK,Aston Villa,30,1992,33.5,0,0,0,0,0,0,0,,0,0,0,0,0,0,12,3,Matches,ENG-EPL,23-24
bac46a10,328,Lisandro Martínez,ARG,DF,Manchester Utd,25,1998,7.2,12,8,8,4,0,5,12,41.7,7,10,8,2,5,17,26,0,Matches,ENG-EPL,23-24
eba1e557,329,Han-Noah Massengo,FRA,"MF,DF",Burnley,22,2001,0.2,1,1,1,0,0,0,0,,0,1,0,1,0,1,0,0,Matches,ENG-EPL,23-24
feb5d972,330,Pape Matar Sarr,SEN,MF,Tottenham,20,2002,23.0,34,24,11,17,6,15,36,41.7,21,21,5,16,31,65,28,1,Matches,ENG-EPL,23-24
50e6dc35,331,Jean-Philippe Mateta,FRA,FW,Crystal Palace,26,1997,25.4,22,15,4,11,7,6,10,60.0,4,13,4,9,4,26,14,0,Matches,ENG-EPL,23-24
b217ef29,332,Joël Matip,CMR,DF,Liverpool,31,1991,8.7,12,6,7,4,1,8,12,66.7,4,16,12,4,9,21,43,0,Matches,ENG-EPL,23-24
ed383e43,333,Alex Matos,ENG,MF,Chelsea,18,2004,0.0,0,0,0,0,0,0,0,,0,0,0,0,0,0,0,0,Matches,ENG-EPL,23-24
27f4f772,334,Remi Matthews,ENG,GK,Crystal Palace,29,1994,0.0,0,0,0,0,0,0,0,,0,0,0,0,0,0,1,0,Matches,ENG-EPL,23-24
4bcf39f6,335,Neal Maupay,FRA,FW,Brentford,26,1996,14.7,10,7,4,5,1,3,13,23.1,10,11,0,11,2,12,3,0,Matches,ENG-EPL,23-24
4bcf39f6,336,Neal Maupay,FRA,FW,Everton,26,1996,1.2,0,0,0,0,0,0,1,0.0,1,2,0,2,0,0,1,0,Matches,ENG-EPL,23-24
00963611,337,Konstantinos Mavropanos,GRE,DF,West Ham,25,1997,16.7,28,16,17,9,2,17,21,81.0,4,21,13,8,23,51,79,3,Matches,ENG-EPL,23-24
6afaebf2,338,Bryan Mbeumo,CMR,FW,Brentford,23,1999,21.8,15,10,6,6,3,5,19,26.3,14,26,2,24,7,22,13,0,Matches,ENG-EPL,23-24
96593e89,339,James Mcatee,ENG,"MF,FW",Sheffield Utd,20,2002,20.2,32,21,9,13,10,13,33,39.4,20,20,0,20,11,43,18,0,Matches,ENG-EPL,23-24
96593e89,340,James Mcatee,ENG,MF,Manchester City,20,2002,0.0,0,0,0,0,0,0,0,,0,1,0,1,0,0,0,0,Matches,ENG-EPL,23-24
78b8ac63,341,Oliver McBurnie,SCO,FW,Sheffield Utd,27,1996,14.2,17,7,4,7,6,5,12,41.7,7,18,2,16,5,22,28,0,Matches,ENG-EPL,23-24
bf973eeb,342,James McConnell,ENG,MF,Liverpool,18,2004,0.0,0,0,0,0,0,0,0,,0,1,0,1,1,1,0,0,Matches,ENG-EPL,23-24
90f91999,343,John McGinn,SCO,"MF,FW",Aston Villa,28,1994,33.3,59,35,18,34,7,32,77,41.6,45,33,4,29,21,80,21,0,Matches,ENG-EPL,23-24
4e5a4cbc,344,Scott McKenna,SCO,DF,Nott'ham Forest,26,1996,4.6,4,0,3,1,0,2,3,66.7,1,6,4,2,5,9,27,0,Matches,ENG-EPL,23-24
fc15fb84,345,Dwight McNeil,ENG,"MF,FW",Everton,23,1999,32.1,44,27,16,14,14,24,55,43.6,31,44,7,37,22,66,37,0,Matches,ENG-EPL,23-24
d93c2511,346,Scott McTominay,SCO,"MF,FW",Manchester Utd,26,1996,21.1,49,25,23,24,2,22,33,66.7,11,34,12,22,14,63,54,0,Matches,ENG-EPL,23-24
8df7a2fb,347,Ben Mee,ENG,DF,Brentford,33,1989,14.1,26,15,12,12,2,17,22,77.3,5,21,13,8,13,39,63,1,Matches,ENG-EPL,23-24
ca22ccb0,348,Hannibal Mejbri,TUN,"MF,FW",Manchester Utd,20,2003,1.5,3,3,1,2,0,1,3,33.3,2,1,1,0,0,3,0,0,Matches,ENG-EPL,23-24
91748070,349,Teden Mengi,ENG,DF,Luton Town,21,2002,27.4,54,22,33,20,1,19,30,63.3,11,39,27,12,57,111,140,1,Matches,ENG-EPL,23-24
fed96827,350,Chris Mepham,WAL,DF,Bournemouth,25,1997,6.9,12,11,9,3,0,9,14,64.3,5,13,6,7,7,19,30,1,Matches,ENG-EPL,23-24
2c6835e5,351,Lewis Miley,ENG,MF,Newcastle Utd,17,2006,13.4,33,21,6,20,7,15,32,46.9,17,20,3,17,8,41,18,2,Matches,ENG-EPL,23-24
2f90f6b8,352,James Milner,ENG,"DF,MF",Brighton,37,1986,8.6,20,14,9,10,1,9,14,64.3,5,9,0,9,8,28,16,0,Matches,ENG-EPL,23-24
8397a50c,353,Tyrone Mings,ENG,DF,Aston Villa,30,1993,0.3,0,0,0,0,0,0,0,,0,0,0,0,1,1,1,0,Matches,ENG-EPL,23-24
5cbd1eb0,354,Tyrick Mitchell,ENG,"DF,MF",Crystal Palace,23,1999,35.6,105,60,75,21,9,43,60,71.7,17,63,10,53,26,131,104,0,Matches,ENG-EPL,23-24
74618572,355,Kaoru Mitoma,JPN,FW,Brighton,26,1997,16.5,13,6,3,7,3,5,19,26.3,14,15,1,14,5,18,12,0,Matches,ENG-EPL,23-24
3925dbd6,356,Aleksandar Mitrović,SRB,FW,Fulham,28,1994,0.4,0,0,0,0,0,0,0,,0,0,0,0,0,0,0,0,Matches,ENG-EPL,23-24
f230bc30,357,Jakub Moder,POL,"MF,DF",Brighton,24,1999,6.9,19,10,9,5,5,9,18,50.0,9,8,2,6,2,21,12,0,Matches,ENG-EPL,23-24
374d5158,358,Gonzalo Montiel,ARG,DF,Nott'ham Forest,26,1997,8.9,22,19,12,8,2,16,29,55.2,13,8,3,5,9,31,31,1,Matches,ENG-EPL,23-24
01ce9e70,359,Kieffer Moore,WAL,"FW,MF",Bournemouth,30,1992,1.2,0,0,0,0,0,0,0,,0,0,0,0,0,0,0,0,Matches,ENG-EPL,23-24
00953a9d,360,Mikey Moore,ENG,MF,Tottenham,15,2007,0.0,0,0,0,0,0,0,0,,0,0,0,0,0,0,1,0,Matches,ENG-EPL,23-24
16e9d0ea,361,Álex Moreno,ESP,DF,Aston Villa,30,1993,11.5,18,12,18,0,0,12,19,63.2,7,11,2,9,13,31,37,0,Matches,ENG-EPL,23-24
2da834f1,362,Carlton Morris,ENG,"FW,MF",Luton Town,27,1995,31.8,15,8,4,6,5,9,15,60.0,6,24,5,19,1,16,53,0,Matches,ENG-EPL,23-24
9674002f,363,Mason Mount,ENG,"MF,FW",Manchester Utd,24,1999,5.7,22,14,6,10,6,6,16,37.5,10,6,1,5,6,28,3,0,Matches,ENG-EPL,23-24
92868cb5,364,Divin Mubama,ENG,FW,West Ham,18,2004,0.9,0,0,0,0,0,0,0,,0,0,0,0,0,0,0,0,Matches,ENG-EPL,23-24
049a888d,365,Mykhailo Mudryk,UKR,FW,Chelsea,22,2001,17.5,21,12,9,7,5,10,32,31.3,22,14,1,13,9,30,9,0,Matches,ENG-EPL,23-24
a755db8c,366,Rodrigo Muniz,BRA,FW,Fulham,22,2001,17.7,7,3,1,5,1,1,6,16.7,5,9,3,6,6,13,20,0,Matches,ENG-EPL,23-24
778ef829,367,Daniel Muñoz,COL,"DF,MF",Crystal Palace,27,1996,16.0,55,35,31,14,10,19,38,50.0,19,29,7,22,24,79,47,0,Matches,ENG-EPL,23-24
36625c27,368,Finley Munroe,ENG,MF,Aston Villa,18,2005,0.0,0,0,0,0,0,0,0,,0,0,0,0,0,0,0,0,Matches,ENG-EPL,23-24
99aa1a84,369,Arijanet Muric,KVX,GK,Burnley,24,1998,10.0,1,1,1,0,0,1,1,100.0,0,0,0,0,0,1,10,4,Matches,ENG-EPL,23-24
1704b0b8,370,Murillo,BRA,DF,Nott'ham Forest,21,2002,31.0,50,31,36,13,1,19,33,57.6,14,41,24,17,37,87,188,0,Matches,ENG-EPL,23-24
f1c42eb3,371,Alex Murphy,IRL,"DF,FW",Newcastle Utd,19,2004,0.1,1,1,0,1,0,1,2,50.0,1,1,0,1,1,2,0,0,Matches,ENG-EPL,23-24
de112b84,372,Jacob Murphy,ENG,"FW,DF",Newcastle Utd,28,1995,13.2,20,10,8,4,8,12,26,46.2,14,17,0,17,6,26,16,0,Matches,ENG-EPL,23-24
30d4a2e5,373,Vitaliy Mykolenko,UKR,DF,Everton,24,1999,27.4,69,38,46,21,2,41,66,62.1,25,36,11,25,36,105,92,0,Matches,ENG-EPL,23-24
de5b5570,374,Marvelous Nakamba,ZIM,MF,Luton Town,29,1994,12.6,40,24,24,14,2,24,42,57.1,18,23,6,17,11,51,11,1,Matches,ENG-EPL,23-24
8aff2b51,375,Michael Ndiweni,ENG,FW,Newcastle Utd,19,2003,0.0,0,0,0,0,0,0,0,,0,0,0,0,0,0,0,0,Matches,ENG-EPL,23-24
c5bdb6e3,376,Reiss Nelson,ENG,FW,Arsenal,23,1999,3.0,9,6,5,1,3,8,10,80.0,2,5,1,4,1,10,5,0,Matches,ENG-EPL,23-24
de0abf23,377,Zack Nelson,ENG,"MF,DF",Luton Town,18,2004,0.1,1,0,1,0,0,0,0,,0,0,0,0,0,1,0,0,Matches,ENG-EPL,23-24
a9dc785c,378,Neto,BRA,GK,Bournemouth,34,1989,32.0,0,0,0,0,0,0,0,,0,1,0,1,1,1,12,3,Matches,ENG-EPL,23-24
7ba2eaa9,379,Pedro Neto,POR,"FW,MF",Wolves,23,2000,16.8,7,3,3,2,2,5,15,33.3,10,5,1,4,5,12,2,0,Matches,ENG-EPL,23-24
00242715,380,Moussa Niakhate,SEN,DF,Nott'ham Forest,27,1996,16.2,42,25,33,9,0,20,25,80.0,5,19,12,7,14,56,51,0,Matches,ENG-EPL,23-24
a53649b7,381,Eddie Nketiah,ENG,FW,Arsenal,24,1999,12.0,12,7,2,6,4,2,7,28.6,5,11,0,11,4,16,4,0,Matches,ENG-EPL,23-24
7c56da38,382,Christopher Nkunku,FRA,"FW,MF",Chelsea,25,1997,4.9,5,4,0,4,1,1,2,50.0,1,4,1,3,2,7,4,0,Matches,ENG-EPL,23-24
ca76b087,383,Rhys Norrington-Davies,WAL,DF,Sheffield Utd,24,1999,1.2,1,1,1,0,0,0,1,0.0,1,2,0,2,1,2,2,0,Matches,ENG-EPL,23-24
43439614,384,Oliver Norwood,NIR,MF,Sheffield Utd,32,1991,16.0,41,26,18,18,5,20,47,42.6,27,24,9,15,21,62,39,0,Matches,ENG-EPL,23-24
e6af02e0,385,Matheus Nunes,POR,MF,Wolves,24,1998,2.0,3,1,3,0,0,2,6,33.3,4,0,0,0,6,9,1,0,Matches,ENG-EPL,23-24
e6af02e0,386,Matheus Nunes,POR,MF,Manchester City,24,1998,7.3,10,4,1,7,2,5,16,31.3,11,7,1,6,1,11,8,1,Matches,ENG-EPL,23-24
4d77b365,387,Darwin Núñez,URU,FW,Liverpool,24,1999,22.7,22,12,2,10,10,11,23,47.8,12,18,6,12,3,25,9,0,Matches,ENG-EPL,23-24
7f94982c,388,Ethan Nwaneri,ENG,FW,Arsenal,16,2007,0.2,0,0,0,0,0,0,0,,0,1,0,1,0,0,0,0,Matches,ENG-EPL,23-24
df0a4c90,389,Christian Nørgaard,DEN,MF,Brentford,29,1994,27.8,81,50,42,31,8,32,87,36.8,55,48,6,42,54,135,50,0,Matches,ENG-EPL,23-24
a3afdd69,390,Mark O'Mahony,IRL,FW,Brighton,18,2005,0.7,1,0,1,0,0,1,2,50.0,1,2,1,1,0,1,1,0,Matches,ENG-EPL,23-24
1d042188,391,Dara O'Shea,IRL,DF,Burnley,24,1999,32.1,39,20,22,14,3,11,26,42.3,15,41,30,11,35,74,158,2,Matches,ENG-EPL,23-24
caa1a7f0,392,Michael Obafemi,IRL,"FW,MF",Burnley,23,2000,0.2,0,0,0,0,0,0,0,,0,1,0,1,0,0,0,0,Matches,ENG-EPL,23-24
35516eac,393,Wilson Odobert,FRA,"MF,FW",Burnley,18,2004,23.3,17,13,8,5,4,6,22,27.3,16,26,2,24,6,23,14,0,Matches,ENG-EPL,23-24
65c3efa2,394,Odeluga Offiah,ENG,DF,Brighton,20,2002,1.4,1,0,1,0,0,1,1,100.0,0,0,0,0,1,2,0,0,Matches,ENG-EPL,23-24
788c0277,395,Chiedozie Ogbene,IRL,"MF,DF",Luton Town,26,1997,22.2,17,10,10,7,0,12,22,54.5,10,14,3,11,7,24,34,2,Matches,ENG-EPL,23-24
74b2cd7e,396,Angelo Ogbonna,ITA,DF,West Ham,35,1988,7.1,11,5,9,2,0,6,7,85.7,1,13,10,3,3,14,29,0,Matches,ENG-EPL,23-24
cdd70dc0,397,Michael Olakigbe,ENG,"DF,FW",Brentford,19,2004,0.7,3,0,2,1,0,2,4,50.0,2,7,0,7,1,4,0,1,Matches,ENG-EPL,23-24
c4486bac,398,Michael Olise,FRA,"FW,MF",Crystal Palace,21,2001,14.2,19,10,7,10,2,8,24,33.3,16,21,0,21,11,30,9,0,Matches,ENG-EPL,23-24
e7ee38c3,399,Robin Olsen,SWE,GK,Aston Villa,33,1990,4.5,0,0,0,0,0,0,0,,0,0,0,0,0,0,1,0,Matches,ENG-EPL,23-24
c393a6c4,400,Andrew Omobamidele,IRL,DF,Nott'ham Forest,21,2002,8.7,10,3,9,1,0,5,8,62.5,3,12,8,4,13,23,42,1,Matches,ENG-EPL,23-24
828657ff,401,Amadou Onana,BEL,MF,Everton,21,2001,23.2,71,38,32,31,8,21,42,50.0,21,25,6,19,21,92,31,0,Matches,ENG-EPL,23-24
e9c0c1b2,402,André Onana,CMR,GK,Manchester Utd,27,1996,38.0,2,0,2,0,0,2,2,100.0,0,0,0,0,0,2,11,2,Matches,ENG-EPL,23-24
d4aa4582,403,Ryan One,SCO,FW,Sheffield Utd,17,2006,0.1,0,0,0,0,0,0,0,,0,0,0,0,0,0,0,0,Matches,ENG-EPL,23-24
d86a1f3e,404,Tyler Onyango,ENG,MF,Everton,20,2003,0.0,0,0,0,0,0,0,0,,0,0,0,0,0,0,0,0,Matches,ENG-EPL,23-24
387d06b2,405,Fred Onyedinma,ENG,"DF,MF",Luton Town,26,1996,4.5,10,6,7,3,0,5,12,41.7,7,3,0,3,1,11,13,0,Matches,ENG-EPL,23-24
2944f86f,406,Frank Onyeka,NGA,MF,Brentford,25,1998,12.9,37,24,9,23,5,16,29,55.2,13,15,7,8,23,60,17,0,Matches,ENG-EPL,23-24
43a166b4,407,Divock Origi,BEL,FW,Nott'ham Forest,28,1995,6.7,6,4,5,0,1,0,0,,0,6,0,6,2,8,4,0,Matches,ENG-EPL,23-24
c1242d4e,408,Stefan Ortega,GER,GK,Manchester City,30,1992,7.1,0,0,0,0,0,0,0,,0,0,0,0,0,0,2,1,Matches,ENG-EPL,23-24
79bc4c45,409,Ben Osborn,ENG,"DF,MF",Sheffield Utd,28,1994,15.2,22,9,11,9,2,8,17,47.1,9,18,2,16,8,30,30,0,Matches,ENG-EPL,23-24
cd889153,410,Gabriel Osho,NGA,DF,Luton Town,24,1998,20.5,41,22,21,19,1,16,27,59.3,11,37,20,17,31,72,92,0,Matches,ENG-EPL,23-24
7b355808,411,William Osula,DEN,FW,Sheffield Utd,19,2003,8.7,2,2,1,0,1,1,2,50.0,1,3,1,2,2,4,9,0,Matches,ENG-EPL,23-24
2f9e4435,412,Dango Ouattara,BFA,"FW,DF",Bournemouth,21,2002,13.7,45,27,22,11,12,19,34,55.9,15,18,3,15,22,67,35,0,Matches,ENG-EPL,23-24
d00d45ab,413,David Ozoh,ENG,"MF,DF",Crystal Palace,18,2005,1.7,10,6,3,6,1,5,6,83.3,1,2,0,2,0,10,2,0,Matches,ENG-EPL,23-24
a78ff07f,414,João Palhinha,POR,MF,Fulham,28,1995,30.0,152,75,80,60,12,103,152,67.8,49,57,9,48,46,198,58,0,Matches,ENG-EPL,23-24
dc7f8a28,415,Cole Palmer,ENG,"FW,MF",Chelsea,21,2002,29.0,23,12,9,6,8,8,19,42.1,11,20,2,18,20,43,13,2,Matches,ENG-EPL,23-24
dc7f8a28,416,Cole Palmer,ENG,MF,Manchester City,21,2002,0.1,0,0,0,0,0,0,0,,0,0,0,0,0,0,0,0,Matches,ENG-EPL,23-24
e0bc6fdc,417,Emerson Palmieri,ITA,DF,West Ham,28,1994,34.9,106,68,48,42,16,57,90,63.3,33,47,15,32,43,149,96,0,Matches,ENG-EPL,23-24
9b6f7fd5,418,Lucas Paquetá,BRA,"FW,MF",West Ham,25,1997,29.1,71,48,38,26,7,25,52,48.1,27,28,1,27,21,92,28,2,Matches,ENG-EPL,23-24
32163807,419,Ben Parkinson,ENG,FW,Newcastle Utd,18,2005,0.3,0,0,0,0,0,0,0,,0,1,0,1,0,0,1,0,Matches,ENG-EPL,23-24
529f49ab,420,Thomas Partey,GHA,"MF,DF",Arsenal,30,1993,8.8,14,11,9,4,1,5,10,50.0,5,9,3,6,11,25,9,0,Matches,ENG-EPL,23-24
230f0471,421,Nathan Patterson,SCO,DF,Everton,21,2001,11.2,34,24,21,11,2,14,37,37.8,23,14,3,11,9,43,33,0,Matches,ENG-EPL,23-24
ea1a5662,422,Myles Peart-Harris,ENG,"DF,MF",Brentford,20,2002,0.1,0,0,0,0,0,0,0,,0,0,0,0,0,0,1,0,Matches,ENG-EPL,23-24
767d9605,423,Sydie Peck,ENG,MF,Sheffield Utd,18,2004,0.1,0,0,0,0,0,0,0,,0,0,0,0,0,0,0,0,Matches,ENG-EPL,23-24
ac7e7b1c,424,Facundo Pellistri,URU,"FW,MF",Manchester Utd,21,2001,1.9,5,3,4,1,0,1,3,33.3,2,7,1,6,1,6,5,0,Matches,ENG-EPL,23-24
6639e500,425,Andreas Pereira,BRA,MF,Fulham,27,1996,29.0,25,12,4,12,9,11,41,26.8,30,16,2,14,4,29,12,0,Matches,ENG-EPL,23-24
6fe90922,426,Ivan Perišić,CRO,FW,Tottenham,34,1989,1.1,3,2,1,1,1,3,5,60.0,2,1,0,1,2,5,1,0,Matches,ENG-EPL,23-24
0cf321c8,427,Đorđe Petrović,SRB,GK,Chelsea,23,1999,22.1,0,0,0,0,0,0,0,,0,0,0,0,0,0,12,3,Matches,ENG-EPL,23-24
4f565d77,428,Kalvin Phillips,ENG,MF,West Ham,27,1995,3.4,11,6,2,8,1,5,9,55.6,4,4,1,3,4,15,2,1,Matches,ENG-EPL,23-24
4f565d77,429,Kalvin Phillips,ENG,MF,Manchester City,27,1995,1.0,3,3,1,1,1,0,0,,0,0,0,0,2,5,2,0,Matches,ENG-EPL,23-24
19f4d211,430,Jaden Philogene Bidace,ENG,FW,Aston Villa,21,2002,0.0,0,0,0,0,0,0,0,,0,0,0,0,0,0,0,0,Matches,ENG-EPL,23-24
4806ec67,431,Jordan Pickford,ENG,GK,Everton,29,1994,38.0,1,0,1,0,0,1,1,100.0,0,3,0,3,0,1,19,1,Matches,ENG-EPL,23-24
e541326e,432,Ethan Pinnock,JAM,DF,Brentford,30,1993,28.0,35,23,22,13,0,9,20,45.0,11,40,24,16,43,78,170,3,Matches,ENG-EPL,23-24
4b40d9ca,433,Nick Pope,ENG,GK,Newcastle Utd,31,1992,14.9,0,0,0,0,0,0,1,0.0,1,0,0,0,0,0,7,2,Matches,ENG-EPL,23-24
27d0a506,434,Pedro Porro,ESP,DF,Tottenham,23,1999,34.3,91,63,43,34,14,62,120,51.7,58,63,18,45,34,125,102,3,Matches,ENG-EPL,23-24
4125cb98,435,Jarell Quansah,ENG,DF,Liverpool,20,2003,13.2,25,22,17,7,1,14,20,70.0,6,16,8,8,17,42,39,1,Matches,ENG-EPL,23-24
67f649be,436,Ionuț Radu,ROU,GK,Bournemouth,26,1997,2.0,0,0,0,0,0,0,0,,0,0,0,0,0,0,0,0,Matches,ENG-EPL,23-24
45685411,437,Jesurun Rak Sakyi,ENG,"MF,FW",Crystal Palace,20,2002,1.5,4,1,3,1,0,2,3,66.7,1,2,0,2,3,7,1,0,Matches,ENG-EPL,23-24
466fb2c5,438,Aaron Ramsdale,ENG,GK,Arsenal,25,1998,6.0,0,0,0,0,0,0,0,,0,0,0,0,0,0,3,2,Matches,ENG-EPL,23-24
e1618c22,439,Aaron Ramsey,ENG,"MF,FW",Burnley,20,2003,5.9,17,14,7,5,5,8,16,50.0,8,11,2,9,1,18,10,0,Matches,ENG-EPL,23-24
1544f145,440,Jacob Ramsey,ENG,"FW,MF",Aston Villa,22,2001,9.5,16,8,7,6,3,5,15,33.3,10,15,2,13,3,19,8,0,Matches,ENG-EPL,23-24
a1d5bd30,441,Marcus Rashford,ENG,FW,Manchester Utd,25,1997,25.2,19,12,9,4,6,9,26,34.6,17,15,1,14,4,23,21,0,Matches,ENG-EPL,23-24
98ea5115,442,David Raya,ESP,GK,Arsenal,27,1995,32.0,1,1,1,0,0,1,1,100.0,0,0,0,0,0,1,8,5,Matches,ENG-EPL,23-24
28b40c9c,443,Tim Ream,USA,DF,Fulham,35,1987,16.7,20,9,13,5,2,9,18,50.0,9,23,15,8,25,45,61,2,Matches,ENG-EPL,23-24
ab651565,444,Nathan Redmond,ENG,"FW,MF",Burnley,29,1994,1.6,2,1,0,0,2,1,4,25.0,3,1,0,1,0,2,3,0,Matches,ENG-EPL,23-24
803ae100,445,Harrison Reed,ENG,MF,Fulham,28,1995,14.7,29,18,9,17,3,13,31,41.9,18,19,9,10,11,40,24,0,Matches,ENG-EPL,23-24
3353737a,446,Sergio Reguilón,ESP,DF,Manchester Utd,26,1996,4.6,13,8,6,2,5,8,17,47.1,9,10,0,10,5,18,7,0,Matches,ENG-EPL,23-24
3353737a,447,Sergio Reguilón,ESP,DF,Brentford,26,1996,12.4,45,20,26,18,1,24,40,60.0,16,23,6,17,16,61,41,1,Matches,ENG-EPL,23-24
0f7533cd,448,Bobby Reid,JAM,FW,Fulham,30,1993,15.8,22,14,5,15,2,4,16,25.0,12,24,2,22,5,27,14,0,Matches,ENG-EPL,23-24
7fa4e703,449,Gio Reyna,USA,"FW,MF",Nott'ham Forest,20,2002,2.6,7,3,4,0,3,3,6,50.0,3,3,0,3,2,9,0,0,Matches,ENG-EPL,23-24
484a3eae,450,Rodrigo Ribeiro,POR,"MF,FW",Nott'ham Forest,18,2005,0.2,0,0,0,0,0,0,1,0.0,1,1,0,1,1,1,0,0,Matches,ENG-EPL,23-24
1c7012b8,451,Declan Rice,ENG,MF,Arsenal,24,1999,35.8,83,51,37,38,8,32,57,56.1,25,37,11,26,44,127,52,0,Matches,ENG-EPL,23-24
0a3d6d2b,452,Chris Richards,USA,"DF,MF",Crystal Palace,23,2000,23.3,46,28,21,22,3,20,30,66.7,10,32,12,20,27,73,109,0,Matches,ENG-EPL,23-24
fa031b34,453,Richarlison,BRA,FW,Tottenham,26,1997,16.6,16,11,4,8,4,2,10,20.0,8,32,6,26,8,24,23,0,Matches,ENG-EPL,23-24
7a1f2c08,454,Jaïro Riedewald,NED,"MF,FW",Crystal Palace,26,1996,2.6,9,3,2,4,3,3,6,50.0,3,0,0,0,2,11,2,0,Matches,ENG-EPL,23-24
71ef519e,455,Matt Ritchie,SCO,"FW,MF",Newcastle Utd,33,1989,1.4,5,3,2,2,1,2,4,50.0,2,3,2,1,1,6,5,0,Matches,ENG-EPL,23-24
24fae784,456,Connor Roberts,WAL,DF,Burnley,27,1995,9.1,12,5,6,4,2,8,17,47.1,9,8,6,2,4,16,25,2,Matches,ENG-EPL,23-24
2e4f5f03,457,Andrew Robertson,SCO,DF,Liverpool,29,1994,18.8,35,24,21,11,3,26,43,60.5,17,20,6,14,13,48,40,0,Matches,ENG-EPL,23-24
289601e6,458,Antonee Robinson,USA,DF,Fulham,25,1997,36.3,93,58,60,26,7,52,110,47.3,58,56,8,48,80,173,117,3,Matches,ENG-EPL,23-24
7399c7a8,459,Jack Robinson,ENG,DF,Sheffield Utd,29,1993,32.1,43,28,29,14,0,25,39,64.1,14,49,33,16,33,76,132,2,Matches,ENG-EPL,23-24
6434f10d,460,Rodri,ESP,MF,Manchester City,27,1996,32.6,70,43,25,33,12,29,60,48.3,31,32,8,24,26,96,41,4,Matches,ENG-EPL,23-24
4ab53cdb,461,Jay Rodriguez,ENG,FW,Burnley,34,1989,9.1,14,9,7,4,3,7,13,53.8,6,11,1,10,1,15,8,0,Matches,ENG-EPL,23-24
57c94db2,462,Mads Roerslev,DEN,DF,Brentford,24,1999,22.1,48,31,34,9,5,27,54,50.0,27,15,3,12,19,67,71,0,Matches,ENG-EPL,23-24
2e5915f1,463,Morgan Rogers,ENG,"MF,FW",Aston Villa,21,2002,7.1,8,1,3,2,3,2,11,18.2,9,11,0,11,3,11,11,0,Matches,ENG-EPL,23-24
a3d94a58,464,Cristian Romero,ARG,DF,Tottenham,25,1998,31.0,66,40,35,25,6,32,44,72.7,12,46,22,24,44,110,106,1,Matches,ENG-EPL,23-24
10a10454,465,Joe Rothwell,ENG,MF,Bournemouth,28,1995,4.3,7,2,4,2,1,2,8,25.0,6,4,2,2,3,10,2,0,Matches,ENG-EPL,23-24
a9b1c319,466,Pelly Ruddock Mpanzu,COD,MF,Luton Town,30,1993,12.2,13,5,6,6,1,5,9,55.6,4,15,7,8,9,22,16,3,Matches,ENG-EPL,23-24
903b6e8b,467,José Sá,POR,GK,Wolves,30,1993,33.7,0,0,0,0,0,0,1,0.0,1,3,0,3,0,0,21,5,Matches,ENG-EPL,23-24
54778940,468,Dominic Sadi,ENG,FW,Bournemouth,19,2003,0.0,0,0,0,0,0,0,0,,0,0,0,0,0,0,0,0,Matches,ENG-EPL,23-24
bc7dc64d,469,Bukayo Saka,ENG,FW,Arsenal,21,2001,32.4,66,35,22,24,20,26,59,44.1,33,43,2,41,15,81,24,1,Matches,ENG-EPL,23-24
e342ad68,470,Mohamed Salah,EGY,FW,Liverpool,31,1992,28.2,17,11,1,8,8,6,21,28.6,15,19,1,18,2,19,1,0,Matches,ENG-EPL,23-24
972aeb2a,471,William Saliba,FRA,DF,Arsenal,22,2001,38.0,41,26,28,12,1,20,27,74.1,7,32,17,15,29,70,81,3,Matches,ENG-EPL,23-24
1b4f1169,472,Albert Sambi Lokonga,BEL,MF,Luton Town,23,1999,14.5,29,18,14,12,3,17,24,70.8,7,23,13,10,11,40,14,0,Matches,ENG-EPL,23-24
da7b447d,473,Davinson Sánchez,COL,DF,Tottenham,27,1996,0.9,0,0,0,0,0,0,0,,0,3,2,1,1,1,2,0,Matches,ENG-EPL,23-24
6a713852,474,Robert Sánchez,ESP,GK,Chelsea,25,1997,15.9,0,0,0,0,0,0,0,,0,0,0,0,0,0,11,3,Matches,ENG-EPL,23-24
dbf053da,475,Jadon Sancho,ENG,"FW,MF",Manchester Utd,23,2000,0.9,1,0,1,0,0,1,3,33.3,2,1,0,1,1,2,0,0,Matches,ENG-EPL,23-24
bced0375,476,Ibrahim Sangaré,CIV,MF,Nott'ham Forest,25,1997,11.5,42,23,25,13,4,12,29,41.4,17,24,7,17,16,58,21,0,Matches,ENG-EPL,23-24
dd745366,477,Andrey Santos,BRA,MF,Nott'ham Forest,19,2004,0.1,0,0,0,0,0,0,0,,0,1,0,1,0,0,0,0,Matches,ENG-EPL,23-24
9744ff80,478,Pablo Sarabia,ESP,"MF,FW",Wolves,31,1992,19.4,20,13,8,8,4,12,36,33.3,24,17,1,16,10,30,9,0,Matches,ENG-EPL,23-24
21945a9e,479,Dane Scarlett,ENG,FW,Tottenham,19,2004,0.2,1,1,0,0,1,0,1,0.0,1,0,0,0,0,1,0,0,Matches,ENG-EPL,23-24
52afb588,480,Kevin Schade,GER,"FW,MF",Brentford,21,2001,3.7,3,1,1,2,0,0,5,0.0,5,2,0,2,1,4,4,0,Matches,ENG-EPL,23-24
c8aa95da,481,Fabian Schär,SUI,DF,Newcastle Utd,31,1991,33.9,42,24,27,13,2,18,40,45.0,22,50,38,12,36,78,133,1,Matches,ENG-EPL,23-24
3312f911,482,Jeffrey Schlupp,GHA,"FW,MF",Crystal Palace,30,1992,15.0,38,24,14,16,8,9,18,50.0,9,13,2,11,8,46,24,0,Matches,ENG-EPL,23-24
104d0bb8,483,Alex Scott,ENG,MF,Bournemouth,19,2003,11.3,24,15,8,10,6,12,28,42.9,16,14,4,10,12,36,18,2,Matches,ENG-EPL,23-24
834b5c4c,484,Matz Sels,BEL,GK,Nott'ham Forest,31,1992,16.0,0,0,0,0,0,0,0,,0,0,0,0,0,0,11,1,Matches,ENG-EPL,23-24
d04b94db,485,Nélson Semedo,POR,"DF,MF",Wolves,29,1993,34.3,79,48,52,19,8,38,64,59.4,26,44,8,36,36,115,85,1,Matches,ENG-EPL,23-24
efd2ec23,486,Antoine Semenyo,GHA,FW,Bournemouth,23,2000,23.4,24,17,7,9,8,9,27,33.3,18,39,2,37,6,30,21,0,Matches,ENG-EPL,23-24
35141f4c,487,Marcos Senesi,ARG,DF,Bournemouth,26,1997,24.9,55,32,28,23,4,24,56,42.9,32,50,23,27,35,90,109,1,Matches,ENG-EPL,23-24
9c94165b,488,Luke Shaw,ENG,DF,Manchester Utd,28,1995,10.7,11,8,7,3,1,9,15,60.0,6,18,11,7,6,17,39,0,Matches,ENG-EPL,23-24
ee7c0a5e,489,James Shea,ENG,GK,Luton Town,32,1991,0.2,0,0,0,0,0,0,0,,0,0,0,0,0,0,2,0,Matches,ENG-EPL,23-24
3eb22ec9,490,Bernardo Silva,POR,"MF,FW",Manchester City,28,1994,28.6,51,23,13,25,13,25,57,43.9,32,32,4,28,17,68,15,1,Matches,ENG-EPL,23-24
e7aa9d7c,491,Fábio Silva,POR,FW,Wolves,21,2002,2.9,7,4,3,4,0,2,3,66.7,1,1,0,1,2,9,0,0,Matches,ENG-EPL,23-24
86e7deaf,492,Thiago Silva,BRA,DF,Chelsea,38,1984,28.1,29,15,22,6,1,20,34,58.8,14,33,24,9,26,55,153,4,Matches,ENG-EPL,23-24
8e16dd48,493,Luis Sinisterra,COL,"FW,MF",Bournemouth,24,1999,7.8,23,12,9,10,4,9,16,56.3,7,18,0,18,8,31,4,0,Matches,ENG-EPL,23-24
6250083a,494,Oliver Skipp,ENG,"MF,DF",Tottenham,22,2000,7.9,18,12,9,6,3,11,18,61.1,7,12,1,11,3,21,9,0,Matches,ENG-EPL,23-24
20b104bc,495,Adam Smith,ENG,DF,Bournemouth,32,1991,23.9,37,23,18,11,8,19,39,48.7,20,28,11,17,21,58,62,0,Matches,ENG-EPL,23-24
17695062,496,Emile Smith Rowe,ENG,MF,Arsenal,23,2000,3.9,4,1,2,2,0,2,4,50.0,2,3,1,2,3,7,1,0,Matches,ENG-EPL,23-24
839c14e1,497,Cédric Soares,POR,DF,Arsenal,31,1991,0.7,0,0,0,0,0,0,0,,0,0,0,0,0,0,0,0,Matches,ENG-EPL,23-24
e77dc3b2,498,Dominic Solanke,ENG,FW,Bournemouth,25,1997,36.9,23,11,3,13,7,10,29,34.5,19,24,5,19,7,30,43,0,Matches,ENG-EPL,23-24
886f9aac,499,Manor Solomon,ISR,FW,Tottenham,24,1999,2.2,3,3,1,1,1,1,2,50.0,1,4,0,4,3,6,2,0,Matches,ENG-EPL,23-24
6613c819,500,Tomáš Souček,CZE,MF,West Ham,28,1995,31.9,53,35,24,26,3,21,47,44.7,26,55,28,27,37,90,109,0,Matches,ENG-EPL,23-24
6a8a7af8,501,Vinicius Souza,BRA,MF,Sheffield Utd,24,1999,29.6,125,76,59,51,15,41,74,55.4,33,57,17,40,32,157,75,1,Matches,ENG-EPL,23-24
28300a16,502,Jason Steele,ENG,GK,Brighton,32,1990,17.0,0,0,0,0,0,0,3,0.0,3,0,0,0,0,0,8,1,Matches,ENG-EPL,23-24
b400bde0,503,Raheem Sterling,ENG,"FW,MF",Chelsea,28,1994,22.0,21,10,7,8,6,12,26,46.2,14,13,0,13,13,34,9,1,Matches,ENG-EPL,23-24
5eecec3d,504,John Stones,ENG,"DF,MF",Manchester City,29,1994,11.8,2,1,1,0,1,0,3,0.0,3,11,7,4,10,12,21,0,Matches,ENG-EPL,23-24
339fe0e8,505,Thomas Strakosha,ALB,GK,Brentford,28,1995,1.5,0,0,0,0,0,0,0,,0,0,0,0,0,0,0,0,Matches,ENG-EPL,23-24
934e1968,506,Dominik Szoboszlai,HUN,MF,Liverpool,22,2000,23.4,32,19,12,12,8,16,50,32.0,34,37,2,35,15,47,16,1,Matches,ENG-EPL,23-24
e514ab62,507,Matt Targett,ENG,DF,Newcastle Utd,27,1995,0.9,2,0,1,1,0,1,1,100.0,0,1,0,1,0,2,2,0,Matches,ENG-EPL,23-24
15ea812b,508,James Tarkowski,ENG,DF,Everton,30,1992,38.0,61,42,46,14,1,27,48,56.3,21,82,56,26,56,117,191,2,Matches,ENG-EPL,23-24
cac9e583,509,Jimi Tauriainen,ENG,FW,Chelsea,19,2004,0.0,0,0,0,0,0,0,0,,0,0,0,0,0,0,0,0,Matches,ENG-EPL,23-24
a65c844b,510,Nuno Tavares,POR,DF,Nott'ham Forest,23,2000,5.1,11,7,9,1,1,8,9,88.9,1,6,0,6,1,12,21,0,Matches,ENG-EPL,23-24
5c0da4a4,511,Marcus Tavernier,ENG,FW,Bournemouth,24,1999,23.5,53,34,25,22,6,26,48,54.2,22,31,3,28,5,58,23,0,Matches,ENG-EPL,23-24
cc2d7ad5,512,Charlie Taylor,ENG,DF,Burnley,29,1993,25.9,35,20,19,14,2,17,35,48.6,18,27,11,16,19,54,78,0,Matches,ENG-EPL,23-24
77d7c96f,513,Kenny Tete,NED,DF,Fulham,27,1995,9.6,27,17,19,6,2,11,19,57.9,8,10,3,7,16,43,35,0,Matches,ENG-EPL,23-24
fc027d02,514,Luke Thomas,ENG,DF,Sheffield Utd,22,2001,10.2,20,9,13,6,1,8,14,57.1,6,23,5,18,10,30,27,0,Matches,ENG-EPL,23-24
56f7a928,515,Youri Tielemans,BEL,"MF,FW",Aston Villa,26,1997,18.0,41,20,17,18,6,16,40,40.0,24,23,3,20,15,56,9,0,Matches,ENG-EPL,23-24
41034650,516,Jurriën Timber,NED,DF,Arsenal,22,2001,0.8,2,2,1,1,0,0,0,,0,1,0,1,0,2,1,0,Matches,ENG-EPL,23-24
a105d46a,517,Harry Toffolo,ENG,DF,Nott'ham Forest,27,1995,16.2,26,14,20,6,0,15,24,62.5,9,34,13,21,14,40,49,0,Matches,ENG-EPL,23-24
b3af9be1,518,Takehiro Tomiyasu,JPN,DF,Arsenal,24,1998,12.8,20,9,15,4,1,11,18,61.1,7,10,4,6,18,38,33,0,Matches,ENG-EPL,23-24
e7ca0439,519,James Tomkins,ENG,DF,Crystal Palace,34,1989,0.1,0,0,0,0,0,0,0,,0,0,0,0,1,1,0,0,Matches,ENG-EPL,23-24
0db169ae,520,Sandro Tonali,ITA,MF,Newcastle Utd,23,2000,4.9,7,7,4,2,1,3,9,33.3,6,3,0,3,2,9,4,0,Matches,ENG-EPL,23-24
e09f279b,521,Ivan Toney,ENG,FW,Brentford,27,1996,16.1,15,5,2,7,6,6,14,42.9,8,5,1,4,10,25,18,0,Matches,ENG-EPL,23-24
532e1e4f,522,Pau Torres,ESP,DF,Aston Villa,26,1997,27.4,29,18,17,11,1,14,30,46.7,16,28,12,16,14,43,75,0,Matches,ENG-EPL,23-24
b28bbd58,523,Andros Townsend,ENG,"MF,FW",Luton Town,32,1991,13.4,21,13,11,2,8,13,27,48.1,14,12,0,12,5,26,10,0,Matches,ENG-EPL,23-24
259fea27,524,James Trafford,ENG,GK,Burnley,20,2002,28.0,2,1,2,0,0,2,2,100.0,0,0,0,0,1,3,18,1,Matches,ENG-EPL,23-24
9a28eba4,525,Adama Traoré,ESP,"FW,MF",Fulham,27,1996,4.2,4,3,1,2,1,3,6,50.0,3,2,0,2,1,5,2,0,Matches,ENG-EPL,23-24
c47541e0,526,Bertrand Traoré,BFA,"DF,FW",Aston Villa,27,1995,0.1,1,1,1,0,0,0,0,,0,0,0,0,0,1,1,0,Matches,ENG-EPL,23-24
999ceb5f,527,Boubacar Traoré,MLI,MF,Wolves,21,2001,9.1,35,23,16,17,2,9,21,42.9,12,12,2,10,5,40,7,0,Matches,ENG-EPL,23-24
fe558029,528,Mark Travers,IRL,GK,Bournemouth,24,1999,4.0,0,0,0,0,0,0,0,,0,0,0,0,0,0,2,0,Matches,ENG-EPL,23-24
b2a81fc6,529,Mike Trésor,BEL,"FW,MF",Burnley,24,1999,4.7,10,6,9,1,0,8,18,44.4,10,5,0,5,1,11,1,0,Matches,ENG-EPL,23-24
21512407,530,Kieran Trippier,ENG,DF,Newcastle Utd,32,1990,24.8,57,27,30,16,11,37,77,48.1,40,41,8,33,24,81,57,3,Matches,ENG-EPL,23-24
38ceb24a,531,Leandro Trossard,BEL,"FW,MF",Arsenal,28,1994,18.3,27,16,8,9,10,9,25,36.0,16,27,1,26,8,35,6,0,Matches,ENG-EPL,23-24
cddf767b,532,Auston Trusty,USA,DF,Sheffield Utd,24,1998,28.6,47,30,31,13,3,21,43,48.8,22,41,22,19,35,82,153,3,Matches,ENG-EPL,23-24
f315ca93,533,Kostas Tsimikas,GRE,DF,Liverpool,27,1996,7.5,19,13,9,6,4,9,15,60.0,6,9,1,8,6,25,10,0,Matches,ENG-EPL,23-24
4a51ba65,534,Matt Turner,USA,GK,Nott'ham Forest,29,1994,17.0,0,0,0,0,0,0,0,,0,0,0,0,0,0,8,4,Matches,ENG-EPL,23-24
7cd520e8,535,Destiny Udogie,ITA,DF,Tottenham,20,2002,26.6,68,33,41,16,11,27,49,55.1,22,27,8,19,37,105,80,5,Matches,ENG-EPL,23-24
1df4a109,536,Lesley Ugochukwu,FRA,MF,Chelsea,19,2004,3.3,14,10,4,8,2,4,10,40.0,6,6,2,4,1,15,5,0,Matches,ENG-EPL,23-24
f8eca1b6,537,Enes Ünal,TUR,"FW,MF",Bournemouth,26,1997,3.6,6,4,2,3,1,2,5,40.0,3,4,2,2,1,7,6,0,Matches,ENG-EPL,23-24
e06683ca,538,Virgil van Dijk,NED,DF,Liverpool,32,1991,35.3,40,23,24,13,3,12,14,85.7,2,47,34,13,39,79,144,0,Matches,ENG-EPL,23-24
9f8e9423,539,Raphaël Varane,FRA,DF,Manchester Utd,30,1993,15.3,18,11,10,7,1,10,14,71.4,4,23,18,5,15,33,88,0,Matches,ENG-EPL,23-24
3f7bafbe,540,Alejo Véliz,ARG,FW,Tottenham,19,2003,0.6,1,0,1,0,0,0,0,,0,0,0,0,0,1,0,0,Matches,ENG-EPL,23-24
dad4b285,541,Joël Veltman,NED,DF,Brighton,31,1992,17.6,54,41,32,17,5,39,58,67.2,19,17,7,10,18,72,57,1,Matches,ENG-EPL,23-24
8fe2a392,542,Micky van de Ven,NED,DF,Tottenham,22,2001,26.0,49,35,34,12,3,24,33,72.7,9,25,15,10,18,67,78,1,Matches,ENG-EPL,23-24
cf134113,543,Bart Verbruggen,NED,GK,Brighton,20,2002,21.0,1,1,1,0,0,1,2,50.0,1,0,0,0,0,1,11,3,Matches,ENG-EPL,23-24
77d6fd4d,544,Guglielmo Vicario,ITA,GK,Tottenham,26,1996,38.0,0,0,0,0,0,0,1,0.0,1,0,0,0,1,1,31,2,Matches,ENG-EPL,23-24
6412cc03,545,Fabio Vieira,POR,"MF,FW",Arsenal,23,2000,3.3,3,2,2,0,1,3,3,100.0,0,0,0,0,2,5,2,0,Matches,ENG-EPL,23-24
8b529245,546,Carlos Vinícius,BRA,FW,Fulham,28,1995,3.5,3,2,0,1,2,0,4,0.0,4,4,0,4,0,3,1,0,Matches,ENG-EPL,23-24
9295dc1c,547,Vitinho,BRA,"DF,MF",Burnley,24,1999,25.7,64,34,36,22,6,43,86,50.0,43,44,6,38,12,76,47,4,Matches,ENG-EPL,23-24
03df04ff,548,Odisseas Vlachodimos,GRE,GK,Nott'ham Forest,29,1994,5.0,0,0,0,0,0,0,1,0.0,1,0,0,0,0,0,1,0,Matches,ENG-EPL,23-24
86dd77d1,549,Kyle Walker,ENG,DF,Manchester City,33,1990,30.7,38,24,19,17,2,19,39,48.7,20,19,6,13,27,65,40,1,Matches,ENG-EPL,23-24
9e525177,550,Aaron Wan-Bissaka,ENG,DF,Manchester Utd,25,1997,19.8,42,25,18,20,4,19,26,73.1,7,29,15,14,41,83,68,1,Matches,ENG-EPL,23-24
8a7ff278,551,Joel Ward,ENG,DF,Crystal Palace,33,1989,22.0,45,28,26,18,1,30,47,63.8,17,17,10,7,14,59,94,1,Matches,ENG-EPL,23-24
3515d404,552,James Ward-Prowse,ENG,MF,West Ham,28,1994,33.3,45,29,14,23,8,18,44,40.9,26,31,9,22,38,83,49,0,Matches,ENG-EPL,23-24
8e633970,553,Lewis Warrington,ENG,FW,Everton,20,2002,0.0,0,0,0,0,0,0,0,,0,0,0,0,0,0,0,0,Matches,ENG-EPL,23-24
95bd120d,554,Deivid Washington,BRA,"DF,FW",Chelsea,18,2005,0.1,1,1,1,0,0,0,1,0.0,1,0,0,0,0,1,0,0,Matches,ENG-EPL,23-24
aed3a70f,555,Ollie Watkins,ENG,FW,Aston Villa,27,1995,35.7,12,7,0,5,7,5,11,45.5,6,26,4,22,4,16,20,0,Matches,ENG-EPL,23-24
c40b6180,556,Adam Webster,ENG,DF,Brighton,28,1995,12.7,14,12,8,5,1,6,18,33.3,12,16,12,4,16,30,43,1,Matches,ENG-EPL,23-24
ce5143da,557,Danny Welbeck,ENG,"FW,MF",Brighton,32,1990,18.8,35,17,9,17,9,10,17,58.8,7,12,0,12,9,44,17,1,Matches,ENG-EPL,23-24
49fe9070,558,Timo Werner,GER,FW,Tottenham,27,1996,9.0,7,4,3,4,0,5,18,27.8,13,12,0,12,3,10,2,0,Matches,ENG-EPL,23-24
4b542852,559,Adam Wharton,ENG,MF,Crystal Palace,19,2004,14.4,48,32,18,22,8,23,46,50.0,23,17,3,14,20,68,24,1,Matches,ENG-EPL,23-24
5c368c88,560,Ethan Wheatley,ENG,FW,Manchester Utd,17,2006,0.2,1,1,0,1,0,1,1,100.0,0,2,0,2,2,3,0,0,Matches,ENG-EPL,23-24
35e413f1,561,Ben White,ENG,DF,Arsenal,25,1997,33.2,48,28,20,22,6,26,58,44.8,32,48,22,26,32,80,77,1,Matches,ENG-EPL,23-24
d60c03a9,562,Joe White,ENG,MF,Newcastle Utd,20,2002,0.1,1,1,1,0,0,0,0,,0,0,0,0,0,1,0,0,Matches,ENG-EPL,23-24
dd323728,563,Neco Williams,WAL,DF,Nott'ham Forest,22,2001,18.2,69,40,42,18,9,35,56,62.5,21,44,13,31,22,91,53,0,Matches,ENG-EPL,23-24
8b9ebd03,564,Willian,BRA,FW,Fulham,34,1988,22.8,18,11,6,7,5,3,21,14.3,18,13,0,13,9,27,12,1,Matches,ENG-EPL,23-24
a3b03921,565,Joe Willock,ENG,MF,Newcastle Utd,23,1999,4.7,13,7,7,6,0,4,11,36.4,7,7,0,7,1,14,1,0,Matches,ENG-EPL,23-24
c596fcb0,566,Callum Wilson,ENG,FW,Newcastle Utd,31,1992,11.0,5,3,0,2,3,0,4,0.0,4,6,0,6,2,7,4,0,Matches,ENG-EPL,23-24
c6dc9ecd,567,Harry Wilson,WAL,FW,Fulham,26,1997,18.0,21,14,9,8,4,11,28,39.3,17,27,3,24,10,31,12,0,Matches,ENG-EPL,23-24
2500cef9,568,Yoane Wissa,COD,FW,Brentford,26,1996,27.7,28,16,13,10,5,5,20,25.0,15,24,3,21,9,37,15,0,Matches,ENG-EPL,23-24
4e9a0555,569,Chris Wood,NZL,FW,Nott'ham Forest,31,1991,20.1,7,4,1,4,2,3,9,33.3,6,11,3,8,1,8,26,0,Matches,ENG-EPL,23-24
d3085b49,570,Cauley Woodrow,ENG,"FW,MF",Luton Town,28,1994,4.7,16,10,8,4,4,9,16,56.3,7,7,1,6,1,17,14,0,Matches,ENG-EPL,23-24
a5212312,571,Joe Worrall,ENG,DF,Nott'ham Forest,26,1997,4.9,7,5,6,1,0,3,6,50.0,3,5,4,1,3,10,32,1,Matches,ENG-EPL,23-24
907a5d7c,572,Yehor Yarmoliuk,UKR,MF,Brentford,19,2004,7.6,17,11,6,8,3,7,17,41.2,10,17,4,13,6,23,5,0,Matches,ENG-EPL,23-24
c1fe2a48,573,Ryan Yates,ENG,MF,Nott'ham Forest,25,1997,22.1,66,39,39,21,6,19,34,55.9,15,42,15,27,21,87,44,1,Matches,ENG-EPL,23-24
be927d03,574,Ashley Young,ENG,"DF,MF",Everton,38,1985,25.3,53,38,28,19,6,30,54,55.6,24,24,6,18,22,75,50,3,Matches,ENG-EPL,23-24
88968486,575,Illia Zabarnyi,UKR,DF,Bournemouth,20,2002,37.0,59,32,29,29,1,23,50,46.0,27,53,34,19,33,92,143,4,Matches,ENG-EPL,23-24
9907b1c8,576,Nicolò Zaniolo,ITA,"FW,MF",Aston Villa,24,1999,9.3,19,9,10,7,2,9,17,52.9,8,13,0,13,1,20,11,0,Matches,ENG-EPL,23-24
07d65234,577,Anass Zaroury,MAR,"FW,MF",Burnley,22,2000,1.7,1,0,1,0,0,0,4,0.0,4,2,0,2,0,1,1,1,Matches,ENG-EPL,23-24
51cf8561,578,Oleksandr Zinchenko,UKR,DF,Arsenal,26,1996,19.1,50,30,19,24,7,35,52,67.3,17,18,3,15,20,70,26,2,Matches,ENG-EPL,23-24
ce4246f5,579,Kurt Zouma,FRA,DF,West Ham,28,1994,31.5,23,17,14,9,0,10,16,62.5,6,38,28,10,29,52,160,0,Matches,ENG-EPL,23-24
79300479,580,Martin Ødegaard,NOR,MF,Arsenal,24,1998,34.3,49,17,18,21,10,17,58,29.3,41,23,1,22,15,64,5,0,Matches,ENG-EPL,23-24
