id,Unnamed: 0_level_0,Unnamed: 1_level_0,Unnamed: 2_level_0,Unnamed: 3_level_0,Unnamed: 4_level_0,Unnamed: 5_level_0,Unnamed: 6_level_0,Playing Time,Playing Time,Playing Time,Playing Time,Performance,Performance,Performance,Performance,Performance,Performance,Performance,Performance,Performance,Performance,Penalty Kicks,Penalty Kicks,Penalty Kicks,Penalty Kicks,Penalty Kicks,Unnamed: 26_level_0,Unnamed: league,Unnamed: season
,Rk,Player,Nation,Pos,Squad,Age,Born,MP,Starts,Min,90s,GA,GA90,SoTA,Saves,Save%,W,D,L,CS,CS%,PKatt,PKA,PKsv,PKm,Save%,Matches,league,season
65d62814,1,Antonio Adán,ESP,GK,Sporting CP,35,1987,6,6,570,6.3,6,0.95,22,17,72.7,1,4,1,1,16.7,0,0,0,0,,Matches,UEL,22-23
9e17ccff,2,Doğan Alemdar,TUR,GK,Rennes,19,2002,2,1,129,1.4,3,2.09,6,3,50.0,0,1,0,0,0.0,0,0,0,0,,Matches,UEL,22-23
dbd1b101,3,Noah Atubolu,GER,GK,Freiburg,20,2002,1,1,90,1.0,1,1.0,5,4,80.0,0,1,0,0,0.0,0,0,0,0,,Matches,UEL,22-23
072e68ed,4,Altay Bayındır,TUR,GK,Fenerbahçe,24,1998,8,8,720,8.0,9,1.13,22,13,63.6,5,2,1,3,37.5,1,1,0,0,0.0,Matches,UEL,22-23
8a2248b4,5,Walter Benítez,ARG,GK,PSV Eindhoven,29,1993,7,7,630,7.0,6,0.86,29,23,79.3,4,1,2,3,42.9,0,0,0,0,,Matches,UEL,22-23
53d93280,6,Justin Bijlow,NED,GK,Feyenoord,24,1998,8,8,750,8.3,13,1.56,42,29,69.0,3,2,3,3,37.5,1,0,0,1,,Matches,UEL,22-23
5e8936be,7,Milan Borjan,CAN,GK,Red Star,34,1987,6,6,540,6.0,11,1.83,29,19,65.5,2,0,4,0,0.0,1,1,0,0,0.0,Matches,UEL,22-23
f6798fc3,8,Yassine Bounou,MAR,GK,Sevilla,31,1991,6,6,600,6.7,5,0.75,24,19,79.2,3,3,0,2,33.3,0,0,0,0,,Matches,UEL,22-23
1e064bfb,9,Denys Boyko,UKR,GK,Dynamo Kyiv,34,1988,2,2,180,2.0,3,1.5,10,7,70.0,0,0,2,0,0.0,0,0,0,0,,Matches,UEL,22-23
10072610,10,Claudio Bravo,CHI,GK,Betis,39,1983,6,6,540,6.0,8,1.33,32,24,78.1,4,1,1,2,33.3,1,1,0,0,0.0,Matches,UEL,22-23
6115fddd,11,Yanick Brecher,SUI,GK,Zürich,29,1993,6,6,540,6.0,16,2.67,34,19,52.9,1,0,5,0,0.0,0,0,0,0,,Matches,UEL,22-23
eb2b33aa,12,Heorhiy Bushchan,UKR,GK,Dynamo Kyiv,28,1994,2,2,180,2.0,4,2.0,10,6,60.0,0,0,2,0,0.0,0,0,0,0,,Matches,UEL,22-23
f63a8347,13,Uğurcan Çakır,TUR,GK,Trabzonspor,26,1996,5,5,450,5.0,6,1.2,19,13,73.7,3,0,2,2,40.0,1,1,0,0,0.0,Matches,UEL,22-23
2edbd8d5,14,Dumitru Celeadnic,MDA,GK,Sheriff Tiraspol,30,1992,1,1,90,1.0,3,3.0,8,5,62.5,0,0,1,0,0.0,0,0,0,0,,Matches,UEL,22-23
a04e2dd2,15,Johan Dahlin,SWE,GK,Malmö,35,1986,2,2,180,2.0,5,2.5,18,13,72.2,0,0,2,0,0.0,0,0,0,0,,Matches,UEL,22-23
a9107589,16,Ismael Diawara,MLI,GK,Malmö,27,1994,4,4,360,4.0,6,1.5,26,20,84.6,0,0,4,0,0.0,2,2,0,0,0.0,Matches,UEL,22-23
4030c7ae,17,Dénes Dibusz,HUN,GK,Ferencváros,31,1990,8,8,720,8.0,13,1.62,43,30,72.1,3,1,4,1,12.5,1,1,0,0,0.0,Matches,UEL,22-23
ac295d9e,18,Marko Dmitrović,SRB,GK,Sevilla,30,1992,3,3,270,3.0,3,1.0,13,10,84.6,1,0,2,1,33.3,1,1,0,0,0.0,Matches,UEL,22-23
510c6a3f,19,Joel Drommel,NED,GK,PSV Eindhoven,25,1996,1,1,90,1.0,1,1.0,3,2,66.7,1,0,0,0,0.0,0,0,0,0,,Matches,UEL,22-23
54bb5c3f,20,Fabiano,BRA,GK,AC Omonia,34,1988,3,3,225,2.5,6,2.4,14,8,57.1,0,0,3,0,0.0,0,0,0,0,,Matches,UEL,22-23
a92ab7be,21,Mark Flekken,NED,GK,Freiburg,29,1993,7,7,630,7.0,5,0.71,29,24,86.2,4,1,2,3,42.9,1,1,0,0,0.0,Matches,UEL,22-23
7ba6d84e,22,David de Gea,ESP,GK,Manchester Utd,31,1990,12,12,1080,12.0,12,1.0,38,28,73.7,8,2,2,5,41.7,2,2,0,0,0.0,Matches,UEL,22-23
37998008,23,Lennart Grill,GER,GK,Union Berlin,23,1999,1,0,45,0.5,0,0.0,1,1,100.0,0,0,0,1,,0,0,0,0,,Matches,UEL,22-23
60831426,24,Nikita Haikin,RUS,GK,Bodø/Glimt,27,1995,6,6,540,6.0,10,1.67,31,22,67.7,1,1,4,0,0.0,0,0,0,0,,Matches,UEL,22-23
10161491,25,Conor Hazard,NIR,GK,HJK,24,1998,6,6,540,6.0,13,2.17,40,28,70.0,0,1,5,0,0.0,1,1,0,0,0.0,Matches,UEL,22-23
ad3389d5,26,Lukáš Hrádecký,FIN,GK,Leverkusen,32,1989,8,8,750,8.3,8,0.96,23,16,69.6,4,2,2,3,37.5,1,1,0,0,0.0,Matches,UEL,22-23
ff74841d,27,Philipp Köhn,SUI,GK,RB Salzburg,24,1998,2,2,180,2.0,2,1.0,9,7,77.8,1,0,1,1,50.0,0,0,0,0,,Matches,UEL,22-23
60713cb3,28,Maksym Koval,UKR,GK,Sheriff Tiraspol,29,1992,5,5,450,5.0,7,1.4,22,15,72.7,2,0,3,2,40.0,1,1,0,0,0.0,Matches,UEL,22-23
4e7db402,29,Alban Lafont,FRA,GK,Nantes,23,1999,8,8,720,8.0,15,1.87,50,36,74.0,3,1,4,1,12.5,2,2,0,0,0.0,Matches,UEL,22-23
939bc634,30,Jonas Lössl,DEN,GK,Midtjylland,33,1989,8,8,720,8.0,13,1.62,36,23,66.7,2,3,3,1,12.5,2,1,1,0,50.0,Matches,UEL,22-23
595ccab1,31,Shakhruddin Magomedaliyev,AZE,GK,Qarabağ,28,1994,6,6,540,6.0,5,0.83,26,21,88.5,2,2,2,3,50.0,2,2,0,0,0.0,Matches,UEL,22-23
1d2d5cc8,32,Steve Mandanda,FRA,GK,Rennes,37,1985,7,7,621,6.9,8,1.16,16,9,62.5,4,2,1,1,14.3,2,2,0,0,0.0,Matches,UEL,22-23
ef3909cd,33,Matheus,BRA,GK,Braga,30,1992,6,6,540,6.0,7,1.17,23,16,73.9,3,1,2,2,33.3,1,1,0,0,0.0,Matches,UEL,22-23
99351886,34,Anthony Moris,LUX,GK,Union SG,32,1990,10,10,900,10.0,15,1.5,43,27,65.1,5,3,2,3,30.0,1,0,1,0,100.0,Matches,UEL,22-23
0880e10b,35,Ruslan Neshcheret,UKR,GK,Dynamo Kyiv,20,2002,2,2,180,2.0,4,2.0,7,3,42.9,0,1,1,0,0.0,0,0,0,0,,Matches,UEL,22-23
afb0c500,36,Alexander Nübel,GER,GK,Monaco,25,1996,8,8,750,8.3,13,1.56,40,28,70.0,4,1,3,1,12.5,1,1,0,0,0.0,Matches,UEL,22-23
be855308,37,Sergio Padt,NED,GK,Ludogorets,32,1990,6,6,540,6.0,9,1.5,31,22,77.4,2,1,3,1,16.7,2,2,0,0,0.0,Matches,UEL,22-23
4c5039bd,38,Alexandros Paschalakis,GRE,GK,Olympiacos,33,1989,2,2,180,2.0,1,0.5,8,7,87.5,0,2,0,1,50.0,0,0,0,0,,Matches,UEL,22-23
79b0d6a0,39,Rui Patrício,POR,GK,Roma,34,1988,14,14,1320,14.7,9,0.61,42,34,78.6,7,4,3,6,42.9,0,0,0,0,,Matches,UEL,22-23
4c62d0c8,40,Mattia Perin,ITA,GK,Juventus,29,1992,1,0,47,0.5,0,0.0,3,3,100.0,0,0,0,1,,0,0,0,0,,Matches,UEL,22-23
00b86f5e,41,Kenan Pirić,BIH,GK,AÉK Lárnaka,28,1994,6,6,540,6.0,10,1.67,31,21,71.0,1,2,3,1,16.7,2,1,1,0,50.0,Matches,UEL,22-23
277da414,42,Ivan Provedel,ITA,GK,Lazio,28,1994,6,6,540,6.0,11,1.83,28,16,67.9,2,2,2,1,16.7,3,2,1,0,33.3,Matches,UEL,22-23
466fb2c5,43,Aaron Ramsdale,ENG,GK,Arsenal,24,1998,3,3,300,3.3,3,0.9,9,6,66.7,1,1,1,1,33.3,0,0,0,0,,Matches,UEL,22-23
374ee424,44,Álex Remiro,ESP,GK,Real Sociedad,27,1995,8,8,720,8.0,4,0.5,12,8,66.7,5,1,2,5,62.5,0,0,0,0,,Matches,UEL,22-23
625c144a,45,Gerónimo Rulli,ARG,GK,Ajax,30,1992,2,2,180,2.0,3,1.5,9,6,77.8,0,1,1,1,50.0,1,1,0,0,0.0,Matches,UEL,22-23
a70b8345,46,Frederik Rønnow,DEN,GK,Union Berlin,29,1992,10,10,855,9.5,9,0.95,28,19,67.9,5,2,3,4,40.0,0,0,0,0,,Matches,UEL,22-23
b69dfb42,47,Jörg Siebenhandl,AUT,GK,Sturm Graz,32,1990,6,6,540,6.0,10,1.67,24,14,62.5,2,2,2,3,50.0,1,1,0,0,0.0,Matches,UEL,22-23
ea83bfa6,48,Rui Silva,POR,GK,Betis,28,1994,2,2,180,2.0,1,0.5,7,6,85.7,1,0,1,1,50.0,0,0,0,0,,Matches,UEL,22-23
bcf5058a,49,Mile Svilar,SRB,GK,Roma,22,1999,1,1,90,1.0,2,2.0,3,1,33.3,0,0,1,0,0.0,0,0,0,0,,Matches,UEL,22-23
01b8a2b2,50,Wojciech Szczęsny,POL,GK,Juventus,32,1990,8,8,703,7.8,5,0.64,28,23,85.7,4,3,1,3,37.5,1,1,0,0,0.0,Matches,UEL,22-23
31139973,51,Muhammet Taha Tepe,TUR,GK,Trabzonspor,21,2001,1,1,90,1.0,3,3.0,5,2,60.0,0,0,1,0,0.0,1,1,0,0,0.0,Matches,UEL,22-23
6f51e382,52,Marc-André ter Stegen,GER,GK,Barcelona,30,1992,2,2,180,2.0,4,2.0,10,7,60.0,0,1,1,0,0.0,0,0,0,0,,Matches,UEL,22-23
41f0b196,53,Anatolii Trubin,UKR,GK,Shakhtar,20,2001,4,4,390,4.3,11,2.54,31,20,67.7,1,1,2,0,0.0,1,1,0,0,0.0,Matches,UEL,22-23
4a51ba65,54,Matt Turner,USA,GK,Arsenal,28,1994,5,5,450,5.0,3,0.6,14,11,85.7,4,1,0,3,60.0,1,1,0,0,0.0,Matches,UEL,22-23
9052e98c,55,Kostas Tzolakis,GRE,GK,Olympiacos,19,2002,2,2,180,2.0,5,2.5,15,10,66.7,0,0,2,0,0.0,0,0,0,0,,Matches,UEL,22-23
cfd68aa7,56,Francis Uzoho,NGA,GK,AC Omonia,23,1998,4,3,315,3.5,6,1.71,22,16,77.3,0,0,3,0,0.0,1,1,0,0,0.0,Matches,UEL,22-23
7b456af7,57,Tomáš Vaclík,CZE,GK,Olympiacos,33,1989,2,2,180,2.0,5,2.5,13,8,61.5,0,0,2,0,0.0,0,0,0,0,,Matches,UEL,22-23
2f18d0b8,58,Timon Wellenreuther,GER,GK,Feyenoord,26,1995,2,2,180,2.0,2,1.0,3,1,33.3,1,1,0,0,0.0,0,0,0,0,,Matches,UEL,22-23
