id,Unnamed: 0_level_0,Unnamed: 1_level_0,Unnamed: 2_level_0,Unnamed: 3_level_0,Unnamed: 4_level_0,Unnamed: 5_level_0,Unnamed: 6_level_0,Playing Time,Playing Time,Playing Time,Playing Time,Playing Time,Starts,Starts,Starts,Subs,Subs,Subs,Team Success,Team Success,Team Success,Team Success,Team Success,Team Success,Team Success (xG),Team Success (xG),Team Success (xG),Team Success (xG),Team Success (xG),Unnamed: 29_level_0,Unnamed: league,Unnamed: season
,Rk,Player,Nation,Pos,Squad,Age,Born,MP,Min,Mn/MP,Min%,90s,Starts,Mn/Start,Compl,Subs,Mn/Sub,unSub,PPM,onG,onGA,+/-,+/-90,On-Off,onxG,onxGA,xG+/-,xG+/-90,On-Off,Matches,league,season
7310786d,1,Keyliane Abdallah,FRA,FW,Marseille,18-147,2006,1,3,3,1.7,0.0,0,,0,1,3,0,3.0,0,0,0,0.0,-2.03,0.0,0.0,0.0,-0.49,-2.14,Matches,FRA-L1,24-25
32c2d95f,2,Yunis Abdelhamid,MAR,DF,Saint-Étienne,36-337,1987,2,180,90,100.0,2.0,2,90,2,0,,0,0.0,0,3,-3,-1.5,,1.5,4.3,-2.8,-1.41,,Matches,FRA-L1,24-25
7978cbf0,3,Himad Abdelli,ALG,"FW,MF",Angers,24-287,1999,2,180,90,100.0,2.0,2,90,2,0,,0,0.0,0,3,-3,-1.5,,1.0,2.1,-1.1,-0.56,,Matches,FRA-L1,24-25
0e46fa2f,4,Matthis Abline,FRA,FW,Nantes,21-155,2003,2,165,83,91.7,1.8,2,83,0,0,,0,2.0,1,0,1,0.55,-5.45,1.5,1.9,-0.4,-0.2,3.05,Matches,FRA-L1,24-25
7f9c5d2d,5,Abner,BRA,DF,Lyon,24-095,2000,2,156,78,86.7,1.7,2,78,0,0,,0,0.0,0,3,-3,-1.73,5.77,1.9,3.7,-1.7,-0.99,0.77,Matches,FRA-L1,24-25
c2a6033c,6,Zakaria Aboukhlal,MAR,"FW,MF",Toulouse,24-194,2000,2,180,90,100.0,2.0,2,90,2,0,,0,1.0,1,1,0,0.0,,2.7,1.7,0.9,0.47,,Matches,FRA-L1,24-25
a9f236d0,7,Mathieu Acapandié,FRA,DF,Nantes,19-260,2004,0,,,,,0,,0,0,,2,,,,,,,,,,,,Matches,FRA-L1,24-25
2ccd39ed,8,Akor Adams,NGA,FW,Montpellier,24-214,2000,2,102,51,56.7,1.1,1,79,0,1,23,0,0.5,1,2,-1,-0.88,4.89,1.7,1.6,0.0,0.04,3.36,Matches,FRA-L1,24-25
7587446d,9,Martin Adeline,FRA,MF,Reims,20-272,2003,1,26,26,14.4,0.3,0,,0,1,26,1,1.0,0,1,-1,-3.46,-2.88,0.1,1.0,-1.0,-3.42,-1.57,Matches,FRA-L1,24-25
506662d6,10,Raphaël Adiceam,FRA,GK,Auxerre,34-058,1990,0,,,,,0,,0,0,,1,,,,,,,,,,,,Matches,FRA-L1,24-25
e980e78d,11,Adryelson,BRA,DF,Lyon,26-160,1998,0,,,,,0,,0,0,,2,,,,,,,,,,,,Matches,FRA-L1,24-25
75f1ed80,12,Emmanuel Agbadou,CIV,DF,Reims,27-074,1997,2,180,90,100.0,2.0,2,90,2,0,,0,0.5,2,4,-2,-1.0,,0.9,5.1,-4.2,-2.08,,Matches,FRA-L1,24-25
3dd738a1,13,Ruben Aguilar,FRA,DF,Lens,31-126,1993,2,180,90,100.0,2.0,2,90,2,0,,0,3.0,3,0,3,1.5,,4.1,1.2,2.9,1.45,,Matches,FRA-L1,24-25
48b28bfd,14,Jean-Eudes Aholou,CIV,MF,Angers,30-163,1994,1,90,90,50.0,1.0,1,90,1,0,,0,0.0,0,1,-1,-1.0,1.0,0.4,1.2,-0.8,-0.83,-0.53,Matches,FRA-L1,24-25
8399c416,15,Ayman Aiki,FRA,MF,Saint-Étienne,19-066,2005,2,29,15,16.1,0.3,0,,0,2,15,0,0.0,0,0,0,0.0,1.79,0.0,0.9,-0.8,-2.54,-1.35,Matches,FRA-L1,24-25
462475ed,16,Ludovic Ajorque,FRA,FW,Brest,30-187,1994,2,141,71,78.3,1.6,2,71,0,0,,0,0.0,1,6,-5,-3.19,-0.88,2.0,4.4,-2.4,-1.54,0.14,Matches,FRA-L1,24-25
06efa9dc,17,Sergio Akieme,ESP,DF,Reims,26-258,1997,2,180,90,100.0,2.0,2,90,2,0,,0,0.5,2,4,-2,-1.0,,0.9,5.1,-4.2,-2.08,,Matches,FRA-L1,24-25
b625b241,18,Maghnes Akliouche,FRA,FW,Monaco,22-187,2002,2,112,56,62.2,1.2,1,90,1,1,22,0,3.0,2,0,2,1.61,0.28,2.5,0.0,2.5,2.0,0.37,Matches,FRA-L1,24-25
0abb5072,19,Clément Akpa,CIV,DF,Auxerre,22-280,2001,1,51,51,28.3,0.6,1,51,0,0,,0,3.0,1,1,0,0.0,0.7,1.6,0.5,1.1,1.89,2.09,Matches,FRA-L1,24-25
f8405304,20,Mohamed Ali Cho,FRA,FW,Nice,20-224,2004,2,141,71,78.3,1.6,2,71,0,0,,0,0.5,2,2,0,0.0,2.31,1.7,2.5,-0.7,-0.47,-0.32,Matches,FRA-L1,24-25
22721b88,21,Jordan Amavi,FRA,DF,Brest,30-174,1994,2,172,86,95.6,1.9,2,86,0,0,,0,0.0,1,7,-6,-3.14,-3.14,2.1,5.2,-3.1,-1.62,-1.25,Matches,FRA-L1,24-25
bcc81786,22,Kelvin Amian,FRA,DF,Nantes,26-204,1998,2,180,90,100.0,2.0,2,90,2,0,,0,2.0,2,0,2,1.0,,1.9,2.8,-0.9,-0.45,,Matches,FRA-L1,24-25
349cae8f,23,Michael Amir Murillo,PAN,DF,Marseille,28-201,1996,2,180,90,100.0,2.0,2,90,2,0,,0,2.0,7,3,4,2.0,,5.4,2.2,3.2,1.62,,Matches,FRA-L1,24-25
f93cca97,24,Mathis Amougou,FRA,MF,Saint-Étienne,18-225,2006,2,180,90,100.0,2.0,2,90,2,0,,0,0.0,0,3,-3,-1.5,,1.5,4.3,-2.8,-1.41,,Matches,FRA-L1,24-25
ef9c1c95,25,Benjamin André,FRA,MF,Lille,34-027,1990,1,90,90,50.0,1.0,1,90,1,0,,0,3.0,2,0,2,2.0,0.0,0.9,0.6,0.3,0.3,-1.68,Matches,FRA-L1,24-25
feb5d3ab,26,Dennis Appiah,FRA,DF,Saint-Étienne,32-082,1992,1,45,45,25.0,0.5,0,,0,1,45,0,0.0,0,2,-2,-4.0,-3.33,1.0,1.7,-0.7,-1.36,0.06,Matches,FRA-L1,24-25
5e837126,27,Carlens Arcus,HAI,DF,Angers,28-063,1996,2,165,83,91.7,1.8,2,83,1,0,,0,0.0,0,3,-3,-1.64,-1.64,0.8,1.9,-1.1,-0.61,-0.6,Matches,FRA-L1,24-25
e2ae54db,28,Hákon Arnar Haraldsson,ISL,MF,Lille,21-142,2003,2,123,62,68.3,1.4,1,76,0,1,47,0,3.0,3,0,3,2.2,0.62,2.3,0.6,1.7,1.22,0.24,Matches,FRA-L1,24-25
45af8a54,29,Marco Asensio,ESP,"MF,FW",Paris S-G,28-222,1996,2,131,66,72.8,1.5,2,66,0,0,,0,3.0,6,1,5,3.44,-3.91,4.3,0.5,3.8,2.64,-1.09,Matches,FRA-L1,24-25
b026bbf6,30,Lorenz Assignon,TOG,DF,Rennes,24-069,2000,2,129,65,71.7,1.4,2,65,0,0,,0,1.5,3,2,1,0.7,0.7,1.9,1.8,0.1,0.07,-0.36,Matches,FRA-L1,24-25
fb32896c,31,Dehmaine Assoumani,FRA,FW,Nantes,19-135,2005,0,,,,,0,,0,0,,2,,,,,,,,,,,,Matches,FRA-L1,24-25
6b5edd5d,32,Valentin Atangana Edoa,FRA,MF,Reims,19-005,2005,2,161,81,89.4,1.8,2,81,1,0,,0,0.5,2,3,-1,-0.56,4.18,0.9,4.5,-3.6,-2.01,0.66,Matches,FRA-L1,24-25
718b8afd,33,Florian Ayé,FRA,FW,Auxerre,27-224,1997,2,37,19,20.6,0.4,0,,0,2,19,0,1.5,1,1,0,0.0,0.63,0.5,0.5,0.0,0.08,-0.39,Matches,FRA-L1,24-25
c6f0d5d4,34,Shavy Babicka,GAB,MF,Toulouse,24-090,2000,1,26,26,14.4,0.3,0,,0,1,26,0,1.0,1,0,1,3.46,4.05,0.6,0.1,0.5,1.65,1.39,Matches,FRA-L1,24-25
c724745e,35,Theo Bair,CAN,FW,Auxerre,25-003,1999,2,125,63,69.4,1.4,2,63,0,0,,0,1.5,1,2,-1,-0.72,-0.72,2.4,1.4,1.0,0.73,1.1,Matches,FRA-L1,24-25
2b5a35e5,36,Dilane Bakwa,FRA,DF,Strasbourg,22-004,2002,2,180,90,100.0,2.0,2,90,2,0,,0,2.0,4,2,2,1.0,,1.6,2.4,-0.8,-0.38,,Matches,FRA-L1,24-25
7c3ed041,37,Leonardo Balerdi,ARG,DF,Marseille,25-217,1999,2,180,90,100.0,2.0,2,90,2,0,,0,2.0,7,3,4,2.0,,5.4,2.2,3.2,1.62,,Matches,FRA-L1,24-25
31822f8c,38,Folarin Balogun,USA,FW,Monaco,23-058,2001,1,68,68,37.8,0.8,1,68,0,0,,1,3.0,1,0,1,1.32,-0.28,1.7,0.4,1.2,1.63,-0.37,Matches,FRA-L1,24-25
7fecbcdb,39,Abdoulaye Bamba,CIV,DF,Angers,34-127,1990,2,167,84,92.8,1.9,2,84,1,0,,0,0.0,0,2,-2,-1.08,5.85,0.9,1.8,-0.8,-0.45,1.62,Matches,FRA-L1,24-25
69e930e4,40,Mamady Bangré,BFA,MF,Toulouse,23-076,2001,0,,,,,0,,0,0,,2,,,,,,,,,,,,Matches,FRA-L1,24-25
98764a34,41,Hugo Barbet,FRA,GK,Nantes,22-282,2001,0,,,,,0,,0,0,,2,,,,,,,,,,,,Matches,FRA-L1,24-25
a0d55a09,42,Bradley Barcola,FRA,FW,Paris S-G,21-363,2002,2,81,41,45.0,0.9,1,61,0,1,20,0,3.0,8,0,8,8.89,7.98,4.0,0.3,3.7,4.2,2.29,Matches,FRA-L1,24-25
1ddbc7ca,43,Melvin Bard,FRA,DF,Nice,23-298,2000,1,82,82,45.6,0.9,1,82,0,0,,0,1.0,1,1,0,0.0,0.92,1.1,0.9,0.3,0.31,1.31,Matches,FRA-L1,24-25
5475a510,44,Gabriel Bares,SUI,MF,Montpellier,24-001,2000,1,8,8,4.4,0.1,0,,0,1,8,1,0.0,0,0,0,0.0,3.14,0.1,0.3,-0.2,-2.7,-1.37,Matches,FRA-L1,24-25
37d39918,45,Dylan Batubinsika,COD,DF,Saint-Étienne,28-197,1996,2,180,90,100.0,2.0,2,90,2,0,,0,0.0,0,3,-3,-1.5,,1.5,4.3,-2.8,-1.41,,Matches,FRA-L1,24-25
e21d1928,46,Yassin Belkhdim,FRA,MF,Angers,22-198,2002,2,159,80,88.3,1.8,2,80,1,0,,0,0.0,0,3,-3,-1.7,-1.7,0.8,1.7,-0.9,-0.52,0.34,Matches,FRA-L1,24-25
3bd65247,47,Eliesse Ben Seghir,MAR,"MF,FW",Monaco,19-196,2005,2,156,78,86.7,1.7,2,78,0,0,,0,3.0,2,0,2,1.15,-2.6,3.6,0.5,3.1,1.79,-0.51,Matches,FRA-L1,24-25
1f6298f2,48,Salim Ben Seghir,FRA,FW,Marseille,21-188,2003,0,,,,,0,,0,0,,1,,,,,,,,,,,,Matches,FRA-L1,24-25
5a04fd92,49,Saïd Benrahma,ALG,"FW,MF",Lyon,29-020,1995,2,170,85,94.4,1.9,2,85,1,0,,0,0.0,0,5,-5,-2.65,-2.65,2.1,3.9,-1.9,-0.99,1.67,Matches,FRA-L1,24-25
b8aedf06,50,Lucas Beraldo,BRA,DF,Paris S-G,20-280,2003,1,90,90,50.0,1.0,1,90,1,0,,1,3.0,4,1,3,3.0,-3.0,2.9,0.2,2.7,2.67,-0.53,Matches,FRA-L1,24-25
380a15e2,51,Dimitry Bertaud,COD,GK,Montpellier,26-085,1998,0,,,,,0,,0,0,,2,,,,,,,,,,,,Matches,FRA-L1,24-25
e5a94f46,52,Emmanuel Biumla,FRA,DF,Angers,19-114,2005,1,13,13,7.2,0.1,0,,0,1,13,1,0.0,0,1,-1,-6.92,-5.85,0.0,0.3,-0.3,-2.06,-1.62,Matches,FRA-L1,24-25
3d214e5f,53,Marco Bizot,NED,GK,Brest,33-173,1991,2,180,90,100.0,2.0,2,90,2,0,,0,0.0,1,7,-6,-3.0,,2.2,5.3,-3.1,-1.57,,Matches,FRA-L1,24-25
6191093d,54,Ludovic Blas,FRA,"FW,MF",Rennes,26-243,1997,2,180,90,100.0,2.0,2,90,2,0,,0,1.5,4,3,1,0.5,,3.1,2.8,0.3,0.17,,Matches,FRA-L1,24-25
59e9edb5,55,Augustine Boakye,GHA,MF,Saint-Étienne,23-301,2000,2,52,26,28.9,0.6,0,,0,2,26,0,0.0,0,1,-1,-1.73,-0.32,0.4,1.1,-0.7,-1.18,0.32,Matches,FRA-L1,24-25
c4c45a88,56,Mathéo Bodmer,FRA,DF,Le Havre,20-116,2004,0,,,,,0,,0,0,,1,,,,,,,,,,,,Matches,FRA-L1,24-25
e606b6c0,57,Adama Bojang,GAM,FW,Reims,20-094,2004,0,,,,,0,,0,0,,2,,,,,,,,,,,,Matches,FRA-L1,24-25
c2f23fc8,58,Moïse Bombito,CAN,DF,Nice,24-153,2000,1,90,90,50.0,1.0,1,90,1,0,,0,1.0,1,1,0,0.0,1.0,1.3,1.0,0.3,0.3,1.41,Matches,FRA-L1,24-25
6f79fa09,59,Léo Botz,FRA,FW,Brest,19-232,2005,0,,,,,0,,0,0,,1,,,,,,,,,,,,Matches,FRA-L1,24-25
8006228f,60,Ayyoub Bouaddi,FRA,MF,Lille,16-333,2007,2,20,10,11.1,0.2,0,,0,2,10,0,3.0,2,0,2,9.0,7.88,0.9,0.1,0.9,3.89,3.1,Matches,FRA-L1,24-25
0400dd2f,61,Badredine Bouanani,ALG,"FW,MF",Nice,19-266,2004,2,38,19,21.1,0.4,0,,0,2,19,0,0.5,0,1,-1,-2.37,-2.37,0.3,0.3,-0.1,-0.16,0.31,Matches,FRA-L1,24-25
f9d5908e,62,Hicham Boudaoui,ALG,MF,Nice,24-342,1999,2,180,90,100.0,2.0,2,90,2,0,,0,0.5,2,3,-1,-0.5,,2.0,2.8,-0.8,-0.4,,Matches,FRA-L1,24-25
9921f617,63,Ismaïl Bouneb,FRA,MF,Le Havre,18-084,2006,0,,,,,0,,0,0,,2,,,,,,,,,,,,Matches,FRA-L1,24-25
20e73fac,64,Benjamin Bourigeaud,FRA,MF,Rennes,30-229,1994,1,80,80,44.4,0.9,1,80,0,0,,0,3.0,2,0,2,2.25,3.15,1.9,1.9,0.0,0.02,-0.26,Matches,FRA-L1,24-25
02bcaf8e,65,Bilal Brahimi,ALG,MF,Nice,24-169,2000,2,76,38,42.2,0.8,1,63,0,1,13,0,0.5,1,1,0,0.0,0.87,0.7,1.9,-1.2,-1.42,-1.75,Matches,FRA-L1,24-25
5b146df3,66,Lilian Brassier,FRA,DF,Marseille,24-302,1999,1,90,90,50.0,1.0,1,90,1,0,,0,1.0,2,2,0,0.0,-4.0,3.0,0.9,2.2,2.17,1.11,Matches,FRA-L1,24-25
af8e48b6,67,Vincent Burlet,BEL,DF,Lille,18-342,2005,0,,,,,0,,0,0,,1,,,,,,,,,,,,Matches,FRA-L1,24-25
db87a2c4,68,Marcin Bułka,POL,GK,Nice,24-331,1999,2,180,90,100.0,2.0,2,90,2,0,,0,0.5,2,3,-1,-0.5,,2.0,2.8,-0.8,-0.4,,Matches,FRA-L1,24-25
148e136f,69,Rémy Cabella,FRA,MF,Lille,34-175,1990,2,109,55,60.6,1.2,1,86,0,1,23,0,3.0,2,0,2,1.65,-0.88,1.8,0.4,1.3,1.09,-0.12,Matches,FRA-L1,24-25
2a657da0,70,Mathieu Cafaro,FRA,MF,Saint-Étienne,27-158,1997,2,157,79,87.2,1.7,2,79,1,0,,0,0.0,0,3,-3,-1.72,-1.72,1.5,4.1,-2.5,-1.45,-0.35,Matches,FRA-L1,24-25
94f8d10c,71,Duje Ćaleta-Car,CRO,DF,Lyon,27-348,1996,2,180,90,100.0,2.0,2,90,2,0,,0,0.0,0,5,-5,-2.5,,2.1,4.3,-2.2,-1.09,,Matches,FRA-L1,24-25
9a34200f,72,Issiaga Camara,GUI,MF,Nice,19-210,2005,1,4,4,2.2,0.0,0,,0,1,4,1,0.0,0,1,-1,-22.5,-22.5,0.1,0.1,0.0,-0.01,0.4,Matches,FRA-L1,24-25
19c2ffa4,73,Lamine Camara,SEN,MF,Monaco,20-242,2004,2,179,90,99.4,2.0,2,90,1,0,,0,3.0,3,0,3,1.51,1.51,4.2,0.5,3.7,1.87,1.87,Matches,FRA-L1,24-25
8577e60a,74,Mahdi Camara,FRA,MF,Brest,26-061,1998,2,180,90,100.0,2.0,2,90,2,0,,0,0.0,1,7,-6,-3.0,,2.2,5.3,-3.1,-1.57,,Matches,FRA-L1,24-25
9f4a940f,75,Axel Camblan,FRA,MF,Brest,21-000,2003,1,21,21,11.7,0.2,0,,0,1,21,1,0.0,0,0,0,0.0,3.4,0.1,0.0,0.1,0.29,2.11,Matches,FRA-L1,24-25
79b2399c,76,Pierrick Capelle,FRA,MF,Angers,37-137,1987,2,145,73,80.6,1.6,2,73,0,0,,0,0.0,0,2,-2,-1.24,1.33,0.5,1.6,-1.1,-0.71,-0.76,Matches,FRA-L1,24-25
f81ef10d,77,Maxence Caqueret,FRA,MF,Lyon,24-197,2000,2,164,82,91.1,1.8,2,82,0,0,,0,0.0,0,4,-4,-2.2,3.43,1.9,3.9,-1.9,-1.07,0.2,Matches,FRA-L1,24-25
707b98f1,78,Valentin Carboni,ARG,FW,Marseille,19-178,2005,1,13,13,7.2,0.1,0,,0,1,13,0,1.0,0,0,0,0.0,-2.16,0.3,0.0,0.3,1.75,0.14,Matches,FRA-L1,24-25
481f76cf,79,Josué Casimir,FRA,FW,Le Havre,22-341,2001,2,157,79,87.2,1.7,2,79,1,0,,0,1.5,3,4,-1,-0.57,-0.57,1.9,3.7,-1.8,-1.01,-2.54,Matches,FRA-L1,24-25
f86fe8c1,80,Cristian Cásseres Jr.,VEN,MF,Toulouse,24-223,2000,2,180,90,100.0,2.0,2,90,2,0,,0,1.0,1,1,0,0.0,,2.7,1.7,0.9,0.47,,Matches,FRA-L1,24-25
e0f3a1f6,81,Jean-Charles Castelletto,CMR,DF,Nantes,29-217,1995,2,180,90,100.0,2.0,2,90,2,0,,0,2.0,2,0,2,1.0,,1.9,2.8,-0.9,-0.45,,Matches,FRA-L1,24-25
16aa7d4c,82,Brendan Chardonnet,FRA,DF,Brest,29-252,1994,2,180,90,100.0,2.0,2,90,2,0,,0,0.0,1,7,-6,-3.0,,2.2,5.3,-3.1,-1.57,,Matches,FRA-L1,24-25
649b57e9,83,Jhoanner Chávez,ECU,DF,Lens,22-127,2002,2,138,69,76.7,1.5,2,69,0,0,,0,3.0,3,0,3,1.96,1.96,3.7,1.0,2.7,1.76,1.35,Matches,FRA-L1,24-25
5a5b785e,84,Théo Chennahi,FRA,MF,Montpellier,19-206,2005,0,,,,,0,,0,0,,2,,,,,,,,,,,,Matches,FRA-L1,24-25
78430598,85,Sidiki Cherif,FRA,FW,Angers,17-259,2006,2,152,76,84.4,1.7,2,76,0,0,,0,0.0,0,2,-2,-1.18,2.03,0.8,1.6,-0.8,-0.49,0.47,Matches,FRA-L1,24-25
b3d76d84,86,Lucas Chevalier,FRA,GK,Lille,22-298,2001,2,180,90,100.0,2.0,2,90,2,0,,0,3.0,4,0,4,2.0,,2.9,0.6,2.3,1.14,,Matches,FRA-L1,24-25
68a26d51,87,Pedro Chirivella,ESP,MF,Nantes,27-099,1997,2,177,89,98.3,2.0,2,89,1,0,,0,2.0,1,0,1,0.51,-29.49,1.5,2.7,-1.2,-0.6,-8.99,Matches,FRA-L1,24-25
7909ffa4,88,Joris Chotard,FRA,MF,Montpellier,22-341,2001,2,180,90,100.0,2.0,2,90,2,0,,0,0.5,1,7,-6,-3.0,,1.9,4.7,-2.8,-1.4,,Matches,FRA-L1,24-25
576ca93f,89,Djaoui Cissé,FRA,MF,Rennes,20-212,2004,0,,,,,0,,0,0,,2,,,,,,,,,,,,Matches,FRA-L1,24-25
5219ab4a,90,Jonathan Clauss,FRA,"DF,MF",Nice,31-340,1992,2,180,90,100.0,2.0,2,90,2,0,,0,0.5,2,3,-1,-0.5,,2.0,2.8,-0.8,-0.4,,Matches,FRA-L1,24-25
3010aefb,91,Marcus Coco,FRA,"DF,FW",Nantes,28-067,1996,2,87,44,48.3,1.0,1,74,0,1,13,0,2.0,1,0,1,1.03,0.07,0.8,1.0,-0.2,-0.2,0.5,Matches,FRA-L1,24-25
577744b8,92,Derek Cornelius,CAN,DF,Marseille,26-279,1997,1,90,90,50.0,1.0,1,90,1,0,,1,3.0,5,1,4,4.0,4.0,2.4,1.3,1.1,1.06,-1.11,Matches,FRA-L1,24-25
59948ef7,93,David Pereira da Costa,POR,MF,Lens,23-238,2001,1,26,26,14.4,0.3,0,,0,1,26,0,3.0,0,0,0,0.0,-1.75,0.3,0.2,0.1,0.44,-1.18,Matches,FRA-L1,24-25
bfb2056e,94,Logan Costa,CPV,DF,Toulouse,23-151,2001,1,90,90,50.0,1.0,1,90,1,0,,0,1.0,0,0,0,0.0,0.0,1.7,0.5,1.2,1.23,1.53,Matches,FRA-L1,24-25
ca95200f,95,Grégoire Coudert,FRA,GK,Brest,25-149,1999,0,,,,,0,,0,0,,2,,,,,,,,,,,,Matches,FRA-L1,24-25
78310540,96,Lasso Coulibaly,GHA,"FW,MF",Auxerre,21-316,2002,2,38,19,21.1,0.4,0,,0,2,19,0,1.5,1,1,0,0.0,0.63,0.5,0.7,-0.2,-0.45,-1.07,Matches,FRA-L1,24-25
05ba9d7c,97,Tanguy Coulibaly,FRA,FW,Montpellier,23-194,2001,1,3,3,1.7,0.0,0,,0,1,3,1,1.0,0,0,0,0.0,3.05,0.0,0.2,-0.2,-6.77,-5.46,Matches,FRA-L1,24-25
4654e5f5,98,Charlie Cresswell,ENG,DF,Toulouse,22-013,2002,2,180,90,100.0,2.0,2,90,2,0,,0,1.0,1,1,0,0.0,,2.7,1.7,0.9,0.47,,Matches,FRA-L1,24-25
e76f6fbe,99,Kévin Danois,FRA,DF,Auxerre,20-063,2004,1,5,5,2.8,0.1,0,,0,1,5,1,0.0,0,1,-1,-18.0,-18.0,0.1,0.4,-0.3,-5.03,-5.58,Matches,FRA-L1,24-25
6e33125f,100,Kevin Danso,AUT,DF,Lens,25-346,1998,2,180,90,100.0,2.0,2,90,2,0,,0,3.0,3,0,3,1.5,,4.1,1.2,2.9,1.45,,Matches,FRA-L1,24-25
fd2bc67d,101,Dante,BRA,DF,Nice,40-317,1983,2,180,90,100.0,2.0,2,90,2,0,,0,0.5,2,3,-1,-0.5,,2.0,2.8,-0.8,-0.4,,Matches,FRA-L1,24-25
d4925a40,102,Pape Daouda Diongue,SEN,MF,Strasbourg,,,1,45,45,25.0,0.5,1,45,0,0,,1,1.0,0,0,0,0.0,-1.33,0.2,0.4,-0.2,-0.43,-0.06,Matches,FRA-L1,24-25
5069b796,103,Achraf Dari,MAR,DF,Brest,25-116,1999,0,,,,,0,,0,0,,2,,,,,,,,,,,,Matches,FRA-L1,24-25
ce50fd99,104,Jonathan David,CAN,FW,Lille,24-229,2000,2,133,67,73.9,1.5,1,88,0,1,45,0,3.0,2,0,2,1.35,-2.48,1.7,0.6,1.1,0.72,-1.63,Matches,FRA-L1,24-25
88b4d2e3,105,Zuriko Davitashvili,GEO,MF,Saint-Étienne,23-197,2001,2,151,76,83.9,1.7,2,76,1,0,,0,0.0,0,2,-2,-1.19,1.91,1.2,3.6,-2.4,-1.44,-0.19,Matches,FRA-L1,24-25
c31cf14b,106,Jeffrey De Lange,NED,GK,Marseille,26-151,1998,0,,,,,0,,0,0,,2,,,,,,,,,,,,Matches,FRA-L1,24-25
afbb55d2,107,Théo De Percin,MTQ,GK,Auxerre,23-210,2001,0,,,,,0,,0,0,,2,,,,,,,,,,,,Matches,FRA-L1,24-25
5fdcb075,108,Thibault De Smet,BEL,"DF,MF",Reims,26-086,1998,0,,,,,0,,0,0,,2,,,,,,,,,,,,Matches,FRA-L1,24-25
0be95d34,109,Romain Del Castillo,FRA,FW,Brest,28-154,1996,2,180,90,100.0,2.0,2,90,2,0,,0,0.0,1,7,-6,-3.0,,2.2,5.3,-3.1,-1.57,,Matches,FRA-L1,24-25
b19db005,110,Ousmane Dembélé,FRA,FW,Paris S-G,27-107,1997,2,81,41,45.0,0.9,1,61,0,1,20,0,3.0,8,0,8,8.89,7.98,4.0,0.3,3.7,4.15,2.22,Matches,FRA-L1,24-25
e8c5dd4d,111,Arthur Desmas,FRA,GK,Le Havre,30-145,1994,2,180,90,100.0,2.0,2,90,2,0,,0,1.5,3,4,-1,-0.5,,2.6,4.0,-1.4,-0.68,,Matches,FRA-L1,24-25
331c5a98,112,Mamadou Diakhon,FRA,"MF,FW",Reims,18-343,2005,2,20,10,11.1,0.2,0,,0,2,10,0,0.5,0,1,-1,-4.5,-3.94,0.1,0.8,-0.7,-3.19,-1.25,Matches,FRA-L1,24-25
1bfb6fef,113,Bafodé Diakité,FRA,DF,Lille,23-237,2001,2,180,90,100.0,2.0,2,90,2,0,,0,3.0,4,0,4,2.0,,2.9,0.6,2.3,1.14,,Matches,FRA-L1,24-25
44435c8f,114,Oumar Diakité,CIV,FW,Reims,20-254,2003,2,125,63,69.4,1.4,2,63,0,0,,0,0.5,2,2,0,0.0,3.27,0.8,3.3,-2.4,-1.78,0.96,Matches,FRA-L1,24-25
709883ef,115,Tidiane Diallo,FRA,FW,Strasbourg,18-094,2006,0,,,,,0,,0,0,,1,,,,,,,,,,,,Matches,FRA-L1,24-25
6d0fe035,116,Habib Diarra,SEN,MF,Strasbourg,20-240,2004,2,159,80,88.3,1.8,2,80,0,0,,0,2.0,3,2,1,0.57,-3.72,1.3,2.4,-1.1,-0.61,-1.93,Matches,FRA-L1,24-25
1f038218,117,Kandet Diawara,GUI,FW,Le Havre,24-202,2000,1,4,4,2.2,0.0,0,,0,1,4,0,0.0,0,1,-1,-22.5,-22.5,0.0,0.8,-0.8,-17.74,-17.44,Matches,FRA-L1,24-25
1906b842,118,Mahamadou Diawara,FRA,MF,Lyon,19-195,2005,2,16,8,8.9,0.2,0,,0,2,8,0,0.0,0,1,-1,-5.63,-3.43,0.1,0.4,-0.2,-1.28,-0.2,Matches,FRA-L1,24-25
4be0b467,119,Lois Diony,FRA,FW,Angers,31-254,1992,1,21,21,11.7,0.2,0,,0,1,21,0,0.0,0,0,0,0.0,1.7,0.1,0.3,-0.2,-0.86,-0.34,Matches,FRA-L1,24-25
37143438,120,Edan Diop,FRA,MF,Monaco,20-002,2004,0,,,,,0,,0,0,,1,,,,,,,,,,,,Matches,FRA-L1,24-25
9b5237b1,121,Andy Diouf,FRA,MF,Lens,21-105,2003,2,108,54,60.0,1.2,1,89,0,1,19,0,3.0,2,0,2,1.67,0.42,3.0,1.0,2.1,1.71,0.65,Matches,FRA-L1,24-25
eedea60b,122,Yehvann Diouf,FRA,GK,Reims,24-288,1999,2,180,90,100.0,2.0,2,90,2,0,,0,0.5,2,4,-2,-1.0,,0.9,5.1,-4.2,-2.08,,Matches,FRA-L1,24-25
7f622eef,123,Assane Dioussé,SEN,MF,Auxerre,26-345,1997,0,,,,,0,,0,0,,2,,,,,,,,,,,,Matches,FRA-L1,24-25
1bd5bdc4,124,Alan Do Marcolino,GAB,FW,Rennes,22-164,2002,0,,,,,0,,0,0,,1,,,,,,,,,,,,Matches,FRA-L1,24-25
f240be08,125,Álex Domínguez,ESP,GK,Toulouse,26-031,1998,0,,,,,0,,0,0,,2,,,,,,,,,,,,Matches,FRA-L1,24-25
08f5afaa,126,Gianluigi Donnarumma,ITA,GK,Paris S-G,25-187,1999,2,180,90,100.0,2.0,2,90,2,0,,0,3.0,10,1,9,4.5,,6.7,0.8,5.9,2.93,,Matches,FRA-L1,24-25
9e7483ff,127,Désiré Doué,FRA,FW,Paris S-G,19-088,2005,1,29,29,16.1,0.3,0,,0,1,29,0,3.0,1,0,1,3.1,-1.66,1.1,0.4,0.7,2.23,-0.84,Matches,FRA-L1,24-25
b4ef3fb5,128,Guela Doué,CIV,DF,Strasbourg,21-318,2002,2,180,90,100.0,2.0,2,90,2,0,,0,2.0,4,2,2,1.0,,1.6,2.4,-0.8,-0.38,,Matches,FRA-L1,24-25
301c287b,129,Douglas,BRA,MF,Nantes,27-230,1997,2,180,90,100.0,2.0,2,90,2,0,,0,2.0,2,0,2,1.0,,1.9,2.8,-0.9,-0.45,,Matches,FRA-L1,24-25
0512a60a,130,Ismaël Doukouré,FRA,MF,Strasbourg,21-037,2003,2,154,77,85.6,1.7,2,77,0,0,,0,2.0,3,2,1,0.58,-2.88,1.3,1.9,-0.7,-0.38,0.01,Matches,FRA-L1,24-25
c4d2da61,131,Amidou Doumbouya,FRA,MF,Nice,17-025,2007,0,,,,,0,,0,0,,1,,,,,,,,,,,,Matches,FRA-L1,24-25
0e12089d,132,Maxime Dupé,FRA,GK,Nice,31-179,1993,0,,,,,0,,0,0,,2,,,,,,,,,,,,Matches,FRA-L1,24-25
0cbc8baa,133,Jean-Kevin Duverne,HAI,DF,Nantes,27-049,1997,2,106,53,58.9,1.2,1,90,1,1,16,0,2.0,2,0,2,1.7,1.7,1.4,2.2,-0.8,-0.67,-0.52,Matches,FRA-L1,24-25
38ef169e,134,Stefan Džodić,SRB,MF,Montpellier,19-168,2005,0,,,,,0,,0,0,,2,,,,,,,,,,,,Matches,FRA-L1,24-25
10cff752,135,Aron Dønnum,NOR,"DF,MF",Toulouse,26-132,1998,2,147,74,81.7,1.6,2,74,0,0,,0,1.0,1,1,0,0.0,0.0,1.4,1.4,0.0,-0.02,-2.62,Matches,FRA-L1,24-25
8d5016e6,136,Jacques Ekomie,GAB,DF,Angers,21-011,2003,2,159,80,88.3,1.8,2,80,0,0,,0,0.0,0,2,-2,-1.13,3.15,0.8,1.6,-0.8,-0.46,0.84,Matches,FRA-L1,24-25
0b4f388a,137,Breel Embolo,SUI,FW,Monaco,27-198,1997,2,153,77,85.0,1.7,2,77,1,0,,0,3.0,1,0,1,0.59,-6.08,3.5,0.5,3.0,1.75,-0.72,Matches,FRA-L1,24-25
a0c590b9,138,Emanuel Emegha,NED,FW,Strasbourg,21-209,2003,2,155,78,86.1,1.7,2,78,1,0,,0,2.0,3,2,1,0.58,-3.02,1.5,1.9,-0.4,-0.24,1.05,Matches,FRA-L1,24-25
745ca0a3,139,Romain Faivre,FRA,FW,Brest,26-047,1998,2,105,53,58.3,1.2,1,78,0,1,27,0,0.0,0,3,-3,-2.57,1.03,0.8,3.6,-2.8,-2.39,-1.97,Matches,FRA-L1,24-25
005c0807,140,Zinedine Ferhat,ALG,MF,Angers,31-182,1993,1,23,23,12.8,0.3,0,,0,1,23,1,0.0,0,1,-1,-3.91,-2.77,0.3,0.3,0.0,0.09,0.75,Matches,FRA-L1,24-25
375622c5,141,Jordan Ferri,FRA,MF,Montpellier,32-171,1992,2,157,79,87.2,1.7,2,79,1,0,,0,0.5,1,6,-5,-2.87,1.05,1.6,3.8,-2.2,-1.26,1.02,Matches,FRA-L1,24-25
50ac8941,142,Karol Fila,POL,MF,Strasbourg,26-078,1998,1,5,5,2.8,0.1,0,,0,1,5,0,1.0,0,0,0,0.0,-1.03,0.2,0.0,0.2,4.06,4.57,Matches,FRA-L1,24-25
8236f673,143,Malick Fofana,BEL,"FW,MF",Lyon,19-152,2005,2,95,48,52.8,1.1,1,72,0,1,23,0,0.0,0,2,-2,-1.89,1.28,1.6,2.6,-1.0,-0.91,0.39,Matches,FRA-L1,24-25
9d420dad,144,Yahia Fofana,CIV,GK,Angers,24-009,2000,2,180,90,100.0,2.0,2,90,2,0,,0,0.0,0,3,-3,-1.5,,1.0,2.1,-1.1,-0.56,,Matches,FRA-L1,24-25
2145368f,145,Lamine Fomba,FRA,MF,Saint-Étienne,26-217,1998,1,10,10,5.6,0.1,0,,0,1,10,1,0.0,0,0,0,0.0,1.59,0.0,0.1,-0.1,-0.55,0.9,Matches,FRA-L1,24-25
00a8d210,146,Przemysław Frankowski,POL,MF,Lens,29-140,1995,1,1,1,0.6,0.0,0,,0,1,1,1,3.0,0,0,0,0.0,-1.51,0.1,0.0,0.0,4.48,3.05,Matches,FRA-L1,24-25
4b96c347,147,Angelo Fulgini,FRA,MF,Lens,28-010,1996,2,89,45,49.4,1.0,1,64,0,1,25,0,3.0,1,0,1,1.01,-0.97,1.1,0.3,0.8,0.82,-1.24,Matches,FRA-L1,24-25
db3164e1,148,Gauthier Gallon,FRA,GK,Rennes,31-129,1993,0,,,,,0,,0,0,,2,,,,,,,,,,,,Matches,FRA-L1,24-25
8dae9a76,149,Antoine Gauthier,FRA,MF,Saint-Étienne,20-060,2004,0,,,,,0,,0,0,,1,,,,,,,,,,,,Matches,FRA-L1,24-25
6be41a31,150,Yann Gboho,FRA,"MF,FW",Toulouse,23-229,2001,2,180,90,100.0,2.0,2,90,2,0,,0,1.0,1,1,0,0.0,,2.7,1.7,0.9,0.47,,Matches,FRA-L1,24-25
badcdcae,151,Denis Genreau,AUS,MF,Toulouse,25-101,1999,0,,,,,0,,0,0,,2,,,,,,,,,,,,Matches,FRA-L1,24-25
645a3363,152,Angel Gomes,ENG,MF,Lille,23-365,2000,1,43,43,23.9,0.5,1,43,0,0,,0,3.0,0,0,0,0.0,-2.63,0.3,0.0,0.3,0.67,-0.62,Matches,FRA-L1,24-25
76a82373,153,Carlos Gómez,COL,"FW,MF",Rennes,21-353,2002,0,,,,,0,,0,0,,1,,,,,,,,,,,,Matches,FRA-L1,24-25
4d3e9033,154,Mathieu Gorgelin,FRA,GK,Le Havre,34-025,1990,0,,,,,0,,0,0,,2,,,,,,,,,,,,Matches,FRA-L1,24-25
aad56ca3,155,Amine Gouiri,ALG,FW,Rennes,24-196,2000,2,161,81,89.4,1.8,2,81,1,0,,0,1.5,4,2,2,1.12,5.85,2.7,2.7,0.0,0.0,-1.6,Matches,FRA-L1,24-25
06c48679,156,Jonathan Gradit,FRA,DF,Lens,31-280,1992,2,164,82,91.1,1.8,2,82,1,0,,0,3.0,3,0,3,1.65,1.65,4.0,1.2,2.8,1.56,1.18,Matches,FRA-L1,24-25
d2448564,157,Samuel Grandsir,FRA,MF,Le Havre,28-016,1996,2,21,11,11.7,0.2,0,,0,2,11,0,1.5,0,3,-3,-12.86,-13.99,0.6,1.3,-0.7,-3.19,-2.84,Matches,FRA-L1,24-25
58eee997,158,Mason Greenwood,ENG,"FW,MF",Marseille,22-334,2001,2,180,90,100.0,2.0,2,90,2,0,,0,2.0,7,3,4,2.0,,5.4,2.2,3.2,1.62,,Matches,FRA-L1,24-25
0da5076f,159,Albert Grønbaek,DEN,MF,Rennes,23-099,2001,2,157,79,87.2,1.7,2,79,0,0,,0,1.5,3,2,1,0.57,0.57,2.6,2.5,0.1,0.05,-0.95,Matches,FRA-L1,24-25
d5d22a58,160,Gabriel Gudmundsson,SWE,DF,Lille,25-123,1999,2,98,49,54.4,1.1,1,90,1,1,8,0,3.0,3,0,3,2.76,1.66,1.5,0.6,0.9,0.85,-0.64,Matches,FRA-L1,24-25
b73f17f8,161,Evann Guessand,CIV,FW,Nice,23-060,2001,2,180,90,100.0,2.0,2,90,2,0,,0,0.5,2,3,-1,-0.5,,2.0,2.8,-0.8,-0.4,,Matches,FRA-L1,24-25
a08bb82c,162,Bahereba Guirassy,FRA,FW,Nantes,18-001,2006,2,4,2,2.2,0.0,0,,0,2,2,0,2.0,1,0,1,22.5,21.99,0.4,0.6,-0.2,-4.37,-4.0,Matches,FRA-L1,24-25
5167c97e,163,Massadio Haïdara,MLI,"DF,MF",Lens,31-272,1992,0,,,,,0,,0,0,,1,,,,,,,,,,,,Matches,FRA-L1,24-25
e42d61c7,164,Achraf Hakimi,MAR,DF,Paris S-G,25-300,1998,2,180,90,100.0,2.0,2,90,2,0,,0,3.0,10,1,9,4.5,,6.7,0.8,5.9,2.93,,Matches,FRA-L1,24-25
6bfb4303,165,Florent Hanin,ALG,DF,Angers,34-208,1990,1,15,15,8.3,0.2,0,,0,1,15,1,0.0,0,0,0,0.0,1.64,0.1,0.1,0.0,-0.01,0.6,Matches,FRA-L1,24-25
e7d59f4f,166,Amine Harit,MAR,MF,Marseille,27-073,1997,2,164,82,91.1,1.8,2,82,0,0,,0,2.0,7,3,4,2.2,2.2,5.2,2.2,3.0,1.65,0.32,Matches,FRA-L1,24-25
3b333ac3,167,Hans Hateboer,NED,DF,Rennes,30-234,1994,2,51,26,28.3,0.6,0,,0,2,26,0,1.5,1,1,0,0.0,-0.7,1.2,1.0,0.2,0.42,0.36,Matches,FRA-L1,24-25
f36d5624,168,Luis Henrique,BRA,FW,Marseille,22-260,2001,2,177,89,98.3,2.0,2,89,1,0,,0,2.0,7,3,4,2.03,2.03,5.4,2.2,3.3,1.65,2.14,Matches,FRA-L1,24-25
9a71e978,169,Ki-Jana Hoever,NED,DF,Auxerre,22-225,2002,1,85,85,47.2,0.9,1,85,0,0,,0,0.0,0,1,-1,-1.06,-1.06,1.0,1.1,0.0,-0.05,-0.84,Matches,FRA-L1,24-25
00891164,170,Cédric Hountondji,BEN,DF,Angers,30-224,1994,2,180,90,100.0,2.0,2,90,2,0,,0,0.0,0,3,-3,-1.5,,1.0,2.1,-1.1,-0.56,,Matches,FRA-L1,24-25
8b04d6c1,171,Pierre Højbjerg,DEN,MF,Marseille,29-025,1995,2,180,90,100.0,2.0,2,90,2,0,,0,2.0,7,3,4,2.0,,5.4,2.2,3.2,1.62,,Matches,FRA-L1,24-25
78c3ad07,172,George Ilenikhena,FRA,"FW,MF",Monaco,18-014,2006,2,37,19,20.6,0.4,0,,0,2,19,0,3.0,2,0,2,4.86,4.24,0.8,0.0,0.8,1.95,0.11,Matches,FRA-L1,24-25
cd2cb5bb,173,Andrej Ilic,SRB,FW,Lille,24-149,2000,0,,,,,0,,0,0,,2,,,,,,,,,,,,Matches,FRA-L1,24-25
cf182add,174,Ismaily,BRA,DF,Lille,34-232,1990,1,82,82,45.6,0.9,1,82,0,0,,0,3.0,1,0,1,1.1,-1.66,1.4,0.1,1.4,1.49,0.64,Matches,FRA-L1,24-25
5d004b30,175,Yanis Issoufou,FRA,MF,Montpellier,17-307,2006,1,23,23,12.8,0.3,0,,0,1,23,1,0.0,0,1,-1,-3.91,-1.05,0.4,0.9,-0.6,-2.29,-1.02,Matches,FRA-L1,24-25
dbd3a428,176,Junya Ito,JPN,FW,Reims,31-174,1993,2,179,90,99.4,2.0,2,90,1,0,,0,0.5,2,4,-2,-1.01,-1.01,0.9,4.9,-4.0,-2.02,11.03,Matches,FRA-L1,24-25
a0415710,177,Ismail Jakobs,SEN,DF,Monaco,25-013,1999,2,180,90,100.0,2.0,2,90,2,0,,0,3.0,3,0,3,1.5,,4.2,0.5,3.7,1.86,,Matches,FRA-L1,24-25
f719ad7f,178,Jordan James,WAL,MF,Rennes,20-059,2004,1,19,19,10.6,0.2,0,,0,1,19,1,0.0,0,1,-1,-4.74,-5.85,0.4,0.1,0.3,1.6,1.6,Matches,FRA-L1,24-25
a56bd2ee,179,Karl-Johan Johnsson,SWE,GK,Strasbourg,34-215,1990,2,180,90,100.0,2.0,2,90,2,0,,0,2.0,4,2,2,1.0,,1.6,2.4,-0.8,-0.38,,Matches,FRA-L1,24-25
5b4bc323,180,Paul Joly,FRA,DF,Auxerre,24-084,2000,2,180,90,100.0,2.0,2,90,2,0,,0,1.5,2,3,-1,-0.5,,2.9,2.1,0.8,0.39,,Matches,FRA-L1,24-25
f9124307,181,Antoine Joujou,FRA,"FW,MF",Le Havre,21-171,2003,2,165,83,91.7,1.8,2,83,1,0,,0,1.5,3,1,2,1.09,19.09,2.6,2.7,-0.1,-0.05,7.65,Matches,FRA-L1,24-25
56ae428b,182,Jubal,BRA,DF,Auxerre,31-001,1993,2,180,90,100.0,2.0,2,90,2,0,,0,1.5,2,3,-1,-0.5,,2.9,2.1,0.8,0.39,,Matches,FRA-L1,24-25
cedc53d2,183,Yaya Kader Fofana,MLI,MF,Reims,20-079,2004,2,83,42,46.1,0.9,1,64,0,1,19,0,0.5,2,2,0,0.0,1.86,0.9,2.6,-1.7,-1.89,0.34,Matches,FRA-L1,24-25
7d08063d,184,Tino Kadewere,ZIM,"MF,FW",Nantes,28-238,1996,2,96,48,53.3,1.1,1,82,0,1,14,0,2.0,1,0,1,0.94,-0.13,0.8,1.5,-0.7,-0.66,-0.43,Matches,FRA-L1,24-25
bf4c41f9,185,Arnaud Kalimuendo,FRA,FW,Rennes,22-223,2002,1,33,33,18.3,0.4,0,,0,1,33,0,0.0,0,1,-1,-2.73,-3.95,0.5,0.3,0.2,0.5,0.4,Matches,FRA-L1,24-25
a426a912,186,Waren Kamanzi,NOR,"DF,MF",Toulouse,23-293,2000,2,175,88,97.2,1.9,2,88,1,0,,0,1.0,1,1,0,0.0,0.0,2.2,1.7,0.5,0.24,-8.29,Matches,FRA-L1,24-25
4da9191b,187,Glen Kamara,FIN,MF,Rennes,28-307,1995,2,180,90,100.0,2.0,2,90,2,0,,0,1.5,4,3,1,0.5,,3.1,2.8,0.3,0.17,,Matches,FRA-L1,24-25
c5908bc4,188,Nordine Kandil,FRA,MF,Strasbourg,22-304,2001,1,10,10,5.6,0.1,0,,0,1,10,0,1.0,0,0,0,0.0,-1.06,0.2,0.0,0.2,2.03,2.56,Matches,FRA-L1,24-25
8455ad90,189,Lee Kang-in,KOR,FW,Paris S-G,23-193,2001,2,99,50,55.0,1.1,1,70,0,1,29,0,3.0,2,1,1,0.91,-7.98,2.7,0.6,2.1,1.93,-2.22,Matches,FRA-L1,24-25
dcb5e162,190,Ibrahim Kanté,FRA,MF,Brest,17-165,2007,0,,,,,0,,0,0,,2,,,,,,,,,,,,Matches,FRA-L1,24-25
abefc3af,191,Yassine Kechta,MAR,"FW,MF",Le Havre,22-187,2002,2,170,85,94.4,1.9,2,85,0,0,,0,1.5,3,3,0,0.0,9.0,2.0,3.1,-1.1,-0.59,1.67,Matches,FRA-L1,24-25
51dbeea9,192,Thilo Kehrer,GER,DF,Monaco,27-344,1996,2,180,90,100.0,2.0,2,90,2,0,,0,3.0,3,0,3,1.5,,4.2,0.5,3.7,1.86,,Matches,FRA-L1,24-25
6b480714,193,Madiou Keïta,GUI,DF,Auxerre,20-001,2004,0,,,,,0,,0,0,,1,,,,,,,,,,,,Matches,FRA-L1,24-25
88acf83f,194,Reda Khadra,GER,MF,Reims,23-057,2001,1,30,30,16.7,0.3,0,,0,1,30,1,0.0,0,1,-1,-3.0,-2.4,0.1,0.8,-0.7,-2.08,-0.01,Matches,FRA-L1,24-25
2677a1de,195,Wahbi Khazri,TUN,FW,Montpellier,33-204,1991,1,67,67,37.2,0.7,1,67,0,0,,0,0.0,0,5,-5,-6.72,-5.92,0.3,2.9,-2.6,-3.56,-3.42,Matches,FRA-L1,24-25
d17ce930,196,Abdukodir Khusanov,UZB,"DF,FW",Lens,20-183,2004,2,17,9,9.4,0.2,0,,0,2,9,0,3.0,0,0,0,0.0,-1.66,0.1,0.2,-0.1,-0.36,-2.0,Matches,FRA-L1,24-25
9f30e7ed,197,Cédric Kipré,CIV,DF,Reims,27-265,1996,1,3,3,1.7,0.0,0,,0,1,3,1,1.0,0,0,0,0.0,1.02,0.0,0.1,-0.1,-4.35,-2.31,Matches,FRA-L1,24-25
faf873a7,198,Hervé Koffi,BFA,GK,Lens,27-319,1996,0,,,,,0,,0,0,,2,,,,,,,,,,,,Matches,FRA-L1,24-25
ff74841d,199,Philipp Köhn,SUI,GK,Monaco,26-150,1998,2,180,90,100.0,2.0,2,90,2,0,,0,3.0,3,0,3,1.5,,4.2,0.5,3.7,1.86,,Matches,FRA-L1,24-25
c0b3669f,200,Randal Kolo Muani,FRA,FW,Paris S-G,25-269,1998,2,100,50,55.6,1.1,0,,0,2,50,0,3.0,4,1,3,2.7,-4.05,3.9,0.6,3.3,3.0,0.16,Matches,FRA-L1,24-25
cce181df,201,Geoffrey Kondogbia,CTA,MF,Marseille,31-197,1993,1,90,90,50.0,1.0,1,90,1,0,,0,1.0,2,2,0,0.0,-4.0,3.0,0.9,2.2,2.17,1.11,Matches,FRA-L1,24-25
c1ebf5d2,202,Abdoul Koné,FRA,DF,Reims,19-130,2005,1,60,60,33.3,0.7,1,60,0,0,,0,0.0,0,1,-1,-1.5,-0.75,0.0,1.3,-1.3,-1.93,0.22,Matches,FRA-L1,24-25
2eb1ec07,203,Amadou Koné,MLI,MF,Reims,19-108,2005,1,14,14,7.8,0.2,1,14,0,0,,0,0.0,0,0,0,0.0,1.08,0.0,0.3,-0.3,-2.05,0.03,Matches,FRA-L1,24-25
cb3c6ca9,204,Emmanuel Koum Mbondo,FRA,FW,Marseille,18-207,2006,0,,,,,0,,0,0,,1,,,,,,,,,,,,Matches,FRA-L1,24-25
562a4799,205,Boubakar Kouyaté,MLI,DF,Montpellier,27-137,1997,1,90,90,50.0,1.0,1,90,1,0,,1,0.0,0,6,-6,-6.0,-6.0,0.6,3.8,-3.2,-3.2,-3.6,Matches,FRA-L1,24-25
c385bf49,206,Sael Kumbedi,FRA,DF,Lyon,19-157,2005,0,,,,,0,,0,0,,2,,,,,,,,,,,,Matches,FRA-L1,24-25
d4e93bab,207,Daler Kuzyaev,RUS,MF,Le Havre,31-228,1993,1,90,90,50.0,1.0,1,90,1,0,,1,0.0,1,4,-3,-3.0,-5.0,0.2,2.9,-2.7,-2.67,-3.96,Matches,FRA-L1,24-25
c90f380c,208,Rémy Labeau Lascary,GLP,FW,Lens,21-180,2003,2,93,47,51.7,1.0,1,74,0,1,19,0,3.0,2,0,2,1.94,0.9,3.0,0.9,2.0,1.97,1.08,Matches,FRA-L1,24-25
7cdda3bf,209,Gaëtan Laborde,FRA,FW,Nice,30-119,1994,1,78,78,43.3,0.9,1,78,0,0,,0,0.0,1,1,0,0.0,0.88,0.6,1.7,-1.1,-1.32,-1.62,Matches,FRA-L1,24-25
9dbb75ca,210,Alexandre Lacazette,FRA,FW,Lyon,33-094,1991,1,90,90,50.0,1.0,1,90,1,0,,0,0.0,0,2,-2,-2.0,1.0,0.0,2.2,-2.2,-2.21,-2.23,Matches,FRA-L1,24-25
4e7db402,211,Alban Lafont,FRA,GK,Nantes,25-220,1999,2,180,90,100.0,2.0,2,90,2,0,,0,2.0,2,0,2,1.0,,1.9,2.8,-0.9,-0.45,,Matches,FRA-L1,24-25
4f5a4218,212,Gael Lafont,FRA,FW,Marseille,18-084,2006,0,,,,,0,,0,0,,1,,,,,,,,,,,,Matches,FRA-L1,24-25
770d7eb8,213,Kenny Lala,MAD,DF,Brest,32-332,1991,2,180,90,100.0,2.0,2,90,2,0,,0,0.0,1,7,-6,-3.0,,2.2,5.3,-3.1,-1.57,,Matches,FRA-L1,24-25
01870104,214,Mohamed Lamine Bayo,GUI,FW,Lille,26-087,1998,2,47,24,26.1,0.5,1,45,0,1,2,0,3.0,2,0,2,3.83,2.48,1.2,0.0,1.2,2.34,1.63,Matches,FRA-L1,24-25
b49729cb,215,Gautier Larsonneur,FRA,GK,Saint-Étienne,27-189,1997,2,180,90,100.0,2.0,2,90,2,0,,0,0.0,0,3,-3,-1.5,,1.5,4.3,-2.8,-1.41,,Matches,FRA-L1,24-25
547a72ad,216,Julien Le Cardinal,FRA,DF,Brest,27-027,1997,2,180,90,100.0,2.0,2,90,2,0,,0,0.0,1,7,-6,-3.0,,2.2,5.3,-3.1,-1.57,,Matches,FRA-L1,24-25
88c4d190,217,Jérémy Le Douaron,FRA,FW,Brest,26-131,1998,2,102,51,56.7,1.1,1,90,1,1,12,0,0.0,1,5,-4,-3.53,-1.22,1.4,2.5,-1.1,-0.95,1.44,Matches,FRA-L1,24-25
2fa2a875,218,Benjamin Lecomte,FRA,GK,Montpellier,33-126,1991,2,180,90,100.0,2.0,2,90,2,0,,0,0.5,1,7,-6,-3.0,,1.9,4.7,-2.8,-1.4,,Matches,FRA-L1,24-25
c3e4ecbb,219,Jordan Lefort,FRA,DF,Angers,31-021,1993,2,180,90,100.0,2.0,2,90,2,0,,0,0.0,0,3,-3,-1.5,,1.0,2.1,-1.1,-0.56,,Matches,FRA-L1,24-25
8ca9415f,220,Félix Lemaréchal,FRA,FW,Strasbourg,21-023,2003,1,26,26,14.4,0.3,0,,0,1,26,0,3.0,1,0,1,3.46,2.88,0.1,0.5,-0.4,-1.28,-1.05,Matches,FRA-L1,24-25
51c83a90,221,Donovan Léon,GUF,GK,Auxerre,31-301,1992,2,180,90,100.0,2.0,2,90,2,0,,0,1.5,2,3,-1,-0.5,,2.9,2.1,0.8,0.39,,Matches,FRA-L1,24-25
85ce1949,222,Esteban Lepaul,FRA,FW,Angers,24-134,2000,1,13,13,7.2,0.1,0,,0,1,13,1,0.0,0,1,-1,-6.92,-5.85,0.0,0.3,-0.3,-2.06,-1.62,Matches,FRA-L1,24-25
1e52971c,223,Johann Lepenant,FRA,MF,Nantes,21-313,2002,2,98,49,54.4,1.1,1,90,1,1,8,0,2.0,2,0,2,1.84,1.84,1.4,1.7,-0.3,-0.25,0.44,Matches,FRA-L1,24-25
88972aa9,224,Louis Leroux,FRA,MF,Nantes,18-220,2006,0,,,,,0,,0,0,,2,,,,,,,,,,,,Matches,FRA-L1,24-25
5216036b,225,Yann Liénard,FRA,GK,Monaco,21-167,2003,0,,,,,0,,0,0,,2,,,,,,,,,,,,Matches,FRA-L1,24-25
ff800ed8,226,Pol Lirola,ESP,DF,Marseille,27-017,1997,1,70,70,38.9,0.8,1,70,0,0,,1,3.0,5,1,4,5.14,5.14,2.4,1.3,1.1,1.46,-0.27,Matches,FRA-L1,24-25
ac89503b,227,Gautier Lloris,FRA,DF,Le Havre,29-043,1995,2,180,90,100.0,2.0,2,90,2,0,,0,1.5,3,4,-1,-0.5,,2.6,4.0,-1.4,-0.68,,Matches,FRA-L1,24-25
f00de885,228,Anthony Lopes,POR,GK,Lyon,33-334,1990,0,,,,,0,,0,0,,2,,,,,,,,,,,,Matches,FRA-L1,24-25
3886c982,229,Joseph Lopy,SEN,"DF,MF",Angers,32-168,1992,0,,,,,0,,0,0,,1,,,,,,,,,,,,Matches,FRA-L1,24-25
fc4cf6a7,230,Jordan Lotomba,SUI,"MF,DF",Nice,25-336,1998,2,35,18,19.4,0.4,0,,0,2,18,0,0.5,0,1,-1,-2.57,-2.57,0.3,0.2,0.0,0.08,0.6,Matches,FRA-L1,24-25
5bdb4a7b,231,Othmane Maamma,FRA,FW,Montpellier,18-329,2005,1,11,11,6.1,0.1,0,,0,1,11,1,1.0,0,0,0,0.0,3.2,0.0,0.2,-0.2,-1.85,-0.48,Matches,FRA-L1,24-25
b3f8bdef,232,Deiver Machado,COL,DF,Lens,30-363,1993,2,39,20,21.7,0.4,0,,0,2,20,0,3.0,0,0,0,0.0,-1.91,0.4,0.2,0.1,0.33,-1.43,Matches,FRA-L1,24-25
0bb6e193,233,Yvann Macon,FRA,DF,Saint-Étienne,25-334,1998,1,90,90,50.0,1.0,1,90,1,0,,0,0.0,0,2,-2,-2.0,-1.0,1.1,2.4,-1.3,-1.3,0.22,Matches,FRA-L1,24-25
0ed50019,234,Eros Maddy,NED,FW,Auxerre,23-207,2001,0,,,,,0,,0,0,,1,,,,,,,,,,,,Matches,FRA-L1,24-25
dfc5d4fa,235,Soungoutou Magassa,FRA,MF,Monaco,20-327,2003,2,20,10,11.1,0.2,0,,0,2,10,0,3.0,0,0,0,0.0,-1.69,0.2,0.0,0.2,0.81,-1.18,Matches,FRA-L1,24-25
d4d35152,236,Hugo Magnetti,FRA,MF,Brest,26-092,1998,1,90,90,50.0,1.0,1,90,1,0,,0,0.0,0,2,-2,-2.0,2.0,0.9,2.9,-2.1,-2.07,-1.01,Matches,FRA-L1,24-25
42fdb11d,237,Frank Magri,CMR,FW,Toulouse,24-361,1999,2,149,75,82.8,1.7,2,75,0,0,,0,1.0,0,1,-1,-0.6,-3.51,1.6,1.6,0.0,-0.01,-2.77,Matches,FRA-L1,24-25
e3a5814e,238,Ainsley Maitland-Niles,ENG,"MF,DF",Lyon,27-001,1997,2,96,48,53.3,1.1,1,90,1,1,6,0,0.0,0,3,-3,-2.81,-0.67,0.2,2.3,-2.1,-1.99,-1.92,Matches,FRA-L1,24-25
0f86995c,239,Hianga Mananga Mbock,FRA,MF,Brest,24-246,1999,1,21,21,11.7,0.2,0,,0,1,21,0,0.0,0,0,0,0.0,3.4,0.1,0.0,0.1,0.29,2.11,Matches,FRA-L1,24-25
1d2d5cc8,240,Steve Mandanda,FRA,GK,Rennes,39-155,1985,2,180,90,100.0,2.0,2,90,2,0,,0,1.5,4,3,1,0.5,,3.1,2.8,0.3,0.17,,Matches,FRA-L1,24-25
fbd6378b,241,Aïssa Mandi,ALG,DF,Lille,32-313,1991,2,162,81,90.0,1.8,2,81,1,0,,0,3.0,3,0,3,1.67,-3.33,2.3,0.6,1.7,0.95,-1.86,Matches,FRA-L1,24-25
a572e291,242,Orel Mangala,BEL,MF,Lyon,26-165,1998,1,67,67,37.2,0.7,1,67,0,0,,1,0.0,0,2,-2,-2.69,-0.3,0.5,1.1,-0.7,-0.91,0.3,Matches,FRA-L1,24-25
c4173f1a,243,Vito Mannone,ITA,GK,Lille,36-181,1988,0,,,,,0,,0,0,,2,,,,,,,,,,,,Matches,FRA-L1,24-25
3544641e,244,Sekou Mara,FRA,FW,Strasbourg,22-031,2002,1,25,25,13.9,0.3,0,,0,1,25,0,3.0,1,0,1,3.6,3.02,0.1,0.5,-0.4,-1.28,-1.05,Matches,FRA-L1,24-25
d9764034,245,Guillermo Maripán,CHI,DF,Monaco,30-116,1994,0,,,,,0,,0,0,,1,,,,,,,,,,,,Matches,FRA-L1,24-25
d5f2f82b,246,Marquinhos,BRA,DF,Paris S-G,30-108,1994,2,110,55,61.1,1.2,1,90,1,1,20,0,3.0,9,0,9,7.36,7.36,5.1,0.6,4.5,3.67,1.89,Matches,FRA-L1,24-25
468fdbad,247,Jonas Martin,FRA,MF,Brest,34-143,1990,2,132,66,73.3,1.5,2,66,0,0,,0,0.0,1,7,-6,-4.09,-4.09,2.0,5.0,-3.1,-2.09,-1.97,Matches,FRA-L1,24-25
55abe554,248,Clinton Mata,ANG,DF,Lyon,31-297,1992,2,180,90,100.0,2.0,2,90,2,0,,0,0.0,0,5,-5,-2.5,,2.1,4.3,-2.2,-1.09,,Matches,FRA-L1,24-25
eb7822d7,249,Nemanja Matić,SRB,MF,Lyon,36-029,1988,2,103,52,57.2,1.1,1,85,0,1,18,0,0.0,0,3,-3,-2.62,-0.28,1.9,2.5,-0.6,-0.54,1.3,Matches,FRA-L1,24-25
a17a94d6,250,Azor Matusiwa,NED,MF,Rennes,26-124,1998,2,180,90,100.0,2.0,2,90,2,0,,0,1.5,4,3,1,0.5,,3.1,2.8,0.3,0.17,,Matches,FRA-L1,24-25
5748ef07,251,Brice Maubleu,FRA,GK,Saint-Étienne,34-273,1989,0,,,,,0,,0,0,,1,,,,,,,,,,,,Matches,FRA-L1,24-25
2c70d915,252,Christian Mawissa,FRA,DF,Monaco,19-134,2005,0,,,,,0,,0,0,,2,,,,,,,,,,,,Matches,FRA-L1,24-25
60b9f735,253,Victor Mayela,FRA,DF,Auxerre,20-130,2004,0,,,,,0,,0,0,,1,,,,,,,,,,,,Matches,FRA-L1,24-25
bac89b96,254,Senny Mayulu,FRA,MF,Paris S-G,18-105,2006,0,,,,,0,,0,0,,2,,,,,,,,,,,,Matches,FRA-L1,24-25
d595de71,255,Ethan Mbappé,FRA,MF,Lille,17-245,2006,2,71,36,39.4,0.8,1,67,0,1,4,0,3.0,2,0,2,2.54,0.88,1.2,0.2,0.9,1.22,0.12,Matches,FRA-L1,24-25
201b4ee4,256,Ibrahim Mbaye,FRA,"FW,MF",Paris S-G,16-219,2008,2,58,29,32.2,0.6,1,45,0,1,13,0,3.0,2,0,2,3.1,-2.06,1.4,0.2,1.2,1.8,-1.67,Matches,FRA-L1,24-25
a5f5d094,257,Mark McKenzie,USA,DF,Toulouse,25-187,1999,1,64,64,35.6,0.7,1,64,0,0,,1,1.0,0,1,-1,-1.41,-2.18,0.4,1.1,-0.8,-1.1,-2.42,Matches,FRA-L1,24-25
6f5ec8bb,258,Facundo Medina,ARG,DF,Lens,25-094,1999,2,180,90,100.0,2.0,2,90,2,0,,0,3.0,3,0,3,1.5,,4.1,1.2,2.9,1.45,,Matches,FRA-L1,24-25
e1a873eb,259,Henrik Meister,DEN,FW,Rennes,20-287,2003,2,23,12,12.8,0.3,0,,0,2,12,0,1.5,1,1,0,0.0,-0.57,0.5,0.2,0.3,0.99,0.95,Matches,FRA-L1,24-25
04ac78d2,260,Bamo Meïté,CIV,DF,Marseille,22-271,2001,1,20,20,11.1,0.2,0,,0,1,20,1,3.0,0,0,0,0.0,-2.25,0.0,0.1,-0.1,-0.3,-2.16,Matches,FRA-L1,24-25
d21e361a,261,Farid El Melali,ALG,FW,Angers,27-117,1997,1,45,45,25.0,0.5,0,,0,1,45,0,0.0,0,1,-1,-2.0,-0.67,0.6,0.5,0.1,0.21,1.04,Matches,FRA-L1,24-25
f20e4cc9,262,Nuno Mendes,POR,DF,Paris S-G,22-072,2002,1,90,90,50.0,1.0,1,90,1,0,,0,3.0,6,0,6,6.0,3.0,3.8,0.6,3.2,3.2,0.53,Matches,FRA-L1,24-25
3322e296,263,Antoine Mendy,FRA,DF,Nice,20-095,2004,2,179,90,99.4,2.0,2,90,1,0,,0,0.5,2,3,-1,-0.5,-0.5,1.9,2.7,-0.8,-0.41,-1.25,Matches,FRA-L1,24-25
1598599e,264,Nampalys Mendy,SEN,MF,Lens,32-068,1992,1,71,71,39.4,0.8,1,71,0,0,,0,3.0,1,0,1,1.27,-0.38,1.0,0.2,0.8,1.01,-0.72,Matches,FRA-L1,24-25
0bfca6a1,265,Quentin Merlin,FRA,"DF,MF",Marseille,22-106,2002,2,180,90,100.0,2.0,2,90,2,0,,0,2.0,7,3,4,2.0,,5.4,2.2,3.2,1.62,,Matches,FRA-L1,24-25
2016b059,266,Dayann Methalie,FRA,DF,Toulouse,18-197,2006,0,,,,,0,,0,0,,2,,,,,,,,,,,,Matches,FRA-L1,24-25
e162b013,267,Thomas Meunier,BEL,DF,Lille,32-353,1991,2,95,48,52.8,1.1,1,77,0,1,18,0,3.0,2,0,2,1.89,-0.22,1.2,0.6,0.6,0.54,-1.28,Matches,FRA-L1,24-25
4788cb6b,268,Georges Mikautadze,GEO,FW,Lyon,23-304,2000,2,164,82,91.1,1.8,1,90,1,1,74,0,0.0,0,5,-5,-2.74,-2.74,2.1,4.1,-2.0,-1.1,-0.06,Matches,FRA-L1,24-25
f833a830,269,Takumi Minamino,JPN,MF,Monaco,29-227,1995,2,175,88,97.2,1.9,2,88,1,0,,0,3.0,3,0,3,1.54,1.54,4.2,0.5,3.7,1.89,1.23,Matches,FRA-L1,24-25
595e6f3e,270,Mostafa Mohamed,EGY,FW,Nantes,26-276,1997,2,29,15,16.1,0.3,0,,0,2,15,0,2.0,1,0,1,3.1,2.51,0.4,1.6,-1.2,-3.66,-3.82,Matches,FRA-L1,24-25
12de1b0d,271,Diego Moreira,POR,"FW,MF",Strasbourg,20-024,2004,2,109,55,60.6,1.2,1,64,0,1,45,0,2.0,3,2,1,0.83,-0.44,1.3,1.5,-0.2,-0.16,0.58,Matches,FRA-L1,24-25
709d3f52,272,Gabriel Moscardo,BRA,MF,Reims,18-337,2005,0,,,,,0,,0,0,,1,,,,,,,,,,,,Matches,FRA-L1,24-25
88da7192,273,Daren Mosengo,FRA,MF,Le Havre,18-019,2006,0,,,,,0,,0,0,,2,,,,,,,,,,,,Matches,FRA-L1,24-25
c37823fe,274,Louis Mouton,FRA,MF,Saint-Étienne,22-088,2002,1,29,29,16.1,0.3,0,,0,1,29,1,0.0,0,1,-1,-3.1,-1.91,0.4,0.8,-0.4,-1.24,0.19,Matches,FRA-L1,24-25
bb461b8a,275,Ngal'Ayel Mukau,BEL,MF,Lille,19-274,2004,2,85,43,47.2,0.9,1,71,0,1,14,0,3.0,2,0,2,2.12,0.22,1.8,0.0,1.7,1.82,1.28,Matches,FRA-L1,24-25
2acf0cd7,276,Marshall Munetsi,ZIM,MF,Reims,28-069,1996,2,180,90,100.0,2.0,2,90,2,0,,0,0.5,2,4,-2,-1.0,,0.9,5.1,-4.2,-2.08,,Matches,FRA-L1,24-25
ee158be5,277,Junior Mwanga,FRA,MF,Strasbourg,21-111,2003,2,111,56,61.7,1.2,1,90,1,1,21,0,2.0,2,1,1,0.81,-0.49,1.0,1.8,-0.7,-0.6,-0.58,Matches,FRA-L1,24-25
a6b6fa6e,278,Mickael Nade,FRA,DF,Saint-Étienne,25-179,1999,0,,,,,0,,0,0,,2,,,,,,,,,,,,Matches,FRA-L1,24-25
d97af612,279,Keito Nakamura,JPN,FW,Reims,24-033,2000,2,158,79,87.8,1.8,2,79,0,0,,0,0.5,2,3,-1,-0.57,3.52,0.9,4.3,-3.4,-1.96,0.94,Matches,FRA-L1,24-25
ce747d2a,280,Sebastian Nanasi,SWE,MF,Strasbourg,22-106,2002,1,11,11,6.1,0.1,0,,0,1,11,0,3.0,1,0,1,8.18,7.65,0.1,0.0,0.1,0.68,1.13,Matches,FRA-L1,24-25
35f311ec,281,Yael Nandjou,FRA,DF,Nice,19-055,2005,0,,,,,0,,0,0,,2,,,,,,,,,,,,Matches,FRA-L1,24-25
65c55288,282,Youssouf Ndayishimiye,BDI,DF,Nice,25-308,1998,1,1,1,0.6,0.0,0,,0,1,1,0,1.0,0,0,0,0.0,0.5,0.1,0.1,0.0,0.84,1.25,Matches,FRA-L1,24-25
36f65bdf,283,Rassoul Ndiaye,SEN,"MF,FW",Le Havre,22-263,2001,2,98,49,54.4,1.1,1,75,0,1,23,0,1.5,1,1,0,0.0,1.1,0.9,1.9,-1.0,-0.91,-0.5,Matches,FRA-L1,24-25
5cdddffa,284,Tanguy Ndombele,FRA,MF,Nice,27-246,1996,2,164,82,91.1,1.8,2,82,0,0,,0,0.5,2,2,0,0.0,5.63,1.8,2.5,-0.7,-0.4,0.03,Matches,FRA-L1,24-25
c3b6fa1e,285,Loïc Nego,HUN,DF,Le Havre,33-228,1991,2,180,90,100.0,2.0,2,90,2,0,,0,1.5,3,4,-1,-0.5,,2.6,4.0,-1.4,-0.68,,Matches,FRA-L1,24-25
c2a15a27,286,João Neves,POR,"MF,FW",Paris S-G,19-338,2004,2,112,56,62.2,1.2,1,67,0,1,45,0,3.0,8,1,7,5.63,2.98,4.8,0.3,4.4,3.56,1.66,Matches,FRA-L1,24-25
7b7baebd,287,Glenn Ngosso,CMR,FW,Montpellier,20-231,2004,0,,,,,0,,0,0,,1,,,,,,,,,,,,Matches,FRA-L1,24-25
731f1f5a,288,Steve Ngoura,FRA,FW,Le Havre,19-190,2005,1,15,15,8.3,0.2,0,,0,1,15,0,0.0,0,3,-3,-18.0,-19.09,0.0,1.3,-1.3,-7.69,-7.65,Matches,FRA-L1,24-25
00242715,289,Moussa Niakhate,SEN,DF,Lyon,28-175,1996,2,180,90,100.0,2.0,2,90,2,0,,0,0.0,0,5,-5,-2.5,,2.1,4.3,-2.2,-1.09,,Matches,FRA-L1,24-25
46faabfa,290,Ibrahima Niane,SEN,FW,Angers,25-172,1999,2,21,11,11.7,0.2,0,,0,2,11,0,0.0,0,1,-1,-4.29,-3.15,0.1,0.4,-0.3,-1.3,-0.84,Matches,FRA-L1,24-25
3f319bb9,291,Rasmus Nicolaisen,DEN,DF,Toulouse,27-167,1997,2,180,90,100.0,2.0,2,90,2,0,,0,1.0,1,1,0,0.0,,2.7,1.7,0.9,0.47,,Matches,FRA-L1,24-25
7b9a9e25,292,Arnaud Nordin,FRA,FW,Montpellier,26-074,1998,2,154,77,85.6,1.7,2,77,0,0,,0,0.5,1,6,-5,-2.92,0.54,1.6,3.6,-2.0,-1.16,1.65,Matches,FRA-L1,24-25
234a703c,293,Ernest Nuamah,GHA,FW,Lyon,20-303,2003,2,91,46,50.6,1.0,2,46,0,0,,0,0.0,0,2,-2,-1.98,1.06,1.4,1.9,-0.5,-0.48,1.23,Matches,FRA-L1,24-25
2e64644b,294,Roggerio Nyakossi,SUI,DF,Marseille,20-230,2004,0,,,,,0,,0,0,,1,,,,,,,,,,,,Matches,FRA-L1,24-25
627c7a3d,295,Rabby Nzingoula,CGO,MF,Strasbourg,18-279,2005,0,,,,,0,,0,0,,1,,,,,,,,,,,,Matches,FRA-L1,24-25
165787d9,296,Marwann Nzuzi,FRA,DF,Saint-Étienne,20-106,2004,2,125,63,69.4,1.4,2,63,0,0,,0,0.0,0,1,-1,-0.72,2.55,0.6,2.6,-2.1,-1.49,-0.27,Matches,FRA-L1,24-25
25124a21,297,Hamzat Ojediran,NGA,MF,Lens,20-290,2003,0,,,,,0,,0,0,,1,,,,,,,,,,,,Matches,FRA-L1,24-25
039f1983,298,Joseph Okumu,KEN,DF,Reims,27-096,1997,2,180,90,100.0,2.0,2,90,2,0,,0,0.5,2,4,-2,-1.0,,0.9,5.1,-4.2,-2.08,,Matches,FRA-L1,24-25
e14e818c,299,Ben Old,NZL,MF,Saint-Étienne,22-017,2002,2,151,76,83.9,1.7,2,76,0,0,,0,0.0,0,3,-3,-1.79,-1.79,1.5,3.5,-2.0,-1.19,1.35,Matches,FRA-L1,24-25
c977ef13,300,Alexandre Olliero,FRA,GK,Reims,28-197,1996,0,,,,,0,,0,0,,2,,,,,,,,,,,,Matches,FRA-L1,24-25
4534a352,301,Warmed Omari,FRA,DF,Rennes,24-129,2000,0,,,,,0,,0,0,,2,,,,,,,,,,,,Matches,FRA-L1,24-25
c284d6fb,302,Becir Omeragic,SUI,DF,Montpellier,22-223,2002,2,180,90,100.0,2.0,2,90,2,0,,0,0.5,1,7,-6,-3.0,,1.9,4.7,-2.8,-1.4,,Matches,FRA-L1,24-25
ff4df82e,303,Ado Onaiwu,JPN,"FW,MF",Auxerre,28-296,1995,2,142,71,78.9,1.6,2,71,1,0,,0,1.5,2,2,0,0.0,2.37,2.5,1.5,1.0,0.61,1.08,Matches,FRA-L1,24-25
914bb955,304,Christopher Operi,CIV,DF,Le Havre,27-123,1997,1,90,90,50.0,1.0,1,90,1,0,,0,0.0,1,4,-3,-3.0,-5.0,0.2,2.9,-2.7,-2.67,-3.96,Matches,FRA-L1,24-25
cbfb7cd7,305,Victor Orakpo,NGA,FW,Nice,18-077,2006,1,12,12,6.7,0.1,0,,0,1,12,1,0.0,0,1,-1,-7.5,-7.5,0.1,0.1,0.0,0.26,0.72,Matches,FRA-L1,24-25
de17db90,306,Gift Orban,NGA,FW,Lyon,22-044,2002,0,,,,,0,,0,0,,1,,,,,,,,,,,,Matches,FRA-L1,24-25
cd889153,307,Gabriel Osho,NGA,DF,Auxerre,26-016,1998,2,180,90,100.0,2.0,2,90,2,0,,0,1.5,2,3,-1,-0.5,,2.9,2.1,0.8,0.39,,Matches,FRA-L1,24-25
967bb460,308,Jibril Othman,TUN,FW,Saint-Étienne,20-126,2004,1,5,5,2.8,0.1,0,,0,1,5,0,0.0,0,0,0,0.0,1.54,0.0,0.1,-0.1,-1.1,0.31,Matches,FRA-L1,24-25
6620c21a,309,Kassoum Ouattara,FRA,FW,Monaco,19-321,2004,1,14,14,7.8,0.2,0,,0,1,14,1,3.0,1,0,1,6.43,5.34,0.6,0.0,0.6,3.55,1.84,Matches,FRA-L1,24-25
6b4436ba,310,Zinédine Ould Khaled,FRA,MF,Angers,24-229,2000,2,57,29,31.7,0.6,1,45,0,1,12,0,0.0,0,1,-1,-1.58,-0.12,0.1,0.5,-0.4,-0.64,-0.12,Matches,FRA-L1,24-25
32c61db3,311,Beres Owusu,FRA,DF,Saint-Étienne,20-346,2003,1,90,90,50.0,1.0,1,90,1,0,,1,0.0,0,1,-1,-1.0,1.0,0.4,2.0,-1.5,-1.51,-0.22,Matches,FRA-L1,24-25
e2781082,312,Elisha Owusu,GHA,MF,Auxerre,26-297,1997,2,175,88,97.2,1.9,2,88,1,0,,0,1.5,2,2,0,0.0,18.0,2.8,1.8,1.1,0.55,5.58,Matches,FRA-L1,24-25
ecbe2839,313,Willian Pacho,ECU,DF,Paris S-G,22-319,2001,2,180,90,100.0,2.0,2,90,2,0,,0,3.0,10,1,9,4.5,,6.7,0.8,5.9,2.93,,Matches,FRA-L1,24-25
779847d6,314,Nicolas Pallois,FRA,FW,Nantes,36-346,1987,1,1,1,0.6,0.0,0,,0,1,1,1,1.0,0,0,0,0.0,-1.01,0.0,0.5,-0.5,-42.62,-42.4,Matches,FRA-L1,24-25
ff1f24ca,315,Kévin Pedro,FRA,DF,Saint-Étienne,18-191,2006,1,10,10,5.6,0.1,0,,0,1,10,0,0.0,0,0,0,0.0,1.59,0.0,0.1,-0.1,-0.55,0.9,Matches,FRA-L1,24-25
97fb4608,316,Théo Pellenard,FRA,DF,Auxerre,30-179,1994,1,39,39,21.7,0.4,0,,0,1,39,1,3.0,1,0,1,2.31,3.58,0.3,0.2,0.0,0.09,-0.38,Matches,FRA-L1,24-25
58aae0a9,317,Faris Pemi Moumbagna,CMR,FW,Marseille,24-060,2000,1,8,8,4.4,0.1,0,,0,1,8,0,3.0,0,0,0,0.0,-2.09,0.0,0.0,0.0,0.0,-1.69,Matches,FRA-L1,24-25
57bc72ea,318,Óscar Perea,COL,FW,Strasbourg,18-338,2005,0,,,,,0,,0,0,,2,,,,,,,,,,,,Matches,FRA-L1,24-25
8846a40f,319,Mathias Pereira Lage,POR,"MF,FW",Brest,27-274,1996,2,81,41,45.0,0.9,1,69,0,1,12,0,0.0,1,5,-4,-4.44,-2.63,1.3,2.5,-1.1,-1.27,0.55,Matches,FRA-L1,24-25
5dbd461a,320,Lucas Perri,BRA,GK,Lyon,26-264,1997,2,180,90,100.0,2.0,2,90,2,0,,0,0.0,0,5,-5,-2.5,,2.1,4.3,-2.2,-1.09,,Matches,FRA-L1,24-25
10dd88f9,321,Gaëtan Perrin,FRA,"MF,FW",Auxerre,28-084,1996,2,160,80,88.9,1.8,2,80,0,0,,0,1.5,1,2,-1,-0.56,-0.56,2.4,1.7,0.7,0.4,0.09,Matches,FRA-L1,24-25
f63cda26,322,Gonçalo Ramos,POR,FW,Paris S-G,23-071,2001,1,19,19,10.6,0.2,1,19,0,0,,0,3.0,1,0,1,4.74,0.26,0.1,0.0,0.1,0.35,-2.89,Matches,FRA-L1,24-25
79a793b7,323,Lilian Raolisoa,FRA,DF,Angers,24-075,2000,1,15,15,8.3,0.2,0,,0,1,15,1,0.0,0,0,0,0.0,1.64,0.1,0.1,0.0,-0.01,0.6,Matches,FRA-L1,24-25
fb3236a7,324,Rayan Raveloson,MAD,MF,Auxerre,27-227,1997,2,180,90,100.0,2.0,2,90,2,0,,0,1.5,2,3,-1,-0.5,,2.9,2.1,0.8,0.39,,Matches,FRA-L1,24-25
6b91b999,325,Guillaume Restes,FRA,GK,Toulouse,19-172,2005,2,180,90,100.0,2.0,2,90,2,0,,0,1.0,1,1,0,0.0,,2.7,1.7,0.9,0.47,,Matches,FRA-L1,24-25
102c9665,326,Alexsandro Ribeiro,BRA,DF,Lille,25-021,1999,2,180,90,100.0,2.0,2,90,2,0,,0,3.0,4,0,4,2.0,,2.9,0.6,2.3,1.14,,Matches,FRA-L1,24-25
56a66faa,327,Robin Risser,FRA,GK,Strasbourg,19-272,2004,0,,,,,0,,0,0,,2,,,,,,,,,,,,Matches,FRA-L1,24-25
ed45c4a5,328,Valentin Rongier,FRA,MF,Marseille,29-267,1994,1,3,3,1.7,0.0,0,,0,1,3,1,3.0,0,0,0,0.0,-2.03,0.0,0.0,0.0,-0.49,-2.14,Matches,FRA-L1,24-25
1a6b7ea4,329,Pablo Rosario,NED,"MF,DF",Nice,27-236,1997,2,180,90,100.0,2.0,2,90,2,0,,0,0.5,2,3,-1,-0.5,,2.0,2.8,-0.8,-0.4,,Matches,FRA-L1,24-25
8c12f884,330,Jon Rowe,ENG,FW,Marseille,21-122,2003,1,24,24,13.3,0.3,0,,0,1,24,0,1.0,1,0,1,3.75,2.02,1.0,0.0,1.0,3.91,2.65,Matches,FRA-L1,24-25
c0c7ff58,331,Fabián Ruiz Peña,ESP,MF,Paris S-G,28-149,1996,1,23,23,12.8,0.3,0,,0,1,23,0,3.0,1,0,1,3.91,-0.67,0.9,0.4,0.6,2.29,-0.74,Matches,FRA-L1,24-25
625c144a,332,Gerónimo Rulli,ARG,GK,Marseille,32-102,1992,2,180,90,100.0,2.0,2,90,2,0,,0,2.0,7,3,4,2.0,,5.4,2.2,3.2,1.62,,Matches,FRA-L1,24-25
2e1b7c83,333,Emmanuel Sabbi,USA,"DF,FW",Le Havre,26-250,1997,1,22,22,12.2,0.2,0,,0,1,22,0,3.0,0,0,0,0.0,0.57,0.7,0.3,0.4,1.6,2.61,Matches,FRA-L1,24-25
6388e356,334,Falaye Sacko,MLI,DF,Montpellier,29-121,1995,2,180,90,100.0,2.0,2,90,2,0,,0,0.5,1,7,-6,-3.0,,1.9,4.7,-2.8,-1.4,,Matches,FRA-L1,24-25
d97b252e,335,Matvei Safonov,RUS,GK,Paris S-G,25-187,1999,0,,,,,0,,0,0,,2,,,,,,,,,,,,Matches,FRA-L1,24-25
76d679c7,336,Modibo Sagnan,MLI,DF,Montpellier,25-138,1999,2,180,90,100.0,2.0,2,90,2,0,,0,0.5,1,7,-6,-3.0,,1.9,4.7,-2.8,-1.4,,Matches,FRA-L1,24-25
6f9fa232,337,Osame Sahraoui,NOR,MF,Lille,23-080,2001,2,179,90,99.4,2.0,2,90,1,0,,0,3.0,3,0,3,1.51,-88.49,2.6,0.6,2.0,1.0,-26.14,Matches,FRA-L1,24-25
90fcf472,338,Wesley Saïd,FRA,FW,Lens,29-133,1995,1,71,71,39.4,0.8,1,71,0,0,,1,3.0,1,0,1,1.27,-0.38,1.0,0.2,0.8,1.01,-0.72,Matches,FRA-L1,24-25
bc7cc472,339,Amine Salama,FRA,FW,Reims,24-043,2000,1,25,25,13.9,0.3,0,,0,1,25,0,1.0,0,1,-1,-3.6,-3.02,0.1,1.0,-1.0,-3.56,-1.72,Matches,FRA-L1,24-25
5f869a62,340,Iliesse Salhi,FRA,MF,Nice,17-034,2007,0,,,,,0,,0,0,,1,,,,,,,,,,,,Matches,FRA-L1,24-25
0b33f6ad,341,Mohammed Salisu,GHA,DF,Monaco,25-135,1999,2,180,90,100.0,2.0,2,90,2,0,,0,3.0,3,0,3,1.5,,4.2,0.5,3.7,1.86,,Matches,FRA-L1,24-25
c3725db2,342,Yoann Salmier,GUF,DF,Le Havre,31-283,1992,1,16,16,8.9,0.2,0,,0,1,16,1,3.0,0,0,0,0.0,0.55,0.7,0.3,0.4,2.16,3.12,Matches,FRA-L1,24-25
fb14aa28,343,Mama Samba Baldé,GNB,FW,Lyon,28-298,1995,2,33,17,18.3,0.4,0,,0,2,17,0,0.0,0,2,-2,-5.45,-3.62,0.7,0.9,-0.2,-0.62,0.58,Matches,FRA-L1,24-25
60d90c55,344,Brice Samba,FRA,GK,Lens,30-127,1994,2,180,90,100.0,2.0,2,90,2,0,,0,3.0,3,0,3,1.5,,4.1,1.2,2.9,1.45,,Matches,FRA-L1,24-25
17bb562c,345,Arouna Sangante,SEN,DF,Le Havre,22-140,2002,1,68,68,37.8,0.8,1,68,0,0,,0,3.0,2,0,2,2.65,5.06,1.7,0.8,0.9,1.2,3.02,Matches,FRA-L1,24-25
3f465a66,346,Nhoa Sangui,FRA,DF,Reims,18-185,2006,2,120,60,66.7,1.3,1,90,1,1,30,0,0.5,2,3,-1,-0.75,0.75,0.9,3.8,-2.9,-2.15,-0.22,Matches,FRA-L1,24-25
5e22e2a4,347,Baptiste Santamaria,FRA,MF,Rennes,29-174,1995,1,10,10,5.6,0.1,0,,0,1,10,1,3.0,1,0,1,9.0,9.0,0.1,0.1,0.0,-0.36,-0.57,Matches,FRA-L1,24-25
dd745366,348,Andrey Santos,BRA,MF,Strasbourg,20-119,2004,1,90,90,50.0,1.0,1,90,1,0,,0,3.0,3,1,2,2.0,2.0,0.7,1.1,-0.4,-0.36,0.05,Matches,FRA-L1,24-25
3eeebc87,349,Tiago Santos,POR,DF,Lille,22-038,2002,2,103,52,57.2,1.1,1,90,1,1,13,0,3.0,3,0,3,2.62,1.45,2.4,0.1,2.3,1.99,1.99,Matches,FRA-L1,24-25
4315f30d,350,Malang Sarr,FRA,DF,Lens,25-220,1999,0,,,,,0,,0,0,,2,,,,,,,,,,,,Matches,FRA-L1,24-25
61f80c89,351,Mamadou Sarr,FRA,DF,Strasbourg,19-001,2005,0,,,,,0,,0,0,,1,,,,,,,,,,,,Matches,FRA-L1,24-25
86383d0e,352,Martin Satriano,URU,FW,Lens,23-192,2001,1,16,16,8.9,0.2,0,,0,1,16,0,3.0,0,0,0,0.0,-1.65,0.1,0.1,0.1,0.37,-1.18,Matches,FRA-L1,24-25
6bde367b,353,Téji Savanier,FRA,MF,Montpellier,32-252,1991,2,172,86,95.6,1.9,2,86,1,0,,0,0.5,1,7,-6,-3.14,-3.14,1.9,4.4,-2.6,-1.33,1.37,Matches,FRA-L1,24-25
b9ae8560,354,Niklas Schmidt,GER,MF,Toulouse,26-182,1998,2,73,37,40.6,0.8,1,60,0,1,13,0,1.0,0,0,0,0.0,0.0,0.8,0.4,0.3,0.42,-0.07,Matches,FRA-L1,24-25
0b6911e4,355,Jérémy Sebas,MTQ,DF,Strasbourg,21-138,2003,1,1,1,0.6,0.0,0,,0,1,1,0,1.0,0,0,0,0.0,-1.01,0.2,0.0,0.2,20.31,20.81,Matches,FRA-L1,24-25
cea59f02,356,Alidu Seidu,GHA,DF,Rennes,24-087,2000,2,143,72,79.4,1.6,2,72,0,0,,0,1.5,3,2,1,0.63,0.63,2.6,2.3,0.2,0.15,-0.09,Matches,FRA-L1,24-25
1d383c10,357,Marvin Senaya,TOG,DF,Strasbourg,23-215,2001,2,56,28,31.1,0.6,0,,0,2,28,0,2.0,2,1,1,1.61,0.88,0.8,0.9,-0.1,-0.18,0.3,Matches,FRA-L1,24-25
4c5b714f,358,Djibril Sidibé,FRA,"MF,DF",Toulouse,32-032,1992,2,8,4,4.4,0.1,0,,0,2,4,0,1.0,0,0,0,0.0,0.0,0.6,0.1,0.5,5.22,4.98,Matches,FRA-L1,24-25
92ffb8f9,359,Vincent Sierro,SUI,MF,Toulouse,28-327,1995,2,107,54,59.4,1.2,1,77,0,1,30,0,1.0,1,1,0,0.0,0.0,1.9,1.3,0.6,0.49,0.07,Matches,FRA-L1,24-25
30af8b93,360,Caio Henrique Oliveira Silva,BRA,"DF,MF",Monaco,27-030,1997,0,,,,,0,,0,0,,2,,,,,,,,,,,,Matches,FRA-L1,24-25
fdbde523,361,Abdallah Sima,SEN,MF,Brest,23-074,2001,1,27,27,15.0,0.3,0,,0,1,27,0,0.0,0,0,0,0.0,3.53,0.2,0.3,-0.1,-0.49,1.27,Matches,FRA-L1,24-25
5f3eaaf5,362,Moses Simon,NGA,FW,Nantes,29-049,1995,2,151,76,83.9,1.7,2,76,0,0,,0,2.0,1,0,1,0.6,-2.51,1.5,1.3,0.3,0.16,3.82,Matches,FRA-L1,24-25
5e5249c8,363,Lassine Sinayoko,MLI,"FW,MF",Auxerre,24-266,1999,2,180,90,100.0,2.0,2,90,2,0,,0,1.5,2,3,-1,-0.5,,2.9,2.1,0.8,0.39,,Matches,FRA-L1,24-25
8b609c34,364,Wilfried Singo,CIV,MF,Monaco,23-249,2000,1,5,5,2.8,0.1,0,,0,1,5,0,3.0,0,0,0,0.0,-1.54,0.0,0.0,0.0,0.67,-1.23,Matches,FRA-L1,24-25
a170541f,365,Ibrahim Sissoko,MLI,FW,Saint-Étienne,28-277,1995,2,162,81,90.0,1.8,2,81,0,0,,0,0.0,0,3,-3,-1.67,-1.67,1.2,3.6,-2.4,-1.31,0.92,Matches,FRA-L1,24-25
b35a7399,366,Leo Skiri Østigård,NOR,DF,Rennes,24-276,1999,2,180,90,100.0,2.0,2,90,2,0,,0,1.5,4,3,1,0.5,,3.1,2.8,0.3,0.17,,Matches,FRA-L1,24-25
30f5ffa9,367,Milan Škriniar,SVK,"DF,MF",Paris S-G,29-201,1995,0,,,,,0,,0,0,,1,,,,,,,,,,,,Matches,FRA-L1,24-25
d7547531,368,Naatan Skyttä,FIN,FW,Toulouse,22-115,2002,1,5,5,2.8,0.1,0,,0,1,5,1,1.0,0,0,0,0.0,0.0,0.5,0.0,0.5,8.52,8.29,Matches,FRA-L1,24-25
2ccd89a3,369,Eduard Sobol,UKR,"DF,MF",Strasbourg,29-132,1995,0,,,,,0,,0,0,,1,,,,,,,,,,,,Matches,FRA-L1,24-25
fed17f5a,370,Carlos Soler,ESP,MF,Paris S-G,27-241,1997,0,,,,,0,,0,0,,1,,,,,,,,,,,,Matches,FRA-L1,24-25
7a42d0df,371,Florian Sotoca,FRA,FW,Lens,33-310,1990,2,179,90,99.4,2.0,2,90,1,0,,0,3.0,3,0,3,1.51,1.51,4.1,1.1,3.0,1.53,13.61,Matches,FRA-L1,24-25
1d8aa290,372,Issa Soumaré,SEN,"MF,FW",Le Havre,23-325,2000,1,22,22,12.2,0.2,0,,0,1,22,0,3.0,0,0,0,0.0,0.57,0.7,0.3,0.4,1.6,2.61,Matches,FRA-L1,24-25
f6b94e8d,373,Saidou Sow,GUI,DF,Strasbourg,22-057,2002,2,180,90,100.0,2.0,2,90,2,0,,0,2.0,4,2,2,1.0,,1.6,2.4,-0.8,-0.38,,Matches,FRA-L1,24-25
c2e3ceb7,374,Enzo Sternal,FRA,FW,Marseille,17-094,2007,1,12,12,6.7,0.1,0,,0,1,12,1,3.0,0,0,0,0.0,-2.14,0.0,0.1,-0.1,-0.51,-2.28,Matches,FRA-L1,24-25
39b326ed,375,Gabriel Suazo,CHI,"MF,DF",Toulouse,27-021,1997,2,56,28,31.1,0.6,0,,0,2,28,0,1.0,1,0,1,1.61,2.33,1.8,0.3,1.4,2.32,2.69,Matches,FRA-L1,24-25
29c91632,376,Abakar Sylla,CIV,DF,Strasbourg,21-249,2002,2,135,68,75.0,1.5,2,68,1,0,,0,2.0,3,1,2,1.33,1.33,0.9,1.5,-0.6,-0.38,0.0,Matches,FRA-L1,24-25
f15f8b2b,377,Musa Al-Taamari,JOR,FW,Montpellier,27-081,1997,2,113,57,62.8,1.3,1,90,1,1,23,0,0.5,1,2,-1,-0.8,5.92,1.7,1.9,-0.2,-0.14,3.37,Matches,FRA-L1,24-25
ed39121c,378,Florian Tardieu,FRA,MF,Saint-Étienne,32-130,1992,2,141,71,78.3,1.6,2,71,0,0,,0,0.0,0,2,-2,-1.28,1.03,1.2,3.5,-2.3,-1.5,-0.43,Matches,FRA-L1,24-25
abd56820,379,Oussama Targhalline,MAR,MF,Le Havre,22-102,2002,1,68,68,37.8,0.8,1,68,0,0,,0,3.0,2,0,2,2.65,5.06,1.7,0.8,0.9,1.2,3.02,Matches,FRA-L1,24-25
7f783431,380,Enzo Tchato,CMR,DF,Montpellier,21-281,2002,2,180,90,100.0,2.0,2,90,2,0,,0,0.5,1,7,-6,-3.0,,1.9,4.7,-2.8,-1.4,,Matches,FRA-L1,24-25
82e9b1bb,381,Jordan Teze,NED,DF,Monaco,24-335,1999,1,27,27,15.0,0.3,0,,0,1,27,0,3.0,2,0,2,6.67,6.08,0.7,0.0,0.7,2.47,0.72,Matches,FRA-L1,24-25
8725a42e,382,Sorba Thomas,WAL,FW,Nantes,25-008,1999,2,166,83,92.2,1.8,2,83,0,0,,0,2.0,1,0,1,0.54,-5.89,1.5,1.9,-0.4,-0.2,3.28,Matches,FRA-L1,24-25
c76b7567,383,Adrien Thomasson,FRA,MF,Lens,30-264,1993,2,180,90,100.0,2.0,2,90,2,0,,0,3.0,3,0,3,1.5,,4.1,1.2,2.9,1.45,,Matches,FRA-L1,24-25
652d4c37,384,Corentin Tolisso,FRA,MF,Lyon,30-027,1994,2,15,8,8.3,0.2,0,,0,2,8,0,0.0,0,1,-1,-6.0,-3.82,0.1,0.4,-0.2,-1.36,-0.29,Matches,FRA-L1,24-25
ef7cd87a,385,Abdoulaye Touré,GUI,MF,Le Havre,30-180,1994,2,180,90,100.0,2.0,2,90,2,0,,0,1.5,3,4,-1,-0.5,,2.6,4.0,-1.4,-0.68,,Matches,FRA-L1,24-25
ed8acf41,386,Issiaka Touré,FRA,GK,Saint-Étienne,19-297,2004,0,,,,,0,,0,0,,1,,,,,,,,,,,,Matches,FRA-L1,24-25
2a0f917e,387,Ousmane Toure,FRA,DF,Lille,19-194,2005,0,,,,,0,,0,0,,2,,,,,,,,,,,,Matches,FRA-L1,24-25
b26afd1e,388,Daouda Traoré,FRA,MF,Nice,18-039,2006,0,,,,,0,,0,0,,2,,,,,,,,,,,,Matches,FRA-L1,24-25
5d0e0a1f,389,Adrien Truffert,FRA,"MF,DF",Rennes,22-284,2001,2,94,47,52.2,1.0,1,90,1,1,4,0,1.5,2,3,-1,-0.96,-3.05,1.1,0.8,0.3,0.26,0.2,Matches,FRA-L1,24-25
36e55b69,390,Ryan Tutu Mayangila,FRA,GK,Strasbourg,19-151,2005,0,,,,,0,,0,0,,1,,,,,,,,,,,,Matches,FRA-L1,24-25
ee45fd85,391,Vanderson,BRA,DF,Monaco,23-070,2001,2,153,77,85.0,1.7,2,77,1,0,,0,3.0,1,0,1,0.59,-6.08,3.5,0.5,3.0,1.75,-0.72,Matches,FRA-L1,24-25
88fe0c2d,392,Ben Viadere,FRA,MF,Auxerre,18-363,2005,1,5,5,2.8,0.1,0,,0,1,5,1,0.0,0,1,-1,-18.0,-18.0,0.1,0.4,-0.3,-5.03,-5.58,Matches,FRA-L1,24-25
3b029691,393,Vitinha,POR,MF,Paris S-G,24-199,2000,2,180,90,100.0,2.0,2,90,2,0,,0,3.0,10,1,9,4.5,,6.7,0.8,5.9,2.93,,Matches,FRA-L1,24-25
c844f6f9,394,Ibrahima Wadji,SEN,FW,Saint-Étienne,29-117,1995,1,13,13,7.2,0.1,0,,0,1,13,0,0.0,0,0,0,0.0,1.62,0.3,0.7,-0.4,-2.66,-1.35,Matches,FRA-L1,24-25
0d7b6576,395,Elye Wahi,FRA,FW,Marseille,21-241,2003,2,136,68,75.6,1.5,2,68,0,0,,0,2.0,6,3,3,1.99,-0.06,4.4,2.1,2.3,1.5,-0.5,Matches,FRA-L1,24-25
64796fe0,396,Caleb Wiley,USA,DF,Strasbourg,19-252,2004,2,168,84,93.3,1.9,2,84,0,0,,0,2.0,3,2,1,0.54,-6.96,1.3,2.4,-1.1,-0.58,-2.89,Matches,FRA-L1,24-25
b003239d,397,Christopher Wooh,CMR,DF,Rennes,22-347,2001,2,180,90,100.0,2.0,2,90,2,0,,0,1.5,4,3,1,0.5,,3.1,2.8,0.3,0.17,,Matches,FRA-L1,24-25
12a4e38c,398,Etienne Youte Kinkoue,FRA,DF,Le Havre,22-229,2002,2,180,90,100.0,2.0,2,90,2,0,,0,1.5,3,4,-1,-0.5,,2.6,4.0,-1.4,-0.68,,Matches,FRA-L1,24-25
5ce497e2,399,Yoram Zague,FRA,DF,Paris S-G,18-107,2006,1,70,70,38.9,0.8,1,70,0,0,,1,3.0,1,1,0,0.0,-7.36,1.6,0.2,1.4,1.78,-1.89,Matches,FRA-L1,24-25
6b9960cf,400,Warren Zaïre-Emery,FRA,MF,Paris S-G,18-175,2006,2,167,84,92.8,1.9,2,84,1,0,,0,3.0,9,1,8,4.31,-2.61,6.3,0.7,5.6,2.99,0.85,Matches,FRA-L1,24-25
384d58d9,401,Denis Zakaria,SUI,MF,Monaco,27-284,1996,2,160,80,88.9,1.8,2,80,0,0,,0,3.0,3,0,3,1.69,1.69,4.0,0.5,3.5,1.99,1.18,Matches,FRA-L1,24-25
07d65234,402,Anass Zaroury,MAR,MF,Lens,23-297,2000,1,65,65,36.1,0.7,1,65,0,0,,0,3.0,2,0,2,2.77,1.99,2.7,0.7,2.0,2.71,1.97,Matches,FRA-L1,24-25
fb4c5b6e,403,Nathan Zeze,FRA,DF,Nantes,19-073,2005,2,180,90,100.0,2.0,2,90,2,0,,0,2.0,2,0,2,1.0,,1.9,2.8,-0.9,-0.45,,Matches,FRA-L1,24-25
1d59fe9c,404,Melvin Zinga,FRA,GK,Angers,22-167,2002,0,,,,,0,,0,0,,2,,,,,,,,,,,,Matches,FRA-L1,24-25
3725b44f,405,Luc Zogbé,CIV,DF,Brest,19-159,2005,2,8,4,4.4,0.1,0,,0,2,4,0,0.0,0,0,0,0.0,3.14,0.1,0.1,0.0,-0.38,1.25,Matches,FRA-L1,24-25
ec724366,406,Yanis Zouaoui,ALG,DF,Le Havre,30-051,1994,1,74,74,41.1,0.8,1,74,0,0,,1,3.0,2,0,2,2.43,4.98,1.7,0.8,0.9,1.11,3.05,Matches,FRA-L1,24-25
