id,Unnamed: 0_level_0,Unnamed: 1_level_0,Unnamed: 2_level_0,Unnamed: 3_level_0,Unnamed: 4_level_0,Unnamed: 5_level_0,Unnamed: 6_level_0,Unnamed: 7_level_0,Tackles,Tackles,Tackles,Tackles,Tackles,Challenges,Challenges,Challenges,Challenges,Blocks,Blocks,Blocks,Unnamed: 20_level_0,Unnamed: 21_level_0,Unnamed: 22_level_0,Unnamed: 23_level_0,Unnamed: 24_level_0,Unnamed: league,Unnamed: season
,Rk,Player,Nation,Pos,Squad,Age,Born,90s,Tkl,TklW,Def 3rd,Mid 3rd,Att 3rd,Tkl,Att,Tkl%,Lost,Blocks,Sh,Pass,Int,Tkl+Int,Clr,Err,Matches,league,season
abf0cad0,1,Suleiman Abdullahi,NGA,"FW,MF",Union Berlin,22,1996,1.7,0,0,0,0,0,0,3,0.0,3,2,1,1,1,1,1,0,Matches,GER-BL1,19-20
565bf0da,2,David Abraham,ARG,DF,Eint Frankfurt,33,1986,18.8,21,14,16,4,1,15,32,46.9,17,27,11,16,25,46,61,1,Matches,GER-BL1,19-20
1c08a3c8,3,Amir Abrashi,ALB,MF,Freiburg,29,1990,7.4,16,8,7,8,1,10,19,52.6,9,18,3,15,7,23,16,2,Matches,GER-BL1,19-20
2b09d998,4,Tyler Adams,USA,"MF,DF",RB Leipzig,20,1999,10.6,22,15,13,8,1,12,25,48.0,13,16,1,15,14,36,14,0,Matches,GER-BL1,19-20
22919e97,5,Sargis Adamyan,ARM,"FW,MF",Hoffenheim,26,1993,8.3,11,7,3,6,2,3,21,14.3,18,8,1,7,2,13,4,0,Matches,GER-BL1,19-20
89ac64a6,6,Manuel Akanji,SUI,DF,Dortmund,24,1995,25.7,38,21,23,14,1,12,20,60.0,8,20,11,9,30,68,61,2,Matches,GER-BL1,19-20
6ec6fde0,7,Kevin Akpoguma,NGA,DF,Hoffenheim,24,1995,12.7,24,16,20,4,0,13,24,54.2,11,21,11,10,13,37,48,0,Matches,GER-BL1,19-20
05439de2,8,David Alaba,AUT,DF,Bayern Munich,27,1992,27.8,30,17,14,15,1,16,25,64.0,9,19,10,9,29,59,40,0,Matches,GER-BL1,19-20
834d0be5,9,Lucas Alario,ARG,FW,Leverkusen,26,1992,13.0,6,3,0,4,2,1,8,12.5,7,12,2,10,1,7,9,0,Matches,GER-BL1,19-20
a7a9d95a,10,Paco Alcácer,ESP,FW,Dortmund,25,1993,5.9,2,2,0,2,0,1,5,20.0,4,4,1,3,2,4,3,0,Matches,GER-BL1,19-20
77e84962,11,Thiago Alcántara,ESP,MF,Bayern Munich,28,1991,19.7,45,26,17,23,5,12,33,36.4,21,12,3,9,45,90,13,1,Matches,GER-BL1,19-20
555d5edd,12,Nadiem Amiri,GER,"MF,FW",Leverkusen,22,1996,20.6,26,16,7,15,4,16,34,47.1,18,12,2,10,14,40,8,1,Matches,GER-BL1,19-20
10b9fa99,13,Ethan Ampadu,WAL,DF,RB Leipzig,18,2000,0.9,5,4,3,2,0,1,1,100.0,0,3,1,2,1,6,3,0,Matches,GER-BL1,19-20
e7199efb,14,Opoku Ampomah,GHA,"FW,MF",Düsseldorf,23,1996,5.6,9,4,3,4,2,3,12,25.0,9,3,0,3,4,13,5,0,Matches,GER-BL1,19-20
b4cf5806,15,Sebastian Andersson,SWE,FW,Union Berlin,28,1991,29.8,20,10,0,12,8,4,19,21.1,15,19,3,16,5,25,36,0,Matches,GER-BL1,19-20
e0b113a7,16,Robert Andrich,GER,MF,Union Berlin,24,1994,28.6,52,27,28,18,6,19,60,31.7,41,27,7,20,47,99,36,0,Matches,GER-BL1,19-20
30941e96,17,Angeliño,ESP,"DF,FW",RB Leipzig,22,1997,12.2,15,9,7,5,3,5,15,33.3,10,14,1,13,19,34,24,0,Matches,GER-BL1,19-20
0a3f6cde,18,Christopher Antwi-Adjei,GHA,"MF,FW",Paderborn 07,25,1994,27.4,25,16,13,9,3,9,33,27.3,24,29,2,27,15,40,14,0,Matches,GER-BL1,19-20
56413b1f,19,Charles Aránguiz,CHI,MF,Leverkusen,30,1989,23.5,56,37,19,29,8,27,74,36.5,47,27,6,21,22,78,21,1,Matches,GER-BL1,19-20
86e119e0,20,Maximilian Arnold,GER,MF,Wolfsburg,25,1994,31.3,42,24,15,23,4,16,62,25.8,46,25,6,19,25,67,35,0,Matches,GER-BL1,19-20
e26fcca3,21,Santiago Ascacíbar,ARG,MF,Hertha BSC,22,1997,7.0,26,13,15,11,0,11,28,39.3,17,13,2,11,16,42,13,0,Matches,GER-BL1,19-20
9fec8860,22,Ludwig Augustinsson,SWE,"DF,MF",Werder Bremen,25,1994,10.3,29,12,15,9,5,12,23,52.2,11,19,5,14,10,39,29,0,Matches,GER-BL1,19-20
e5478b87,23,Taiwo Awoniyi,NGA,"FW,MF",Mainz 05,21,1997,5.4,2,0,0,2,0,0,4,0.0,4,4,2,2,2,4,3,0,Matches,GER-BL1,19-20
2200181e,24,Kaan Ayhan,TUR,DF,Düsseldorf,24,1994,30.3,38,25,26,11,1,20,37,54.1,17,28,15,13,45,83,72,1,Matches,GER-BL1,19-20
3489184e,25,Matthias Bader,GER,DF,Köln,22,1997,0.1,1,1,1,0,0,1,2,50.0,1,0,0,0,0,1,1,0,Matches,GER-BL1,19-20
f261abcb,26,Daniel Baier,GER,MF,Augsburg,35,1984,21.6,33,17,14,14,5,15,43,34.9,28,19,7,12,58,91,27,0,Matches,GER-BL1,19-20
3a233281,27,Leon Bailey,JAM,"FW,MF",Leverkusen,21,1997,12.1,6,3,1,5,0,6,16,37.5,10,9,0,9,8,14,3,0,Matches,GER-BL1,19-20
1b278bf5,28,Lewis Baker,ENG,MF,Düsseldorf,24,1995,6.1,8,5,6,2,0,2,10,20.0,8,5,2,3,2,10,5,0,Matches,GER-BL1,19-20
442b56fa,29,Ridle Baku,GER,"DF,MF",Mainz 05,21,1998,26.1,54,31,25,22,7,26,53,49.1,27,45,7,38,42,96,57,0,Matches,GER-BL1,19-20
7c3ed041,30,Leonardo Balerdi,ARG,"DF,MF",Dortmund,20,1999,1.5,2,1,1,1,0,2,2,100.0,0,0,0,0,4,6,3,0,Matches,GER-BL1,19-20
3f7cd8f1,31,Philipp Bargfrede,GER,MF,Werder Bremen,30,1989,6.5,15,12,8,5,2,6,23,26.1,17,8,2,6,16,31,15,0,Matches,GER-BL1,19-20
a2a85828,32,Aymen Barkok,MAR,"FW,MF",Düsseldorf,21,1998,0.9,1,1,0,0,1,0,2,0.0,2,2,0,2,3,4,1,0,Matches,GER-BL1,19-20
00242b75,33,Leandro Barreiro Martins,LUX,MF,Mainz 05,19,2000,10.4,38,21,16,19,3,14,29,48.3,15,18,3,15,9,47,18,1,Matches,GER-BL1,19-20
acc7b7ec,34,Fin Bartels,GER,"MF,FW",Werder Bremen,32,1987,3.8,9,5,4,4,1,3,12,25.0,9,3,1,2,1,10,1,0,Matches,GER-BL1,19-20
b7828a08,35,Oliver Batista-Meier,GER,MF,Bayern Munich,18,2001,0.1,0,0,0,0,0,0,2,0.0,2,0,0,0,0,0,0,0,Matches,GER-BL1,19-20
47064058,36,Oliver Baumann,GER,GK,Hoffenheim,29,1990,30.0,0,0,0,0,0,0,0,,0,1,0,1,3,3,15,0,Matches,GER-BL1,19-20
69374ff5,37,Julian Baumgartlinger,AUT,MF,Leverkusen,31,1988,19.9,42,21,15,21,6,18,42,42.9,24,37,4,33,20,62,16,1,Matches,GER-BL1,19-20
437f2b00,38,Christoph Baumgartner,AUT,"MF,FW",Hoffenheim,19,1999,16.6,32,17,15,16,1,10,37,27.0,27,25,1,24,8,40,13,0,Matches,GER-BL1,19-20
fbbc8e15,39,Noah Joel Sarenren Bazee,NGA,FW,Augsburg,22,1996,4.2,4,3,0,4,0,1,4,25.0,3,2,1,1,5,9,4,0,Matches,GER-BL1,19-20
a53b661f,40,Ihlas Bebou,TOG,"FW,MF",Hoffenheim,25,1994,23.4,27,15,9,13,5,8,23,34.8,15,25,4,21,11,38,25,0,Matches,GER-BL1,19-20
8eb55dbb,41,Sheraldo Becker,SUR,"MF,FW",Union Berlin,24,1995,6.0,2,1,2,0,0,1,3,33.3,2,1,0,1,0,2,1,0,Matches,GER-BL1,19-20
543ddcaf,42,Timo Becker,GER,"DF,MF",Schalke 04,22,1997,3.7,10,9,3,6,1,5,9,55.6,4,6,1,5,3,13,8,0,Matches,GER-BL1,19-20
5db45ee5,43,Maximilian Beier,GER,FW,Hoffenheim,16,2002,1.2,5,2,0,1,4,1,2,50.0,1,2,0,2,0,5,0,0,Matches,GER-BL1,19-20
ff182fdc,44,Ishak Belfodil,ALG,"FW,MF",Hoffenheim,27,1992,3.0,0,0,0,0,0,0,1,0.0,1,0,0,0,0,0,2,0,Matches,GER-BL1,19-20
bee0bab1,45,Karim Bellarabi,GER,"FW,DF",Leverkusen,29,1990,15.8,19,11,9,7,3,9,28,32.1,19,16,0,16,10,29,4,0,Matches,GER-BL1,19-20
c50281a0,46,Lars Bender,GER,"DF,MF",Leverkusen,30,1989,15.3,42,26,17,20,5,19,38,50.0,19,32,6,26,24,66,30,0,Matches,GER-BL1,19-20
070ec0b1,47,Sven Bender,GER,DF,Leverkusen,30,1989,30.3,53,34,29,17,7,23,48,47.9,25,42,13,29,67,120,88,2,Matches,GER-BL1,19-20
fe888e39,48,László Bénes,SVK,MF,Gladbach,21,1997,10.0,15,8,3,5,7,6,19,31.6,13,6,2,4,8,23,3,1,Matches,GER-BL1,19-20
f4c7c708,49,Keanan Bennetts,ENG,MF,Gladbach,20,1999,0.0,0,0,0,0,0,0,1,0.0,1,0,0,0,0,0,0,0,Matches,GER-BL1,19-20
378825c7,50,Ramy Bensebaini,ALG,DF,Gladbach,24,1995,16.1,33,17,17,12,4,18,31,58.1,13,24,4,20,38,71,49,0,Matches,GER-BL1,19-20
d5575935,51,Valon Berisha,KVX,MF,Düsseldorf,26,1993,10.5,14,9,3,8,3,6,21,28.6,15,4,1,3,9,23,8,0,Matches,GER-BL1,19-20
9af1f9ff,52,Jordan Beyer,GER,DF,Gladbach,19,2000,1.2,3,1,3,0,0,0,1,0.0,1,4,2,2,1,4,4,0,Matches,GER-BL1,19-20
7aac47fe,53,Ermin Bičakčić,BIH,DF,Hoffenheim,29,1990,13.1,7,3,5,2,0,4,11,36.4,7,14,8,6,25,32,64,2,Matches,GER-BL1,19-20
dc62fbee,54,Leonardo Bittencourt,GER,MF,Hoffenheim,25,1993,0.0,1,1,0,0,1,0,0,,0,0,0,0,0,1,0,0,Matches,GER-BL1,19-20
dc62fbee,55,Leonardo Bittencourt,GER,"FW,MF",Werder Bremen,25,1993,21.0,52,28,23,18,11,9,51,17.6,42,20,3,17,12,64,14,0,Matches,GER-BL1,19-20
2db2fd7b,56,Jérôme Boateng,GER,DF,Bayern Munich,30,1988,20.0,21,14,9,12,0,11,22,50.0,11,15,11,4,33,54,58,1,Matches,GER-BL1,19-20
bb8a42fa,57,Adam Bodzek,GER,MF,Düsseldorf,33,1985,22.4,42,26,21,20,1,14,46,30.4,32,34,11,23,25,67,39,0,Matches,GER-BL1,19-20
635f2732,58,Jean-Paul Boëtius,NED,MF,Mainz 05,25,1994,25.2,63,33,21,31,11,20,57,35.1,37,38,1,37,26,89,6,0,Matches,GER-BL1,19-20
1fda91b3,59,Melayro Bogarde,NED,DF,Hoffenheim,17,2002,0.6,2,1,2,0,0,2,2,100.0,0,0,0,0,0,2,3,0,Matches,GER-BL1,19-20
78b9e99c,60,Dennis Borkowski,GER,FW,RB Leipzig,17,2002,0.1,0,0,0,0,0,0,0,,0,0,0,0,0,0,0,0,Matches,GER-BL1,19-20
d728acae,61,Robin Bormuth,GER,DF,Düsseldorf,23,1995,2.0,2,1,2,0,0,2,3,66.7,1,6,5,1,0,2,12,0,Matches,GER-BL1,19-20
01834aa0,62,Sebastiaan Bornauw,BEL,DF,Köln,20,1999,27.2,37,24,24,12,1,20,39,51.3,19,32,12,20,42,79,99,0,Matches,GER-BL1,19-20
b4d90315,63,Brandon Borrello,AUS,"MF,FW",Freiburg,24,1995,3.3,10,4,6,4,0,4,10,40.0,6,7,1,6,1,11,1,0,Matches,GER-BL1,19-20
541127d5,64,Nassim Boujellab,MAR,"MF,FW",Schalke 04,20,1999,4.7,12,10,5,4,3,5,14,35.7,9,8,1,7,7,19,5,0,Matches,GER-BL1,19-20
7c473e12,65,Dedryck Boyata,BEL,DF,Hertha BSC,28,1990,27.1,24,18,17,5,2,4,12,33.3,8,39,32,7,62,86,158,1,Matches,GER-BL1,19-20
b797f558,66,Can Bozdogan,GER,MF,Schalke 04,18,2001,2.6,8,6,5,3,0,3,12,25.0,9,2,0,2,2,10,2,0,Matches,GER-BL1,19-20
a167537f,67,Julian Brandt,GER,"MF,FW",Dortmund,23,1996,24.5,48,33,15,21,12,25,55,45.5,30,35,2,33,16,64,10,1,Matches,GER-BL1,19-20
d4a2533d,68,Josip Brekalo,CRO,"MF,FW",Wolfsburg,21,1998,18.6,18,8,5,6,7,5,23,21.7,18,26,0,26,16,34,4,0,Matches,GER-BL1,19-20
e27da244,69,John Brooks,USA,DF,Wolfsburg,26,1993,24.7,38,27,27,9,2,24,49,49.0,25,31,12,19,41,79,93,0,Matches,GER-BL1,19-20
a7813ac4,70,Daniel Brosinski,GER,DF,Mainz 05,31,1988,19.0,40,27,13,23,4,15,34,44.1,19,16,2,14,14,54,58,0,Matches,GER-BL1,19-20
fbffc4b1,71,Jeffrey Bruma,NED,DF,Wolfsburg,27,1991,9.0,9,5,4,5,0,7,13,53.8,6,6,3,3,13,22,51,1,Matches,GER-BL1,19-20
fbffc4b1,72,Jeffrey Bruma,NED,DF,Mainz 05,27,1991,7.5,12,8,8,4,0,4,6,66.7,2,11,5,6,6,18,34,1,Matches,GER-BL1,19-20
4e204552,73,Jacob Bruun Larsen,DEN,"FW,MF",Hoffenheim,20,1998,4.3,3,2,3,0,0,3,8,37.5,5,3,0,3,3,6,1,0,Matches,GER-BL1,19-20
4e204552,74,Jacob Bruun Larsen,DEN,FW,Dortmund,20,1998,0.8,0,0,0,0,0,0,0,,0,0,0,0,0,0,0,0,Matches,GER-BL1,19-20
ab5b7dc1,75,Marius Bülter,GER,"MF,FW",Union Berlin,26,1993,25.8,38,22,19,13,6,17,54,31.5,37,37,3,34,11,49,20,1,Matches,GER-BL1,19-20
2bcc6d52,76,Guido Burgstaller,AUT,FW,Schalke 04,30,1989,13.7,7,3,0,5,2,4,15,26.7,11,12,3,9,4,11,10,0,Matches,GER-BL1,19-20
05f99a4a,77,Jonathan Burkardt,GER,"FW,MF",Mainz 05,19,2000,2.8,9,4,2,5,2,3,8,37.5,5,6,1,5,0,9,1,0,Matches,GER-BL1,19-20
9d12e142,78,Roman Bürki,SUI,GK,Dortmund,28,1990,30.8,2,2,2,0,0,2,3,66.7,1,1,0,1,2,4,13,1,Matches,GER-BL1,19-20
d1273f09,79,Daniel Caligiuri,ITA,"MF,FW",Schalke 04,31,1988,25.5,58,37,18,25,15,27,74,36.5,47,67,6,61,25,83,39,0,Matches,GER-BL1,19-20
a65ce836,80,Emre Can,GER,"MF,DF",Dortmund,25,1994,10.6,19,12,11,7,1,5,12,41.7,7,14,6,8,19,38,15,0,Matches,GER-BL1,19-20
db401046,81,Koen Casteels,BEL,GK,Wolfsburg,27,1992,26.0,0,0,0,0,0,0,0,,0,0,0,0,0,0,9,1,Matches,GER-BL1,19-20
b3b7f5a6,82,Timothy Chandler,USA,"DF,MF",Eint Frankfurt,29,1990,13.6,22,10,9,8,5,9,16,56.3,7,9,4,5,13,35,21,0,Matches,GER-BL1,19-20
7961f7aa,83,Kwon Chang-hoon,KOR,"MF,FW",Freiburg,25,1994,7.5,7,4,2,3,2,1,10,10.0,9,5,1,4,7,14,14,0,Matches,GER-BL1,19-20
c6608135,84,Darko Churlinov,MKD,MF,Köln,19,2000,0.2,1,1,1,0,0,1,2,50.0,1,0,0,0,1,2,0,0,Matches,GER-BL1,19-20
ecab64a0,85,Per Ciljan Skjelbred,NOR,MF,Hertha BSC,32,1987,18.1,50,30,18,29,3,17,41,41.5,24,14,3,11,23,73,17,0,Matches,GER-BL1,19-20
612cb8d3,86,Christian Clemens,GER,FW,Köln,27,1991,0.2,0,0,0,0,0,0,0,,0,1,1,0,0,0,0,0,Matches,GER-BL1,19-20
33a95e0a,87,Jamilu Collins,NGA,DF,Paderborn 07,24,1994,29.6,69,43,44,21,4,37,62,59.7,25,53,19,34,70,139,91,1,Matches,GER-BL1,19-20
042e8a49,88,Kingsley Coman,FRA,"FW,MF",Bayern Munich,23,1996,16.7,19,11,6,7,6,12,27,44.4,15,9,0,9,4,23,3,0,Matches,GER-BL1,19-20
9f381d8b,89,Jhon Córdoba,COL,FW,Köln,26,1993,22.2,9,6,1,5,3,3,13,23.1,10,19,1,18,5,14,17,0,Matches,GER-BL1,19-20
229cd98a,90,Sergio Córdova,VEN,FW,Augsburg,21,1997,4.1,3,0,0,2,1,1,10,10.0,9,0,0,0,0,3,3,0,Matches,GER-BL1,19-20
5ddb8f9f,91,Danny da Costa,GER,"DF,FW",Eint Frankfurt,26,1993,15.4,26,17,14,8,4,6,16,37.5,10,16,1,15,15,41,26,0,Matches,GER-BL1,19-20
0ef89a37,92,Philippe Coutinho,BRA,"MF,FW",Bayern Munich,27,1992,15.7,21,15,1,13,7,2,13,15.4,11,9,2,7,6,27,0,0,Matches,GER-BL1,19-20
5722eced,93,Mickaël Cuisance,FRA,"MF,FW",Bayern Munich,19,1999,3.4,2,1,0,2,0,1,9,11.1,8,1,1,0,3,5,0,0,Matches,GER-BL1,19-20
dc62b55d,94,Matheus Cunha,BRA,"FW,MF",Hertha BSC,20,1999,8.3,10,5,6,4,0,4,11,36.4,7,11,1,10,10,20,1,0,Matches,GER-BL1,19-20
dc62b55d,95,Matheus Cunha,BRA,"FW,MF",RB Leipzig,20,1999,3.1,6,2,0,1,5,0,2,0.0,2,5,1,4,1,7,0,0,Matches,GER-BL1,19-20
b0a0698b,96,Rafael Czichos,GER,DF,Köln,29,1990,24.5,43,34,26,16,1,22,45,48.9,23,24,13,11,35,78,110,1,Matches,GER-BL1,19-20
eac044ad,97,Moanes Dabbur,ISR,FW,Hoffenheim,27,1992,8.5,8,5,1,3,4,3,10,30.0,7,6,2,4,4,12,1,0,Matches,GER-BL1,19-20
db4ed67b,98,Mahmoud Dahoud,GER,MF,Dortmund,23,1996,6.2,10,6,4,4,2,6,18,33.3,12,8,2,6,8,18,4,0,Matches,GER-BL1,19-20
aeaf1bc1,99,Leon Dajaku,GER,"DF,MF",Bayern Munich,18,2001,0.1,0,0,0,0,0,0,1,0.0,1,0,0,0,0,0,0,0,Matches,GER-BL1,19-20
3eb0f2df,100,Vladimír Darida,CZE,MF,Hertha BSC,28,1990,25.1,50,27,14,31,5,11,48,22.9,37,44,7,37,27,77,19,2,Matches,GER-BL1,19-20
d781d855,101,Alphonso Davies,CAN,DF,Bayern Munich,18,2000,24.8,70,43,35,24,11,38,58,65.5,20,35,6,29,31,101,51,0,Matches,GER-BL1,19-20
fe641c1a,102,Thomas Delaney,DEN,MF,Dortmund,27,1991,9.2,22,10,10,11,1,9,15,60.0,6,16,7,9,26,48,26,0,Matches,GER-BL1,19-20
54b4dc4e,103,Kerem Demirbay,GER,MF,Leverkusen,26,1993,17.5,35,19,10,21,4,12,31,38.7,19,19,5,14,22,57,7,1,Matches,GER-BL1,19-20
dc3fa3b5,104,Diego Demme,GER,MF,RB Leipzig,27,1991,13.5,41,18,17,19,5,17,42,40.5,25,14,2,12,15,56,14,0,Matches,GER-BL1,19-20
aeed5c06,105,Moussa Diaby,FRA,"FW,MF",Leverkusen,20,1999,19.7,10,8,3,7,0,5,15,33.3,10,6,0,6,9,19,4,0,Matches,GER-BL1,19-20
34a0f5ff,106,Javairô Dilrosun,NED,"MF,FW",Hertha BSC,21,1998,14.5,15,8,11,1,3,5,13,38.5,8,20,0,20,18,33,10,0,Matches,GER-BL1,19-20
7d841904,107,Ji Dong-won,KOR,"FW,MF",Mainz 05,28,1991,1.1,0,0,0,0,0,0,1,0.0,1,1,0,1,0,0,0,0,Matches,GER-BL1,19-20
dc90cfbe,108,Bas Dost,NED,FW,Eint Frankfurt,30,1989,16.4,11,7,1,7,3,3,7,42.9,4,6,2,4,5,16,22,0,Matches,GER-BL1,19-20
7bd5b8fd,109,Mamadou Doucouré,FRA,MF,Gladbach,21,1998,0.0,0,0,0,0,0,0,0,,0,0,0,0,0,0,0,0,Matches,GER-BL1,19-20
8954fddc,110,Mohamed Dräger,TUN,DF,Paderborn 07,23,1996,16.2,32,21,22,8,2,14,33,42.4,19,17,5,12,18,50,39,0,Matches,GER-BL1,19-20
6fd8a334,111,Aleksandar Dragović,AUT,DF,Leverkusen,28,1991,11.4,18,11,11,6,1,10,21,47.6,11,9,3,6,15,33,39,0,Matches,GER-BL1,19-20
809940aa,112,Dominick Drexler,GER,"MF,FW",Köln,29,1990,17.6,34,25,12,19,3,8,32,25.0,24,11,5,6,26,60,11,0,Matches,GER-BL1,19-20
79ca3e23,113,Ondrej Duda,SVK,MF,Hertha BSC,24,1994,5.0,6,4,1,2,3,1,10,10.0,9,3,1,2,5,11,5,0,Matches,GER-BL1,19-20
cf623c78,114,Erik Durm,GER,"DF,FW",Eint Frankfurt,27,1992,5.7,13,6,9,2,2,9,17,52.9,8,11,2,9,3,16,11,0,Matches,GER-BL1,19-20
d571df78,115,Johannes Eggestein,GER,"MF,FW",Werder Bremen,21,1998,5.7,8,6,2,2,4,3,12,25.0,9,6,0,6,2,10,4,0,Matches,GER-BL1,19-20
beb882a8,116,Maximilian Eggestein,GER,MF,Werder Bremen,22,1996,31.7,40,28,20,18,2,15,43,34.9,28,37,8,29,36,76,57,0,Matches,GER-BL1,19-20
76b2817e,117,Kingsley Ehizibue,NED,DF,Köln,24,1995,25.9,79,53,44,30,5,33,53,62.3,20,28,8,20,39,118,79,1,Matches,GER-BL1,19-20
6cb0211b,118,Ilay Elmkies,ISR,MF,Hoffenheim,19,2000,0.0,1,1,1,0,0,0,0,,0,0,0,0,0,1,0,0,Matches,GER-BL1,19-20
48035304,119,Nico Elvedi,SUI,DF,Gladbach,22,1996,29.1,45,27,37,8,0,19,38,50.0,19,32,15,17,62,107,112,0,Matches,GER-BL1,19-20
0b4f388a,120,Breel Embolo,SUI,"FW,MF",Gladbach,22,1997,17.2,22,11,2,15,5,4,15,26.7,11,12,1,11,8,30,5,0,Matches,GER-BL1,19-20
b48215cd,121,Alexander Esswein,GER,"FW,MF",Hertha BSC,29,1990,2.4,6,4,4,2,0,3,8,37.5,5,8,1,7,7,13,7,1,Matches,GER-BL1,19-20
cce7087c,122,Antony Evans,ENG,"MF,DF",Paderborn 07,20,1998,1.7,5,4,1,3,1,1,5,20.0,4,1,1,0,2,7,4,0,Matches,GER-BL1,19-20
b82880c6,123,Simon Falette,GUI,DF,Eint Frankfurt,27,1992,1.0,0,0,0,0,0,0,1,0.0,1,3,3,0,3,3,5,0,Matches,GER-BL1,19-20
677da306,124,Ohis Felix Uduokhai,GER,DF,Augsburg,21,1997,21.8,43,26,30,12,1,19,29,65.5,10,40,30,10,36,79,125,2,Matches,GER-BL1,19-20
3bb625ac,125,Edimilson Fernandes,SUI,"MF,DF",Mainz 05,23,1996,16.5,33,20,12,15,6,15,33,45.5,18,17,9,8,32,65,47,1,Matches,GER-BL1,19-20
8e58987d,126,Gelson Fernandes,SUI,MF,Eint Frankfurt,32,1986,8.6,30,18,13,17,0,7,21,33.3,14,11,3,8,16,46,9,2,Matches,GER-BL1,19-20
316162b6,127,Oliver Fink,GER,"MF,FW",Düsseldorf,37,1982,7.5,21,12,7,11,3,5,16,31.3,11,12,1,11,15,36,7,0,Matches,GER-BL1,19-20
f9e7c4ac,128,Alfreð Finnbogason,ISL,FW,Augsburg,30,1989,10.7,11,6,1,9,1,2,7,28.6,5,8,2,6,3,14,8,0,Matches,GER-BL1,19-20
a92ab7be,129,Mark Flekken,NED,GK,Freiburg,26,1993,10.0,0,0,0,0,0,0,1,0.0,1,0,0,0,0,0,2,2,Matches,GER-BL1,19-20
9a2e0ccc,130,Emil Forsberg,SWE,MF,RB Leipzig,27,1991,12.7,16,10,5,8,3,6,26,23.1,20,15,0,15,5,21,3,0,Matches,GER-BL1,19-20
626fab5f,131,Raphael Framberger,GER,DF,Augsburg,23,1995,13.1,43,25,23,16,4,21,29,72.4,8,23,9,14,20,63,26,0,Matches,GER-BL1,19-20
482b70ad,132,Mike Frantz,GER,MF,Freiburg,32,1986,3.9,4,2,1,3,0,2,9,22.2,7,5,3,2,1,5,4,0,Matches,GER-BL1,19-20
f86ad3f5,133,Marco Friedl,AUT,"DF,MF",Werder Bremen,21,1998,24.3,61,39,42,15,4,29,54,53.7,25,29,9,20,34,95,78,0,Matches,GER-BL1,19-20
b77f44a4,134,Marvin Friedrich,GER,DF,Union Berlin,23,1995,31.0,45,31,30,14,1,12,37,32.4,25,46,24,22,42,87,110,0,Matches,GER-BL1,19-20
55557b25,135,Samúel Friðjónsson,ISL,MF,Paderborn 07,23,1996,2.1,4,1,3,1,0,1,3,33.3,2,4,1,3,4,8,4,0,Matches,GER-BL1,19-20
4f16405e,136,Niclas Füllkrug,GER,FW,Werder Bremen,26,1993,4.5,2,2,1,1,0,1,3,33.3,2,3,0,3,3,5,6,0,Matches,GER-BL1,19-20
16daec92,137,Mijat Gaćinović,SRB,"MF,FW",Eint Frankfurt,24,1995,11.6,19,11,7,8,4,6,25,24.0,19,26,2,24,15,34,6,0,Matches,GER-BL1,19-20
3f65898c,138,Theodor Gebre Selassie,CZE,"DF,MF",Werder Bremen,32,1986,27.0,36,27,23,10,3,17,35,48.6,18,26,9,17,63,99,81,0,Matches,GER-BL1,19-20
37f606f0,139,Dennis Geiger,GER,MF,Hoffenheim,21,1998,12.6,12,5,4,6,2,2,16,12.5,14,9,2,7,6,18,4,0,Matches,GER-BL1,19-20
a4f94a0d,140,Christian Gentner,GER,MF,Union Berlin,33,1985,27.1,53,28,16,32,5,22,73,30.1,51,46,8,38,54,107,50,0,Matches,GER-BL1,19-20
62ab9184,141,Yannick Gerhardt,GER,MF,Wolfsburg,25,1994,9.2,28,18,7,15,6,8,21,38.1,13,11,3,8,12,40,9,0,Matches,GER-BL1,19-20
7242b495,142,Niko Gießelmann,GER,DF,Düsseldorf,27,1991,22.9,46,31,31,11,4,22,45,48.9,23,23,6,17,27,73,55,1,Matches,GER-BL1,19-20
17376543,143,Rafał Gikiewicz,POL,GK,Union Berlin,31,1987,33.0,1,0,1,0,0,1,4,25.0,3,0,0,0,2,3,26,4,Matches,GER-BL1,19-20
e5f63987,144,Daniel Ginczek,GER,FW,Wolfsburg,28,1991,8.5,4,3,3,1,0,1,11,9.1,10,3,1,2,1,5,3,0,Matches,GER-BL1,19-20
f521b80a,145,Matthias Ginter,GER,DF,Gladbach,25,1994,30.9,34,20,19,14,1,17,31,54.8,14,27,22,5,34,68,125,3,Matches,GER-BL1,19-20
431c837b,146,Klaus Gjasula,ALB,MF,Paderborn 07,29,1989,25.3,69,39,30,35,4,30,61,49.2,31,33,6,27,32,101,50,2,Matches,GER-BL1,19-20
88e357ef,147,Serge Gnabry,GER,"FW,MF",Bayern Munich,24,1995,24.4,36,16,4,19,13,9,29,31.0,20,17,0,17,16,52,2,1,Matches,GER-BL1,19-20
deee6467,148,Akaki Gogia,GER,"MF,FW",Union Berlin,27,1992,1.3,2,1,0,0,2,0,2,0.0,2,2,2,0,0,2,0,0,Matches,GER-BL1,19-20
d5980989,149,Benjamin Goller,GER,"FW,MF",Werder Bremen,20,1999,3.2,8,3,3,4,1,3,10,30.0,7,3,0,3,1,9,1,0,Matches,GER-BL1,19-20
49ffe0f2,150,Jérôme Gondorf,GER,MF,Freiburg,31,1988,1.3,9,6,7,1,1,3,6,50.0,3,3,2,1,0,9,2,0,Matches,GER-BL1,19-20
cc86b9a3,151,Leon Goretzka,GER,MF,Bayern Munich,24,1995,16.8,28,15,7,18,3,10,32,31.3,22,18,2,16,24,52,8,0,Matches,GER-BL1,19-20
9efa1d25,152,Mario Götze,GER,FW,Dortmund,27,1992,5.8,10,7,0,6,4,3,12,25.0,9,3,0,3,2,12,1,0,Matches,GER-BL1,19-20
1025db8e,153,Jeffrey Gouweleeuw,NED,DF,Augsburg,28,1991,18.3,28,16,22,5,1,12,21,57.1,9,15,8,7,37,65,97,0,Matches,GER-BL1,19-20
8e235926,154,Michael Gregoritsch,AUT,"MF,FW",Augsburg,25,1994,3.4,2,2,0,2,0,0,4,0.0,4,4,1,3,3,5,7,0,Matches,GER-BL1,19-20
8e235926,155,Michael Gregoritsch,AUT,FW,Schalke 04,25,1994,9.2,8,5,0,6,2,0,9,0.0,9,9,1,8,2,10,10,0,Matches,GER-BL1,19-20
54e4866f,156,Vincenzo Grifo,ITA,MF,Hoffenheim,26,1993,0.2,0,0,0,0,0,0,0,,0,0,0,0,0,0,0,0,Matches,GER-BL1,19-20
54e4866f,157,Vincenzo Grifo,ITA,"MF,FW",Freiburg,26,1993,18.0,15,10,9,3,3,6,25,24.0,19,13,1,12,14,29,18,1,Matches,GER-BL1,19-20
ffbbc83b,158,Florian Grillitsch,AUT,"MF,DF",Hoffenheim,23,1995,26.8,59,29,34,24,1,29,61,47.5,32,33,6,27,49,108,41,1,Matches,GER-BL1,19-20
14a7af33,159,Christian Groß,GER,"DF,MF",Werder Bremen,30,1989,9.7,23,17,16,5,2,9,16,56.3,7,13,7,6,14,37,50,1,Matches,GER-BL1,19-20
f2dd9a21,160,Carlos Gruezo,ECU,MF,Augsburg,24,1995,9.8,28,12,12,15,1,5,24,20.8,19,5,0,5,6,34,5,0,Matches,GER-BL1,19-20
8b8e759d,161,Marko Grujić,SRB,MF,Hertha BSC,23,1996,26.8,56,34,21,30,5,19,63,30.2,44,43,9,34,22,78,69,0,Matches,GER-BL1,19-20
048a1cbc,162,Raphaël Guerreiro,POR,"DF,MF",Dortmund,25,1993,25.9,44,24,18,21,5,20,32,62.5,12,27,3,24,42,86,26,0,Matches,GER-BL1,19-20
4942dad3,163,Babacar Guèye,SEN,FW,Paderborn 07,24,1994,1.2,2,0,0,0,2,0,1,0.0,1,1,1,0,0,2,3,0,Matches,GER-BL1,19-20
e6c43eec,164,Josuha Guilavogui,FRA,"MF,DF",Wolfsburg,28,1990,22.9,41,26,17,23,1,10,30,33.3,20,35,9,26,45,86,64,2,Matches,GER-BL1,19-20
bcb2ccd8,165,Péter Gulácsi,HUN,GK,RB Leipzig,29,1990,32.0,0,0,0,0,0,0,0,,0,0,0,0,1,1,18,6,Matches,GER-BL1,19-20
25ab9c9c,166,Manuel Gulde,GER,DF,Freiburg,28,1991,15.2,28,16,17,9,2,15,24,62.5,9,23,13,10,22,50,80,1,Matches,GER-BL1,19-20
8593f88c,167,Christian Günter,GER,DF,Freiburg,26,1993,33.7,25,11,17,7,1,12,35,34.3,23,29,13,16,14,39,40,0,Matches,GER-BL1,19-20
1bcca8b8,168,Jonathan de Guzmán,NED,MF,Eint Frankfurt,31,1987,1.0,1,1,0,1,0,1,7,14.3,6,2,0,2,1,2,0,0,Matches,GER-BL1,19-20
1f44ac21,169,Erling Haaland,NOR,FW,Dortmund,19,2000,11.8,4,2,1,0,3,0,4,0.0,4,7,4,3,4,8,4,0,Matches,GER-BL1,19-20
70dcf94d,170,Janik Haberer,GER,"MF,FW",Freiburg,25,1994,19.1,26,18,8,14,4,12,45,26.7,33,25,4,21,25,51,23,0,Matches,GER-BL1,19-20
a5ec3ede,171,Alexander Hack,GER,DF,Mainz 05,25,1993,8.9,26,10,19,6,1,16,27,59.3,11,20,9,11,23,49,60,1,Matches,GER-BL1,19-20
cd82452e,172,André Hahn,GER,"FW,MF",Augsburg,28,1990,7.8,15,9,7,5,3,5,21,23.8,16,23,5,18,13,28,14,0,Matches,GER-BL1,19-20
92432bc6,173,Amadou Haidara,MLI,MF,RB Leipzig,21,1998,8.4,26,16,7,17,2,10,24,41.7,14,14,2,12,8,34,10,1,Matches,GER-BL1,19-20
e42d61c7,174,Achraf Hakimi,MAR,"DF,MF",Dortmund,20,1998,30.2,60,41,38,14,8,27,64,42.2,37,26,2,24,30,90,27,2,Matches,GER-BL1,19-20
8ff2354e,175,Marcel Halstenberg,GER,DF,RB Leipzig,27,1991,28.0,46,31,27,17,2,28,58,48.3,30,37,11,26,46,92,72,2,Matches,GER-BL1,19-20
e7d59f4f,176,Amine Harit,MAR,"MF,FW",Schalke 04,22,1997,23.4,16,7,8,5,3,6,25,24.0,19,13,0,13,7,23,2,1,Matches,GER-BL1,19-20
99b7584f,177,Martin Harnik,AUT,"MF,FW",Werder Bremen,32,1987,0.1,0,0,0,0,0,0,0,,0,0,0,0,0,0,0,0,Matches,GER-BL1,19-20
9ab16552,178,Makoto Hasebe,JPN,"DF,MF",Eint Frankfurt,35,1984,21.9,28,20,16,9,3,18,39,46.2,21,38,10,28,26,54,38,0,Matches,GER-BL1,19-20
fed7cb61,179,Kai Havertz,GER,"MF,FW",Leverkusen,20,1999,27.3,21,15,5,10,6,6,39,15.4,33,22,0,22,2,23,22,0,Matches,GER-BL1,19-20
50871bcc,180,Thorgan Hazard,BEL,"FW,MF",Dortmund,26,1993,26.4,40,27,17,14,9,12,50,24.0,38,29,0,29,13,53,2,1,Matches,GER-BL1,19-20
c2009df3,181,Jonas Hector,GER,"MF,DF",Köln,29,1990,27.0,76,49,37,34,5,24,75,32.0,51,44,10,34,46,122,38,1,Matches,GER-BL1,19-20
699fb8db,182,Dominique Heintz,GER,DF,Freiburg,25,1993,27.0,47,30,40,6,1,17,43,39.5,26,38,25,13,41,88,131,1,Matches,GER-BL1,19-20
17611373,183,Rouwen Hennings,GER,FW,Düsseldorf,31,1987,27.3,11,5,2,7,2,3,18,16.7,15,12,0,12,2,13,33,0,Matches,GER-BL1,19-20
c3ee18ef,184,Lucas Hernández,FRA,DF,Bayern Munich,23,1996,10.2,18,9,13,3,2,9,15,60.0,6,6,1,5,15,33,17,0,Matches,GER-BL1,19-20
dfb6490a,185,Patrick Herrmann,GER,"FW,MF",Gladbach,28,1991,16.1,24,11,8,10,6,5,16,31.3,11,21,4,17,11,35,8,0,Matches,GER-BL1,19-20
080440a4,186,Martin Hinteregger,AUT,DF,Eint Frankfurt,26,1992,30.2,66,51,33,30,3,28,57,49.1,29,41,21,20,36,102,96,0,Matches,GER-BL1,19-20
2e7ff968,187,Marwin Hitz,SUI,GK,Dortmund,31,1987,3.2,0,0,0,0,0,0,0,,0,0,0,0,0,0,0,0,Matches,GER-BL1,19-20
34b306a1,188,André Hoffmann,GER,DF,Düsseldorf,26,1993,27.0,48,22,30,18,0,16,50,32.0,34,22,9,13,56,104,90,0,Matches,GER-BL1,19-20
5d8e331f,189,Nicolas Höfler,GER,MF,Freiburg,29,1990,30.9,65,40,31,28,6,22,64,34.4,42,58,18,40,71,136,59,3,Matches,GER-BL1,19-20
2903a856,190,Jonas Hofmann,GER,"MF,FW",Gladbach,27,1992,18.1,43,27,22,12,9,22,76,28.9,54,28,3,25,18,61,14,0,Matches,GER-BL1,19-20
9908c518,191,Jonas Hofmann,GER,MF,Schalke 04,22,1997,0.0,0,0,0,0,0,0,0,,0,0,0,0,0,0,2,0,Matches,GER-BL1,19-20
4114f306,192,Marco Höger,GER,MF,Köln,29,1989,7.5,10,6,4,5,1,6,16,37.5,10,14,4,10,6,16,15,0,Matches,GER-BL1,19-20
ca618d23,193,Lucas Höler,GER,"FW,MF",Freiburg,25,1994,27.6,35,15,11,16,8,11,46,23.9,35,30,9,21,12,47,38,0,Matches,GER-BL1,19-20
2979c05a,194,Gerrit Holtmann,PHI,"MF,DF",Paderborn 07,24,1995,11.8,24,14,14,6,4,15,37,40.5,22,21,1,20,6,30,8,0,Matches,GER-BL1,19-20
60dfc525,195,Luca Horn,GER,DF,Wolfsburg,20,1998,0.1,0,0,0,0,0,0,0,,0,0,0,0,0,0,0,0,Matches,GER-BL1,19-20
3cd9e95a,196,Timo Horn,GER,GK,Köln,26,1993,34.0,0,0,0,0,0,0,5,0.0,5,0,0,0,2,2,15,1,Matches,GER-BL1,19-20
ad3389d5,197,Lukáš Hrádecký,FIN,GK,Leverkusen,29,1989,34.0,0,0,0,0,0,0,1,0.0,1,0,0,0,2,2,19,2,Matches,GER-BL1,19-20
99de6b6f,198,Benjamin Hübner,GER,DF,Hoffenheim,30,1989,23.0,42,26,33,9,0,23,45,51.1,22,18,13,5,30,72,98,2,Matches,GER-BL1,19-20
e87ad81a,199,Florian Hübner,GER,DF,Union Berlin,28,1991,9.4,16,14,12,4,0,7,17,41.2,10,11,7,4,16,32,39,0,Matches,GER-BL1,19-20
05d548d8,200,Mats Hummels,GER,DF,Dortmund,30,1988,28.7,57,30,30,26,1,20,38,52.6,18,41,18,23,59,116,110,1,Matches,GER-BL1,19-20
f42456eb,201,Uwe Hünemeier,GER,DF,Paderborn 07,33,1986,13.4,20,15,9,11,0,10,20,50.0,10,22,12,10,24,44,63,0,Matches,GER-BL1,19-20
e8fd2e5b,202,Jannik Huth,GER,GK,Paderborn 07,25,1994,6.0,0,0,0,0,0,0,1,0.0,1,0,0,0,0,0,2,0,Matches,GER-BL1,19-20
054849d2,203,Iago,BRA,"DF,MF",Augsburg,22,1997,7.5,19,12,12,7,0,9,18,50.0,9,6,2,4,14,33,27,0,Matches,GER-BL1,19-20
c3fd9887,204,Vedad Ibišević,BIH,FW,Hertha BSC,34,1984,14.0,4,3,0,1,3,0,3,0.0,3,4,0,4,1,5,15,0,Matches,GER-BL1,19-20
e5cad51e,205,Luc Ihorst,GER,FW,Werder Bremen,19,2000,0.1,1,1,0,0,1,0,0,,0,1,0,1,0,1,0,0,Matches,GER-BL1,19-20
8494acc4,206,Stefan Ilsanker,AUT,DF,RB Leipzig,30,1989,4.6,3,1,3,0,0,3,6,50.0,3,6,3,3,7,10,21,0,Matches,GER-BL1,19-20
8494acc4,207,Stefan Ilsanker,AUT,"DF,MF",Eint Frankfurt,30,1989,9.3,23,15,16,7,0,10,23,43.5,13,8,1,7,19,42,26,0,Matches,GER-BL1,19-20
271b8617,208,Marcus Ingvartsen,DEN,"MF,FW",Union Berlin,23,1996,19.1,20,14,5,7,8,9,28,32.1,19,16,1,15,16,36,16,0,Matches,GER-BL1,19-20
e6c15f6e,209,Gian-Luca Itter,GER,"DF,MF",Freiburg,20,1999,0.4,1,1,1,0,0,1,1,100.0,0,0,0,0,1,2,4,0,Matches,GER-BL1,19-20
a0415710,210,Ismail Jakobs,SEN,"FW,DF",Köln,19,1999,18.6,34,23,18,9,7,10,23,43.5,13,25,3,22,24,58,30,0,Matches,GER-BL1,19-20
0fbb73c2,211,Laurent Jans,LUX,DF,Paderborn 07,26,1992,17.5,42,25,30,8,4,22,48,45.8,26,25,10,15,19,61,49,1,Matches,GER-BL1,19-20
34b54da7,212,Tony Jantschke,GER,DF,Gladbach,29,1990,11.2,33,21,23,10,0,15,24,62.5,9,20,11,9,27,60,48,0,Matches,GER-BL1,19-20
27d2618c,213,Rune Jarstein,NOR,GK,Hertha BSC,34,1984,28.3,4,1,4,0,0,2,3,66.7,1,0,0,0,1,5,11,3,Matches,GER-BL1,19-20
6bba916f,214,Dennis Jastrzembski,POL,"MF,FW",Paderborn 07,19,2000,2.0,2,0,1,1,0,0,1,0.0,1,3,0,3,3,5,0,0,Matches,GER-BL1,19-20
f820504e,215,Tin Jedvaj,CRO,DF,Augsburg,23,1995,29.3,44,26,25,19,0,23,47,48.9,24,36,18,18,60,104,123,1,Matches,GER-BL1,19-20
3eeb80e0,216,Fredrik Jensen,FIN,"MF,FW",Augsburg,21,1997,5.1,3,1,2,1,0,2,7,28.6,5,7,1,6,1,4,3,0,Matches,GER-BL1,19-20
76e5da9d,217,Fabian Johnson,USA,"MF,DF",Gladbach,31,1987,3.0,5,3,2,2,1,2,4,50.0,2,4,1,3,2,7,3,0,Matches,GER-BL1,19-20
95a24690,218,Dejan Joveljić,SRB,FW,Eint Frankfurt,19,1999,1.7,2,2,1,1,0,0,1,0.0,1,0,0,0,0,2,1,0,Matches,GER-BL1,19-20
0db5d2c8,219,Mathias Jørgensen,DEN,DF,Düsseldorf,29,1990,5.5,4,3,3,1,0,2,4,50.0,2,7,3,4,13,17,33,0,Matches,GER-BL1,19-20
2d61d13a,220,Ozan Kabak,TUR,DF,Schalke 04,19,2000,19.7,37,23,28,9,0,14,21,66.7,7,33,19,14,37,74,97,0,Matches,GER-BL1,19-20
79c90e45,221,Pavel Kadeřábek,CZE,"DF,FW",Hoffenheim,27,1992,27.5,32,22,17,13,2,13,30,43.3,17,29,7,22,27,59,55,1,Matches,GER-BL1,19-20
94c18565,222,Florian Kainz,AUT,"FW,MF",Köln,26,1992,17.3,21,13,12,6,3,15,33,45.5,18,26,2,24,13,34,11,0,Matches,GER-BL1,19-20
2042d931,223,Salomon Kalou,CIV,"FW,MF",Hertha BSC,33,1985,1.6,1,0,1,0,0,0,2,0.0,2,2,0,2,0,1,1,0,Matches,GER-BL1,19-20
15b287da,224,Daichi Kamada,JPN,"MF,FW",Eint Frankfurt,22,1996,21.9,29,20,7,17,5,8,42,19.0,34,16,1,15,10,39,6,0,Matches,GER-BL1,19-20
b825a650,225,Kevin Kampl,SVN,MF,RB Leipzig,28,1990,7.5,17,11,7,10,0,7,23,30.4,16,7,2,5,16,33,6,0,Matches,GER-BL1,19-20
62ba5881,226,Stefanos Kapino,GRE,GK,Werder Bremen,25,1994,1.0,0,0,0,0,0,0,0,,0,0,0,0,1,1,0,0,Matches,GER-BL1,19-20
8f0f2230,227,Kenan Karaman,TUR,"FW,MF",Düsseldorf,25,1994,15.0,11,5,2,5,4,4,9,44.4,5,9,4,5,2,13,7,0,Matches,GER-BL1,19-20
23a10591,228,Mamoudou Karamoko,FRA,MF,Wolfsburg,19,1999,0.1,0,0,0,0,0,0,0,,0,0,0,0,0,0,0,0,Matches,GER-BL1,19-20
dc2e4736,229,Florian Kastenmeier,GER,GK,Düsseldorf,22,1997,17.0,1,1,1,0,0,0,0,,0,0,0,0,2,3,3,1,Matches,GER-BL1,19-20
e27de4fa,230,Noah Katterbach,GER,DF,Köln,18,2001,14.6,29,23,21,8,0,11,28,39.3,17,12,1,11,29,58,26,0,Matches,GER-BL1,19-20
d2c580ce,231,Yannik Keitel,GER,MF,Freiburg,19,2000,1.9,2,1,1,1,0,0,6,0.0,6,3,1,2,4,6,4,0,Matches,GER-BL1,19-20
099e666f,232,Jonjoe Kenny,ENG,DF,Schalke 04,22,1997,30.2,49,29,24,19,6,26,51,51.0,25,45,10,35,26,75,79,0,Matches,GER-BL1,19-20
59e4b92e,233,Rani Khedira,GER,MF,Augsburg,25,1994,29.4,60,36,21,35,4,18,45,40.0,27,47,12,35,48,108,62,0,Matches,GER-BL1,19-20
610aa1e9,234,Luca Kilian,GER,DF,Paderborn 07,19,1999,14.0,33,24,27,6,0,22,41,53.7,19,20,9,11,12,45,67,0,Matches,GER-BL1,19-20
49296448,235,Joshua Kimmich,GER,"MF,DF",Bayern Munich,24,1995,31.3,52,29,21,20,11,22,55,40.0,33,38,9,29,29,81,29,0,Matches,GER-BL1,19-20
15fd5593,236,Davy Klaassen,NED,MF,Werder Bremen,26,1993,32.6,55,43,19,23,13,19,57,33.3,38,46,18,28,38,93,45,2,Matches,GER-BL1,19-20
aeda1f69,237,Felix Klaus,GER,"MF,FW",Wolfsburg,26,1992,7.4,24,16,4,13,7,7,19,36.8,12,10,2,8,3,27,5,0,Matches,GER-BL1,19-20
ca8033cb,238,Lukas Klostermann,GER,DF,RB Leipzig,23,1996,29.4,45,26,24,16,5,18,31,58.1,13,34,16,18,26,71,101,2,Matches,GER-BL1,19-20
92948149,239,Lukas Klünter,GER,DF,Hertha BSC,23,1996,20.9,44,31,26,16,2,20,30,66.7,10,16,4,12,27,71,61,1,Matches,GER-BL1,19-20
6bd5cd5d,240,Robin Knoche,GER,DF,Wolfsburg,27,1992,17.7,29,14,24,5,0,17,30,56.7,13,19,11,8,27,56,77,1,Matches,GER-BL1,19-20
ea6bc03a,241,Robin Koch,GER,"DF,MF",Freiburg,23,1996,30.1,34,20,20,13,1,11,26,42.3,15,30,22,8,45,79,94,4,Matches,GER-BL1,19-20
0fbecd11,242,Dominik Kohr,GER,MF,Eint Frankfurt,25,1994,16.1,44,35,15,25,4,18,53,34.0,35,31,11,20,30,74,16,0,Matches,GER-BL1,19-20
5ed9b537,243,Ibrahima Konaté,FRA,DF,RB Leipzig,20,1999,6.3,11,6,10,1,0,2,7,28.6,5,9,4,5,5,16,35,1,Matches,GER-BL1,19-20
3861d9cc,244,Pascal Köpke,GER,FW,Hertha BSC,23,1995,1.3,0,0,0,0,0,0,0,,0,0,0,0,0,0,0,0,Matches,GER-BL1,19-20
b1cd37e6,245,Filip Kostić,SRB,"DF,FW",Eint Frankfurt,26,1992,32.9,59,38,30,20,9,22,59,37.3,37,45,2,43,23,82,16,0,Matches,GER-BL1,19-20
dc366c36,246,Tomáš Koubek,CZE,GK,Augsburg,26,1992,24.0,3,2,3,0,0,3,11,27.3,8,1,0,1,1,4,23,3,Matches,GER-BL1,19-20
be5e1c4c,247,Dawid Kownacki,POL,"FW,MF",Düsseldorf,22,1997,12.1,13,8,5,7,1,9,20,45.0,11,13,2,11,6,19,8,0,Matches,GER-BL1,19-20
bb25c778,248,Thomas Kraft,GER,GK,Hertha BSC,31,1988,4.0,0,0,0,0,0,0,0,,0,0,0,0,1,1,0,0,Matches,GER-BL1,19-20
603cb947,249,Andrej Kramarić,CRO,"FW,MF",Hoffenheim,28,1991,15.8,2,1,1,0,1,1,7,14.3,6,6,0,6,3,5,4,0,Matches,GER-BL1,19-20
496aeede,250,Christoph Kramer,GER,MF,Gladbach,28,1991,16.3,45,29,19,21,5,19,49,38.8,30,22,3,19,14,59,19,0,Matches,GER-BL1,19-20
9f77012e,251,Tom Krauß,GER,MF,RB Leipzig,18,2001,0.0,1,1,0,1,0,1,2,50.0,1,0,0,0,0,1,0,0,Matches,GER-BL1,19-20
4d7faad1,252,Felix Kroos,GER,"MF,DF",Union Berlin,28,1991,4.2,17,9,9,6,2,8,15,53.3,7,6,3,3,3,20,13,1,Matches,GER-BL1,19-20
2a29eb9b,253,Lukas Kübler,GER,DF,Freiburg,26,1992,2.3,1,1,0,1,0,1,5,20.0,4,2,0,2,1,2,6,0,Matches,GER-BL1,19-20
9ceb7642,254,Pierre Kunde,CMR,MF,Mainz 05,24,1995,20.7,34,17,15,18,1,12,30,40.0,18,16,4,12,26,60,55,0,Matches,GER-BL1,19-20
beda9675,255,Ahmed Kutucu,TUR,"FW,MF",Schalke 04,19,2000,7.5,11,7,3,6,2,4,15,26.7,11,5,0,5,2,13,5,0,Matches,GER-BL1,19-20
c1b7847c,256,Konrad Laimer,AUT,MF,RB Leipzig,22,1997,23.5,91,45,30,46,15,43,102,42.2,59,51,8,43,34,125,14,0,Matches,GER-BL1,19-20
4aea5077,257,Stefan Lainer,AUT,DF,Gladbach,26,1992,30.1,51,30,25,19,7,24,54,44.4,30,38,7,31,29,80,71,0,Matches,GER-BL1,19-20
864db10a,258,Michael Lang,SUI,"DF,FW",Werder Bremen,28,1991,6.0,8,5,3,5,0,6,12,50.0,6,5,1,4,7,15,22,0,Matches,GER-BL1,19-20
74d70fb5,259,Sebastian Langkamp,GER,DF,Werder Bremen,31,1988,3.5,3,2,3,0,0,2,4,50.0,2,5,3,2,3,6,11,1,Matches,GER-BL1,19-20
33b554b7,260,Danny Latza,GER,MF,Mainz 05,29,1989,15.3,33,19,15,17,1,16,49,32.7,33,22,5,17,17,50,24,0,Matches,GER-BL1,19-20
b93b7882,261,Mathew Leckie,AUS,"DF,FW",Hertha BSC,28,1991,2.2,3,1,1,2,0,2,3,66.7,1,6,0,6,2,5,2,1,Matches,GER-BL1,19-20
364445b2,262,Toni Leistner,GER,DF,Köln,28,1990,11.2,19,12,10,9,0,5,13,38.5,8,16,7,9,32,51,57,0,Matches,GER-BL1,19-20
792ffa71,263,Tim Lemperle,GER,MF,Köln,17,2002,0.2,0,0,0,0,0,0,0,,0,0,0,0,0,0,0,0,Matches,GER-BL1,19-20
bbd86530,264,Christopher Lenz,GER,"DF,MF",Union Berlin,24,1994,25.2,63,37,37,20,6,26,49,53.1,23,46,11,35,43,106,65,0,Matches,GER-BL1,19-20
8d78e732,265,Robert Lewandowski,POL,FW,Bayern Munich,30,1988,30.7,18,9,3,9,6,3,15,20.0,12,13,1,12,7,25,13,0,Matches,GER-BL1,19-20
99b1d0e6,266,Stephan Lichtsteiner,SUI,DF,Augsburg,35,1984,14.9,23,14,16,5,2,10,22,45.5,12,15,7,8,16,39,35,0,Matches,GER-BL1,19-20
302527b2,267,Philipp Lienhart,AUT,DF,Freiburg,23,1996,20.2,11,4,10,1,0,6,13,46.2,7,24,17,7,28,39,86,0,Matches,GER-BL1,19-20
6cc47ae1,268,Jürgen Locadia,CUW,FW,Hoffenheim,25,1993,5.9,5,4,0,4,1,1,4,25.0,3,1,0,1,0,5,3,0,Matches,GER-BL1,19-20
7c104bb7,269,Ademola Lookman,NGA,"FW,MF",RB Leipzig,21,1997,3.4,6,4,3,1,2,1,1,100.0,0,3,0,3,1,7,0,1,Matches,GER-BL1,19-20
70678132,270,Eduard Löwen,GER,MF,Augsburg,22,1997,7.5,10,8,6,2,2,6,18,33.3,12,11,2,9,5,15,7,0,Matches,GER-BL1,19-20
70678132,271,Eduard Löwen,GER,MF,Hertha BSC,22,1997,3.5,9,6,3,6,0,5,11,45.5,6,2,1,1,7,16,2,0,Matches,GER-BL1,19-20
3588d4fe,272,Jan Luca Rumpf,GER,DF,Paderborn 07,20,1999,1.0,0,0,0,0,0,0,0,,0,0,0,0,0,0,2,0,Matches,GER-BL1,19-20
0c61c77c,273,Dodi Lukebakio,BEL,"FW,MF",Hertha BSC,21,1997,22.6,25,18,13,8,4,10,28,35.7,18,22,4,18,10,35,14,0,Matches,GER-BL1,19-20
7fe12375,274,Andreas Luthe,GER,GK,Augsburg,32,1987,10.0,1,0,1,0,0,1,2,50.0,1,0,0,0,0,1,5,1,Matches,GER-BL1,19-20
ab700320,275,Arne Maier,GER,MF,Hertha BSC,20,1999,5.9,9,7,6,1,2,1,10,10.0,9,5,0,5,7,16,2,1,Matches,GER-BL1,19-20
f3722c97,276,Yunus Mallı,TUR,"MF,FW",Union Berlin,27,1992,7.5,8,3,1,5,2,5,10,50.0,5,2,0,2,7,15,7,0,Matches,GER-BL1,19-20
625e41b1,277,Streli Mamba,GER,FW,Paderborn 07,25,1994,16.9,15,9,0,9,6,1,13,7.7,12,12,2,10,6,21,2,0,Matches,GER-BL1,19-20
0e0102eb,278,Omar Marmoush,EGY,"MF,FW",Wolfsburg,20,1999,0.9,1,1,1,0,0,0,0,,0,1,0,1,1,2,0,0,Matches,GER-BL1,19-20
2f3e911a,279,Aarón Martín,ESP,DF,Mainz 05,22,1997,19.9,29,15,17,8,4,9,22,40.9,13,11,5,6,30,59,36,0,Matches,GER-BL1,19-20
7f97771d,280,Javi Martínez,ESP,"DF,MF",Bayern Munich,30,1988,7.5,16,12,9,7,0,9,11,81.8,2,9,8,1,18,34,30,0,Matches,GER-BL1,19-20
11fd2b75,281,Omar Mascarell,EQG,MF,Schalke 04,26,1993,22.5,42,23,17,22,3,21,57,36.8,36,46,14,32,62,104,40,0,Matches,GER-BL1,19-20
50e6dc35,282,Jean-Philippe Mateta,FRA,FW,Mainz 05,22,1997,11.7,2,2,0,2,0,0,6,0.0,6,3,2,1,1,3,11,0,Matches,GER-BL1,19-20
33144cc5,283,Rabbi Matondo,WAL,"FW,MF",Schalke 04,18,2000,12.9,10,3,3,2,5,3,13,23.1,10,4,0,4,5,15,1,0,Matches,GER-BL1,19-20
826e8b63,284,Philipp Max,GER,DF,Augsburg,25,1993,30.1,42,29,22,16,4,20,45,44.4,25,19,4,15,26,68,50,0,Matches,GER-BL1,19-20
61fc9685,285,Alexandru Maxim,ROU,"MF,DF",Mainz 05,29,1990,1.3,4,2,1,2,1,1,3,33.3,2,0,0,0,1,5,1,0,Matches,GER-BL1,19-20
493924a7,286,Kevin Mbabu,SUI,DF,Wolfsburg,24,1995,18.8,69,48,39,24,6,35,54,64.8,19,33,10,23,23,92,53,0,Matches,GER-BL1,19-20
01c3aff5,287,Weston McKennie,USA,"MF,DF",Schalke 04,20,1998,23.0,38,20,17,16,5,13,40,32.5,27,38,12,26,46,84,39,0,Matches,GER-BL1,19-20
4b6dd263,288,Joshua Mees,GER,"MF,FW",Union Berlin,23,1996,3.6,8,5,3,4,1,4,12,33.3,8,3,0,3,2,10,4,0,Matches,GER-BL1,19-20
b500b384,289,Admir Mehmedi,SUI,"MF,FW",Wolfsburg,28,1991,13.3,14,6,2,9,3,4,15,26.7,11,10,0,10,5,19,4,0,Matches,GER-BL1,19-20
33340bd6,290,Levent Mercan,GER,"MF,FW",Schalke 04,18,2000,0.8,0,0,0,0,0,0,0,,0,0,0,0,0,0,2,1,Matches,GER-BL1,19-20
9f979eb2,291,Jorge Meré,ESP,DF,Köln,22,1997,6.9,6,5,2,4,0,1,2,50.0,1,13,11,2,14,20,30,0,Matches,GER-BL1,19-20
1e274a0a,292,Sven Michel,GER,FW,Paderborn 07,29,1990,15.3,14,12,3,5,6,3,20,15.0,17,13,2,11,7,21,7,0,Matches,GER-BL1,19-20
ead61f73,293,Juan Miranda,ESP,DF,Schalke 04,19,2000,8.7,14,10,8,6,0,6,18,33.3,12,12,4,8,10,24,27,1,Matches,GER-BL1,19-20
88d4144a,294,Maximilian Mittelstädt,GER,"DF,FW",Hertha BSC,22,1997,21.0,61,38,31,25,5,26,54,48.1,28,38,6,32,53,114,64,0,Matches,GER-BL1,19-20
34e4343c,295,Anthony Modeste,FRA,FW,Köln,31,1988,12.6,10,5,1,5,4,1,10,10.0,9,5,3,2,0,10,19,0,Matches,GER-BL1,19-20
a5ce09f2,296,Kevin Möhwald,GER,MF,Werder Bremen,26,1993,0.8,2,1,1,1,0,1,2,50.0,1,0,0,0,0,2,1,0,Matches,GER-BL1,19-20
00844823,297,Niklas Moisander,FIN,DF,Werder Bremen,33,1985,22.0,27,15,19,6,2,11,26,42.3,15,37,19,18,49,76,85,0,Matches,GER-BL1,19-20
ff45add5,298,Alfredo Morales,USA,MF,Düsseldorf,29,1990,19.2,31,15,11,16,4,11,35,31.4,24,17,6,11,18,49,37,0,Matches,GER-BL1,19-20
e7d22eae,299,Jan Morávek,CZE,MF,Augsburg,29,1989,5.3,23,12,9,14,0,11,24,45.8,13,4,1,3,8,31,11,0,Matches,GER-BL1,19-20
5fd5e542,300,Mateu Morey,ESP,"DF,MF",Dortmund,19,2000,2.2,7,3,2,4,1,4,10,40.0,6,4,0,4,5,12,3,0,Matches,GER-BL1,19-20
ac73ec79,301,Nordi Mukiele,FRA,"DF,FW",RB Leipzig,21,1997,19.8,61,39,39,12,10,25,38,65.8,13,26,4,22,47,108,57,0,Matches,GER-BL1,19-20
cbac6ec9,302,Florian Müller,GER,GK,Mainz 05,21,1997,12.5,0,0,0,0,0,0,0,,0,0,0,0,2,2,3,1,Matches,GER-BL1,19-20
3c6089ab,303,Thomas Müller,GER,"MF,FW",Bayern Munich,29,1989,25.1,45,27,7,26,12,22,69,31.9,47,27,3,24,12,57,8,0,Matches,GER-BL1,19-20
d01b9ad6,304,Torben Müsel,GER,FW,Gladbach,20,1999,0.0,0,0,0,0,0,0,0,,0,0,0,0,1,1,0,0,Matches,GER-BL1,19-20
2c0558b8,305,Jamal Musiala,GER,MF,Bayern Munich,16,2003,0.0,0,0,0,0,0,0,0,,0,0,0,0,0,0,0,0,Matches,GER-BL1,19-20
dc29b608,306,Yvon Mvogo,SUI,GK,RB Leipzig,25,1994,2.0,0,0,0,0,0,0,0,,0,0,0,0,0,0,0,1,Matches,GER-BL1,19-20
2ff76adc,307,Phillipp Mwene,AUT,DF,Mainz 05,25,1994,3.5,11,5,9,2,0,7,12,58.3,5,10,1,9,3,14,11,0,Matches,GER-BL1,19-20
441197b8,308,Obite N'Dicka,CIV,DF,Eint Frankfurt,19,1999,19.1,27,13,13,11,3,15,28,53.6,13,28,6,22,29,56,57,0,Matches,GER-BL1,19-20
f35430a4,309,Matija Nastasić,SRB,DF,Schalke 04,26,1993,15.2,26,16,17,9,0,14,17,82.4,3,28,16,12,22,48,79,0,Matches,GER-BL1,19-20
8778c910,310,Manuel Neuer,GER,GK,Bayern Munich,33,1986,33.0,2,1,1,0,1,2,4,50.0,2,0,0,0,0,2,15,4,Matches,GER-BL1,19-20
36a59ba4,311,Florian Neuhaus,GER,MF,Gladbach,22,1997,26.2,42,23,13,22,7,12,54,22.2,42,24,4,20,27,69,8,0,Matches,GER-BL1,19-20
bc249af8,312,Jessic Ngankam,GER,"FW,MF",Hertha BSC,19,2000,0.9,2,2,1,1,0,2,2,100.0,0,2,0,2,0,2,1,0,Matches,GER-BL1,19-20
00242715,313,Moussa Niakhate,SEN,DF,Mainz 05,23,1996,33.0,35,22,29,6,0,16,29,55.2,13,40,26,14,40,75,124,4,Matches,GER-BL1,19-20
226ddf9d,314,Moritz Nicolas,GER,GK,Union Berlin,21,1997,1.0,0,0,0,0,0,0,0,,0,0,0,0,0,0,0,0,Matches,GER-BL1,19-20
d6862409,315,Florian Niederlechner,GER,"FW,MF",Augsburg,28,1990,30.2,21,13,7,9,5,4,21,19.0,17,21,5,16,8,29,38,0,Matches,GER-BL1,19-20
7c56da38,316,Christopher Nkunku,FRA,"MF,FW",RB Leipzig,21,1997,21.4,21,13,4,11,6,9,33,27.3,24,25,2,23,20,41,8,0,Matches,GER-BL1,19-20
0cc5f4a5,317,Lukas Nmecha,GER,"MF,FW",Wolfsburg,20,1998,1.5,0,0,0,0,0,0,0,,0,0,0,0,0,0,0,0,Matches,GER-BL1,19-20
6cafd68d,318,Håvard Nordtveit,NOR,DF,Hoffenheim,29,1990,7.8,4,1,3,1,0,3,7,42.9,4,17,12,5,13,17,45,0,Matches,GER-BL1,19-20
afb0c500,319,Alexander Nübel,GER,GK,Schalke 04,22,1996,25.7,0,0,0,0,0,0,0,,0,0,0,0,2,2,9,6,Matches,GER-BL1,19-20
93a50d2c,320,Kasim Nuhu,GHA,DF,Düsseldorf,24,1995,11.1,14,7,12,1,1,9,19,47.4,10,16,12,4,25,39,54,0,Matches,GER-BL1,19-20
d1661819,321,Bastian Oczipka,GER,DF,Schalke 04,30,1989,33.5,72,50,42,21,9,36,62,58.1,26,35,6,29,37,109,68,0,Matches,GER-BL1,19-20
1d1691ad,322,Álvaro Odriozola,ESP,DF,Bayern Munich,23,1995,1.7,2,2,1,0,1,2,3,66.7,1,1,0,1,1,3,2,0,Matches,GER-BL1,19-20
1151fb6e,323,Kelvin Ofori,GHA,MF,Düsseldorf,18,2001,0.4,0,0,0,0,0,0,0,,0,0,0,0,0,0,0,0,Matches,GER-BL1,19-20
7124239e,324,Kwasi Okyere Wriedt,GHA,FW,Bayern Munich,25,1994,0.2,0,0,0,0,0,0,0,,0,0,0,0,0,0,0,0,Matches,GER-BL1,19-20
2b53f7a5,325,Cauly Oliveira Souza,BRA,"MF,FW",Paderborn 07,23,1995,8.0,11,7,5,5,1,3,11,27.3,8,9,0,9,6,17,1,0,Matches,GER-BL1,19-20
ae44e8e2,326,Dani Olmo,ESP,"MF,FW",RB Leipzig,21,1998,8.3,20,14,5,10,5,1,13,7.7,12,7,1,6,4,24,6,0,Matches,GER-BL1,19-20
f26834c7,327,Karim Onisiwo,AUT,FW,Mainz 05,27,1992,19.2,27,19,6,10,11,5,13,38.5,8,20,3,17,7,34,11,0,Matches,GER-BL1,19-20
20030c06,328,Willi Orban,HUN,DF,RB Leipzig,26,1992,9.5,20,12,13,7,0,12,20,60.0,8,14,3,11,16,36,52,1,Matches,GER-BL1,19-20
f69fba57,329,Yuya Osako,JPN,"FW,MF",Werder Bremen,29,1990,20.5,29,16,5,19,5,3,29,10.3,26,10,1,9,6,35,13,1,Matches,GER-BL1,19-20
1cbe4984,330,Paulo Otávio,BRA,DF,Wolfsburg,24,1994,4.2,21,16,11,9,1,10,13,76.9,3,12,2,10,9,30,11,0,Matches,GER-BL1,19-20
8b6e0db2,331,Reece Oxford,ENG,MF,Augsburg,20,1998,4.2,7,4,2,4,1,2,8,25.0,6,8,5,3,5,12,10,1,Matches,GER-BL1,19-20
66385c46,332,Levin Öztunalı,GER,"MF,FW",Mainz 05,23,1996,19.8,28,19,13,12,3,12,35,34.3,23,27,1,26,9,37,14,2,Matches,GER-BL1,19-20
962e54cb,333,Gonçalo Paciência,POR,FW,Eint Frankfurt,24,1994,14.3,9,5,1,4,4,3,13,23.1,10,9,1,8,1,10,11,0,Matches,GER-BL1,19-20
e82adcab,334,Exequiel Palacios,ARG,MF,Leverkusen,20,1998,2.0,8,7,4,4,0,2,5,40.0,3,2,0,2,1,9,0,0,Matches,GER-BL1,19-20
3acad81a,335,Michael Parensen,GER,DF,Union Berlin,33,1986,7.0,11,6,5,6,0,5,10,50.0,5,14,8,6,12,23,17,0,Matches,GER-BL1,19-20
53070b63,336,Paulinho,BRA,"MF,FW",Leverkusen,19,2000,3.4,4,3,3,1,0,1,2,50.0,1,5,1,4,1,5,0,0,Matches,GER-BL1,19-20
45a03961,337,Benjamin Pavard,FRA,DF,Bayern Munich,23,1996,31.0,34,22,15,10,9,16,28,57.1,12,28,10,18,52,86,60,0,Matches,GER-BL1,19-20
0a1cb833,338,Jiří Pavlenka,CZE,GK,Werder Bremen,27,1992,33.0,1,0,1,0,0,1,2,50.0,1,1,0,1,5,6,11,3,Matches,GER-BL1,19-20
582a5247,339,Mads Pedersen,DEN,DF,Augsburg,22,1996,1.1,4,2,3,0,1,2,6,33.3,4,3,1,2,2,6,0,0,Matches,GER-BL1,19-20
c18d22f5,340,Peter Pekarík,SVK,"DF,FW",Hertha BSC,32,1986,8.5,14,7,7,3,4,8,20,40.0,12,11,4,7,7,21,31,0,Matches,GER-BL1,19-20
c41f7379,341,Philipp Pentke,GER,GK,Hoffenheim,34,1985,4.0,0,0,0,0,0,0,0,,0,0,0,0,0,0,2,0,Matches,GER-BL1,19-20
6fe90922,342,Ivan Perišić,CRO,"FW,MF",Bayern Munich,30,1989,13.4,16,12,5,6,5,8,33,24.2,25,14,3,11,4,20,8,0,Matches,GER-BL1,19-20
c89e8aae,343,Pavao Pervan,AUT,GK,Wolfsburg,31,1987,8.0,0,0,0,0,0,0,1,0.0,1,0,0,0,0,0,4,0,Matches,GER-BL1,19-20
f93e6e94,344,Nils Petersen,GER,"FW,MF",Freiburg,30,1988,27.1,19,14,7,9,3,10,28,35.7,18,32,6,26,10,29,67,0,Matches,GER-BL1,19-20
17f3620a,345,Krzysztof Piątek,POL,FW,Hertha BSC,24,1995,10.1,5,4,1,1,3,0,11,0.0,11,7,0,7,5,10,3,0,Matches,GER-BL1,19-20
64ba07c0,346,Ronaël Pierre-Gabriel,FRA,DF,Mainz 05,21,1998,6.4,16,10,9,6,1,7,13,53.8,6,7,0,7,8,24,31,1,Matches,GER-BL1,19-20
fe2db476,347,Łukasz Piszczek,POL,DF,Dortmund,34,1985,23.4,45,32,27,16,2,28,50,56.0,22,27,11,16,26,71,47,1,Matches,GER-BL1,19-20
54b6ee79,348,Claudio Pizarro,PER,"FW,MF",Werder Bremen,40,1978,2.6,2,1,0,1,1,0,1,0.0,1,2,0,2,2,4,2,0,Matches,GER-BL1,19-20
f7aa75bd,349,Marvin Plattenhardt,GER,DF,Hertha BSC,27,1992,15.5,18,12,13,4,1,12,17,70.6,5,18,7,11,11,29,47,0,Matches,GER-BL1,19-20
bc6bd723,350,Alassane Pléa,FRA,FW,Gladbach,26,1993,23.8,16,7,5,6,5,8,28,28.6,20,21,2,19,9,25,7,0,Matches,GER-BL1,19-20
1748c9f7,351,Thomas Pledl,GER,"MF,FW",Düsseldorf,25,1994,1.0,4,2,2,2,0,0,1,0.0,1,0,0,0,0,4,1,0,Matches,GER-BL1,19-20
ea003d07,352,Joel Pohjanpalo,FIN,MF,Leverkusen,24,1994,0.0,0,0,0,0,0,0,0,,0,0,0,0,0,0,0,0,Matches,GER-BL1,19-20
3745e8bd,353,Sebastian Polter,GER,FW,Union Berlin,28,1991,3.7,2,2,0,1,1,1,3,33.3,2,2,0,2,1,3,1,0,Matches,GER-BL1,19-20
2a6cd437,354,Marin Pongračić,CRO,DF,Wolfsburg,21,1997,10.3,14,9,11,2,1,9,10,90.0,1,11,7,4,19,33,21,1,Matches,GER-BL1,19-20
7f609bfc,355,Stefan Posch,AUT,DF,Hoffenheim,22,1997,25.6,63,34,35,27,1,35,63,55.6,28,57,25,32,40,103,101,1,Matches,GER-BL1,19-20
d2416c2e,356,Yussuf Poulsen,DEN,FW,RB Leipzig,25,1994,13.6,14,10,2,10,2,4,21,19.0,17,12,0,12,4,18,15,0,Matches,GER-BL1,19-20
8a080a61,357,Kai Pröger,GER,"MF,FW",Paderborn 07,27,1992,23.1,43,22,21,17,5,17,58,29.3,41,34,6,28,14,57,20,1,Matches,GER-BL1,19-20
924f9191,358,Grischa Prömel,GER,MF,Union Berlin,24,1995,10.3,14,11,6,6,2,7,19,36.8,12,10,2,8,14,28,9,0,Matches,GER-BL1,19-20
74c7c2db,359,Robin Quaison,SWE,"FW,MF",Mainz 05,25,1993,28.9,25,17,15,7,3,11,32,34.4,21,27,5,22,11,36,8,0,Matches,GER-BL1,19-20
791af558,360,Raffael,BRA,"MF,FW",Gladbach,34,1985,0.7,0,0,0,0,0,0,2,0.0,2,2,0,2,0,0,0,0,Matches,GER-BL1,19-20
867501bf,361,Benito Raman,BEL,FW,Schalke 04,24,1994,17.8,18,9,4,9,5,7,24,29.2,17,11,1,10,7,25,1,0,Matches,GER-BL1,19-20
bd992863,362,Tobias Raschl,GER,MF,Dortmund,19,2000,0.3,0,0,0,0,0,0,1,0.0,1,1,0,1,0,0,0,0,Matches,GER-BL1,19-20
6c6a3300,363,Milot Rashica,KVX,FW,Werder Bremen,23,1996,25.2,21,14,13,6,2,9,33,27.3,24,15,2,13,6,27,16,1,Matches,GER-BL1,19-20
536cebe5,364,Ante Rebić,CRO,"FW,MF",Eint Frankfurt,25,1993,1.0,1,0,0,1,0,0,0,,0,0,0,0,0,1,1,0,Matches,GER-BL1,19-20
16b4260e,365,Daishawn Redan,NED,MF,Hertha BSC,18,2001,0.2,0,0,0,0,0,0,1,0.0,1,0,0,0,0,0,0,0,Matches,GER-BL1,19-20
b1823b08,366,Fabian Reese,GER,FW,Schalke 04,21,1997,1.0,1,1,1,0,0,0,0,,0,1,1,0,0,1,1,0,Matches,GER-BL1,19-20
e881ed15,367,Ken Reichel,GER,DF,Union Berlin,32,1986,5.9,6,3,2,3,1,3,13,23.1,10,8,1,7,9,15,12,0,Matches,GER-BL1,19-20
3376a776,368,Karim Rekik,NED,DF,Hertha BSC,24,1994,14.0,16,10,10,6,0,3,6,50.0,3,23,15,8,18,34,44,0,Matches,GER-BL1,19-20
4bd00a50,369,Panagiotis Retsos,GRE,DF,Leverkusen,20,1998,1.3,6,3,4,2,0,1,4,25.0,3,2,0,2,2,8,2,0,Matches,GER-BL1,19-20
36a3ff67,370,Marco Reus,GER,"MF,FW",Dortmund,30,1989,16.6,26,16,5,11,10,3,19,15.8,16,17,2,15,9,35,11,0,Matches,GER-BL1,19-20
1ae836b1,371,Elvis Rexhbeçaj,GER,MF,Köln,21,1997,6.9,16,12,9,5,2,5,13,38.5,8,7,0,7,3,19,4,0,Matches,GER-BL1,19-20
7fa4e703,372,Gio Reyna,USA,"MF,FW",Dortmund,16,2002,3.9,6,2,1,5,0,1,4,25.0,3,3,0,3,0,6,2,0,Matches,GER-BL1,19-20
607d64c6,373,Lucas Ribeiro,BRA,MF,Hoffenheim,20,1999,0.7,1,0,1,0,0,0,3,0.0,3,1,0,1,1,2,1,0,Matches,GER-BL1,19-20
0a3d6d2b,374,Chris Richards,USA,DF,Bayern Munich,19,2000,0.1,0,0,0,0,0,0,0,,0,0,0,0,0,0,1,0,Matches,GER-BL1,19-20
f972644c,375,Marco Richter,GER,"MF,FW",Augsburg,21,1997,25.3,21,16,7,9,5,14,51,27.5,37,15,0,15,24,45,17,0,Matches,GER-BL1,19-20
140afefb,376,Marcel Risse,GER,"MF,FW",Köln,29,1989,1.5,3,2,3,0,0,1,1,100.0,0,1,0,1,1,4,1,0,Matches,GER-BL1,19-20
ce2c51c0,377,Marlon Ritter,GER,MF,Paderborn 07,24,1994,4.8,7,5,5,2,0,4,9,44.4,5,7,0,7,8,15,3,0,Matches,GER-BL1,19-20
e12b0b5b,378,Sebastian Rode,GER,MF,Eint Frankfurt,28,1990,21.5,58,33,27,27,4,17,59,28.8,42,32,5,27,34,92,13,0,Matches,GER-BL1,19-20
13203c45,379,Jérôme Roussillon,FRA,DF,Wolfsburg,26,1993,26.3,48,29,26,18,4,15,29,51.7,14,33,5,28,30,78,58,0,Matches,GER-BL1,19-20
80f36c88,380,Sebastian Rudy,GER,"MF,DF",Hoffenheim,29,1990,30.4,73,49,31,29,13,28,75,37.3,47,26,5,21,27,100,38,0,Matches,GER-BL1,19-20
3faa1780,381,Lukas Rupp,GER,MF,Hoffenheim,28,1991,3.8,9,4,3,5,1,3,6,50.0,3,5,0,5,5,14,3,0,Matches,GER-BL1,19-20
009a4f60,382,Julian Ryerson,NOR,"DF,MF",Union Berlin,21,1997,4.1,7,5,2,1,4,3,6,50.0,3,5,3,2,5,12,9,0,Matches,GER-BL1,19-20
a70b8345,383,Frederik Rønnow,DEN,GK,Eint Frankfurt,26,1992,9.0,0,0,0,0,0,0,1,0.0,1,0,0,0,0,0,1,0,Matches,GER-BL1,19-20
1a1033a1,384,João Victor Santos Sá,BRA,"MF,FW",Wolfsburg,25,1994,18.1,35,22,12,17,6,10,38,26.3,28,31,1,30,9,44,9,0,Matches,GER-BL1,19-20
4830e0af,385,Abdelhamid Sabiri,MAR,MF,Paderborn 07,22,1996,11.6,20,16,6,11,3,9,27,33.3,18,9,2,7,8,28,18,1,Matches,GER-BL1,19-20
e280527c,386,Marcel Sabitzer,AUT,"MF,FW",RB Leipzig,25,1994,27.8,39,25,15,18,6,19,56,33.9,37,27,4,23,23,62,25,0,Matches,GER-BL1,19-20
f4081572,387,Nuri Şahin,TUR,MF,Werder Bremen,30,1988,13.9,27,16,10,14,3,11,35,31.4,24,15,7,8,37,64,38,0,Matches,GER-BL1,19-20
bf075f6b,388,Roland Sallai,HUN,"MF,FW",Freiburg,22,1997,12.9,17,10,4,9,4,7,20,35.0,13,12,2,10,7,24,4,0,Matches,GER-BL1,19-20
217c93a1,389,Lazar Samardzic,SRB,"MF,FW",Hertha BSC,17,2002,0.4,4,4,2,2,0,1,4,25.0,3,2,1,1,0,4,0,0,Matches,GER-BL1,19-20
08593525,390,Diadie Samassékou,MLI,MF,Hoffenheim,23,1996,14.6,37,18,14,17,6,12,34,35.3,22,25,8,17,40,77,27,1,Matches,GER-BL1,19-20
032f894e,391,Renato Sanches,POR,MF,Bayern Munich,21,1997,0.1,0,0,0,0,0,0,0,,0,0,0,0,0,0,0,0,Matches,GER-BL1,19-20
dbf053da,392,Jadon Sancho,ENG,"FW,MF",Dortmund,19,2000,25.4,14,11,6,6,2,8,24,33.3,16,8,0,8,14,28,6,0,Matches,GER-BL1,19-20
791abba1,393,Salif Sané,SEN,DF,Schalke 04,28,1990,12.5,16,9,12,4,0,11,19,57.9,8,19,7,12,21,37,50,0,Matches,GER-BL1,19-20
1c96ad85,394,Marcelo Saracchi,URU,DF,RB Leipzig,21,1998,2.0,8,6,2,5,1,5,6,83.3,1,3,1,2,1,9,5,0,Matches,GER-BL1,19-20
a8d4428b,395,Josh Sargent,USA,FW,Werder Bremen,19,2000,15.7,11,6,5,4,2,2,12,16.7,10,17,1,16,14,25,21,0,Matches,GER-BL1,19-20
b50ec54b,396,Louis Schaub,AUT,MF,Köln,24,1994,6.9,15,12,2,9,4,5,14,35.7,9,10,1,9,3,18,2,0,Matches,GER-BL1,19-20
5d4f7d61,397,Patrik Schick,CZE,FW,RB Leipzig,23,1996,14.4,7,3,1,3,3,2,9,22.2,7,8,2,6,2,9,17,0,Matches,GER-BL1,19-20
37c213cf,398,Julian Schieber,GER,FW,Augsburg,30,1989,0.5,1,1,0,1,0,0,0,,0,0,0,0,0,1,0,0,Matches,GER-BL1,19-20
bd527260,399,Kingsley Schindler,GHA,"FW,MF",Köln,26,1993,9.4,8,5,3,5,0,4,12,33.3,8,6,1,5,6,14,17,0,Matches,GER-BL1,19-20
8f056768,400,Xaver Schlager,AUT,MF,Wolfsburg,21,1997,19.1,47,29,13,30,4,14,44,31.8,30,16,2,14,17,64,12,0,Matches,GER-BL1,19-20
f6bdc830,401,Keven Schlotterbeck,GER,DF,Union Berlin,22,1997,21.5,52,27,36,15,1,17,29,58.6,12,40,21,19,40,92,113,1,Matches,GER-BL1,19-20
34e12499,402,Nico Schlotterbeck,GER,DF,Freiburg,19,1999,4.1,6,3,4,2,0,2,5,40.0,3,7,5,2,3,9,20,1,Matches,GER-BL1,19-20
89565ac5,403,Marcel Schmelzer,GER,DF,Dortmund,31,1988,0.7,2,1,1,1,0,1,1,100.0,0,0,0,0,1,3,2,0,Matches,GER-BL1,19-20
088ca1bd,404,Jonathan Schmid,FRA,DF,Freiburg,29,1990,31.5,42,27,19,19,4,19,37,51.4,18,23,8,15,35,77,84,0,Matches,GER-BL1,19-20
d8f5dc3d,405,Manuel Schmiedebach,GER,MF,Union Berlin,30,1988,2.0,4,1,0,3,1,1,7,14.3,6,1,1,0,3,7,3,0,Matches,GER-BL1,19-20
ad00b1a8,406,Benno Schmitz,GER,DF,Köln,24,1994,12.9,28,17,13,11,4,16,36,44.4,20,11,1,10,16,44,27,0,Matches,GER-BL1,19-20
efd623db,407,Sebastian Schonlau,GER,DF,Paderborn 07,24,1994,23.0,64,43,50,14,0,41,66,62.1,25,36,15,21,40,104,138,1,Matches,GER-BL1,19-20
106bca06,408,Alessandro Schöpf,AUT,MF,Schalke 04,25,1994,15.9,29,16,11,10,8,12,33,36.4,21,17,1,16,26,55,8,0,Matches,GER-BL1,19-20
289b90cd,409,Markus Schubert,GER,GK,Schalke 04,21,1998,8.2,0,0,0,0,0,0,1,0.0,1,0,0,0,0,0,9,4,Matches,GER-BL1,19-20
fa274d97,410,Nico Schulz,GER,"DF,MF",Dortmund,26,1993,6.6,11,7,3,6,2,8,13,61.5,5,14,4,10,9,20,9,0,Matches,GER-BL1,19-20
0d55d942,411,Alexander Schwolow,GER,GK,Freiburg,27,1992,23.2,0,0,0,0,0,0,0,,0,2,0,2,1,1,8,3,Matches,GER-BL1,19-20
1238a3f9,412,Davie Selke,GER,FW,Hertha BSC,24,1995,10.7,6,3,2,2,2,4,7,57.1,3,7,1,6,1,7,11,0,Matches,GER-BL1,19-20
1238a3f9,413,Davie Selke,GER,FW,Werder Bremen,24,1995,5.1,2,0,1,1,0,0,2,0.0,2,1,0,1,0,2,2,0,Matches,GER-BL1,19-20
b3325a30,414,Suat Serdar,GER,MF,Schalke 04,22,1997,17.8,56,37,16,33,7,18,61,29.5,43,39,7,32,24,80,7,0,Matches,GER-BL1,19-20
f935709c,415,Khiry Shelton,USA,FW,Paderborn 07,26,1993,0.4,1,1,1,0,0,0,0,,0,0,0,0,0,1,0,0,Matches,GER-BL1,19-20
3effaa34,416,André Silva,POR,FW,Eint Frankfurt,23,1995,17.5,7,2,0,5,2,2,14,14.3,12,9,0,9,8,15,4,0,Matches,GER-BL1,19-20
4ba886c6,417,Sarpreet Singh,NZL,"FW,MF",Bayern Munich,20,1999,0.8,1,0,0,1,0,0,1,0.0,1,0,0,0,0,1,0,0,Matches,GER-BL1,19-20
73000a79,418,Daley Sinkgraven,NED,"DF,MF",Leverkusen,24,1995,10.1,20,16,11,6,3,8,24,33.3,16,12,3,9,10,30,16,0,Matches,GER-BL1,19-20
c2211709,419,Ellyes Skhiri,TUN,MF,Köln,24,1995,29.7,74,52,30,37,7,29,77,37.7,48,47,9,38,67,141,33,0,Matches,GER-BL1,19-20
ff98492b,420,Robert Skov,DEN,"DF,FW",Hoffenheim,23,1996,29.0,41,28,30,9,2,26,50,52.0,24,26,6,20,20,61,40,0,Matches,GER-BL1,19-20
58ce23e5,421,Steven Skrzybski,GER,"FW,MF",Düsseldorf,26,1992,5.9,4,4,2,1,1,0,16,0.0,16,10,0,10,10,14,4,0,Matches,GER-BL1,19-20
45f6f52b,422,Dennis Smarsch,GER,GK,Hertha BSC,20,1999,1.7,0,0,0,0,0,0,0,,0,0,0,0,0,0,1,0,Matches,GER-BL1,19-20
c46607bf,423,Lasse Sobiech,GER,DF,Köln,28,1991,1.0,1,0,0,0,1,0,0,,0,0,0,0,4,5,6,0,Matches,GER-BL1,19-20
664590fa,424,Marcel Sobottka,GER,MF,Düsseldorf,25,1994,7.8,15,10,6,8,1,4,13,30.8,9,9,1,8,9,24,12,0,Matches,GER-BL1,19-20
420c18a1,425,Yann Sommer,SUI,GK,Gladbach,30,1988,34.0,0,0,0,0,0,0,1,0.0,1,0,0,0,1,1,11,6,Matches,GER-BL1,19-20
4c6facae,426,Djibril Sow,SUI,MF,Eint Frankfurt,22,1997,19.4,56,33,26,17,13,16,47,34.0,31,15,3,12,30,86,9,0,Matches,GER-BL1,19-20
1fdec858,427,Dennis Srbeny,GER,"FW,MF",Paderborn 07,25,1994,12.4,11,6,4,4,3,5,18,27.8,13,11,1,10,3,14,9,0,Matches,GER-BL1,19-20
90339309,428,Jerry St. Juste,NED,DF,Mainz 05,22,1996,23.5,46,25,34,10,2,14,34,41.2,20,35,19,16,52,98,86,1,Matches,GER-BL1,19-20
861e0116,429,Kostas Stafylidis,GRE,DF,Hoffenheim,25,1993,4.4,10,3,7,2,1,4,10,40.0,6,10,3,7,2,12,17,0,Matches,GER-BL1,19-20
5939baa2,430,Benjamin Stambouli,FRA,DF,Schalke 04,28,1990,9.0,31,19,14,15,2,11,21,52.4,10,16,6,10,12,43,28,1,Matches,GER-BL1,19-20
aad48be9,431,Niklas Stark,GER,DF,Hertha BSC,24,1995,19.2,36,20,24,10,2,9,21,42.9,12,27,12,15,21,57,97,2,Matches,GER-BL1,19-20
dd669209,432,Renato Steffen,SUI,"MF,FW",Wolfsburg,27,1991,17.6,25,18,4,14,7,14,39,35.9,25,25,2,23,23,48,10,0,Matches,GER-BL1,19-20
42130443,433,Zack Steffen,USA,GK,Düsseldorf,24,1995,17.0,0,0,0,0,0,0,0,,0,0,0,0,0,0,5,4,Matches,GER-BL1,19-20
7cd6badb,434,Lars Stindl,GER,"MF,FW",Gladbach,30,1988,15.9,27,16,4,15,8,10,28,35.7,18,18,2,16,10,37,7,0,Matches,GER-BL1,19-20
e5649a78,435,Kevin Stöger,AUT,MF,Düsseldorf,25,1993,14.1,21,15,10,7,4,6,24,25.0,18,24,2,22,26,47,7,1,Matches,GER-BL1,19-20
17780d2b,436,Tobias Strobl,GER,"MF,DF",Gladbach,29,1990,6.8,9,6,5,4,0,3,8,37.5,5,8,4,4,11,20,5,0,Matches,GER-BL1,19-20
9c2394c9,437,Christian Strohdiek,GER,DF,Paderborn 07,31,1988,15.1,26,22,21,5,0,20,42,47.6,22,16,10,6,25,51,92,0,Matches,GER-BL1,19-20
821233cc,438,Neven Subotić,SRB,DF,Union Berlin,30,1988,21.8,30,18,12,16,2,8,32,25.0,24,21,8,13,34,64,89,0,Matches,GER-BL1,19-20
c5224618,439,Marek Suchý,CZE,DF,Augsburg,31,1988,4.4,7,5,7,0,0,4,6,66.7,2,4,1,3,6,13,15,0,Matches,GER-BL1,19-20
e33c06cf,440,Niklas Süle,GER,DF,Bayern Munich,23,1995,7.1,10,6,8,2,0,4,5,80.0,1,8,6,2,8,18,22,1,Matches,GER-BL1,19-20
7391c2d9,441,Markus Suttner,AUT,DF,Düsseldorf,32,1987,14.9,21,16,11,9,1,11,24,45.8,13,22,7,15,13,34,33,0,Matches,GER-BL1,19-20
53e07d0b,442,Ádám Szalai,HUN,FW,Mainz 05,31,1987,12.7,8,4,0,6,2,1,11,9.1,10,9,0,9,2,10,14,0,Matches,GER-BL1,19-20
bd142efb,443,Jonathan Tah,GER,DF,Leverkusen,23,1996,23.2,36,26,23,11,2,18,29,62.1,11,25,13,12,27,63,98,2,Matches,GER-BL1,19-20
a73c8f95,444,Edmond Tapsoba,BFA,DF,Leverkusen,20,1999,11.8,24,15,17,5,2,15,25,60.0,10,9,5,4,9,33,44,0,Matches,GER-BL1,19-20
c8cfb04d,445,Georg Teigl,AUT,"DF,MF",Augsburg,28,1991,1.2,3,1,1,2,0,2,4,50.0,2,0,0,0,3,6,1,0,Matches,GER-BL1,19-20
7bf8ad6c,446,Bernard Tekpetey,GHA,"FW,MF",Düsseldorf,21,1997,5.0,4,4,1,2,1,0,2,0.0,2,5,0,5,2,6,0,0,Matches,GER-BL1,19-20
4e3a947f,447,Lino Tempelmann,GER,MF,Freiburg,20,1999,0.4,1,0,1,0,0,1,1,100.0,0,1,1,0,0,1,0,0,Matches,GER-BL1,19-20
863ff1ee,448,Simon Terodde,GER,FW,Köln,31,1988,9.0,8,5,4,3,1,3,13,23.1,10,14,3,11,2,10,14,0,Matches,GER-BL1,19-20
ff5ea0bf,449,Malick Thiaw,GER,DF,Schalke 04,17,2001,0.8,2,0,1,1,0,1,2,50.0,1,2,2,0,2,4,4,1,Matches,GER-BL1,19-20
cac55e10,450,Niclas Thiede,GER,GK,Freiburg,20,1999,0.8,0,0,0,0,0,0,0,,0,0,0,0,0,0,1,0,Matches,GER-BL1,19-20
fd53759d,451,Jan Thielmann,GER,"FW,MF",Köln,17,2002,6.2,9,6,2,6,1,5,12,41.7,7,8,0,8,8,17,6,0,Matches,GER-BL1,19-20
df8e7b62,452,Erik Thommy,GER,"MF,FW",Düsseldorf,24,1994,25.1,40,23,16,16,8,15,39,38.5,24,23,2,21,16,56,20,1,Matches,GER-BL1,19-20
6f8cd6d0,453,Marcus Thuram,FRA,FW,Gladbach,21,1997,24.5,26,18,7,8,11,11,29,37.9,18,20,1,19,12,38,18,0,Matches,GER-BL1,19-20
45954ec7,454,Marcel Tisserand,COD,DF,Wolfsburg,26,1993,13.4,21,10,14,5,2,7,12,58.3,5,13,4,9,32,53,49,2,Matches,GER-BL1,19-20
88f130ed,455,Jean-Clair Todibo,FRA,DF,Schalke 04,19,1999,4.1,15,10,10,5,0,8,9,88.9,1,2,0,2,15,30,24,0,Matches,GER-BL1,19-20
652d4c37,456,Corentin Tolisso,FRA,MF,Bayern Munich,24,1994,7.1,9,4,4,3,2,1,9,11.1,8,9,3,6,4,13,2,1,Matches,GER-BL1,19-20
c5fd13e9,457,Ömer Toprak,TUR,DF,Werder Bremen,30,1989,7.9,7,2,4,2,1,3,6,50.0,3,6,4,2,12,19,41,0,Matches,GER-BL1,19-20
0e4fef6e,458,Lucas Torró,ESP,MF,Eint Frankfurt,25,1994,3.7,12,7,6,6,0,8,16,50.0,8,2,1,1,8,20,3,0,Matches,GER-BL1,19-20
f86cabbd,459,Jordan Torunarigha,GER,DF,Hertha BSC,21,1997,16.2,32,19,21,11,0,18,27,66.7,9,33,18,15,31,63,75,0,Matches,GER-BL1,19-20
c8c60119,460,Almamy Touré,MLI,DF,Eint Frankfurt,23,1996,16.6,32,19,18,11,3,11,22,50.0,11,18,7,11,23,55,54,1,Matches,GER-BL1,19-20
096a77c4,461,Ibrahima Traoré,GUI,"FW,MF",Gladbach,31,1988,1.7,4,3,1,1,2,1,7,14.3,6,1,0,1,1,5,3,0,Matches,GER-BL1,19-20
ce17b5eb,462,Kevin Trapp,GER,GK,Eint Frankfurt,29,1990,22.0,0,0,0,0,0,0,1,0.0,1,0,0,0,3,3,5,0,Matches,GER-BL1,19-20
056d2d95,463,Christopher Trimmel,AUT,"DF,MF",Union Berlin,32,1987,31.8,71,41,35,32,4,32,54,59.3,22,31,10,21,51,122,88,1,Matches,GER-BL1,19-20
99be8fb5,464,Anthony Ujah,NGA,"FW,MF",Union Berlin,28,1990,10.5,8,6,4,2,2,1,6,16.7,5,0,0,0,3,11,10,0,Matches,GER-BL1,19-20
7d3e7da6,465,Sven Ulreich,GER,GK,Bayern Munich,30,1988,1.0,0,0,0,0,0,0,0,,0,0,0,0,0,0,0,0,Matches,GER-BL1,19-20
d248cd8f,466,Dayot Upamecano,FRA,DF,RB Leipzig,20,1998,26.2,52,31,37,15,0,23,43,53.5,20,31,17,14,43,95,88,1,Matches,GER-BL1,19-20
a3ddb1b9,467,Mark Uth,GER,"MF,FW",Köln,27,1991,12.9,19,12,4,10,5,9,32,28.1,23,15,0,15,7,26,3,0,Matches,GER-BL1,19-20
a3ddb1b9,468,Mark Uth,GER,"FW,MF",Schalke 04,27,1991,3.9,3,2,1,1,1,0,3,0.0,3,4,0,4,1,4,0,0,Matches,GER-BL1,19-20
6ecbddf6,469,Ruben Vargas,SUI,"FW,MF",Augsburg,20,1998,28.1,32,16,18,7,7,8,36,22.2,28,26,1,25,26,58,35,0,Matches,GER-BL1,19-20
d3112d86,470,Sebastian Vasiliadis,GRE,MF,Paderborn 07,21,1997,31.2,73,45,34,31,8,28,81,34.6,53,47,6,41,34,107,50,0,Matches,GER-BL1,19-20
a5ae8f8e,471,Miloš Veljković,SRB,DF,Werder Bremen,23,1995,22.8,55,33,36,18,1,33,53,62.3,20,25,11,14,26,81,92,1,Matches,GER-BL1,19-20
28eaa0f3,472,Birger Verstraete,BEL,MF,Köln,25,1994,7.4,20,11,9,10,1,11,21,52.4,10,8,1,7,4,24,10,1,Matches,GER-BL1,19-20
1d8e9add,473,Kevin Vogt,GER,DF,Hoffenheim,27,1991,10.7,7,5,4,3,0,3,9,33.3,6,12,6,6,8,15,52,1,Matches,GER-BL1,19-20
1d8e9add,474,Kevin Vogt,GER,"DF,MF",Werder Bremen,27,1991,12.3,14,10,8,6,0,8,16,50.0,8,15,12,3,25,39,37,1,Matches,GER-BL1,19-20
64f69877,475,Kevin Volland,GER,FW,Leverkusen,27,1992,22.7,16,6,5,6,5,5,16,31.3,11,14,2,12,5,21,7,0,Matches,GER-BL1,19-20
e5a35ae9,476,Luca Waldschmidt,GER,"FW,MF",Freiburg,23,1996,14.1,10,7,3,5,2,2,18,11.1,16,11,2,9,4,14,4,0,Matches,GER-BL1,19-20
c4e87b8b,477,Wout Weghorst,NED,FW,Wolfsburg,26,1992,30.4,15,8,4,5,6,1,17,5.9,16,17,4,13,2,17,30,0,Matches,GER-BL1,19-20
346d51d9,478,Julian Weigl,GER,"MF,DF",Dortmund,23,1995,11.3,16,9,12,3,1,9,16,56.3,7,10,0,10,8,24,21,0,Matches,GER-BL1,19-20
30c220c3,479,Mitchell Weiser,GER,"DF,MF",Leverkusen,25,1994,13.0,41,29,20,17,4,18,30,60.0,12,19,2,17,24,65,22,1,Matches,GER-BL1,19-20
f9acca3a,480,Wendell,BRA,"DF,MF",Leverkusen,26,1993,21.1,64,42,26,26,12,41,66,62.1,25,30,4,26,36,100,36,0,Matches,GER-BL1,19-20
b69261a0,481,Oscar Wendt,SWE,DF,Gladbach,33,1985,18.7,26,14,16,8,2,12,31,38.7,19,27,6,21,20,46,45,0,Matches,GER-BL1,19-20
49fe9070,482,Timo Werner,GER,FW,RB Leipzig,23,1996,31.1,20,9,6,7,7,3,16,18.8,13,16,0,16,5,25,2,0,Matches,GER-BL1,19-20
e2d34771,483,Felix Wiedwald,GER,GK,Eint Frankfurt,29,1990,3.0,0,0,0,0,0,0,0,,0,0,0,0,0,0,2,1,Matches,GER-BL1,19-20
d4d0a9ad,484,William,BRA,DF,Wolfsburg,24,1995,15.2,55,26,34,14,7,27,59,45.8,32,10,3,7,24,79,38,1,Matches,GER-BL1,19-20
e7fcf289,485,Florian Wirtz,GER,FW,Leverkusen,16,2003,4.1,4,2,0,4,0,2,4,50.0,2,4,0,4,2,6,1,0,Matches,GER-BL1,19-20
5dfc6ad5,486,Axel Witsel,BEL,MF,Dortmund,30,1989,24.9,28,20,10,17,1,14,33,42.4,19,26,7,19,31,59,19,1,Matches,GER-BL1,19-20
be42a291,487,Hannes Wolf,AUT,"FW,MF",RB Leipzig,20,1999,0.6,3,0,0,1,2,1,4,25.0,3,0,0,0,0,3,0,0,Matches,GER-BL1,19-20
fa661778,488,Marius Wolf,GER,"FW,MF",Hertha BSC,24,1995,15.7,19,11,9,7,3,10,27,37.0,17,14,1,13,17,36,13,0,Matches,GER-BL1,19-20
7ca196eb,489,Nick Woltemade,GER,"FW,MF",Werder Bremen,17,2002,1.0,2,1,0,2,0,0,1,0.0,1,1,0,1,0,2,2,0,Matches,GER-BL1,19-20
a4effc55,490,Dan-Axel Zagadou,FRA,DF,Dortmund,20,1999,10.9,16,10,12,4,0,6,8,75.0,2,12,8,4,15,31,38,0,Matches,GER-BL1,19-20
384d58d9,491,Denis Zakaria,SUI,"MF,DF",Gladbach,22,1996,21.6,49,30,23,23,3,20,39,51.3,19,39,12,27,37,86,31,1,Matches,GER-BL1,19-20
5c4bf6ba,492,Robin Zentner,GER,GK,Mainz 05,24,1994,21.5,1,1,1,0,0,1,1,100.0,0,0,0,0,0,1,11,0,Matches,GER-BL1,19-20
912e63b5,493,Jean Zimmer,GER,"DF,FW",Düsseldorf,25,1993,8.0,11,6,5,5,1,5,10,50.0,5,3,1,2,3,14,0,0,Matches,GER-BL1,19-20
e199d5b0,494,Matthias Zimmermann,GER,"DF,MF",Düsseldorf,27,1992,32.5,62,47,26,27,9,31,64,48.4,33,41,15,26,43,105,59,0,Matches,GER-BL1,19-20
bf9d9070,495,Leopold Zingerle,GER,GK,Paderborn 07,25,1994,28.0,3,1,3,0,0,2,4,50.0,2,0,0,0,0,3,7,2,Matches,GER-BL1,19-20
028e70b9,496,Joshua Zirkzee,NED,FW,Bayern Munich,18,2001,3.3,5,2,0,2,3,2,4,50.0,2,2,0,2,1,6,0,0,Matches,GER-BL1,19-20
4d50454e,497,Ben Zolinski,GER,"FW,MF",Paderborn 07,27,1992,13.4,17,9,7,9,1,7,27,25.9,20,12,0,12,8,25,4,0,Matches,GER-BL1,19-20
b6a6e0a7,498,Steven Zuber,SUI,"DF,FW",Hoffenheim,27,1991,8.3,11,10,7,2,2,9,19,47.4,10,4,1,3,9,20,12,0,Matches,GER-BL1,19-20
