Wk,Day,Date,Time,Home,xG,Score,xG.1,Away,Attendance,Venue,Referee,Match Report,Notes,league,season
1,Sat,2020-09-19,18:00,Fiorentina,1.9,1–0,0.7,Torino,,Stadio Artemio Franchi,Rosario Abisso,/en/matches/34e95e35/Fiorentina-Torino-September-19-2020-Serie-A,,ITA-SERIA_A,20-21
1,Sat,2020-09-19,20:45,Hellas Verona,,3–0,,Roma,,Stadio Marc'Antonio Bentegodi,Daniele Chiffi,/en/matches/e0a20cfe/Hellas-Verona-Roma-September-19-2020-Serie-A,Match awarded to Hellas Verona,ITA-SERIA_A,20-21
1,Sun,2020-09-20,12:30,Parma,0.3,0–2,1.6,Napoli,1000,Stadio Ennio Tardini,Maurizio Mariani,/en/matches/a3e10e13/Parma-Napoli-September-20-2020-Serie-A,,ITA-SERIA_A,20-21
1,Sun,2020-09-20,15:00,Genoa,2.3,4–1,1.6,Crotone,,Stadio Comunale Luigi Ferraris,Giovanni Ayroldi,/en/matches/640f64f3/Genoa-Crotone-September-20-2020-Serie-A,,ITA-SERIA_A,20-21
1,Sun,2020-09-20,18:00,Sassuolo,2.1,1–1,0.9,Cagliari,850,Mapei Stadium - Città del Tricolore,Livio Marinelli,/en/matches/e2711951/Sassuolo-Cagliari-September-20-2020-Serie-A,,ITA-SERIA_A,20-21
1,Sun,2020-09-20,20:45,Juventus,2.0,3–0,0.8,Sampdoria,1000,Allianz Stadium,Marco Piccinini,/en/matches/bd0688ef/Juventus-Sampdoria-September-20-2020-Serie-A,,ITA-SERIA_A,20-21
1,Mon,2020-09-21,20:45,Milan,2.6,2–0,1.1,Bologna,1000,Stadio Giuseppe Meazza,Federico La Penna,/en/matches/3019a52b/Milan-Bologna-September-21-2020-Serie-A,,ITA-SERIA_A,20-21
2,Sat,2020-09-26,15:00,Torino,0.6,2–4,2.1,Atalanta,1000,Stadio Olimpico di Torino,Massimiliano Irrati,/en/matches/63e992fa/Torino-Atalanta-September-26-2020-Serie-A,,ITA-SERIA_A,20-21
2,Sat,2020-09-26,18:00,Sampdoria,1.0,2–3,1.1,Benevento,1000,Stadio Comunale Luigi Ferraris,Federico Dionisi,/en/matches/0505790f/Sampdoria-Benevento-September-26-2020-Serie-A,,ITA-SERIA_A,20-21
2,Sat,2020-09-26,18:00,Cagliari,1.2,0–2,2.3,Lazio,1000,Sardegna Arena,Davide Massa,/en/matches/68fb3c72/Cagliari-Lazio-September-26-2020-Serie-A,,ITA-SERIA_A,20-21
2,Sat,2020-09-26,20:45,Inter,2.3,4–3,2.4,Fiorentina,1000,Stadio Giuseppe Meazza,Giampaolo Calvarese,/en/matches/87f435d8/Internazionale-Fiorentina-September-26-2020-Serie-A,,ITA-SERIA_A,20-21
2,Sun,2020-09-27,12:30,Spezia,1.4,1–4,2.1,Sassuolo,1000,Stadio Dino Manuzzi,Davide Ghersini,/en/matches/f35a0315/Spezia-Sassuolo-September-27-2020-Serie-A,,ITA-SERIA_A,20-21
2,Sun,2020-09-27,15:00,Hellas Verona,0.9,1–0,2.2,Udinese,1000,Stadio Marc'Antonio Bentegodi,Manuel Volpi,/en/matches/671a6bea/Hellas-Verona-Udinese-September-27-2020-Serie-A,,ITA-SERIA_A,20-21
2,Sun,2020-09-27,18:00,Crotone,0.2,0–2,2.4,Milan,,Stadio Ezio Scida,Luca Pairetto,/en/matches/25339616/Crotone-Milan-September-27-2020-Serie-A,,ITA-SERIA_A,20-21
2,Sun,2020-09-27,18:00,Napoli,2.9,6–0,0.7,Genoa,1000,Stadio Diego Armando Maradona,Juan Sacchi,/en/matches/28218c1b/Napoli-Genoa-September-27-2020-Serie-A,,ITA-SERIA_A,20-21
2,Sun,2020-09-27,20:45,Roma,2.8,2–2,1.9,Juventus,1000,Stadio Olimpico,Marco Di Bello,/en/matches/813850ed/Roma-Juventus-September-27-2020-Serie-A,,ITA-SERIA_A,20-21
2,Mon,2020-09-28,20:45,Bologna,1.6,4–1,1.4,Parma,1000,Stadio Renato Dall'Ara,Paolo Valeri,/en/matches/ddc857bc/Bologna-Parma-September-28-2020-Serie-A,,ITA-SERIA_A,20-21
1,Wed,2020-09-30,18:00,Benevento,1.5,2–5,3.6,Inter,1000,Stadio Ciro Vigorito,Marco Piccinini,/en/matches/1d2d65d6/Benevento-Internazionale-September-30-2020-Serie-A,,ITA-SERIA_A,20-21
1,Wed,2020-09-30,18:00,Udinese,1.8,0–2,0.8,Spezia,1000,Dacia Arena,Alessandro Prontera,/en/matches/5ca8fe51/Udinese-Spezia-September-30-2020-Serie-A,,ITA-SERIA_A,20-21
1,Wed,2020-09-30,20:45,Lazio,2.3,1–4,1.8,Atalanta,1000,Stadio Olimpico,Fabio Maresca,/en/matches/895c84f1/Lazio-Atalanta-September-30-2020-Serie-A,,ITA-SERIA_A,20-21
3,Fri,2020-10-02,20:45,Fiorentina,1.7,1–2,2.2,Sampdoria,1000,Stadio Artemio Franchi,Piero Giacomelli,/en/matches/853ed5b4/Fiorentina-Sampdoria-October-2-2020-Serie-A,,ITA-SERIA_A,20-21
3,Sat,2020-10-03,15:00,Sassuolo,1.8,4–1,1.9,Crotone,1000,Mapei Stadium - Città del Tricolore,Ivan Pezzuto,/en/matches/4898e655/Sassuolo-Crotone-October-3-2020-Serie-A,,ITA-SERIA_A,20-21
3,Sat,2020-10-03,20:45,Udinese,1.5,0–1,1.0,Roma,1000,Dacia Arena,Rosario Abisso,/en/matches/2652d66f/Udinese-Roma-October-3-2020-Serie-A,,ITA-SERIA_A,20-21
3,Sun,2020-10-04,12:30,Atalanta,3.4,5–2,0.8,Cagliari,1000,Stadio Atleti Azzurri d'Italia,Fabrizio Pasqua,/en/matches/27a44970/Atalanta-Cagliari-October-4-2020-Serie-A,,ITA-SERIA_A,20-21
3,Sun,2020-10-04,15:00,Benevento,1.0,1–0,2.0,Bologna,1000,Stadio Ciro Vigorito,Simone Sozza,/en/matches/04102e2d/Benevento-Bologna-October-4-2020-Serie-A,,ITA-SERIA_A,20-21
3,Sun,2020-10-04,15:00,Parma,1.1,1–0,0.6,Hellas Verona,1000,Stadio Ennio Tardini,Antonio Giua,/en/matches/0ef09e99/Parma-Hellas-Verona-October-4-2020-Serie-A,,ITA-SERIA_A,20-21
3,Sun,2020-10-04,15:00,Lazio,1.2,1–1,0.6,Inter,1000,Stadio Olimpico,Marco Guida,/en/matches/f89e07c4/Lazio-Internazionale-October-4-2020-Serie-A,,ITA-SERIA_A,20-21
3,Sun,2020-10-04,18:00,Milan,2.6,3–0,0.2,Spezia,1000,Stadio Giuseppe Meazza,Marco Serra,/en/matches/a812c1ea/Milan-Spezia-October-4-2020-Serie-A,,ITA-SERIA_A,20-21
4,Sat,2020-10-17,15:00,Napoli,1.6,4–1,0.7,Atalanta,1000,Stadio Diego Armando Maradona,Marco Di Bello,/en/matches/804e3527/Napoli-Atalanta-October-17-2020-Serie-A,,ITA-SERIA_A,20-21
4,Sat,2020-10-17,18:00,Sampdoria,1.3,3–0,0.5,Lazio,1000,Stadio Comunale Luigi Ferraris,Daniele Orsato,/en/matches/2f58ef6d/Sampdoria-Lazio-October-17-2020-Serie-A,,ITA-SERIA_A,20-21
4,Sat,2020-10-17,18:00,Inter,2.8,1–2,2.1,Milan,1000,Stadio Giuseppe Meazza,Maurizio Mariani,/en/matches/c51b8075/Derby-della-Madonnina-Internazionale-Milan-October-17-2020-Serie-A,,ITA-SERIA_A,20-21
4,Sat,2020-10-17,20:45,Crotone,1.2,1–1,1.8,Juventus,1000,Stadio Ezio Scida,Francesco Fourneau,/en/matches/fe73c95f/Crotone-Juventus-October-17-2020-Serie-A,,ITA-SERIA_A,20-21
4,Sun,2020-10-18,12:30,Bologna,1.4,3–4,2.7,Sassuolo,1000,Stadio Renato Dall'Ara,Daniele Doveri,/en/matches/fb7f9915/Bologna-Sassuolo-October-18-2020-Serie-A,,ITA-SERIA_A,20-21
4,Sun,2020-10-18,15:00,Torino,1.4,2–3,1.9,Cagliari,1000,Stadio Olimpico di Torino,Federico La Penna,/en/matches/86fc57b5/Torino-Cagliari-October-18-2020-Serie-A,,ITA-SERIA_A,20-21
4,Sun,2020-10-18,15:00,Spezia,0.9,2–2,1.0,Fiorentina,1000,Stadio Dino Manuzzi,Gianluca Manganiello,/en/matches/b6c6dd04/Spezia-Fiorentina-October-18-2020-Serie-A,,ITA-SERIA_A,20-21
4,Sun,2020-10-18,18:00,Udinese,1.3,3–2,1.0,Parma,1000,Dacia Arena,Michael Fabbri,/en/matches/3f8a8da5/Udinese-Parma-October-18-2020-Serie-A,,ITA-SERIA_A,20-21
4,Sun,2020-10-18,20:45,Roma,4.0,5–2,1.6,Benevento,1000,Stadio Olimpico,Giovanni Ayroldi,/en/matches/8c70e4d2/Roma-Benevento-October-18-2020-Serie-A,,ITA-SERIA_A,20-21
4,Mon,2020-10-19,20:45,Hellas Verona,1.1,0–0,0.4,Genoa,10002,Stadio Marc'Antonio Bentegodi,Antonio Rapuano,/en/matches/0390eade/Hellas-Verona-Genoa-October-19-2020-Serie-A,,ITA-SERIA_A,20-21
5,Fri,2020-10-23,20:45,Sassuolo,2.1,3–3,2.1,Torino,700,Mapei Stadium - Città del Tricolore,Marco Guida,/en/matches/efe8db7d/Sassuolo-Torino-October-23-2020-Serie-A,,ITA-SERIA_A,20-21
5,Sat,2020-10-24,15:00,Atalanta,2.1,1–3,2.1,Sampdoria,1000,Stadio Atleti Azzurri d'Italia,Giampaolo Calvarese,/en/matches/ed9e30e7/Atalanta-Sampdoria-October-24-2020-Serie-A,,ITA-SERIA_A,20-21
5,Sat,2020-10-24,18:00,Genoa,0.0,0–2,1.7,Inter,1000,Stadio Comunale Luigi Ferraris,Davide Massa,/en/matches/66c85475/Genoa-Internazionale-October-24-2020-Serie-A,,ITA-SERIA_A,20-21
5,Sat,2020-10-24,20:45,Lazio,1.5,2–1,1.7,Bologna,1000,Stadio Olimpico,Massimiliano Irrati,/en/matches/4a784435/Lazio-Bologna-October-24-2020-Serie-A,,ITA-SERIA_A,20-21
5,Sun,2020-10-25,12:30,Cagliari,2.2,4–2,1.6,Crotone,1000,Sardegna Arena,Antonio Di Martino,/en/matches/c04496c5/Cagliari-Crotone-October-25-2020-Serie-A,,ITA-SERIA_A,20-21
5,Sun,2020-10-25,15:00,Parma,3.5,2–2,0.8,Spezia,1000,Stadio Ennio Tardini,Valerio Marini,/en/matches/537f2b44/Parma-Spezia-October-25-2020-Serie-A,,ITA-SERIA_A,20-21
5,Sun,2020-10-25,15:00,Benevento,0.8,1–2,2.2,Napoli,1000,Stadio Ciro Vigorito,Daniele Doveri,/en/matches/d2315e70/Benevento-Napoli-October-25-2020-Serie-A,,ITA-SERIA_A,20-21
5,Sun,2020-10-25,18:00,Fiorentina,1.1,3–2,2.6,Udinese,1000,Stadio Artemio Franchi,Francesco Fourneau,/en/matches/64b18020/Fiorentina-Udinese-October-25-2020-Serie-A,,ITA-SERIA_A,20-21
5,Sun,2020-10-25,20:45,Juventus,1.5,1–1,0.7,Hellas Verona,1000,Allianz Stadium,Fabrizio Pasqua,/en/matches/55ef3ddd/Juventus-Hellas-Verona-October-25-2020-Serie-A,,ITA-SERIA_A,20-21
5,Mon,2020-10-26,20:45,Milan,2.5,3–3,2.1,Roma,,Stadio Giuseppe Meazza,Piero Giacomelli,/en/matches/ccde29ed/Milan-Roma-October-26-2020-Serie-A,,ITA-SERIA_A,20-21
6,Sat,2020-10-31,15:00,Crotone,0.6,1–2,2.8,Atalanta,,Stadio Ezio Scida,Federico Dionisi,/en/matches/6093ca64/Crotone-Atalanta-October-31-2020-Serie-A,,ITA-SERIA_A,20-21
6,Sat,2020-10-31,18:00,Inter,2.9,2–2,0.9,Parma,,Stadio Giuseppe Meazza,Marco Piccinini,/en/matches/6e9788e7/Internazionale-Parma-October-31-2020-Serie-A,,ITA-SERIA_A,20-21
6,Sat,2020-10-31,20:45,Bologna,1.1,3–2,1.2,Cagliari,,Stadio Renato Dall'Ara,Michael Fabbri,/en/matches/e2a5c42a/Bologna-Cagliari-October-31-2020-Serie-A,,ITA-SERIA_A,20-21
6,Sun,2020-11-01,12:30,Udinese,1.0,1–2,1.1,Milan,,Dacia Arena,Marco Di Bello,/en/matches/e6ef7801/Udinese-Milan-November-1-2020-Serie-A,,ITA-SERIA_A,20-21
6,Sun,2020-11-01,15:00,Torino,2.4,3–4,1.8,Lazio,,Stadio Olimpico di Torino,Daniele Chiffi,/en/matches/59f00a82/Torino-Lazio-November-1-2020-Serie-A,,ITA-SERIA_A,20-21
6,Sun,2020-11-01,15:00,Spezia,0.7,1–4,2.7,Juventus,,Stadio Dino Manuzzi,Rosario Abisso,/en/matches/8314abe6/Spezia-Juventus-November-1-2020-Serie-A,,ITA-SERIA_A,20-21
6,Sun,2020-11-01,18:00,Napoli,2.1,0–2,1.8,Sassuolo,,Stadio Diego Armando Maradona,Maurizio Mariani,/en/matches/57755213/Napoli-Sassuolo-November-1-2020-Serie-A,,ITA-SERIA_A,20-21
6,Sun,2020-11-01,18:00,Roma,3.0,2–0,0.4,Fiorentina,,Stadio Olimpico,Daniele Orsato,/en/matches/be251e3d/Roma-Fiorentina-November-1-2020-Serie-A,,ITA-SERIA_A,20-21
6,Sun,2020-11-01,20:45,Sampdoria,0.8,1–1,1.2,Genoa,,Stadio Comunale Luigi Ferraris,Federico La Penna,/en/matches/3efc9351/Sampdoria-Genoa-November-1-2020-Serie-A,,ITA-SERIA_A,20-21
6,Mon,2020-11-02,20:45,Hellas Verona,2.1,3–1,1.5,Benevento,,Stadio Marc'Antonio Bentegodi,Juan Sacchi,/en/matches/0889467c/Hellas-Verona-Benevento-November-2-2020-Serie-A,,ITA-SERIA_A,20-21
3,Wed,2020-11-04,17:00,Genoa,1.4,1–2,0.3,Torino,,Stadio Comunale Luigi Ferraris,Paolo Valeri,/en/matches/8f049744/Genoa-Torino-November-4-2020-Serie-A,,ITA-SERIA_A,20-21
7,Fri,2020-11-06,20:45,Sassuolo,0.1,0–0,0.1,Udinese,,Mapei Stadium - Città del Tricolore,Eugenio Abbattista,/en/matches/05327d94/Sassuolo-Udinese-November-6-2020-Serie-A,,ITA-SERIA_A,20-21
7,Sat,2020-11-07,15:00,Cagliari,1.9,2–0,0.2,Sampdoria,,Sardegna Arena,Giovanni Ayroldi,/en/matches/fd391825/Cagliari-Sampdoria-November-7-2020-Serie-A,,ITA-SERIA_A,20-21
7,Sat,2020-11-07,18:00,Benevento,0.2,0–3,1.1,Spezia,,Stadio Ciro Vigorito,Gianluca Aureliano,/en/matches/297456f4/Benevento-Spezia-November-7-2020-Serie-A,,ITA-SERIA_A,20-21
7,Sat,2020-11-07,20:45,Parma,0.2,0–0,0.5,Fiorentina,,Stadio Ennio Tardini,Federico La Penna,/en/matches/1d982a6b/Parma-Fiorentina-November-7-2020-Serie-A,,ITA-SERIA_A,20-21
7,Sun,2020-11-08,12:30,Lazio,1.0,1–1,1.3,Juventus,,Stadio Olimpico,Davide Massa,/en/matches/d9fa0ada/Lazio-Juventus-November-8-2020-Serie-A,,ITA-SERIA_A,20-21
7,Sun,2020-11-08,15:00,Torino,0.2,0–0,0.3,Crotone,,Stadio Olimpico di Torino,Francesco Fourneau,/en/matches/1342ef74/Torino-Crotone-November-8-2020-Serie-A,,ITA-SERIA_A,20-21
7,Sun,2020-11-08,15:00,Genoa,0.6,1–3,2.6,Roma,,Stadio Comunale Luigi Ferraris,Massimiliano Irrati,/en/matches/da88eb92/Genoa-Roma-November-8-2020-Serie-A,,ITA-SERIA_A,20-21
7,Sun,2020-11-08,15:00,Atalanta,1.0,1–1,0.9,Inter,,Stadio Atleti Azzurri d'Italia,Daniele Doveri,/en/matches/f34a17fc/Atalanta-Internazionale-November-8-2020-Serie-A,,ITA-SERIA_A,20-21
7,Sun,2020-11-08,18:00,Bologna,0.7,0–1,1.4,Napoli,,Stadio Renato Dall'Ara,Fabrizio Pasqua,/en/matches/fe4a67f1/Bologna-Napoli-November-8-2020-Serie-A,,ITA-SERIA_A,20-21
7,Sun,2020-11-08,20:45,Milan,3.5,2–2,1.6,Hellas Verona,,Stadio Giuseppe Meazza,Marco Guida,/en/matches/713a05a0/Milan-Hellas-Verona-November-8-2020-Serie-A,,ITA-SERIA_A,20-21
8,Sat,2020-11-21,15:00,Crotone,1.0,0–2,1.7,Lazio,,Stadio Ezio Scida,Juan Sacchi,/en/matches/50294529/Crotone-Lazio-November-21-2020-Serie-A,,ITA-SERIA_A,20-21
8,Sat,2020-11-21,18:00,Spezia,0.4,0–0,2.1,Atalanta,,Stadio Dino Manuzzi,Antonio Rapuano,/en/matches/34d0c3c5/Spezia-Atalanta-November-21-2020-Serie-A,,ITA-SERIA_A,20-21
8,Sat,2020-11-21,20:45,Juventus,2.2,2–0,0.1,Cagliari,,Allianz Stadium,Fabio Maresca,/en/matches/5f84e7d6/Juventus-Cagliari-November-21-2020-Serie-A,,ITA-SERIA_A,20-21
8,Sun,2020-11-22,12:30,Fiorentina,1.1,0–1,0.6,Benevento,,Stadio Artemio Franchi,Davide Ghersini,/en/matches/91f4fc0c/Fiorentina-Benevento-November-22-2020-Serie-A,,ITA-SERIA_A,20-21
8,Sun,2020-11-22,15:00,Inter,4.0,4–2,2.1,Torino,,Stadio Giuseppe Meazza,Federico La Penna,/en/matches/1e1de965/Internazionale-Torino-November-22-2020-Serie-A,,ITA-SERIA_A,20-21
8,Sun,2020-11-22,15:00,Roma,3.1,3–0,0.0,Parma,,Stadio Olimpico,Gianluca Manganiello,/en/matches/1fd43ae7/Roma-Parma-November-22-2020-Serie-A,,ITA-SERIA_A,20-21
8,Sun,2020-11-22,15:00,Hellas Verona,1.5,0–2,0.4,Sassuolo,,Stadio Marc'Antonio Bentegodi,Daniele Chiffi,/en/matches/6f88f246/Hellas-Verona-Sassuolo-November-22-2020-Serie-A,,ITA-SERIA_A,20-21
8,Sun,2020-11-22,15:00,Sampdoria,0.9,1–2,1.6,Bologna,,Stadio Comunale Luigi Ferraris,Livio Marinelli,/en/matches/c0cdd5ef/Sampdoria-Bologna-November-22-2020-Serie-A,,ITA-SERIA_A,20-21
8,Sun,2020-11-22,18:00,Udinese,0.4,1–0,0.6,Genoa,,Dacia Arena,Giampaolo Calvarese,/en/matches/bab2a928/Udinese-Genoa-November-22-2020-Serie-A,,ITA-SERIA_A,20-21
8,Sun,2020-11-22,20:45,Napoli,1.5,1–3,2.4,Milan,,Stadio Diego Armando Maradona,Paolo Valeri,/en/matches/91e79ece/Napoli-Milan-November-22-2020-Serie-A,,ITA-SERIA_A,20-21
9,Sat,2020-11-28,15:00,Sassuolo,0.7,0–3,1.2,Inter,,Mapei Stadium - Città del Tricolore,Massimiliano Irrati,/en/matches/a1946d0e/Sassuolo-Internazionale-November-28-2020-Serie-A,,ITA-SERIA_A,20-21
9,Sat,2020-11-28,18:00,Benevento,0.5,1–1,1.5,Juventus,,Stadio Ciro Vigorito,Fabrizio Pasqua,/en/matches/6fe2a910/Benevento-Juventus-November-28-2020-Serie-A,,ITA-SERIA_A,20-21
9,Sat,2020-11-28,20:45,Atalanta,1.4,0–2,1.9,Hellas Verona,,Stadio Atleti Azzurri d'Italia,Davide Massa,/en/matches/bdbd3cea/Atalanta-Hellas-Verona-November-28-2020-Serie-A,,ITA-SERIA_A,20-21
9,Sun,2020-11-29,12:30,Lazio,1.2,1–3,1.5,Udinese,,Stadio Olimpico,Gianluca Aureliano,/en/matches/4b30dfa6/Lazio-Udinese-November-29-2020-Serie-A,,ITA-SERIA_A,20-21
9,Sun,2020-11-29,15:00,Bologna,1.8,1–0,0.4,Crotone,,Stadio Renato Dall'Ara,Marco Serra,/en/matches/529dc319/Bologna-Crotone-November-29-2020-Serie-A,,ITA-SERIA_A,20-21
9,Sun,2020-11-29,15:00,Milan,2.6,2–0,0.7,Fiorentina,,Stadio Giuseppe Meazza,Rosario Abisso,/en/matches/dac00d76/Milan-Fiorentina-November-29-2020-Serie-A,,ITA-SERIA_A,20-21
9,Sun,2020-11-29,18:00,Cagliari,1.9,2–2,2.5,Spezia,,Sardegna Arena,Valerio Marini,/en/matches/7ef8ee8f/Cagliari-Spezia-November-29-2020-Serie-A,,ITA-SERIA_A,20-21
9,Sun,2020-11-29,20:45,Napoli,1.7,4–0,0.5,Roma,,Stadio Diego Armando Maradona,Marco Di Bello,/en/matches/2813d64e/Derby-del-Sole-Napoli-Roma-November-29-2020-Serie-A,,ITA-SERIA_A,20-21
9,Mon,2020-11-30,18:30,Torino,1.8,2–2,1.4,Sampdoria,,Stadio Olimpico di Torino,Daniele Doveri,/en/matches/52feedf3/Torino-Sampdoria-November-30-2020-Serie-A,,ITA-SERIA_A,20-21
9,Mon,2020-11-30,20:45,Genoa,1.6,1–2,1.1,Parma,,Stadio Comunale Luigi Ferraris,Maurizio Mariani,/en/matches/d930fb08/Genoa-Parma-November-30-2020-Serie-A,,ITA-SERIA_A,20-21
10,Sat,2020-12-05,15:00,Spezia,1.5,1–2,0.5,Lazio,,Stadio Dino Manuzzi,Daniele Chiffi,/en/matches/3dbc3efe/Spezia-Lazio-December-5-2020-Serie-A,,ITA-SERIA_A,20-21
10,Sat,2020-12-05,18:00,Juventus,1.6,2–1,1.0,Torino,,Allianz Stadium,Daniele Orsato,/en/matches/bbc484d9/Juventus-Torino-December-5-2020-Serie-A,,ITA-SERIA_A,20-21
10,Sat,2020-12-05,20:45,Inter,2.0,3–1,1.4,Bologna,,Stadio Giuseppe Meazza,Paolo Valeri,/en/matches/f124eb7b/Internazionale-Bologna-December-5-2020-Serie-A,,ITA-SERIA_A,20-21
10,Sun,2020-12-06,12:30,Hellas Verona,2.7,1–1,1.5,Cagliari,,Stadio Marc'Antonio Bentegodi,Gianluca Manganiello,/en/matches/93ef5099/Hellas-Verona-Cagliari-December-6-2020-Serie-A,,ITA-SERIA_A,20-21
10,Sun,2020-12-06,15:00,Parma,0.7,0–0,0.4,Benevento,,Stadio Ennio Tardini,Juan Sacchi,/en/matches/7b689c67/Parma-Benevento-December-6-2020-Serie-A,,ITA-SERIA_A,20-21
10,Sun,2020-12-06,15:00,Roma,1.3,0–0,0.3,Sassuolo,,Stadio Olimpico,Fabio Maresca,/en/matches/930b2d30/Roma-Sassuolo-December-6-2020-Serie-A,,ITA-SERIA_A,20-21
10,Sun,2020-12-06,18:00,Crotone,0.3,0–4,1.7,Napoli,,Stadio Ezio Scida,Livio Marinelli,/en/matches/325e496e/Crotone-Napoli-December-6-2020-Serie-A,,ITA-SERIA_A,20-21
10,Sun,2020-12-06,20:45,Sampdoria,1.2,1–2,2.5,Milan,,Stadio Comunale Luigi Ferraris,Giampaolo Calvarese,/en/matches/a4e5ebed/Sampdoria-Milan-December-6-2020-Serie-A,,ITA-SERIA_A,20-21
10,Mon,2020-12-07,20:45,Fiorentina,2.6,1–1,1.3,Genoa,,Stadio Artemio Franchi,Daniele Doveri,/en/matches/50ad79b4/Fiorentina-Genoa-December-7-2020-Serie-A,,ITA-SERIA_A,20-21
11,Fri,2020-12-11,20:45,Sassuolo,1.1,1–0,2.5,Benevento,,Mapei Stadium - Città del Tricolore,Simone Sozza,/en/matches/d5c7938e/Sassuolo-Benevento-December-11-2020-Serie-A,,ITA-SERIA_A,20-21
11,Sat,2020-12-12,15:00,Crotone,1.3,4–1,1.0,Spezia,,Stadio Ezio Scida,Antonio Giua,/en/matches/08beb229/Crotone-Spezia-December-12-2020-Serie-A,,ITA-SERIA_A,20-21
11,Sat,2020-12-12,18:00,Torino,1.0,2–3,1.3,Udinese,,Stadio Olimpico di Torino,Davide Massa,/en/matches/b51058d7/Torino-Udinese-December-12-2020-Serie-A,,ITA-SERIA_A,20-21
11,Sat,2020-12-12,20:45,Lazio,0.7,1–2,0.9,Hellas Verona,,Stadio Olimpico,Rosario Abisso,/en/matches/44411178/Lazio-Hellas-Verona-December-12-2020-Serie-A,,ITA-SERIA_A,20-21
11,Sun,2020-12-13,12:45,Cagliari,1.6,1–3,2.8,Inter,,Sardegna Arena,Fabrizio Pasqua,/en/matches/7201e4de/Cagliari-Internazionale-December-13-2020-Serie-A,,ITA-SERIA_A,20-21
11,Sun,2020-12-13,15:00,Napoli,1.5,2–1,1.1,Sampdoria,,Stadio Diego Armando Maradona,Federico La Penna,/en/matches/851607c8/Napoli-Sampdoria-December-13-2020-Serie-A,,ITA-SERIA_A,20-21
11,Sun,2020-12-13,15:00,Bologna,0.4,1–5,3.1,Roma,,Stadio Renato Dall'Ara,Giampaolo Calvarese,/en/matches/8b07dcf5/Bologna-Roma-December-13-2020-Serie-A,,ITA-SERIA_A,20-21
11,Sun,2020-12-13,15:00,Atalanta,2.7,3–0,0.3,Fiorentina,,Stadio Atleti Azzurri d'Italia,Maurizio Mariani,/en/matches/f015f974/Atalanta-Fiorentina-December-13-2020-Serie-A,,ITA-SERIA_A,20-21
11,Sun,2020-12-13,18:00,Genoa,0.2,1–3,3.4,Juventus,,Stadio Comunale Luigi Ferraris,Marco Di Bello,/en/matches/7b0d0f68/Genoa-Juventus-December-13-2020-Serie-A,,ITA-SERIA_A,20-21
11,Sun,2020-12-13,20:45,Milan,1.9,2–2,0.5,Parma,,Stadio Giuseppe Meazza,Francesco Fourneau,/en/matches/2bb01afd/Milan-Parma-December-13-2020-Serie-A,,ITA-SERIA_A,20-21
12,Tue,2020-12-15,18:30,Udinese,1.3,0–0,0.2,Crotone,,Dacia Arena,Antonio Di Martino,/en/matches/c3cb40d3/Udinese-Crotone-December-15-2020-Serie-A,,ITA-SERIA_A,20-21
12,Tue,2020-12-15,20:45,Benevento,1.4,1–1,0.7,Lazio,,Stadio Ciro Vigorito,Luca Pairetto,/en/matches/2266b847/Benevento-Lazio-December-15-2020-Serie-A,,ITA-SERIA_A,20-21
12,Wed,2020-12-16,18:30,Juventus,2.6,1–1,0.9,Atalanta,,Allianz Stadium,Daniele Doveri,/en/matches/b021ae83/Juventus-Atalanta-December-16-2020-Serie-A,,ITA-SERIA_A,20-21
12,Wed,2020-12-16,20:45,Parma,1.1,0–0,0.4,Cagliari,,Stadio Ennio Tardini,Ivan Pezzuto,/en/matches/2dd73236/Parma-Cagliari-December-16-2020-Serie-A,,ITA-SERIA_A,20-21
12,Wed,2020-12-16,20:45,Genoa,1.1,2–2,2.2,Milan,,Stadio Comunale Luigi Ferraris,Daniele Orsato,/en/matches/4cdf47d4/Genoa-Milan-December-16-2020-Serie-A,,ITA-SERIA_A,20-21
12,Wed,2020-12-16,20:45,Hellas Verona,1.8,1–2,1.0,Sampdoria,,Stadio Marc'Antonio Bentegodi,Riccardo Ros,/en/matches/842b86b0/Hellas-Verona-Sampdoria-December-16-2020-Serie-A,,ITA-SERIA_A,20-21
12,Wed,2020-12-16,20:45,Inter,1.2,1–0,2.2,Napoli,,Stadio Giuseppe Meazza,Davide Massa,/en/matches/b5f73bdc/Internazionale-Napoli-December-16-2020-Serie-A,,ITA-SERIA_A,20-21
12,Wed,2020-12-16,20:45,Fiorentina,2.1,1–1,1.6,Sassuolo,,Stadio Artemio Franchi,Paolo Valeri,/en/matches/df0a6d79/Fiorentina-Sassuolo-December-16-2020-Serie-A,,ITA-SERIA_A,20-21
12,Wed,2020-12-16,20:45,Spezia,2.5,2–2,1.4,Bologna,,Stadio Dino Manuzzi,Piero Giacomelli,/en/matches/e4e6e1f4/Spezia-Bologna-December-16-2020-Serie-A,,ITA-SERIA_A,20-21
12,Thu,2020-12-17,20:45,Roma,3.1,3–1,1.0,Torino,,Stadio Olimpico,Rosario Abisso,/en/matches/1dab0587/Roma-Torino-December-17-2020-Serie-A,,ITA-SERIA_A,20-21
13,Sat,2020-12-19,15:00,Fiorentina,1.6,1–1,1.5,Hellas Verona,,Stadio Artemio Franchi,Francesco Fourneau,/en/matches/c2e0d138/Fiorentina-Hellas-Verona-December-19-2020-Serie-A,,ITA-SERIA_A,20-21
13,Sat,2020-12-19,18:00,Sampdoria,2.3,3–1,1.0,Crotone,,Stadio Comunale Luigi Ferraris,Gianluca Manganiello,/en/matches/a69937eb/Sampdoria-Crotone-December-19-2020-Serie-A,,ITA-SERIA_A,20-21
13,Sat,2020-12-19,20:45,Parma,1.0,0–4,2.3,Juventus,,Stadio Ennio Tardini,Giampaolo Calvarese,/en/matches/0d8fbf46/Parma-Juventus-December-19-2020-Serie-A,,ITA-SERIA_A,20-21
13,Sun,2020-12-20,12:30,Torino,1.2,1–1,1.9,Bologna,,Stadio Olimpico di Torino,Fabrizio Pasqua,/en/matches/7d1527e6/Torino-Bologna-December-20-2020-Serie-A,,ITA-SERIA_A,20-21
13,Sun,2020-12-20,15:00,Inter,1.2,2–1,1.0,Spezia,,Stadio Giuseppe Meazza,Michael Fabbri,/en/matches/45ea2eb0/Internazionale-Spezia-December-20-2020-Serie-A,,ITA-SERIA_A,20-21
13,Sun,2020-12-20,15:00,Benevento,1.5,2–0,0.3,Genoa,,Stadio Ciro Vigorito,Antonio Giua,/en/matches/5bac0634/Benevento-Genoa-December-20-2020-Serie-A,,ITA-SERIA_A,20-21
13,Sun,2020-12-20,15:00,Cagliari,0.6,1–1,1.5,Udinese,,Sardegna Arena,Marco Piccinini,/en/matches/91d5a777/Cagliari-Udinese-December-20-2020-Serie-A,,ITA-SERIA_A,20-21
13,Sun,2020-12-20,15:00,Sassuolo,1.1,1–2,1.2,Milan,,Mapei Stadium - Città del Tricolore,Maurizio Mariani,/en/matches/dde07477/Sassuolo-Milan-December-20-2020-Serie-A,,ITA-SERIA_A,20-21
13,Sun,2020-12-20,18:00,Atalanta,1.9,4–1,0.7,Roma,,Stadio Atleti Azzurri d'Italia,Marco Di Bello,/en/matches/c46eb263/Atalanta-Roma-December-20-2020-Serie-A,,ITA-SERIA_A,20-21
13,Sun,2020-12-20,20:45,Lazio,1.0,2–0,0.9,Napoli,,Stadio Olimpico,Daniele Orsato,/en/matches/7ca08670/Lazio-Napoli-December-20-2020-Serie-A,,ITA-SERIA_A,20-21
14,Tue,2020-12-22,18:30,Crotone,0.6,2–1,1.4,Parma,,Stadio Ezio Scida,Fabio Maresca,/en/matches/fe3251cd/Crotone-Parma-December-22-2020-Serie-A,,ITA-SERIA_A,20-21
14,Tue,2020-12-22,20:45,Juventus,0.5,0–3,1.6,Fiorentina,,Allianz Stadium,Federico La Penna,/en/matches/89bf4a35/Juventus-Fiorentina-December-22-2020-Serie-A,,ITA-SERIA_A,20-21
14,Wed,2020-12-23,18:30,Hellas Verona,1.5,1–2,1.8,Inter,,Stadio Marc'Antonio Bentegodi,Piero Giacomelli,/en/matches/56d99aa2/Hellas-Verona-Internazionale-December-23-2020-Serie-A,,ITA-SERIA_A,20-21
14,Wed,2020-12-23,20:45,Sampdoria,1.9,2–3,2.0,Sassuolo,,Stadio Comunale Luigi Ferraris,Giovanni Ayroldi,/en/matches/1cacbabc/Sampdoria-Sassuolo-December-23-2020-Serie-A,,ITA-SERIA_A,20-21
14,Wed,2020-12-23,20:45,Spezia,0.5,1–2,1.4,Genoa,,Stadio Dino Manuzzi,Davide Massa,/en/matches/3315da73/Spezia-Genoa-December-23-2020-Serie-A,,ITA-SERIA_A,20-21
14,Wed,2020-12-23,20:45,Roma,2.8,3–2,1.3,Cagliari,,Stadio Olimpico,Luca Pairetto,/en/matches/568d1b20/Roma-Cagliari-December-23-2020-Serie-A,,ITA-SERIA_A,20-21
14,Wed,2020-12-23,20:45,Bologna,1.0,2–2,1.4,Atalanta,,Stadio Renato Dall'Ara,Daniele Chiffi,/en/matches/6eecf6a6/Bologna-Atalanta-December-23-2020-Serie-A,,ITA-SERIA_A,20-21
14,Wed,2020-12-23,20:45,Napoli,0.9,1–1,0.4,Torino,,Stadio Diego Armando Maradona,Paolo Valeri,/en/matches/83e1c7a4/Napoli-Torino-December-23-2020-Serie-A,,ITA-SERIA_A,20-21
14,Wed,2020-12-23,20:45,Udinese,2.0,0–2,0.3,Benevento,,Dacia Arena,Manuel Volpi,/en/matches/93d98765/Udinese-Benevento-December-23-2020-Serie-A,,ITA-SERIA_A,20-21
14,Wed,2020-12-23,20:45,Milan,1.6,3–2,1.6,Lazio,,Stadio Giuseppe Meazza,Marco Di Bello,/en/matches/b53612b6/Milan-Lazio-December-23-2020-Serie-A,,ITA-SERIA_A,20-21
15,Sun,2021-01-03,12:30,Inter,2.4,6–2,1.4,Crotone,,Stadio Giuseppe Meazza,Gianluca Aureliano,/en/matches/fd0874c0/Internazionale-Crotone-January-3-2021-Serie-A,,ITA-SERIA_A,20-21
15,Sun,2021-01-03,15:00,Atalanta,2.7,5–1,0.6,Sassuolo,,Stadio Atleti Azzurri d'Italia,Fabio Maresca,/en/matches/2d1025ac/Atalanta-Sassuolo-January-3-2021-Serie-A,,ITA-SERIA_A,20-21
15,Sun,2021-01-03,15:00,Roma,2.3,1–0,0.2,Sampdoria,,Stadio Olimpico,Daniele Chiffi,/en/matches/49700a7d/Roma-Sampdoria-January-3-2021-Serie-A,,ITA-SERIA_A,20-21
15,Sun,2021-01-03,15:00,Fiorentina,0.5,0–0,0.8,Bologna,,Stadio Artemio Franchi,Daniele Orsato,/en/matches/50c9b56a/Derby-dellAppennino-Fiorentina-Bologna-January-3-2021-Serie-A,,ITA-SERIA_A,20-21
15,Sun,2021-01-03,15:00,Genoa,0.9,1–1,1.4,Lazio,,Stadio Comunale Luigi Ferraris,Giampaolo Calvarese,/en/matches/54b2dc2b/Genoa-Lazio-January-3-2021-Serie-A,,ITA-SERIA_A,20-21
15,Sun,2021-01-03,15:00,Cagliari,0.9,1–4,4.6,Napoli,,Sardegna Arena,Gianluca Manganiello,/en/matches/999f6c1e/Cagliari-Napoli-January-3-2021-Serie-A,,ITA-SERIA_A,20-21
15,Sun,2021-01-03,15:00,Spezia,0.9,0–1,1.3,Hellas Verona,,Stadio Dino Manuzzi,Luca Pairetto,/en/matches/df01ce1a/Spezia-Hellas-Verona-January-3-2021-Serie-A,,ITA-SERIA_A,20-21
15,Sun,2021-01-03,15:00,Parma,1.0,0–3,1.7,Torino,,Stadio Ennio Tardini,Daniele Doveri,/en/matches/e856730d/Parma-Torino-January-3-2021-Serie-A,,ITA-SERIA_A,20-21
15,Sun,2021-01-03,18:00,Benevento,2.5,0–2,1.5,Milan,,Stadio Ciro Vigorito,Fabrizio Pasqua,/en/matches/147553a0/Benevento-Milan-January-3-2021-Serie-A,,ITA-SERIA_A,20-21
15,Sun,2021-01-03,20:45,Juventus,2.5,4–1,1.7,Udinese,,Allianz Stadium,Piero Giacomelli,/en/matches/658bd9df/Juventus-Udinese-January-3-2021-Serie-A,,ITA-SERIA_A,20-21
16,Wed,2021-01-06,12:30,Cagliari,1.0,1–2,1.4,Benevento,,Sardegna Arena,Eugenio Abbattista,/en/matches/1ed9b04f/Cagliari-Benevento-January-6-2021-Serie-A,,ITA-SERIA_A,20-21
16,Wed,2021-01-06,15:00,Atalanta,1.8,3–0,0.1,Parma,,Stadio Atleti Azzurri d'Italia,Juan Sacchi,/en/matches/17d4228c/Atalanta-Parma-January-6-2021-Serie-A,,ITA-SERIA_A,20-21
16,Wed,2021-01-06,15:00,Sassuolo,2.1,2–1,1.1,Genoa,,Mapei Stadium - Città del Tricolore,Michael Fabbri,/en/matches/43c9cc75/Sassuolo-Genoa-January-6-2021-Serie-A,,ITA-SERIA_A,20-21
16,Wed,2021-01-06,15:00,Crotone,0.8,1–3,2.0,Roma,,Stadio Ezio Scida,Marco Piccinini,/en/matches/74933162/Crotone-Roma-January-6-2021-Serie-A,,ITA-SERIA_A,20-21
16,Wed,2021-01-06,15:00,Bologna,1.2,2–2,2.1,Udinese,,Stadio Renato Dall'Ara,Giovanni Ayroldi,/en/matches/9e79367d/Bologna-Udinese-January-6-2021-Serie-A,,ITA-SERIA_A,20-21
16,Wed,2021-01-06,15:00,Sampdoria,1.3,2–1,2.7,Inter,,Stadio Comunale Luigi Ferraris,Paolo Valeri,/en/matches/e5caed3a/Sampdoria-Internazionale-January-6-2021-Serie-A,,ITA-SERIA_A,20-21
16,Wed,2021-01-06,15:00,Torino,1.4,1–1,0.4,Hellas Verona,,Stadio Olimpico di Torino,Marco Di Bello,/en/matches/eb671bf1/Torino-Hellas-Verona-January-6-2021-Serie-A,,ITA-SERIA_A,20-21
16,Wed,2021-01-06,15:00,Lazio,1.5,2–1,1.7,Fiorentina,,Stadio Olimpico,Rosario Abisso,/en/matches/f4dedbff/Lazio-Fiorentina-January-6-2021-Serie-A,,ITA-SERIA_A,20-21
16,Wed,2021-01-06,18:00,Napoli,3.1,1–2,1.9,Spezia,,Stadio Diego Armando Maradona,Maurizio Mariani,/en/matches/b5800971/Napoli-Spezia-January-6-2021-Serie-A,,ITA-SERIA_A,20-21
16,Wed,2021-01-06,20:45,Milan,1.0,1–3,2.3,Juventus,,Stadio Giuseppe Meazza,Massimiliano Irrati,/en/matches/1c0d714a/Milan-Juventus-January-6-2021-Serie-A,,ITA-SERIA_A,20-21
17,Sat,2021-01-09,15:00,Benevento,0.9,1–4,3.8,Atalanta,,Stadio Ciro Vigorito,Gianluca Manganiello,/en/matches/6fd79a80/Benevento-Atalanta-January-9-2021-Serie-A,,ITA-SERIA_A,20-21
17,Sat,2021-01-09,18:00,Genoa,1.3,2–0,0.9,Bologna,,Stadio Comunale Luigi Ferraris,Daniele Doveri,/en/matches/1d4dd956/Genoa-Bologna-January-9-2021-Serie-A,,ITA-SERIA_A,20-21
17,Sat,2021-01-09,20:45,Milan,1.6,2–0,0.5,Torino,,Stadio Giuseppe Meazza,Fabio Maresca,/en/matches/20cfca5c/Milan-Torino-January-9-2021-Serie-A,,ITA-SERIA_A,20-21
17,Sun,2021-01-10,12:30,Roma,0.7,2–2,1.6,Inter,,Stadio Olimpico,Marco Di Bello,/en/matches/fca08d02/Roma-Internazionale-January-10-2021-Serie-A,,ITA-SERIA_A,20-21
17,Sun,2021-01-10,15:00,Udinese,2.1,1–2,1.7,Napoli,,Dacia Arena,Fabrizio Pasqua,/en/matches/3ecf5600/Udinese-Napoli-January-10-2021-Serie-A,,ITA-SERIA_A,20-21
17,Sun,2021-01-10,15:00,Hellas Verona,1.4,2–1,0.9,Crotone,,Stadio Marc'Antonio Bentegodi,Luca Massimi,/en/matches/aadbce2e/Hellas-Verona-Crotone-January-10-2021-Serie-A,,ITA-SERIA_A,20-21
17,Sun,2021-01-10,15:00,Parma,0.3,0–2,2.9,Lazio,,Stadio Ennio Tardini,Luca Pairetto,/en/matches/ffaf26ec/Parma-Lazio-January-10-2021-Serie-A,,ITA-SERIA_A,20-21
17,Sun,2021-01-10,18:00,Fiorentina,1.9,1–0,1.2,Cagliari,,Stadio Artemio Franchi,Piero Giacomelli,/en/matches/c0ff856b/Fiorentina-Cagliari-January-10-2021-Serie-A,,ITA-SERIA_A,20-21
17,Sun,2021-01-10,20:45,Juventus,2.8,3–1,0.7,Sassuolo,,Allianz Stadium,Davide Massa,/en/matches/44801875/Juventus-Sassuolo-January-10-2021-Serie-A,,ITA-SERIA_A,20-21
17,Mon,2021-01-11,20:45,Spezia,1.5,2–1,0.7,Sampdoria,,Stadio Dino Manuzzi,Marco Piccinini,/en/matches/98db05a7/Spezia-Sampdoria-January-11-2021-Serie-A,,ITA-SERIA_A,20-21
18,Fri,2021-01-15,20:45,Lazio,0.8,3–0,0.9,Roma,,Stadio Olimpico,Daniele Orsato,/en/matches/88aa48fa/Lazio-Roma-January-15-2021-Serie-A,,ITA-SERIA_A,20-21
18,Sat,2021-01-16,15:00,Bologna,2.0,1–0,0.8,Hellas Verona,,Stadio Renato Dall'Ara,Maurizio Mariani,/en/matches/e958f63e/Bologna-Hellas-Verona-January-16-2021-Serie-A,,ITA-SERIA_A,20-21
18,Sat,2021-01-16,18:00,Torino,0.7,0–0,0.3,Spezia,,Stadio Olimpico di Torino,Michael Fabbri,/en/matches/b1cc62a1/Torino-Spezia-January-16-2021-Serie-A,,ITA-SERIA_A,20-21
18,Sat,2021-01-16,20:45,Sampdoria,1.5,2–1,2.1,Udinese,,Stadio Comunale Luigi Ferraris,Juan Sacchi,/en/matches/03eb2f20/Sampdoria-Udinese-January-16-2021-Serie-A,,ITA-SERIA_A,20-21
18,Sun,2021-01-17,12:30,Napoli,2.0,6–0,1.0,Fiorentina,,Stadio Diego Armando Maradona,Daniele Chiffi,/en/matches/fed096cc/Napoli-Fiorentina-January-17-2021-Serie-A,,ITA-SERIA_A,20-21
18,Sun,2021-01-17,15:00,Sassuolo,1.9,1–1,0.8,Parma,,Mapei Stadium - Città del Tricolore,Ivan Pezzuto,/en/matches/1abc7190/Sassuolo-Parma-January-17-2021-Serie-A,,ITA-SERIA_A,20-21
18,Sun,2021-01-17,15:00,Crotone,1.5,4–1,2.2,Benevento,,Stadio Ezio Scida,Simone Sozza,/en/matches/e0f2e6fa/Crotone-Benevento-January-17-2021-Serie-A,,ITA-SERIA_A,20-21
18,Sun,2021-01-17,18:00,Atalanta,1.6,0–0,0.8,Genoa,,Stadio Atleti Azzurri d'Italia,Livio Marinelli,/en/matches/0c2829db/Atalanta-Genoa-January-17-2021-Serie-A,,ITA-SERIA_A,20-21
18,Sun,2021-01-17,20:45,Inter,1.6,2–0,0.5,Juventus,,Stadio Giuseppe Meazza,Daniele Doveri,/en/matches/9f1e76e2/Derby-dItalia-Internazionale-Juventus-January-17-2021-Serie-A,,ITA-SERIA_A,20-21
18,Mon,2021-01-18,20:45,Cagliari,1.3,0–2,1.7,Milan,,Sardegna Arena,Rosario Abisso,/en/matches/7e73b874/Cagliari-Milan-January-18-2021-Serie-A,,ITA-SERIA_A,20-21
10,Wed,2021-01-20,15:00,Udinese,0.4,1–1,1.5,Atalanta,,Dacia Arena,Giampaolo Calvarese,/en/matches/73e858c4/Udinese-Atalanta-January-20-2021-Serie-A,,ITA-SERIA_A,20-21
19,Fri,2021-01-22,20:45,Benevento,1.6,2–2,1.4,Torino,,Stadio Ciro Vigorito,Piero Giacomelli,/en/matches/899e3324/Benevento-Torino-January-22-2021-Serie-A,,ITA-SERIA_A,20-21
19,Sat,2021-01-23,15:00,Roma,2.6,4–3,1.3,Spezia,,Stadio Olimpico,Luca Pairetto,/en/matches/620ad368/Roma-Spezia-January-23-2021-Serie-A,,ITA-SERIA_A,20-21
19,Sat,2021-01-23,18:00,Udinese,0.3,0–0,0.7,Inter,,Dacia Arena,Fabio Maresca,/en/matches/611d29c5/Udinese-Internazionale-January-23-2021-Serie-A,,ITA-SERIA_A,20-21
19,Sat,2021-01-23,18:00,Milan,1.8,0–3,2.0,Atalanta,,Stadio Giuseppe Meazza,Maurizio Mariani,/en/matches/a9bddb47/Milan-Atalanta-January-23-2021-Serie-A,,ITA-SERIA_A,20-21
19,Sat,2021-01-23,20:45,Fiorentina,1.2,2–1,0.7,Crotone,,Stadio Artemio Franchi,Marco Piccinini,/en/matches/3b4e31e1/Fiorentina-Crotone-January-23-2021-Serie-A,,ITA-SERIA_A,20-21
19,Sun,2021-01-24,12:30,Juventus,3.0,2–0,0.5,Bologna,,Allianz Stadium,Juan Sacchi,/en/matches/b352906f/Juventus-Bologna-January-24-2021-Serie-A,,ITA-SERIA_A,20-21
19,Sun,2021-01-24,15:00,Hellas Verona,1.8,3–1,0.8,Napoli,,Stadio Marc'Antonio Bentegodi,Michael Fabbri,/en/matches/3f3078ab/Hellas-Verona-Napoli-January-24-2021-Serie-A,,ITA-SERIA_A,20-21
19,Sun,2021-01-24,15:00,Genoa,1.7,1–0,1.0,Cagliari,,Stadio Comunale Luigi Ferraris,Marco Di Bello,/en/matches/b36d3fe6/Genoa-Cagliari-January-24-2021-Serie-A,,ITA-SERIA_A,20-21
19,Sun,2021-01-24,18:00,Lazio,1.9,2–1,0.6,Sassuolo,,Stadio Olimpico,Antonio Giua,/en/matches/63557942/Lazio-Sassuolo-January-24-2021-Serie-A,,ITA-SERIA_A,20-21
19,Sun,2021-01-24,20:45,Parma,0.4,0–2,1.7,Sampdoria,,Stadio Ennio Tardini,Gianluca Manganiello,/en/matches/08f034fc/Parma-Sampdoria-January-24-2021-Serie-A,,ITA-SERIA_A,20-21
20,Fri,2021-01-29,20:45,Torino,2.2,1–1,1.4,Fiorentina,,Stadio Olimpico di Torino,Marco Di Bello,/en/matches/8fcafae1/Torino-Fiorentina-January-29-2021-Serie-A,,ITA-SERIA_A,20-21
20,Sat,2021-01-30,15:00,Bologna,1.6,1–2,2.5,Milan,,Stadio Renato Dall'Ara,Daniele Doveri,/en/matches/d5a77034/Bologna-Milan-January-30-2021-Serie-A,,ITA-SERIA_A,20-21
20,Sat,2021-01-30,18:00,Sampdoria,0.5,0–2,1.5,Juventus,,Stadio Comunale Luigi Ferraris,Michael Fabbri,/en/matches/d934636d/Sampdoria-Juventus-January-30-2021-Serie-A,,ITA-SERIA_A,20-21
20,Sat,2021-01-30,20:45,Inter,1.4,4–0,0.0,Benevento,,Stadio Giuseppe Meazza,Fabrizio Pasqua,/en/matches/f68d48b6/Internazionale-Benevento-January-30-2021-Serie-A,,ITA-SERIA_A,20-21
20,Sun,2021-01-31,12:30,Spezia,0.8,0–1,1.1,Udinese,,Stadio Dino Manuzzi,Antonio Di Martino,/en/matches/396901a3/Spezia-Udinese-January-31-2021-Serie-A,,ITA-SERIA_A,20-21
20,Sun,2021-01-31,15:00,Cagliari,0.8,1–1,1.9,Sassuolo,,Sardegna Arena,Maurizio Mariani,/en/matches/1fca8ac2/Cagliari-Sassuolo-January-31-2021-Serie-A,,ITA-SERIA_A,20-21
20,Sun,2021-01-31,15:00,Atalanta,1.2,1–3,1.9,Lazio,,Stadio Atleti Azzurri d'Italia,Daniele Chiffi,/en/matches/28af631e/Atalanta-Lazio-January-31-2021-Serie-A,,ITA-SERIA_A,20-21
20,Sun,2021-01-31,15:00,Crotone,0.6,0–3,1.3,Genoa,,Stadio Ezio Scida,Piero Giacomelli,/en/matches/70b79e1d/Crotone-Genoa-January-31-2021-Serie-A,,ITA-SERIA_A,20-21
20,Sun,2021-01-31,18:00,Napoli,1.0,2–0,0.3,Parma,,Stadio Diego Armando Maradona,Federico La Penna,/en/matches/2c868a79/Napoli-Parma-January-31-2021-Serie-A,,ITA-SERIA_A,20-21
20,Sun,2021-01-31,20:45,Roma,2.0,3–1,0.7,Hellas Verona,,Stadio Olimpico,Marco Piccinini,/en/matches/60801f11/Roma-Hellas-Verona-January-31-2021-Serie-A,,ITA-SERIA_A,20-21
21,Fri,2021-02-05,20:45,Fiorentina,0.6,0–2,2.2,Inter,,Stadio Artemio Franchi,Federico La Penna,/en/matches/54e27908/Fiorentina-Internazionale-February-5-2021-Serie-A,,ITA-SERIA_A,20-21
21,Sat,2021-02-06,15:00,Atalanta,1.8,3–3,2.8,Torino,,Stadio Atleti Azzurri d'Italia,Francesco Fourneau,/en/matches/3eb9b409/Atalanta-Torino-February-6-2021-Serie-A,,ITA-SERIA_A,20-21
21,Sat,2021-02-06,15:00,Sassuolo,0.8,1–2,1.9,Spezia,,Mapei Stadium - Città del Tricolore,Juan Sacchi,/en/matches/8e965bce/Sassuolo-Spezia-February-6-2021-Serie-A,,ITA-SERIA_A,20-21
21,Sat,2021-02-06,18:00,Juventus,0.2,2–0,1.0,Roma,,Allianz Stadium,Daniele Orsato,/en/matches/a35c9150/Juventus-Roma-February-6-2021-Serie-A,,ITA-SERIA_A,20-21
21,Sat,2021-02-06,20:45,Genoa,1.0,2–1,2.0,Napoli,,Stadio Comunale Luigi Ferraris,Gianluca Manganiello,/en/matches/9d98d56a/Genoa-Napoli-February-6-2021-Serie-A,,ITA-SERIA_A,20-21
21,Sun,2021-02-07,12:30,Benevento,1.0,1–1,1.7,Sampdoria,,Stadio Ciro Vigorito,Gianluca Aureliano,/en/matches/853c68d3/Benevento-Sampdoria-February-7-2021-Serie-A,,ITA-SERIA_A,20-21
21,Sun,2021-02-07,15:00,Milan,2.2,4–0,0.6,Crotone,,Stadio Giuseppe Meazza,Luca Pairetto,/en/matches/32d2f8ec/Milan-Crotone-February-7-2021-Serie-A,,ITA-SERIA_A,20-21
21,Sun,2021-02-07,15:00,Udinese,2.0,2–0,0.3,Hellas Verona,,Dacia Arena,Alberto Santoro,/en/matches/440aefd4/Udinese-Hellas-Verona-February-7-2021-Serie-A,,ITA-SERIA_A,20-21
21,Sun,2021-02-07,18:00,Parma,0.9,0–3,1.3,Bologna,,Stadio Ennio Tardini,Marco Guida,/en/matches/41af7da5/Parma-Bologna-February-7-2021-Serie-A,,ITA-SERIA_A,20-21
21,Sun,2021-02-07,20:45,Lazio,1.2,1–0,0.8,Cagliari,,Stadio Olimpico,Massimiliano Irrati,/en/matches/5a88c8e6/Lazio-Cagliari-February-7-2021-Serie-A,,ITA-SERIA_A,20-21
22,Fri,2021-02-12,20:45,Bologna,1.7,1–1,0.8,Benevento,,Stadio Renato Dall'Ara,Davide Ghersini,/en/matches/1480cba5/Bologna-Benevento-February-12-2021-Serie-A,,ITA-SERIA_A,20-21
22,Sat,2021-02-13,15:00,Torino,0.4,0–0,0.3,Genoa,,Stadio Olimpico di Torino,Fabrizio Pasqua,/en/matches/23417b4f/Torino-Genoa-February-13-2021-Serie-A,,ITA-SERIA_A,20-21
22,Sat,2021-02-13,18:00,Napoli,1.1,1–0,2.2,Juventus,,Stadio Diego Armando Maradona,Daniele Doveri,/en/matches/bcbcda2a/Napoli-Juventus-February-13-2021-Serie-A,,ITA-SERIA_A,20-21
22,Sat,2021-02-13,20:45,Spezia,1.5,2–0,0.5,Milan,,Stadio Dino Manuzzi,Daniele Chiffi,/en/matches/6a8f8283/Spezia-Milan-February-13-2021-Serie-A,,ITA-SERIA_A,20-21
22,Sun,2021-02-14,12:30,Roma,2.3,3–0,0.3,Udinese,,Stadio Olimpico,Piero Giacomelli,/en/matches/a4ae010f/Roma-Udinese-February-14-2021-Serie-A,,ITA-SERIA_A,20-21
22,Sun,2021-02-14,15:00,Sampdoria,1.1,2–1,1.3,Fiorentina,,Stadio Comunale Luigi Ferraris,Fabio Maresca,/en/matches/32b6852d/Sampdoria-Fiorentina-February-14-2021-Serie-A,,ITA-SERIA_A,20-21
22,Sun,2021-02-14,15:00,Cagliari,0.2,0–1,0.6,Atalanta,,Sardegna Arena,Marco Piccinini,/en/matches/ee2d76d2/Cagliari-Atalanta-February-14-2021-Serie-A,,ITA-SERIA_A,20-21
22,Sun,2021-02-14,18:00,Crotone,0.8,1–2,2.5,Sassuolo,,Stadio Ezio Scida,Ivan Pezzuto,/en/matches/7ad2759a/Crotone-Sassuolo-February-14-2021-Serie-A,,ITA-SERIA_A,20-21
22,Sun,2021-02-14,20:45,Inter,2.2,3–1,0.7,Lazio,,Stadio Giuseppe Meazza,Michael Fabbri,/en/matches/41e36d40/Internazionale-Lazio-February-14-2021-Serie-A,,ITA-SERIA_A,20-21
22,Mon,2021-02-15,20:45,Hellas Verona,1.2,2–1,1.5,Parma,,Stadio Marc'Antonio Bentegodi,Luca Massimi,/en/matches/56c143c0/Hellas-Verona-Parma-February-15-2021-Serie-A,,ITA-SERIA_A,20-21
23,Fri,2021-02-19,18:30,Fiorentina,2.0,3–0,1.0,Spezia,,Stadio Artemio Franchi,Giampaolo Calvarese,/en/matches/04a08854/Fiorentina-Spezia-February-19-2021-Serie-A,,ITA-SERIA_A,20-21
23,Fri,2021-02-19,20:45,Cagliari,1.0,0–1,1.1,Torino,,Sardegna Arena,Daniele Orsato,/en/matches/9cf96502/Cagliari-Torino-February-19-2021-Serie-A,,ITA-SERIA_A,20-21
23,Sat,2021-02-20,15:00,Lazio,1.4,1–0,1.3,Sampdoria,,Stadio Olimpico,Davide Massa,/en/matches/931a8279/Lazio-Sampdoria-February-20-2021-Serie-A,,ITA-SERIA_A,20-21
23,Sat,2021-02-20,18:00,Genoa,1.0,2–2,1.2,Hellas Verona,,Stadio Comunale Luigi Ferraris,Matteo Marchetti,/en/matches/03561585/Genoa-Hellas-Verona-February-20-2021-Serie-A,,ITA-SERIA_A,20-21
23,Sat,2021-02-20,20:45,Sassuolo,1.7,1–1,0.5,Bologna,,Mapei Stadium - Città del Tricolore,Federico La Penna,/en/matches/41043f0c/Sassuolo-Bologna-February-20-2021-Serie-A,,ITA-SERIA_A,20-21
23,Sun,2021-02-21,12:30,Parma,2.6,2–2,1.2,Udinese,,Stadio Ennio Tardini,Massimiliano Irrati,/en/matches/507ed629/Parma-Udinese-February-21-2021-Serie-A,,ITA-SERIA_A,20-21
23,Sun,2021-02-21,15:00,Milan,0.8,0–3,2.6,Inter,,Stadio Giuseppe Meazza,Daniele Doveri,/en/matches/46bba2c0/Derby-della-Madonnina-Milan-Internazionale-February-21-2021-Serie-A,,ITA-SERIA_A,20-21
23,Sun,2021-02-21,18:00,Atalanta,2.2,4–2,0.7,Napoli,,Stadio Atleti Azzurri d'Italia,Marco Di Bello,/en/matches/544ba273/Atalanta-Napoli-February-21-2021-Serie-A,,ITA-SERIA_A,20-21
23,Sun,2021-02-21,20:45,Benevento,0.3,0–0,0.6,Roma,,Stadio Ciro Vigorito,Luca Pairetto,/en/matches/5e0dc1b3/Benevento-Roma-February-21-2021-Serie-A,,ITA-SERIA_A,20-21
23,Mon,2021-02-22,20:45,Juventus,3.4,3–0,0.8,Crotone,,Allianz Stadium,Valerio Marini,/en/matches/75abc6dd/Juventus-Crotone-February-22-2021-Serie-A,,ITA-SERIA_A,20-21
24,Sat,2021-02-27,15:00,Spezia,1.6,2–2,1.1,Parma,,Stadio Dino Manuzzi,Daniele Orsato,/en/matches/142b1316/Spezia-Parma-February-27-2021-Serie-A,,ITA-SERIA_A,20-21
24,Sat,2021-02-27,18:00,Bologna,1.3,2–0,2.5,Lazio,,Stadio Renato Dall'Ara,Piero Giacomelli,/en/matches/140d5b2f/Bologna-Lazio-February-27-2021-Serie-A,,ITA-SERIA_A,20-21
24,Sat,2021-02-27,20:45,Hellas Verona,0.8,1–1,1.0,Juventus,,Stadio Marc'Antonio Bentegodi,Fabio Maresca,/en/matches/fc6cf212/Hellas-Verona-Juventus-February-27-2021-Serie-A,,ITA-SERIA_A,20-21
24,Sun,2021-02-28,12:30,Sampdoria,0.4,0–2,1.6,Atalanta,,Stadio Comunale Luigi Ferraris,Livio Marinelli,/en/matches/a66d936c/Sampdoria-Atalanta-February-28-2021-Serie-A,,ITA-SERIA_A,20-21
24,Sun,2021-02-28,15:00,Crotone,1.0,0–2,1.5,Cagliari,,Stadio Ezio Scida,Michael Fabbri,/en/matches/2cc69894/Crotone-Cagliari-February-28-2021-Serie-A,,ITA-SERIA_A,20-21
24,Sun,2021-02-28,15:00,Inter,2.7,3–0,0.1,Genoa,,Stadio Giuseppe Meazza,Daniele Chiffi,/en/matches/38ba7e12/Internazionale-Genoa-February-28-2021-Serie-A,,ITA-SERIA_A,20-21
24,Sun,2021-02-28,15:00,Udinese,0.7,1–0,0.4,Fiorentina,,Dacia Arena,Manuel Volpi,/en/matches/ea288496/Udinese-Fiorentina-February-28-2021-Serie-A,,ITA-SERIA_A,20-21
24,Sun,2021-02-28,18:00,Napoli,2.0,2–0,0.4,Benevento,,Stadio Diego Armando Maradona,Rosario Abisso,/en/matches/bd99d043/Napoli-Benevento-February-28-2021-Serie-A,,ITA-SERIA_A,20-21
24,Sun,2021-02-28,20:45,Roma,1.4,1–2,3.1,Milan,,Stadio Olimpico,Marco Guida,/en/matches/456108e4/Roma-Milan-February-28-2021-Serie-A,,ITA-SERIA_A,20-21
25,Tue,2021-03-02,20:45,Juventus,2.4,3–0,1.4,Spezia,,Allianz Stadium,Juan Sacchi,/en/matches/962a1ed5/Juventus-Spezia-March-2-2021-Serie-A,,ITA-SERIA_A,20-21
25,Wed,2021-03-03,18:30,Sassuolo,2.4,3–3,2.6,Napoli,,Mapei Stadium - Città del Tricolore,Valerio Marini,/en/matches/351e076d/Sassuolo-Napoli-March-3-2021-Serie-A,,ITA-SERIA_A,20-21
25,Wed,2021-03-03,20:45,Atalanta,3.0,5–1,0.7,Crotone,,Stadio Atleti Azzurri d'Italia,Simone Sozza,/en/matches/431a5a5f/Atalanta-Crotone-March-3-2021-Serie-A,,ITA-SERIA_A,20-21
25,Wed,2021-03-03,20:45,Benevento,0.3,0–3,1.4,Hellas Verona,,Stadio Ciro Vigorito,Giovanni Ayroldi,/en/matches/a82caaff/Benevento-Hellas-Verona-March-3-2021-Serie-A,,ITA-SERIA_A,20-21
25,Wed,2021-03-03,20:45,Genoa,0.2,1–1,0.5,Sampdoria,,Stadio Comunale Luigi Ferraris,Luca Pairetto,/en/matches/a8319b9b/Genoa-Sampdoria-March-3-2021-Serie-A,,ITA-SERIA_A,20-21
25,Wed,2021-03-03,20:45,Fiorentina,0.5,1–2,1.7,Roma,,Stadio Artemio Franchi,Giampaolo Calvarese,/en/matches/a956b338/Fiorentina-Roma-March-3-2021-Serie-A,,ITA-SERIA_A,20-21
25,Wed,2021-03-03,20:45,Milan,1.6,1–1,0.6,Udinese,,Stadio Giuseppe Meazza,Davide Massa,/en/matches/c3faaff0/Milan-Udinese-March-3-2021-Serie-A,,ITA-SERIA_A,20-21
25,Wed,2021-03-03,20:45,Cagliari,1.2,1–0,0.6,Bologna,,Sardegna Arena,Marco Di Bello,/en/matches/c8c9dbcd/Cagliari-Bologna-March-3-2021-Serie-A,,ITA-SERIA_A,20-21
25,Thu,2021-03-04,20:45,Parma,0.8,1–2,2.9,Inter,,Stadio Ennio Tardini,Fabrizio Pasqua,/en/matches/6f5d661c/Parma-Internazionale-March-4-2021-Serie-A,,ITA-SERIA_A,20-21
26,Sat,2021-03-06,15:00,Spezia,1.5,1–1,0.4,Benevento,,Stadio Dino Manuzzi,Francesco Fourneau,/en/matches/04a644e1/Spezia-Benevento-March-6-2021-Serie-A,,ITA-SERIA_A,20-21
26,Sat,2021-03-06,18:00,Udinese,1.7,2–0,0.9,Sassuolo,,Dacia Arena,Lorenzo Maggioni,/en/matches/d358078b/Udinese-Sassuolo-March-6-2021-Serie-A,,ITA-SERIA_A,20-21
26,Sat,2021-03-06,20:45,Juventus,1.5,3–1,1.0,Lazio,,Allianz Stadium,Davide Massa,/en/matches/10f3a5fa/Juventus-Lazio-March-6-2021-Serie-A,,ITA-SERIA_A,20-21
26,Sun,2021-03-07,12:30,Roma,1.0,1–0,0.2,Genoa,,Stadio Olimpico,Michael Fabbri,/en/matches/906b9ce4/Roma-Genoa-March-7-2021-Serie-A,,ITA-SERIA_A,20-21
26,Sun,2021-03-07,15:00,Fiorentina,1.1,3–3,2.7,Parma,,Stadio Artemio Franchi,Rosario Abisso,/en/matches/3caf9523/Fiorentina-Parma-March-7-2021-Serie-A,,ITA-SERIA_A,20-21
26,Sun,2021-03-07,15:00,Crotone,2.6,4–2,1.8,Torino,,Stadio Ezio Scida,Marco Guida,/en/matches/7b1a7e36/Crotone-Torino-March-7-2021-Serie-A,,ITA-SERIA_A,20-21
26,Sun,2021-03-07,15:00,Hellas Verona,0.9,0–2,0.7,Milan,,Stadio Marc'Antonio Bentegodi,Daniele Orsato,/en/matches/e521d168/Hellas-Verona-Milan-March-7-2021-Serie-A,,ITA-SERIA_A,20-21
26,Sun,2021-03-07,18:00,Sampdoria,0.6,2–2,0.6,Cagliari,,Stadio Comunale Luigi Ferraris,Piero Giacomelli,/en/matches/67a2edc6/Sampdoria-Cagliari-March-7-2021-Serie-A,,ITA-SERIA_A,20-21
26,Sun,2021-03-07,20:45,Napoli,1.0,3–1,0.7,Bologna,,Stadio Diego Armando Maradona,Daniele Chiffi,/en/matches/c4ab7ddf/Napoli-Bologna-March-7-2021-Serie-A,,ITA-SERIA_A,20-21
26,Mon,2021-03-08,20:45,Inter,0.2,1–0,0.9,Atalanta,,Stadio Giuseppe Meazza,Maurizio Mariani,/en/matches/69a9970e/Internazionale-Atalanta-March-8-2021-Serie-A,,ITA-SERIA_A,20-21
27,Fri,2021-03-12,15:00,Lazio,2.6,3–2,1.3,Crotone,,Stadio Olimpico,Antonio Rapuano,/en/matches/c5e9737f/Lazio-Crotone-March-12-2021-Serie-A,,ITA-SERIA_A,20-21
27,Fri,2021-03-12,20:45,Atalanta,1.6,3–1,1.4,Spezia,,Stadio Atleti Azzurri d'Italia,Valerio Marini,/en/matches/e1e63737/Atalanta-Spezia-March-12-2021-Serie-A,,ITA-SERIA_A,20-21
27,Sat,2021-03-13,15:00,Sassuolo,1.6,3–2,1.2,Hellas Verona,,Mapei Stadium - Città del Tricolore,Alessandro Prontera,/en/matches/1e46b9b1/Sassuolo-Hellas-Verona-March-13-2021-Serie-A,,ITA-SERIA_A,20-21
27,Sat,2021-03-13,18:00,Benevento,1.9,1–4,1.9,Fiorentina,,Stadio Ciro Vigorito,Piero Giacomelli,/en/matches/f8a1df03/Benevento-Fiorentina-March-13-2021-Serie-A,,ITA-SERIA_A,20-21
27,Sat,2021-03-13,20:45,Genoa,1.5,1–1,1.8,Udinese,,Stadio Comunale Luigi Ferraris,Giacomo Camplone,/en/matches/e002d4e8/Genoa-Udinese-March-13-2021-Serie-A,,ITA-SERIA_A,20-21
27,Sun,2021-03-14,12:30,Bologna,1.9,3–1,1.6,Sampdoria,,Stadio Renato Dall'Ara,Massimiliano Irrati,/en/matches/e9f38abe/Bologna-Sampdoria-March-14-2021-Serie-A,,ITA-SERIA_A,20-21
27,Sun,2021-03-14,15:00,Torino,0.9,1–2,2.5,Inter,,Stadio Olimpico di Torino,Paolo Valeri,/en/matches/6e12ea76/Torino-Internazionale-March-14-2021-Serie-A,,ITA-SERIA_A,20-21
27,Sun,2021-03-14,15:00,Parma,2.0,2–0,1.7,Roma,,Stadio Ennio Tardini,Marco Piccinini,/en/matches/e05a120e/Parma-Roma-March-14-2021-Serie-A,,ITA-SERIA_A,20-21
27,Sun,2021-03-14,18:00,Cagliari,0.9,1–3,2.0,Juventus,,Sardegna Arena,Giampaolo Calvarese,/en/matches/194fd887/Cagliari-Juventus-March-14-2021-Serie-A,,ITA-SERIA_A,20-21
27,Sun,2021-03-14,20:45,Milan,1.0,0–1,1.1,Napoli,,Stadio Giuseppe Meazza,Fabrizio Pasqua,/en/matches/5b0eaf99/Milan-Napoli-March-14-2021-Serie-A,,ITA-SERIA_A,20-21
24,Wed,2021-03-17,15:00,Torino,2.7,3–2,1.5,Sassuolo,,Stadio Olimpico di Torino,Maurizio Mariani,/en/matches/29a9edb0/Torino-Sassuolo-March-17-2021-Serie-A,,ITA-SERIA_A,20-21
28,Fri,2021-03-19,20:45,Parma,2.3,1–2,1.2,Genoa,,Stadio Ennio Tardini,Daniele Doveri,/en/matches/d6a89f1a/Parma-Genoa-March-19-2021-Serie-A,,ITA-SERIA_A,20-21
28,Sat,2021-03-20,15:00,Crotone,1.9,2–3,3.1,Bologna,,Stadio Ezio Scida,Francesco Fourneau,/en/matches/d9940b97/Crotone-Bologna-March-20-2021-Serie-A,,ITA-SERIA_A,20-21
28,Sat,2021-03-20,18:00,Spezia,0.9,2–1,2.7,Cagliari,,Stadio Dino Manuzzi,Maurizio Mariani,/en/matches/fd31055b/Spezia-Cagliari-March-20-2021-Serie-A,,ITA-SERIA_A,20-21
28,Sun,2021-03-21,12:30,Hellas Verona,0.5,0–2,2.0,Atalanta,,Stadio Marc'Antonio Bentegodi,Luca Pairetto,/en/matches/89228264/Hellas-Verona-Atalanta-March-21-2021-Serie-A,,ITA-SERIA_A,20-21
28,Sun,2021-03-21,15:00,Juventus,2.1,0–1,0.4,Benevento,,Allianz Stadium,Rosario Abisso,/en/matches/5220e231/Juventus-Benevento-March-21-2021-Serie-A,,ITA-SERIA_A,20-21
28,Sun,2021-03-21,15:00,Udinese,1.5,0–1,1.5,Lazio,,Dacia Arena,Fabio Maresca,/en/matches/8b57f864/Udinese-Lazio-March-21-2021-Serie-A,,ITA-SERIA_A,20-21
28,Sun,2021-03-21,15:00,Sampdoria,0.9,1–0,0.7,Torino,,Stadio Comunale Luigi Ferraris,Daniele Orsato,/en/matches/a25c580b/Sampdoria-Torino-March-21-2021-Serie-A,,ITA-SERIA_A,20-21
28,Sun,2021-03-21,18:00,Fiorentina,0.4,2–3,1.7,Milan,,Stadio Artemio Franchi,Marco Guida,/en/matches/07624790/Fiorentina-Milan-March-21-2021-Serie-A,,ITA-SERIA_A,20-21
28,Sun,2021-03-21,20:45,Roma,0.6,0–2,0.9,Napoli,,Stadio Olimpico,Marco Di Bello,/en/matches/dd3d3041/Derby-del-Sole-Roma-Napoli-March-21-2021-Serie-A,,ITA-SERIA_A,20-21
29,Sat,2021-04-03,12:30,Milan,1.2,1–1,0.8,Sampdoria,,Stadio Giuseppe Meazza,Marco Piccinini,/en/matches/b442d9c8/Milan-Sampdoria-April-3-2021-Serie-A,,ITA-SERIA_A,20-21
29,Sat,2021-04-03,15:00,Napoli,2.9,4–3,1.0,Crotone,,Stadio Diego Armando Maradona,Antonio Di Martino,/en/matches/5e7b3f36/Napoli-Crotone-April-3-2021-Serie-A,,ITA-SERIA_A,20-21
29,Sat,2021-04-03,15:00,Cagliari,2.3,0–2,1.2,Hellas Verona,,Sardegna Arena,Daniele Doveri,/en/matches/5f760f9f/Cagliari-Hellas-Verona-April-3-2021-Serie-A,,ITA-SERIA_A,20-21
29,Sat,2021-04-03,15:00,Atalanta,2.5,3–2,0.8,Udinese,,Stadio Atleti Azzurri d'Italia,Gianluca Manganiello,/en/matches/622f917c/Atalanta-Udinese-April-3-2021-Serie-A,,ITA-SERIA_A,20-21
29,Sat,2021-04-03,15:00,Sassuolo,2.9,2–2,1.6,Roma,,Mapei Stadium - Città del Tricolore,Luca Pairetto,/en/matches/66cfafa8/Sassuolo-Roma-April-3-2021-Serie-A,,ITA-SERIA_A,20-21
29,Sat,2021-04-03,15:00,Genoa,1.1,1–1,0.9,Fiorentina,,Stadio Comunale Luigi Ferraris,Fabio Maresca,/en/matches/b0dede3e/Genoa-Fiorentina-April-3-2021-Serie-A,,ITA-SERIA_A,20-21
29,Sat,2021-04-03,15:00,Lazio,2.2,2–1,0.8,Spezia,,Stadio Olimpico,Antonio Giua,/en/matches/c5ac8b28/Lazio-Spezia-April-3-2021-Serie-A,,ITA-SERIA_A,20-21
29,Sat,2021-04-03,15:00,Benevento,1.2,2–2,1.3,Parma,,Stadio Ciro Vigorito,Davide Massa,/en/matches/e6c8d095/Benevento-Parma-April-3-2021-Serie-A,,ITA-SERIA_A,20-21
29,Sat,2021-04-03,18:00,Torino,1.4,2–2,3.2,Juventus,,Stadio Olimpico di Torino,Michael Fabbri,/en/matches/6b976e12/Torino-Juventus-April-3-2021-Serie-A,,ITA-SERIA_A,20-21
29,Sat,2021-04-03,20:45,Bologna,1.1,0–1,1.9,Inter,,Stadio Renato Dall'Ara,Piero Giacomelli,/en/matches/36ce86ac/Bologna-Internazionale-April-3-2021-Serie-A,,ITA-SERIA_A,20-21
3,Wed,2021-04-07,18:45,Juventus,1.5,2–1,1.7,Napoli,,Allianz Stadium,Maurizio Mariani,/en/matches/07109d8f/Juventus-Napoli-April-7-2021-Serie-A,,ITA-SERIA_A,20-21
28,Wed,2021-04-07,18:45,Inter,1.1,2–1,0.7,Sassuolo,,Stadio Giuseppe Meazza,Massimiliano Irrati,/en/matches/c697420f/Internazionale-Sassuolo-April-7-2021-Serie-A,,ITA-SERIA_A,20-21
30,Sat,2021-04-10,15:00,Spezia,1.2,3–2,1.6,Crotone,,Stadio Dino Manuzzi,Simone Sozza,/en/matches/69ea8c1b/Spezia-Crotone-April-10-2021-Serie-A,,ITA-SERIA_A,20-21
30,Sat,2021-04-10,18:00,Parma,1.8,1–3,1.0,Milan,,Stadio Ennio Tardini,Fabio Maresca,/en/matches/d524d212/Parma-Milan-April-10-2021-Serie-A,,ITA-SERIA_A,20-21
30,Sat,2021-04-10,20:45,Udinese,1.1,0–1,1.5,Torino,,Dacia Arena,Daniele Doveri,/en/matches/35941dd3/Udinese-Torino-April-10-2021-Serie-A,,ITA-SERIA_A,20-21
30,Sun,2021-04-11,12:30,Inter,1.2,1–0,0.3,Cagliari,,Stadio Giuseppe Meazza,Luca Pairetto,/en/matches/c50a199d/Internazionale-Cagliari-April-11-2021-Serie-A,,ITA-SERIA_A,20-21
30,Sun,2021-04-11,15:00,Sampdoria,1.0,0–2,1.7,Napoli,,Stadio Comunale Luigi Ferraris,Paolo Valeri,/en/matches/0e507824/Sampdoria-Napoli-April-11-2021-Serie-A,,ITA-SERIA_A,20-21
30,Sun,2021-04-11,15:00,Hellas Verona,0.3,0–1,0.6,Lazio,,Stadio Marc'Antonio Bentegodi,Daniele Chiffi,/en/matches/7230fd32/Hellas-Verona-Lazio-April-11-2021-Serie-A,,ITA-SERIA_A,20-21
30,Sun,2021-04-11,15:00,Juventus,2.7,3–1,0.9,Genoa,,Allianz Stadium,Marco Di Bello,/en/matches/73a99fba/Juventus-Genoa-April-11-2021-Serie-A,,ITA-SERIA_A,20-21
30,Sun,2021-04-11,18:00,Roma,0.8,1–0,1.4,Bologna,,Stadio Olimpico,Marco Guida,/en/matches/cd82b9fa/Roma-Bologna-April-11-2021-Serie-A,,ITA-SERIA_A,20-21
30,Sun,2021-04-11,20:45,Fiorentina,1.4,2–3,3.0,Atalanta,,Stadio Artemio Franchi,Juan Sacchi,/en/matches/a3bcdb71/Fiorentina-Atalanta-April-11-2021-Serie-A,,ITA-SERIA_A,20-21
30,Mon,2021-04-12,20:45,Benevento,0.5,0–1,1.1,Sassuolo,,Stadio Ciro Vigorito,Valerio Marini,/en/matches/39d2406b/Benevento-Sassuolo-April-12-2021-Serie-A,,ITA-SERIA_A,20-21
31,Sat,2021-04-17,15:00,Sampdoria,1.8,3–1,1.6,Hellas Verona,,Stadio Comunale Luigi Ferraris,Federico Dionisi,/en/matches/074cc08b/Sampdoria-Hellas-Verona-April-17-2021-Serie-A,,ITA-SERIA_A,20-21
31,Sat,2021-04-17,15:00,Crotone,1.5,1–2,0.7,Udinese,,Stadio Ezio Scida,Luca Massimi,/en/matches/bf71bd8a/Crotone-Udinese-April-17-2021-Serie-A,,ITA-SERIA_A,20-21
31,Sat,2021-04-17,18:00,Sassuolo,2.2,3–1,0.8,Fiorentina,,Mapei Stadium - Città del Tricolore,Gianluca Aureliano,/en/matches/dec7a70c/Sassuolo-Fiorentina-April-17-2021-Serie-A,,ITA-SERIA_A,20-21
31,Sat,2021-04-17,20:45,Cagliari,2.1,4–3,1.4,Parma,,Sardegna Arena,Paolo Valeri,/en/matches/a6e56289/Cagliari-Parma-April-17-2021-Serie-A,,ITA-SERIA_A,20-21
31,Sun,2021-04-18,12:30,Milan,1.3,2–1,1.0,Genoa,,Stadio Giuseppe Meazza,Giampaolo Calvarese,/en/matches/ab91fa34/Milan-Genoa-April-18-2021-Serie-A,,ITA-SERIA_A,20-21
31,Sun,2021-04-18,15:00,Atalanta,0.9,1–0,0.8,Juventus,,Stadio Atleti Azzurri d'Italia,Daniele Orsato,/en/matches/1d15b3c8/Atalanta-Juventus-April-18-2021-Serie-A,,ITA-SERIA_A,20-21
31,Sun,2021-04-18,15:00,Bologna,2.6,4–1,0.7,Spezia,,Stadio Renato Dall'Ara,Marco Piccinini,/en/matches/3868521e/Bologna-Spezia-April-18-2021-Serie-A,,ITA-SERIA_A,20-21
31,Sun,2021-04-18,15:00,Lazio,3.3,5–3,1.7,Benevento,,Stadio Olimpico,Davide Ghersini,/en/matches/776cb976/Lazio-Benevento-April-18-2021-Serie-A,,ITA-SERIA_A,20-21
31,Sun,2021-04-18,18:00,Torino,3.4,3–1,1.4,Roma,,Stadio Olimpico di Torino,Davide Massa,/en/matches/d2f68b73/Torino-Roma-April-18-2021-Serie-A,,ITA-SERIA_A,20-21
31,Sun,2021-04-18,20:45,Napoli,0.7,1–1,0.9,Inter,,Stadio Diego Armando Maradona,Daniele Doveri,/en/matches/3cb0281b/Napoli-Internazionale-April-18-2021-Serie-A,,ITA-SERIA_A,20-21
32,Tue,2021-04-20,20:45,Hellas Verona,1.9,1–2,1.3,Fiorentina,,Stadio Marc'Antonio Bentegodi,Alessandro Prontera,/en/matches/8af95a26/Hellas-Verona-Fiorentina-April-20-2021-Serie-A,,ITA-SERIA_A,20-21
32,Wed,2021-04-21,18:30,Milan,1.1,1–2,1.9,Sassuolo,,Stadio Giuseppe Meazza,Juan Sacchi,/en/matches/24bbd9bb/Milan-Sassuolo-April-21-2021-Serie-A,,ITA-SERIA_A,20-21
32,Wed,2021-04-21,20:45,Bologna,0.3,1–1,2.0,Torino,,Stadio Renato Dall'Ara,Valerio Marini,/en/matches/0332b891/Bologna-Torino-April-21-2021-Serie-A,,ITA-SERIA_A,20-21
32,Wed,2021-04-21,20:45,Crotone,0.8,0–1,1.9,Sampdoria,,Stadio Ezio Scida,Daniele Paterna,/en/matches/274dac9a/Crotone-Sampdoria-April-21-2021-Serie-A,,ITA-SERIA_A,20-21
32,Wed,2021-04-21,20:45,Genoa,1.3,2–2,1.1,Benevento,,Stadio Comunale Luigi Ferraris,Luca Pairetto,/en/matches/6d56961f/Genoa-Benevento-April-21-2021-Serie-A,,ITA-SERIA_A,20-21
32,Wed,2021-04-21,20:45,Spezia,0.0,1–1,3.1,Inter,,Stadio Dino Manuzzi,Daniele Chiffi,/en/matches/b146d7f8/Spezia-Internazionale-April-21-2021-Serie-A,,ITA-SERIA_A,20-21
32,Wed,2021-04-21,20:45,Udinese,0.8,0–1,1.9,Cagliari,,Dacia Arena,Marco Guida,/en/matches/daf10d8f/Udinese-Cagliari-April-21-2021-Serie-A,,ITA-SERIA_A,20-21
32,Wed,2021-04-21,20:45,Juventus,1.9,3–1,1.0,Parma,,Allianz Stadium,Piero Giacomelli,/en/matches/f27d2f16/Juventus-Parma-April-21-2021-Serie-A,,ITA-SERIA_A,20-21
32,Thu,2021-04-22,18:30,Roma,1.2,1–1,2.1,Atalanta,,Stadio Olimpico,Giampaolo Calvarese,/en/matches/f57c8510/Roma-Atalanta-April-22-2021-Serie-A,,ITA-SERIA_A,20-21
32,Thu,2021-04-22,20:45,Napoli,1.5,5–2,1.9,Lazio,,Stadio Diego Armando Maradona,Marco Di Bello,/en/matches/754b4ecd/Napoli-Lazio-April-22-2021-Serie-A,,ITA-SERIA_A,20-21
33,Sat,2021-04-24,15:00,Genoa,2.1,2–0,1.1,Spezia,,Stadio Comunale Luigi Ferraris,Gianluca Manganiello,/en/matches/a7c2b8b7/Genoa-Spezia-April-24-2021-Serie-A,,ITA-SERIA_A,20-21
33,Sat,2021-04-24,18:00,Parma,1.9,3–4,2.7,Crotone,,Stadio Ennio Tardini,Antonio Rapuano,/en/matches/03fe0915/Parma-Crotone-April-24-2021-Serie-A,,ITA-SERIA_A,20-21
33,Sat,2021-04-24,20:45,Sassuolo,1.6,1–0,1.1,Sampdoria,,Mapei Stadium - Città del Tricolore,Matteo Gariglio,/en/matches/6c97d0e1/Sassuolo-Sampdoria-April-24-2021-Serie-A,,ITA-SERIA_A,20-21
33,Sun,2021-04-25,12:30,Benevento,2.8,2–4,1.2,Udinese,,Stadio Ciro Vigorito,Maurizio Mariani,/en/matches/a67b34df/Benevento-Udinese-April-25-2021-Serie-A,,ITA-SERIA_A,20-21
33,Sun,2021-04-25,15:00,Inter,0.9,1–0,1.3,Hellas Verona,,Stadio Giuseppe Meazza,Rosario Abisso,/en/matches/584c1b77/Internazionale-Hellas-Verona-April-25-2021-Serie-A,,ITA-SERIA_A,20-21
33,Sun,2021-04-25,15:00,Fiorentina,1.3,1–1,1.2,Juventus,,Stadio Artemio Franchi,Davide Massa,/en/matches/75688c51/Fiorentina-Juventus-April-25-2021-Serie-A,,ITA-SERIA_A,20-21
33,Sun,2021-04-25,18:00,Cagliari,1.3,3–2,1.8,Roma,,Sardegna Arena,Massimiliano Irrati,/en/matches/71d115c5/Cagliari-Roma-April-25-2021-Serie-A,,ITA-SERIA_A,20-21
33,Sun,2021-04-25,20:45,Atalanta,3.6,5–0,1.3,Bologna,,Stadio Atleti Azzurri d'Italia,Michael Fabbri,/en/matches/33b047f3/Atalanta-Bologna-April-25-2021-Serie-A,,ITA-SERIA_A,20-21
33,Mon,2021-04-26,18:30,Torino,1.3,0–2,2.4,Napoli,,Stadio Olimpico di Torino,Paolo Valeri,/en/matches/ab8e85cc/Torino-Napoli-April-26-2021-Serie-A,,ITA-SERIA_A,20-21
33,Mon,2021-04-26,20:45,Lazio,1.6,3–0,1.8,Milan,,Stadio Olimpico,Daniele Orsato,/en/matches/f4eeb9e2/Lazio-Milan-April-26-2021-Serie-A,,ITA-SERIA_A,20-21
34,Sat,2021-05-01,15:00,Hellas Verona,1.7,1–1,1.2,Spezia,,Stadio Marc'Antonio Bentegodi,Manuel Volpi,/en/matches/bfd0dbc7/Hellas-Verona-Spezia-May-1-2021-Serie-A,,ITA-SERIA_A,20-21
34,Sat,2021-05-01,18:00,Crotone,0.8,0–2,2.4,Inter,,Stadio Ezio Scida,Alessandro Prontera,/en/matches/c5109aaf/Crotone-Internazionale-May-1-2021-Serie-A,,ITA-SERIA_A,20-21
34,Sat,2021-05-01,20:45,Milan,3.1,2–0,1.0,Benevento,,Stadio Giuseppe Meazza,Giampaolo Calvarese,/en/matches/fcac8b3f/Milan-Benevento-May-1-2021-Serie-A,,ITA-SERIA_A,20-21
34,Sun,2021-05-02,12:30,Lazio,2.5,4–3,1.1,Genoa,,Stadio Olimpico,Piero Giacomelli,/en/matches/c96763e8/Lazio-Genoa-May-2-2021-Serie-A,,ITA-SERIA_A,20-21
34,Sun,2021-05-02,15:00,Napoli,2.5,1–1,1.9,Cagliari,,Stadio Diego Armando Maradona,Michael Fabbri,/en/matches/3c83d756/Napoli-Cagliari-May-2-2021-Serie-A,,ITA-SERIA_A,20-21
34,Sun,2021-05-02,15:00,Bologna,2.2,3–3,2.0,Fiorentina,,Stadio Renato Dall'Ara,Federico Dionisi,/en/matches/8ecfe8f3/Derby-dellAppennino-Bologna-Fiorentina-May-2-2021-Serie-A,,ITA-SERIA_A,20-21
34,Sun,2021-05-02,15:00,Sassuolo,1.3,1–1,2.1,Atalanta,,Mapei Stadium - Città del Tricolore,Luca Pairetto,/en/matches/f4ecba60/Sassuolo-Atalanta-May-2-2021-Serie-A,,ITA-SERIA_A,20-21
34,Sun,2021-05-02,18:00,Udinese,0.4,1–2,2.0,Juventus,,Dacia Arena,Daniele Chiffi,/en/matches/674a4f75/Udinese-Juventus-May-2-2021-Serie-A,,ITA-SERIA_A,20-21
34,Sun,2021-05-02,20:45,Sampdoria,1.3,2–0,1.7,Roma,,Stadio Comunale Luigi Ferraris,Juan Sacchi,/en/matches/2205a4f9/Sampdoria-Roma-May-2-2021-Serie-A,,ITA-SERIA_A,20-21
34,Mon,2021-05-03,20:45,Torino,1.6,1–0,0.5,Parma,,Stadio Olimpico di Torino,Gianluca Aureliano,/en/matches/6c10dfd1/Torino-Parma-May-3-2021-Serie-A,,ITA-SERIA_A,20-21
35,Sat,2021-05-08,15:00,Udinese,0.4,1–1,2.4,Bologna,,Dacia Arena,Alberto Santoro,/en/matches/d3941f3c/Udinese-Bologna-May-8-2021-Serie-A,,ITA-SERIA_A,20-21
35,Sat,2021-05-08,15:00,Spezia,1.4,1–4,1.9,Napoli,,Stadio Dino Manuzzi,Massimiliano Irrati,/en/matches/d5d0d3e2/Spezia-Napoli-May-8-2021-Serie-A,,ITA-SERIA_A,20-21
35,Sat,2021-05-08,18:00,Inter,1.9,5–1,1.5,Sampdoria,,Stadio Giuseppe Meazza,Giovanni Ayroldi,/en/matches/03d222bf/Internazionale-Sampdoria-May-8-2021-Serie-A,,ITA-SERIA_A,20-21
35,Sat,2021-05-08,20:45,Fiorentina,1.5,2–0,1.2,Lazio,,Stadio Artemio Franchi,Fabio Maresca,/en/matches/9d555da5/Fiorentina-Lazio-May-8-2021-Serie-A,,ITA-SERIA_A,20-21
35,Sun,2021-05-09,12:30,Genoa,0.8,1–2,1.6,Sassuolo,,Stadio Comunale Luigi Ferraris,Maurizio Mariani,/en/matches/42ece542/Genoa-Sassuolo-May-9-2021-Serie-A,,ITA-SERIA_A,20-21
35,Sun,2021-05-09,15:00,Hellas Verona,2.1,1–1,0.7,Torino,,Stadio Marc'Antonio Bentegodi,Davide Massa,/en/matches/228a8ec0/Hellas-Verona-Torino-May-9-2021-Serie-A,,ITA-SERIA_A,20-21
35,Sun,2021-05-09,15:00,Parma,0.9,2–5,3.3,Atalanta,,Stadio Ennio Tardini,Antonio Giua,/en/matches/363c8411/Parma-Atalanta-May-9-2021-Serie-A,,ITA-SERIA_A,20-21
35,Sun,2021-05-09,15:00,Benevento,0.9,1–3,1.6,Cagliari,,Stadio Ciro Vigorito,Daniele Doveri,/en/matches/d95da5d0/Benevento-Cagliari-May-9-2021-Serie-A,,ITA-SERIA_A,20-21
35,Sun,2021-05-09,18:00,Roma,1.6,5–0,0.4,Crotone,,Stadio Olimpico,Simone Sozza,/en/matches/4d002860/Roma-Crotone-May-9-2021-Serie-A,,ITA-SERIA_A,20-21
35,Sun,2021-05-09,20:45,Juventus,0.9,0–3,1.1,Milan,,Allianz Stadium,Paolo Valeri,/en/matches/923a5d9c/Juventus-Milan-May-9-2021-Serie-A,,ITA-SERIA_A,20-21
36,Tue,2021-05-11,20:45,Napoli,2.7,5–1,0.2,Udinese,,Stadio Diego Armando Maradona,Giampaolo Calvarese,/en/matches/e138b3d4/Napoli-Udinese-May-11-2021-Serie-A,,ITA-SERIA_A,20-21
36,Wed,2021-05-12,18:30,Cagliari,0.5,0–0,0.1,Fiorentina,,Sardegna Arena,Maurizio Mariani,/en/matches/cab29e98/Cagliari-Fiorentina-May-12-2021-Serie-A,,ITA-SERIA_A,20-21
36,Wed,2021-05-12,20:45,Atalanta,1.6,2–0,0.2,Benevento,,Stadio Atleti Azzurri d'Italia,Davide Massa,/en/matches/030a58e3/Atalanta-Benevento-May-12-2021-Serie-A,,ITA-SERIA_A,20-21
36,Wed,2021-05-12,20:45,Sampdoria,1.5,2–2,2.6,Spezia,,Stadio Comunale Luigi Ferraris,Fabio Maresca,/en/matches/0d1eeeb7/Sampdoria-Spezia-May-12-2021-Serie-A,,ITA-SERIA_A,20-21
36,Wed,2021-05-12,20:45,Inter,1.7,3–1,0.9,Roma,,Stadio Giuseppe Meazza,Daniele Chiffi,/en/matches/0e1a60ab/Internazionale-Roma-May-12-2021-Serie-A,,ITA-SERIA_A,20-21
36,Wed,2021-05-12,20:45,Sassuolo,2.1,1–3,1.3,Juventus,,Mapei Stadium - Città del Tricolore,Piero Giacomelli,/en/matches/1c41e914/Sassuolo-Juventus-May-12-2021-Serie-A,,ITA-SERIA_A,20-21
36,Wed,2021-05-12,20:45,Torino,0.9,0–7,3.7,Milan,,Stadio Olimpico di Torino,Marco Guida,/en/matches/5e3779b5/Torino-Milan-May-12-2021-Serie-A,,ITA-SERIA_A,20-21
36,Wed,2021-05-12,20:45,Bologna,2.7,0–2,1.4,Genoa,,Stadio Renato Dall'Ara,Francesco Fourneau,/en/matches/a70859d6/Bologna-Genoa-May-12-2021-Serie-A,,ITA-SERIA_A,20-21
36,Wed,2021-05-12,20:45,Lazio,1.5,1–0,0.7,Parma,,Stadio Olimpico,Federico Dionisi,/en/matches/d0d89fa8/Lazio-Parma-May-12-2021-Serie-A,,ITA-SERIA_A,20-21
36,Thu,2021-05-13,20:45,Crotone,0.4,2–1,0.9,Hellas Verona,,Stadio Ezio Scida,Luca Massimi,/en/matches/873ae989/Crotone-Hellas-Verona-May-13-2021-Serie-A,,ITA-SERIA_A,20-21
37,Sat,2021-05-15,15:00,Spezia,2.3,4–1,1.0,Torino,,Stadio Dino Manuzzi,Daniele Orsato,/en/matches/76a3787a/Spezia-Torino-May-15-2021-Serie-A,,ITA-SERIA_A,20-21
37,Sat,2021-05-15,15:00,Genoa,1.8,3–4,2.1,Atalanta,,Stadio Comunale Luigi Ferraris,Livio Marinelli,/en/matches/ac8da305/Genoa-Atalanta-May-15-2021-Serie-A,,ITA-SERIA_A,20-21
37,Sat,2021-05-15,18:00,Juventus,2.8,3–2,1.4,Inter,,Allianz Stadium,Giampaolo Calvarese,/en/matches/dd907cde/Derby-dItalia-Juventus-Internazionale-May-15-2021-Serie-A,,ITA-SERIA_A,20-21
37,Sat,2021-05-15,20:45,Roma,1.1,2–0,0.8,Lazio,,Stadio Olimpico,Luca Pairetto,/en/matches/4af9058b/Roma-Lazio-May-15-2021-Serie-A,,ITA-SERIA_A,20-21
37,Sun,2021-05-16,12:30,Fiorentina,0.5,0–2,1.9,Napoli,,Stadio Artemio Franchi,Rosario Abisso,/en/matches/f86ee343/Fiorentina-Napoli-May-16-2021-Serie-A,,ITA-SERIA_A,20-21
37,Sun,2021-05-16,15:00,Benevento,1.6,1–1,1.3,Crotone,,Stadio Ciro Vigorito,Piero Giacomelli,/en/matches/4c7bbd5a/Benevento-Crotone-May-16-2021-Serie-A,,ITA-SERIA_A,20-21
37,Sun,2021-05-16,15:00,Udinese,0.4,0–1,1.5,Sampdoria,,Dacia Arena,Matteo Gariglio,/en/matches/d49635a8/Udinese-Sampdoria-May-16-2021-Serie-A,,ITA-SERIA_A,20-21
37,Sun,2021-05-16,18:00,Parma,1.0,1–3,2.0,Sassuolo,,Stadio Ennio Tardini,Marco Piccinini,/en/matches/bf0d6bef/Parma-Sassuolo-May-16-2021-Serie-A,,ITA-SERIA_A,20-21
37,Sun,2021-05-16,20:45,Milan,1.4,0–0,0.5,Cagliari,,Stadio Giuseppe Meazza,Davide Massa,/en/matches/8f871841/Milan-Cagliari-May-16-2021-Serie-A,,ITA-SERIA_A,20-21
37,Mon,2021-05-17,20:45,Hellas Verona,1.3,2–2,2.3,Bologna,,Stadio Marc'Antonio Bentegodi,Matteo Marchetti,/en/matches/33b33786/Hellas-Verona-Bologna-May-17-2021-Serie-A,,ITA-SERIA_A,20-21
25,Tue,2021-05-18,20:30,Lazio,2.3,0–0,0.3,Torino,,Stadio Olimpico,Michael Fabbri,/en/matches/1634303e/Lazio-Torino-May-18-2021-Serie-A,,ITA-SERIA_A,20-21
38,Sat,2021-05-22,20:45,Cagliari,2.2,0–1,1.4,Genoa,,Sardegna Arena,Francesco Meraviglia,/en/matches/123c0a84/Cagliari-Genoa-May-22-2021-Serie-A,,ITA-SERIA_A,20-21
38,Sat,2021-05-22,20:45,Crotone,2.2,0–0,0.5,Fiorentina,,Stadio Ezio Scida,Eugenio Abbattista,/en/matches/b6d19eaa/Crotone-Fiorentina-May-22-2021-Serie-A,,ITA-SERIA_A,20-21
38,Sat,2021-05-22,20:45,Sampdoria,0.9,3–0,0.8,Parma,,Stadio Comunale Luigi Ferraris,Daniele Paterna,/en/matches/b78a19bf/Sampdoria-Parma-May-22-2021-Serie-A,,ITA-SERIA_A,20-21
38,Sun,2021-05-23,15:00,Inter,3.0,5–1,1.3,Udinese,1000,Stadio Giuseppe Meazza,Manuel Volpi,/en/matches/ba1cf5be/Internazionale-Udinese-May-23-2021-Serie-A,,ITA-SERIA_A,20-21
38,Sun,2021-05-23,20:45,Napoli,1.1,1–1,0.6,Hellas Verona,,Stadio Diego Armando Maradona,Daniele Chiffi,/en/matches/20b4611e/Napoli-Hellas-Verona-May-23-2021-Serie-A,,ITA-SERIA_A,20-21
38,Sun,2021-05-23,20:45,Torino,1.2,1–1,0.4,Benevento,,Stadio Olimpico di Torino,Marco Di Bello,/en/matches/55d41615/Torino-Benevento-May-23-2021-Serie-A,,ITA-SERIA_A,20-21
38,Sun,2021-05-23,20:45,Bologna,1.1,1–4,3.3,Juventus,,Stadio Renato Dall'Ara,Paolo Valeri,/en/matches/566b33ff/Bologna-Juventus-May-23-2021-Serie-A,,ITA-SERIA_A,20-21
38,Sun,2021-05-23,20:45,Spezia,2.4,2–2,2.4,Roma,,Stadio Dino Manuzzi,Ivan Pezzuto,/en/matches/aae48f2c/Spezia-Roma-May-23-2021-Serie-A,,ITA-SERIA_A,20-21
38,Sun,2021-05-23,20:45,Atalanta,0.7,0–2,2.1,Milan,,Stadio Atleti Azzurri d'Italia,Maurizio Mariani,/en/matches/b5678aec/Atalanta-Milan-May-23-2021-Serie-A,,ITA-SERIA_A,20-21
38,Sun,2021-05-23,20:45,Sassuolo,1.8,2–0,1.1,Lazio,,Mapei Stadium - Città del Tricolore,Alessandro Prontera,/en/matches/ba16ed7b/Sassuolo-Lazio-May-23-2021-Serie-A,,ITA-SERIA_A,20-21
