Round,Wk,Day,Date,Time,Home,xG,Score,xG.1,Away,Attendance,Venue,Referee,Match Report,Notes,league,season
Serie A,1,Sat,2022-08-13,18:30,Sampdoria,1.0,0–2,2.2,Atalanta,20047,Stadio Comunale Luigi Ferraris,Federico Dionisi,/en/matches/185d9e37/Sampdoria-Atalanta-August-13-2022-Serie-A,,ITA-SERIA_A,22-23
Serie A,1,Sat,2022-08-13,18:30,Milan,2.3,4–2,0.5,Udinese,70197,Stadio Giuseppe Meazza,Livio Marinelli,/en/matches/bb758ef8/Milan-Udinese-August-13-2022-Serie-A,,ITA-SERIA_A,22-23
Serie A,1,Sat,2022-08-13,20:45,Monza,1.4,1–2,2.1,Torino,10739,U-Power Stadium,Maurizio Mariani,/en/matches/5f0a8b10/Monza-Torino-August-13-2022-Serie-A,,ITA-SERIA_A,22-23
Serie A,1,Sat,2022-08-13,20:45,Lecce,0.7,1–2,2.1,Inter,25353,Stadio Comunale Via Del Mare,Alessandro Prontera,/en/matches/6b610c5c/Lecce-Internazionale-August-13-2022-Serie-A,,ITA-SERIA_A,22-23
Serie A,1,Sun,2022-08-14,18:30,Fiorentina,2.0,3–2,1.3,Cremonese,34461,Stadio Artemio Franchi,Juan Sacchi,/en/matches/3ed8bdff/Fiorentina-Cremonese-August-14-2022-Serie-A,,ITA-SERIA_A,22-23
Serie A,1,Sun,2022-08-14,18:30,Lazio,0.7,2–1,1.5,Bologna,45000,Stadio Olimpico,Luca Massimi,/en/matches/c5003e68/Lazio-Bologna-August-14-2022-Serie-A,,ITA-SERIA_A,22-23
Serie A,1,Sun,2022-08-14,20:45,Spezia,0.5,1–0,0.7,Empoli,8360,Stadio Alberto Picco,Daniele Chiffi,/en/matches/26520b87/Spezia-Empoli-August-14-2022-Serie-A,,ITA-SERIA_A,22-23
Serie A,1,Sun,2022-08-14,20:45,Salernitana,0.6,0–1,2.4,Roma,26006,Stadio Arechi,Simone Sozza,/en/matches/ff9838f3/Salernitana-Roma-August-14-2022-Serie-A,,ITA-SERIA_A,22-23
Serie A,1,Mon,2022-08-15,18:30,Hellas Verona,1.1,2–5,2.4,Napoli,16967,Stadio Marc'Antonio Bentegodi,Michael Fabbri,/en/matches/3e0bda8d/Hellas-Verona-Napoli-August-15-2022-Serie-A,,ITA-SERIA_A,22-23
Serie A,1,Mon,2022-08-15,20:45,Juventus,2.0,3–0,0.9,Sassuolo,38725,Allianz Stadium,Antonio Rapuano,/en/matches/59f4c84f/Juventus-Sassuolo-August-15-2022-Serie-A,,ITA-SERIA_A,22-23
Serie A,2,Sat,2022-08-20,18:30,Torino,0.7,0–0,0.8,Lazio,16530,Stadio Olimpico di Torino,Marco Piccinini,/en/matches/a1ed12f1/Torino-Lazio-August-20-2022-Serie-A,,ITA-SERIA_A,22-23
Serie A,2,Sat,2022-08-20,18:30,Udinese,1.1,0–0,1.5,Salernitana,17054,Dacia Arena,Gianluca Aureliano,/en/matches/c0a89a83/Udinese-Salernitana-August-20-2022-Serie-A,,ITA-SERIA_A,22-23
Serie A,2,Sat,2022-08-20,20:45,Inter,2.1,3–0,0.5,Spezia,71212,Stadio Giuseppe Meazza,Davide Ghersini,/en/matches/33ff40ce/Internazionale-Spezia-August-20-2022-Serie-A,,ITA-SERIA_A,22-23
Serie A,2,Sat,2022-08-20,20:45,Sassuolo,0.6,1–0,0.5,Lecce,9219,Mapei Stadium - Città del Tricolore,Andrea Colombo,/en/matches/4dbb8f95/Sassuolo-Lecce-August-20-2022-Serie-A,,ITA-SERIA_A,22-23
Serie A,2,Sun,2022-08-21,18:30,Empoli,0.4,0–0,0.7,Fiorentina,10411,Stadio Carlo Castellani,Matteo Marchetti,/en/matches/39edb8e7/Empoli-Fiorentina-August-21-2022-Serie-A,,ITA-SERIA_A,22-23
Serie A,2,Sun,2022-08-21,18:30,Napoli,2.0,4–0,0.1,Monza,36559,Stadio Diego Armando Maradona,Francesco Fourneau,/en/matches/a61a4534/Napoli-Monza-August-21-2022-Serie-A,,ITA-SERIA_A,22-23
Serie A,2,Sun,2022-08-21,20:45,Bologna,0.8,1–1,1.9,Hellas Verona,17725,Stadio Renato Dall'Ara,Matteo Marcenaro,/en/matches/aa8df669/Bologna-Hellas-Verona-August-21-2022-Serie-A,,ITA-SERIA_A,22-23
Serie A,2,Sun,2022-08-21,20:45,Atalanta,0.5,1–1,1.3,Milan,19216,Gewiss Stadium,Fabio Maresca,/en/matches/dbd39404/Atalanta-Milan-August-21-2022-Serie-A,,ITA-SERIA_A,22-23
Serie A,2,Mon,2022-08-22,18:30,Roma,2.7,1–0,0.7,Cremonese,60859,Stadio Olimpico,Luca Massimi,/en/matches/836b2832/Roma-Cremonese-August-22-2022-Serie-A,,ITA-SERIA_A,22-23
Serie A,2,Mon,2022-08-22,20:45,Sampdoria,0.9,0–0,0.8,Juventus,27573,Stadio Comunale Luigi Ferraris,Rosario Abisso,/en/matches/3181dd80/Sampdoria-Juventus-August-22-2022-Serie-A,,ITA-SERIA_A,22-23
Serie A,3,Fri,2022-08-26,18:30,Monza,1.5,1–2,1.7,Udinese,9955,U-Power Stadium,Marco Di Bello,/en/matches/0210ca9e/Monza-Udinese-August-26-2022-Serie-A,,ITA-SERIA_A,22-23
Serie A,3,Fri,2022-08-26,20:45,Lazio,1.1,3–1,1.5,Inter,52500,Stadio Olimpico,Michael Fabbri,/en/matches/e5be6a0a/Lazio-Internazionale-August-26-2022-Serie-A,,ITA-SERIA_A,22-23
Serie A,3,Sat,2022-08-27,18:30,Juventus,0.6,1–1,1.3,Roma,41003,Allianz Stadium,Massimiliano Irrati,/en/matches/23a2abe6/Juventus-Roma-August-27-2022-Serie-A,,ITA-SERIA_A,22-23
Serie A,3,Sat,2022-08-27,18:30,Cremonese,0.8,1–2,1.7,Torino,11572,Stadio Giovanni Zini,Paolo Valeri,/en/matches/ff16ac21/Cremonese-Torino-August-27-2022-Serie-A,,ITA-SERIA_A,22-23
Serie A,3,Sat,2022-08-27,20:45,Milan,1.9,2–0,0.5,Bologna,70430,Stadio Giuseppe Meazza,Gianluca Manganiello,/en/matches/04907750/Milan-Bologna-August-27-2022-Serie-A,,ITA-SERIA_A,22-23
Serie A,3,Sat,2022-08-27,20:45,Spezia,1.2,2–2,2.8,Sassuolo,6500,Stadio Alberto Picco,Francesco Cosso,/en/matches/c4e3939b/Spezia-Sassuolo-August-27-2022-Serie-A,,ITA-SERIA_A,22-23
Serie A,3,Sun,2022-08-28,18:30,Salernitana,1.7,4–0,1.8,Sampdoria,19116,Stadio Arechi,Davide Massa,/en/matches/3aeb5a7a/Salernitana-Sampdoria-August-28-2022-Serie-A,,ITA-SERIA_A,22-23
Serie A,3,Sun,2022-08-28,18:30,Hellas Verona,0.5,0–1,0.8,Atalanta,16106,Stadio Marc'Antonio Bentegodi,Alessandro Prontera,/en/matches/c5d6e8c5/Hellas-Verona-Atalanta-August-28-2022-Serie-A,,ITA-SERIA_A,22-23
Serie A,3,Sun,2022-08-28,20:45,Lecce,0.9,1–1,0.4,Empoli,23941,Stadio Comunale Via Del Mare,Alberto Santoro,/en/matches/b39f604a/Lecce-Empoli-August-28-2022-Serie-A,,ITA-SERIA_A,22-23
Serie A,3,Sun,2022-08-28,20:45,Fiorentina,0.5,0–0,1.7,Napoli,32286,Stadio Artemio Franchi,Livio Marinelli,/en/matches/e2bb77f0/Fiorentina-Napoli-August-28-2022-Serie-A,,ITA-SERIA_A,22-23
Serie A,4,Tue,2022-08-30,18:30,Sassuolo,1.1,0–0,0.7,Milan,18053,Mapei Stadium - Città del Tricolore,Giovanni Ayroldi,/en/matches/0341a612/Sassuolo-Milan-August-30-2022-Serie-A,,ITA-SERIA_A,22-23
Serie A,4,Tue,2022-08-30,20:45,Inter,2.2,3–1,1.2,Cremonese,70750,Stadio Giuseppe Meazza,Francesco Fourneau,/en/matches/20916b65/Internazionale-Cremonese-August-30-2022-Serie-A,,ITA-SERIA_A,22-23
Serie A,4,Tue,2022-08-30,20:45,Roma,1.8,3–0,0.9,Monza,60669,Stadio Olimpico,Marco Piccinini,/en/matches/707c399a/Roma-Monza-August-30-2022-Serie-A,,ITA-SERIA_A,22-23
Serie A,4,Wed,2022-08-31,18:30,Sampdoria,0.8,1–1,1.5,Lazio,18499,Stadio Comunale Luigi Ferraris,Gianluca Aureliano,/en/matches/22235a4e/Sampdoria-Lazio-August-31-2022-Serie-A,,ITA-SERIA_A,22-23
Serie A,4,Wed,2022-08-31,18:30,Udinese,1.3,1–0,0.7,Fiorentina,19684,Dacia Arena,Maurizio Mariani,/en/matches/3b87ef37/Udinese-Fiorentina-August-31-2022-Serie-A,,ITA-SERIA_A,22-23
Serie A,4,Wed,2022-08-31,18:30,Empoli,1.1,1–1,0.6,Hellas Verona,7269,Stadio Carlo Castellani,Marco Serra,/en/matches/523392a5/Empoli-Hellas-Verona-August-31-2022-Serie-A,,ITA-SERIA_A,22-23
Serie A,4,Wed,2022-08-31,20:45,Juventus,0.9,2–0,0.2,Spezia,35709,Allianz Stadium,Andrea Colombo,/en/matches/467ad271/Juventus-Spezia-August-31-2022-Serie-A,,ITA-SERIA_A,22-23
Serie A,4,Wed,2022-08-31,20:45,Napoli,1.7,1–1,1.1,Lecce,37573,Stadio Diego Armando Maradona,Matteo Marcenaro,/en/matches/d2dba35c/Napoli-Lecce-August-31-2022-Serie-A,,ITA-SERIA_A,22-23
Serie A,4,Thu,2022-09-01,20:45,Atalanta,2.9,3–1,0.4,Torino,17928,Gewiss Stadium,Marco Di Bello,/en/matches/a8d5d5fc/Atalanta-Torino-September-1-2022-Serie-A,,ITA-SERIA_A,22-23
Serie A,4,Thu,2022-09-01,20:45,Bologna,1.8,1–1,1.4,Salernitana,19787,Stadio Renato Dall'Ara,Davide Ghersini,/en/matches/df30d258/Bologna-Salernitana-September-1-2022-Serie-A,,ITA-SERIA_A,22-23
Serie A,5,Sat,2022-09-03,15:00,Fiorentina,2.1,1–1,0.9,Juventus,36550,Stadio Artemio Franchi,Daniele Doveri,/en/matches/cc24f0a1/Fiorentina-Juventus-September-3-2022-Serie-A,,ITA-SERIA_A,22-23
Serie A,5,Sat,2022-09-03,18:00,Milan,1.3,3–2,1.8,Inter,75475,Stadio Giuseppe Meazza,Daniele Chiffi,/en/matches/32e63a16/Derby-della-Madonnina-Milan-Internazionale-September-3-2022-Serie-A,,ITA-SERIA_A,22-23
Serie A,5,Sat,2022-09-03,20:45,Lazio,0.3,1–2,2.1,Napoli,39000,Stadio Olimpico,Simone Sozza,/en/matches/59d945a1/Lazio-Napoli-September-3-2022-Serie-A,,ITA-SERIA_A,22-23
Serie A,5,Sun,2022-09-04,12:30,Cremonese,0.4,0–0,1.5,Sassuolo,9105,Stadio Giovanni Zini,Luca Pairetto,/en/matches/923a83e0/Cremonese-Sassuolo-September-4-2022-Serie-A,,ITA-SERIA_A,22-23
Serie A,5,Sun,2022-09-04,15:00,Spezia,0.9,2–2,0.9,Bologna,7555,Stadio Alberto Picco,Antonio Giua,/en/matches/250097f3/Spezia-Bologna-September-4-2022-Serie-A,,ITA-SERIA_A,22-23
Serie A,5,Sun,2022-09-04,18:00,Hellas Verona,2.5,2–1,0.8,Sampdoria,16675,Stadio Marc'Antonio Bentegodi,Paolo Valeri,/en/matches/c8543255/Hellas-Verona-Sampdoria-September-4-2022-Serie-A,,ITA-SERIA_A,22-23
Serie A,5,Sun,2022-09-04,20:45,Udinese,1.2,4–0,0.8,Roma,24108,Dacia Arena,Fabio Maresca,/en/matches/7de0fe74/Udinese-Roma-September-4-2022-Serie-A,,ITA-SERIA_A,22-23
Serie A,5,Mon,2022-09-05,18:30,Salernitana,1.3,2–2,0.9,Empoli,18173,Stadio Arechi,Rosario Abisso,/en/matches/36c3d84d/Salernitana-Empoli-September-5-2022-Serie-A,,ITA-SERIA_A,22-23
Serie A,5,Mon,2022-09-05,18:30,Monza,0.6,0–2,1.9,Atalanta,11970,U-Power Stadium,Juan Sacchi,/en/matches/c859cc09/Monza-Atalanta-September-5-2022-Serie-A,,ITA-SERIA_A,22-23
Serie A,5,Mon,2022-09-05,20:45,Torino,1.1,1–0,0.3,Lecce,19087,Stadio Olimpico di Torino,Manuel Volpi,/en/matches/def4d163/Torino-Lecce-September-5-2022-Serie-A,,ITA-SERIA_A,22-23
Serie A,6,Sat,2022-09-10,15:00,Napoli,2.2,1–0,0.5,Spezia,32839,Stadio Diego Armando Maradona,Alberto Santoro,/en/matches/b8081607/Napoli-Spezia-September-10-2022-Serie-A,,ITA-SERIA_A,22-23
Serie A,6,Sat,2022-09-10,18:00,Inter,1.5,1–0,0.7,Torino,69134,Stadio Giuseppe Meazza,Giovanni Ayroldi,/en/matches/c85b25b5/Internazionale-Torino-September-10-2022-Serie-A,,ITA-SERIA_A,22-23
Serie A,6,Sat,2022-09-10,20:45,Sampdoria,0.7,1–2,1.7,Milan,23049,Stadio Comunale Luigi Ferraris,Michael Fabbri,/en/matches/4faaa6ec/Sampdoria-Milan-September-10-2022-Serie-A,,ITA-SERIA_A,22-23
Serie A,6,Sun,2022-09-11,12:30,Atalanta,0.7,1–1,0.6,Cremonese,18252,Gewiss Stadium,Andrea Colombo,/en/matches/38a5cf6c/Atalanta-Cremonese-September-11-2022-Serie-A,,ITA-SERIA_A,22-23
Serie A,6,Sun,2022-09-11,15:00,Bologna,0.6,2–1,1.3,Fiorentina,18901,Stadio Renato Dall'Ara,Daniele Orsato,/en/matches/14c086eb/Derby-dellAppennino-Bologna-Fiorentina-September-11-2022-Serie-A,,ITA-SERIA_A,22-23
Serie A,6,Sun,2022-09-11,15:00,Lecce,0.9,1–1,0.1,Monza,23391,Stadio Comunale Via Del Mare,Luca Pairetto,/en/matches/1a32ed3c/Lecce-Monza-September-11-2022-Serie-A,,ITA-SERIA_A,22-23
Serie A,6,Sun,2022-09-11,15:00,Sassuolo,0.5,1–3,2.1,Udinese,8694,Mapei Stadium - Città del Tricolore,Giacomo Camplone,/en/matches/b76dac48/Sassuolo-Udinese-September-11-2022-Serie-A,,ITA-SERIA_A,22-23
Serie A,6,Sun,2022-09-11,18:00,Lazio,1.1,2–0,0.3,Hellas Verona,38000,Stadio Olimpico,Massimiliano Irrati,/en/matches/b372a1ce/Lazio-Hellas-Verona-September-11-2022-Serie-A,,ITA-SERIA_A,22-23
Serie A,6,Sun,2022-09-11,20:45,Juventus,1.9,2–2,1.6,Salernitana,35097,Allianz Stadium,Matteo Marcenaro,/en/matches/d30f4885/Juventus-Salernitana-September-11-2022-Serie-A,,ITA-SERIA_A,22-23
Serie A,6,Mon,2022-09-12,20:45,Empoli,1.1,1–2,3.0,Roma,4560,Stadio Carlo Castellani,Livio Marinelli,/en/matches/6c06536f/Empoli-Roma-September-12-2022-Serie-A,,ITA-SERIA_A,22-23
Serie A,7,Fri,2022-09-16,20:45,Salernitana,1.2,1–2,1.5,Lecce,19488,Stadio Arechi,Daniele Doveri,/en/matches/e289cc52/Salernitana-Lecce-September-16-2022-Serie-A,,ITA-SERIA_A,22-23
Serie A,7,Sat,2022-09-17,15:00,Bologna,1.6,0–1,1.6,Empoli,15670,Stadio Renato Dall'Ara,Manuel Volpi,/en/matches/be773055/Bologna-Empoli-September-17-2022-Serie-A,,ITA-SERIA_A,22-23
Serie A,7,Sat,2022-09-17,18:00,Spezia,0.7,2–1,0.9,Sampdoria,10000,Stadio Alberto Picco,Simone Sozza,/en/matches/4005dac1/Spezia-Sampdoria-September-17-2022-Serie-A,,ITA-SERIA_A,22-23
Serie A,7,Sat,2022-09-17,20:45,Torino,0.7,0–1,0.4,Sassuolo,14822,Stadio Olimpico di Torino,Niccolò Baroni,/en/matches/a7f11ac3/Torino-Sassuolo-September-17-2022-Serie-A,,ITA-SERIA_A,22-23
Serie A,7,Sun,2022-09-18,12:30,Udinese,1.6,3–1,1.1,Inter,22475,Dacia Arena,Paolo Valeri,/en/matches/f5b53307/Udinese-Internazionale-September-18-2022-Serie-A,,ITA-SERIA_A,22-23
Serie A,7,Sun,2022-09-18,15:00,Cremonese,1.3,0–4,3.1,Lazio,12991,Stadio Giovanni Zini,Daniele Orsato,/en/matches/1c27f475/Cremonese-Lazio-September-18-2022-Serie-A,,ITA-SERIA_A,22-23
Serie A,7,Sun,2022-09-18,15:00,Monza,2.5,1–0,0.9,Juventus,12878,U-Power Stadium,Fabio Maresca,/en/matches/7f6b336d/Monza-Juventus-September-18-2022-Serie-A,,ITA-SERIA_A,22-23
Serie A,7,Sun,2022-09-18,15:00,Fiorentina,2.4,2–0,0.6,Hellas Verona,32216,Stadio Artemio Franchi,Antonio Rapuano,/en/matches/c48d99be/Fiorentina-Hellas-Verona-September-18-2022-Serie-A,,ITA-SERIA_A,22-23
Serie A,7,Sun,2022-09-18,18:00,Roma,2.4,0–1,0.2,Atalanta,61335,Stadio Olimpico,Daniele Chiffi,/en/matches/7f3c30b2/Roma-Atalanta-September-18-2022-Serie-A,,ITA-SERIA_A,22-23
Serie A,7,Sun,2022-09-18,20:45,Milan,2.6,1–2,1.4,Napoli,72573,Stadio Giuseppe Meazza,Maurizio Mariani,/en/matches/6f318e21/Milan-Napoli-September-18-2022-Serie-A,,ITA-SERIA_A,22-23
Serie A,8,Sat,2022-10-01,15:00,Napoli,1.6,3–1,1.0,Torino,35953,Stadio Diego Armando Maradona,Luca Massimi,/en/matches/5b1b5139/Napoli-Torino-October-1-2022-Serie-A,,ITA-SERIA_A,22-23
Serie A,8,Sat,2022-10-01,18:00,Inter,1.0,1–2,1.0,Roma,75389,Stadio Giuseppe Meazza,Davide Massa,/en/matches/e8065e11/Internazionale-Roma-October-1-2022-Serie-A,,ITA-SERIA_A,22-23
Serie A,8,Sat,2022-10-01,20:45,Empoli,1.1,1–3,2.3,Milan,15497,Stadio Carlo Castellani,Gianluca Aureliano,/en/matches/41b8fcde/Empoli-Milan-October-1-2022-Serie-A,,ITA-SERIA_A,22-23
Serie A,8,Sun,2022-10-02,12:30,Lazio,2.3,4–0,1.1,Spezia,41000,Stadio Olimpico,Juan Sacchi,/en/matches/8f0179e7/Lazio-Spezia-October-2-2022-Serie-A,,ITA-SERIA_A,22-23
Serie A,8,Sun,2022-10-02,15:00,Sassuolo,3.2,5–0,0.5,Salernitana,15786,Mapei Stadium - Città del Tricolore,Maria Sole Ferrieri Caputi,/en/matches/1ad969fe/Sassuolo-Salernitana-October-2-2022-Serie-A,,ITA-SERIA_A,22-23
Serie A,8,Sun,2022-10-02,15:00,Lecce,1.0,1–1,1.6,Cremonese,23377,Stadio Comunale Via Del Mare,Livio Marinelli,/en/matches/d2384d3e/Lecce-Cremonese-October-2-2022-Serie-A,,ITA-SERIA_A,22-23
Serie A,8,Sun,2022-10-02,15:00,Sampdoria,0.1,0–3,1.4,Monza,19806,Stadio Comunale Luigi Ferraris,Giovanni Ayroldi,/en/matches/f369742b/Sampdoria-Monza-October-2-2022-Serie-A,,ITA-SERIA_A,22-23
Serie A,8,Sun,2022-10-02,18:00,Atalanta,1.3,1–0,0.7,Fiorentina,18265,Gewiss Stadium,Massimiliano Irrati,/en/matches/1824b24f/Atalanta-Fiorentina-October-2-2022-Serie-A,,ITA-SERIA_A,22-23
Serie A,8,Sun,2022-10-02,20:45,Juventus,1.8,3–0,0.4,Bologna,34662,Allianz Stadium,Rosario Abisso,/en/matches/1b6d7e97/Juventus-Bologna-October-2-2022-Serie-A,,ITA-SERIA_A,22-23
Serie A,8,Mon,2022-10-03,20:45,Hellas Verona,0.3,1–2,1.8,Udinese,15352,Stadio Marc'Antonio Bentegodi,Daniele Minelli,/en/matches/d2d715e4/Hellas-Verona-Udinese-October-3-2022-Serie-A,,ITA-SERIA_A,22-23
Serie A,9,Sat,2022-10-08,15:00,Sassuolo,1.2,1–2,2.3,Inter,17574,Mapei Stadium - Città del Tricolore,Simone Sozza,/en/matches/bf6846ad/Sassuolo-Internazionale-October-8-2022-Serie-A,,ITA-SERIA_A,22-23
Serie A,9,Sat,2022-10-08,18:00,Milan,2.2,2–0,0.8,Juventus,75530,Stadio Giuseppe Meazza,Daniele Orsato,/en/matches/2336a6d4/Milan-Juventus-October-8-2022-Serie-A,,ITA-SERIA_A,22-23
Serie A,9,Sat,2022-10-08,20:45,Bologna,0.8,1–1,0.6,Sampdoria,20871,Stadio Renato Dall'Ara,Marco Piccinini,/en/matches/9d6251c0/Bologna-Sampdoria-October-8-2022-Serie-A,,ITA-SERIA_A,22-23
Serie A,9,Sun,2022-10-09,12:30,Torino,2.4,1–1,0.2,Empoli,16793,Stadio Olimpico di Torino,Francesco Fourneau,/en/matches/880f23f3/Torino-Empoli-October-9-2022-Serie-A,,ITA-SERIA_A,22-23
Serie A,9,Sun,2022-10-09,15:00,Udinese,1.0,2–2,2.1,Atalanta,24671,Dacia Arena,Daniele Doveri,/en/matches/0006415c/Udinese-Atalanta-October-9-2022-Serie-A,,ITA-SERIA_A,22-23
Serie A,9,Sun,2022-10-09,15:00,Salernitana,1.1,2–1,0.9,Hellas Verona,15922,Stadio Arechi,Davide Ghersini,/en/matches/01893b95/Salernitana-Hellas-Verona-October-9-2022-Serie-A,,ITA-SERIA_A,22-23
Serie A,9,Sun,2022-10-09,15:00,Monza,0.7,2–0,0.5,Spezia,12094,U-Power Stadium,Daniele Perenzoni,/en/matches/08f73f52/Monza-Spezia-October-9-2022-Serie-A,,ITA-SERIA_A,22-23
Serie A,9,Sun,2022-10-09,18:00,Cremonese,0.8,1–4,4.1,Napoli,14238,Stadio Giovanni Zini,Rosario Abisso,/en/matches/dd82988b/Cremonese-Napoli-October-9-2022-Serie-A,,ITA-SERIA_A,22-23
Serie A,9,Sun,2022-10-09,20:45,Roma,3.2,2–1,0.3,Lecce,64018,Stadio Olimpico,Alessandro Prontera,/en/matches/6a7ff463/Roma-Lecce-October-9-2022-Serie-A,,ITA-SERIA_A,22-23
Serie A,9,Mon,2022-10-10,20:45,Fiorentina,2.2,0–4,1.6,Lazio,30574,Stadio Artemio Franchi,Fabio Maresca,/en/matches/91790ad1/Fiorentina-Lazio-October-10-2022-Serie-A,,ITA-SERIA_A,22-23
Serie A,10,Sat,2022-10-15,15:00,Empoli,1.8,1–0,1.3,Monza,7258,Stadio Carlo Castellani,Antonio Rapuano,/en/matches/4c8ab4e7/Empoli-Monza-October-15-2022-Serie-A,,ITA-SERIA_A,22-23
Serie A,10,Sat,2022-10-15,18:00,Torino,0.6,0–1,2.1,Juventus,22269,Stadio Olimpico di Torino,Maurizio Mariani,/en/matches/b183d7de/Torino-Juventus-October-15-2022-Serie-A,,ITA-SERIA_A,22-23
Serie A,10,Sat,2022-10-15,20:45,Atalanta,2.5,2–1,0.8,Sassuolo,17772,Gewiss Stadium,Matteo Marcenaro,/en/matches/4b70032c/Atalanta-Sassuolo-October-15-2022-Serie-A,,ITA-SERIA_A,22-23
Serie A,10,Sun,2022-10-16,12:30,Inter,1.7,2–0,0.4,Salernitana,75452,Stadio Giuseppe Meazza,Juan Sacchi,/en/matches/76b81245/Internazionale-Salernitana-October-16-2022-Serie-A,,ITA-SERIA_A,22-23
Serie A,10,Sun,2022-10-16,15:00,Lazio,0.8,0–0,0.9,Udinese,45000,Stadio Olimpico,Andrea Colombo,/en/matches/87eec089/Lazio-Udinese-October-16-2022-Serie-A,,ITA-SERIA_A,22-23
Serie A,10,Sun,2022-10-16,15:00,Spezia,1.5,2–2,2.1,Cremonese,8400,Stadio Alberto Picco,Gianluca Manganiello,/en/matches/a571c771/Spezia-Cremonese-October-16-2022-Serie-A,,ITA-SERIA_A,22-23
Serie A,10,Sun,2022-10-16,18:00,Napoli,2.6,3–2,1.3,Bologna,50000,Stadio Diego Armando Maradona,Francesco Cosso,/en/matches/6e610879/Napoli-Bologna-October-16-2022-Serie-A,,ITA-SERIA_A,22-23
Serie A,10,Sun,2022-10-16,20:45,Hellas Verona,2.1,1–2,1.9,Milan,22904,Stadio Marc'Antonio Bentegodi,Davide Massa,/en/matches/52018970/Hellas-Verona-Milan-October-16-2022-Serie-A,,ITA-SERIA_A,22-23
Serie A,10,Mon,2022-10-17,18:30,Sampdoria,0.2,0–1,1.8,Roma,20803,Stadio Comunale Luigi Ferraris,Marco Di Bello,/en/matches/a014cee9/Sampdoria-Roma-October-17-2022-Serie-A,,ITA-SERIA_A,22-23
Serie A,10,Mon,2022-10-17,20:45,Lecce,1.1,1–1,0.5,Fiorentina,24925,Stadio Comunale Via Del Mare,Luca Massimi,/en/matches/b2d9765e/Lecce-Fiorentina-October-17-2022-Serie-A,,ITA-SERIA_A,22-23
Serie A,11,Fri,2022-10-21,20:45,Juventus,3.5,4–0,0.7,Empoli,37771,Allianz Stadium,Michael Fabbri,/en/matches/6f946be3/Juventus-Empoli-October-21-2022-Serie-A,,ITA-SERIA_A,22-23
Serie A,11,Sat,2022-10-22,15:00,Salernitana,1.6,1–0,0.9,Spezia,17260,Stadio Arechi,Daniele Chiffi,/en/matches/7652b57c/Salernitana-Spezia-October-22-2022-Serie-A,,ITA-SERIA_A,22-23
Serie A,11,Sat,2022-10-22,18:00,Milan,1.1,4–1,1.2,Monza,72938,Stadio Giuseppe Meazza,Livio Marinelli,/en/matches/be45e24c/Milan-Monza-October-22-2022-Serie-A,,ITA-SERIA_A,22-23
Serie A,11,Sat,2022-10-22,20:45,Fiorentina,1.3,3–4,2.4,Inter,36699,Stadio Artemio Franchi,Paolo Valeri,/en/matches/b4dacc54/Fiorentina-Internazionale-October-22-2022-Serie-A,,ITA-SERIA_A,22-23
Serie A,11,Sun,2022-10-23,12:30,Udinese,2.0,1–2,1.5,Torino,20711,Dacia Arena,Matteo Marchetti,/en/matches/e229f8ab/Udinese-Torino-October-23-2022-Serie-A,,ITA-SERIA_A,22-23
Serie A,11,Sun,2022-10-23,15:00,Bologna,1.8,2–0,0.4,Lecce,24206,Stadio Renato Dall'Ara,Simone Sozza,/en/matches/5b7c698e/Bologna-Lecce-October-23-2022-Serie-A,,ITA-SERIA_A,22-23
Serie A,11,Sun,2022-10-23,18:00,Atalanta,0.8,0–2,0.9,Lazio,18988,Gewiss Stadium,Rosario Abisso,/en/matches/bdccb729/Atalanta-Lazio-October-23-2022-Serie-A,,ITA-SERIA_A,22-23
Serie A,11,Sun,2022-10-23,20:45,Roma,0.3,0–1,0.9,Napoli,61633,Stadio Olimpico,Massimiliano Irrati,/en/matches/0b675836/Derby-del-Sole-Roma-Napoli-October-23-2022-Serie-A,,ITA-SERIA_A,22-23
Serie A,11,Mon,2022-10-24,18:30,Cremonese,2.0,0–1,1.3,Sampdoria,13021,Stadio Giovanni Zini,Fabio Maresca,/en/matches/709b24f5/Cremonese-Sampdoria-October-24-2022-Serie-A,,ITA-SERIA_A,22-23
Serie A,11,Mon,2022-10-24,20:45,Sassuolo,1.5,2–1,1.4,Hellas Verona,11368,Mapei Stadium - Città del Tricolore,Alberto Santoro,/en/matches/76d03b2f/Sassuolo-Hellas-Verona-October-24-2022-Serie-A,,ITA-SERIA_A,22-23
Serie A,12,Sat,2022-10-29,15:00,Napoli,2.1,4–0,1.0,Sassuolo,45000,Stadio Diego Armando Maradona,Antonio Rapuano,/en/matches/6f92d2c6/Napoli-Sassuolo-October-29-2022-Serie-A,,ITA-SERIA_A,22-23
Serie A,12,Sat,2022-10-29,18:00,Lecce,0.2,0–1,0.6,Juventus,25860,Stadio Comunale Via Del Mare,Daniele Chiffi,/en/matches/52ff141b/Lecce-Juventus-October-29-2022-Serie-A,,ITA-SERIA_A,22-23
Serie A,12,Sat,2022-10-29,20:45,Inter,2.0,3–0,0.5,Sampdoria,73311,Stadio Giuseppe Meazza,Luca Massimi,/en/matches/23d1b698/Internazionale-Sampdoria-October-29-2022-Serie-A,,ITA-SERIA_A,22-23
Serie A,12,Sun,2022-10-30,12:30,Empoli,0.8,0–2,3.0,Atalanta,8740,Stadio Carlo Castellani,Giovanni Ayroldi,/en/matches/09ea7c8b/Empoli-Atalanta-October-30-2022-Serie-A,,ITA-SERIA_A,22-23
Serie A,12,Sun,2022-10-30,15:00,Spezia,1.2,1–2,2.1,Fiorentina,10500,Stadio Alberto Picco,Davide Massa,/en/matches/29e78eae/Spezia-Fiorentina-October-30-2022-Serie-A,,ITA-SERIA_A,22-23
Serie A,12,Sun,2022-10-30,15:00,Cremonese,0.7,0–0,1.0,Udinese,12810,Stadio Giovanni Zini,Massimiliano Irrati,/en/matches/e7db664f/Cremonese-Udinese-October-30-2022-Serie-A,,ITA-SERIA_A,22-23
Serie A,12,Sun,2022-10-30,18:00,Lazio,1.9,1–3,1.5,Salernitana,40000,Stadio Olimpico,Gianluca Manganiello,/en/matches/221597ad/Lazio-Salernitana-October-30-2022-Serie-A,,ITA-SERIA_A,22-23
Serie A,12,Sun,2022-10-30,20:45,Torino,0.6,2–1,1.1,Milan,26133,Stadio Olimpico di Torino,Rosario Abisso,/en/matches/045a51a7/Torino-Milan-October-30-2022-Serie-A,,ITA-SERIA_A,22-23
Serie A,12,Mon,2022-10-31,18:30,Hellas Verona,0.3,1–3,3.1,Roma,24000,Stadio Marc'Antonio Bentegodi,Juan Sacchi,/en/matches/a5748739/Hellas-Verona-Roma-October-31-2022-Serie-A,,ITA-SERIA_A,22-23
Serie A,12,Mon,2022-10-31,20:45,Monza,1.2,1–2,1.3,Bologna,11388,U-Power Stadium,Luca Pairetto,/en/matches/b8726ee1/Monza-Bologna-October-31-2022-Serie-A,,ITA-SERIA_A,22-23
Serie A,13,Fri,2022-11-04,20:45,Udinese,1.7,1–1,0.7,Lecce,21834,Dacia Arena,Francesco Fourneau,/en/matches/9d62ed82/Udinese-Lecce-November-4-2022-Serie-A,,ITA-SERIA_A,22-23
Serie A,13,Sat,2022-11-05,15:00,Empoli,1.2,1–0,0.6,Sassuolo,7834,Stadio Carlo Castellani,Ermanno Feliciani,/en/matches/03de512c/Empoli-Sassuolo-November-5-2022-Serie-A,,ITA-SERIA_A,22-23
Serie A,13,Sat,2022-11-05,15:00,Salernitana,1.3,2–2,1.7,Cremonese,16780,Stadio Arechi,Matteo Marchetti,/en/matches/871ec5bd/Salernitana-Cremonese-November-5-2022-Serie-A,,ITA-SERIA_A,22-23
Serie A,13,Sat,2022-11-05,18:00,Atalanta,2.0,1–2,1.3,Napoli,19363,Gewiss Stadium,Maurizio Mariani,/en/matches/1ce36894/Atalanta-Napoli-November-5-2022-Serie-A,,ITA-SERIA_A,22-23
Serie A,13,Sat,2022-11-05,20:45,Milan,2.2,2–1,1.6,Spezia,71099,Stadio Giuseppe Meazza,Michael Fabbri,/en/matches/3a4b495b/Milan-Spezia-November-5-2022-Serie-A,,ITA-SERIA_A,22-23
Serie A,13,Sun,2022-11-06,12:30,Bologna,2.0,2–1,1.0,Torino,23168,Stadio Renato Dall'Ara,Antonio Giua,/en/matches/93bc56e9/Bologna-Torino-November-6-2022-Serie-A,,ITA-SERIA_A,22-23
Serie A,13,Sun,2022-11-06,15:00,Monza,1.3,2–0,0.4,Hellas Verona,11723,U-Power Stadium,Francesco Cosso,/en/matches/27024e3f/Monza-Hellas-Verona-November-6-2022-Serie-A,,ITA-SERIA_A,22-23
Serie A,13,Sun,2022-11-06,15:00,Sampdoria,0.8,0–2,0.9,Fiorentina,19226,Stadio Comunale Luigi Ferraris,Livio Marinelli,/en/matches/9dbe93c2/Sampdoria-Fiorentina-November-6-2022-Serie-A,,ITA-SERIA_A,22-23
Serie A,13,Sun,2022-11-06,18:00,Roma,0.5,0–1,0.6,Lazio,62847,Stadio Olimpico,Daniele Orsato,/en/matches/892d3ce3/Roma-Lazio-November-6-2022-Serie-A,,ITA-SERIA_A,22-23
Serie A,13,Sun,2022-11-06,20:45,Juventus,0.9,2–0,1.2,Inter,40093,Allianz Stadium,Daniele Doveri,/en/matches/5c19d6a1/Derby-dItalia-Juventus-Internazionale-November-6-2022-Serie-A,,ITA-SERIA_A,22-23
Serie A,14,Tue,2022-11-08,18:30,Napoli,2.0,2–0,0.3,Empoli,36000,Stadio Diego Armando Maradona,Luca Pairetto,/en/matches/1ba68186/Napoli-Empoli-November-8-2022-Serie-A,,ITA-SERIA_A,22-23
Serie A,14,Tue,2022-11-08,18:30,Spezia,2.0,1–1,0.6,Udinese,6900,Stadio Alberto Picco,Marco Piccinini,/en/matches/21c7a48f/Spezia-Udinese-November-8-2022-Serie-A,,ITA-SERIA_A,22-23
Serie A,14,Tue,2022-11-08,20:45,Cremonese,0.3,0–0,1.0,Milan,14610,Stadio Giovanni Zini,Antonio Rapuano,/en/matches/ca82e0f9/Cremonese-Milan-November-8-2022-Serie-A,,ITA-SERIA_A,22-23
Serie A,14,Wed,2022-11-09,18:30,Lecce,1.1,2–1,1.5,Atalanta,23797,Stadio Comunale Via Del Mare,Gianluca Aureliano,/en/matches/1b9b7480/Lecce-Atalanta-November-9-2022-Serie-A,,ITA-SERIA_A,22-23
Serie A,14,Wed,2022-11-09,18:30,Sassuolo,1.2,1–1,0.7,Roma,16665,Mapei Stadium - Città del Tricolore,Giovanni Ayroldi,/en/matches/2c1655ec/Sassuolo-Roma-November-9-2022-Serie-A,,ITA-SERIA_A,22-23
Serie A,14,Wed,2022-11-09,20:45,Fiorentina,2.8,2–1,0.5,Salernitana,27329,Stadio Artemio Franchi,Federico La Penna,/en/matches/d03642ed/Fiorentina-Salernitana-November-9-2022-Serie-A,,ITA-SERIA_A,22-23
Serie A,14,Wed,2022-11-09,20:45,Torino,0.5,2–0,0.5,Sampdoria,15593,Stadio Olimpico di Torino,Davide Massa,/en/matches/ee91c50a/Torino-Sampdoria-November-9-2022-Serie-A,,ITA-SERIA_A,22-23
Serie A,14,Wed,2022-11-09,20:45,Inter,2.6,6–1,0.7,Bologna,69312,Stadio Giuseppe Meazza,Andrea Colombo,/en/matches/fcc0539a/Internazionale-Bologna-November-9-2022-Serie-A,,ITA-SERIA_A,22-23
Serie A,14,Thu,2022-11-10,18:30,Hellas Verona,1.2,0–1,1.1,Juventus,21934,Stadio Marc'Antonio Bentegodi,Marco Di Bello,/en/matches/e12082b8/Hellas-Verona-Juventus-November-10-2022-Serie-A,,ITA-SERIA_A,22-23
Serie A,14,Thu,2022-11-10,20:45,Lazio,1.5,1–0,0.5,Monza,36000,Stadio Olimpico,Alberto Santoro,/en/matches/cada0de5/Lazio-Monza-November-10-2022-Serie-A,,ITA-SERIA_A,22-23
Serie A,15,Fri,2022-11-11,20:45,Empoli,2.2,2–0,1.3,Cremonese,8077,Stadio Carlo Castellani,Federico Dionisi,/en/matches/df64bd6f/Empoli-Cremonese-November-11-2022-Serie-A,,ITA-SERIA_A,22-23
Serie A,15,Sat,2022-11-12,15:00,Napoli,1.5,3–2,0.7,Udinese,51000,Stadio Diego Armando Maradona,Giovanni Ayroldi,/en/matches/f1eb6e94/Napoli-Udinese-November-12-2022-Serie-A,,ITA-SERIA_A,22-23
Serie A,15,Sat,2022-11-12,18:00,Sampdoria,0.7,0–2,0.6,Lecce,20211,Stadio Comunale Luigi Ferraris,Daniele Doveri,/en/matches/08f8d9a3/Sampdoria-Lecce-November-12-2022-Serie-A,,ITA-SERIA_A,22-23
Serie A,15,Sat,2022-11-12,20:45,Bologna,0.8,3–0,0.8,Sassuolo,20811,Stadio Renato Dall'Ara,Ivan Pezzuto,/en/matches/09697cf3/Bologna-Sassuolo-November-12-2022-Serie-A,,ITA-SERIA_A,22-23
Serie A,15,Sun,2022-11-13,12:30,Atalanta,1.8,2–3,2.2,Inter,19353,Gewiss Stadium,Daniele Chiffi,/en/matches/155e504e/Atalanta-Internazionale-November-13-2022-Serie-A,,ITA-SERIA_A,22-23
Serie A,15,Sun,2022-11-13,15:00,Roma,1.7,1–1,0.9,Torino,61168,Stadio Olimpico,Antonio Rapuano,/en/matches/579ceb27/Roma-Torino-November-13-2022-Serie-A,,ITA-SERIA_A,22-23
Serie A,15,Sun,2022-11-13,15:00,Monza,2.4,3–0,0.2,Salernitana,12372,U-Power Stadium,Antonio Giua,/en/matches/7f01a577/Monza-Salernitana-November-13-2022-Serie-A,,ITA-SERIA_A,22-23
Serie A,15,Sun,2022-11-13,15:00,Hellas Verona,2.1,1–2,0.8,Spezia,18000,Stadio Marc'Antonio Bentegodi,Fabio Maresca,/en/matches/c1a9d593/Hellas-Verona-Spezia-November-13-2022-Serie-A,,ITA-SERIA_A,22-23
Serie A,15,Sun,2022-11-13,18:00,Milan,1.5,2–1,0.5,Fiorentina,73007,Stadio Giuseppe Meazza,Simone Sozza,/en/matches/aad9d12b/Milan-Fiorentina-November-13-2022-Serie-A,,ITA-SERIA_A,22-23
Serie A,15,Sun,2022-11-13,20:45,Juventus,1.6,3–0,0.4,Lazio,38729,Allianz Stadium,Davide Massa,/en/matches/926113a9/Juventus-Lazio-November-13-2022-Serie-A,,ITA-SERIA_A,22-23
Serie A,16,Wed,2023-01-04,12:30,Sassuolo,1.8,1–2,1.3,Sampdoria,8000,Mapei Stadium - Città del Tricolore,Fabio Maresca,/en/matches/066d6ebe/Sassuolo-Sampdoria-January-4-2023-Serie-A,,ITA-SERIA_A,22-23
Serie A,16,Wed,2023-01-04,12:30,Salernitana,0.7,1–2,2.7,Milan,29541,Stadio Arechi,Francesco Fourneau,/en/matches/172891bf/Salernitana-Milan-January-4-2023-Serie-A,,ITA-SERIA_A,22-23
Serie A,16,Wed,2023-01-04,14:30,Spezia,1.5,2–2,2.1,Atalanta,7417,Stadio Alberto Picco,Antonio Giua,/en/matches/1468d56b/Spezia-Atalanta-January-4-2023-Serie-A,,ITA-SERIA_A,22-23
Serie A,16,Wed,2023-01-04,14:30,Torino,0.4,1–1,0.9,Hellas Verona,15000,Stadio Olimpico di Torino,Federico Dionisi,/en/matches/25fb9390/Torino-Hellas-Verona-January-4-2023-Serie-A,,ITA-SERIA_A,22-23
Serie A,16,Wed,2023-01-04,16:30,Roma,1.5,1–0,0.7,Bologna,62092,Stadio Olimpico,Alberto Santoro,/en/matches/94763792/Roma-Bologna-January-4-2023-Serie-A,,ITA-SERIA_A,22-23
Serie A,16,Wed,2023-01-04,16:30,Lecce,1.3,2–1,0.7,Lazio,26084,Stadio Comunale Via Del Mare,Livio Marinelli,/en/matches/c4a2de77/Lecce-Lazio-January-4-2023-Serie-A,,ITA-SERIA_A,22-23
Serie A,16,Wed,2023-01-04,18:30,Fiorentina,1.6,1–1,1.7,Monza,31190,Stadio Artemio Franchi,Ermanno Feliciani,/en/matches/b5100dd9/Fiorentina-Monza-January-4-2023-Serie-A,,ITA-SERIA_A,22-23
Serie A,16,Wed,2023-01-04,18:30,Cremonese,0.9,0–1,1.6,Juventus,14896,Stadio Giovanni Zini,Giovanni Ayroldi,/en/matches/fc78363f/Cremonese-Juventus-January-4-2023-Serie-A,,ITA-SERIA_A,22-23
Serie A,16,Wed,2023-01-04,20:45,Inter,1.4,1–0,0.9,Napoli,75470,Stadio Giuseppe Meazza,Simone Sozza,/en/matches/2825e6b8/Internazionale-Napoli-January-4-2023-Serie-A,,ITA-SERIA_A,22-23
Serie A,16,Wed,2023-01-04,20:45,Udinese,1.9,1–1,0.4,Empoli,19237,Dacia Arena,Marco Serra,/en/matches/47316e44/Udinese-Empoli-January-4-2023-Serie-A,,ITA-SERIA_A,22-23
Serie A,17,Sat,2023-01-07,15:00,Fiorentina,2.2,2–1,1.6,Sassuolo,29695,Stadio Artemio Franchi,Gianluca Manganiello,/en/matches/76065d07/Fiorentina-Sassuolo-January-7-2023-Serie-A,,ITA-SERIA_A,22-23
Serie A,17,Sat,2023-01-07,18:00,Juventus,2.4,1–0,0.5,Udinese,39536,Allianz Stadium,Matteo Marchetti,/en/matches/83f4ac3e/Juventus-Udinese-January-7-2023-Serie-A,,ITA-SERIA_A,22-23
Serie A,17,Sat,2023-01-07,20:45,Monza,1.5,2–2,1.7,Inter,13622,U-Power Stadium,Juan Sacchi,/en/matches/529bca76/Monza-Internazionale-January-7-2023-Serie-A,,ITA-SERIA_A,22-23
Serie A,17,Sun,2023-01-08,12:30,Salernitana,0.8,1–1,2.2,Torino,16300,Stadio Arechi,Andrea Colombo,/en/matches/b6ec4538/Salernitana-Torino-January-8-2023-Serie-A,,ITA-SERIA_A,22-23
Serie A,17,Sun,2023-01-08,15:00,Spezia,0.9,0–0,1.1,Lecce,7300,Stadio Alberto Picco,Daniele Chiffi,/en/matches/80887584/Spezia-Lecce-January-8-2023-Serie-A,,ITA-SERIA_A,22-23
Serie A,17,Sun,2023-01-08,15:00,Lazio,0.9,2–2,0.6,Empoli,31000,Stadio Olimpico,Ivan Pezzuto,/en/matches/c792ad8e/Lazio-Empoli-January-8-2023-Serie-A,,ITA-SERIA_A,22-23
Serie A,17,Sun,2023-01-08,18:00,Sampdoria,0.6,0–2,3.2,Napoli,24490,Stadio Comunale Luigi Ferraris,Rosario Abisso,/en/matches/461e1cd9/Sampdoria-Napoli-January-8-2023-Serie-A,,ITA-SERIA_A,22-23
Serie A,17,Sun,2023-01-08,20:45,Milan,0.9,2–2,1.2,Roma,74103,Stadio Giuseppe Meazza,Davide Massa,/en/matches/7df41f5d/Milan-Roma-January-8-2023-Serie-A,,ITA-SERIA_A,22-23
Serie A,17,Mon,2023-01-09,18:30,Hellas Verona,1.5,2–0,0.8,Cremonese,3804,Stadio Marc'Antonio Bentegodi,Maurizio Mariani,/en/matches/69dfa487/Hellas-Verona-Cremonese-January-9-2023-Serie-A,,ITA-SERIA_A,22-23
Serie A,17,Mon,2023-01-09,20:45,Bologna,0.5,1–2,0.5,Atalanta,16953,Stadio Renato Dall'Ara,Marco Di Bello,/en/matches/8e0a562e/Bologna-Atalanta-January-9-2023-Serie-A,,ITA-SERIA_A,22-23
Serie A,18,Fri,2023-01-13,20:45,Napoli,2.1,5–1,1.3,Juventus,60000,Stadio Diego Armando Maradona,Daniele Doveri,/en/matches/79fc240e/Napoli-Juventus-January-13-2023-Serie-A,,ITA-SERIA_A,22-23
Serie A,18,Sat,2023-01-14,15:00,Cremonese,0.7,2–3,2.2,Monza,11519,Stadio Giovanni Zini,Davide Massa,/en/matches/5c21bad9/Cremonese-Monza-January-14-2023-Serie-A,,ITA-SERIA_A,22-23
Serie A,18,Sat,2023-01-14,18:00,Lecce,1.4,2–2,1.4,Milan,25942,Stadio Comunale Via Del Mare,Daniele Orsato,/en/matches/6bfdc35d/Lecce-Milan-January-14-2023-Serie-A,,ITA-SERIA_A,22-23
Serie A,18,Sat,2023-01-14,20:45,Inter,0.7,1–0,0.3,Hellas Verona,70734,Stadio Giuseppe Meazza,Michael Fabbri,/en/matches/001d9fe1/Internazionale-Hellas-Verona-January-14-2023-Serie-A,,ITA-SERIA_A,22-23
Serie A,18,Sun,2023-01-15,12:30,Sassuolo,0.7,0–2,2.7,Lazio,10000,Mapei Stadium - Città del Tricolore,Luca Pairetto,/en/matches/b6c6949a/Sassuolo-Lazio-January-15-2023-Serie-A,,ITA-SERIA_A,22-23
Serie A,18,Sun,2023-01-15,15:00,Udinese,1.9,1–2,2.0,Bologna,20486,Dacia Arena,Manuel Volpi,/en/matches/2697eeef/Udinese-Bologna-January-15-2023-Serie-A,,ITA-SERIA_A,22-23
Serie A,18,Sun,2023-01-15,15:00,Torino,1.0,0–1,1.5,Spezia,15113,Stadio Olimpico di Torino,Davide Ghersini,/en/matches/6613b258/Torino-Spezia-January-15-2023-Serie-A,,ITA-SERIA_A,22-23
Serie A,18,Sun,2023-01-15,18:00,Atalanta,2.9,8–2,1.0,Salernitana,18499,Gewiss Stadium,Gianluca Aureliano,/en/matches/32c232da/Atalanta-Salernitana-January-15-2023-Serie-A,,ITA-SERIA_A,22-23
Serie A,18,Sun,2023-01-15,20:45,Roma,0.9,2–0,0.4,Fiorentina,61327,Stadio Olimpico,Antonio Giua,/en/matches/ecf1ec87/Roma-Fiorentina-January-15-2023-Serie-A,,ITA-SERIA_A,22-23
Serie A,18,Mon,2023-01-16,20:45,Empoli,1.4,1–0,0.9,Sampdoria,10364,Stadio Carlo Castellani,Alberto Santoro,/en/matches/1be755c8/Empoli-Sampdoria-January-16-2023-Serie-A,,ITA-SERIA_A,22-23
Serie A,19,Sat,2023-01-21,15:00,Hellas Verona,0.5,2–0,0.8,Lecce,19955,Stadio Marc'Antonio Bentegodi,Federico La Penna,/en/matches/f1fff3fd/Hellas-Verona-Lecce-January-21-2023-Serie-A,,ITA-SERIA_A,22-23
Serie A,19,Sat,2023-01-21,18:00,Salernitana,0.4,0–2,1.4,Napoli,18555,Stadio Arechi,Daniele Chiffi,/en/matches/a3682444/Salernitana-Napoli-January-21-2023-Serie-A,,ITA-SERIA_A,22-23
Serie A,19,Sat,2023-01-21,20:45,Fiorentina,1.2,0–1,0.6,Torino,29281,Stadio Artemio Franchi,Federico Dionisi,/en/matches/6479cc76/Fiorentina-Torino-January-21-2023-Serie-A,,ITA-SERIA_A,22-23
Serie A,19,Sun,2023-01-22,12:30,Sampdoria,1.3,0–1,1.3,Udinese,18642,Stadio Comunale Luigi Ferraris,Maurizio Mariani,/en/matches/44f6e3f2/Sampdoria-Udinese-January-22-2023-Serie-A,,ITA-SERIA_A,22-23
Serie A,19,Sun,2023-01-22,15:00,Monza,1.5,1–1,1.5,Sassuolo,10200,U-Power Stadium,Alessandro Prontera,/en/matches/c695b21f/Monza-Sassuolo-January-22-2023-Serie-A,,ITA-SERIA_A,22-23
Serie A,19,Sun,2023-01-22,18:00,Spezia,0.2,0–2,2.0,Roma,9153,Stadio Alberto Picco,Simone Sozza,/en/matches/30e3a23e/Spezia-Roma-January-22-2023-Serie-A,,ITA-SERIA_A,22-23
Serie A,19,Sun,2023-01-22,20:45,Juventus,1.9,3–3,1.0,Atalanta,33565,Allianz Stadium,Livio Marinelli,/en/matches/186531ca/Juventus-Atalanta-January-22-2023-Serie-A,,ITA-SERIA_A,22-23
Serie A,19,Mon,2023-01-23,18:30,Bologna,1.1,1–1,1.7,Cremonese,15587,Stadio Renato Dall'Ara,Matteo Marchetti,/en/matches/cbea426b/Bologna-Cremonese-January-23-2023-Serie-A,,ITA-SERIA_A,22-23
Serie A,19,Mon,2023-01-23,20:45,Inter,1.4,0–1,0.8,Empoli,65476,Stadio Giuseppe Meazza,Antonio Rapuano,/en/matches/10fbe0f2/Internazionale-Empoli-January-23-2023-Serie-A,,ITA-SERIA_A,22-23
Serie A,19,Tue,2023-01-24,20:45,Lazio,3.1,4–0,0.7,Milan,47000,Stadio Olimpico,Marco Di Bello,/en/matches/7037e95a/Lazio-Milan-January-24-2023-Serie-A,,ITA-SERIA_A,22-23
Serie A,20,Fri,2023-01-27,18:30,Bologna,1.6,2–0,0.5,Spezia,17213,Stadio Renato Dall'Ara,Luca Massimi,/en/matches/1d0fd8c2/Bologna-Spezia-January-27-2023-Serie-A,,ITA-SERIA_A,22-23
Serie A,20,Fri,2023-01-27,20:45,Lecce,1.4,1–2,0.9,Salernitana,24446,Stadio Comunale Via Del Mare,Davide Massa,/en/matches/e9135f8a/Lecce-Salernitana-January-27-2023-Serie-A,,ITA-SERIA_A,22-23
Serie A,20,Sat,2023-01-28,15:00,Empoli,0.6,2–2,1.0,Torino,8029,Stadio Carlo Castellani,Matteo Marcenaro,/en/matches/621ac50b/Empoli-Torino-January-28-2023-Serie-A,,ITA-SERIA_A,22-23
Serie A,20,Sat,2023-01-28,18:00,Cremonese,1.0,1–2,2.3,Inter,14554,Stadio Giovanni Zini,Maurizio Mariani,/en/matches/df7be0f9/Cremonese-Internazionale-January-28-2023-Serie-A,,ITA-SERIA_A,22-23
Serie A,20,Sat,2023-01-28,20:45,Atalanta,1.8,2–0,0.8,Sampdoria,19095,Gewiss Stadium,Daniele Doveri,/en/matches/cb0becb9/Atalanta-Sampdoria-January-28-2023-Serie-A,,ITA-SERIA_A,22-23
Serie A,20,Sun,2023-01-29,12:30,Milan,0.6,2–5,2.2,Sassuolo,70428,Stadio Giuseppe Meazza,Antonio Giua,/en/matches/9a8fdc4b/Milan-Sassuolo-January-29-2023-Serie-A,,ITA-SERIA_A,22-23
Serie A,20,Sun,2023-01-29,15:00,Juventus,1.6,0–2,1.2,Monza,39393,Allianz Stadium,Gianluca Aureliano,/en/matches/56f5c9a8/Juventus-Monza-January-29-2023-Serie-A,,ITA-SERIA_A,22-23
Serie A,20,Sun,2023-01-29,18:00,Lazio,0.9,1–1,1.3,Fiorentina,43000,Stadio Olimpico,Andrea Colombo,/en/matches/d24399b4/Lazio-Fiorentina-January-29-2023-Serie-A,,ITA-SERIA_A,22-23
Serie A,20,Sun,2023-01-29,20:45,Napoli,1.0,2–1,0.8,Roma,48791,Stadio Diego Armando Maradona,Daniele Orsato,/en/matches/786fed72/Derby-del-Sole-Napoli-Roma-January-29-2023-Serie-A,,ITA-SERIA_A,22-23
Serie A,20,Mon,2023-01-30,20:45,Udinese,1.8,1–1,0.8,Hellas Verona,17276,Dacia Arena,Luca Pairetto,/en/matches/f55180e6/Udinese-Hellas-Verona-January-30-2023-Serie-A,,ITA-SERIA_A,22-23
Serie A,21,Sat,2023-02-04,15:00,Cremonese,0.6,0–2,1.5,Lecce,11189,Stadio Giovanni Zini,Daniele Orsato,/en/matches/9efd7838/Cremonese-Lecce-February-4-2023-Serie-A,,ITA-SERIA_A,22-23
Serie A,21,Sat,2023-02-04,18:00,Roma,1.2,2–0,1.7,Empoli,60908,Stadio Olimpico,Federico Dionisi,/en/matches/7f7ae152/Roma-Empoli-February-4-2023-Serie-A,,ITA-SERIA_A,22-23
Serie A,21,Sat,2023-02-04,20:45,Sassuolo,1.3,1–0,0.5,Atalanta,12611,Mapei Stadium - Città del Tricolore,Matteo Marcenaro,/en/matches/6b7d513c/Sassuolo-Atalanta-February-4-2023-Serie-A,,ITA-SERIA_A,22-23
Serie A,21,Sun,2023-02-05,12:30,Spezia,0.4,0–3,1.9,Napoli,8700,Stadio Alberto Picco,Marco Di Bello,/en/matches/3aecb110/Spezia-Napoli-February-5-2023-Serie-A,,ITA-SERIA_A,22-23
Serie A,21,Sun,2023-02-05,15:00,Torino,1.7,1–0,0.5,Udinese,16820,Stadio Olimpico di Torino,Alessandro Prontera,/en/matches/afff7705/Torino-Udinese-February-5-2023-Serie-A,,ITA-SERIA_A,22-23
Serie A,21,Sun,2023-02-05,18:00,Fiorentina,1.3,1–2,1.8,Bologna,30546,Stadio Artemio Franchi,Luca Pairetto,/en/matches/398db9e5/Derby-dellAppennino-Fiorentina-Bologna-February-5-2023-Serie-A,,ITA-SERIA_A,22-23
Serie A,21,Sun,2023-02-05,20:45,Inter,0.9,1–0,0.3,Milan,75584,Stadio Giuseppe Meazza,Davide Massa,/en/matches/c38bc949/Derby-della-Madonnina-Internazionale-Milan-February-5-2023-Serie-A,,ITA-SERIA_A,22-23
Serie A,21,Mon,2023-02-06,18:30,Hellas Verona,1.2,1–1,0.9,Lazio,20329,Stadio Marc'Antonio Bentegodi,Giovanni Ayroldi,/en/matches/032c7096/Hellas-Verona-Lazio-February-6-2023-Serie-A,,ITA-SERIA_A,22-23
Serie A,21,Mon,2023-02-06,20:45,Monza,2.1,2–2,1.2,Sampdoria,11950,U-Power Stadium,Daniele Chiffi,/en/matches/ecac9c2e/Monza-Sampdoria-February-6-2023-Serie-A,,ITA-SERIA_A,22-23
Serie A,21,Tue,2023-02-07,20:45,Salernitana,0.8,0–3,2.2,Juventus,26945,Stadio Arechi,Antonio Rapuano,/en/matches/e8f06195/Salernitana-Juventus-February-7-2023-Serie-A,,ITA-SERIA_A,22-23
Serie A,22,Fri,2023-02-10,20:45,Milan,1.3,1–0,0.8,Torino,68268,Stadio Giuseppe Meazza,Giovanni Ayroldi,/en/matches/71cfa6f4/Milan-Torino-February-10-2023-Serie-A,,ITA-SERIA_A,22-23
Serie A,22,Sat,2023-02-11,15:00,Empoli,1.6,2–2,1.5,Spezia,7871,Stadio Carlo Castellani,Antonio Giua,/en/matches/5d432e17/Empoli-Spezia-February-11-2023-Serie-A,,ITA-SERIA_A,22-23
Serie A,22,Sat,2023-02-11,18:00,Lecce,0.3,1–1,1.7,Roma,25200,Stadio Comunale Via Del Mare,Gianluca Aureliano,/en/matches/4bdf0904/Lecce-Roma-February-11-2023-Serie-A,,ITA-SERIA_A,22-23
Serie A,22,Sat,2023-02-11,20:45,Lazio,0.9,0–2,2.8,Atalanta,41000,Stadio Olimpico,Daniele Orsato,/en/matches/b19b25a4/Lazio-Atalanta-February-11-2023-Serie-A,,ITA-SERIA_A,22-23
Serie A,22,Sun,2023-02-12,12:30,Udinese,1.6,2–2,0.7,Sassuolo,20912,Dacia Arena,Ivan Pezzuto,/en/matches/ffb15eb5/Udinese-Sassuolo-February-12-2023-Serie-A,,ITA-SERIA_A,22-23
Serie A,22,Sun,2023-02-12,15:00,Bologna,0.9,0–1,0.6,Monza,21692,Stadio Renato Dall'Ara,Luca Zufferli,/en/matches/6c3c1d89/Bologna-Monza-February-12-2023-Serie-A,,ITA-SERIA_A,22-23
Serie A,22,Sun,2023-02-12,18:00,Juventus,1.0,1–0,0.7,Fiorentina,34844,Allianz Stadium,Michael Fabbri,/en/matches/4f041990/Juventus-Fiorentina-February-12-2023-Serie-A,,ITA-SERIA_A,22-23
Serie A,22,Sun,2023-02-12,20:45,Napoli,1.8,3–0,0.2,Cremonese,50250,Stadio Diego Armando Maradona,Luca Massimi,/en/matches/0372e194/Napoli-Cremonese-February-12-2023-Serie-A,,ITA-SERIA_A,22-23
Serie A,22,Mon,2023-02-13,18:30,Hellas Verona,1.2,1–0,0.9,Salernitana,17832,Stadio Marc'Antonio Bentegodi,Paolo Valeri,/en/matches/0c6b5f13/Hellas-Verona-Salernitana-February-13-2023-Serie-A,,ITA-SERIA_A,22-23
Serie A,22,Mon,2023-02-13,20:45,Sampdoria,0.5,0–0,1.8,Inter,21575,Stadio Comunale Luigi Ferraris,Fabio Maresca,/en/matches/eb4740b9/Sampdoria-Internazionale-February-13-2023-Serie-A,,ITA-SERIA_A,22-23
Serie A,23,Fri,2023-02-17,20:45,Sassuolo,0.8,0–2,1.6,Napoli,15911,Mapei Stadium - Città del Tricolore,Andrea Colombo,/en/matches/581b5e33/Sassuolo-Napoli-February-17-2023-Serie-A,,ITA-SERIA_A,22-23
Serie A,23,Sat,2023-02-18,15:00,Sampdoria,2.3,1–2,0.9,Bologna,18269,Stadio Comunale Luigi Ferraris,Massimiliano Irrati,/en/matches/b1cd9b66/Sampdoria-Bologna-February-18-2023-Serie-A,,ITA-SERIA_A,22-23
Serie A,23,Sat,2023-02-18,18:00,Monza,0.5,0–1,2.1,Milan,14012,U-Power Stadium,Antonio Rapuano,/en/matches/e80da77d/Monza-Milan-February-18-2023-Serie-A,,ITA-SERIA_A,22-23
Serie A,23,Sat,2023-02-18,20:45,Inter,2.7,3–1,0.8,Udinese,71248,Stadio Giuseppe Meazza,Federico Dionisi,/en/matches/ac4f1fd6/Internazionale-Udinese-February-18-2023-Serie-A,,ITA-SERIA_A,22-23
Serie A,23,Sun,2023-02-19,12:30,Atalanta,1.5,1–2,0.4,Lecce,19435,Gewiss Stadium,Marco Piccinini,/en/matches/10ee64ba/Atalanta-Lecce-February-19-2023-Serie-A,,ITA-SERIA_A,22-23
Serie A,23,Sun,2023-02-19,15:00,Salernitana,0.4,0–2,3.0,Lazio,14860,Stadio Arechi,Rosario Abisso,/en/matches/065f50e3/Salernitana-Lazio-February-19-2023-Serie-A,,ITA-SERIA_A,22-23
Serie A,23,Sun,2023-02-19,15:00,Fiorentina,2.2,1–1,0.8,Empoli,29663,Stadio Artemio Franchi,Alessandro Prontera,/en/matches/32c3a2f8/Fiorentina-Empoli-February-19-2023-Serie-A,,ITA-SERIA_A,22-23
Serie A,23,Sun,2023-02-19,18:00,Spezia,1.3,0–2,1.1,Juventus,11767,Stadio Alberto Picco,Federico La Penna,/en/matches/9c021949/Spezia-Juventus-February-19-2023-Serie-A,,ITA-SERIA_A,22-23
Serie A,23,Sun,2023-02-19,20:45,Roma,0.8,1–0,0.4,Hellas Verona,61009,Stadio Olimpico,Simone Sozza,/en/matches/ce77b37c/Roma-Hellas-Verona-February-19-2023-Serie-A,,ITA-SERIA_A,22-23
Serie A,23,Mon,2023-02-20,20:45,Torino,2.4,2–2,0.6,Cremonese,19095,Stadio Olimpico di Torino,Giacomo Camplone,/en/matches/9e337291/Torino-Cremonese-February-20-2023-Serie-A,,ITA-SERIA_A,22-23
Serie A,24,Sat,2023-02-25,18:00,Empoli,0.6,0–2,2.5,Napoli,12624,Stadio Carlo Castellani,Giovanni Ayroldi,/en/matches/d75d0a23/Empoli-Napoli-February-25-2023-Serie-A,,ITA-SERIA_A,22-23
Serie A,24,Sat,2023-02-25,20:45,Lecce,1.2,0–1,1.1,Sassuolo,23760,Stadio Comunale Via Del Mare,Niccolò Baroni,/en/matches/1b5c17cb/Lecce-Sassuolo-February-25-2023-Serie-A,,ITA-SERIA_A,22-23
Serie A,24,Sun,2023-02-26,12:30,Bologna,1.2,1–0,1.0,Inter,28317,Stadio Renato Dall'Ara,Daniele Orsato,/en/matches/31e3094a/Bologna-Internazionale-February-26-2023-Serie-A,,ITA-SERIA_A,22-23
Serie A,24,Sun,2023-02-26,15:00,Salernitana,2.4,3–0,1.4,Monza,14947,Stadio Arechi,Livio Marinelli,/en/matches/f8947700/Salernitana-Monza-February-26-2023-Serie-A,,ITA-SERIA_A,22-23
Serie A,24,Sun,2023-02-26,18:00,Udinese,2.5,2–2,2.5,Spezia,20710,Dacia Arena,Matteo Marchetti,/en/matches/9f4b902c/Udinese-Spezia-February-26-2023-Serie-A,,ITA-SERIA_A,22-23
Serie A,24,Sun,2023-02-26,20:45,Milan,1.8,2–0,0.1,Atalanta,72203,Stadio Giuseppe Meazza,Maurizio Mariani,/en/matches/4e10ab87/Milan-Atalanta-February-26-2023-Serie-A,,ITA-SERIA_A,22-23
Serie A,24,Mon,2023-02-27,18:30,Hellas Verona,1.2,0–3,1.4,Fiorentina,17787,Stadio Marc'Antonio Bentegodi,Federico La Penna,/en/matches/aba512a2/Hellas-Verona-Fiorentina-February-27-2023-Serie-A,,ITA-SERIA_A,22-23
Serie A,24,Mon,2023-02-27,20:45,Lazio,1.6,1–0,0.5,Sampdoria,35000,Stadio Olimpico,Andrea Colombo,/en/matches/4e4301dd/Lazio-Sampdoria-February-27-2023-Serie-A,,ITA-SERIA_A,22-23
Serie A,24,Tue,2023-02-28,18:30,Cremonese,1.0,2–1,1.2,Roma,11367,Stadio Giovanni Zini,Marco Piccinini,/en/matches/e07a15e6/Cremonese-Roma-February-28-2023-Serie-A,,ITA-SERIA_A,22-23
Serie A,24,Tue,2023-02-28,20:45,Juventus,1.5,4–2,1.2,Torino,37806,Allianz Stadium,Daniele Chiffi,/en/matches/93ca63ac/Juventus-Torino-February-28-2023-Serie-A,,ITA-SERIA_A,22-23
Serie A,25,Fri,2023-03-03,20:45,Napoli,0.9,0–1,0.2,Lazio,45786,Stadio Diego Armando Maradona,Luca Pairetto,/en/matches/8d3018cb/Napoli-Lazio-March-3-2023-Serie-A,,ITA-SERIA_A,22-23
Serie A,25,Sat,2023-03-04,15:00,Monza,0.7,2–1,1.0,Empoli,10601,U-Power Stadium,Ermanno Feliciani,/en/matches/797ce905/Monza-Empoli-March-4-2023-Serie-A,,ITA-SERIA_A,22-23
Serie A,25,Sat,2023-03-04,18:00,Atalanta,1.4,0–0,0.3,Udinese,18475,Gewiss Stadium,Davide Ghersini,/en/matches/9cd87b54/Atalanta-Udinese-March-4-2023-Serie-A,,ITA-SERIA_A,22-23
Serie A,25,Sat,2023-03-04,20:45,Fiorentina,2.1,2–1,0.9,Milan,40410,Stadio Artemio Franchi,Marco Di Bello,/en/matches/b5e96b1b/Fiorentina-Milan-March-4-2023-Serie-A,,ITA-SERIA_A,22-23
Serie A,25,Sun,2023-03-05,12:30,Spezia,1.2,0–0,1.2,Hellas Verona,10020,Stadio Alberto Picco,Daniele Doveri,/en/matches/b63b2da7/Spezia-Hellas-Verona-March-5-2023-Serie-A,,ITA-SERIA_A,22-23
Serie A,25,Sun,2023-03-05,15:00,Sampdoria,0.5,0–0,0.8,Salernitana,20353,Stadio Comunale Luigi Ferraris,Davide Massa,/en/matches/53e0079d/Sampdoria-Salernitana-March-5-2023-Serie-A,,ITA-SERIA_A,22-23
Serie A,25,Sun,2023-03-05,18:00,Inter,0.8,2–0,0.6,Lecce,75033,Stadio Giuseppe Meazza,Gianluca Manganiello,/en/matches/f5f78a69/Internazionale-Lecce-March-5-2023-Serie-A,,ITA-SERIA_A,22-23
Serie A,25,Sun,2023-03-05,20:45,Roma,0.6,1–0,0.7,Juventus,64213,Stadio Olimpico,Fabio Maresca,/en/matches/f76d4fdf/Roma-Juventus-March-5-2023-Serie-A,,ITA-SERIA_A,22-23
Serie A,25,Mon,2023-03-06,18:30,Sassuolo,1.0,3–2,1.2,Cremonese,11587,Mapei Stadium - Città del Tricolore,Francesco Fourneau,/en/matches/0788be5b/Sassuolo-Cremonese-March-6-2023-Serie-A,,ITA-SERIA_A,22-23
Serie A,25,Mon,2023-03-06,20:45,Torino,0.9,1–0,0.5,Bologna,18592,Stadio Olimpico di Torino,Antonio Rapuano,/en/matches/960f75f8/Torino-Bologna-March-6-2023-Serie-A,,ITA-SERIA_A,22-23
Serie A,26,Fri,2023-03-10,20:45,Spezia,1.0,2–1,3.8,Inter,11767,Stadio Alberto Picco,Livio Marinelli,/en/matches/23af9298/Spezia-Internazionale-March-10-2023-Serie-A,,ITA-SERIA_A,22-23
Serie A,26,Sat,2023-03-11,15:00,Empoli,1.2,0–1,1.4,Udinese,7465,Stadio Carlo Castellani,Francesco Cosso,/en/matches/2974362b/Empoli-Udinese-March-11-2023-Serie-A,,ITA-SERIA_A,22-23
Serie A,26,Sat,2023-03-11,18:00,Napoli,1.3,2–0,0.3,Atalanta,50601,Stadio Diego Armando Maradona,Andrea Colombo,/en/matches/92f3cffe/Napoli-Atalanta-March-11-2023-Serie-A,,ITA-SERIA_A,22-23
Serie A,26,Sat,2023-03-11,20:45,Bologna,0.9,0–0,0.8,Lazio,27369,Stadio Renato Dall'Ara,Fabio Maresca,/en/matches/50a09098/Bologna-Lazio-March-11-2023-Serie-A,,ITA-SERIA_A,22-23
Serie A,26,Sun,2023-03-12,12:30,Lecce,0.5,0–2,0.1,Torino,24413,Stadio Comunale Via Del Mare,Juan Sacchi,/en/matches/1d26d2a3/Lecce-Torino-March-12-2023-Serie-A,,ITA-SERIA_A,22-23
Serie A,26,Sun,2023-03-12,15:00,Cremonese,1.8,0–2,1.7,Fiorentina,11506,Stadio Giovanni Zini,Matteo Marcenaro,/en/matches/15d330d8/Cremonese-Fiorentina-March-12-2023-Serie-A,,ITA-SERIA_A,22-23
Serie A,26,Sun,2023-03-12,15:00,Hellas Verona,0.6,1–1,1.1,Monza,18061,Stadio Marc'Antonio Bentegodi,Marco Piccinini,/en/matches/e4baa282/Hellas-Verona-Monza-March-12-2023-Serie-A,,ITA-SERIA_A,22-23
Serie A,26,Sun,2023-03-12,18:00,Roma,1.5,3–4,3.5,Sassuolo,60816,Stadio Olimpico,Michael Fabbri,/en/matches/89b8aae3/Roma-Sassuolo-March-12-2023-Serie-A,,ITA-SERIA_A,22-23
Serie A,26,Sun,2023-03-12,20:45,Juventus,2.8,4–2,0.8,Sampdoria,35166,Allianz Stadium,Alessandro Prontera,/en/matches/9c0f0395/Juventus-Sampdoria-March-12-2023-Serie-A,,ITA-SERIA_A,22-23
Serie A,26,Mon,2023-03-13,20:45,Milan,2.2,1–1,0.8,Salernitana,71870,Stadio Giuseppe Meazza,Federico La Penna,/en/matches/8e214fe9/Milan-Salernitana-March-13-2023-Serie-A,,ITA-SERIA_A,22-23
Serie A,27,Fri,2023-03-17,18:30,Sassuolo,2.0,1–0,0.7,Spezia,11152,Mapei Stadium - Città del Tricolore,Davide Ghersini,/en/matches/380bce36/Sassuolo-Spezia-March-17-2023-Serie-A,,ITA-SERIA_A,22-23
Serie A,27,Fri,2023-03-17,20:45,Atalanta,2.9,2–1,0.7,Empoli,17864,Gewiss Stadium,Federico Dionisi,/en/matches/061a08ab/Atalanta-Empoli-March-17-2023-Serie-A,,ITA-SERIA_A,22-23
Serie A,27,Sat,2023-03-18,15:00,Monza,2.0,1–1,0.7,Cremonese,12797,U-Power Stadium,Antonio Giua,/en/matches/8d30b914/Monza-Cremonese-March-18-2023-Serie-A,,ITA-SERIA_A,22-23
Serie A,27,Sat,2023-03-18,18:00,Salernitana,0.9,2–2,0.4,Bologna,18600,Stadio Arechi,Luca Pairetto,/en/matches/bf36af54/Salernitana-Bologna-March-18-2023-Serie-A,,ITA-SERIA_A,22-23
Serie A,27,Sat,2023-03-18,20:45,Udinese,1.8,3–1,1.5,Milan,24992,Dacia Arena,Daniele Doveri,/en/matches/58bf57ff/Udinese-Milan-March-18-2023-Serie-A,,ITA-SERIA_A,22-23
Serie A,27,Sun,2023-03-19,12:30,Sampdoria,1.2,3–1,1.3,Hellas Verona,18228,Stadio Comunale Luigi Ferraris,Maurizio Mariani,/en/matches/7843ca52/Sampdoria-Hellas-Verona-March-19-2023-Serie-A,,ITA-SERIA_A,22-23
Serie A,27,Sun,2023-03-19,15:00,Fiorentina,1.2,1–0,0.5,Lecce,34604,Stadio Artemio Franchi,Rosario Abisso,/en/matches/87aa639a/Fiorentina-Lecce-March-19-2023-Serie-A,,ITA-SERIA_A,22-23
Serie A,27,Sun,2023-03-19,15:00,Torino,1.3,0–4,2.3,Napoli,26058,Stadio Olimpico di Torino,Matteo Marchetti,/en/matches/d048f6e2/Torino-Napoli-March-19-2023-Serie-A,,ITA-SERIA_A,22-23
Serie A,27,Sun,2023-03-19,18:00,Lazio,0.6,1–0,0.6,Roma,62000,Stadio Olimpico,Davide Massa,/en/matches/bf18ca69/Lazio-Roma-March-19-2023-Serie-A,,ITA-SERIA_A,22-23
Serie A,27,Sun,2023-03-19,20:45,Inter,1.2,0–1,0.6,Juventus,75224,Stadio Giuseppe Meazza,Daniele Chiffi,/en/matches/2418f475/Derby-dItalia-Internazionale-Juventus-March-19-2023-Serie-A,,ITA-SERIA_A,22-23
Serie A,28,Sat,2023-04-01,15:00,Cremonese,1.5,1–3,2.9,Atalanta,11891,Stadio Giovanni Zini,Livio Marinelli,/en/matches/765caef9/Cremonese-Atalanta-April-1-2023-Serie-A,,ITA-SERIA_A,22-23
Serie A,28,Sat,2023-04-01,18:00,Inter,2.8,0–1,1.1,Fiorentina,73576,Stadio Giuseppe Meazza,Fabio Maresca,/en/matches/067eccc7/Internazionale-Fiorentina-April-1-2023-Serie-A,,ITA-SERIA_A,22-23
Serie A,28,Sat,2023-04-01,20:45,Juventus,1.8,1–0,0.6,Hellas Verona,40105,Allianz Stadium,Matteo Marchetti,/en/matches/e9d5928b/Juventus-Hellas-Verona-April-1-2023-Serie-A,,ITA-SERIA_A,22-23
Serie A,28,Sun,2023-04-02,12:30,Bologna,0.7,3–0,0.8,Udinese,25562,Stadio Renato Dall'Ara,Maria Sole Ferrieri Caputi,/en/matches/722d10a6/Bologna-Udinese-April-2-2023-Serie-A,,ITA-SERIA_A,22-23
Serie A,28,Sun,2023-04-02,15:00,Spezia,2.0,1–1,1.1,Salernitana,10723,Stadio Alberto Picco,Daniele Orsato,/en/matches/7bebff51/Spezia-Salernitana-April-2-2023-Serie-A,,ITA-SERIA_A,22-23
Serie A,28,Sun,2023-04-02,15:00,Monza,1.3,0–2,0.5,Lazio,14539,U-Power Stadium,Matteo Marcenaro,/en/matches/d7771fc2/Monza-Lazio-April-2-2023-Serie-A,,ITA-SERIA_A,22-23
Serie A,28,Sun,2023-04-02,18:00,Roma,3.0,3–0,0.3,Sampdoria,62108,Stadio Olimpico,Massimiliano Irrati,/en/matches/4de4258a/Roma-Sampdoria-April-2-2023-Serie-A,,ITA-SERIA_A,22-23
Serie A,28,Sun,2023-04-02,20:45,Napoli,1.2,0–4,2.1,Milan,51466,Stadio Diego Armando Maradona,Antonio Rapuano,/en/matches/cc8a66d5/Napoli-Milan-April-2-2023-Serie-A,,ITA-SERIA_A,22-23
Serie A,28,Mon,2023-04-03,18:30,Empoli,1.7,1–0,0.2,Lecce,8844,Stadio Carlo Castellani,Michael Fabbri,/en/matches/7b8bff61/Empoli-Lecce-April-3-2023-Serie-A,,ITA-SERIA_A,22-23
Serie A,28,Mon,2023-04-03,20:45,Sassuolo,1.1,1–1,1.7,Torino,12896,Mapei Stadium - Città del Tricolore,Ivan Pezzuto,/en/matches/627f9db3/Sassuolo-Torino-April-3-2023-Serie-A,,ITA-SERIA_A,22-23
Serie A,29,Fri,2023-04-07,17:00,Salernitana,1.1,1–1,2.8,Inter,23702,Stadio Arechi,Michael Fabbri,/en/matches/f39d286a/Salernitana-Internazionale-April-7-2023-Serie-A,,ITA-SERIA_A,22-23
Serie A,29,Fri,2023-04-07,19:00,Lecce,1.1,1–2,1.1,Napoli,25799,Stadio Comunale Via Del Mare,Gianluca Manganiello,/en/matches/f952d6cb/Lecce-Napoli-April-7-2023-Serie-A,,ITA-SERIA_A,22-23
Serie A,29,Fri,2023-04-07,21:00,Milan,1.9,0–0,0.1,Empoli,70286,Stadio Giuseppe Meazza,Matteo Marcenaro,/en/matches/b6603e7a/Milan-Empoli-April-7-2023-Serie-A,,ITA-SERIA_A,22-23
Serie A,29,Sat,2023-04-08,12:30,Udinese,1.8,2–2,1.1,Monza,22658,Dacia Arena,Luca Massimi,/en/matches/1a3e5973/Udinese-Monza-April-8-2023-Serie-A,,ITA-SERIA_A,22-23
Serie A,29,Sat,2023-04-08,14:30,Fiorentina,1.0,1–1,0.7,Spezia,35863,Stadio Artemio Franchi,Federico Dionisi,/en/matches/09071495/Fiorentina-Spezia-April-8-2023-Serie-A,,ITA-SERIA_A,22-23
Serie A,29,Sat,2023-04-08,16:30,Atalanta,1.3,0–2,1.3,Bologna,18950,Gewiss Stadium,Daniele Orsato,/en/matches/2680e49c/Atalanta-Bologna-April-8-2023-Serie-A,,ITA-SERIA_A,22-23
Serie A,29,Sat,2023-04-08,16:30,Sampdoria,2.1,2–3,1.3,Cremonese,20421,Stadio Comunale Luigi Ferraris,Daniele Doveri,/en/matches/b7f86e2b/Sampdoria-Cremonese-April-8-2023-Serie-A,,ITA-SERIA_A,22-23
Serie A,29,Sat,2023-04-08,18:30,Hellas Verona,0.5,2–1,1.8,Sassuolo,23660,Stadio Marc'Antonio Bentegodi,Francesco Fourneau,/en/matches/11368184/Hellas-Verona-Sassuolo-April-8-2023-Serie-A,,ITA-SERIA_A,22-23
Serie A,29,Sat,2023-04-08,18:30,Torino,0.3,0–1,1.1,Roma,22142,Stadio Olimpico di Torino,Andrea Colombo,/en/matches/7c243fe7/Torino-Roma-April-8-2023-Serie-A,,ITA-SERIA_A,22-23
Serie A,29,Sat,2023-04-08,20:45,Lazio,1.2,2–1,1.9,Juventus,54000,Stadio Olimpico,Marco Di Bello,/en/matches/87367231/Lazio-Juventus-April-8-2023-Serie-A,,ITA-SERIA_A,22-23
Serie A,30,Fri,2023-04-14,18:30,Cremonese,1.2,1–0,1.2,Empoli,8966,Stadio Giovanni Zini,Luca Zufferli,/en/matches/1d03b358/Cremonese-Empoli-April-14-2023-Serie-A,,ITA-SERIA_A,22-23
Serie A,30,Fri,2023-04-14,20:45,Spezia,0.7,0–3,2.8,Lazio,9500,Stadio Alberto Picco,Massimiliano Irrati,/en/matches/513a7d11/Spezia-Lazio-April-14-2023-Serie-A,,ITA-SERIA_A,22-23
Serie A,30,Sat,2023-04-15,15:00,Bologna,0.6,1–1,1.4,Milan,29024,Stadio Renato Dall'Ara,Davide Massa,/en/matches/c88d1095/Bologna-Milan-April-15-2023-Serie-A,,ITA-SERIA_A,22-23
Serie A,30,Sat,2023-04-15,18:00,Napoli,0.4,0–0,0.4,Hellas Verona,39216,Stadio Diego Armando Maradona,Federico La Penna,/en/matches/848e6854/Napoli-Hellas-Verona-April-15-2023-Serie-A,,ITA-SERIA_A,22-23
Serie A,30,Sat,2023-04-15,20:45,Inter,2.1,0–1,0.7,Monza,74135,Stadio Giuseppe Meazza,Luca Pairetto,/en/matches/69a5c5bf/Internazionale-Monza-April-15-2023-Serie-A,,ITA-SERIA_A,22-23
Serie A,30,Sun,2023-04-16,12:30,Lecce,2.6,1–1,0.6,Sampdoria,22471,Stadio Comunale Via Del Mare,Maurizio Mariani,/en/matches/2b433a91/Lecce-Sampdoria-April-16-2023-Serie-A,,ITA-SERIA_A,22-23
Serie A,30,Sun,2023-04-16,15:00,Torino,1.7,1–1,0.7,Salernitana,21122,Stadio Olimpico di Torino,Gianluca Aureliano,/en/matches/e49ad6cf/Torino-Salernitana-April-16-2023-Serie-A,,ITA-SERIA_A,22-23
Serie A,30,Sun,2023-04-16,18:00,Sassuolo,0.9,1–0,1.1,Juventus,19566,Mapei Stadium - Città del Tricolore,Antonio Rapuano,/en/matches/ee18a239/Sassuolo-Juventus-April-16-2023-Serie-A,,ITA-SERIA_A,22-23
Serie A,30,Sun,2023-04-16,20:45,Roma,2.5,3–0,1.2,Udinese,61015,Stadio Olimpico,Antonio Giua,/en/matches/a3c2687a/Roma-Udinese-April-16-2023-Serie-A,,ITA-SERIA_A,22-23
Serie A,30,Mon,2023-04-17,20:45,Fiorentina,1.9,1–1,0.5,Atalanta,29628,Stadio Artemio Franchi,Marco Guida,/en/matches/cb9caf1b/Fiorentina-Atalanta-April-17-2023-Serie-A,,ITA-SERIA_A,22-23
Serie A,31,Fri,2023-04-21,20:45,Hellas Verona,1.4,2–1,1.3,Bologna,21031,Stadio Marc'Antonio Bentegodi,Maurizio Mariani,/en/matches/16551b6f/Hellas-Verona-Bologna-April-21-2023-Serie-A,,ITA-SERIA_A,22-23
Serie A,31,Sat,2023-04-22,15:00,Salernitana,1.3,3–0,0.7,Sassuolo,23060,Stadio Arechi,Giacomo Camplone,/en/matches/c4b38610/Salernitana-Sassuolo-April-22-2023-Serie-A,,ITA-SERIA_A,22-23
Serie A,31,Sat,2023-04-22,18:00,Lazio,0.6,0–1,0.6,Torino,50000,Stadio Olimpico,Davide Ghersini,/en/matches/bad0eeaa/Lazio-Torino-April-22-2023-Serie-A,,ITA-SERIA_A,22-23
Serie A,31,Sat,2023-04-22,20:45,Sampdoria,1.4,1–1,2.5,Spezia,19181,Stadio Comunale Luigi Ferraris,Fabio Maresca,/en/matches/d37c5c6e/Sampdoria-Spezia-April-22-2023-Serie-A,,ITA-SERIA_A,22-23
Serie A,31,Sun,2023-04-23,12:30,Empoli,0.9,0–3,1.1,Inter,15337,Stadio Carlo Castellani,Livio Marinelli,/en/matches/50158e30/Empoli-Internazionale-April-23-2023-Serie-A,,ITA-SERIA_A,22-23
Serie A,31,Sun,2023-04-23,15:00,Udinese,1.6,3–0,0.9,Cremonese,23455,Dacia Arena,Francesco Fourneau,/en/matches/081fdd6b/Udinese-Cremonese-April-23-2023-Serie-A,,ITA-SERIA_A,22-23
Serie A,31,Sun,2023-04-23,15:00,Monza,1.5,3–2,1.3,Fiorentina,13118,U-Power Stadium,Juan Sacchi,/en/matches/631115c4/Monza-Fiorentina-April-23-2023-Serie-A,,ITA-SERIA_A,22-23
Serie A,31,Sun,2023-04-23,18:00,Milan,0.8,2–0,1.2,Lecce,72614,Stadio Giuseppe Meazza,Daniele Chiffi,/en/matches/d7e0f3f0/Milan-Lecce-April-23-2023-Serie-A,,ITA-SERIA_A,22-23
Serie A,31,Sun,2023-04-23,20:45,Juventus,0.4,0–1,1.2,Napoli,39839,Allianz Stadium,Michael Fabbri,/en/matches/b06a67ca/Juventus-Napoli-April-23-2023-Serie-A,,ITA-SERIA_A,22-23
Serie A,31,Mon,2023-04-24,20:45,Atalanta,0.9,3–1,1.0,Roma,19445,Gewiss Stadium,Massimiliano Irrati,/en/matches/f890833d/Atalanta-Roma-April-24-2023-Serie-A,,ITA-SERIA_A,22-23
Serie A,32,Fri,2023-04-28,18:30,Lecce,2.0,1–0,0.7,Udinese,23069,Stadio Comunale Via Del Mare,Matteo Marchetti,/en/matches/0b43c35e/Lecce-Udinese-April-28-2023-Serie-A,,ITA-SERIA_A,22-23
Serie A,32,Fri,2023-04-28,20:45,Spezia,1.7,0–2,0.9,Monza,9200,Stadio Alberto Picco,Antonio Rapuano,/en/matches/545c2cd0/Spezia-Monza-April-28-2023-Serie-A,,ITA-SERIA_A,22-23
Serie A,32,Sat,2023-04-29,18:00,Roma,1.0,1–1,1.0,Milan,64191,Stadio Olimpico,Daniele Orsato,/en/matches/9272416d/Roma-Milan-April-29-2023-Serie-A,,ITA-SERIA_A,22-23
Serie A,32,Sat,2023-04-29,20:45,Torino,0.3,1–2,0.5,Atalanta,20196,Stadio Olimpico di Torino,Juan Sacchi,/en/matches/01babd1c/Torino-Atalanta-April-29-2023-Serie-A,,ITA-SERIA_A,22-23
Serie A,32,Sun,2023-04-30,12:30,Inter,3.1,3–1,0.8,Lazio,75500,Stadio Giuseppe Meazza,Marco Guida,/en/matches/66363a42/Internazionale-Lazio-April-30-2023-Serie-A,,ITA-SERIA_A,22-23
Serie A,32,Sun,2023-04-30,15:00,Cremonese,0.7,1–1,1.1,Hellas Verona,11645,Stadio Giovanni Zini,Daniele Doveri,/en/matches/6c978db4/Cremonese-Hellas-Verona-April-30-2023-Serie-A,,ITA-SERIA_A,22-23
Serie A,32,Sun,2023-04-30,15:00,Sassuolo,1.8,2–1,0.4,Empoli,10267,Mapei Stadium - Città del Tricolore,Federico Dionisi,/en/matches/a694adf3/Sassuolo-Empoli-April-30-2023-Serie-A,,ITA-SERIA_A,22-23
Serie A,32,Sun,2023-04-30,15:00,Napoli,1.6,1–1,0.3,Salernitana,54726,Stadio Diego Armando Maradona,Matteo Marcenaro,/en/matches/e6fda8f8/Napoli-Salernitana-April-30-2023-Serie-A,,ITA-SERIA_A,22-23
Serie A,32,Sun,2023-04-30,18:00,Fiorentina,1.7,5–0,0.4,Sampdoria,30602,Stadio Artemio Franchi,Antonio Giua,/en/matches/46520cb0/Fiorentina-Sampdoria-April-30-2023-Serie-A,,ITA-SERIA_A,22-23
Serie A,32,Sun,2023-04-30,20:45,Bologna,1.9,1–1,2.7,Juventus,30071,Stadio Renato Dall'Ara,Simone Sozza,/en/matches/153bfab3/Bologna-Juventus-April-30-2023-Serie-A,,ITA-SERIA_A,22-23
Serie A,33,Wed,2023-05-03,18:00,Sampdoria,0.3,0–2,2.0,Torino,16865,Stadio Comunale Luigi Ferraris,Giacomo Camplone,/en/matches/226dc5e0/Sampdoria-Torino-May-3-2023-Serie-A,,ITA-SERIA_A,22-23
Serie A,33,Wed,2023-05-03,18:00,Juventus,1.8,2–1,1.7,Lecce,33757,Allianz Stadium,Francesco Fourneau,/en/matches/44e9c13b/Juventus-Lecce-May-3-2023-Serie-A,,ITA-SERIA_A,22-23
Serie A,33,Wed,2023-05-03,18:00,Salernitana,1.1,3–3,1.9,Fiorentina,17868,Stadio Arechi,Ivan Pezzuto,/en/matches/8390ea38/Salernitana-Fiorentina-May-3-2023-Serie-A,,ITA-SERIA_A,22-23
Serie A,33,Wed,2023-05-03,18:00,Atalanta,0.8,3–2,1.0,Spezia,17417,Gewiss Stadium,Livio Marinelli,/en/matches/e74ef1d8/Atalanta-Spezia-May-3-2023-Serie-A,,ITA-SERIA_A,22-23
Serie A,33,Wed,2023-05-03,21:00,Milan,1.6,1–1,1.2,Cremonese,68136,Stadio Giuseppe Meazza,Luca Pairetto,/en/matches/978e3d86/Milan-Cremonese-May-3-2023-Serie-A,,ITA-SERIA_A,22-23
Serie A,33,Wed,2023-05-03,21:00,Lazio,1.9,2–0,0.9,Sassuolo,35000,Stadio Olimpico,Massimiliano Irrati,/en/matches/b9e702d0/Lazio-Sassuolo-May-3-2023-Serie-A,,ITA-SERIA_A,22-23
Serie A,33,Wed,2023-05-03,21:00,Hellas Verona,0.5,0–6,2.4,Inter,19409,Stadio Marc'Antonio Bentegodi,Daniele Orsato,/en/matches/c487126f/Hellas-Verona-Internazionale-May-3-2023-Serie-A,,ITA-SERIA_A,22-23
Serie A,33,Wed,2023-05-03,21:00,Monza,0.9,1–1,1.0,Roma,12388,U-Power Stadium,Daniele Chiffi,/en/matches/caeb207e/Monza-Roma-May-3-2023-Serie-A,,ITA-SERIA_A,22-23
Serie A,33,Thu,2023-05-04,20:45,Udinese,0.3,1–1,0.5,Napoli,24911,Dacia Arena,Rosario Abisso,/en/matches/47f27780/Udinese-Napoli-May-4-2023-Serie-A,,ITA-SERIA_A,22-23
Serie A,33,Thu,2023-05-04,20:45,Empoli,1.0,3–1,2.0,Bologna,8349,Stadio Carlo Castellani,Federico La Penna,/en/matches/99554d9f/Empoli-Bologna-May-4-2023-Serie-A,,ITA-SERIA_A,22-23
Serie A,34,Sat,2023-05-06,15:00,Milan,0.8,2–0,1.2,Lazio,72365,Stadio Giuseppe Meazza,Antonio Rapuano,/en/matches/d502cee9/Milan-Lazio-May-6-2023-Serie-A,,ITA-SERIA_A,22-23
Serie A,34,Sat,2023-05-06,18:00,Roma,0.9,0–2,0.7,Inter,61870,Stadio Olimpico,Fabio Maresca,/en/matches/45bc0837/Roma-Internazionale-May-6-2023-Serie-A,,ITA-SERIA_A,22-23
Serie A,34,Sat,2023-05-06,20:45,Cremonese,0.9,2–0,1.3,Spezia,10260,Stadio Giovanni Zini,Marco Guida,/en/matches/2f6c6675/Cremonese-Spezia-May-6-2023-Serie-A,,ITA-SERIA_A,22-23
Serie A,34,Sun,2023-05-07,12:30,Atalanta,1.1,0–2,1.0,Juventus,19570,Gewiss Stadium,Daniele Doveri,/en/matches/f725ba27/Atalanta-Juventus-May-7-2023-Serie-A,,ITA-SERIA_A,22-23
Serie A,34,Sun,2023-05-07,15:00,Torino,0.9,1–1,0.9,Monza,19517,Stadio Olimpico di Torino,Luca Zufferli,/en/matches/f2170761/Torino-Monza-May-7-2023-Serie-A,,ITA-SERIA_A,22-23
Serie A,34,Sun,2023-05-07,18:00,Napoli,2.0,1–0,1.1,Fiorentina,46522,Stadio Diego Armando Maradona,Matteo Marchetti,/en/matches/6e08de10/Napoli-Fiorentina-May-7-2023-Serie-A,,ITA-SERIA_A,22-23
Serie A,34,Sun,2023-05-07,20:45,Lecce,0.8,0–1,0.8,Hellas Verona,24768,Stadio Comunale Via Del Mare,Davide Massa,/en/matches/9d3a7419/Lecce-Hellas-Verona-May-7-2023-Serie-A,,ITA-SERIA_A,22-23
Serie A,34,Mon,2023-05-08,18:30,Udinese,1.0,2–0,0.9,Sampdoria,20430,Dacia Arena,Niccolò Baroni,/en/matches/1e4613ad/Udinese-Sampdoria-May-8-2023-Serie-A,,ITA-SERIA_A,22-23
Serie A,34,Mon,2023-05-08,18:30,Empoli,1.8,2–1,0.7,Salernitana,10760,Stadio Carlo Castellani,Manuel Volpi,/en/matches/384638a6/Empoli-Salernitana-May-8-2023-Serie-A,,ITA-SERIA_A,22-23
Serie A,34,Mon,2023-05-08,20:45,Sassuolo,0.3,1–1,0.5,Bologna,13664,Mapei Stadium - Città del Tricolore,Maria Sole Ferrieri Caputi,/en/matches/dc28f0cf/Sassuolo-Bologna-May-8-2023-Serie-A,,ITA-SERIA_A,22-23
Serie A,35,Fri,2023-05-12,20:45,Lazio,1.7,2–2,1.4,Lecce,40000,Stadio Olimpico,Fabio Maresca,/en/matches/e906f8d4/Lazio-Lecce-May-12-2023-Serie-A,,ITA-SERIA_A,22-23
Serie A,35,Sat,2023-05-13,15:00,Salernitana,0.5,1–0,1.2,Atalanta,17400,Stadio Arechi,Marco Piccinini,/en/matches/356b2e53/Salernitana-Atalanta-May-13-2023-Serie-A,,ITA-SERIA_A,22-23
Serie A,35,Sat,2023-05-13,18:00,Spezia,1.8,2–0,1.0,Milan,11366,Stadio Alberto Picco,Daniele Doveri,/en/matches/4739933d/Spezia-Milan-May-13-2023-Serie-A,,ITA-SERIA_A,22-23
Serie A,35,Sat,2023-05-13,20:45,Inter,1.4,4–2,2.3,Sassuolo,71246,Stadio Giuseppe Meazza,Matteo Marcenaro,/en/matches/31c1df52/Internazionale-Sassuolo-May-13-2023-Serie-A,,ITA-SERIA_A,22-23
Serie A,35,Sun,2023-05-14,12:30,Hellas Verona,0.5,0–1,1.8,Torino,19658,Stadio Marc'Antonio Bentegodi,Marco Di Bello,/en/matches/33a2394a/Hellas-Verona-Torino-May-14-2023-Serie-A,,ITA-SERIA_A,22-23
Serie A,35,Sun,2023-05-14,15:00,Fiorentina,2.1,2–0,0.3,Udinese,27383,Stadio Artemio Franchi,Daniele Paterna,/en/matches/81c773b1/Fiorentina-Udinese-May-14-2023-Serie-A,,ITA-SERIA_A,22-23
Serie A,35,Sun,2023-05-14,15:00,Monza,1.3,2–0,1.1,Napoli,14455,U-Power Stadium,Francesco Cosso,/en/matches/8c81edd7/Monza-Napoli-May-14-2023-Serie-A,,ITA-SERIA_A,22-23
Serie A,35,Sun,2023-05-14,18:00,Bologna,0.4,0–0,1.2,Roma,23824,Stadio Renato Dall'Ara,Daniele Orsato,/en/matches/e3682065/Bologna-Roma-May-14-2023-Serie-A,,ITA-SERIA_A,22-23
Serie A,35,Sun,2023-05-14,20:45,Juventus,1.6,2–0,0.1,Cremonese,39439,Allianz Stadium,Daniele Chiffi,/en/matches/67d71e30/Juventus-Cremonese-May-14-2023-Serie-A,,ITA-SERIA_A,22-23
Serie A,35,Mon,2023-05-15,20:45,Sampdoria,1.3,1–1,1.6,Empoli,16867,Stadio Comunale Luigi Ferraris,Ermanno Feliciani,/en/matches/db9a7479/Sampdoria-Empoli-May-15-2023-Serie-A,,ITA-SERIA_A,22-23
Serie A,36,Fri,2023-05-19,20:45,Sassuolo,1.6,1–2,1.6,Monza,11745,Mapei Stadium - Città del Tricolore,Alberto Santoro,/en/matches/60d2260e/Sassuolo-Monza-May-19-2023-Serie-A,,ITA-SERIA_A,22-23
Serie A,36,Sat,2023-05-20,15:00,Cremonese,1.3,1–5,2.6,Bologna,11140,Stadio Giovanni Zini,Paolo Valeri,/en/matches/a496e598/Cremonese-Bologna-May-20-2023-Serie-A,,ITA-SERIA_A,22-23
Serie A,36,Sat,2023-05-20,18:00,Atalanta,1.4,3–1,0.9,Hellas Verona,9297,Gewiss Stadium,Simone Sozza,/en/matches/e7941b47/Atalanta-Hellas-Verona-May-20-2023-Serie-A,,ITA-SERIA_A,22-23
Serie A,36,Sat,2023-05-20,20:45,Milan,3.8,5–1,0.6,Sampdoria,72105,Stadio Giuseppe Meazza,Francesco Fourneau,/en/matches/9adbcb83/Milan-Sampdoria-May-20-2023-Serie-A,,ITA-SERIA_A,22-23
Serie A,36,Sun,2023-05-21,12:30,Lecce,0.3,0–0,0.8,Spezia,26022,Stadio Comunale Via Del Mare,Maurizio Mariani,/en/matches/31df1268/Lecce-Spezia-May-21-2023-Serie-A,,ITA-SERIA_A,22-23
Serie A,36,Sun,2023-05-21,15:00,Torino,1.1,1–1,0.8,Fiorentina,20403,Stadio Olimpico di Torino,Luca Massimi,/en/matches/c02c3b21/Torino-Fiorentina-May-21-2023-Serie-A,,ITA-SERIA_A,22-23
Serie A,36,Sun,2023-05-21,18:00,Napoli,1.7,3–1,0.6,Inter,50000,Stadio Diego Armando Maradona,Livio Marinelli,/en/matches/d22aead3/Napoli-Internazionale-May-21-2023-Serie-A,,ITA-SERIA_A,22-23
Serie A,36,Sun,2023-05-21,20:45,Udinese,0.5,0–1,2.0,Lazio,21834,Dacia Arena,Luca Pairetto,/en/matches/7caf50be/Udinese-Lazio-May-21-2023-Serie-A,,ITA-SERIA_A,22-23
Serie A,36,Mon,2023-05-22,18:30,Roma,1.4,2–2,1.1,Salernitana,64286,Stadio Olimpico,Andrea Colombo,/en/matches/83de7ca2/Roma-Salernitana-May-22-2023-Serie-A,,ITA-SERIA_A,22-23
Serie A,36,Mon,2023-05-22,20:45,Empoli,2.7,4–1,1.8,Juventus,15519,Stadio Carlo Castellani,Giovanni Ayroldi,/en/matches/7fd6b785/Empoli-Juventus-May-22-2023-Serie-A,,ITA-SERIA_A,22-23
Serie A,37,Fri,2023-05-26,20:45,Sampdoria,2.2,2–2,2.9,Sassuolo,18430,Stadio Comunale Luigi Ferraris,Francesco Meraviglia,/en/matches/e4822dc4/Sampdoria-Sassuolo-May-26-2023-Serie-A,,ITA-SERIA_A,22-23
Serie A,37,Sat,2023-05-27,15:00,Spezia,0.9,0–4,1.0,Torino,10776,Stadio Alberto Picco,Marco Guida,/en/matches/3feeb5a0/Spezia-Torino-May-27-2023-Serie-A,,ITA-SERIA_A,22-23
Serie A,37,Sat,2023-05-27,15:00,Salernitana,1.2,3–2,2.3,Udinese,27035,Stadio Arechi,Niccolò Baroni,/en/matches/cc5813d7/Salernitana-Udinese-May-27-2023-Serie-A,,ITA-SERIA_A,22-23
Serie A,37,Sat,2023-05-27,18:00,Fiorentina,2.3,2–1,1.2,Roma,32829,Stadio Artemio Franchi,Giovanni Ayroldi,/en/matches/db3e8df3/Fiorentina-Roma-May-27-2023-Serie-A,,ITA-SERIA_A,22-23
Serie A,37,Sat,2023-05-27,20:45,Inter,2.8,3–2,1.0,Atalanta,72192,Stadio Giuseppe Meazza,Daniele Orsato,/en/matches/33fc1b77/Internazionale-Atalanta-May-27-2023-Serie-A,,ITA-SERIA_A,22-23
Serie A,37,Sun,2023-05-28,12:30,Hellas Verona,1.0,1–1,1.2,Empoli,22831,Stadio Marc'Antonio Bentegodi,Daniele Chiffi,/en/matches/51bad534/Hellas-Verona-Empoli-May-28-2023-Serie-A,,ITA-SERIA_A,22-23
Serie A,37,Sun,2023-05-28,15:00,Bologna,1.9,2–2,1.4,Napoli,27209,Stadio Renato Dall'Ara,Matteo Marcenaro,/en/matches/1207c6f7/Bologna-Napoli-May-28-2023-Serie-A,,ITA-SERIA_A,22-23
Serie A,37,Sun,2023-05-28,15:00,Monza,1.1,0–1,1.2,Lecce,15039,U-Power Stadium,Daniele Doveri,/en/matches/aabd5510/Monza-Lecce-May-28-2023-Serie-A,,ITA-SERIA_A,22-23
Serie A,37,Sun,2023-05-28,18:00,Lazio,1.9,3–2,0.6,Cremonese,64171,Stadio Olimpico,Antonio Giua,/en/matches/2fffba94/Lazio-Cremonese-May-28-2023-Serie-A,,ITA-SERIA_A,22-23
Serie A,37,Sun,2023-05-28,20:45,Juventus,0.9,0–1,0.5,Milan,40231,Allianz Stadium,Maurizio Mariani,/en/matches/18e89b55/Juventus-Milan-May-28-2023-Serie-A,,ITA-SERIA_A,22-23
Serie A,38,Fri,2023-06-02,20:30,Sassuolo,1.1,1–3,1.6,Fiorentina,12456,Mapei Stadium - Città del Tricolore,Matteo Marchetti,/en/matches/6292b87d/Sassuolo-Fiorentina-June-2-2023-Serie-A,,ITA-SERIA_A,22-23
Serie A,38,Sat,2023-06-03,18:30,Torino,1.1,0–1,1.0,Inter,24528,Stadio Olimpico di Torino,Michael Fabbri,/en/matches/0eb77679/Torino-Internazionale-June-3-2023-Serie-A,,ITA-SERIA_A,22-23
Serie A,38,Sat,2023-06-03,21:00,Cremonese,1.4,2–0,0.7,Salernitana,10308,Stadio Giovanni Zini,Daniele Perenzoni,/en/matches/29da29c1/Cremonese-Salernitana-June-3-2023-Serie-A,,ITA-SERIA_A,22-23
Serie A,38,Sat,2023-06-03,21:00,Empoli,0.2,0–2,1.6,Lazio,11545,Stadio Carlo Castellani,Luca Massimi,/en/matches/d0e9b4c5/Empoli-Lazio-June-3-2023-Serie-A,,ITA-SERIA_A,22-23
Serie A,38,Sun,2023-06-04,18:30,Napoli,2.0,2–0,0.6,Sampdoria,55000,Stadio Diego Armando Maradona,Ermanno Feliciani,/en/matches/971ace55/Napoli-Sampdoria-June-4-2023-Serie-A,,ITA-SERIA_A,22-23
Serie A,38,Sun,2023-06-04,21:00,Atalanta,4.0,5–2,1.2,Monza,19389,Gewiss Stadium,Marco Di Bello,/en/matches/08c664e0/Atalanta-Monza-June-4-2023-Serie-A,,ITA-SERIA_A,22-23
Serie A,38,Sun,2023-06-04,21:00,Milan,2.4,3–1,0.8,Hellas Verona,72102,Stadio Giuseppe Meazza,Paolo Valeri,/en/matches/0913fff4/Milan-Hellas-Verona-June-4-2023-Serie-A,,ITA-SERIA_A,22-23
Serie A,38,Sun,2023-06-04,21:00,Udinese,0.8,0–1,1.3,Juventus,23266,Dacia Arena,Marco Guida,/en/matches/45b97b33/Udinese-Juventus-June-4-2023-Serie-A,,ITA-SERIA_A,22-23
Serie A,38,Sun,2023-06-04,21:00,Lecce,1.4,2–3,1.1,Bologna,25816,Stadio Comunale Via Del Mare,Marco Piccinini,/en/matches/5fc0f97e/Lecce-Bologna-June-4-2023-Serie-A,,ITA-SERIA_A,22-23
Serie A,38,Sun,2023-06-04,21:00,Roma,2.2,2–1,1.0,Spezia,62242,Stadio Olimpico,Fabio Maresca,/en/matches/941a08b5/Roma-Spezia-June-4-2023-Serie-A,,ITA-SERIA_A,22-23
Relegation tie-breaker,,Sun,2023-06-11,20:45,Spezia,1.9,1–3,0.8,Hellas Verona,,Dacia Arena,Daniele Orsato,/en/matches/e0449015/Spezia-Hellas-Verona-June-11-2023-Serie-A,,ITA-SERIA_A,22-23
